company_id,company_name,facility_id,facility_name,country,sector,assumption_case,mechanism_case,mean_cost_treatment,risk_exposure_treatment,coverage_theta,screening_level_support_capex_share,screening_level_support_total_usd_2025,status_before,status_after,status_change_flag,transition_enabled_flag,trigger_factor,base_transition_capex_usd_2025,contract_covered_capex_usd_2025,baseline_operational_ghg_tco2e,potential_operational_abatement_tco2e,mechanism_operational_abatement_tco2e,additional_operational_abatement_vs_b0_tco2e,mechanism_transition_operational_ghg_tco2e,system_abatement_status,residual_common_factor_exposure_ratio,dominant_common_factor,production_coverage_ratio,emissions_coverage_note,value_type,quality_flag,source_id,formula_or_method,boundary_note
POSCO,POSCO,KR_POSCO_POHANG,Pohang Steelworks,Korea,steel,low,B0,unchanged,unchanged,0,0,0,contract-dependent,contract-dependent,no,no,hydrogen and clean electricity,12447810891.2,0,31430722.5,23573041.875,0,0,31430722.5,not_modelled; leakage and replacement production pending,1,hydrogen and clean electricity,NA,company ratio reported in company support table,Modelled,D,IEA_STEEL_BREAKTHROUGH_2025|NEDO_H2_STEEL_2026|POSCO_CLIMATE_2026|POSCO_ESG_2025,Status-transition rule by B0/BH/BL/BHL; abatement is counted only after a no-regret state; level support equals base CAPEX times estimated share; residual exposure equals 1-theta.,"Rule-based mechanism screen, not a completed cost-gap, contract-pricing or system-abatement result."
POSCO,POSCO,KR_POSCO_POHANG,Pohang Steelworks,Korea,steel,low,BH,unchanged,reduced; central cost level held unchanged,0.6,0,0,contract-dependent,no-regret,yes,yes,hydrogen and clean electricity,12447810891.2,7468686534.72,31430722.5,23573041.875,23573041.875,23573041.875,7857680.625,not_modelled; leakage and replacement production pending,0.4,hydrogen and clean electricity,NA,company ratio reported in company support table,Modelled,D,IEA_STEEL_BREAKTHROUGH_2025|NEDO_H2_STEEL_2026|POSCO_CLIMATE_2026|POSCO_ESG_2025,Status-transition rule by B0/BH/BL/BHL; abatement is counted only after a no-regret state; level support equals base CAPEX times estimated share; residual exposure equals 1-theta.,"Rule-based mechanism screen, not a completed cost-gap, contract-pricing or system-abatement result."
POSCO,POSCO,KR_POSCO_POHANG,Pohang Steelworks,Korea,steel,low,BL,screening capital-equivalent level support applied,unchanged,0,0,0,contract-dependent,contract-dependent,no,no,hydrogen and clean electricity,12447810891.2,0,31430722.5,23573041.875,0,0,31430722.5,not_modelled; leakage and replacement production pending,1,hydrogen and clean electricity,NA,company ratio reported in company support table,Modelled,D,IEA_STEEL_BREAKTHROUGH_2025|NEDO_H2_STEEL_2026|POSCO_CLIMATE_2026|POSCO_ESG_2025,Status-transition rule by B0/BH/BL/BHL; abatement is counted only after a no-regret state; level support equals base CAPEX times estimated share; residual exposure equals 1-theta.,"Rule-based mechanism screen, not a completed cost-gap, contract-pricing or system-abatement result."
POSCO,POSCO,KR_POSCO_POHANG,Pohang Steelworks,Korea,steel,low,BHL,screening capital-equivalent level support applied,reduced; central cost level held unchanged,0.6,0,0,contract-dependent,no-regret,yes,yes,hydrogen and clean electricity,12447810891.2,7468686534.72,31430722.5,23573041.875,23573041.875,23573041.875,7857680.625,not_modelled; leakage and replacement production pending,0.4,hydrogen and clean electricity,NA,company ratio reported in company support table,Modelled,D,IEA_STEEL_BREAKTHROUGH_2025|NEDO_H2_STEEL_2026|POSCO_CLIMATE_2026|POSCO_ESG_2025,Status-transition rule by B0/BH/BL/BHL; abatement is counted only after a no-regret state; level support equals base CAPEX times estimated share; residual exposure equals 1-theta.,"Rule-based mechanism screen, not a completed cost-gap, contract-pricing or system-abatement result."
POSCO,POSCO,KR_POSCO_GWANGYANG,Gwangyang Steelworks,Korea,steel,low,B0,unchanged,unchanged,0,0,0,price-conditional,price-conditional,no,no,scrap and electricity,5705246658.3,0,38415327.5,28811495.625,0,0,38415327.5,not_modelled; leakage and replacement production pending,1,scrap and electricity,NA,company ratio reported in company support table,Modelled,D,POSCO_CLIMATE_2026|POSCO_ESG_2025,Status-transition rule by B0/BH/BL/BHL; abatement is counted only after a no-regret state; level support equals base CAPEX times estimated share; residual exposure equals 1-theta.,"Rule-based mechanism screen, not a completed cost-gap, contract-pricing or system-abatement result."
POSCO,POSCO,KR_POSCO_GWANGYANG,Gwangyang Steelworks,Korea,steel,low,BH,unchanged,reduced; central cost level held unchanged,0.5,0,0,price-conditional,no-regret,yes,yes,scrap and electricity,5705246658.3,2852623329.15,38415327.5,28811495.625,28811495.625,28811495.625,9603831.875,not_modelled; leakage and replacement production pending,0.5,scrap and electricity,NA,company ratio reported in company support table,Modelled,D,POSCO_CLIMATE_2026|POSCO_ESG_2025,Status-transition rule by B0/BH/BL/BHL; abatement is counted only after a no-regret state; level support equals base CAPEX times estimated share; residual exposure equals 1-theta.,"Rule-based mechanism screen, not a completed cost-gap, contract-pricing or system-abatement result."
POSCO,POSCO,KR_POSCO_GWANGYANG,Gwangyang Steelworks,Korea,steel,low,BL,screening capital-equivalent level support applied,unchanged,0,0,0,price-conditional,price-conditional,no,no,scrap and electricity,5705246658.3,0,38415327.5,28811495.625,0,0,38415327.5,not_modelled; leakage and replacement production pending,1,scrap and electricity,NA,company ratio reported in company support table,Modelled,D,POSCO_CLIMATE_2026|POSCO_ESG_2025,Status-transition rule by B0/BH/BL/BHL; abatement is counted only after a no-regret state; level support equals base CAPEX times estimated share; residual exposure equals 1-theta.,"Rule-based mechanism screen, not a completed cost-gap, contract-pricing or system-abatement result."
POSCO,POSCO,KR_POSCO_GWANGYANG,Gwangyang Steelworks,Korea,steel,low,BHL,screening capital-equivalent level support applied,reduced; central cost level held unchanged,0.5,0,0,price-conditional,no-regret,yes,yes,scrap and electricity,5705246658.3,2852623329.15,38415327.5,28811495.625,28811495.625,28811495.625,9603831.875,not_modelled; leakage and replacement production pending,0.5,scrap and electricity,NA,company ratio reported in company support table,Modelled,D,POSCO_CLIMATE_2026|POSCO_ESG_2025,Status-transition rule by B0/BH/BL/BHL; abatement is counted only after a no-regret state; level support equals base CAPEX times estimated share; residual exposure equals 1-theta.,"Rule-based mechanism screen, not a completed cost-gap, contract-pricing or system-abatement result."
NIPPON_STEEL,Nippon Steel Corporation,JP_NSC_MURORAN,North Nippon Works Muroran Area,Japan,steel,low,B0,unchanged,unchanged,0,0,0,contract-dependent,contract-dependent,no,no,hydrogen and clean electricity,992000000,0,2808948.394,2106711.2955,0,0,2808948.394,not_modelled; leakage and replacement production pending,1,hydrogen and clean electricity,NA,company ratio reported in company support table,Modelled,D,IEA_STEEL_BREAKTHROUGH_2025|NEDO_H2_STEEL_2026|NSC_DB_2025,Status-transition rule by B0/BH/BL/BHL; abatement is counted only after a no-regret state; level support equals base CAPEX times estimated share; residual exposure equals 1-theta.,"Rule-based mechanism screen, not a completed cost-gap, contract-pricing or system-abatement result."
NIPPON_STEEL,Nippon Steel Corporation,JP_NSC_MURORAN,North Nippon Works Muroran Area,Japan,steel,low,BH,unchanged,reduced; central cost level held unchanged,0.6,0,0,contract-dependent,no-regret,yes,yes,hydrogen and clean electricity,992000000,595200000,2808948.394,2106711.2955,2106711.2955,2106711.2955,702237.0985,not_modelled; leakage and replacement production pending,0.4,hydrogen and clean electricity,NA,company ratio reported in company support table,Modelled,D,IEA_STEEL_BREAKTHROUGH_2025|NEDO_H2_STEEL_2026|NSC_DB_2025,Status-transition rule by B0/BH/BL/BHL; abatement is counted only after a no-regret state; level support equals base CAPEX times estimated share; residual exposure equals 1-theta.,"Rule-based mechanism screen, not a completed cost-gap, contract-pricing or system-abatement result."
NIPPON_STEEL,Nippon Steel Corporation,JP_NSC_MURORAN,North Nippon Works Muroran Area,Japan,steel,low,BL,screening capital-equivalent level support applied,unchanged,0,0,0,contract-dependent,contract-dependent,no,no,hydrogen and clean electricity,992000000,0,2808948.394,2106711.2955,0,0,2808948.394,not_modelled; leakage and replacement production pending,1,hydrogen and clean electricity,NA,company ratio reported in company support table,Modelled,D,IEA_STEEL_BREAKTHROUGH_2025|NEDO_H2_STEEL_2026|NSC_DB_2025,Status-transition rule by B0/BH/BL/BHL; abatement is counted only after a no-regret state; level support equals base CAPEX times estimated share; residual exposure equals 1-theta.,"Rule-based mechanism screen, not a completed cost-gap, contract-pricing or system-abatement result."
NIPPON_STEEL,Nippon Steel Corporation,JP_NSC_MURORAN,North Nippon Works Muroran Area,Japan,steel,low,BHL,screening capital-equivalent level support applied,reduced; central cost level held unchanged,0.6,0,0,contract-dependent,no-regret,yes,yes,hydrogen and clean electricity,992000000,595200000,2808948.394,2106711.2955,2106711.2955,2106711.2955,702237.0985,not_modelled; leakage and replacement production pending,0.4,hydrogen and clean electricity,NA,company ratio reported in company support table,Modelled,D,IEA_STEEL_BREAKTHROUGH_2025|NEDO_H2_STEEL_2026|NSC_DB_2025,Status-transition rule by B0/BH/BL/BHL; abatement is counted only after a no-regret state; level support equals base CAPEX times estimated share; residual exposure equals 1-theta.,"Rule-based mechanism screen, not a completed cost-gap, contract-pricing or system-abatement result."
NIPPON_STEEL,Nippon Steel Corporation,JP_NSC_KASHIMA,East Nippon Works Kashima Area,Japan,steel,low,B0,unchanged,unchanged,0,0,0,contract-dependent,contract-dependent,no,no,hydrogen and clean electricity,4872000000,0,13795561.067,10346670.80025,0,0,13795561.067,not_modelled; leakage and replacement production pending,1,hydrogen and clean electricity,NA,company ratio reported in company support table,Modelled,D,IEA_STEEL_BREAKTHROUGH_2025|NEDO_H2_STEEL_2026|NSC_DB_2025,Status-transition rule by B0/BH/BL/BHL; abatement is counted only after a no-regret state; level support equals base CAPEX times estimated share; residual exposure equals 1-theta.,"Rule-based mechanism screen, not a completed cost-gap, contract-pricing or system-abatement result."
NIPPON_STEEL,Nippon Steel Corporation,JP_NSC_KASHIMA,East Nippon Works Kashima Area,Japan,steel,low,BH,unchanged,reduced; central cost level held unchanged,0.6,0,0,contract-dependent,no-regret,yes,yes,hydrogen and clean electricity,4872000000,2923200000,13795561.067,10346670.80025,10346670.80025,10346670.80025,3448890.26675,not_modelled; leakage and replacement production pending,0.4,hydrogen and clean electricity,NA,company ratio reported in company support table,Modelled,D,IEA_STEEL_BREAKTHROUGH_2025|NEDO_H2_STEEL_2026|NSC_DB_2025,Status-transition rule by B0/BH/BL/BHL; abatement is counted only after a no-regret state; level support equals base CAPEX times estimated share; residual exposure equals 1-theta.,"Rule-based mechanism screen, not a completed cost-gap, contract-pricing or system-abatement result."
NIPPON_STEEL,Nippon Steel Corporation,JP_NSC_KASHIMA,East Nippon Works Kashima Area,Japan,steel,low,BL,screening capital-equivalent level support applied,unchanged,0,0,0,contract-dependent,contract-dependent,no,no,hydrogen and clean electricity,4872000000,0,13795561.067,10346670.80025,0,0,13795561.067,not_modelled; leakage and replacement production pending,1,hydrogen and clean electricity,NA,company ratio reported in company support table,Modelled,D,IEA_STEEL_BREAKTHROUGH_2025|NEDO_H2_STEEL_2026|NSC_DB_2025,Status-transition rule by B0/BH/BL/BHL; abatement is counted only after a no-regret state; level support equals base CAPEX times estimated share; residual exposure equals 1-theta.,"Rule-based mechanism screen, not a completed cost-gap, contract-pricing or system-abatement result."
NIPPON_STEEL,Nippon Steel Corporation,JP_NSC_KASHIMA,East Nippon Works Kashima Area,Japan,steel,low,BHL,screening capital-equivalent level support applied,reduced; central cost level held unchanged,0.6,0,0,contract-dependent,no-regret,yes,yes,hydrogen and clean electricity,4872000000,2923200000,13795561.067,10346670.80025,10346670.80025,10346670.80025,3448890.26675,not_modelled; leakage and replacement production pending,0.4,hydrogen and clean electricity,NA,company ratio reported in company support table,Modelled,D,IEA_STEEL_BREAKTHROUGH_2025|NEDO_H2_STEEL_2026|NSC_DB_2025,Status-transition rule by B0/BH/BL/BHL; abatement is counted only after a no-regret state; level support equals base CAPEX times estimated share; residual exposure equals 1-theta.,"Rule-based mechanism screen, not a completed cost-gap, contract-pricing or system-abatement result."
NIPPON_STEEL,Nippon Steel Corporation,JP_NSC_KIMITSU,East Nippon Works Kimitsu Area,Japan,steel,low,B0,unchanged,unchanged,0,0,0,contract-dependent,contract-dependent,no,no,hydrogen and clean electricity,5280000000,0,14950854.358,11213140.7685,0,0,14950854.358,not_modelled; leakage and replacement production pending,1,hydrogen and clean electricity,NA,company ratio reported in company support table,Modelled,D,IEA_STEEL_BREAKTHROUGH_2025|NEDO_H2_STEEL_2026|NSC_DB_2025,Status-transition rule by B0/BH/BL/BHL; abatement is counted only after a no-regret state; level support equals base CAPEX times estimated share; residual exposure equals 1-theta.,"Rule-based mechanism screen, not a completed cost-gap, contract-pricing or system-abatement result."
NIPPON_STEEL,Nippon Steel Corporation,JP_NSC_KIMITSU,East Nippon Works Kimitsu Area,Japan,steel,low,BH,unchanged,reduced; central cost level held unchanged,0.6,0,0,contract-dependent,no-regret,yes,yes,hydrogen and clean electricity,5280000000,3168000000,14950854.358,11213140.7685,11213140.7685,11213140.7685,3737713.5895,not_modelled; leakage and replacement production pending,0.4,hydrogen and clean electricity,NA,company ratio reported in company support table,Modelled,D,IEA_STEEL_BREAKTHROUGH_2025|NEDO_H2_STEEL_2026|NSC_DB_2025,Status-transition rule by B0/BH/BL/BHL; abatement is counted only after a no-regret state; level support equals base CAPEX times estimated share; residual exposure equals 1-theta.,"Rule-based mechanism screen, not a completed cost-gap, contract-pricing or system-abatement result."
NIPPON_STEEL,Nippon Steel Corporation,JP_NSC_KIMITSU,East Nippon Works Kimitsu Area,Japan,steel,low,BL,screening capital-equivalent level support applied,unchanged,0,0,0,contract-dependent,contract-dependent,no,no,hydrogen and clean electricity,5280000000,0,14950854.358,11213140.7685,0,0,14950854.358,not_modelled; leakage and replacement production pending,1,hydrogen and clean electricity,NA,company ratio reported in company support table,Modelled,D,IEA_STEEL_BREAKTHROUGH_2025|NEDO_H2_STEEL_2026|NSC_DB_2025,Status-transition rule by B0/BH/BL/BHL; abatement is counted only after a no-regret state; level support equals base CAPEX times estimated share; residual exposure equals 1-theta.,"Rule-based mechanism screen, not a completed cost-gap, contract-pricing or system-abatement result."
NIPPON_STEEL,Nippon Steel Corporation,JP_NSC_KIMITSU,East Nippon Works Kimitsu Area,Japan,steel,low,BHL,screening capital-equivalent level support applied,reduced; central cost level held unchanged,0.6,0,0,contract-dependent,no-regret,yes,yes,hydrogen and clean electricity,5280000000,3168000000,14950854.358,11213140.7685,11213140.7685,11213140.7685,3737713.5895,not_modelled; leakage and replacement production pending,0.4,hydrogen and clean electricity,NA,company ratio reported in company support table,Modelled,D,IEA_STEEL_BREAKTHROUGH_2025|NEDO_H2_STEEL_2026|NSC_DB_2025,Status-transition rule by B0/BH/BL/BHL; abatement is counted only after a no-regret state; level support equals base CAPEX times estimated share; residual exposure equals 1-theta.,"Rule-based mechanism screen, not a completed cost-gap, contract-pricing or system-abatement result."
NIPPON_STEEL,Nippon Steel Corporation,JP_NSC_NAGOYA,Nagoya Works,Japan,steel,low,B0,unchanged,unchanged,0,0,0,contract-dependent,contract-dependent,no,no,hydrogen and clean electricity,4376000000,0,12391086.869,9293315.15175,0,0,12391086.869,not_modelled; leakage and replacement production pending,1,hydrogen and clean electricity,NA,company ratio reported in company support table,Modelled,D,IEA_STEEL_BREAKTHROUGH_2025|NEDO_H2_STEEL_2026|NSC_DB_2025,Status-transition rule by B0/BH/BL/BHL; abatement is counted only after a no-regret state; level support equals base CAPEX times estimated share; residual exposure equals 1-theta.,"Rule-based mechanism screen, not a completed cost-gap, contract-pricing or system-abatement result."
NIPPON_STEEL,Nippon Steel Corporation,JP_NSC_NAGOYA,Nagoya Works,Japan,steel,low,BH,unchanged,reduced; central cost level held unchanged,0.6,0,0,contract-dependent,no-regret,yes,yes,hydrogen and clean electricity,4376000000,2625600000,12391086.869,9293315.15175,9293315.15175,9293315.15175,3097771.71725,not_modelled; leakage and replacement production pending,0.4,hydrogen and clean electricity,NA,company ratio reported in company support table,Modelled,D,IEA_STEEL_BREAKTHROUGH_2025|NEDO_H2_STEEL_2026|NSC_DB_2025,Status-transition rule by B0/BH/BL/BHL; abatement is counted only after a no-regret state; level support equals base CAPEX times estimated share; residual exposure equals 1-theta.,"Rule-based mechanism screen, not a completed cost-gap, contract-pricing or system-abatement result."
NIPPON_STEEL,Nippon Steel Corporation,JP_NSC_NAGOYA,Nagoya Works,Japan,steel,low,BL,screening capital-equivalent level support applied,unchanged,0,0,0,contract-dependent,contract-dependent,no,no,hydrogen and clean electricity,4376000000,0,12391086.869,9293315.15175,0,0,12391086.869,not_modelled; leakage and replacement production pending,1,hydrogen and clean electricity,NA,company ratio reported in company support table,Modelled,D,IEA_STEEL_BREAKTHROUGH_2025|NEDO_H2_STEEL_2026|NSC_DB_2025,Status-transition rule by B0/BH/BL/BHL; abatement is counted only after a no-regret state; level support equals base CAPEX times estimated share; residual exposure equals 1-theta.,"Rule-based mechanism screen, not a completed cost-gap, contract-pricing or system-abatement result."
NIPPON_STEEL,Nippon Steel Corporation,JP_NSC_NAGOYA,Nagoya Works,Japan,steel,low,BHL,screening capital-equivalent level support applied,reduced; central cost level held unchanged,0.6,0,0,contract-dependent,no-regret,yes,yes,hydrogen and clean electricity,4376000000,2625600000,12391086.869,9293315.15175,9293315.15175,9293315.15175,3097771.71725,not_modelled; leakage and replacement production pending,0.4,hydrogen and clean electricity,NA,company ratio reported in company support table,Modelled,D,IEA_STEEL_BREAKTHROUGH_2025|NEDO_H2_STEEL_2026|NSC_DB_2025,Status-transition rule by B0/BH/BL/BHL; abatement is counted only after a no-regret state; level support equals base CAPEX times estimated share; residual exposure equals 1-theta.,"Rule-based mechanism screen, not a completed cost-gap, contract-pricing or system-abatement result."
NIPPON_STEEL,Nippon Steel Corporation,JP_NSC_WAKAYAMA,Kansai Works Wakayama Area,Japan,steel,low,B0,unchanged,unchanged,0,0,0,contract-dependent,contract-dependent,no,no,hydrogen and clean electricity,1744000000,0,4938312.5,3703734.375,0,0,4938312.5,not_modelled; leakage and replacement production pending,1,hydrogen and clean electricity,NA,company ratio reported in company support table,Modelled,D,IEA_STEEL_BREAKTHROUGH_2025|NEDO_H2_STEEL_2026|NSC_DB_2025,Status-transition rule by B0/BH/BL/BHL; abatement is counted only after a no-regret state; level support equals base CAPEX times estimated share; residual exposure equals 1-theta.,"Rule-based mechanism screen, not a completed cost-gap, contract-pricing or system-abatement result."
NIPPON_STEEL,Nippon Steel Corporation,JP_NSC_WAKAYAMA,Kansai Works Wakayama Area,Japan,steel,low,BH,unchanged,reduced; central cost level held unchanged,0.6,0,0,contract-dependent,no-regret,yes,yes,hydrogen and clean electricity,1744000000,1046400000,4938312.5,3703734.375,3703734.375,3703734.375,1234578.125,not_modelled; leakage and replacement production pending,0.4,hydrogen and clean electricity,NA,company ratio reported in company support table,Modelled,D,IEA_STEEL_BREAKTHROUGH_2025|NEDO_H2_STEEL_2026|NSC_DB_2025,Status-transition rule by B0/BH/BL/BHL; abatement is counted only after a no-regret state; level support equals base CAPEX times estimated share; residual exposure equals 1-theta.,"Rule-based mechanism screen, not a completed cost-gap, contract-pricing or system-abatement result."
NIPPON_STEEL,Nippon Steel Corporation,JP_NSC_WAKAYAMA,Kansai Works Wakayama Area,Japan,steel,low,BL,screening capital-equivalent level support applied,unchanged,0,0,0,contract-dependent,contract-dependent,no,no,hydrogen and clean electricity,1744000000,0,4938312.5,3703734.375,0,0,4938312.5,not_modelled; leakage and replacement production pending,1,hydrogen and clean electricity,NA,company ratio reported in company support table,Modelled,D,IEA_STEEL_BREAKTHROUGH_2025|NEDO_H2_STEEL_2026|NSC_DB_2025,Status-transition rule by B0/BH/BL/BHL; abatement is counted only after a no-regret state; level support equals base CAPEX times estimated share; residual exposure equals 1-theta.,"Rule-based mechanism screen, not a completed cost-gap, contract-pricing or system-abatement result."
NIPPON_STEEL,Nippon Steel Corporation,JP_NSC_WAKAYAMA,Kansai Works Wakayama Area,Japan,steel,low,BHL,screening capital-equivalent level support applied,reduced; central cost level held unchanged,0.6,0,0,contract-dependent,no-regret,yes,yes,hydrogen and clean electricity,1744000000,1046400000,4938312.5,3703734.375,3703734.375,3703734.375,1234578.125,not_modelled; leakage and replacement production pending,0.4,hydrogen and clean electricity,NA,company ratio reported in company support table,Modelled,D,IEA_STEEL_BREAKTHROUGH_2025|NEDO_H2_STEEL_2026|NSC_DB_2025,Status-transition rule by B0/BH/BL/BHL; abatement is counted only after a no-regret state; level support equals base CAPEX times estimated share; residual exposure equals 1-theta.,"Rule-based mechanism screen, not a completed cost-gap, contract-pricing or system-abatement result."
NIPPON_STEEL,Nippon Steel Corporation,JP_NSC_OSAKA,Kansai Works Osaka Area,Japan,steel,low,B0,unchanged,unchanged,0,0,0,price-conditional,price-conditional,no,no,electricity,1500000,0,67958.429,6795.8429,0,0,67958.429,not_modelled; leakage and replacement production pending,1,electricity,NA,company ratio reported in company support table,Modelled,D,NSC_DB_2025|POSCO_CLIMATE_2026,Status-transition rule by B0/BH/BL/BHL; abatement is counted only after a no-regret state; level support equals base CAPEX times estimated share; residual exposure equals 1-theta.,"Rule-based mechanism screen, not a completed cost-gap, contract-pricing or system-abatement result."
NIPPON_STEEL,Nippon Steel Corporation,JP_NSC_OSAKA,Kansai Works Osaka Area,Japan,steel,low,BH,unchanged,reduced; central cost level held unchanged,0.5,0,0,price-conditional,no-regret,yes,yes,electricity,1500000,750000,67958.429,6795.8429,6795.8429,6795.8429,61162.5861,not_modelled; leakage and replacement production pending,0.5,electricity,NA,company ratio reported in company support table,Modelled,D,NSC_DB_2025|POSCO_CLIMATE_2026,Status-transition rule by B0/BH/BL/BHL; abatement is counted only after a no-regret state; level support equals base CAPEX times estimated share; residual exposure equals 1-theta.,"Rule-based mechanism screen, not a completed cost-gap, contract-pricing or system-abatement result."
NIPPON_STEEL,Nippon Steel Corporation,JP_NSC_OSAKA,Kansai Works Osaka Area,Japan,steel,low,BL,screening capital-equivalent level support applied,unchanged,0,0,0,price-conditional,price-conditional,no,no,electricity,1500000,0,67958.429,6795.8429,0,0,67958.429,not_modelled; leakage and replacement production pending,1,electricity,NA,company ratio reported in company support table,Modelled,D,NSC_DB_2025|POSCO_CLIMATE_2026,Status-transition rule by B0/BH/BL/BHL; abatement is counted only after a no-regret state; level support equals base CAPEX times estimated share; residual exposure equals 1-theta.,"Rule-based mechanism screen, not a completed cost-gap, contract-pricing or system-abatement result."
NIPPON_STEEL,Nippon Steel Corporation,JP_NSC_OSAKA,Kansai Works Osaka Area,Japan,steel,low,BHL,screening capital-equivalent level support applied,reduced; central cost level held unchanged,0.5,0,0,price-conditional,no-regret,yes,yes,electricity,1500000,750000,67958.429,6795.8429,6795.8429,6795.8429,61162.5861,not_modelled; leakage and replacement production pending,0.5,electricity,NA,company ratio reported in company support table,Modelled,D,NSC_DB_2025|POSCO_CLIMATE_2026,Status-transition rule by B0/BH/BL/BHL; abatement is counted only after a no-regret state; level support equals base CAPEX times estimated share; residual exposure equals 1-theta.,"Rule-based mechanism screen, not a completed cost-gap, contract-pricing or system-abatement result."
NIPPON_STEEL,Nippon Steel Corporation,JP_NSC_HIROHATA,Setouchi Works Hirohata Area,Japan,steel,low,B0,unchanged,unchanged,0,0,0,price-conditional,price-conditional,no,no,electricity,30500000,0,1381821.388,138182.1388,0,0,1381821.388,not_modelled; leakage and replacement production pending,1,electricity,NA,company ratio reported in company support table,Modelled,D,NSC_DB_2025|POSCO_CLIMATE_2026,Status-transition rule by B0/BH/BL/BHL; abatement is counted only after a no-regret state; level support equals base CAPEX times estimated share; residual exposure equals 1-theta.,"Rule-based mechanism screen, not a completed cost-gap, contract-pricing or system-abatement result."
NIPPON_STEEL,Nippon Steel Corporation,JP_NSC_HIROHATA,Setouchi Works Hirohata Area,Japan,steel,low,BH,unchanged,reduced; central cost level held unchanged,0.5,0,0,price-conditional,no-regret,yes,yes,electricity,30500000,15250000,1381821.388,138182.1388,138182.1388,138182.1388,1243639.2492,not_modelled; leakage and replacement production pending,0.5,electricity,NA,company ratio reported in company support table,Modelled,D,NSC_DB_2025|POSCO_CLIMATE_2026,Status-transition rule by B0/BH/BL/BHL; abatement is counted only after a no-regret state; level support equals base CAPEX times estimated share; residual exposure equals 1-theta.,"Rule-based mechanism screen, not a completed cost-gap, contract-pricing or system-abatement result."
NIPPON_STEEL,Nippon Steel Corporation,JP_NSC_HIROHATA,Setouchi Works Hirohata Area,Japan,steel,low,BL,screening capital-equivalent level support applied,unchanged,0,0,0,price-conditional,price-conditional,no,no,electricity,30500000,0,1381821.388,138182.1388,0,0,1381821.388,not_modelled; leakage and replacement production pending,1,electricity,NA,company ratio reported in company support table,Modelled,D,NSC_DB_2025|POSCO_CLIMATE_2026,Status-transition rule by B0/BH/BL/BHL; abatement is counted only after a no-regret state; level support equals base CAPEX times estimated share; residual exposure equals 1-theta.,"Rule-based mechanism screen, not a completed cost-gap, contract-pricing or system-abatement result."
NIPPON_STEEL,Nippon Steel Corporation,JP_NSC_HIROHATA,Setouchi Works Hirohata Area,Japan,steel,low,BHL,screening capital-equivalent level support applied,reduced; central cost level held unchanged,0.5,0,0,price-conditional,no-regret,yes,yes,electricity,30500000,15250000,1381821.388,138182.1388,138182.1388,138182.1388,1243639.2492,not_modelled; leakage and replacement production pending,0.5,electricity,NA,company ratio reported in company support table,Modelled,D,NSC_DB_2025|POSCO_CLIMATE_2026,Status-transition rule by B0/BH/BL/BHL; abatement is counted only after a no-regret state; level support equals base CAPEX times estimated share; residual exposure equals 1-theta.,"Rule-based mechanism screen, not a completed cost-gap, contract-pricing or system-abatement result."
NIPPON_STEEL,Nippon Steel Corporation,JP_NSC_HIKARI,Setouchi Works Yamaguchi Hikari Area,Japan,steel,low,B0,unchanged,unchanged,0,0,0,price-conditional,price-conditional,no,no,electricity,20500000,0,928765.195,92876.5195,0,0,928765.195,not_modelled; leakage and replacement production pending,1,electricity,NA,company ratio reported in company support table,Modelled,D,NSC_DB_2025|POSCO_CLIMATE_2026,Status-transition rule by B0/BH/BL/BHL; abatement is counted only after a no-regret state; level support equals base CAPEX times estimated share; residual exposure equals 1-theta.,"Rule-based mechanism screen, not a completed cost-gap, contract-pricing or system-abatement result."
NIPPON_STEEL,Nippon Steel Corporation,JP_NSC_HIKARI,Setouchi Works Yamaguchi Hikari Area,Japan,steel,low,BH,unchanged,reduced; central cost level held unchanged,0.5,0,0,price-conditional,no-regret,yes,yes,electricity,20500000,10250000,928765.195,92876.5195,92876.5195,92876.5195,835888.6755,not_modelled; leakage and replacement production pending,0.5,electricity,NA,company ratio reported in company support table,Modelled,D,NSC_DB_2025|POSCO_CLIMATE_2026,Status-transition rule by B0/BH/BL/BHL; abatement is counted only after a no-regret state; level support equals base CAPEX times estimated share; residual exposure equals 1-theta.,"Rule-based mechanism screen, not a completed cost-gap, contract-pricing or system-abatement result."
NIPPON_STEEL,Nippon Steel Corporation,JP_NSC_HIKARI,Setouchi Works Yamaguchi Hikari Area,Japan,steel,low,BL,screening capital-equivalent level support applied,unchanged,0,0,0,price-conditional,price-conditional,no,no,electricity,20500000,0,928765.195,92876.5195,0,0,928765.195,not_modelled; leakage and replacement production pending,1,electricity,NA,company ratio reported in company support table,Modelled,D,NSC_DB_2025|POSCO_CLIMATE_2026,Status-transition rule by B0/BH/BL/BHL; abatement is counted only after a no-regret state; level support equals base CAPEX times estimated share; residual exposure equals 1-theta.,"Rule-based mechanism screen, not a completed cost-gap, contract-pricing or system-abatement result."
NIPPON_STEEL,Nippon Steel Corporation,JP_NSC_HIKARI,Setouchi Works Yamaguchi Hikari Area,Japan,steel,low,BHL,screening capital-equivalent level support applied,reduced; central cost level held unchanged,0.5,0,0,price-conditional,no-regret,yes,yes,electricity,20500000,10250000,928765.195,92876.5195,92876.5195,92876.5195,835888.6755,not_modelled; leakage and replacement production pending,0.5,electricity,NA,company ratio reported in company support table,Modelled,D,NSC_DB_2025|POSCO_CLIMATE_2026,Status-transition rule by B0/BH/BL/BHL; abatement is counted only after a no-regret state; level support equals base CAPEX times estimated share; residual exposure equals 1-theta.,"Rule-based mechanism screen, not a completed cost-gap, contract-pricing or system-abatement result."
NIPPON_STEEL,Nippon Steel Corporation,JP_NSC_SHUNAN,Setouchi Works Yamaguchi Shunan Area,Japan,steel,low,B0,unchanged,unchanged,0,0,0,price-conditional,price-conditional,no,no,electricity,10000000,0,453056.193,45305.6193,0,0,453056.193,not_modelled; leakage and replacement production pending,1,electricity,NA,company ratio reported in company support table,Modelled,D,NSC_DB_2025|POSCO_CLIMATE_2026,Status-transition rule by B0/BH/BL/BHL; abatement is counted only after a no-regret state; level support equals base CAPEX times estimated share; residual exposure equals 1-theta.,"Rule-based mechanism screen, not a completed cost-gap, contract-pricing or system-abatement result."
NIPPON_STEEL,Nippon Steel Corporation,JP_NSC_SHUNAN,Setouchi Works Yamaguchi Shunan Area,Japan,steel,low,BH,unchanged,reduced; central cost level held unchanged,0.5,0,0,price-conditional,no-regret,yes,yes,electricity,10000000,5000000,453056.193,45305.6193,45305.6193,45305.6193,407750.5737,not_modelled; leakage and replacement production pending,0.5,electricity,NA,company ratio reported in company support table,Modelled,D,NSC_DB_2025|POSCO_CLIMATE_2026,Status-transition rule by B0/BH/BL/BHL; abatement is counted only after a no-regret state; level support equals base CAPEX times estimated share; residual exposure equals 1-theta.,"Rule-based mechanism screen, not a completed cost-gap, contract-pricing or system-abatement result."
NIPPON_STEEL,Nippon Steel Corporation,JP_NSC_SHUNAN,Setouchi Works Yamaguchi Shunan Area,Japan,steel,low,BL,screening capital-equivalent level support applied,unchanged,0,0,0,price-conditional,price-conditional,no,no,electricity,10000000,0,453056.193,45305.6193,0,0,453056.193,not_modelled; leakage and replacement production pending,1,electricity,NA,company ratio reported in company support table,Modelled,D,NSC_DB_2025|POSCO_CLIMATE_2026,Status-transition rule by B0/BH/BL/BHL; abatement is counted only after a no-regret state; level support equals base CAPEX times estimated share; residual exposure equals 1-theta.,"Rule-based mechanism screen, not a completed cost-gap, contract-pricing or system-abatement result."
NIPPON_STEEL,Nippon Steel Corporation,JP_NSC_SHUNAN,Setouchi Works Yamaguchi Shunan Area,Japan,steel,low,BHL,screening capital-equivalent level support applied,reduced; central cost level held unchanged,0.5,0,0,price-conditional,no-regret,yes,yes,electricity,10000000,5000000,453056.193,45305.6193,45305.6193,45305.6193,407750.5737,not_modelled; leakage and replacement production pending,0.5,electricity,NA,company ratio reported in company support table,Modelled,D,NSC_DB_2025|POSCO_CLIMATE_2026,Status-transition rule by B0/BH/BL/BHL; abatement is counted only after a no-regret state; level support equals base CAPEX times estimated share; residual exposure equals 1-theta.,"Rule-based mechanism screen, not a completed cost-gap, contract-pricing or system-abatement result."
NIPPON_STEEL,Nippon Steel Corporation,JP_NSC_YAWATA,Kyushu Works Yawata Area,Japan,steel,low,B0,unchanged,unchanged,0,0,0,contract-dependent,contract-dependent,no,no,hydrogen and clean electricity,2960000000,0,8381539.564,6286154.673,0,0,8381539.564,not_modelled; leakage and replacement production pending,1,hydrogen and clean electricity,NA,company ratio reported in company support table,Modelled,D,IEA_STEEL_BREAKTHROUGH_2025|NEDO_H2_STEEL_2026|NSC_DB_2025,Status-transition rule by B0/BH/BL/BHL; abatement is counted only after a no-regret state; level support equals base CAPEX times estimated share; residual exposure equals 1-theta.,"Rule-based mechanism screen, not a completed cost-gap, contract-pricing or system-abatement result."
NIPPON_STEEL,Nippon Steel Corporation,JP_NSC_YAWATA,Kyushu Works Yawata Area,Japan,steel,low,BH,unchanged,reduced; central cost level held unchanged,0.6,0,0,contract-dependent,no-regret,yes,yes,hydrogen and clean electricity,2960000000,1776000000,8381539.564,6286154.673,6286154.673,6286154.673,2095384.891,not_modelled; leakage and replacement production pending,0.4,hydrogen and clean electricity,NA,company ratio reported in company support table,Modelled,D,IEA_STEEL_BREAKTHROUGH_2025|NEDO_H2_STEEL_2026|NSC_DB_2025,Status-transition rule by B0/BH/BL/BHL; abatement is counted only after a no-regret state; level support equals base CAPEX times estimated share; residual exposure equals 1-theta.,"Rule-based mechanism screen, not a completed cost-gap, contract-pricing or system-abatement result."
NIPPON_STEEL,Nippon Steel Corporation,JP_NSC_YAWATA,Kyushu Works Yawata Area,Japan,steel,low,BL,screening capital-equivalent level support applied,unchanged,0,0,0,contract-dependent,contract-dependent,no,no,hydrogen and clean electricity,2960000000,0,8381539.564,6286154.673,0,0,8381539.564,not_modelled; leakage and replacement production pending,1,hydrogen and clean electricity,NA,company ratio reported in company support table,Modelled,D,IEA_STEEL_BREAKTHROUGH_2025|NEDO_H2_STEEL_2026|NSC_DB_2025,Status-transition rule by B0/BH/BL/BHL; abatement is counted only after a no-regret state; level support equals base CAPEX times estimated share; residual exposure equals 1-theta.,"Rule-based mechanism screen, not a completed cost-gap, contract-pricing or system-abatement result."
NIPPON_STEEL,Nippon Steel Corporation,JP_NSC_YAWATA,Kyushu Works Yawata Area,Japan,steel,low,BHL,screening capital-equivalent level support applied,reduced; central cost level held unchanged,0.6,0,0,contract-dependent,no-regret,yes,yes,hydrogen and clean electricity,2960000000,1776000000,8381539.564,6286154.673,6286154.673,6286154.673,2095384.891,not_modelled; leakage and replacement production pending,0.4,hydrogen and clean electricity,NA,company ratio reported in company support table,Modelled,D,IEA_STEEL_BREAKTHROUGH_2025|NEDO_H2_STEEL_2026|NSC_DB_2025,Status-transition rule by B0/BH/BL/BHL; abatement is counted only after a no-regret state; level support equals base CAPEX times estimated share; residual exposure equals 1-theta.,"Rule-based mechanism screen, not a completed cost-gap, contract-pricing or system-abatement result."
NIPPON_STEEL,Nippon Steel Corporation,JP_NSC_OITA,Kyushu Works Oita Area,Japan,steel,low,B0,unchanged,unchanged,0,0,0,contract-dependent,contract-dependent,no,no,hydrogen and clean electricity,6680000000,0,18915096.044,14186322.033,0,0,18915096.044,not_modelled; leakage and replacement production pending,1,hydrogen and clean electricity,NA,company ratio reported in company support table,Modelled,D,IEA_STEEL_BREAKTHROUGH_2025|NEDO_H2_STEEL_2026|NSC_DB_2025,Status-transition rule by B0/BH/BL/BHL; abatement is counted only after a no-regret state; level support equals base CAPEX times estimated share; residual exposure equals 1-theta.,"Rule-based mechanism screen, not a completed cost-gap, contract-pricing or system-abatement result."
NIPPON_STEEL,Nippon Steel Corporation,JP_NSC_OITA,Kyushu Works Oita Area,Japan,steel,low,BH,unchanged,reduced; central cost level held unchanged,0.6,0,0,contract-dependent,no-regret,yes,yes,hydrogen and clean electricity,6680000000,4008000000,18915096.044,14186322.033,14186322.033,14186322.033,4728774.011,not_modelled; leakage and replacement production pending,0.4,hydrogen and clean electricity,NA,company ratio reported in company support table,Modelled,D,IEA_STEEL_BREAKTHROUGH_2025|NEDO_H2_STEEL_2026|NSC_DB_2025,Status-transition rule by B0/BH/BL/BHL; abatement is counted only after a no-regret state; level support equals base CAPEX times estimated share; residual exposure equals 1-theta.,"Rule-based mechanism screen, not a completed cost-gap, contract-pricing or system-abatement result."
NIPPON_STEEL,Nippon Steel Corporation,JP_NSC_OITA,Kyushu Works Oita Area,Japan,steel,low,BL,screening capital-equivalent level support applied,unchanged,0,0,0,contract-dependent,contract-dependent,no,no,hydrogen and clean electricity,6680000000,0,18915096.044,14186322.033,0,0,18915096.044,not_modelled; leakage and replacement production pending,1,hydrogen and clean electricity,NA,company ratio reported in company support table,Modelled,D,IEA_STEEL_BREAKTHROUGH_2025|NEDO_H2_STEEL_2026|NSC_DB_2025,Status-transition rule by B0/BH/BL/BHL; abatement is counted only after a no-regret state; level support equals base CAPEX times estimated share; residual exposure equals 1-theta.,"Rule-based mechanism screen, not a completed cost-gap, contract-pricing or system-abatement result."
NIPPON_STEEL,Nippon Steel Corporation,JP_NSC_OITA,Kyushu Works Oita Area,Japan,steel,low,BHL,screening capital-equivalent level support applied,reduced; central cost level held unchanged,0.6,0,0,contract-dependent,no-regret,yes,yes,hydrogen and clean electricity,6680000000,4008000000,18915096.044,14186322.033,14186322.033,14186322.033,4728774.011,not_modelled; leakage and replacement production pending,0.4,hydrogen and clean electricity,NA,company ratio reported in company support table,Modelled,D,IEA_STEEL_BREAKTHROUGH_2025|NEDO_H2_STEEL_2026|NSC_DB_2025,Status-transition rule by B0/BH/BL/BHL; abatement is counted only after a no-regret state; level support equals base CAPEX times estimated share; residual exposure equals 1-theta.,"Rule-based mechanism screen, not a completed cost-gap, contract-pricing or system-abatement result."
LOTTE_CHEMICAL,LOTTE Chemical Corporation,KR_LOTTE_YEOSU_BASIC,Yeosu Basic Materials Plant,Korea,petrochemicals,low,B0,unchanged,unchanged,0,0,0,level-support-dependent,level-support-dependent,no,no,electricity and technology cost,388653900,0,2591026,1295513,0,0,2591026,not_modelled; leakage and replacement production pending,1,electricity and technology cost,NA,company ratio reported in company support table,Modelled,D,IEA_CTG_2026|IEA_PETCHEM_COST_2018|LOTTE_ESG_2025|MCI_WEST_JAPAN_2026|NA,Status-transition rule by B0/BH/BL/BHL; abatement is counted only after a no-regret state; level support equals base CAPEX times estimated share; residual exposure equals 1-theta.,"Rule-based mechanism screen, not a completed cost-gap, contract-pricing or system-abatement result."
LOTTE_CHEMICAL,LOTTE Chemical Corporation,KR_LOTTE_YEOSU_BASIC,Yeosu Basic Materials Plant,Korea,petrochemicals,low,BH,unchanged,reduced; central cost level held unchanged,0.6,0,0,level-support-dependent,level-support-dependent,no,no,electricity and technology cost,388653900,233192340,2591026,1295513,0,0,2591026,not_modelled; leakage and replacement production pending,0.4,electricity and technology cost,NA,company ratio reported in company support table,Modelled,D,IEA_CTG_2026|IEA_PETCHEM_COST_2018|LOTTE_ESG_2025|MCI_WEST_JAPAN_2026|NA,Status-transition rule by B0/BH/BL/BHL; abatement is counted only after a no-regret state; level support equals base CAPEX times estimated share; residual exposure equals 1-theta.,"Rule-based mechanism screen, not a completed cost-gap, contract-pricing or system-abatement result."
LOTTE_CHEMICAL,LOTTE Chemical Corporation,KR_LOTTE_YEOSU_BASIC,Yeosu Basic Materials Plant,Korea,petrochemicals,low,BL,screening capital-equivalent level support applied,unchanged,0,0.3,116596170,level-support-dependent,price-conditional,yes,no,electricity and technology cost,388653900,0,2591026,1295513,0,0,2591026,not_modelled; leakage and replacement production pending,1,electricity and technology cost,NA,company ratio reported in company support table,Modelled,D,IEA_CTG_2026|IEA_PETCHEM_COST_2018|LOTTE_ESG_2025|MCI_WEST_JAPAN_2026|NA,Status-transition rule by B0/BH/BL/BHL; abatement is counted only after a no-regret state; level support equals base CAPEX times estimated share; residual exposure equals 1-theta.,"Rule-based mechanism screen, not a completed cost-gap, contract-pricing or system-abatement result."
LOTTE_CHEMICAL,LOTTE Chemical Corporation,KR_LOTTE_YEOSU_BASIC,Yeosu Basic Materials Plant,Korea,petrochemicals,low,BHL,screening capital-equivalent level support applied,reduced; central cost level held unchanged,0.6,0.3,116596170,level-support-dependent,no-regret,yes,yes,electricity and technology cost,388653900,233192340,2591026,1295513,1295513,1295513,1295513,not_modelled; leakage and replacement production pending,0.4,electricity and technology cost,NA,company ratio reported in company support table,Modelled,D,IEA_CTG_2026|IEA_PETCHEM_COST_2018|LOTTE_ESG_2025|MCI_WEST_JAPAN_2026|NA,Status-transition rule by B0/BH/BL/BHL; abatement is counted only after a no-regret state; level support equals base CAPEX times estimated share; residual exposure equals 1-theta.,"Rule-based mechanism screen, not a completed cost-gap, contract-pricing or system-abatement result."
LOTTE_CHEMICAL,LOTTE Chemical Corporation,KR_LOTTE_YEOSU_ADVANCED,Yeosu Advanced Materials Plant,Korea,petrochemicals,low,B0,unchanged,unchanged,0,0,0,unmodelled-residual,unmodelled-residual,no,no,unmodelled boundary,0,0,383825,0,0,0,383825,not_modelled; leakage and replacement production pending,NA,not_assessed,NA,company ratio reported in company support table,Not_modelled,D,LOTTE_ESG_2025|NA,Status-transition rule by B0/BH/BL/BHL; abatement is counted only after a no-regret state; level support equals base CAPEX times estimated share; residual exposure equals 1-theta.,"Rule-based mechanism screen, not a completed cost-gap, contract-pricing or system-abatement result."
LOTTE_CHEMICAL,LOTTE Chemical Corporation,KR_LOTTE_YEOSU_ADVANCED,Yeosu Advanced Materials Plant,Korea,petrochemicals,low,BH,unchanged,reduced; central cost level held unchanged,0,0,0,unmodelled-residual,unmodelled-residual,no,no,unmodelled boundary,0,0,383825,0,0,0,383825,not_modelled; leakage and replacement production pending,NA,not_assessed,NA,company ratio reported in company support table,Not_modelled,D,LOTTE_ESG_2025|NA,Status-transition rule by B0/BH/BL/BHL; abatement is counted only after a no-regret state; level support equals base CAPEX times estimated share; residual exposure equals 1-theta.,"Rule-based mechanism screen, not a completed cost-gap, contract-pricing or system-abatement result."
LOTTE_CHEMICAL,LOTTE Chemical Corporation,KR_LOTTE_YEOSU_ADVANCED,Yeosu Advanced Materials Plant,Korea,petrochemicals,low,BL,screening capital-equivalent level support applied,unchanged,0,0,0,unmodelled-residual,unmodelled-residual,no,no,unmodelled boundary,0,0,383825,0,0,0,383825,not_modelled; leakage and replacement production pending,NA,not_assessed,NA,company ratio reported in company support table,Not_modelled,D,LOTTE_ESG_2025|NA,Status-transition rule by B0/BH/BL/BHL; abatement is counted only after a no-regret state; level support equals base CAPEX times estimated share; residual exposure equals 1-theta.,"Rule-based mechanism screen, not a completed cost-gap, contract-pricing or system-abatement result."
LOTTE_CHEMICAL,LOTTE Chemical Corporation,KR_LOTTE_YEOSU_ADVANCED,Yeosu Advanced Materials Plant,Korea,petrochemicals,low,BHL,screening capital-equivalent level support applied,reduced; central cost level held unchanged,0,0,0,unmodelled-residual,unmodelled-residual,no,no,unmodelled boundary,0,0,383825,0,0,0,383825,not_modelled; leakage and replacement production pending,NA,not_assessed,NA,company ratio reported in company support table,Not_modelled,D,LOTTE_ESG_2025|NA,Status-transition rule by B0/BH/BL/BHL; abatement is counted only after a no-regret state; level support equals base CAPEX times estimated share; residual exposure equals 1-theta.,"Rule-based mechanism screen, not a completed cost-gap, contract-pricing or system-abatement result."
LOTTE_CHEMICAL,LOTTE Chemical Corporation,KR_LOTTE_DAESAN,Daesan Plant,Korea,petrochemicals,low,B0,unchanged,unchanged,0,0,0,level-support-dependent,level-support-dependent,no,no,"electricity, technology cost and ownership",283302300,0,1888682,944341,0,0,1888682,not_modelled; leakage and replacement production pending,1,"electricity, technology cost and ownership",NA,company ratio reported in company support table,Modelled,D,IEA_CTG_2026|IEA_PETCHEM_COST_2018|LOTTE_ESG_2025|MCI_WEST_JAPAN_2026|NA,Status-transition rule by B0/BH/BL/BHL; abatement is counted only after a no-regret state; level support equals base CAPEX times estimated share; residual exposure equals 1-theta.,"Rule-based mechanism screen, not a completed cost-gap, contract-pricing or system-abatement result."
LOTTE_CHEMICAL,LOTTE Chemical Corporation,KR_LOTTE_DAESAN,Daesan Plant,Korea,petrochemicals,low,BH,unchanged,reduced; central cost level held unchanged,0.6,0,0,level-support-dependent,level-support-dependent,no,no,"electricity, technology cost and ownership",283302300,169981380,1888682,944341,0,0,1888682,not_modelled; leakage and replacement production pending,0.4,"electricity, technology cost and ownership",NA,company ratio reported in company support table,Modelled,D,IEA_CTG_2026|IEA_PETCHEM_COST_2018|LOTTE_ESG_2025|MCI_WEST_JAPAN_2026|NA,Status-transition rule by B0/BH/BL/BHL; abatement is counted only after a no-regret state; level support equals base CAPEX times estimated share; residual exposure equals 1-theta.,"Rule-based mechanism screen, not a completed cost-gap, contract-pricing or system-abatement result."
LOTTE_CHEMICAL,LOTTE Chemical Corporation,KR_LOTTE_DAESAN,Daesan Plant,Korea,petrochemicals,low,BL,screening capital-equivalent level support applied,unchanged,0,0.3,84990690,level-support-dependent,price-conditional,yes,no,"electricity, technology cost and ownership",283302300,0,1888682,944341,0,0,1888682,not_modelled; leakage and replacement production pending,1,"electricity, technology cost and ownership",NA,company ratio reported in company support table,Modelled,D,IEA_CTG_2026|IEA_PETCHEM_COST_2018|LOTTE_ESG_2025|MCI_WEST_JAPAN_2026|NA,Status-transition rule by B0/BH/BL/BHL; abatement is counted only after a no-regret state; level support equals base CAPEX times estimated share; residual exposure equals 1-theta.,"Rule-based mechanism screen, not a completed cost-gap, contract-pricing or system-abatement result."
LOTTE_CHEMICAL,LOTTE Chemical Corporation,KR_LOTTE_DAESAN,Daesan Plant,Korea,petrochemicals,low,BHL,screening capital-equivalent level support applied,reduced; central cost level held unchanged,0.6,0.3,84990690,level-support-dependent,no-regret,yes,yes,"electricity, technology cost and ownership",283302300,169981380,1888682,944341,944341,944341,944341,not_modelled; leakage and replacement production pending,0.4,"electricity, technology cost and ownership",NA,company ratio reported in company support table,Modelled,D,IEA_CTG_2026|IEA_PETCHEM_COST_2018|LOTTE_ESG_2025|MCI_WEST_JAPAN_2026|NA,Status-transition rule by B0/BH/BL/BHL; abatement is counted only after a no-regret state; level support equals base CAPEX times estimated share; residual exposure equals 1-theta.,"Rule-based mechanism screen, not a completed cost-gap, contract-pricing or system-abatement result."
LOTTE_CHEMICAL,LOTTE Chemical Corporation,KR_LOTTE_ULSAN,Ulsan Plant,Korea,petrochemicals,low,B0,unchanged,unchanged,0,0,0,level-support-dependent,level-support-dependent,no,no,electricity and technology cost,74615100,0,497434,248717,0,0,497434,not_modelled; leakage and replacement production pending,1,electricity and technology cost,NA,company ratio reported in company support table,Modelled,D,IEA_CTG_2026|IEA_PETCHEM_COST_2018|LOTTE_ESG_2025|MCI_WEST_JAPAN_2026|NA,Status-transition rule by B0/BH/BL/BHL; abatement is counted only after a no-regret state; level support equals base CAPEX times estimated share; residual exposure equals 1-theta.,"Rule-based mechanism screen, not a completed cost-gap, contract-pricing or system-abatement result."
LOTTE_CHEMICAL,LOTTE Chemical Corporation,KR_LOTTE_ULSAN,Ulsan Plant,Korea,petrochemicals,low,BH,unchanged,reduced; central cost level held unchanged,0.6,0,0,level-support-dependent,level-support-dependent,no,no,electricity and technology cost,74615100,44769060,497434,248717,0,0,497434,not_modelled; leakage and replacement production pending,0.4,electricity and technology cost,NA,company ratio reported in company support table,Modelled,D,IEA_CTG_2026|IEA_PETCHEM_COST_2018|LOTTE_ESG_2025|MCI_WEST_JAPAN_2026|NA,Status-transition rule by B0/BH/BL/BHL; abatement is counted only after a no-regret state; level support equals base CAPEX times estimated share; residual exposure equals 1-theta.,"Rule-based mechanism screen, not a completed cost-gap, contract-pricing or system-abatement result."
LOTTE_CHEMICAL,LOTTE Chemical Corporation,KR_LOTTE_ULSAN,Ulsan Plant,Korea,petrochemicals,low,BL,screening capital-equivalent level support applied,unchanged,0,0.3,22384530,level-support-dependent,price-conditional,yes,no,electricity and technology cost,74615100,0,497434,248717,0,0,497434,not_modelled; leakage and replacement production pending,1,electricity and technology cost,NA,company ratio reported in company support table,Modelled,D,IEA_CTG_2026|IEA_PETCHEM_COST_2018|LOTTE_ESG_2025|MCI_WEST_JAPAN_2026|NA,Status-transition rule by B0/BH/BL/BHL; abatement is counted only after a no-regret state; level support equals base CAPEX times estimated share; residual exposure equals 1-theta.,"Rule-based mechanism screen, not a completed cost-gap, contract-pricing or system-abatement result."
LOTTE_CHEMICAL,LOTTE Chemical Corporation,KR_LOTTE_ULSAN,Ulsan Plant,Korea,petrochemicals,low,BHL,screening capital-equivalent level support applied,reduced; central cost level held unchanged,0.6,0.3,22384530,level-support-dependent,no-regret,yes,yes,electricity and technology cost,74615100,44769060,497434,248717,248717,248717,248717,not_modelled; leakage and replacement production pending,0.4,electricity and technology cost,NA,company ratio reported in company support table,Modelled,D,IEA_CTG_2026|IEA_PETCHEM_COST_2018|LOTTE_ESG_2025|MCI_WEST_JAPAN_2026|NA,Status-transition rule by B0/BH/BL/BHL; abatement is counted only after a no-regret state; level support equals base CAPEX times estimated share; residual exposure equals 1-theta.,"Rule-based mechanism screen, not a completed cost-gap, contract-pricing or system-abatement result."
LOTTE_CHEMICAL,LOTTE Chemical Corporation,KR_LOTTE_OTHER,Other parent-company sites,Korea,petrochemicals,low,B0,unchanged,unchanged,0,0,0,unmodelled-residual,unmodelled-residual,no,no,unmodelled boundary,0,0,9811,0,0,0,9811,not_modelled; leakage and replacement production pending,NA,not_assessed,NA,company ratio reported in company support table,Not_modelled,D,LOTTE_ESG_2025|NA,Status-transition rule by B0/BH/BL/BHL; abatement is counted only after a no-regret state; level support equals base CAPEX times estimated share; residual exposure equals 1-theta.,"Rule-based mechanism screen, not a completed cost-gap, contract-pricing or system-abatement result."
LOTTE_CHEMICAL,LOTTE Chemical Corporation,KR_LOTTE_OTHER,Other parent-company sites,Korea,petrochemicals,low,BH,unchanged,reduced; central cost level held unchanged,0,0,0,unmodelled-residual,unmodelled-residual,no,no,unmodelled boundary,0,0,9811,0,0,0,9811,not_modelled; leakage and replacement production pending,NA,not_assessed,NA,company ratio reported in company support table,Not_modelled,D,LOTTE_ESG_2025|NA,Status-transition rule by B0/BH/BL/BHL; abatement is counted only after a no-regret state; level support equals base CAPEX times estimated share; residual exposure equals 1-theta.,"Rule-based mechanism screen, not a completed cost-gap, contract-pricing or system-abatement result."
LOTTE_CHEMICAL,LOTTE Chemical Corporation,KR_LOTTE_OTHER,Other parent-company sites,Korea,petrochemicals,low,BL,screening capital-equivalent level support applied,unchanged,0,0,0,unmodelled-residual,unmodelled-residual,no,no,unmodelled boundary,0,0,9811,0,0,0,9811,not_modelled; leakage and replacement production pending,NA,not_assessed,NA,company ratio reported in company support table,Not_modelled,D,LOTTE_ESG_2025|NA,Status-transition rule by B0/BH/BL/BHL; abatement is counted only after a no-regret state; level support equals base CAPEX times estimated share; residual exposure equals 1-theta.,"Rule-based mechanism screen, not a completed cost-gap, contract-pricing or system-abatement result."
LOTTE_CHEMICAL,LOTTE Chemical Corporation,KR_LOTTE_OTHER,Other parent-company sites,Korea,petrochemicals,low,BHL,screening capital-equivalent level support applied,reduced; central cost level held unchanged,0,0,0,unmodelled-residual,unmodelled-residual,no,no,unmodelled boundary,0,0,9811,0,0,0,9811,not_modelled; leakage and replacement production pending,NA,not_assessed,NA,company ratio reported in company support table,Not_modelled,D,LOTTE_ESG_2025|NA,Status-transition rule by B0/BH/BL/BHL; abatement is counted only after a no-regret state; level support equals base CAPEX times estimated share; residual exposure equals 1-theta.,"Rule-based mechanism screen, not a completed cost-gap, contract-pricing or system-abatement result."
MITSUI_CHEMICALS,"Mitsui Chemicals, Inc.",JP_MCI_ICHIHARA,Ichihara Works,Japan,petrochemicals,low,B0,unchanged,unchanged,0,0,0,level-support-dependent,level-support-dependent,no,no,electricity and technology cost,185712000,0,1238080,619040,0,0,1238080,not_modelled; leakage and replacement production pending,1,electricity and technology cost,NA,company ratio reported in company support table,Modelled,D,IEA_CTG_2026|IEA_PETCHEM_COST_2018|MCI_ESG_2025|MCI_WEST_JAPAN_2026|MCI_WORKS_2026|NA,Status-transition rule by B0/BH/BL/BHL; abatement is counted only after a no-regret state; level support equals base CAPEX times estimated share; residual exposure equals 1-theta.,"Rule-based mechanism screen, not a completed cost-gap, contract-pricing or system-abatement result."
MITSUI_CHEMICALS,"Mitsui Chemicals, Inc.",JP_MCI_ICHIHARA,Ichihara Works,Japan,petrochemicals,low,BH,unchanged,reduced; central cost level held unchanged,0.6,0,0,level-support-dependent,level-support-dependent,no,no,electricity and technology cost,185712000,111427200,1238080,619040,0,0,1238080,not_modelled; leakage and replacement production pending,0.4,electricity and technology cost,NA,company ratio reported in company support table,Modelled,D,IEA_CTG_2026|IEA_PETCHEM_COST_2018|MCI_ESG_2025|MCI_WEST_JAPAN_2026|MCI_WORKS_2026|NA,Status-transition rule by B0/BH/BL/BHL; abatement is counted only after a no-regret state; level support equals base CAPEX times estimated share; residual exposure equals 1-theta.,"Rule-based mechanism screen, not a completed cost-gap, contract-pricing or system-abatement result."
MITSUI_CHEMICALS,"Mitsui Chemicals, Inc.",JP_MCI_ICHIHARA,Ichihara Works,Japan,petrochemicals,low,BL,screening capital-equivalent level support applied,unchanged,0,0.3,55713600,level-support-dependent,price-conditional,yes,no,electricity and technology cost,185712000,0,1238080,619040,0,0,1238080,not_modelled; leakage and replacement production pending,1,electricity and technology cost,NA,company ratio reported in company support table,Modelled,D,IEA_CTG_2026|IEA_PETCHEM_COST_2018|MCI_ESG_2025|MCI_WEST_JAPAN_2026|MCI_WORKS_2026|NA,Status-transition rule by B0/BH/BL/BHL; abatement is counted only after a no-regret state; level support equals base CAPEX times estimated share; residual exposure equals 1-theta.,"Rule-based mechanism screen, not a completed cost-gap, contract-pricing or system-abatement result."
MITSUI_CHEMICALS,"Mitsui Chemicals, Inc.",JP_MCI_ICHIHARA,Ichihara Works,Japan,petrochemicals,low,BHL,screening capital-equivalent level support applied,reduced; central cost level held unchanged,0.6,0.3,55713600,level-support-dependent,no-regret,yes,yes,electricity and technology cost,185712000,111427200,1238080,619040,619040,619040,619040,not_modelled; leakage and replacement production pending,0.4,electricity and technology cost,NA,company ratio reported in company support table,Modelled,D,IEA_CTG_2026|IEA_PETCHEM_COST_2018|MCI_ESG_2025|MCI_WEST_JAPAN_2026|MCI_WORKS_2026|NA,Status-transition rule by B0/BH/BL/BHL; abatement is counted only after a no-regret state; level support equals base CAPEX times estimated share; residual exposure equals 1-theta.,"Rule-based mechanism screen, not a completed cost-gap, contract-pricing or system-abatement result."
MITSUI_CHEMICALS,"Mitsui Chemicals, Inc.",JP_MCI_OSAKA,Osaka Works,Japan,petrochemicals,low,B0,unchanged,unchanged,0,0,0,level-support-dependent,level-support-dependent,no,no,"electricity, technology cost and JV rights",185712000,0,1238080,619040,0,0,1238080,not_modelled; leakage and replacement production pending,1,"electricity, technology cost and JV rights",NA,company ratio reported in company support table,Modelled,D,IEA_CTG_2026|IEA_PETCHEM_COST_2018|MCI_ESG_2025|MCI_WEST_JAPAN_2026|MCI_WORKS_2026|NA,Status-transition rule by B0/BH/BL/BHL; abatement is counted only after a no-regret state; level support equals base CAPEX times estimated share; residual exposure equals 1-theta.,"Rule-based mechanism screen, not a completed cost-gap, contract-pricing or system-abatement result."
MITSUI_CHEMICALS,"Mitsui Chemicals, Inc.",JP_MCI_OSAKA,Osaka Works,Japan,petrochemicals,low,BH,unchanged,reduced; central cost level held unchanged,0.6,0,0,level-support-dependent,level-support-dependent,no,no,"electricity, technology cost and JV rights",185712000,111427200,1238080,619040,0,0,1238080,not_modelled; leakage and replacement production pending,0.4,"electricity, technology cost and JV rights",NA,company ratio reported in company support table,Modelled,D,IEA_CTG_2026|IEA_PETCHEM_COST_2018|MCI_ESG_2025|MCI_WEST_JAPAN_2026|MCI_WORKS_2026|NA,Status-transition rule by B0/BH/BL/BHL; abatement is counted only after a no-regret state; level support equals base CAPEX times estimated share; residual exposure equals 1-theta.,"Rule-based mechanism screen, not a completed cost-gap, contract-pricing or system-abatement result."
MITSUI_CHEMICALS,"Mitsui Chemicals, Inc.",JP_MCI_OSAKA,Osaka Works,Japan,petrochemicals,low,BL,screening capital-equivalent level support applied,unchanged,0,0.3,55713600,level-support-dependent,price-conditional,yes,no,"electricity, technology cost and JV rights",185712000,0,1238080,619040,0,0,1238080,not_modelled; leakage and replacement production pending,1,"electricity, technology cost and JV rights",NA,company ratio reported in company support table,Modelled,D,IEA_CTG_2026|IEA_PETCHEM_COST_2018|MCI_ESG_2025|MCI_WEST_JAPAN_2026|MCI_WORKS_2026|NA,Status-transition rule by B0/BH/BL/BHL; abatement is counted only after a no-regret state; level support equals base CAPEX times estimated share; residual exposure equals 1-theta.,"Rule-based mechanism screen, not a completed cost-gap, contract-pricing or system-abatement result."
MITSUI_CHEMICALS,"Mitsui Chemicals, Inc.",JP_MCI_OSAKA,Osaka Works,Japan,petrochemicals,low,BHL,screening capital-equivalent level support applied,reduced; central cost level held unchanged,0.6,0.3,55713600,level-support-dependent,no-regret,yes,yes,"electricity, technology cost and JV rights",185712000,111427200,1238080,619040,619040,619040,619040,not_modelled; leakage and replacement production pending,0.4,"electricity, technology cost and JV rights",NA,company ratio reported in company support table,Modelled,D,IEA_CTG_2026|IEA_PETCHEM_COST_2018|MCI_ESG_2025|MCI_WEST_JAPAN_2026|MCI_WORKS_2026|NA,Status-transition rule by B0/BH/BL/BHL; abatement is counted only after a no-regret state; level support equals base CAPEX times estimated share; residual exposure equals 1-theta.,"Rule-based mechanism screen, not a completed cost-gap, contract-pricing or system-abatement result."
MITSUI_CHEMICALS,"Mitsui Chemicals, Inc.",JP_MCI_IWAKUNI,Iwakuni-Ohtake Works,Japan,petrochemicals,low,B0,unchanged,unchanged,0,0,0,level-support-dependent,level-support-dependent,no,no,electricity and technology cost,81249000,0,541660,270830,0,0,541660,not_modelled; leakage and replacement production pending,1,electricity and technology cost,NA,company ratio reported in company support table,Modelled,D,IEA_CTG_2026|IEA_PETCHEM_COST_2018|MCI_ESG_2025|MCI_WEST_JAPAN_2026|MCI_WORKS_2026|NA,Status-transition rule by B0/BH/BL/BHL; abatement is counted only after a no-regret state; level support equals base CAPEX times estimated share; residual exposure equals 1-theta.,"Rule-based mechanism screen, not a completed cost-gap, contract-pricing or system-abatement result."
MITSUI_CHEMICALS,"Mitsui Chemicals, Inc.",JP_MCI_IWAKUNI,Iwakuni-Ohtake Works,Japan,petrochemicals,low,BH,unchanged,reduced; central cost level held unchanged,0.6,0,0,level-support-dependent,level-support-dependent,no,no,electricity and technology cost,81249000,48749400,541660,270830,0,0,541660,not_modelled; leakage and replacement production pending,0.4,electricity and technology cost,NA,company ratio reported in company support table,Modelled,D,IEA_CTG_2026|IEA_PETCHEM_COST_2018|MCI_ESG_2025|MCI_WEST_JAPAN_2026|MCI_WORKS_2026|NA,Status-transition rule by B0/BH/BL/BHL; abatement is counted only after a no-regret state; level support equals base CAPEX times estimated share; residual exposure equals 1-theta.,"Rule-based mechanism screen, not a completed cost-gap, contract-pricing or system-abatement result."
MITSUI_CHEMICALS,"Mitsui Chemicals, Inc.",JP_MCI_IWAKUNI,Iwakuni-Ohtake Works,Japan,petrochemicals,low,BL,screening capital-equivalent level support applied,unchanged,0,0.3,24374700,level-support-dependent,price-conditional,yes,no,electricity and technology cost,81249000,0,541660,270830,0,0,541660,not_modelled; leakage and replacement production pending,1,electricity and technology cost,NA,company ratio reported in company support table,Modelled,D,IEA_CTG_2026|IEA_PETCHEM_COST_2018|MCI_ESG_2025|MCI_WEST_JAPAN_2026|MCI_WORKS_2026|NA,Status-transition rule by B0/BH/BL/BHL; abatement is counted only after a no-regret state; level support equals base CAPEX times estimated share; residual exposure equals 1-theta.,"Rule-based mechanism screen, not a completed cost-gap, contract-pricing or system-abatement result."
MITSUI_CHEMICALS,"Mitsui Chemicals, Inc.",JP_MCI_IWAKUNI,Iwakuni-Ohtake Works,Japan,petrochemicals,low,BHL,screening capital-equivalent level support applied,reduced; central cost level held unchanged,0.6,0.3,24374700,level-support-dependent,no-regret,yes,yes,electricity and technology cost,81249000,48749400,541660,270830,270830,270830,270830,not_modelled; leakage and replacement production pending,0.4,electricity and technology cost,NA,company ratio reported in company support table,Modelled,D,IEA_CTG_2026|IEA_PETCHEM_COST_2018|MCI_ESG_2025|MCI_WEST_JAPAN_2026|MCI_WORKS_2026|NA,Status-transition rule by B0/BH/BL/BHL; abatement is counted only after a no-regret state; level support equals base CAPEX times estimated share; residual exposure equals 1-theta.,"Rule-based mechanism screen, not a completed cost-gap, contract-pricing or system-abatement result."
MITSUI_CHEMICALS,"Mitsui Chemicals, Inc.",JP_MCI_OMUTA,Omuta Works,Japan,petrochemicals,low,B0,unchanged,unchanged,0,0,0,level-support-dependent,level-support-dependent,no,no,electricity and technology cost,40624500,0,270830,135415,0,0,270830,not_modelled; leakage and replacement production pending,1,electricity and technology cost,NA,company ratio reported in company support table,Modelled,D,IEA_CTG_2026|IEA_PETCHEM_COST_2018|MCI_ESG_2025|MCI_WEST_JAPAN_2026|MCI_WORKS_2026|NA,Status-transition rule by B0/BH/BL/BHL; abatement is counted only after a no-regret state; level support equals base CAPEX times estimated share; residual exposure equals 1-theta.,"Rule-based mechanism screen, not a completed cost-gap, contract-pricing or system-abatement result."
MITSUI_CHEMICALS,"Mitsui Chemicals, Inc.",JP_MCI_OMUTA,Omuta Works,Japan,petrochemicals,low,BH,unchanged,reduced; central cost level held unchanged,0.6,0,0,level-support-dependent,level-support-dependent,no,no,electricity and technology cost,40624500,24374700,270830,135415,0,0,270830,not_modelled; leakage and replacement production pending,0.4,electricity and technology cost,NA,company ratio reported in company support table,Modelled,D,IEA_CTG_2026|IEA_PETCHEM_COST_2018|MCI_ESG_2025|MCI_WEST_JAPAN_2026|MCI_WORKS_2026|NA,Status-transition rule by B0/BH/BL/BHL; abatement is counted only after a no-regret state; level support equals base CAPEX times estimated share; residual exposure equals 1-theta.,"Rule-based mechanism screen, not a completed cost-gap, contract-pricing or system-abatement result."
MITSUI_CHEMICALS,"Mitsui Chemicals, Inc.",JP_MCI_OMUTA,Omuta Works,Japan,petrochemicals,low,BL,screening capital-equivalent level support applied,unchanged,0,0.3,12187350,level-support-dependent,price-conditional,yes,no,electricity and technology cost,40624500,0,270830,135415,0,0,270830,not_modelled; leakage and replacement production pending,1,electricity and technology cost,NA,company ratio reported in company support table,Modelled,D,IEA_CTG_2026|IEA_PETCHEM_COST_2018|MCI_ESG_2025|MCI_WEST_JAPAN_2026|MCI_WORKS_2026|NA,Status-transition rule by B0/BH/BL/BHL; abatement is counted only after a no-regret state; level support equals base CAPEX times estimated share; residual exposure equals 1-theta.,"Rule-based mechanism screen, not a completed cost-gap, contract-pricing or system-abatement result."
MITSUI_CHEMICALS,"Mitsui Chemicals, Inc.",JP_MCI_OMUTA,Omuta Works,Japan,petrochemicals,low,BHL,screening capital-equivalent level support applied,reduced; central cost level held unchanged,0.6,0.3,12187350,level-support-dependent,no-regret,yes,yes,electricity and technology cost,40624500,24374700,270830,135415,135415,135415,135415,not_modelled; leakage and replacement production pending,0.4,electricity and technology cost,NA,company ratio reported in company support table,Modelled,D,IEA_CTG_2026|IEA_PETCHEM_COST_2018|MCI_ESG_2025|MCI_WEST_JAPAN_2026|MCI_WORKS_2026|NA,Status-transition rule by B0/BH/BL/BHL; abatement is counted only after a no-regret state; level support equals base CAPEX times estimated share; residual exposure equals 1-theta.,"Rule-based mechanism screen, not a completed cost-gap, contract-pricing or system-abatement result."
MITSUI_CHEMICALS,"Mitsui Chemicals, Inc.",JP_MCI_NAGOYA,Nagoya Works,Japan,petrochemicals,low,B0,unchanged,unchanged,0,0,0,unmodelled-residual,unmodelled-residual,no,no,unmodelled boundary,0,0,232140,0,0,0,232140,not_modelled; leakage and replacement production pending,NA,not_assessed,NA,company ratio reported in company support table,Not_modelled,D,MCI_ESG_2025|MCI_WORKS_2026|NA,Status-transition rule by B0/BH/BL/BHL; abatement is counted only after a no-regret state; level support equals base CAPEX times estimated share; residual exposure equals 1-theta.,"Rule-based mechanism screen, not a completed cost-gap, contract-pricing or system-abatement result."
MITSUI_CHEMICALS,"Mitsui Chemicals, Inc.",JP_MCI_NAGOYA,Nagoya Works,Japan,petrochemicals,low,BH,unchanged,reduced; central cost level held unchanged,0,0,0,unmodelled-residual,unmodelled-residual,no,no,unmodelled boundary,0,0,232140,0,0,0,232140,not_modelled; leakage and replacement production pending,NA,not_assessed,NA,company ratio reported in company support table,Not_modelled,D,MCI_ESG_2025|MCI_WORKS_2026|NA,Status-transition rule by B0/BH/BL/BHL; abatement is counted only after a no-regret state; level support equals base CAPEX times estimated share; residual exposure equals 1-theta.,"Rule-based mechanism screen, not a completed cost-gap, contract-pricing or system-abatement result."
MITSUI_CHEMICALS,"Mitsui Chemicals, Inc.",JP_MCI_NAGOYA,Nagoya Works,Japan,petrochemicals,low,BL,screening capital-equivalent level support applied,unchanged,0,0,0,unmodelled-residual,unmodelled-residual,no,no,unmodelled boundary,0,0,232140,0,0,0,232140,not_modelled; leakage and replacement production pending,NA,not_assessed,NA,company ratio reported in company support table,Not_modelled,D,MCI_ESG_2025|MCI_WORKS_2026|NA,Status-transition rule by B0/BH/BL/BHL; abatement is counted only after a no-regret state; level support equals base CAPEX times estimated share; residual exposure equals 1-theta.,"Rule-based mechanism screen, not a completed cost-gap, contract-pricing or system-abatement result."
MITSUI_CHEMICALS,"Mitsui Chemicals, Inc.",JP_MCI_NAGOYA,Nagoya Works,Japan,petrochemicals,low,BHL,screening capital-equivalent level support applied,reduced; central cost level held unchanged,0,0,0,unmodelled-residual,unmodelled-residual,no,no,unmodelled boundary,0,0,232140,0,0,0,232140,not_modelled; leakage and replacement production pending,NA,not_assessed,NA,company ratio reported in company support table,Not_modelled,D,MCI_ESG_2025|MCI_WORKS_2026|NA,Status-transition rule by B0/BH/BL/BHL; abatement is counted only after a no-regret state; level support equals base CAPEX times estimated share; residual exposure equals 1-theta.,"Rule-based mechanism screen, not a completed cost-gap, contract-pricing or system-abatement result."
MITSUI_CHEMICALS,"Mitsui Chemicals, Inc.",JP_MCI_MOBARA,Mobara Branch Factory,Japan,petrochemicals,low,B0,unchanged,unchanged,0,0,0,unmodelled-residual,unmodelled-residual,no,no,unmodelled boundary,0,0,193450,0,0,0,193450,not_modelled; leakage and replacement production pending,NA,not_assessed,NA,company ratio reported in company support table,Not_modelled,D,MCI_ESG_2025|MCI_WORKS_2026|NA,Status-transition rule by B0/BH/BL/BHL; abatement is counted only after a no-regret state; level support equals base CAPEX times estimated share; residual exposure equals 1-theta.,"Rule-based mechanism screen, not a completed cost-gap, contract-pricing or system-abatement result."
MITSUI_CHEMICALS,"Mitsui Chemicals, Inc.",JP_MCI_MOBARA,Mobara Branch Factory,Japan,petrochemicals,low,BH,unchanged,reduced; central cost level held unchanged,0,0,0,unmodelled-residual,unmodelled-residual,no,no,unmodelled boundary,0,0,193450,0,0,0,193450,not_modelled; leakage and replacement production pending,NA,not_assessed,NA,company ratio reported in company support table,Not_modelled,D,MCI_ESG_2025|MCI_WORKS_2026|NA,Status-transition rule by B0/BH/BL/BHL; abatement is counted only after a no-regret state; level support equals base CAPEX times estimated share; residual exposure equals 1-theta.,"Rule-based mechanism screen, not a completed cost-gap, contract-pricing or system-abatement result."
MITSUI_CHEMICALS,"Mitsui Chemicals, Inc.",JP_MCI_MOBARA,Mobara Branch Factory,Japan,petrochemicals,low,BL,screening capital-equivalent level support applied,unchanged,0,0,0,unmodelled-residual,unmodelled-residual,no,no,unmodelled boundary,0,0,193450,0,0,0,193450,not_modelled; leakage and replacement production pending,NA,not_assessed,NA,company ratio reported in company support table,Not_modelled,D,MCI_ESG_2025|MCI_WORKS_2026|NA,Status-transition rule by B0/BH/BL/BHL; abatement is counted only after a no-regret state; level support equals base CAPEX times estimated share; residual exposure equals 1-theta.,"Rule-based mechanism screen, not a completed cost-gap, contract-pricing or system-abatement result."
MITSUI_CHEMICALS,"Mitsui Chemicals, Inc.",JP_MCI_MOBARA,Mobara Branch Factory,Japan,petrochemicals,low,BHL,screening capital-equivalent level support applied,reduced; central cost level held unchanged,0,0,0,unmodelled-residual,unmodelled-residual,no,no,unmodelled boundary,0,0,193450,0,0,0,193450,not_modelled; leakage and replacement production pending,NA,not_assessed,NA,company ratio reported in company support table,Not_modelled,D,MCI_ESG_2025|MCI_WORKS_2026|NA,Status-transition rule by B0/BH/BL/BHL; abatement is counted only after a no-regret state; level support equals base CAPEX times estimated share; residual exposure equals 1-theta.,"Rule-based mechanism screen, not a completed cost-gap, contract-pricing or system-abatement result."
MITSUI_CHEMICALS,"Mitsui Chemicals, Inc.",JP_MCI_TOKUYAMA,Tokuyama Branch Factory,Japan,petrochemicals,low,B0,unchanged,unchanged,0,0,0,unmodelled-residual,unmodelled-residual,no,no,unmodelled boundary,0,0,154760,0,0,0,154760,not_modelled; leakage and replacement production pending,NA,not_assessed,NA,company ratio reported in company support table,Not_modelled,D,MCI_ESG_2025|MCI_WORKS_2026|NA,Status-transition rule by B0/BH/BL/BHL; abatement is counted only after a no-regret state; level support equals base CAPEX times estimated share; residual exposure equals 1-theta.,"Rule-based mechanism screen, not a completed cost-gap, contract-pricing or system-abatement result."
MITSUI_CHEMICALS,"Mitsui Chemicals, Inc.",JP_MCI_TOKUYAMA,Tokuyama Branch Factory,Japan,petrochemicals,low,BH,unchanged,reduced; central cost level held unchanged,0,0,0,unmodelled-residual,unmodelled-residual,no,no,unmodelled boundary,0,0,154760,0,0,0,154760,not_modelled; leakage and replacement production pending,NA,not_assessed,NA,company ratio reported in company support table,Not_modelled,D,MCI_ESG_2025|MCI_WORKS_2026|NA,Status-transition rule by B0/BH/BL/BHL; abatement is counted only after a no-regret state; level support equals base CAPEX times estimated share; residual exposure equals 1-theta.,"Rule-based mechanism screen, not a completed cost-gap, contract-pricing or system-abatement result."
MITSUI_CHEMICALS,"Mitsui Chemicals, Inc.",JP_MCI_TOKUYAMA,Tokuyama Branch Factory,Japan,petrochemicals,low,BL,screening capital-equivalent level support applied,unchanged,0,0,0,unmodelled-residual,unmodelled-residual,no,no,unmodelled boundary,0,0,154760,0,0,0,154760,not_modelled; leakage and replacement production pending,NA,not_assessed,NA,company ratio reported in company support table,Not_modelled,D,MCI_ESG_2025|MCI_WORKS_2026|NA,Status-transition rule by B0/BH/BL/BHL; abatement is counted only after a no-regret state; level support equals base CAPEX times estimated share; residual exposure equals 1-theta.,"Rule-based mechanism screen, not a completed cost-gap, contract-pricing or system-abatement result."
MITSUI_CHEMICALS,"Mitsui Chemicals, Inc.",JP_MCI_TOKUYAMA,Tokuyama Branch Factory,Japan,petrochemicals,low,BHL,screening capital-equivalent level support applied,reduced; central cost level held unchanged,0,0,0,unmodelled-residual,unmodelled-residual,no,no,unmodelled boundary,0,0,154760,0,0,0,154760,not_modelled; leakage and replacement production pending,NA,not_assessed,NA,company ratio reported in company support table,Not_modelled,D,MCI_ESG_2025|MCI_WORKS_2026|NA,Status-transition rule by B0/BH/BL/BHL; abatement is counted only after a no-regret state; level support equals base CAPEX times estimated share; residual exposure equals 1-theta.,"Rule-based mechanism screen, not a completed cost-gap, contract-pricing or system-abatement result."
POSCO,POSCO,KR_POSCO_POHANG,Pohang Steelworks,Korea,steel,base,B0,unchanged,unchanged,0,0,0,contract-dependent,contract-dependent,no,no,hydrogen and clean electricity,12447810891.2,0,31430722.5,23573041.875,0,0,31430722.5,not_modelled; leakage and replacement production pending,1,hydrogen and clean electricity,NA,company ratio reported in company support table,Modelled,D,IEA_STEEL_BREAKTHROUGH_2025|NEDO_H2_STEEL_2026|POSCO_CLIMATE_2026|POSCO_ESG_2025,Status-transition rule by B0/BH/BL/BHL; abatement is counted only after a no-regret state; level support equals base CAPEX times estimated share; residual exposure equals 1-theta.,"Rule-based mechanism screen, not a completed cost-gap, contract-pricing or system-abatement result."
POSCO,POSCO,KR_POSCO_POHANG,Pohang Steelworks,Korea,steel,base,BH,unchanged,reduced; central cost level held unchanged,0.8,0,0,contract-dependent,no-regret,yes,yes,hydrogen and clean electricity,12447810891.2,9958248712.96,31430722.5,23573041.875,23573041.875,23573041.875,7857680.625,not_modelled; leakage and replacement production pending,0.2,hydrogen and clean electricity,NA,company ratio reported in company support table,Modelled,D,IEA_STEEL_BREAKTHROUGH_2025|NEDO_H2_STEEL_2026|POSCO_CLIMATE_2026|POSCO_ESG_2025,Status-transition rule by B0/BH/BL/BHL; abatement is counted only after a no-regret state; level support equals base CAPEX times estimated share; residual exposure equals 1-theta.,"Rule-based mechanism screen, not a completed cost-gap, contract-pricing or system-abatement result."
POSCO,POSCO,KR_POSCO_POHANG,Pohang Steelworks,Korea,steel,base,BL,screening capital-equivalent level support applied,unchanged,0,0,0,contract-dependent,contract-dependent,no,no,hydrogen and clean electricity,12447810891.2,0,31430722.5,23573041.875,0,0,31430722.5,not_modelled; leakage and replacement production pending,1,hydrogen and clean electricity,NA,company ratio reported in company support table,Modelled,D,IEA_STEEL_BREAKTHROUGH_2025|NEDO_H2_STEEL_2026|POSCO_CLIMATE_2026|POSCO_ESG_2025,Status-transition rule by B0/BH/BL/BHL; abatement is counted only after a no-regret state; level support equals base CAPEX times estimated share; residual exposure equals 1-theta.,"Rule-based mechanism screen, not a completed cost-gap, contract-pricing or system-abatement result."
POSCO,POSCO,KR_POSCO_POHANG,Pohang Steelworks,Korea,steel,base,BHL,screening capital-equivalent level support applied,reduced; central cost level held unchanged,0.8,0,0,contract-dependent,no-regret,yes,yes,hydrogen and clean electricity,12447810891.2,9958248712.96,31430722.5,23573041.875,23573041.875,23573041.875,7857680.625,not_modelled; leakage and replacement production pending,0.2,hydrogen and clean electricity,NA,company ratio reported in company support table,Modelled,D,IEA_STEEL_BREAKTHROUGH_2025|NEDO_H2_STEEL_2026|POSCO_CLIMATE_2026|POSCO_ESG_2025,Status-transition rule by B0/BH/BL/BHL; abatement is counted only after a no-regret state; level support equals base CAPEX times estimated share; residual exposure equals 1-theta.,"Rule-based mechanism screen, not a completed cost-gap, contract-pricing or system-abatement result."
POSCO,POSCO,KR_POSCO_GWANGYANG,Gwangyang Steelworks,Korea,steel,base,B0,unchanged,unchanged,0,0,0,price-conditional,price-conditional,no,no,scrap and electricity,5705246658.3,0,38415327.5,28811495.625,0,0,38415327.5,not_modelled; leakage and replacement production pending,1,scrap and electricity,NA,company ratio reported in company support table,Modelled,D,POSCO_CLIMATE_2026|POSCO_ESG_2025,Status-transition rule by B0/BH/BL/BHL; abatement is counted only after a no-regret state; level support equals base CAPEX times estimated share; residual exposure equals 1-theta.,"Rule-based mechanism screen, not a completed cost-gap, contract-pricing or system-abatement result."
POSCO,POSCO,KR_POSCO_GWANGYANG,Gwangyang Steelworks,Korea,steel,base,BH,unchanged,reduced; central cost level held unchanged,0.7,0,0,price-conditional,no-regret,yes,yes,scrap and electricity,5705246658.3,3993672660.81,38415327.5,28811495.625,28811495.625,28811495.625,9603831.875,not_modelled; leakage and replacement production pending,0.3,scrap and electricity,NA,company ratio reported in company support table,Modelled,D,POSCO_CLIMATE_2026|POSCO_ESG_2025,Status-transition rule by B0/BH/BL/BHL; abatement is counted only after a no-regret state; level support equals base CAPEX times estimated share; residual exposure equals 1-theta.,"Rule-based mechanism screen, not a completed cost-gap, contract-pricing or system-abatement result."
POSCO,POSCO,KR_POSCO_GWANGYANG,Gwangyang Steelworks,Korea,steel,base,BL,screening capital-equivalent level support applied,unchanged,0,0,0,price-conditional,price-conditional,no,no,scrap and electricity,5705246658.3,0,38415327.5,28811495.625,0,0,38415327.5,not_modelled; leakage and replacement production pending,1,scrap and electricity,NA,company ratio reported in company support table,Modelled,D,POSCO_CLIMATE_2026|POSCO_ESG_2025,Status-transition rule by B0/BH/BL/BHL; abatement is counted only after a no-regret state; level support equals base CAPEX times estimated share; residual exposure equals 1-theta.,"Rule-based mechanism screen, not a completed cost-gap, contract-pricing or system-abatement result."
POSCO,POSCO,KR_POSCO_GWANGYANG,Gwangyang Steelworks,Korea,steel,base,BHL,screening capital-equivalent level support applied,reduced; central cost level held unchanged,0.7,0,0,price-conditional,no-regret,yes,yes,scrap and electricity,5705246658.3,3993672660.81,38415327.5,28811495.625,28811495.625,28811495.625,9603831.875,not_modelled; leakage and replacement production pending,0.3,scrap and electricity,NA,company ratio reported in company support table,Modelled,D,POSCO_CLIMATE_2026|POSCO_ESG_2025,Status-transition rule by B0/BH/BL/BHL; abatement is counted only after a no-regret state; level support equals base CAPEX times estimated share; residual exposure equals 1-theta.,"Rule-based mechanism screen, not a completed cost-gap, contract-pricing or system-abatement result."
NIPPON_STEEL,Nippon Steel Corporation,JP_NSC_MURORAN,North Nippon Works Muroran Area,Japan,steel,base,B0,unchanged,unchanged,0,0,0,contract-dependent,contract-dependent,no,no,hydrogen and clean electricity,992000000,0,2808948.394,2106711.2955,0,0,2808948.394,not_modelled; leakage and replacement production pending,1,hydrogen and clean electricity,NA,company ratio reported in company support table,Modelled,D,IEA_STEEL_BREAKTHROUGH_2025|NEDO_H2_STEEL_2026|NSC_DB_2025,Status-transition rule by B0/BH/BL/BHL; abatement is counted only after a no-regret state; level support equals base CAPEX times estimated share; residual exposure equals 1-theta.,"Rule-based mechanism screen, not a completed cost-gap, contract-pricing or system-abatement result."
NIPPON_STEEL,Nippon Steel Corporation,JP_NSC_MURORAN,North Nippon Works Muroran Area,Japan,steel,base,BH,unchanged,reduced; central cost level held unchanged,0.8,0,0,contract-dependent,no-regret,yes,yes,hydrogen and clean electricity,992000000,793600000,2808948.394,2106711.2955,2106711.2955,2106711.2955,702237.0985,not_modelled; leakage and replacement production pending,0.2,hydrogen and clean electricity,NA,company ratio reported in company support table,Modelled,D,IEA_STEEL_BREAKTHROUGH_2025|NEDO_H2_STEEL_2026|NSC_DB_2025,Status-transition rule by B0/BH/BL/BHL; abatement is counted only after a no-regret state; level support equals base CAPEX times estimated share; residual exposure equals 1-theta.,"Rule-based mechanism screen, not a completed cost-gap, contract-pricing or system-abatement result."
NIPPON_STEEL,Nippon Steel Corporation,JP_NSC_MURORAN,North Nippon Works Muroran Area,Japan,steel,base,BL,screening capital-equivalent level support applied,unchanged,0,0,0,contract-dependent,contract-dependent,no,no,hydrogen and clean electricity,992000000,0,2808948.394,2106711.2955,0,0,2808948.394,not_modelled; leakage and replacement production pending,1,hydrogen and clean electricity,NA,company ratio reported in company support table,Modelled,D,IEA_STEEL_BREAKTHROUGH_2025|NEDO_H2_STEEL_2026|NSC_DB_2025,Status-transition rule by B0/BH/BL/BHL; abatement is counted only after a no-regret state; level support equals base CAPEX times estimated share; residual exposure equals 1-theta.,"Rule-based mechanism screen, not a completed cost-gap, contract-pricing or system-abatement result."
NIPPON_STEEL,Nippon Steel Corporation,JP_NSC_MURORAN,North Nippon Works Muroran Area,Japan,steel,base,BHL,screening capital-equivalent level support applied,reduced; central cost level held unchanged,0.8,0,0,contract-dependent,no-regret,yes,yes,hydrogen and clean electricity,992000000,793600000,2808948.394,2106711.2955,2106711.2955,2106711.2955,702237.0985,not_modelled; leakage and replacement production pending,0.2,hydrogen and clean electricity,NA,company ratio reported in company support table,Modelled,D,IEA_STEEL_BREAKTHROUGH_2025|NEDO_H2_STEEL_2026|NSC_DB_2025,Status-transition rule by B0/BH/BL/BHL; abatement is counted only after a no-regret state; level support equals base CAPEX times estimated share; residual exposure equals 1-theta.,"Rule-based mechanism screen, not a completed cost-gap, contract-pricing or system-abatement result."
NIPPON_STEEL,Nippon Steel Corporation,JP_NSC_KASHIMA,East Nippon Works Kashima Area,Japan,steel,base,B0,unchanged,unchanged,0,0,0,contract-dependent,contract-dependent,no,no,hydrogen and clean electricity,4872000000,0,13795561.067,10346670.80025,0,0,13795561.067,not_modelled; leakage and replacement production pending,1,hydrogen and clean electricity,NA,company ratio reported in company support table,Modelled,D,IEA_STEEL_BREAKTHROUGH_2025|NEDO_H2_STEEL_2026|NSC_DB_2025,Status-transition rule by B0/BH/BL/BHL; abatement is counted only after a no-regret state; level support equals base CAPEX times estimated share; residual exposure equals 1-theta.,"Rule-based mechanism screen, not a completed cost-gap, contract-pricing or system-abatement result."
NIPPON_STEEL,Nippon Steel Corporation,JP_NSC_KASHIMA,East Nippon Works Kashima Area,Japan,steel,base,BH,unchanged,reduced; central cost level held unchanged,0.8,0,0,contract-dependent,no-regret,yes,yes,hydrogen and clean electricity,4872000000,3897600000,13795561.067,10346670.80025,10346670.80025,10346670.80025,3448890.26675,not_modelled; leakage and replacement production pending,0.2,hydrogen and clean electricity,NA,company ratio reported in company support table,Modelled,D,IEA_STEEL_BREAKTHROUGH_2025|NEDO_H2_STEEL_2026|NSC_DB_2025,Status-transition rule by B0/BH/BL/BHL; abatement is counted only after a no-regret state; level support equals base CAPEX times estimated share; residual exposure equals 1-theta.,"Rule-based mechanism screen, not a completed cost-gap, contract-pricing or system-abatement result."
NIPPON_STEEL,Nippon Steel Corporation,JP_NSC_KASHIMA,East Nippon Works Kashima Area,Japan,steel,base,BL,screening capital-equivalent level support applied,unchanged,0,0,0,contract-dependent,contract-dependent,no,no,hydrogen and clean electricity,4872000000,0,13795561.067,10346670.80025,0,0,13795561.067,not_modelled; leakage and replacement production pending,1,hydrogen and clean electricity,NA,company ratio reported in company support table,Modelled,D,IEA_STEEL_BREAKTHROUGH_2025|NEDO_H2_STEEL_2026|NSC_DB_2025,Status-transition rule by B0/BH/BL/BHL; abatement is counted only after a no-regret state; level support equals base CAPEX times estimated share; residual exposure equals 1-theta.,"Rule-based mechanism screen, not a completed cost-gap, contract-pricing or system-abatement result."
NIPPON_STEEL,Nippon Steel Corporation,JP_NSC_KASHIMA,East Nippon Works Kashima Area,Japan,steel,base,BHL,screening capital-equivalent level support applied,reduced; central cost level held unchanged,0.8,0,0,contract-dependent,no-regret,yes,yes,hydrogen and clean electricity,4872000000,3897600000,13795561.067,10346670.80025,10346670.80025,10346670.80025,3448890.26675,not_modelled; leakage and replacement production pending,0.2,hydrogen and clean electricity,NA,company ratio reported in company support table,Modelled,D,IEA_STEEL_BREAKTHROUGH_2025|NEDO_H2_STEEL_2026|NSC_DB_2025,Status-transition rule by B0/BH/BL/BHL; abatement is counted only after a no-regret state; level support equals base CAPEX times estimated share; residual exposure equals 1-theta.,"Rule-based mechanism screen, not a completed cost-gap, contract-pricing or system-abatement result."
NIPPON_STEEL,Nippon Steel Corporation,JP_NSC_KIMITSU,East Nippon Works Kimitsu Area,Japan,steel,base,B0,unchanged,unchanged,0,0,0,contract-dependent,contract-dependent,no,no,hydrogen and clean electricity,5280000000,0,14950854.358,11213140.7685,0,0,14950854.358,not_modelled; leakage and replacement production pending,1,hydrogen and clean electricity,NA,company ratio reported in company support table,Modelled,D,IEA_STEEL_BREAKTHROUGH_2025|NEDO_H2_STEEL_2026|NSC_DB_2025,Status-transition rule by B0/BH/BL/BHL; abatement is counted only after a no-regret state; level support equals base CAPEX times estimated share; residual exposure equals 1-theta.,"Rule-based mechanism screen, not a completed cost-gap, contract-pricing or system-abatement result."
NIPPON_STEEL,Nippon Steel Corporation,JP_NSC_KIMITSU,East Nippon Works Kimitsu Area,Japan,steel,base,BH,unchanged,reduced; central cost level held unchanged,0.8,0,0,contract-dependent,no-regret,yes,yes,hydrogen and clean electricity,5280000000,4224000000,14950854.358,11213140.7685,11213140.7685,11213140.7685,3737713.5895,not_modelled; leakage and replacement production pending,0.2,hydrogen and clean electricity,NA,company ratio reported in company support table,Modelled,D,IEA_STEEL_BREAKTHROUGH_2025|NEDO_H2_STEEL_2026|NSC_DB_2025,Status-transition rule by B0/BH/BL/BHL; abatement is counted only after a no-regret state; level support equals base CAPEX times estimated share; residual exposure equals 1-theta.,"Rule-based mechanism screen, not a completed cost-gap, contract-pricing or system-abatement result."
NIPPON_STEEL,Nippon Steel Corporation,JP_NSC_KIMITSU,East Nippon Works Kimitsu Area,Japan,steel,base,BL,screening capital-equivalent level support applied,unchanged,0,0,0,contract-dependent,contract-dependent,no,no,hydrogen and clean electricity,5280000000,0,14950854.358,11213140.7685,0,0,14950854.358,not_modelled; leakage and replacement production pending,1,hydrogen and clean electricity,NA,company ratio reported in company support table,Modelled,D,IEA_STEEL_BREAKTHROUGH_2025|NEDO_H2_STEEL_2026|NSC_DB_2025,Status-transition rule by B0/BH/BL/BHL; abatement is counted only after a no-regret state; level support equals base CAPEX times estimated share; residual exposure equals 1-theta.,"Rule-based mechanism screen, not a completed cost-gap, contract-pricing or system-abatement result."
NIPPON_STEEL,Nippon Steel Corporation,JP_NSC_KIMITSU,East Nippon Works Kimitsu Area,Japan,steel,base,BHL,screening capital-equivalent level support applied,reduced; central cost level held unchanged,0.8,0,0,contract-dependent,no-regret,yes,yes,hydrogen and clean electricity,5280000000,4224000000,14950854.358,11213140.7685,11213140.7685,11213140.7685,3737713.5895,not_modelled; leakage and replacement production pending,0.2,hydrogen and clean electricity,NA,company ratio reported in company support table,Modelled,D,IEA_STEEL_BREAKTHROUGH_2025|NEDO_H2_STEEL_2026|NSC_DB_2025,Status-transition rule by B0/BH/BL/BHL; abatement is counted only after a no-regret state; level support equals base CAPEX times estimated share; residual exposure equals 1-theta.,"Rule-based mechanism screen, not a completed cost-gap, contract-pricing or system-abatement result."
NIPPON_STEEL,Nippon Steel Corporation,JP_NSC_NAGOYA,Nagoya Works,Japan,steel,base,B0,unchanged,unchanged,0,0,0,contract-dependent,contract-dependent,no,no,hydrogen and clean electricity,4376000000,0,12391086.869,9293315.15175,0,0,12391086.869,not_modelled; leakage and replacement production pending,1,hydrogen and clean electricity,NA,company ratio reported in company support table,Modelled,D,IEA_STEEL_BREAKTHROUGH_2025|NEDO_H2_STEEL_2026|NSC_DB_2025,Status-transition rule by B0/BH/BL/BHL; abatement is counted only after a no-regret state; level support equals base CAPEX times estimated share; residual exposure equals 1-theta.,"Rule-based mechanism screen, not a completed cost-gap, contract-pricing or system-abatement result."
NIPPON_STEEL,Nippon Steel Corporation,JP_NSC_NAGOYA,Nagoya Works,Japan,steel,base,BH,unchanged,reduced; central cost level held unchanged,0.8,0,0,contract-dependent,no-regret,yes,yes,hydrogen and clean electricity,4376000000,3500800000,12391086.869,9293315.15175,9293315.15175,9293315.15175,3097771.71725,not_modelled; leakage and replacement production pending,0.2,hydrogen and clean electricity,NA,company ratio reported in company support table,Modelled,D,IEA_STEEL_BREAKTHROUGH_2025|NEDO_H2_STEEL_2026|NSC_DB_2025,Status-transition rule by B0/BH/BL/BHL; abatement is counted only after a no-regret state; level support equals base CAPEX times estimated share; residual exposure equals 1-theta.,"Rule-based mechanism screen, not a completed cost-gap, contract-pricing or system-abatement result."
NIPPON_STEEL,Nippon Steel Corporation,JP_NSC_NAGOYA,Nagoya Works,Japan,steel,base,BL,screening capital-equivalent level support applied,unchanged,0,0,0,contract-dependent,contract-dependent,no,no,hydrogen and clean electricity,4376000000,0,12391086.869,9293315.15175,0,0,12391086.869,not_modelled; leakage and replacement production pending,1,hydrogen and clean electricity,NA,company ratio reported in company support table,Modelled,D,IEA_STEEL_BREAKTHROUGH_2025|NEDO_H2_STEEL_2026|NSC_DB_2025,Status-transition rule by B0/BH/BL/BHL; abatement is counted only after a no-regret state; level support equals base CAPEX times estimated share; residual exposure equals 1-theta.,"Rule-based mechanism screen, not a completed cost-gap, contract-pricing or system-abatement result."
NIPPON_STEEL,Nippon Steel Corporation,JP_NSC_NAGOYA,Nagoya Works,Japan,steel,base,BHL,screening capital-equivalent level support applied,reduced; central cost level held unchanged,0.8,0,0,contract-dependent,no-regret,yes,yes,hydrogen and clean electricity,4376000000,3500800000,12391086.869,9293315.15175,9293315.15175,9293315.15175,3097771.71725,not_modelled; leakage and replacement production pending,0.2,hydrogen and clean electricity,NA,company ratio reported in company support table,Modelled,D,IEA_STEEL_BREAKTHROUGH_2025|NEDO_H2_STEEL_2026|NSC_DB_2025,Status-transition rule by B0/BH/BL/BHL; abatement is counted only after a no-regret state; level support equals base CAPEX times estimated share; residual exposure equals 1-theta.,"Rule-based mechanism screen, not a completed cost-gap, contract-pricing or system-abatement result."
NIPPON_STEEL,Nippon Steel Corporation,JP_NSC_WAKAYAMA,Kansai Works Wakayama Area,Japan,steel,base,B0,unchanged,unchanged,0,0,0,contract-dependent,contract-dependent,no,no,hydrogen and clean electricity,1744000000,0,4938312.5,3703734.375,0,0,4938312.5,not_modelled; leakage and replacement production pending,1,hydrogen and clean electricity,NA,company ratio reported in company support table,Modelled,D,IEA_STEEL_BREAKTHROUGH_2025|NEDO_H2_STEEL_2026|NSC_DB_2025,Status-transition rule by B0/BH/BL/BHL; abatement is counted only after a no-regret state; level support equals base CAPEX times estimated share; residual exposure equals 1-theta.,"Rule-based mechanism screen, not a completed cost-gap, contract-pricing or system-abatement result."
NIPPON_STEEL,Nippon Steel Corporation,JP_NSC_WAKAYAMA,Kansai Works Wakayama Area,Japan,steel,base,BH,unchanged,reduced; central cost level held unchanged,0.8,0,0,contract-dependent,no-regret,yes,yes,hydrogen and clean electricity,1744000000,1395200000,4938312.5,3703734.375,3703734.375,3703734.375,1234578.125,not_modelled; leakage and replacement production pending,0.2,hydrogen and clean electricity,NA,company ratio reported in company support table,Modelled,D,IEA_STEEL_BREAKTHROUGH_2025|NEDO_H2_STEEL_2026|NSC_DB_2025,Status-transition rule by B0/BH/BL/BHL; abatement is counted only after a no-regret state; level support equals base CAPEX times estimated share; residual exposure equals 1-theta.,"Rule-based mechanism screen, not a completed cost-gap, contract-pricing or system-abatement result."
NIPPON_STEEL,Nippon Steel Corporation,JP_NSC_WAKAYAMA,Kansai Works Wakayama Area,Japan,steel,base,BL,screening capital-equivalent level support applied,unchanged,0,0,0,contract-dependent,contract-dependent,no,no,hydrogen and clean electricity,1744000000,0,4938312.5,3703734.375,0,0,4938312.5,not_modelled; leakage and replacement production pending,1,hydrogen and clean electricity,NA,company ratio reported in company support table,Modelled,D,IEA_STEEL_BREAKTHROUGH_2025|NEDO_H2_STEEL_2026|NSC_DB_2025,Status-transition rule by B0/BH/BL/BHL; abatement is counted only after a no-regret state; level support equals base CAPEX times estimated share; residual exposure equals 1-theta.,"Rule-based mechanism screen, not a completed cost-gap, contract-pricing or system-abatement result."
NIPPON_STEEL,Nippon Steel Corporation,JP_NSC_WAKAYAMA,Kansai Works Wakayama Area,Japan,steel,base,BHL,screening capital-equivalent level support applied,reduced; central cost level held unchanged,0.8,0,0,contract-dependent,no-regret,yes,yes,hydrogen and clean electricity,1744000000,1395200000,4938312.5,3703734.375,3703734.375,3703734.375,1234578.125,not_modelled; leakage and replacement production pending,0.2,hydrogen and clean electricity,NA,company ratio reported in company support table,Modelled,D,IEA_STEEL_BREAKTHROUGH_2025|NEDO_H2_STEEL_2026|NSC_DB_2025,Status-transition rule by B0/BH/BL/BHL; abatement is counted only after a no-regret state; level support equals base CAPEX times estimated share; residual exposure equals 1-theta.,"Rule-based mechanism screen, not a completed cost-gap, contract-pricing or system-abatement result."
NIPPON_STEEL,Nippon Steel Corporation,JP_NSC_OSAKA,Kansai Works Osaka Area,Japan,steel,base,B0,unchanged,unchanged,0,0,0,price-conditional,price-conditional,no,no,electricity,1500000,0,67958.429,6795.8429,0,0,67958.429,not_modelled; leakage and replacement production pending,1,electricity,NA,company ratio reported in company support table,Modelled,D,NSC_DB_2025|POSCO_CLIMATE_2026,Status-transition rule by B0/BH/BL/BHL; abatement is counted only after a no-regret state; level support equals base CAPEX times estimated share; residual exposure equals 1-theta.,"Rule-based mechanism screen, not a completed cost-gap, contract-pricing or system-abatement result."
NIPPON_STEEL,Nippon Steel Corporation,JP_NSC_OSAKA,Kansai Works Osaka Area,Japan,steel,base,BH,unchanged,reduced; central cost level held unchanged,0.7,0,0,price-conditional,no-regret,yes,yes,electricity,1500000,1050000,67958.429,6795.8429,6795.8429,6795.8429,61162.5861,not_modelled; leakage and replacement production pending,0.3,electricity,NA,company ratio reported in company support table,Modelled,D,NSC_DB_2025|POSCO_CLIMATE_2026,Status-transition rule by B0/BH/BL/BHL; abatement is counted only after a no-regret state; level support equals base CAPEX times estimated share; residual exposure equals 1-theta.,"Rule-based mechanism screen, not a completed cost-gap, contract-pricing or system-abatement result."
NIPPON_STEEL,Nippon Steel Corporation,JP_NSC_OSAKA,Kansai Works Osaka Area,Japan,steel,base,BL,screening capital-equivalent level support applied,unchanged,0,0,0,price-conditional,price-conditional,no,no,electricity,1500000,0,67958.429,6795.8429,0,0,67958.429,not_modelled; leakage and replacement production pending,1,electricity,NA,company ratio reported in company support table,Modelled,D,NSC_DB_2025|POSCO_CLIMATE_2026,Status-transition rule by B0/BH/BL/BHL; abatement is counted only after a no-regret state; level support equals base CAPEX times estimated share; residual exposure equals 1-theta.,"Rule-based mechanism screen, not a completed cost-gap, contract-pricing or system-abatement result."
NIPPON_STEEL,Nippon Steel Corporation,JP_NSC_OSAKA,Kansai Works Osaka Area,Japan,steel,base,BHL,screening capital-equivalent level support applied,reduced; central cost level held unchanged,0.7,0,0,price-conditional,no-regret,yes,yes,electricity,1500000,1050000,67958.429,6795.8429,6795.8429,6795.8429,61162.5861,not_modelled; leakage and replacement production pending,0.3,electricity,NA,company ratio reported in company support table,Modelled,D,NSC_DB_2025|POSCO_CLIMATE_2026,Status-transition rule by B0/BH/BL/BHL; abatement is counted only after a no-regret state; level support equals base CAPEX times estimated share; residual exposure equals 1-theta.,"Rule-based mechanism screen, not a completed cost-gap, contract-pricing or system-abatement result."
NIPPON_STEEL,Nippon Steel Corporation,JP_NSC_HIROHATA,Setouchi Works Hirohata Area,Japan,steel,base,B0,unchanged,unchanged,0,0,0,price-conditional,price-conditional,no,no,electricity,30500000,0,1381821.388,138182.1388,0,0,1381821.388,not_modelled; leakage and replacement production pending,1,electricity,NA,company ratio reported in company support table,Modelled,D,NSC_DB_2025|POSCO_CLIMATE_2026,Status-transition rule by B0/BH/BL/BHL; abatement is counted only after a no-regret state; level support equals base CAPEX times estimated share; residual exposure equals 1-theta.,"Rule-based mechanism screen, not a completed cost-gap, contract-pricing or system-abatement result."
NIPPON_STEEL,Nippon Steel Corporation,JP_NSC_HIROHATA,Setouchi Works Hirohata Area,Japan,steel,base,BH,unchanged,reduced; central cost level held unchanged,0.7,0,0,price-conditional,no-regret,yes,yes,electricity,30500000,21350000,1381821.388,138182.1388,138182.1388,138182.1388,1243639.2492,not_modelled; leakage and replacement production pending,0.3,electricity,NA,company ratio reported in company support table,Modelled,D,NSC_DB_2025|POSCO_CLIMATE_2026,Status-transition rule by B0/BH/BL/BHL; abatement is counted only after a no-regret state; level support equals base CAPEX times estimated share; residual exposure equals 1-theta.,"Rule-based mechanism screen, not a completed cost-gap, contract-pricing or system-abatement result."
NIPPON_STEEL,Nippon Steel Corporation,JP_NSC_HIROHATA,Setouchi Works Hirohata Area,Japan,steel,base,BL,screening capital-equivalent level support applied,unchanged,0,0,0,price-conditional,price-conditional,no,no,electricity,30500000,0,1381821.388,138182.1388,0,0,1381821.388,not_modelled; leakage and replacement production pending,1,electricity,NA,company ratio reported in company support table,Modelled,D,NSC_DB_2025|POSCO_CLIMATE_2026,Status-transition rule by B0/BH/BL/BHL; abatement is counted only after a no-regret state; level support equals base CAPEX times estimated share; residual exposure equals 1-theta.,"Rule-based mechanism screen, not a completed cost-gap, contract-pricing or system-abatement result."
NIPPON_STEEL,Nippon Steel Corporation,JP_NSC_HIROHATA,Setouchi Works Hirohata Area,Japan,steel,base,BHL,screening capital-equivalent level support applied,reduced; central cost level held unchanged,0.7,0,0,price-conditional,no-regret,yes,yes,electricity,30500000,21350000,1381821.388,138182.1388,138182.1388,138182.1388,1243639.2492,not_modelled; leakage and replacement production pending,0.3,electricity,NA,company ratio reported in company support table,Modelled,D,NSC_DB_2025|POSCO_CLIMATE_2026,Status-transition rule by B0/BH/BL/BHL; abatement is counted only after a no-regret state; level support equals base CAPEX times estimated share; residual exposure equals 1-theta.,"Rule-based mechanism screen, not a completed cost-gap, contract-pricing or system-abatement result."
NIPPON_STEEL,Nippon Steel Corporation,JP_NSC_HIKARI,Setouchi Works Yamaguchi Hikari Area,Japan,steel,base,B0,unchanged,unchanged,0,0,0,price-conditional,price-conditional,no,no,electricity,20500000,0,928765.195,92876.5195,0,0,928765.195,not_modelled; leakage and replacement production pending,1,electricity,NA,company ratio reported in company support table,Modelled,D,NSC_DB_2025|POSCO_CLIMATE_2026,Status-transition rule by B0/BH/BL/BHL; abatement is counted only after a no-regret state; level support equals base CAPEX times estimated share; residual exposure equals 1-theta.,"Rule-based mechanism screen, not a completed cost-gap, contract-pricing or system-abatement result."
NIPPON_STEEL,Nippon Steel Corporation,JP_NSC_HIKARI,Setouchi Works Yamaguchi Hikari Area,Japan,steel,base,BH,unchanged,reduced; central cost level held unchanged,0.7,0,0,price-conditional,no-regret,yes,yes,electricity,20500000,14350000,928765.195,92876.5195,92876.5195,92876.5195,835888.6755,not_modelled; leakage and replacement production pending,0.3,electricity,NA,company ratio reported in company support table,Modelled,D,NSC_DB_2025|POSCO_CLIMATE_2026,Status-transition rule by B0/BH/BL/BHL; abatement is counted only after a no-regret state; level support equals base CAPEX times estimated share; residual exposure equals 1-theta.,"Rule-based mechanism screen, not a completed cost-gap, contract-pricing or system-abatement result."
NIPPON_STEEL,Nippon Steel Corporation,JP_NSC_HIKARI,Setouchi Works Yamaguchi Hikari Area,Japan,steel,base,BL,screening capital-equivalent level support applied,unchanged,0,0,0,price-conditional,price-conditional,no,no,electricity,20500000,0,928765.195,92876.5195,0,0,928765.195,not_modelled; leakage and replacement production pending,1,electricity,NA,company ratio reported in company support table,Modelled,D,NSC_DB_2025|POSCO_CLIMATE_2026,Status-transition rule by B0/BH/BL/BHL; abatement is counted only after a no-regret state; level support equals base CAPEX times estimated share; residual exposure equals 1-theta.,"Rule-based mechanism screen, not a completed cost-gap, contract-pricing or system-abatement result."
NIPPON_STEEL,Nippon Steel Corporation,JP_NSC_HIKARI,Setouchi Works Yamaguchi Hikari Area,Japan,steel,base,BHL,screening capital-equivalent level support applied,reduced; central cost level held unchanged,0.7,0,0,price-conditional,no-regret,yes,yes,electricity,20500000,14350000,928765.195,92876.5195,92876.5195,92876.5195,835888.6755,not_modelled; leakage and replacement production pending,0.3,electricity,NA,company ratio reported in company support table,Modelled,D,NSC_DB_2025|POSCO_CLIMATE_2026,Status-transition rule by B0/BH/BL/BHL; abatement is counted only after a no-regret state; level support equals base CAPEX times estimated share; residual exposure equals 1-theta.,"Rule-based mechanism screen, not a completed cost-gap, contract-pricing or system-abatement result."
NIPPON_STEEL,Nippon Steel Corporation,JP_NSC_SHUNAN,Setouchi Works Yamaguchi Shunan Area,Japan,steel,base,B0,unchanged,unchanged,0,0,0,price-conditional,price-conditional,no,no,electricity,10000000,0,453056.193,45305.6193,0,0,453056.193,not_modelled; leakage and replacement production pending,1,electricity,NA,company ratio reported in company support table,Modelled,D,NSC_DB_2025|POSCO_CLIMATE_2026,Status-transition rule by B0/BH/BL/BHL; abatement is counted only after a no-regret state; level support equals base CAPEX times estimated share; residual exposure equals 1-theta.,"Rule-based mechanism screen, not a completed cost-gap, contract-pricing or system-abatement result."
NIPPON_STEEL,Nippon Steel Corporation,JP_NSC_SHUNAN,Setouchi Works Yamaguchi Shunan Area,Japan,steel,base,BH,unchanged,reduced; central cost level held unchanged,0.7,0,0,price-conditional,no-regret,yes,yes,electricity,10000000,7000000,453056.193,45305.6193,45305.6193,45305.6193,407750.5737,not_modelled; leakage and replacement production pending,0.3,electricity,NA,company ratio reported in company support table,Modelled,D,NSC_DB_2025|POSCO_CLIMATE_2026,Status-transition rule by B0/BH/BL/BHL; abatement is counted only after a no-regret state; level support equals base CAPEX times estimated share; residual exposure equals 1-theta.,"Rule-based mechanism screen, not a completed cost-gap, contract-pricing or system-abatement result."
NIPPON_STEEL,Nippon Steel Corporation,JP_NSC_SHUNAN,Setouchi Works Yamaguchi Shunan Area,Japan,steel,base,BL,screening capital-equivalent level support applied,unchanged,0,0,0,price-conditional,price-conditional,no,no,electricity,10000000,0,453056.193,45305.6193,0,0,453056.193,not_modelled; leakage and replacement production pending,1,electricity,NA,company ratio reported in company support table,Modelled,D,NSC_DB_2025|POSCO_CLIMATE_2026,Status-transition rule by B0/BH/BL/BHL; abatement is counted only after a no-regret state; level support equals base CAPEX times estimated share; residual exposure equals 1-theta.,"Rule-based mechanism screen, not a completed cost-gap, contract-pricing or system-abatement result."
NIPPON_STEEL,Nippon Steel Corporation,JP_NSC_SHUNAN,Setouchi Works Yamaguchi Shunan Area,Japan,steel,base,BHL,screening capital-equivalent level support applied,reduced; central cost level held unchanged,0.7,0,0,price-conditional,no-regret,yes,yes,electricity,10000000,7000000,453056.193,45305.6193,45305.6193,45305.6193,407750.5737,not_modelled; leakage and replacement production pending,0.3,electricity,NA,company ratio reported in company support table,Modelled,D,NSC_DB_2025|POSCO_CLIMATE_2026,Status-transition rule by B0/BH/BL/BHL; abatement is counted only after a no-regret state; level support equals base CAPEX times estimated share; residual exposure equals 1-theta.,"Rule-based mechanism screen, not a completed cost-gap, contract-pricing or system-abatement result."
NIPPON_STEEL,Nippon Steel Corporation,JP_NSC_YAWATA,Kyushu Works Yawata Area,Japan,steel,base,B0,unchanged,unchanged,0,0,0,contract-dependent,contract-dependent,no,no,hydrogen and clean electricity,2960000000,0,8381539.564,6286154.673,0,0,8381539.564,not_modelled; leakage and replacement production pending,1,hydrogen and clean electricity,NA,company ratio reported in company support table,Modelled,D,IEA_STEEL_BREAKTHROUGH_2025|NEDO_H2_STEEL_2026|NSC_DB_2025,Status-transition rule by B0/BH/BL/BHL; abatement is counted only after a no-regret state; level support equals base CAPEX times estimated share; residual exposure equals 1-theta.,"Rule-based mechanism screen, not a completed cost-gap, contract-pricing or system-abatement result."
NIPPON_STEEL,Nippon Steel Corporation,JP_NSC_YAWATA,Kyushu Works Yawata Area,Japan,steel,base,BH,unchanged,reduced; central cost level held unchanged,0.8,0,0,contract-dependent,no-regret,yes,yes,hydrogen and clean electricity,2960000000,2368000000,8381539.564,6286154.673,6286154.673,6286154.673,2095384.891,not_modelled; leakage and replacement production pending,0.2,hydrogen and clean electricity,NA,company ratio reported in company support table,Modelled,D,IEA_STEEL_BREAKTHROUGH_2025|NEDO_H2_STEEL_2026|NSC_DB_2025,Status-transition rule by B0/BH/BL/BHL; abatement is counted only after a no-regret state; level support equals base CAPEX times estimated share; residual exposure equals 1-theta.,"Rule-based mechanism screen, not a completed cost-gap, contract-pricing or system-abatement result."
NIPPON_STEEL,Nippon Steel Corporation,JP_NSC_YAWATA,Kyushu Works Yawata Area,Japan,steel,base,BL,screening capital-equivalent level support applied,unchanged,0,0,0,contract-dependent,contract-dependent,no,no,hydrogen and clean electricity,2960000000,0,8381539.564,6286154.673,0,0,8381539.564,not_modelled; leakage and replacement production pending,1,hydrogen and clean electricity,NA,company ratio reported in company support table,Modelled,D,IEA_STEEL_BREAKTHROUGH_2025|NEDO_H2_STEEL_2026|NSC_DB_2025,Status-transition rule by B0/BH/BL/BHL; abatement is counted only after a no-regret state; level support equals base CAPEX times estimated share; residual exposure equals 1-theta.,"Rule-based mechanism screen, not a completed cost-gap, contract-pricing or system-abatement result."
NIPPON_STEEL,Nippon Steel Corporation,JP_NSC_YAWATA,Kyushu Works Yawata Area,Japan,steel,base,BHL,screening capital-equivalent level support applied,reduced; central cost level held unchanged,0.8,0,0,contract-dependent,no-regret,yes,yes,hydrogen and clean electricity,2960000000,2368000000,8381539.564,6286154.673,6286154.673,6286154.673,2095384.891,not_modelled; leakage and replacement production pending,0.2,hydrogen and clean electricity,NA,company ratio reported in company support table,Modelled,D,IEA_STEEL_BREAKTHROUGH_2025|NEDO_H2_STEEL_2026|NSC_DB_2025,Status-transition rule by B0/BH/BL/BHL; abatement is counted only after a no-regret state; level support equals base CAPEX times estimated share; residual exposure equals 1-theta.,"Rule-based mechanism screen, not a completed cost-gap, contract-pricing or system-abatement result."
NIPPON_STEEL,Nippon Steel Corporation,JP_NSC_OITA,Kyushu Works Oita Area,Japan,steel,base,B0,unchanged,unchanged,0,0,0,contract-dependent,contract-dependent,no,no,hydrogen and clean electricity,6680000000,0,18915096.044,14186322.033,0,0,18915096.044,not_modelled; leakage and replacement production pending,1,hydrogen and clean electricity,NA,company ratio reported in company support table,Modelled,D,IEA_STEEL_BREAKTHROUGH_2025|NEDO_H2_STEEL_2026|NSC_DB_2025,Status-transition rule by B0/BH/BL/BHL; abatement is counted only after a no-regret state; level support equals base CAPEX times estimated share; residual exposure equals 1-theta.,"Rule-based mechanism screen, not a completed cost-gap, contract-pricing or system-abatement result."
NIPPON_STEEL,Nippon Steel Corporation,JP_NSC_OITA,Kyushu Works Oita Area,Japan,steel,base,BH,unchanged,reduced; central cost level held unchanged,0.8,0,0,contract-dependent,no-regret,yes,yes,hydrogen and clean electricity,6680000000,5344000000,18915096.044,14186322.033,14186322.033,14186322.033,4728774.011,not_modelled; leakage and replacement production pending,0.2,hydrogen and clean electricity,NA,company ratio reported in company support table,Modelled,D,IEA_STEEL_BREAKTHROUGH_2025|NEDO_H2_STEEL_2026|NSC_DB_2025,Status-transition rule by B0/BH/BL/BHL; abatement is counted only after a no-regret state; level support equals base CAPEX times estimated share; residual exposure equals 1-theta.,"Rule-based mechanism screen, not a completed cost-gap, contract-pricing or system-abatement result."
NIPPON_STEEL,Nippon Steel Corporation,JP_NSC_OITA,Kyushu Works Oita Area,Japan,steel,base,BL,screening capital-equivalent level support applied,unchanged,0,0,0,contract-dependent,contract-dependent,no,no,hydrogen and clean electricity,6680000000,0,18915096.044,14186322.033,0,0,18915096.044,not_modelled; leakage and replacement production pending,1,hydrogen and clean electricity,NA,company ratio reported in company support table,Modelled,D,IEA_STEEL_BREAKTHROUGH_2025|NEDO_H2_STEEL_2026|NSC_DB_2025,Status-transition rule by B0/BH/BL/BHL; abatement is counted only after a no-regret state; level support equals base CAPEX times estimated share; residual exposure equals 1-theta.,"Rule-based mechanism screen, not a completed cost-gap, contract-pricing or system-abatement result."
NIPPON_STEEL,Nippon Steel Corporation,JP_NSC_OITA,Kyushu Works Oita Area,Japan,steel,base,BHL,screening capital-equivalent level support applied,reduced; central cost level held unchanged,0.8,0,0,contract-dependent,no-regret,yes,yes,hydrogen and clean electricity,6680000000,5344000000,18915096.044,14186322.033,14186322.033,14186322.033,4728774.011,not_modelled; leakage and replacement production pending,0.2,hydrogen and clean electricity,NA,company ratio reported in company support table,Modelled,D,IEA_STEEL_BREAKTHROUGH_2025|NEDO_H2_STEEL_2026|NSC_DB_2025,Status-transition rule by B0/BH/BL/BHL; abatement is counted only after a no-regret state; level support equals base CAPEX times estimated share; residual exposure equals 1-theta.,"Rule-based mechanism screen, not a completed cost-gap, contract-pricing or system-abatement result."
LOTTE_CHEMICAL,LOTTE Chemical Corporation,KR_LOTTE_YEOSU_BASIC,Yeosu Basic Materials Plant,Korea,petrochemicals,base,B0,unchanged,unchanged,0,0,0,level-support-dependent,level-support-dependent,no,no,electricity and technology cost,388653900,0,2591026,1295513,0,0,2591026,not_modelled; leakage and replacement production pending,1,electricity and technology cost,NA,company ratio reported in company support table,Modelled,D,IEA_CTG_2026|IEA_PETCHEM_COST_2018|LOTTE_ESG_2025|MCI_WEST_JAPAN_2026|NA,Status-transition rule by B0/BH/BL/BHL; abatement is counted only after a no-regret state; level support equals base CAPEX times estimated share; residual exposure equals 1-theta.,"Rule-based mechanism screen, not a completed cost-gap, contract-pricing or system-abatement result."
LOTTE_CHEMICAL,LOTTE Chemical Corporation,KR_LOTTE_YEOSU_BASIC,Yeosu Basic Materials Plant,Korea,petrochemicals,base,BH,unchanged,reduced; central cost level held unchanged,0.8,0,0,level-support-dependent,level-support-dependent,no,no,electricity and technology cost,388653900,310923120,2591026,1295513,0,0,2591026,not_modelled; leakage and replacement production pending,0.2,electricity and technology cost,NA,company ratio reported in company support table,Modelled,D,IEA_CTG_2026|IEA_PETCHEM_COST_2018|LOTTE_ESG_2025|MCI_WEST_JAPAN_2026|NA,Status-transition rule by B0/BH/BL/BHL; abatement is counted only after a no-regret state; level support equals base CAPEX times estimated share; residual exposure equals 1-theta.,"Rule-based mechanism screen, not a completed cost-gap, contract-pricing or system-abatement result."
LOTTE_CHEMICAL,LOTTE Chemical Corporation,KR_LOTTE_YEOSU_BASIC,Yeosu Basic Materials Plant,Korea,petrochemicals,base,BL,screening capital-equivalent level support applied,unchanged,0,0.491,190829064.9,level-support-dependent,price-conditional,yes,no,electricity and technology cost,388653900,0,2591026,1295513,0,0,2591026,not_modelled; leakage and replacement production pending,1,electricity and technology cost,NA,company ratio reported in company support table,Modelled,D,IEA_CTG_2026|IEA_PETCHEM_COST_2018|LOTTE_ESG_2025|MCI_WEST_JAPAN_2026|NA,Status-transition rule by B0/BH/BL/BHL; abatement is counted only after a no-regret state; level support equals base CAPEX times estimated share; residual exposure equals 1-theta.,"Rule-based mechanism screen, not a completed cost-gap, contract-pricing or system-abatement result."
LOTTE_CHEMICAL,LOTTE Chemical Corporation,KR_LOTTE_YEOSU_BASIC,Yeosu Basic Materials Plant,Korea,petrochemicals,base,BHL,screening capital-equivalent level support applied,reduced; central cost level held unchanged,0.8,0.491,190829064.9,level-support-dependent,no-regret,yes,yes,electricity and technology cost,388653900,310923120,2591026,1295513,1295513,1295513,1295513,not_modelled; leakage and replacement production pending,0.2,electricity and technology cost,NA,company ratio reported in company support table,Modelled,D,IEA_CTG_2026|IEA_PETCHEM_COST_2018|LOTTE_ESG_2025|MCI_WEST_JAPAN_2026|NA,Status-transition rule by B0/BH/BL/BHL; abatement is counted only after a no-regret state; level support equals base CAPEX times estimated share; residual exposure equals 1-theta.,"Rule-based mechanism screen, not a completed cost-gap, contract-pricing or system-abatement result."
LOTTE_CHEMICAL,LOTTE Chemical Corporation,KR_LOTTE_YEOSU_ADVANCED,Yeosu Advanced Materials Plant,Korea,petrochemicals,base,B0,unchanged,unchanged,0,0,0,unmodelled-residual,unmodelled-residual,no,no,unmodelled boundary,0,0,383825,0,0,0,383825,not_modelled; leakage and replacement production pending,NA,not_assessed,NA,company ratio reported in company support table,Not_modelled,D,LOTTE_ESG_2025|NA,Status-transition rule by B0/BH/BL/BHL; abatement is counted only after a no-regret state; level support equals base CAPEX times estimated share; residual exposure equals 1-theta.,"Rule-based mechanism screen, not a completed cost-gap, contract-pricing or system-abatement result."
LOTTE_CHEMICAL,LOTTE Chemical Corporation,KR_LOTTE_YEOSU_ADVANCED,Yeosu Advanced Materials Plant,Korea,petrochemicals,base,BH,unchanged,reduced; central cost level held unchanged,0,0,0,unmodelled-residual,unmodelled-residual,no,no,unmodelled boundary,0,0,383825,0,0,0,383825,not_modelled; leakage and replacement production pending,NA,not_assessed,NA,company ratio reported in company support table,Not_modelled,D,LOTTE_ESG_2025|NA,Status-transition rule by B0/BH/BL/BHL; abatement is counted only after a no-regret state; level support equals base CAPEX times estimated share; residual exposure equals 1-theta.,"Rule-based mechanism screen, not a completed cost-gap, contract-pricing or system-abatement result."
LOTTE_CHEMICAL,LOTTE Chemical Corporation,KR_LOTTE_YEOSU_ADVANCED,Yeosu Advanced Materials Plant,Korea,petrochemicals,base,BL,screening capital-equivalent level support applied,unchanged,0,0,0,unmodelled-residual,unmodelled-residual,no,no,unmodelled boundary,0,0,383825,0,0,0,383825,not_modelled; leakage and replacement production pending,NA,not_assessed,NA,company ratio reported in company support table,Not_modelled,D,LOTTE_ESG_2025|NA,Status-transition rule by B0/BH/BL/BHL; abatement is counted only after a no-regret state; level support equals base CAPEX times estimated share; residual exposure equals 1-theta.,"Rule-based mechanism screen, not a completed cost-gap, contract-pricing or system-abatement result."
LOTTE_CHEMICAL,LOTTE Chemical Corporation,KR_LOTTE_YEOSU_ADVANCED,Yeosu Advanced Materials Plant,Korea,petrochemicals,base,BHL,screening capital-equivalent level support applied,reduced; central cost level held unchanged,0,0,0,unmodelled-residual,unmodelled-residual,no,no,unmodelled boundary,0,0,383825,0,0,0,383825,not_modelled; leakage and replacement production pending,NA,not_assessed,NA,company ratio reported in company support table,Not_modelled,D,LOTTE_ESG_2025|NA,Status-transition rule by B0/BH/BL/BHL; abatement is counted only after a no-regret state; level support equals base CAPEX times estimated share; residual exposure equals 1-theta.,"Rule-based mechanism screen, not a completed cost-gap, contract-pricing or system-abatement result."
LOTTE_CHEMICAL,LOTTE Chemical Corporation,KR_LOTTE_DAESAN,Daesan Plant,Korea,petrochemicals,base,B0,unchanged,unchanged,0,0,0,level-support-dependent,level-support-dependent,no,no,"electricity, technology cost and ownership",283302300,0,1888682,944341,0,0,1888682,not_modelled; leakage and replacement production pending,1,"electricity, technology cost and ownership",NA,company ratio reported in company support table,Modelled,D,IEA_CTG_2026|IEA_PETCHEM_COST_2018|LOTTE_ESG_2025|MCI_WEST_JAPAN_2026|NA,Status-transition rule by B0/BH/BL/BHL; abatement is counted only after a no-regret state; level support equals base CAPEX times estimated share; residual exposure equals 1-theta.,"Rule-based mechanism screen, not a completed cost-gap, contract-pricing or system-abatement result."
LOTTE_CHEMICAL,LOTTE Chemical Corporation,KR_LOTTE_DAESAN,Daesan Plant,Korea,petrochemicals,base,BH,unchanged,reduced; central cost level held unchanged,0.8,0,0,level-support-dependent,level-support-dependent,no,no,"electricity, technology cost and ownership",283302300,226641840,1888682,944341,0,0,1888682,not_modelled; leakage and replacement production pending,0.2,"electricity, technology cost and ownership",NA,company ratio reported in company support table,Modelled,D,IEA_CTG_2026|IEA_PETCHEM_COST_2018|LOTTE_ESG_2025|MCI_WEST_JAPAN_2026|NA,Status-transition rule by B0/BH/BL/BHL; abatement is counted only after a no-regret state; level support equals base CAPEX times estimated share; residual exposure equals 1-theta.,"Rule-based mechanism screen, not a completed cost-gap, contract-pricing or system-abatement result."
LOTTE_CHEMICAL,LOTTE Chemical Corporation,KR_LOTTE_DAESAN,Daesan Plant,Korea,petrochemicals,base,BL,screening capital-equivalent level support applied,unchanged,0,0.491,139101429.3,level-support-dependent,price-conditional,yes,no,"electricity, technology cost and ownership",283302300,0,1888682,944341,0,0,1888682,not_modelled; leakage and replacement production pending,1,"electricity, technology cost and ownership",NA,company ratio reported in company support table,Modelled,D,IEA_CTG_2026|IEA_PETCHEM_COST_2018|LOTTE_ESG_2025|MCI_WEST_JAPAN_2026|NA,Status-transition rule by B0/BH/BL/BHL; abatement is counted only after a no-regret state; level support equals base CAPEX times estimated share; residual exposure equals 1-theta.,"Rule-based mechanism screen, not a completed cost-gap, contract-pricing or system-abatement result."
LOTTE_CHEMICAL,LOTTE Chemical Corporation,KR_LOTTE_DAESAN,Daesan Plant,Korea,petrochemicals,base,BHL,screening capital-equivalent level support applied,reduced; central cost level held unchanged,0.8,0.491,139101429.3,level-support-dependent,no-regret,yes,yes,"electricity, technology cost and ownership",283302300,226641840,1888682,944341,944341,944341,944341,not_modelled; leakage and replacement production pending,0.2,"electricity, technology cost and ownership",NA,company ratio reported in company support table,Modelled,D,IEA_CTG_2026|IEA_PETCHEM_COST_2018|LOTTE_ESG_2025|MCI_WEST_JAPAN_2026|NA,Status-transition rule by B0/BH/BL/BHL; abatement is counted only after a no-regret state; level support equals base CAPEX times estimated share; residual exposure equals 1-theta.,"Rule-based mechanism screen, not a completed cost-gap, contract-pricing or system-abatement result."
LOTTE_CHEMICAL,LOTTE Chemical Corporation,KR_LOTTE_ULSAN,Ulsan Plant,Korea,petrochemicals,base,B0,unchanged,unchanged,0,0,0,level-support-dependent,level-support-dependent,no,no,electricity and technology cost,74615100,0,497434,248717,0,0,497434,not_modelled; leakage and replacement production pending,1,electricity and technology cost,NA,company ratio reported in company support table,Modelled,D,IEA_CTG_2026|IEA_PETCHEM_COST_2018|LOTTE_ESG_2025|MCI_WEST_JAPAN_2026|NA,Status-transition rule by B0/BH/BL/BHL; abatement is counted only after a no-regret state; level support equals base CAPEX times estimated share; residual exposure equals 1-theta.,"Rule-based mechanism screen, not a completed cost-gap, contract-pricing or system-abatement result."
LOTTE_CHEMICAL,LOTTE Chemical Corporation,KR_LOTTE_ULSAN,Ulsan Plant,Korea,petrochemicals,base,BH,unchanged,reduced; central cost level held unchanged,0.8,0,0,level-support-dependent,level-support-dependent,no,no,electricity and technology cost,74615100,59692080,497434,248717,0,0,497434,not_modelled; leakage and replacement production pending,0.2,electricity and technology cost,NA,company ratio reported in company support table,Modelled,D,IEA_CTG_2026|IEA_PETCHEM_COST_2018|LOTTE_ESG_2025|MCI_WEST_JAPAN_2026|NA,Status-transition rule by B0/BH/BL/BHL; abatement is counted only after a no-regret state; level support equals base CAPEX times estimated share; residual exposure equals 1-theta.,"Rule-based mechanism screen, not a completed cost-gap, contract-pricing or system-abatement result."
LOTTE_CHEMICAL,LOTTE Chemical Corporation,KR_LOTTE_ULSAN,Ulsan Plant,Korea,petrochemicals,base,BL,screening capital-equivalent level support applied,unchanged,0,0.491,36636014.1,level-support-dependent,price-conditional,yes,no,electricity and technology cost,74615100,0,497434,248717,0,0,497434,not_modelled; leakage and replacement production pending,1,electricity and technology cost,NA,company ratio reported in company support table,Modelled,D,IEA_CTG_2026|IEA_PETCHEM_COST_2018|LOTTE_ESG_2025|MCI_WEST_JAPAN_2026|NA,Status-transition rule by B0/BH/BL/BHL; abatement is counted only after a no-regret state; level support equals base CAPEX times estimated share; residual exposure equals 1-theta.,"Rule-based mechanism screen, not a completed cost-gap, contract-pricing or system-abatement result."
LOTTE_CHEMICAL,LOTTE Chemical Corporation,KR_LOTTE_ULSAN,Ulsan Plant,Korea,petrochemicals,base,BHL,screening capital-equivalent level support applied,reduced; central cost level held unchanged,0.8,0.491,36636014.1,level-support-dependent,no-regret,yes,yes,electricity and technology cost,74615100,59692080,497434,248717,248717,248717,248717,not_modelled; leakage and replacement production pending,0.2,electricity and technology cost,NA,company ratio reported in company support table,Modelled,D,IEA_CTG_2026|IEA_PETCHEM_COST_2018|LOTTE_ESG_2025|MCI_WEST_JAPAN_2026|NA,Status-transition rule by B0/BH/BL/BHL; abatement is counted only after a no-regret state; level support equals base CAPEX times estimated share; residual exposure equals 1-theta.,"Rule-based mechanism screen, not a completed cost-gap, contract-pricing or system-abatement result."
LOTTE_CHEMICAL,LOTTE Chemical Corporation,KR_LOTTE_OTHER,Other parent-company sites,Korea,petrochemicals,base,B0,unchanged,unchanged,0,0,0,unmodelled-residual,unmodelled-residual,no,no,unmodelled boundary,0,0,9811,0,0,0,9811,not_modelled; leakage and replacement production pending,NA,not_assessed,NA,company ratio reported in company support table,Not_modelled,D,LOTTE_ESG_2025|NA,Status-transition rule by B0/BH/BL/BHL; abatement is counted only after a no-regret state; level support equals base CAPEX times estimated share; residual exposure equals 1-theta.,"Rule-based mechanism screen, not a completed cost-gap, contract-pricing or system-abatement result."
LOTTE_CHEMICAL,LOTTE Chemical Corporation,KR_LOTTE_OTHER,Other parent-company sites,Korea,petrochemicals,base,BH,unchanged,reduced; central cost level held unchanged,0,0,0,unmodelled-residual,unmodelled-residual,no,no,unmodelled boundary,0,0,9811,0,0,0,9811,not_modelled; leakage and replacement production pending,NA,not_assessed,NA,company ratio reported in company support table,Not_modelled,D,LOTTE_ESG_2025|NA,Status-transition rule by B0/BH/BL/BHL; abatement is counted only after a no-regret state; level support equals base CAPEX times estimated share; residual exposure equals 1-theta.,"Rule-based mechanism screen, not a completed cost-gap, contract-pricing or system-abatement result."
LOTTE_CHEMICAL,LOTTE Chemical Corporation,KR_LOTTE_OTHER,Other parent-company sites,Korea,petrochemicals,base,BL,screening capital-equivalent level support applied,unchanged,0,0,0,unmodelled-residual,unmodelled-residual,no,no,unmodelled boundary,0,0,9811,0,0,0,9811,not_modelled; leakage and replacement production pending,NA,not_assessed,NA,company ratio reported in company support table,Not_modelled,D,LOTTE_ESG_2025|NA,Status-transition rule by B0/BH/BL/BHL; abatement is counted only after a no-regret state; level support equals base CAPEX times estimated share; residual exposure equals 1-theta.,"Rule-based mechanism screen, not a completed cost-gap, contract-pricing or system-abatement result."
LOTTE_CHEMICAL,LOTTE Chemical Corporation,KR_LOTTE_OTHER,Other parent-company sites,Korea,petrochemicals,base,BHL,screening capital-equivalent level support applied,reduced; central cost level held unchanged,0,0,0,unmodelled-residual,unmodelled-residual,no,no,unmodelled boundary,0,0,9811,0,0,0,9811,not_modelled; leakage and replacement production pending,NA,not_assessed,NA,company ratio reported in company support table,Not_modelled,D,LOTTE_ESG_2025|NA,Status-transition rule by B0/BH/BL/BHL; abatement is counted only after a no-regret state; level support equals base CAPEX times estimated share; residual exposure equals 1-theta.,"Rule-based mechanism screen, not a completed cost-gap, contract-pricing or system-abatement result."
MITSUI_CHEMICALS,"Mitsui Chemicals, Inc.",JP_MCI_ICHIHARA,Ichihara Works,Japan,petrochemicals,base,B0,unchanged,unchanged,0,0,0,level-support-dependent,level-support-dependent,no,no,electricity and technology cost,185712000,0,1238080,619040,0,0,1238080,not_modelled; leakage and replacement production pending,1,electricity and technology cost,NA,company ratio reported in company support table,Modelled,D,IEA_CTG_2026|IEA_PETCHEM_COST_2018|MCI_ESG_2025|MCI_WEST_JAPAN_2026|MCI_WORKS_2026|NA,Status-transition rule by B0/BH/BL/BHL; abatement is counted only after a no-regret state; level support equals base CAPEX times estimated share; residual exposure equals 1-theta.,"Rule-based mechanism screen, not a completed cost-gap, contract-pricing or system-abatement result."
MITSUI_CHEMICALS,"Mitsui Chemicals, Inc.",JP_MCI_ICHIHARA,Ichihara Works,Japan,petrochemicals,base,BH,unchanged,reduced; central cost level held unchanged,0.8,0,0,level-support-dependent,level-support-dependent,no,no,electricity and technology cost,185712000,148569600,1238080,619040,0,0,1238080,not_modelled; leakage and replacement production pending,0.2,electricity and technology cost,NA,company ratio reported in company support table,Modelled,D,IEA_CTG_2026|IEA_PETCHEM_COST_2018|MCI_ESG_2025|MCI_WEST_JAPAN_2026|MCI_WORKS_2026|NA,Status-transition rule by B0/BH/BL/BHL; abatement is counted only after a no-regret state; level support equals base CAPEX times estimated share; residual exposure equals 1-theta.,"Rule-based mechanism screen, not a completed cost-gap, contract-pricing or system-abatement result."
MITSUI_CHEMICALS,"Mitsui Chemicals, Inc.",JP_MCI_ICHIHARA,Ichihara Works,Japan,petrochemicals,base,BL,screening capital-equivalent level support applied,unchanged,0,0.491,91184592,level-support-dependent,price-conditional,yes,no,electricity and technology cost,185712000,0,1238080,619040,0,0,1238080,not_modelled; leakage and replacement production pending,1,electricity and technology cost,NA,company ratio reported in company support table,Modelled,D,IEA_CTG_2026|IEA_PETCHEM_COST_2018|MCI_ESG_2025|MCI_WEST_JAPAN_2026|MCI_WORKS_2026|NA,Status-transition rule by B0/BH/BL/BHL; abatement is counted only after a no-regret state; level support equals base CAPEX times estimated share; residual exposure equals 1-theta.,"Rule-based mechanism screen, not a completed cost-gap, contract-pricing or system-abatement result."
MITSUI_CHEMICALS,"Mitsui Chemicals, Inc.",JP_MCI_ICHIHARA,Ichihara Works,Japan,petrochemicals,base,BHL,screening capital-equivalent level support applied,reduced; central cost level held unchanged,0.8,0.491,91184592,level-support-dependent,no-regret,yes,yes,electricity and technology cost,185712000,148569600,1238080,619040,619040,619040,619040,not_modelled; leakage and replacement production pending,0.2,electricity and technology cost,NA,company ratio reported in company support table,Modelled,D,IEA_CTG_2026|IEA_PETCHEM_COST_2018|MCI_ESG_2025|MCI_WEST_JAPAN_2026|MCI_WORKS_2026|NA,Status-transition rule by B0/BH/BL/BHL; abatement is counted only after a no-regret state; level support equals base CAPEX times estimated share; residual exposure equals 1-theta.,"Rule-based mechanism screen, not a completed cost-gap, contract-pricing or system-abatement result."
MITSUI_CHEMICALS,"Mitsui Chemicals, Inc.",JP_MCI_OSAKA,Osaka Works,Japan,petrochemicals,base,B0,unchanged,unchanged,0,0,0,level-support-dependent,level-support-dependent,no,no,"electricity, technology cost and JV rights",185712000,0,1238080,619040,0,0,1238080,not_modelled; leakage and replacement production pending,1,"electricity, technology cost and JV rights",NA,company ratio reported in company support table,Modelled,D,IEA_CTG_2026|IEA_PETCHEM_COST_2018|MCI_ESG_2025|MCI_WEST_JAPAN_2026|MCI_WORKS_2026|NA,Status-transition rule by B0/BH/BL/BHL; abatement is counted only after a no-regret state; level support equals base CAPEX times estimated share; residual exposure equals 1-theta.,"Rule-based mechanism screen, not a completed cost-gap, contract-pricing or system-abatement result."
MITSUI_CHEMICALS,"Mitsui Chemicals, Inc.",JP_MCI_OSAKA,Osaka Works,Japan,petrochemicals,base,BH,unchanged,reduced; central cost level held unchanged,0.8,0,0,level-support-dependent,level-support-dependent,no,no,"electricity, technology cost and JV rights",185712000,148569600,1238080,619040,0,0,1238080,not_modelled; leakage and replacement production pending,0.2,"electricity, technology cost and JV rights",NA,company ratio reported in company support table,Modelled,D,IEA_CTG_2026|IEA_PETCHEM_COST_2018|MCI_ESG_2025|MCI_WEST_JAPAN_2026|MCI_WORKS_2026|NA,Status-transition rule by B0/BH/BL/BHL; abatement is counted only after a no-regret state; level support equals base CAPEX times estimated share; residual exposure equals 1-theta.,"Rule-based mechanism screen, not a completed cost-gap, contract-pricing or system-abatement result."
MITSUI_CHEMICALS,"Mitsui Chemicals, Inc.",JP_MCI_OSAKA,Osaka Works,Japan,petrochemicals,base,BL,screening capital-equivalent level support applied,unchanged,0,0.491,91184592,level-support-dependent,price-conditional,yes,no,"electricity, technology cost and JV rights",185712000,0,1238080,619040,0,0,1238080,not_modelled; leakage and replacement production pending,1,"electricity, technology cost and JV rights",NA,company ratio reported in company support table,Modelled,D,IEA_CTG_2026|IEA_PETCHEM_COST_2018|MCI_ESG_2025|MCI_WEST_JAPAN_2026|MCI_WORKS_2026|NA,Status-transition rule by B0/BH/BL/BHL; abatement is counted only after a no-regret state; level support equals base CAPEX times estimated share; residual exposure equals 1-theta.,"Rule-based mechanism screen, not a completed cost-gap, contract-pricing or system-abatement result."
MITSUI_CHEMICALS,"Mitsui Chemicals, Inc.",JP_MCI_OSAKA,Osaka Works,Japan,petrochemicals,base,BHL,screening capital-equivalent level support applied,reduced; central cost level held unchanged,0.8,0.491,91184592,level-support-dependent,no-regret,yes,yes,"electricity, technology cost and JV rights",185712000,148569600,1238080,619040,619040,619040,619040,not_modelled; leakage and replacement production pending,0.2,"electricity, technology cost and JV rights",NA,company ratio reported in company support table,Modelled,D,IEA_CTG_2026|IEA_PETCHEM_COST_2018|MCI_ESG_2025|MCI_WEST_JAPAN_2026|MCI_WORKS_2026|NA,Status-transition rule by B0/BH/BL/BHL; abatement is counted only after a no-regret state; level support equals base CAPEX times estimated share; residual exposure equals 1-theta.,"Rule-based mechanism screen, not a completed cost-gap, contract-pricing or system-abatement result."
MITSUI_CHEMICALS,"Mitsui Chemicals, Inc.",JP_MCI_IWAKUNI,Iwakuni-Ohtake Works,Japan,petrochemicals,base,B0,unchanged,unchanged,0,0,0,level-support-dependent,level-support-dependent,no,no,electricity and technology cost,81249000,0,541660,270830,0,0,541660,not_modelled; leakage and replacement production pending,1,electricity and technology cost,NA,company ratio reported in company support table,Modelled,D,IEA_CTG_2026|IEA_PETCHEM_COST_2018|MCI_ESG_2025|MCI_WEST_JAPAN_2026|MCI_WORKS_2026|NA,Status-transition rule by B0/BH/BL/BHL; abatement is counted only after a no-regret state; level support equals base CAPEX times estimated share; residual exposure equals 1-theta.,"Rule-based mechanism screen, not a completed cost-gap, contract-pricing or system-abatement result."
MITSUI_CHEMICALS,"Mitsui Chemicals, Inc.",JP_MCI_IWAKUNI,Iwakuni-Ohtake Works,Japan,petrochemicals,base,BH,unchanged,reduced; central cost level held unchanged,0.8,0,0,level-support-dependent,level-support-dependent,no,no,electricity and technology cost,81249000,64999200,541660,270830,0,0,541660,not_modelled; leakage and replacement production pending,0.2,electricity and technology cost,NA,company ratio reported in company support table,Modelled,D,IEA_CTG_2026|IEA_PETCHEM_COST_2018|MCI_ESG_2025|MCI_WEST_JAPAN_2026|MCI_WORKS_2026|NA,Status-transition rule by B0/BH/BL/BHL; abatement is counted only after a no-regret state; level support equals base CAPEX times estimated share; residual exposure equals 1-theta.,"Rule-based mechanism screen, not a completed cost-gap, contract-pricing or system-abatement result."
MITSUI_CHEMICALS,"Mitsui Chemicals, Inc.",JP_MCI_IWAKUNI,Iwakuni-Ohtake Works,Japan,petrochemicals,base,BL,screening capital-equivalent level support applied,unchanged,0,0.491,39893259,level-support-dependent,price-conditional,yes,no,electricity and technology cost,81249000,0,541660,270830,0,0,541660,not_modelled; leakage and replacement production pending,1,electricity and technology cost,NA,company ratio reported in company support table,Modelled,D,IEA_CTG_2026|IEA_PETCHEM_COST_2018|MCI_ESG_2025|MCI_WEST_JAPAN_2026|MCI_WORKS_2026|NA,Status-transition rule by B0/BH/BL/BHL; abatement is counted only after a no-regret state; level support equals base CAPEX times estimated share; residual exposure equals 1-theta.,"Rule-based mechanism screen, not a completed cost-gap, contract-pricing or system-abatement result."
MITSUI_CHEMICALS,"Mitsui Chemicals, Inc.",JP_MCI_IWAKUNI,Iwakuni-Ohtake Works,Japan,petrochemicals,base,BHL,screening capital-equivalent level support applied,reduced; central cost level held unchanged,0.8,0.491,39893259,level-support-dependent,no-regret,yes,yes,electricity and technology cost,81249000,64999200,541660,270830,270830,270830,270830,not_modelled; leakage and replacement production pending,0.2,electricity and technology cost,NA,company ratio reported in company support table,Modelled,D,IEA_CTG_2026|IEA_PETCHEM_COST_2018|MCI_ESG_2025|MCI_WEST_JAPAN_2026|MCI_WORKS_2026|NA,Status-transition rule by B0/BH/BL/BHL; abatement is counted only after a no-regret state; level support equals base CAPEX times estimated share; residual exposure equals 1-theta.,"Rule-based mechanism screen, not a completed cost-gap, contract-pricing or system-abatement result."
MITSUI_CHEMICALS,"Mitsui Chemicals, Inc.",JP_MCI_OMUTA,Omuta Works,Japan,petrochemicals,base,B0,unchanged,unchanged,0,0,0,level-support-dependent,level-support-dependent,no,no,electricity and technology cost,40624500,0,270830,135415,0,0,270830,not_modelled; leakage and replacement production pending,1,electricity and technology cost,NA,company ratio reported in company support table,Modelled,D,IEA_CTG_2026|IEA_PETCHEM_COST_2018|MCI_ESG_2025|MCI_WEST_JAPAN_2026|MCI_WORKS_2026|NA,Status-transition rule by B0/BH/BL/BHL; abatement is counted only after a no-regret state; level support equals base CAPEX times estimated share; residual exposure equals 1-theta.,"Rule-based mechanism screen, not a completed cost-gap, contract-pricing or system-abatement result."
MITSUI_CHEMICALS,"Mitsui Chemicals, Inc.",JP_MCI_OMUTA,Omuta Works,Japan,petrochemicals,base,BH,unchanged,reduced; central cost level held unchanged,0.8,0,0,level-support-dependent,level-support-dependent,no,no,electricity and technology cost,40624500,32499600,270830,135415,0,0,270830,not_modelled; leakage and replacement production pending,0.2,electricity and technology cost,NA,company ratio reported in company support table,Modelled,D,IEA_CTG_2026|IEA_PETCHEM_COST_2018|MCI_ESG_2025|MCI_WEST_JAPAN_2026|MCI_WORKS_2026|NA,Status-transition rule by B0/BH/BL/BHL; abatement is counted only after a no-regret state; level support equals base CAPEX times estimated share; residual exposure equals 1-theta.,"Rule-based mechanism screen, not a completed cost-gap, contract-pricing or system-abatement result."
MITSUI_CHEMICALS,"Mitsui Chemicals, Inc.",JP_MCI_OMUTA,Omuta Works,Japan,petrochemicals,base,BL,screening capital-equivalent level support applied,unchanged,0,0.491,19946629.5,level-support-dependent,price-conditional,yes,no,electricity and technology cost,40624500,0,270830,135415,0,0,270830,not_modelled; leakage and replacement production pending,1,electricity and technology cost,NA,company ratio reported in company support table,Modelled,D,IEA_CTG_2026|IEA_PETCHEM_COST_2018|MCI_ESG_2025|MCI_WEST_JAPAN_2026|MCI_WORKS_2026|NA,Status-transition rule by B0/BH/BL/BHL; abatement is counted only after a no-regret state; level support equals base CAPEX times estimated share; residual exposure equals 1-theta.,"Rule-based mechanism screen, not a completed cost-gap, contract-pricing or system-abatement result."
MITSUI_CHEMICALS,"Mitsui Chemicals, Inc.",JP_MCI_OMUTA,Omuta Works,Japan,petrochemicals,base,BHL,screening capital-equivalent level support applied,reduced; central cost level held unchanged,0.8,0.491,19946629.5,level-support-dependent,no-regret,yes,yes,electricity and technology cost,40624500,32499600,270830,135415,135415,135415,135415,not_modelled; leakage and replacement production pending,0.2,electricity and technology cost,NA,company ratio reported in company support table,Modelled,D,IEA_CTG_2026|IEA_PETCHEM_COST_2018|MCI_ESG_2025|MCI_WEST_JAPAN_2026|MCI_WORKS_2026|NA,Status-transition rule by B0/BH/BL/BHL; abatement is counted only after a no-regret state; level support equals base CAPEX times estimated share; residual exposure equals 1-theta.,"Rule-based mechanism screen, not a completed cost-gap, contract-pricing or system-abatement result."
MITSUI_CHEMICALS,"Mitsui Chemicals, Inc.",JP_MCI_NAGOYA,Nagoya Works,Japan,petrochemicals,base,B0,unchanged,unchanged,0,0,0,unmodelled-residual,unmodelled-residual,no,no,unmodelled boundary,0,0,232140,0,0,0,232140,not_modelled; leakage and replacement production pending,NA,not_assessed,NA,company ratio reported in company support table,Not_modelled,D,MCI_ESG_2025|MCI_WORKS_2026|NA,Status-transition rule by B0/BH/BL/BHL; abatement is counted only after a no-regret state; level support equals base CAPEX times estimated share; residual exposure equals 1-theta.,"Rule-based mechanism screen, not a completed cost-gap, contract-pricing or system-abatement result."
MITSUI_CHEMICALS,"Mitsui Chemicals, Inc.",JP_MCI_NAGOYA,Nagoya Works,Japan,petrochemicals,base,BH,unchanged,reduced; central cost level held unchanged,0,0,0,unmodelled-residual,unmodelled-residual,no,no,unmodelled boundary,0,0,232140,0,0,0,232140,not_modelled; leakage and replacement production pending,NA,not_assessed,NA,company ratio reported in company support table,Not_modelled,D,MCI_ESG_2025|MCI_WORKS_2026|NA,Status-transition rule by B0/BH/BL/BHL; abatement is counted only after a no-regret state; level support equals base CAPEX times estimated share; residual exposure equals 1-theta.,"Rule-based mechanism screen, not a completed cost-gap, contract-pricing or system-abatement result."
MITSUI_CHEMICALS,"Mitsui Chemicals, Inc.",JP_MCI_NAGOYA,Nagoya Works,Japan,petrochemicals,base,BL,screening capital-equivalent level support applied,unchanged,0,0,0,unmodelled-residual,unmodelled-residual,no,no,unmodelled boundary,0,0,232140,0,0,0,232140,not_modelled; leakage and replacement production pending,NA,not_assessed,NA,company ratio reported in company support table,Not_modelled,D,MCI_ESG_2025|MCI_WORKS_2026|NA,Status-transition rule by B0/BH/BL/BHL; abatement is counted only after a no-regret state; level support equals base CAPEX times estimated share; residual exposure equals 1-theta.,"Rule-based mechanism screen, not a completed cost-gap, contract-pricing or system-abatement result."
MITSUI_CHEMICALS,"Mitsui Chemicals, Inc.",JP_MCI_NAGOYA,Nagoya Works,Japan,petrochemicals,base,BHL,screening capital-equivalent level support applied,reduced; central cost level held unchanged,0,0,0,unmodelled-residual,unmodelled-residual,no,no,unmodelled boundary,0,0,232140,0,0,0,232140,not_modelled; leakage and replacement production pending,NA,not_assessed,NA,company ratio reported in company support table,Not_modelled,D,MCI_ESG_2025|MCI_WORKS_2026|NA,Status-transition rule by B0/BH/BL/BHL; abatement is counted only after a no-regret state; level support equals base CAPEX times estimated share; residual exposure equals 1-theta.,"Rule-based mechanism screen, not a completed cost-gap, contract-pricing or system-abatement result."
MITSUI_CHEMICALS,"Mitsui Chemicals, Inc.",JP_MCI_MOBARA,Mobara Branch Factory,Japan,petrochemicals,base,B0,unchanged,unchanged,0,0,0,unmodelled-residual,unmodelled-residual,no,no,unmodelled boundary,0,0,193450,0,0,0,193450,not_modelled; leakage and replacement production pending,NA,not_assessed,NA,company ratio reported in company support table,Not_modelled,D,MCI_ESG_2025|MCI_WORKS_2026|NA,Status-transition rule by B0/BH/BL/BHL; abatement is counted only after a no-regret state; level support equals base CAPEX times estimated share; residual exposure equals 1-theta.,"Rule-based mechanism screen, not a completed cost-gap, contract-pricing or system-abatement result."
MITSUI_CHEMICALS,"Mitsui Chemicals, Inc.",JP_MCI_MOBARA,Mobara Branch Factory,Japan,petrochemicals,base,BH,unchanged,reduced; central cost level held unchanged,0,0,0,unmodelled-residual,unmodelled-residual,no,no,unmodelled boundary,0,0,193450,0,0,0,193450,not_modelled; leakage and replacement production pending,NA,not_assessed,NA,company ratio reported in company support table,Not_modelled,D,MCI_ESG_2025|MCI_WORKS_2026|NA,Status-transition rule by B0/BH/BL/BHL; abatement is counted only after a no-regret state; level support equals base CAPEX times estimated share; residual exposure equals 1-theta.,"Rule-based mechanism screen, not a completed cost-gap, contract-pricing or system-abatement result."
MITSUI_CHEMICALS,"Mitsui Chemicals, Inc.",JP_MCI_MOBARA,Mobara Branch Factory,Japan,petrochemicals,base,BL,screening capital-equivalent level support applied,unchanged,0,0,0,unmodelled-residual,unmodelled-residual,no,no,unmodelled boundary,0,0,193450,0,0,0,193450,not_modelled; leakage and replacement production pending,NA,not_assessed,NA,company ratio reported in company support table,Not_modelled,D,MCI_ESG_2025|MCI_WORKS_2026|NA,Status-transition rule by B0/BH/BL/BHL; abatement is counted only after a no-regret state; level support equals base CAPEX times estimated share; residual exposure equals 1-theta.,"Rule-based mechanism screen, not a completed cost-gap, contract-pricing or system-abatement result."
MITSUI_CHEMICALS,"Mitsui Chemicals, Inc.",JP_MCI_MOBARA,Mobara Branch Factory,Japan,petrochemicals,base,BHL,screening capital-equivalent level support applied,reduced; central cost level held unchanged,0,0,0,unmodelled-residual,unmodelled-residual,no,no,unmodelled boundary,0,0,193450,0,0,0,193450,not_modelled; leakage and replacement production pending,NA,not_assessed,NA,company ratio reported in company support table,Not_modelled,D,MCI_ESG_2025|MCI_WORKS_2026|NA,Status-transition rule by B0/BH/BL/BHL; abatement is counted only after a no-regret state; level support equals base CAPEX times estimated share; residual exposure equals 1-theta.,"Rule-based mechanism screen, not a completed cost-gap, contract-pricing or system-abatement result."
MITSUI_CHEMICALS,"Mitsui Chemicals, Inc.",JP_MCI_TOKUYAMA,Tokuyama Branch Factory,Japan,petrochemicals,base,B0,unchanged,unchanged,0,0,0,unmodelled-residual,unmodelled-residual,no,no,unmodelled boundary,0,0,154760,0,0,0,154760,not_modelled; leakage and replacement production pending,NA,not_assessed,NA,company ratio reported in company support table,Not_modelled,D,MCI_ESG_2025|MCI_WORKS_2026|NA,Status-transition rule by B0/BH/BL/BHL; abatement is counted only after a no-regret state; level support equals base CAPEX times estimated share; residual exposure equals 1-theta.,"Rule-based mechanism screen, not a completed cost-gap, contract-pricing or system-abatement result."
MITSUI_CHEMICALS,"Mitsui Chemicals, Inc.",JP_MCI_TOKUYAMA,Tokuyama Branch Factory,Japan,petrochemicals,base,BH,unchanged,reduced; central cost level held unchanged,0,0,0,unmodelled-residual,unmodelled-residual,no,no,unmodelled boundary,0,0,154760,0,0,0,154760,not_modelled; leakage and replacement production pending,NA,not_assessed,NA,company ratio reported in company support table,Not_modelled,D,MCI_ESG_2025|MCI_WORKS_2026|NA,Status-transition rule by B0/BH/BL/BHL; abatement is counted only after a no-regret state; level support equals base CAPEX times estimated share; residual exposure equals 1-theta.,"Rule-based mechanism screen, not a completed cost-gap, contract-pricing or system-abatement result."
MITSUI_CHEMICALS,"Mitsui Chemicals, Inc.",JP_MCI_TOKUYAMA,Tokuyama Branch Factory,Japan,petrochemicals,base,BL,screening capital-equivalent level support applied,unchanged,0,0,0,unmodelled-residual,unmodelled-residual,no,no,unmodelled boundary,0,0,154760,0,0,0,154760,not_modelled; leakage and replacement production pending,NA,not_assessed,NA,company ratio reported in company support table,Not_modelled,D,MCI_ESG_2025|MCI_WORKS_2026|NA,Status-transition rule by B0/BH/BL/BHL; abatement is counted only after a no-regret state; level support equals base CAPEX times estimated share; residual exposure equals 1-theta.,"Rule-based mechanism screen, not a completed cost-gap, contract-pricing or system-abatement result."
MITSUI_CHEMICALS,"Mitsui Chemicals, Inc.",JP_MCI_TOKUYAMA,Tokuyama Branch Factory,Japan,petrochemicals,base,BHL,screening capital-equivalent level support applied,reduced; central cost level held unchanged,0,0,0,unmodelled-residual,unmodelled-residual,no,no,unmodelled boundary,0,0,154760,0,0,0,154760,not_modelled; leakage and replacement production pending,NA,not_assessed,NA,company ratio reported in company support table,Not_modelled,D,MCI_ESG_2025|MCI_WORKS_2026|NA,Status-transition rule by B0/BH/BL/BHL; abatement is counted only after a no-regret state; level support equals base CAPEX times estimated share; residual exposure equals 1-theta.,"Rule-based mechanism screen, not a completed cost-gap, contract-pricing or system-abatement result."
POSCO,POSCO,KR_POSCO_POHANG,Pohang Steelworks,Korea,steel,high,B0,unchanged,unchanged,0,0,0,contract-dependent,contract-dependent,no,no,hydrogen and clean electricity,12447810891.2,0,31430722.5,23573041.875,0,0,31430722.5,not_modelled; leakage and replacement production pending,1,hydrogen and clean electricity,NA,company ratio reported in company support table,Modelled,D,IEA_STEEL_BREAKTHROUGH_2025|NEDO_H2_STEEL_2026|POSCO_CLIMATE_2026|POSCO_ESG_2025,Status-transition rule by B0/BH/BL/BHL; abatement is counted only after a no-regret state; level support equals base CAPEX times estimated share; residual exposure equals 1-theta.,"Rule-based mechanism screen, not a completed cost-gap, contract-pricing or system-abatement result."
POSCO,POSCO,KR_POSCO_POHANG,Pohang Steelworks,Korea,steel,high,BH,unchanged,reduced; central cost level held unchanged,0.95,0,0,contract-dependent,no-regret,yes,yes,hydrogen and clean electricity,12447810891.2,11825420346.64,31430722.5,23573041.875,23573041.875,23573041.875,7857680.625,not_modelled; leakage and replacement production pending,0.05,hydrogen and clean electricity,NA,company ratio reported in company support table,Modelled,D,IEA_STEEL_BREAKTHROUGH_2025|NEDO_H2_STEEL_2026|POSCO_CLIMATE_2026|POSCO_ESG_2025,Status-transition rule by B0/BH/BL/BHL; abatement is counted only after a no-regret state; level support equals base CAPEX times estimated share; residual exposure equals 1-theta.,"Rule-based mechanism screen, not a completed cost-gap, contract-pricing or system-abatement result."
POSCO,POSCO,KR_POSCO_POHANG,Pohang Steelworks,Korea,steel,high,BL,screening capital-equivalent level support applied,unchanged,0,0,0,contract-dependent,contract-dependent,no,no,hydrogen and clean electricity,12447810891.2,0,31430722.5,23573041.875,0,0,31430722.5,not_modelled; leakage and replacement production pending,1,hydrogen and clean electricity,NA,company ratio reported in company support table,Modelled,D,IEA_STEEL_BREAKTHROUGH_2025|NEDO_H2_STEEL_2026|POSCO_CLIMATE_2026|POSCO_ESG_2025,Status-transition rule by B0/BH/BL/BHL; abatement is counted only after a no-regret state; level support equals base CAPEX times estimated share; residual exposure equals 1-theta.,"Rule-based mechanism screen, not a completed cost-gap, contract-pricing or system-abatement result."
POSCO,POSCO,KR_POSCO_POHANG,Pohang Steelworks,Korea,steel,high,BHL,screening capital-equivalent level support applied,reduced; central cost level held unchanged,0.95,0,0,contract-dependent,no-regret,yes,yes,hydrogen and clean electricity,12447810891.2,11825420346.64,31430722.5,23573041.875,23573041.875,23573041.875,7857680.625,not_modelled; leakage and replacement production pending,0.05,hydrogen and clean electricity,NA,company ratio reported in company support table,Modelled,D,IEA_STEEL_BREAKTHROUGH_2025|NEDO_H2_STEEL_2026|POSCO_CLIMATE_2026|POSCO_ESG_2025,Status-transition rule by B0/BH/BL/BHL; abatement is counted only after a no-regret state; level support equals base CAPEX times estimated share; residual exposure equals 1-theta.,"Rule-based mechanism screen, not a completed cost-gap, contract-pricing or system-abatement result."
POSCO,POSCO,KR_POSCO_GWANGYANG,Gwangyang Steelworks,Korea,steel,high,B0,unchanged,unchanged,0,0,0,price-conditional,price-conditional,no,no,scrap and electricity,5705246658.3,0,38415327.5,28811495.625,0,0,38415327.5,not_modelled; leakage and replacement production pending,1,scrap and electricity,NA,company ratio reported in company support table,Modelled,D,POSCO_CLIMATE_2026|POSCO_ESG_2025,Status-transition rule by B0/BH/BL/BHL; abatement is counted only after a no-regret state; level support equals base CAPEX times estimated share; residual exposure equals 1-theta.,"Rule-based mechanism screen, not a completed cost-gap, contract-pricing or system-abatement result."
POSCO,POSCO,KR_POSCO_GWANGYANG,Gwangyang Steelworks,Korea,steel,high,BH,unchanged,reduced; central cost level held unchanged,0.9,0,0,price-conditional,no-regret,yes,yes,scrap and electricity,5705246658.3,5134721992.47,38415327.5,28811495.625,28811495.625,28811495.625,9603831.875,not_modelled; leakage and replacement production pending,0.1,scrap and electricity,NA,company ratio reported in company support table,Modelled,D,POSCO_CLIMATE_2026|POSCO_ESG_2025,Status-transition rule by B0/BH/BL/BHL; abatement is counted only after a no-regret state; level support equals base CAPEX times estimated share; residual exposure equals 1-theta.,"Rule-based mechanism screen, not a completed cost-gap, contract-pricing or system-abatement result."
POSCO,POSCO,KR_POSCO_GWANGYANG,Gwangyang Steelworks,Korea,steel,high,BL,screening capital-equivalent level support applied,unchanged,0,0,0,price-conditional,price-conditional,no,no,scrap and electricity,5705246658.3,0,38415327.5,28811495.625,0,0,38415327.5,not_modelled; leakage and replacement production pending,1,scrap and electricity,NA,company ratio reported in company support table,Modelled,D,POSCO_CLIMATE_2026|POSCO_ESG_2025,Status-transition rule by B0/BH/BL/BHL; abatement is counted only after a no-regret state; level support equals base CAPEX times estimated share; residual exposure equals 1-theta.,"Rule-based mechanism screen, not a completed cost-gap, contract-pricing or system-abatement result."
POSCO,POSCO,KR_POSCO_GWANGYANG,Gwangyang Steelworks,Korea,steel,high,BHL,screening capital-equivalent level support applied,reduced; central cost level held unchanged,0.9,0,0,price-conditional,no-regret,yes,yes,scrap and electricity,5705246658.3,5134721992.47,38415327.5,28811495.625,28811495.625,28811495.625,9603831.875,not_modelled; leakage and replacement production pending,0.1,scrap and electricity,NA,company ratio reported in company support table,Modelled,D,POSCO_CLIMATE_2026|POSCO_ESG_2025,Status-transition rule by B0/BH/BL/BHL; abatement is counted only after a no-regret state; level support equals base CAPEX times estimated share; residual exposure equals 1-theta.,"Rule-based mechanism screen, not a completed cost-gap, contract-pricing or system-abatement result."
NIPPON_STEEL,Nippon Steel Corporation,JP_NSC_MURORAN,North Nippon Works Muroran Area,Japan,steel,high,B0,unchanged,unchanged,0,0,0,contract-dependent,contract-dependent,no,no,hydrogen and clean electricity,992000000,0,2808948.394,2106711.2955,0,0,2808948.394,not_modelled; leakage and replacement production pending,1,hydrogen and clean electricity,NA,company ratio reported in company support table,Modelled,D,IEA_STEEL_BREAKTHROUGH_2025|NEDO_H2_STEEL_2026|NSC_DB_2025,Status-transition rule by B0/BH/BL/BHL; abatement is counted only after a no-regret state; level support equals base CAPEX times estimated share; residual exposure equals 1-theta.,"Rule-based mechanism screen, not a completed cost-gap, contract-pricing or system-abatement result."
NIPPON_STEEL,Nippon Steel Corporation,JP_NSC_MURORAN,North Nippon Works Muroran Area,Japan,steel,high,BH,unchanged,reduced; central cost level held unchanged,0.95,0,0,contract-dependent,no-regret,yes,yes,hydrogen and clean electricity,992000000,942400000,2808948.394,2106711.2955,2106711.2955,2106711.2955,702237.0985,not_modelled; leakage and replacement production pending,0.05,hydrogen and clean electricity,NA,company ratio reported in company support table,Modelled,D,IEA_STEEL_BREAKTHROUGH_2025|NEDO_H2_STEEL_2026|NSC_DB_2025,Status-transition rule by B0/BH/BL/BHL; abatement is counted only after a no-regret state; level support equals base CAPEX times estimated share; residual exposure equals 1-theta.,"Rule-based mechanism screen, not a completed cost-gap, contract-pricing or system-abatement result."
NIPPON_STEEL,Nippon Steel Corporation,JP_NSC_MURORAN,North Nippon Works Muroran Area,Japan,steel,high,BL,screening capital-equivalent level support applied,unchanged,0,0,0,contract-dependent,contract-dependent,no,no,hydrogen and clean electricity,992000000,0,2808948.394,2106711.2955,0,0,2808948.394,not_modelled; leakage and replacement production pending,1,hydrogen and clean electricity,NA,company ratio reported in company support table,Modelled,D,IEA_STEEL_BREAKTHROUGH_2025|NEDO_H2_STEEL_2026|NSC_DB_2025,Status-transition rule by B0/BH/BL/BHL; abatement is counted only after a no-regret state; level support equals base CAPEX times estimated share; residual exposure equals 1-theta.,"Rule-based mechanism screen, not a completed cost-gap, contract-pricing or system-abatement result."
NIPPON_STEEL,Nippon Steel Corporation,JP_NSC_MURORAN,North Nippon Works Muroran Area,Japan,steel,high,BHL,screening capital-equivalent level support applied,reduced; central cost level held unchanged,0.95,0,0,contract-dependent,no-regret,yes,yes,hydrogen and clean electricity,992000000,942400000,2808948.394,2106711.2955,2106711.2955,2106711.2955,702237.0985,not_modelled; leakage and replacement production pending,0.05,hydrogen and clean electricity,NA,company ratio reported in company support table,Modelled,D,IEA_STEEL_BREAKTHROUGH_2025|NEDO_H2_STEEL_2026|NSC_DB_2025,Status-transition rule by B0/BH/BL/BHL; abatement is counted only after a no-regret state; level support equals base CAPEX times estimated share; residual exposure equals 1-theta.,"Rule-based mechanism screen, not a completed cost-gap, contract-pricing or system-abatement result."
NIPPON_STEEL,Nippon Steel Corporation,JP_NSC_KASHIMA,East Nippon Works Kashima Area,Japan,steel,high,B0,unchanged,unchanged,0,0,0,contract-dependent,contract-dependent,no,no,hydrogen and clean electricity,4872000000,0,13795561.067,10346670.80025,0,0,13795561.067,not_modelled; leakage and replacement production pending,1,hydrogen and clean electricity,NA,company ratio reported in company support table,Modelled,D,IEA_STEEL_BREAKTHROUGH_2025|NEDO_H2_STEEL_2026|NSC_DB_2025,Status-transition rule by B0/BH/BL/BHL; abatement is counted only after a no-regret state; level support equals base CAPEX times estimated share; residual exposure equals 1-theta.,"Rule-based mechanism screen, not a completed cost-gap, contract-pricing or system-abatement result."
NIPPON_STEEL,Nippon Steel Corporation,JP_NSC_KASHIMA,East Nippon Works Kashima Area,Japan,steel,high,BH,unchanged,reduced; central cost level held unchanged,0.95,0,0,contract-dependent,no-regret,yes,yes,hydrogen and clean electricity,4872000000,4628400000,13795561.067,10346670.80025,10346670.80025,10346670.80025,3448890.26675,not_modelled; leakage and replacement production pending,0.05,hydrogen and clean electricity,NA,company ratio reported in company support table,Modelled,D,IEA_STEEL_BREAKTHROUGH_2025|NEDO_H2_STEEL_2026|NSC_DB_2025,Status-transition rule by B0/BH/BL/BHL; abatement is counted only after a no-regret state; level support equals base CAPEX times estimated share; residual exposure equals 1-theta.,"Rule-based mechanism screen, not a completed cost-gap, contract-pricing or system-abatement result."
NIPPON_STEEL,Nippon Steel Corporation,JP_NSC_KASHIMA,East Nippon Works Kashima Area,Japan,steel,high,BL,screening capital-equivalent level support applied,unchanged,0,0,0,contract-dependent,contract-dependent,no,no,hydrogen and clean electricity,4872000000,0,13795561.067,10346670.80025,0,0,13795561.067,not_modelled; leakage and replacement production pending,1,hydrogen and clean electricity,NA,company ratio reported in company support table,Modelled,D,IEA_STEEL_BREAKTHROUGH_2025|NEDO_H2_STEEL_2026|NSC_DB_2025,Status-transition rule by B0/BH/BL/BHL; abatement is counted only after a no-regret state; level support equals base CAPEX times estimated share; residual exposure equals 1-theta.,"Rule-based mechanism screen, not a completed cost-gap, contract-pricing or system-abatement result."
NIPPON_STEEL,Nippon Steel Corporation,JP_NSC_KASHIMA,East Nippon Works Kashima Area,Japan,steel,high,BHL,screening capital-equivalent level support applied,reduced; central cost level held unchanged,0.95,0,0,contract-dependent,no-regret,yes,yes,hydrogen and clean electricity,4872000000,4628400000,13795561.067,10346670.80025,10346670.80025,10346670.80025,3448890.26675,not_modelled; leakage and replacement production pending,0.05,hydrogen and clean electricity,NA,company ratio reported in company support table,Modelled,D,IEA_STEEL_BREAKTHROUGH_2025|NEDO_H2_STEEL_2026|NSC_DB_2025,Status-transition rule by B0/BH/BL/BHL; abatement is counted only after a no-regret state; level support equals base CAPEX times estimated share; residual exposure equals 1-theta.,"Rule-based mechanism screen, not a completed cost-gap, contract-pricing or system-abatement result."
NIPPON_STEEL,Nippon Steel Corporation,JP_NSC_KIMITSU,East Nippon Works Kimitsu Area,Japan,steel,high,B0,unchanged,unchanged,0,0,0,contract-dependent,contract-dependent,no,no,hydrogen and clean electricity,5280000000,0,14950854.358,11213140.7685,0,0,14950854.358,not_modelled; leakage and replacement production pending,1,hydrogen and clean electricity,NA,company ratio reported in company support table,Modelled,D,IEA_STEEL_BREAKTHROUGH_2025|NEDO_H2_STEEL_2026|NSC_DB_2025,Status-transition rule by B0/BH/BL/BHL; abatement is counted only after a no-regret state; level support equals base CAPEX times estimated share; residual exposure equals 1-theta.,"Rule-based mechanism screen, not a completed cost-gap, contract-pricing or system-abatement result."
NIPPON_STEEL,Nippon Steel Corporation,JP_NSC_KIMITSU,East Nippon Works Kimitsu Area,Japan,steel,high,BH,unchanged,reduced; central cost level held unchanged,0.95,0,0,contract-dependent,no-regret,yes,yes,hydrogen and clean electricity,5280000000,5016000000,14950854.358,11213140.7685,11213140.7685,11213140.7685,3737713.5895,not_modelled; leakage and replacement production pending,0.05,hydrogen and clean electricity,NA,company ratio reported in company support table,Modelled,D,IEA_STEEL_BREAKTHROUGH_2025|NEDO_H2_STEEL_2026|NSC_DB_2025,Status-transition rule by B0/BH/BL/BHL; abatement is counted only after a no-regret state; level support equals base CAPEX times estimated share; residual exposure equals 1-theta.,"Rule-based mechanism screen, not a completed cost-gap, contract-pricing or system-abatement result."
NIPPON_STEEL,Nippon Steel Corporation,JP_NSC_KIMITSU,East Nippon Works Kimitsu Area,Japan,steel,high,BL,screening capital-equivalent level support applied,unchanged,0,0,0,contract-dependent,contract-dependent,no,no,hydrogen and clean electricity,5280000000,0,14950854.358,11213140.7685,0,0,14950854.358,not_modelled; leakage and replacement production pending,1,hydrogen and clean electricity,NA,company ratio reported in company support table,Modelled,D,IEA_STEEL_BREAKTHROUGH_2025|NEDO_H2_STEEL_2026|NSC_DB_2025,Status-transition rule by B0/BH/BL/BHL; abatement is counted only after a no-regret state; level support equals base CAPEX times estimated share; residual exposure equals 1-theta.,"Rule-based mechanism screen, not a completed cost-gap, contract-pricing or system-abatement result."
NIPPON_STEEL,Nippon Steel Corporation,JP_NSC_KIMITSU,East Nippon Works Kimitsu Area,Japan,steel,high,BHL,screening capital-equivalent level support applied,reduced; central cost level held unchanged,0.95,0,0,contract-dependent,no-regret,yes,yes,hydrogen and clean electricity,5280000000,5016000000,14950854.358,11213140.7685,11213140.7685,11213140.7685,3737713.5895,not_modelled; leakage and replacement production pending,0.05,hydrogen and clean electricity,NA,company ratio reported in company support table,Modelled,D,IEA_STEEL_BREAKTHROUGH_2025|NEDO_H2_STEEL_2026|NSC_DB_2025,Status-transition rule by B0/BH/BL/BHL; abatement is counted only after a no-regret state; level support equals base CAPEX times estimated share; residual exposure equals 1-theta.,"Rule-based mechanism screen, not a completed cost-gap, contract-pricing or system-abatement result."
NIPPON_STEEL,Nippon Steel Corporation,JP_NSC_NAGOYA,Nagoya Works,Japan,steel,high,B0,unchanged,unchanged,0,0,0,contract-dependent,contract-dependent,no,no,hydrogen and clean electricity,4376000000,0,12391086.869,9293315.15175,0,0,12391086.869,not_modelled; leakage and replacement production pending,1,hydrogen and clean electricity,NA,company ratio reported in company support table,Modelled,D,IEA_STEEL_BREAKTHROUGH_2025|NEDO_H2_STEEL_2026|NSC_DB_2025,Status-transition rule by B0/BH/BL/BHL; abatement is counted only after a no-regret state; level support equals base CAPEX times estimated share; residual exposure equals 1-theta.,"Rule-based mechanism screen, not a completed cost-gap, contract-pricing or system-abatement result."
NIPPON_STEEL,Nippon Steel Corporation,JP_NSC_NAGOYA,Nagoya Works,Japan,steel,high,BH,unchanged,reduced; central cost level held unchanged,0.95,0,0,contract-dependent,no-regret,yes,yes,hydrogen and clean electricity,4376000000,4157200000,12391086.869,9293315.15175,9293315.15175,9293315.15175,3097771.71725,not_modelled; leakage and replacement production pending,0.05,hydrogen and clean electricity,NA,company ratio reported in company support table,Modelled,D,IEA_STEEL_BREAKTHROUGH_2025|NEDO_H2_STEEL_2026|NSC_DB_2025,Status-transition rule by B0/BH/BL/BHL; abatement is counted only after a no-regret state; level support equals base CAPEX times estimated share; residual exposure equals 1-theta.,"Rule-based mechanism screen, not a completed cost-gap, contract-pricing or system-abatement result."
NIPPON_STEEL,Nippon Steel Corporation,JP_NSC_NAGOYA,Nagoya Works,Japan,steel,high,BL,screening capital-equivalent level support applied,unchanged,0,0,0,contract-dependent,contract-dependent,no,no,hydrogen and clean electricity,4376000000,0,12391086.869,9293315.15175,0,0,12391086.869,not_modelled; leakage and replacement production pending,1,hydrogen and clean electricity,NA,company ratio reported in company support table,Modelled,D,IEA_STEEL_BREAKTHROUGH_2025|NEDO_H2_STEEL_2026|NSC_DB_2025,Status-transition rule by B0/BH/BL/BHL; abatement is counted only after a no-regret state; level support equals base CAPEX times estimated share; residual exposure equals 1-theta.,"Rule-based mechanism screen, not a completed cost-gap, contract-pricing or system-abatement result."
NIPPON_STEEL,Nippon Steel Corporation,JP_NSC_NAGOYA,Nagoya Works,Japan,steel,high,BHL,screening capital-equivalent level support applied,reduced; central cost level held unchanged,0.95,0,0,contract-dependent,no-regret,yes,yes,hydrogen and clean electricity,4376000000,4157200000,12391086.869,9293315.15175,9293315.15175,9293315.15175,3097771.71725,not_modelled; leakage and replacement production pending,0.05,hydrogen and clean electricity,NA,company ratio reported in company support table,Modelled,D,IEA_STEEL_BREAKTHROUGH_2025|NEDO_H2_STEEL_2026|NSC_DB_2025,Status-transition rule by B0/BH/BL/BHL; abatement is counted only after a no-regret state; level support equals base CAPEX times estimated share; residual exposure equals 1-theta.,"Rule-based mechanism screen, not a completed cost-gap, contract-pricing or system-abatement result."
NIPPON_STEEL,Nippon Steel Corporation,JP_NSC_WAKAYAMA,Kansai Works Wakayama Area,Japan,steel,high,B0,unchanged,unchanged,0,0,0,contract-dependent,contract-dependent,no,no,hydrogen and clean electricity,1744000000,0,4938312.5,3703734.375,0,0,4938312.5,not_modelled; leakage and replacement production pending,1,hydrogen and clean electricity,NA,company ratio reported in company support table,Modelled,D,IEA_STEEL_BREAKTHROUGH_2025|NEDO_H2_STEEL_2026|NSC_DB_2025,Status-transition rule by B0/BH/BL/BHL; abatement is counted only after a no-regret state; level support equals base CAPEX times estimated share; residual exposure equals 1-theta.,"Rule-based mechanism screen, not a completed cost-gap, contract-pricing or system-abatement result."
NIPPON_STEEL,Nippon Steel Corporation,JP_NSC_WAKAYAMA,Kansai Works Wakayama Area,Japan,steel,high,BH,unchanged,reduced; central cost level held unchanged,0.95,0,0,contract-dependent,no-regret,yes,yes,hydrogen and clean electricity,1744000000,1656800000,4938312.5,3703734.375,3703734.375,3703734.375,1234578.125,not_modelled; leakage and replacement production pending,0.05,hydrogen and clean electricity,NA,company ratio reported in company support table,Modelled,D,IEA_STEEL_BREAKTHROUGH_2025|NEDO_H2_STEEL_2026|NSC_DB_2025,Status-transition rule by B0/BH/BL/BHL; abatement is counted only after a no-regret state; level support equals base CAPEX times estimated share; residual exposure equals 1-theta.,"Rule-based mechanism screen, not a completed cost-gap, contract-pricing or system-abatement result."
NIPPON_STEEL,Nippon Steel Corporation,JP_NSC_WAKAYAMA,Kansai Works Wakayama Area,Japan,steel,high,BL,screening capital-equivalent level support applied,unchanged,0,0,0,contract-dependent,contract-dependent,no,no,hydrogen and clean electricity,1744000000,0,4938312.5,3703734.375,0,0,4938312.5,not_modelled; leakage and replacement production pending,1,hydrogen and clean electricity,NA,company ratio reported in company support table,Modelled,D,IEA_STEEL_BREAKTHROUGH_2025|NEDO_H2_STEEL_2026|NSC_DB_2025,Status-transition rule by B0/BH/BL/BHL; abatement is counted only after a no-regret state; level support equals base CAPEX times estimated share; residual exposure equals 1-theta.,"Rule-based mechanism screen, not a completed cost-gap, contract-pricing or system-abatement result."
NIPPON_STEEL,Nippon Steel Corporation,JP_NSC_WAKAYAMA,Kansai Works Wakayama Area,Japan,steel,high,BHL,screening capital-equivalent level support applied,reduced; central cost level held unchanged,0.95,0,0,contract-dependent,no-regret,yes,yes,hydrogen and clean electricity,1744000000,1656800000,4938312.5,3703734.375,3703734.375,3703734.375,1234578.125,not_modelled; leakage and replacement production pending,0.05,hydrogen and clean electricity,NA,company ratio reported in company support table,Modelled,D,IEA_STEEL_BREAKTHROUGH_2025|NEDO_H2_STEEL_2026|NSC_DB_2025,Status-transition rule by B0/BH/BL/BHL; abatement is counted only after a no-regret state; level support equals base CAPEX times estimated share; residual exposure equals 1-theta.,"Rule-based mechanism screen, not a completed cost-gap, contract-pricing or system-abatement result."
NIPPON_STEEL,Nippon Steel Corporation,JP_NSC_OSAKA,Kansai Works Osaka Area,Japan,steel,high,B0,unchanged,unchanged,0,0,0,price-conditional,price-conditional,no,no,electricity,1500000,0,67958.429,6795.8429,0,0,67958.429,not_modelled; leakage and replacement production pending,1,electricity,NA,company ratio reported in company support table,Modelled,D,NSC_DB_2025|POSCO_CLIMATE_2026,Status-transition rule by B0/BH/BL/BHL; abatement is counted only after a no-regret state; level support equals base CAPEX times estimated share; residual exposure equals 1-theta.,"Rule-based mechanism screen, not a completed cost-gap, contract-pricing or system-abatement result."
NIPPON_STEEL,Nippon Steel Corporation,JP_NSC_OSAKA,Kansai Works Osaka Area,Japan,steel,high,BH,unchanged,reduced; central cost level held unchanged,0.9,0,0,price-conditional,no-regret,yes,yes,electricity,1500000,1350000,67958.429,6795.8429,6795.8429,6795.8429,61162.5861,not_modelled; leakage and replacement production pending,0.1,electricity,NA,company ratio reported in company support table,Modelled,D,NSC_DB_2025|POSCO_CLIMATE_2026,Status-transition rule by B0/BH/BL/BHL; abatement is counted only after a no-regret state; level support equals base CAPEX times estimated share; residual exposure equals 1-theta.,"Rule-based mechanism screen, not a completed cost-gap, contract-pricing or system-abatement result."
NIPPON_STEEL,Nippon Steel Corporation,JP_NSC_OSAKA,Kansai Works Osaka Area,Japan,steel,high,BL,screening capital-equivalent level support applied,unchanged,0,0,0,price-conditional,price-conditional,no,no,electricity,1500000,0,67958.429,6795.8429,0,0,67958.429,not_modelled; leakage and replacement production pending,1,electricity,NA,company ratio reported in company support table,Modelled,D,NSC_DB_2025|POSCO_CLIMATE_2026,Status-transition rule by B0/BH/BL/BHL; abatement is counted only after a no-regret state; level support equals base CAPEX times estimated share; residual exposure equals 1-theta.,"Rule-based mechanism screen, not a completed cost-gap, contract-pricing or system-abatement result."
NIPPON_STEEL,Nippon Steel Corporation,JP_NSC_OSAKA,Kansai Works Osaka Area,Japan,steel,high,BHL,screening capital-equivalent level support applied,reduced; central cost level held unchanged,0.9,0,0,price-conditional,no-regret,yes,yes,electricity,1500000,1350000,67958.429,6795.8429,6795.8429,6795.8429,61162.5861,not_modelled; leakage and replacement production pending,0.1,electricity,NA,company ratio reported in company support table,Modelled,D,NSC_DB_2025|POSCO_CLIMATE_2026,Status-transition rule by B0/BH/BL/BHL; abatement is counted only after a no-regret state; level support equals base CAPEX times estimated share; residual exposure equals 1-theta.,"Rule-based mechanism screen, not a completed cost-gap, contract-pricing or system-abatement result."
NIPPON_STEEL,Nippon Steel Corporation,JP_NSC_HIROHATA,Setouchi Works Hirohata Area,Japan,steel,high,B0,unchanged,unchanged,0,0,0,price-conditional,price-conditional,no,no,electricity,30500000,0,1381821.388,138182.1388,0,0,1381821.388,not_modelled; leakage and replacement production pending,1,electricity,NA,company ratio reported in company support table,Modelled,D,NSC_DB_2025|POSCO_CLIMATE_2026,Status-transition rule by B0/BH/BL/BHL; abatement is counted only after a no-regret state; level support equals base CAPEX times estimated share; residual exposure equals 1-theta.,"Rule-based mechanism screen, not a completed cost-gap, contract-pricing or system-abatement result."
NIPPON_STEEL,Nippon Steel Corporation,JP_NSC_HIROHATA,Setouchi Works Hirohata Area,Japan,steel,high,BH,unchanged,reduced; central cost level held unchanged,0.9,0,0,price-conditional,no-regret,yes,yes,electricity,30500000,27450000,1381821.388,138182.1388,138182.1388,138182.1388,1243639.2492,not_modelled; leakage and replacement production pending,0.1,electricity,NA,company ratio reported in company support table,Modelled,D,NSC_DB_2025|POSCO_CLIMATE_2026,Status-transition rule by B0/BH/BL/BHL; abatement is counted only after a no-regret state; level support equals base CAPEX times estimated share; residual exposure equals 1-theta.,"Rule-based mechanism screen, not a completed cost-gap, contract-pricing or system-abatement result."
NIPPON_STEEL,Nippon Steel Corporation,JP_NSC_HIROHATA,Setouchi Works Hirohata Area,Japan,steel,high,BL,screening capital-equivalent level support applied,unchanged,0,0,0,price-conditional,price-conditional,no,no,electricity,30500000,0,1381821.388,138182.1388,0,0,1381821.388,not_modelled; leakage and replacement production pending,1,electricity,NA,company ratio reported in company support table,Modelled,D,NSC_DB_2025|POSCO_CLIMATE_2026,Status-transition rule by B0/BH/BL/BHL; abatement is counted only after a no-regret state; level support equals base CAPEX times estimated share; residual exposure equals 1-theta.,"Rule-based mechanism screen, not a completed cost-gap, contract-pricing or system-abatement result."
NIPPON_STEEL,Nippon Steel Corporation,JP_NSC_HIROHATA,Setouchi Works Hirohata Area,Japan,steel,high,BHL,screening capital-equivalent level support applied,reduced; central cost level held unchanged,0.9,0,0,price-conditional,no-regret,yes,yes,electricity,30500000,27450000,1381821.388,138182.1388,138182.1388,138182.1388,1243639.2492,not_modelled; leakage and replacement production pending,0.1,electricity,NA,company ratio reported in company support table,Modelled,D,NSC_DB_2025|POSCO_CLIMATE_2026,Status-transition rule by B0/BH/BL/BHL; abatement is counted only after a no-regret state; level support equals base CAPEX times estimated share; residual exposure equals 1-theta.,"Rule-based mechanism screen, not a completed cost-gap, contract-pricing or system-abatement result."
NIPPON_STEEL,Nippon Steel Corporation,JP_NSC_HIKARI,Setouchi Works Yamaguchi Hikari Area,Japan,steel,high,B0,unchanged,unchanged,0,0,0,price-conditional,price-conditional,no,no,electricity,20500000,0,928765.195,92876.5195,0,0,928765.195,not_modelled; leakage and replacement production pending,1,electricity,NA,company ratio reported in company support table,Modelled,D,NSC_DB_2025|POSCO_CLIMATE_2026,Status-transition rule by B0/BH/BL/BHL; abatement is counted only after a no-regret state; level support equals base CAPEX times estimated share; residual exposure equals 1-theta.,"Rule-based mechanism screen, not a completed cost-gap, contract-pricing or system-abatement result."
NIPPON_STEEL,Nippon Steel Corporation,JP_NSC_HIKARI,Setouchi Works Yamaguchi Hikari Area,Japan,steel,high,BH,unchanged,reduced; central cost level held unchanged,0.9,0,0,price-conditional,no-regret,yes,yes,electricity,20500000,18450000,928765.195,92876.5195,92876.5195,92876.5195,835888.6755,not_modelled; leakage and replacement production pending,0.1,electricity,NA,company ratio reported in company support table,Modelled,D,NSC_DB_2025|POSCO_CLIMATE_2026,Status-transition rule by B0/BH/BL/BHL; abatement is counted only after a no-regret state; level support equals base CAPEX times estimated share; residual exposure equals 1-theta.,"Rule-based mechanism screen, not a completed cost-gap, contract-pricing or system-abatement result."
NIPPON_STEEL,Nippon Steel Corporation,JP_NSC_HIKARI,Setouchi Works Yamaguchi Hikari Area,Japan,steel,high,BL,screening capital-equivalent level support applied,unchanged,0,0,0,price-conditional,price-conditional,no,no,electricity,20500000,0,928765.195,92876.5195,0,0,928765.195,not_modelled; leakage and replacement production pending,1,electricity,NA,company ratio reported in company support table,Modelled,D,NSC_DB_2025|POSCO_CLIMATE_2026,Status-transition rule by B0/BH/BL/BHL; abatement is counted only after a no-regret state; level support equals base CAPEX times estimated share; residual exposure equals 1-theta.,"Rule-based mechanism screen, not a completed cost-gap, contract-pricing or system-abatement result."
NIPPON_STEEL,Nippon Steel Corporation,JP_NSC_HIKARI,Setouchi Works Yamaguchi Hikari Area,Japan,steel,high,BHL,screening capital-equivalent level support applied,reduced; central cost level held unchanged,0.9,0,0,price-conditional,no-regret,yes,yes,electricity,20500000,18450000,928765.195,92876.5195,92876.5195,92876.5195,835888.6755,not_modelled; leakage and replacement production pending,0.1,electricity,NA,company ratio reported in company support table,Modelled,D,NSC_DB_2025|POSCO_CLIMATE_2026,Status-transition rule by B0/BH/BL/BHL; abatement is counted only after a no-regret state; level support equals base CAPEX times estimated share; residual exposure equals 1-theta.,"Rule-based mechanism screen, not a completed cost-gap, contract-pricing or system-abatement result."
NIPPON_STEEL,Nippon Steel Corporation,JP_NSC_SHUNAN,Setouchi Works Yamaguchi Shunan Area,Japan,steel,high,B0,unchanged,unchanged,0,0,0,price-conditional,price-conditional,no,no,electricity,10000000,0,453056.193,45305.6193,0,0,453056.193,not_modelled; leakage and replacement production pending,1,electricity,NA,company ratio reported in company support table,Modelled,D,NSC_DB_2025|POSCO_CLIMATE_2026,Status-transition rule by B0/BH/BL/BHL; abatement is counted only after a no-regret state; level support equals base CAPEX times estimated share; residual exposure equals 1-theta.,"Rule-based mechanism screen, not a completed cost-gap, contract-pricing or system-abatement result."
NIPPON_STEEL,Nippon Steel Corporation,JP_NSC_SHUNAN,Setouchi Works Yamaguchi Shunan Area,Japan,steel,high,BH,unchanged,reduced; central cost level held unchanged,0.9,0,0,price-conditional,no-regret,yes,yes,electricity,10000000,9000000,453056.193,45305.6193,45305.6193,45305.6193,407750.5737,not_modelled; leakage and replacement production pending,0.1,electricity,NA,company ratio reported in company support table,Modelled,D,NSC_DB_2025|POSCO_CLIMATE_2026,Status-transition rule by B0/BH/BL/BHL; abatement is counted only after a no-regret state; level support equals base CAPEX times estimated share; residual exposure equals 1-theta.,"Rule-based mechanism screen, not a completed cost-gap, contract-pricing or system-abatement result."
NIPPON_STEEL,Nippon Steel Corporation,JP_NSC_SHUNAN,Setouchi Works Yamaguchi Shunan Area,Japan,steel,high,BL,screening capital-equivalent level support applied,unchanged,0,0,0,price-conditional,price-conditional,no,no,electricity,10000000,0,453056.193,45305.6193,0,0,453056.193,not_modelled; leakage and replacement production pending,1,electricity,NA,company ratio reported in company support table,Modelled,D,NSC_DB_2025|POSCO_CLIMATE_2026,Status-transition rule by B0/BH/BL/BHL; abatement is counted only after a no-regret state; level support equals base CAPEX times estimated share; residual exposure equals 1-theta.,"Rule-based mechanism screen, not a completed cost-gap, contract-pricing or system-abatement result."
NIPPON_STEEL,Nippon Steel Corporation,JP_NSC_SHUNAN,Setouchi Works Yamaguchi Shunan Area,Japan,steel,high,BHL,screening capital-equivalent level support applied,reduced; central cost level held unchanged,0.9,0,0,price-conditional,no-regret,yes,yes,electricity,10000000,9000000,453056.193,45305.6193,45305.6193,45305.6193,407750.5737,not_modelled; leakage and replacement production pending,0.1,electricity,NA,company ratio reported in company support table,Modelled,D,NSC_DB_2025|POSCO_CLIMATE_2026,Status-transition rule by B0/BH/BL/BHL; abatement is counted only after a no-regret state; level support equals base CAPEX times estimated share; residual exposure equals 1-theta.,"Rule-based mechanism screen, not a completed cost-gap, contract-pricing or system-abatement result."
NIPPON_STEEL,Nippon Steel Corporation,JP_NSC_YAWATA,Kyushu Works Yawata Area,Japan,steel,high,B0,unchanged,unchanged,0,0,0,contract-dependent,contract-dependent,no,no,hydrogen and clean electricity,2960000000,0,8381539.564,6286154.673,0,0,8381539.564,not_modelled; leakage and replacement production pending,1,hydrogen and clean electricity,NA,company ratio reported in company support table,Modelled,D,IEA_STEEL_BREAKTHROUGH_2025|NEDO_H2_STEEL_2026|NSC_DB_2025,Status-transition rule by B0/BH/BL/BHL; abatement is counted only after a no-regret state; level support equals base CAPEX times estimated share; residual exposure equals 1-theta.,"Rule-based mechanism screen, not a completed cost-gap, contract-pricing or system-abatement result."
NIPPON_STEEL,Nippon Steel Corporation,JP_NSC_YAWATA,Kyushu Works Yawata Area,Japan,steel,high,BH,unchanged,reduced; central cost level held unchanged,0.95,0,0,contract-dependent,no-regret,yes,yes,hydrogen and clean electricity,2960000000,2812000000,8381539.564,6286154.673,6286154.673,6286154.673,2095384.891,not_modelled; leakage and replacement production pending,0.05,hydrogen and clean electricity,NA,company ratio reported in company support table,Modelled,D,IEA_STEEL_BREAKTHROUGH_2025|NEDO_H2_STEEL_2026|NSC_DB_2025,Status-transition rule by B0/BH/BL/BHL; abatement is counted only after a no-regret state; level support equals base CAPEX times estimated share; residual exposure equals 1-theta.,"Rule-based mechanism screen, not a completed cost-gap, contract-pricing or system-abatement result."
NIPPON_STEEL,Nippon Steel Corporation,JP_NSC_YAWATA,Kyushu Works Yawata Area,Japan,steel,high,BL,screening capital-equivalent level support applied,unchanged,0,0,0,contract-dependent,contract-dependent,no,no,hydrogen and clean electricity,2960000000,0,8381539.564,6286154.673,0,0,8381539.564,not_modelled; leakage and replacement production pending,1,hydrogen and clean electricity,NA,company ratio reported in company support table,Modelled,D,IEA_STEEL_BREAKTHROUGH_2025|NEDO_H2_STEEL_2026|NSC_DB_2025,Status-transition rule by B0/BH/BL/BHL; abatement is counted only after a no-regret state; level support equals base CAPEX times estimated share; residual exposure equals 1-theta.,"Rule-based mechanism screen, not a completed cost-gap, contract-pricing or system-abatement result."
NIPPON_STEEL,Nippon Steel Corporation,JP_NSC_YAWATA,Kyushu Works Yawata Area,Japan,steel,high,BHL,screening capital-equivalent level support applied,reduced; central cost level held unchanged,0.95,0,0,contract-dependent,no-regret,yes,yes,hydrogen and clean electricity,2960000000,2812000000,8381539.564,6286154.673,6286154.673,6286154.673,2095384.891,not_modelled; leakage and replacement production pending,0.05,hydrogen and clean electricity,NA,company ratio reported in company support table,Modelled,D,IEA_STEEL_BREAKTHROUGH_2025|NEDO_H2_STEEL_2026|NSC_DB_2025,Status-transition rule by B0/BH/BL/BHL; abatement is counted only after a no-regret state; level support equals base CAPEX times estimated share; residual exposure equals 1-theta.,"Rule-based mechanism screen, not a completed cost-gap, contract-pricing or system-abatement result."
NIPPON_STEEL,Nippon Steel Corporation,JP_NSC_OITA,Kyushu Works Oita Area,Japan,steel,high,B0,unchanged,unchanged,0,0,0,contract-dependent,contract-dependent,no,no,hydrogen and clean electricity,6680000000,0,18915096.044,14186322.033,0,0,18915096.044,not_modelled; leakage and replacement production pending,1,hydrogen and clean electricity,NA,company ratio reported in company support table,Modelled,D,IEA_STEEL_BREAKTHROUGH_2025|NEDO_H2_STEEL_2026|NSC_DB_2025,Status-transition rule by B0/BH/BL/BHL; abatement is counted only after a no-regret state; level support equals base CAPEX times estimated share; residual exposure equals 1-theta.,"Rule-based mechanism screen, not a completed cost-gap, contract-pricing or system-abatement result."
NIPPON_STEEL,Nippon Steel Corporation,JP_NSC_OITA,Kyushu Works Oita Area,Japan,steel,high,BH,unchanged,reduced; central cost level held unchanged,0.95,0,0,contract-dependent,no-regret,yes,yes,hydrogen and clean electricity,6680000000,6346000000,18915096.044,14186322.033,14186322.033,14186322.033,4728774.011,not_modelled; leakage and replacement production pending,0.05,hydrogen and clean electricity,NA,company ratio reported in company support table,Modelled,D,IEA_STEEL_BREAKTHROUGH_2025|NEDO_H2_STEEL_2026|NSC_DB_2025,Status-transition rule by B0/BH/BL/BHL; abatement is counted only after a no-regret state; level support equals base CAPEX times estimated share; residual exposure equals 1-theta.,"Rule-based mechanism screen, not a completed cost-gap, contract-pricing or system-abatement result."
NIPPON_STEEL,Nippon Steel Corporation,JP_NSC_OITA,Kyushu Works Oita Area,Japan,steel,high,BL,screening capital-equivalent level support applied,unchanged,0,0,0,contract-dependent,contract-dependent,no,no,hydrogen and clean electricity,6680000000,0,18915096.044,14186322.033,0,0,18915096.044,not_modelled; leakage and replacement production pending,1,hydrogen and clean electricity,NA,company ratio reported in company support table,Modelled,D,IEA_STEEL_BREAKTHROUGH_2025|NEDO_H2_STEEL_2026|NSC_DB_2025,Status-transition rule by B0/BH/BL/BHL; abatement is counted only after a no-regret state; level support equals base CAPEX times estimated share; residual exposure equals 1-theta.,"Rule-based mechanism screen, not a completed cost-gap, contract-pricing or system-abatement result."
NIPPON_STEEL,Nippon Steel Corporation,JP_NSC_OITA,Kyushu Works Oita Area,Japan,steel,high,BHL,screening capital-equivalent level support applied,reduced; central cost level held unchanged,0.95,0,0,contract-dependent,no-regret,yes,yes,hydrogen and clean electricity,6680000000,6346000000,18915096.044,14186322.033,14186322.033,14186322.033,4728774.011,not_modelled; leakage and replacement production pending,0.05,hydrogen and clean electricity,NA,company ratio reported in company support table,Modelled,D,IEA_STEEL_BREAKTHROUGH_2025|NEDO_H2_STEEL_2026|NSC_DB_2025,Status-transition rule by B0/BH/BL/BHL; abatement is counted only after a no-regret state; level support equals base CAPEX times estimated share; residual exposure equals 1-theta.,"Rule-based mechanism screen, not a completed cost-gap, contract-pricing or system-abatement result."
LOTTE_CHEMICAL,LOTTE Chemical Corporation,KR_LOTTE_YEOSU_BASIC,Yeosu Basic Materials Plant,Korea,petrochemicals,high,B0,unchanged,unchanged,0,0,0,level-support-dependent,level-support-dependent,no,no,electricity and technology cost,388653900,0,2591026,1295513,0,0,2591026,not_modelled; leakage and replacement production pending,1,electricity and technology cost,NA,company ratio reported in company support table,Modelled,D,IEA_CTG_2026|IEA_PETCHEM_COST_2018|LOTTE_ESG_2025|MCI_WEST_JAPAN_2026|NA,Status-transition rule by B0/BH/BL/BHL; abatement is counted only after a no-regret state; level support equals base CAPEX times estimated share; residual exposure equals 1-theta.,"Rule-based mechanism screen, not a completed cost-gap, contract-pricing or system-abatement result."
LOTTE_CHEMICAL,LOTTE Chemical Corporation,KR_LOTTE_YEOSU_BASIC,Yeosu Basic Materials Plant,Korea,petrochemicals,high,BH,unchanged,reduced; central cost level held unchanged,0.95,0,0,level-support-dependent,level-support-dependent,no,no,electricity and technology cost,388653900,369221205,2591026,1295513,0,0,2591026,not_modelled; leakage and replacement production pending,0.05,electricity and technology cost,NA,company ratio reported in company support table,Modelled,D,IEA_CTG_2026|IEA_PETCHEM_COST_2018|LOTTE_ESG_2025|MCI_WEST_JAPAN_2026|NA,Status-transition rule by B0/BH/BL/BHL; abatement is counted only after a no-regret state; level support equals base CAPEX times estimated share; residual exposure equals 1-theta.,"Rule-based mechanism screen, not a completed cost-gap, contract-pricing or system-abatement result."
LOTTE_CHEMICAL,LOTTE Chemical Corporation,KR_LOTTE_YEOSU_BASIC,Yeosu Basic Materials Plant,Korea,petrochemicals,high,BL,screening capital-equivalent level support applied,unchanged,0,0.7,272057730,level-support-dependent,price-conditional,yes,no,electricity and technology cost,388653900,0,2591026,1295513,0,0,2591026,not_modelled; leakage and replacement production pending,1,electricity and technology cost,NA,company ratio reported in company support table,Modelled,D,IEA_CTG_2026|IEA_PETCHEM_COST_2018|LOTTE_ESG_2025|MCI_WEST_JAPAN_2026|NA,Status-transition rule by B0/BH/BL/BHL; abatement is counted only after a no-regret state; level support equals base CAPEX times estimated share; residual exposure equals 1-theta.,"Rule-based mechanism screen, not a completed cost-gap, contract-pricing or system-abatement result."
LOTTE_CHEMICAL,LOTTE Chemical Corporation,KR_LOTTE_YEOSU_BASIC,Yeosu Basic Materials Plant,Korea,petrochemicals,high,BHL,screening capital-equivalent level support applied,reduced; central cost level held unchanged,0.95,0.7,272057730,level-support-dependent,no-regret,yes,yes,electricity and technology cost,388653900,369221205,2591026,1295513,1295513,1295513,1295513,not_modelled; leakage and replacement production pending,0.05,electricity and technology cost,NA,company ratio reported in company support table,Modelled,D,IEA_CTG_2026|IEA_PETCHEM_COST_2018|LOTTE_ESG_2025|MCI_WEST_JAPAN_2026|NA,Status-transition rule by B0/BH/BL/BHL; abatement is counted only after a no-regret state; level support equals base CAPEX times estimated share; residual exposure equals 1-theta.,"Rule-based mechanism screen, not a completed cost-gap, contract-pricing or system-abatement result."
LOTTE_CHEMICAL,LOTTE Chemical Corporation,KR_LOTTE_YEOSU_ADVANCED,Yeosu Advanced Materials Plant,Korea,petrochemicals,high,B0,unchanged,unchanged,0,0,0,unmodelled-residual,unmodelled-residual,no,no,unmodelled boundary,0,0,383825,0,0,0,383825,not_modelled; leakage and replacement production pending,NA,not_assessed,NA,company ratio reported in company support table,Not_modelled,D,LOTTE_ESG_2025|NA,Status-transition rule by B0/BH/BL/BHL; abatement is counted only after a no-regret state; level support equals base CAPEX times estimated share; residual exposure equals 1-theta.,"Rule-based mechanism screen, not a completed cost-gap, contract-pricing or system-abatement result."
LOTTE_CHEMICAL,LOTTE Chemical Corporation,KR_LOTTE_YEOSU_ADVANCED,Yeosu Advanced Materials Plant,Korea,petrochemicals,high,BH,unchanged,reduced; central cost level held unchanged,0,0,0,unmodelled-residual,unmodelled-residual,no,no,unmodelled boundary,0,0,383825,0,0,0,383825,not_modelled; leakage and replacement production pending,NA,not_assessed,NA,company ratio reported in company support table,Not_modelled,D,LOTTE_ESG_2025|NA,Status-transition rule by B0/BH/BL/BHL; abatement is counted only after a no-regret state; level support equals base CAPEX times estimated share; residual exposure equals 1-theta.,"Rule-based mechanism screen, not a completed cost-gap, contract-pricing or system-abatement result."
LOTTE_CHEMICAL,LOTTE Chemical Corporation,KR_LOTTE_YEOSU_ADVANCED,Yeosu Advanced Materials Plant,Korea,petrochemicals,high,BL,screening capital-equivalent level support applied,unchanged,0,0,0,unmodelled-residual,unmodelled-residual,no,no,unmodelled boundary,0,0,383825,0,0,0,383825,not_modelled; leakage and replacement production pending,NA,not_assessed,NA,company ratio reported in company support table,Not_modelled,D,LOTTE_ESG_2025|NA,Status-transition rule by B0/BH/BL/BHL; abatement is counted only after a no-regret state; level support equals base CAPEX times estimated share; residual exposure equals 1-theta.,"Rule-based mechanism screen, not a completed cost-gap, contract-pricing or system-abatement result."
LOTTE_CHEMICAL,LOTTE Chemical Corporation,KR_LOTTE_YEOSU_ADVANCED,Yeosu Advanced Materials Plant,Korea,petrochemicals,high,BHL,screening capital-equivalent level support applied,reduced; central cost level held unchanged,0,0,0,unmodelled-residual,unmodelled-residual,no,no,unmodelled boundary,0,0,383825,0,0,0,383825,not_modelled; leakage and replacement production pending,NA,not_assessed,NA,company ratio reported in company support table,Not_modelled,D,LOTTE_ESG_2025|NA,Status-transition rule by B0/BH/BL/BHL; abatement is counted only after a no-regret state; level support equals base CAPEX times estimated share; residual exposure equals 1-theta.,"Rule-based mechanism screen, not a completed cost-gap, contract-pricing or system-abatement result."
LOTTE_CHEMICAL,LOTTE Chemical Corporation,KR_LOTTE_DAESAN,Daesan Plant,Korea,petrochemicals,high,B0,unchanged,unchanged,0,0,0,level-support-dependent,level-support-dependent,no,no,"electricity, technology cost and ownership",283302300,0,1888682,944341,0,0,1888682,not_modelled; leakage and replacement production pending,1,"electricity, technology cost and ownership",NA,company ratio reported in company support table,Modelled,D,IEA_CTG_2026|IEA_PETCHEM_COST_2018|LOTTE_ESG_2025|MCI_WEST_JAPAN_2026|NA,Status-transition rule by B0/BH/BL/BHL; abatement is counted only after a no-regret state; level support equals base CAPEX times estimated share; residual exposure equals 1-theta.,"Rule-based mechanism screen, not a completed cost-gap, contract-pricing or system-abatement result."
LOTTE_CHEMICAL,LOTTE Chemical Corporation,KR_LOTTE_DAESAN,Daesan Plant,Korea,petrochemicals,high,BH,unchanged,reduced; central cost level held unchanged,0.95,0,0,level-support-dependent,level-support-dependent,no,no,"electricity, technology cost and ownership",283302300,269137185,1888682,944341,0,0,1888682,not_modelled; leakage and replacement production pending,0.05,"electricity, technology cost and ownership",NA,company ratio reported in company support table,Modelled,D,IEA_CTG_2026|IEA_PETCHEM_COST_2018|LOTTE_ESG_2025|MCI_WEST_JAPAN_2026|NA,Status-transition rule by B0/BH/BL/BHL; abatement is counted only after a no-regret state; level support equals base CAPEX times estimated share; residual exposure equals 1-theta.,"Rule-based mechanism screen, not a completed cost-gap, contract-pricing or system-abatement result."
LOTTE_CHEMICAL,LOTTE Chemical Corporation,KR_LOTTE_DAESAN,Daesan Plant,Korea,petrochemicals,high,BL,screening capital-equivalent level support applied,unchanged,0,0.7,198311610,level-support-dependent,price-conditional,yes,no,"electricity, technology cost and ownership",283302300,0,1888682,944341,0,0,1888682,not_modelled; leakage and replacement production pending,1,"electricity, technology cost and ownership",NA,company ratio reported in company support table,Modelled,D,IEA_CTG_2026|IEA_PETCHEM_COST_2018|LOTTE_ESG_2025|MCI_WEST_JAPAN_2026|NA,Status-transition rule by B0/BH/BL/BHL; abatement is counted only after a no-regret state; level support equals base CAPEX times estimated share; residual exposure equals 1-theta.,"Rule-based mechanism screen, not a completed cost-gap, contract-pricing or system-abatement result."
LOTTE_CHEMICAL,LOTTE Chemical Corporation,KR_LOTTE_DAESAN,Daesan Plant,Korea,petrochemicals,high,BHL,screening capital-equivalent level support applied,reduced; central cost level held unchanged,0.95,0.7,198311610,level-support-dependent,no-regret,yes,yes,"electricity, technology cost and ownership",283302300,269137185,1888682,944341,944341,944341,944341,not_modelled; leakage and replacement production pending,0.05,"electricity, technology cost and ownership",NA,company ratio reported in company support table,Modelled,D,IEA_CTG_2026|IEA_PETCHEM_COST_2018|LOTTE_ESG_2025|MCI_WEST_JAPAN_2026|NA,Status-transition rule by B0/BH/BL/BHL; abatement is counted only after a no-regret state; level support equals base CAPEX times estimated share; residual exposure equals 1-theta.,"Rule-based mechanism screen, not a completed cost-gap, contract-pricing or system-abatement result."
LOTTE_CHEMICAL,LOTTE Chemical Corporation,KR_LOTTE_ULSAN,Ulsan Plant,Korea,petrochemicals,high,B0,unchanged,unchanged,0,0,0,level-support-dependent,level-support-dependent,no,no,electricity and technology cost,74615100,0,497434,248717,0,0,497434,not_modelled; leakage and replacement production pending,1,electricity and technology cost,NA,company ratio reported in company support table,Modelled,D,IEA_CTG_2026|IEA_PETCHEM_COST_2018|LOTTE_ESG_2025|MCI_WEST_JAPAN_2026|NA,Status-transition rule by B0/BH/BL/BHL; abatement is counted only after a no-regret state; level support equals base CAPEX times estimated share; residual exposure equals 1-theta.,"Rule-based mechanism screen, not a completed cost-gap, contract-pricing or system-abatement result."
LOTTE_CHEMICAL,LOTTE Chemical Corporation,KR_LOTTE_ULSAN,Ulsan Plant,Korea,petrochemicals,high,BH,unchanged,reduced; central cost level held unchanged,0.95,0,0,level-support-dependent,level-support-dependent,no,no,electricity and technology cost,74615100,70884345,497434,248717,0,0,497434,not_modelled; leakage and replacement production pending,0.05,electricity and technology cost,NA,company ratio reported in company support table,Modelled,D,IEA_CTG_2026|IEA_PETCHEM_COST_2018|LOTTE_ESG_2025|MCI_WEST_JAPAN_2026|NA,Status-transition rule by B0/BH/BL/BHL; abatement is counted only after a no-regret state; level support equals base CAPEX times estimated share; residual exposure equals 1-theta.,"Rule-based mechanism screen, not a completed cost-gap, contract-pricing or system-abatement result."
LOTTE_CHEMICAL,LOTTE Chemical Corporation,KR_LOTTE_ULSAN,Ulsan Plant,Korea,petrochemicals,high,BL,screening capital-equivalent level support applied,unchanged,0,0.7,52230570,level-support-dependent,price-conditional,yes,no,electricity and technology cost,74615100,0,497434,248717,0,0,497434,not_modelled; leakage and replacement production pending,1,electricity and technology cost,NA,company ratio reported in company support table,Modelled,D,IEA_CTG_2026|IEA_PETCHEM_COST_2018|LOTTE_ESG_2025|MCI_WEST_JAPAN_2026|NA,Status-transition rule by B0/BH/BL/BHL; abatement is counted only after a no-regret state; level support equals base CAPEX times estimated share; residual exposure equals 1-theta.,"Rule-based mechanism screen, not a completed cost-gap, contract-pricing or system-abatement result."
LOTTE_CHEMICAL,LOTTE Chemical Corporation,KR_LOTTE_ULSAN,Ulsan Plant,Korea,petrochemicals,high,BHL,screening capital-equivalent level support applied,reduced; central cost level held unchanged,0.95,0.7,52230570,level-support-dependent,no-regret,yes,yes,electricity and technology cost,74615100,70884345,497434,248717,248717,248717,248717,not_modelled; leakage and replacement production pending,0.05,electricity and technology cost,NA,company ratio reported in company support table,Modelled,D,IEA_CTG_2026|IEA_PETCHEM_COST_2018|LOTTE_ESG_2025|MCI_WEST_JAPAN_2026|NA,Status-transition rule by B0/BH/BL/BHL; abatement is counted only after a no-regret state; level support equals base CAPEX times estimated share; residual exposure equals 1-theta.,"Rule-based mechanism screen, not a completed cost-gap, contract-pricing or system-abatement result."
LOTTE_CHEMICAL,LOTTE Chemical Corporation,KR_LOTTE_OTHER,Other parent-company sites,Korea,petrochemicals,high,B0,unchanged,unchanged,0,0,0,unmodelled-residual,unmodelled-residual,no,no,unmodelled boundary,0,0,9811,0,0,0,9811,not_modelled; leakage and replacement production pending,NA,not_assessed,NA,company ratio reported in company support table,Not_modelled,D,LOTTE_ESG_2025|NA,Status-transition rule by B0/BH/BL/BHL; abatement is counted only after a no-regret state; level support equals base CAPEX times estimated share; residual exposure equals 1-theta.,"Rule-based mechanism screen, not a completed cost-gap, contract-pricing or system-abatement result."
LOTTE_CHEMICAL,LOTTE Chemical Corporation,KR_LOTTE_OTHER,Other parent-company sites,Korea,petrochemicals,high,BH,unchanged,reduced; central cost level held unchanged,0,0,0,unmodelled-residual,unmodelled-residual,no,no,unmodelled boundary,0,0,9811,0,0,0,9811,not_modelled; leakage and replacement production pending,NA,not_assessed,NA,company ratio reported in company support table,Not_modelled,D,LOTTE_ESG_2025|NA,Status-transition rule by B0/BH/BL/BHL; abatement is counted only after a no-regret state; level support equals base CAPEX times estimated share; residual exposure equals 1-theta.,"Rule-based mechanism screen, not a completed cost-gap, contract-pricing or system-abatement result."
LOTTE_CHEMICAL,LOTTE Chemical Corporation,KR_LOTTE_OTHER,Other parent-company sites,Korea,petrochemicals,high,BL,screening capital-equivalent level support applied,unchanged,0,0,0,unmodelled-residual,unmodelled-residual,no,no,unmodelled boundary,0,0,9811,0,0,0,9811,not_modelled; leakage and replacement production pending,NA,not_assessed,NA,company ratio reported in company support table,Not_modelled,D,LOTTE_ESG_2025|NA,Status-transition rule by B0/BH/BL/BHL; abatement is counted only after a no-regret state; level support equals base CAPEX times estimated share; residual exposure equals 1-theta.,"Rule-based mechanism screen, not a completed cost-gap, contract-pricing or system-abatement result."
LOTTE_CHEMICAL,LOTTE Chemical Corporation,KR_LOTTE_OTHER,Other parent-company sites,Korea,petrochemicals,high,BHL,screening capital-equivalent level support applied,reduced; central cost level held unchanged,0,0,0,unmodelled-residual,unmodelled-residual,no,no,unmodelled boundary,0,0,9811,0,0,0,9811,not_modelled; leakage and replacement production pending,NA,not_assessed,NA,company ratio reported in company support table,Not_modelled,D,LOTTE_ESG_2025|NA,Status-transition rule by B0/BH/BL/BHL; abatement is counted only after a no-regret state; level support equals base CAPEX times estimated share; residual exposure equals 1-theta.,"Rule-based mechanism screen, not a completed cost-gap, contract-pricing or system-abatement result."
MITSUI_CHEMICALS,"Mitsui Chemicals, Inc.",JP_MCI_ICHIHARA,Ichihara Works,Japan,petrochemicals,high,B0,unchanged,unchanged,0,0,0,level-support-dependent,level-support-dependent,no,no,electricity and technology cost,185712000,0,1238080,619040,0,0,1238080,not_modelled; leakage and replacement production pending,1,electricity and technology cost,NA,company ratio reported in company support table,Modelled,D,IEA_CTG_2026|IEA_PETCHEM_COST_2018|MCI_ESG_2025|MCI_WEST_JAPAN_2026|MCI_WORKS_2026|NA,Status-transition rule by B0/BH/BL/BHL; abatement is counted only after a no-regret state; level support equals base CAPEX times estimated share; residual exposure equals 1-theta.,"Rule-based mechanism screen, not a completed cost-gap, contract-pricing or system-abatement result."
MITSUI_CHEMICALS,"Mitsui Chemicals, Inc.",JP_MCI_ICHIHARA,Ichihara Works,Japan,petrochemicals,high,BH,unchanged,reduced; central cost level held unchanged,0.95,0,0,level-support-dependent,level-support-dependent,no,no,electricity and technology cost,185712000,176426400,1238080,619040,0,0,1238080,not_modelled; leakage and replacement production pending,0.05,electricity and technology cost,NA,company ratio reported in company support table,Modelled,D,IEA_CTG_2026|IEA_PETCHEM_COST_2018|MCI_ESG_2025|MCI_WEST_JAPAN_2026|MCI_WORKS_2026|NA,Status-transition rule by B0/BH/BL/BHL; abatement is counted only after a no-regret state; level support equals base CAPEX times estimated share; residual exposure equals 1-theta.,"Rule-based mechanism screen, not a completed cost-gap, contract-pricing or system-abatement result."
MITSUI_CHEMICALS,"Mitsui Chemicals, Inc.",JP_MCI_ICHIHARA,Ichihara Works,Japan,petrochemicals,high,BL,screening capital-equivalent level support applied,unchanged,0,0.7,129998400,level-support-dependent,price-conditional,yes,no,electricity and technology cost,185712000,0,1238080,619040,0,0,1238080,not_modelled; leakage and replacement production pending,1,electricity and technology cost,NA,company ratio reported in company support table,Modelled,D,IEA_CTG_2026|IEA_PETCHEM_COST_2018|MCI_ESG_2025|MCI_WEST_JAPAN_2026|MCI_WORKS_2026|NA,Status-transition rule by B0/BH/BL/BHL; abatement is counted only after a no-regret state; level support equals base CAPEX times estimated share; residual exposure equals 1-theta.,"Rule-based mechanism screen, not a completed cost-gap, contract-pricing or system-abatement result."
MITSUI_CHEMICALS,"Mitsui Chemicals, Inc.",JP_MCI_ICHIHARA,Ichihara Works,Japan,petrochemicals,high,BHL,screening capital-equivalent level support applied,reduced; central cost level held unchanged,0.95,0.7,129998400,level-support-dependent,no-regret,yes,yes,electricity and technology cost,185712000,176426400,1238080,619040,619040,619040,619040,not_modelled; leakage and replacement production pending,0.05,electricity and technology cost,NA,company ratio reported in company support table,Modelled,D,IEA_CTG_2026|IEA_PETCHEM_COST_2018|MCI_ESG_2025|MCI_WEST_JAPAN_2026|MCI_WORKS_2026|NA,Status-transition rule by B0/BH/BL/BHL; abatement is counted only after a no-regret state; level support equals base CAPEX times estimated share; residual exposure equals 1-theta.,"Rule-based mechanism screen, not a completed cost-gap, contract-pricing or system-abatement result."
MITSUI_CHEMICALS,"Mitsui Chemicals, Inc.",JP_MCI_OSAKA,Osaka Works,Japan,petrochemicals,high,B0,unchanged,unchanged,0,0,0,level-support-dependent,level-support-dependent,no,no,"electricity, technology cost and JV rights",185712000,0,1238080,619040,0,0,1238080,not_modelled; leakage and replacement production pending,1,"electricity, technology cost and JV rights",NA,company ratio reported in company support table,Modelled,D,IEA_CTG_2026|IEA_PETCHEM_COST_2018|MCI_ESG_2025|MCI_WEST_JAPAN_2026|MCI_WORKS_2026|NA,Status-transition rule by B0/BH/BL/BHL; abatement is counted only after a no-regret state; level support equals base CAPEX times estimated share; residual exposure equals 1-theta.,"Rule-based mechanism screen, not a completed cost-gap, contract-pricing or system-abatement result."
MITSUI_CHEMICALS,"Mitsui Chemicals, Inc.",JP_MCI_OSAKA,Osaka Works,Japan,petrochemicals,high,BH,unchanged,reduced; central cost level held unchanged,0.95,0,0,level-support-dependent,level-support-dependent,no,no,"electricity, technology cost and JV rights",185712000,176426400,1238080,619040,0,0,1238080,not_modelled; leakage and replacement production pending,0.05,"electricity, technology cost and JV rights",NA,company ratio reported in company support table,Modelled,D,IEA_CTG_2026|IEA_PETCHEM_COST_2018|MCI_ESG_2025|MCI_WEST_JAPAN_2026|MCI_WORKS_2026|NA,Status-transition rule by B0/BH/BL/BHL; abatement is counted only after a no-regret state; level support equals base CAPEX times estimated share; residual exposure equals 1-theta.,"Rule-based mechanism screen, not a completed cost-gap, contract-pricing or system-abatement result."
MITSUI_CHEMICALS,"Mitsui Chemicals, Inc.",JP_MCI_OSAKA,Osaka Works,Japan,petrochemicals,high,BL,screening capital-equivalent level support applied,unchanged,0,0.7,129998400,level-support-dependent,price-conditional,yes,no,"electricity, technology cost and JV rights",185712000,0,1238080,619040,0,0,1238080,not_modelled; leakage and replacement production pending,1,"electricity, technology cost and JV rights",NA,company ratio reported in company support table,Modelled,D,IEA_CTG_2026|IEA_PETCHEM_COST_2018|MCI_ESG_2025|MCI_WEST_JAPAN_2026|MCI_WORKS_2026|NA,Status-transition rule by B0/BH/BL/BHL; abatement is counted only after a no-regret state; level support equals base CAPEX times estimated share; residual exposure equals 1-theta.,"Rule-based mechanism screen, not a completed cost-gap, contract-pricing or system-abatement result."
MITSUI_CHEMICALS,"Mitsui Chemicals, Inc.",JP_MCI_OSAKA,Osaka Works,Japan,petrochemicals,high,BHL,screening capital-equivalent level support applied,reduced; central cost level held unchanged,0.95,0.7,129998400,level-support-dependent,no-regret,yes,yes,"electricity, technology cost and JV rights",185712000,176426400,1238080,619040,619040,619040,619040,not_modelled; leakage and replacement production pending,0.05,"electricity, technology cost and JV rights",NA,company ratio reported in company support table,Modelled,D,IEA_CTG_2026|IEA_PETCHEM_COST_2018|MCI_ESG_2025|MCI_WEST_JAPAN_2026|MCI_WORKS_2026|NA,Status-transition rule by B0/BH/BL/BHL; abatement is counted only after a no-regret state; level support equals base CAPEX times estimated share; residual exposure equals 1-theta.,"Rule-based mechanism screen, not a completed cost-gap, contract-pricing or system-abatement result."
MITSUI_CHEMICALS,"Mitsui Chemicals, Inc.",JP_MCI_IWAKUNI,Iwakuni-Ohtake Works,Japan,petrochemicals,high,B0,unchanged,unchanged,0,0,0,level-support-dependent,level-support-dependent,no,no,electricity and technology cost,81249000,0,541660,270830,0,0,541660,not_modelled; leakage and replacement production pending,1,electricity and technology cost,NA,company ratio reported in company support table,Modelled,D,IEA_CTG_2026|IEA_PETCHEM_COST_2018|MCI_ESG_2025|MCI_WEST_JAPAN_2026|MCI_WORKS_2026|NA,Status-transition rule by B0/BH/BL/BHL; abatement is counted only after a no-regret state; level support equals base CAPEX times estimated share; residual exposure equals 1-theta.,"Rule-based mechanism screen, not a completed cost-gap, contract-pricing or system-abatement result."
MITSUI_CHEMICALS,"Mitsui Chemicals, Inc.",JP_MCI_IWAKUNI,Iwakuni-Ohtake Works,Japan,petrochemicals,high,BH,unchanged,reduced; central cost level held unchanged,0.95,0,0,level-support-dependent,level-support-dependent,no,no,electricity and technology cost,81249000,77186550,541660,270830,0,0,541660,not_modelled; leakage and replacement production pending,0.05,electricity and technology cost,NA,company ratio reported in company support table,Modelled,D,IEA_CTG_2026|IEA_PETCHEM_COST_2018|MCI_ESG_2025|MCI_WEST_JAPAN_2026|MCI_WORKS_2026|NA,Status-transition rule by B0/BH/BL/BHL; abatement is counted only after a no-regret state; level support equals base CAPEX times estimated share; residual exposure equals 1-theta.,"Rule-based mechanism screen, not a completed cost-gap, contract-pricing or system-abatement result."
MITSUI_CHEMICALS,"Mitsui Chemicals, Inc.",JP_MCI_IWAKUNI,Iwakuni-Ohtake Works,Japan,petrochemicals,high,BL,screening capital-equivalent level support applied,unchanged,0,0.7,56874300,level-support-dependent,price-conditional,yes,no,electricity and technology cost,81249000,0,541660,270830,0,0,541660,not_modelled; leakage and replacement production pending,1,electricity and technology cost,NA,company ratio reported in company support table,Modelled,D,IEA_CTG_2026|IEA_PETCHEM_COST_2018|MCI_ESG_2025|MCI_WEST_JAPAN_2026|MCI_WORKS_2026|NA,Status-transition rule by B0/BH/BL/BHL; abatement is counted only after a no-regret state; level support equals base CAPEX times estimated share; residual exposure equals 1-theta.,"Rule-based mechanism screen, not a completed cost-gap, contract-pricing or system-abatement result."
MITSUI_CHEMICALS,"Mitsui Chemicals, Inc.",JP_MCI_IWAKUNI,Iwakuni-Ohtake Works,Japan,petrochemicals,high,BHL,screening capital-equivalent level support applied,reduced; central cost level held unchanged,0.95,0.7,56874300,level-support-dependent,no-regret,yes,yes,electricity and technology cost,81249000,77186550,541660,270830,270830,270830,270830,not_modelled; leakage and replacement production pending,0.05,electricity and technology cost,NA,company ratio reported in company support table,Modelled,D,IEA_CTG_2026|IEA_PETCHEM_COST_2018|MCI_ESG_2025|MCI_WEST_JAPAN_2026|MCI_WORKS_2026|NA,Status-transition rule by B0/BH/BL/BHL; abatement is counted only after a no-regret state; level support equals base CAPEX times estimated share; residual exposure equals 1-theta.,"Rule-based mechanism screen, not a completed cost-gap, contract-pricing or system-abatement result."
MITSUI_CHEMICALS,"Mitsui Chemicals, Inc.",JP_MCI_OMUTA,Omuta Works,Japan,petrochemicals,high,B0,unchanged,unchanged,0,0,0,level-support-dependent,level-support-dependent,no,no,electricity and technology cost,40624500,0,270830,135415,0,0,270830,not_modelled; leakage and replacement production pending,1,electricity and technology cost,NA,company ratio reported in company support table,Modelled,D,IEA_CTG_2026|IEA_PETCHEM_COST_2018|MCI_ESG_2025|MCI_WEST_JAPAN_2026|MCI_WORKS_2026|NA,Status-transition rule by B0/BH/BL/BHL; abatement is counted only after a no-regret state; level support equals base CAPEX times estimated share; residual exposure equals 1-theta.,"Rule-based mechanism screen, not a completed cost-gap, contract-pricing or system-abatement result."
MITSUI_CHEMICALS,"Mitsui Chemicals, Inc.",JP_MCI_OMUTA,Omuta Works,Japan,petrochemicals,high,BH,unchanged,reduced; central cost level held unchanged,0.95,0,0,level-support-dependent,level-support-dependent,no,no,electricity and technology cost,40624500,38593275,270830,135415,0,0,270830,not_modelled; leakage and replacement production pending,0.05,electricity and technology cost,NA,company ratio reported in company support table,Modelled,D,IEA_CTG_2026|IEA_PETCHEM_COST_2018|MCI_ESG_2025|MCI_WEST_JAPAN_2026|MCI_WORKS_2026|NA,Status-transition rule by B0/BH/BL/BHL; abatement is counted only after a no-regret state; level support equals base CAPEX times estimated share; residual exposure equals 1-theta.,"Rule-based mechanism screen, not a completed cost-gap, contract-pricing or system-abatement result."
MITSUI_CHEMICALS,"Mitsui Chemicals, Inc.",JP_MCI_OMUTA,Omuta Works,Japan,petrochemicals,high,BL,screening capital-equivalent level support applied,unchanged,0,0.7,28437150,level-support-dependent,price-conditional,yes,no,electricity and technology cost,40624500,0,270830,135415,0,0,270830,not_modelled; leakage and replacement production pending,1,electricity and technology cost,NA,company ratio reported in company support table,Modelled,D,IEA_CTG_2026|IEA_PETCHEM_COST_2018|MCI_ESG_2025|MCI_WEST_JAPAN_2026|MCI_WORKS_2026|NA,Status-transition rule by B0/BH/BL/BHL; abatement is counted only after a no-regret state; level support equals base CAPEX times estimated share; residual exposure equals 1-theta.,"Rule-based mechanism screen, not a completed cost-gap, contract-pricing or system-abatement result."
MITSUI_CHEMICALS,"Mitsui Chemicals, Inc.",JP_MCI_OMUTA,Omuta Works,Japan,petrochemicals,high,BHL,screening capital-equivalent level support applied,reduced; central cost level held unchanged,0.95,0.7,28437150,level-support-dependent,no-regret,yes,yes,electricity and technology cost,40624500,38593275,270830,135415,135415,135415,135415,not_modelled; leakage and replacement production pending,0.05,electricity and technology cost,NA,company ratio reported in company support table,Modelled,D,IEA_CTG_2026|IEA_PETCHEM_COST_2018|MCI_ESG_2025|MCI_WEST_JAPAN_2026|MCI_WORKS_2026|NA,Status-transition rule by B0/BH/BL/BHL; abatement is counted only after a no-regret state; level support equals base CAPEX times estimated share; residual exposure equals 1-theta.,"Rule-based mechanism screen, not a completed cost-gap, contract-pricing or system-abatement result."
MITSUI_CHEMICALS,"Mitsui Chemicals, Inc.",JP_MCI_NAGOYA,Nagoya Works,Japan,petrochemicals,high,B0,unchanged,unchanged,0,0,0,unmodelled-residual,unmodelled-residual,no,no,unmodelled boundary,0,0,232140,0,0,0,232140,not_modelled; leakage and replacement production pending,NA,not_assessed,NA,company ratio reported in company support table,Not_modelled,D,MCI_ESG_2025|MCI_WORKS_2026|NA,Status-transition rule by B0/BH/BL/BHL; abatement is counted only after a no-regret state; level support equals base CAPEX times estimated share; residual exposure equals 1-theta.,"Rule-based mechanism screen, not a completed cost-gap, contract-pricing or system-abatement result."
MITSUI_CHEMICALS,"Mitsui Chemicals, Inc.",JP_MCI_NAGOYA,Nagoya Works,Japan,petrochemicals,high,BH,unchanged,reduced; central cost level held unchanged,0,0,0,unmodelled-residual,unmodelled-residual,no,no,unmodelled boundary,0,0,232140,0,0,0,232140,not_modelled; leakage and replacement production pending,NA,not_assessed,NA,company ratio reported in company support table,Not_modelled,D,MCI_ESG_2025|MCI_WORKS_2026|NA,Status-transition rule by B0/BH/BL/BHL; abatement is counted only after a no-regret state; level support equals base CAPEX times estimated share; residual exposure equals 1-theta.,"Rule-based mechanism screen, not a completed cost-gap, contract-pricing or system-abatement result."
MITSUI_CHEMICALS,"Mitsui Chemicals, Inc.",JP_MCI_NAGOYA,Nagoya Works,Japan,petrochemicals,high,BL,screening capital-equivalent level support applied,unchanged,0,0,0,unmodelled-residual,unmodelled-residual,no,no,unmodelled boundary,0,0,232140,0,0,0,232140,not_modelled; leakage and replacement production pending,NA,not_assessed,NA,company ratio reported in company support table,Not_modelled,D,MCI_ESG_2025|MCI_WORKS_2026|NA,Status-transition rule by B0/BH/BL/BHL; abatement is counted only after a no-regret state; level support equals base CAPEX times estimated share; residual exposure equals 1-theta.,"Rule-based mechanism screen, not a completed cost-gap, contract-pricing or system-abatement result."
MITSUI_CHEMICALS,"Mitsui Chemicals, Inc.",JP_MCI_NAGOYA,Nagoya Works,Japan,petrochemicals,high,BHL,screening capital-equivalent level support applied,reduced; central cost level held unchanged,0,0,0,unmodelled-residual,unmodelled-residual,no,no,unmodelled boundary,0,0,232140,0,0,0,232140,not_modelled; leakage and replacement production pending,NA,not_assessed,NA,company ratio reported in company support table,Not_modelled,D,MCI_ESG_2025|MCI_WORKS_2026|NA,Status-transition rule by B0/BH/BL/BHL; abatement is counted only after a no-regret state; level support equals base CAPEX times estimated share; residual exposure equals 1-theta.,"Rule-based mechanism screen, not a completed cost-gap, contract-pricing or system-abatement result."
MITSUI_CHEMICALS,"Mitsui Chemicals, Inc.",JP_MCI_MOBARA,Mobara Branch Factory,Japan,petrochemicals,high,B0,unchanged,unchanged,0,0,0,unmodelled-residual,unmodelled-residual,no,no,unmodelled boundary,0,0,193450,0,0,0,193450,not_modelled; leakage and replacement production pending,NA,not_assessed,NA,company ratio reported in company support table,Not_modelled,D,MCI_ESG_2025|MCI_WORKS_2026|NA,Status-transition rule by B0/BH/BL/BHL; abatement is counted only after a no-regret state; level support equals base CAPEX times estimated share; residual exposure equals 1-theta.,"Rule-based mechanism screen, not a completed cost-gap, contract-pricing or system-abatement result."
MITSUI_CHEMICALS,"Mitsui Chemicals, Inc.",JP_MCI_MOBARA,Mobara Branch Factory,Japan,petrochemicals,high,BH,unchanged,reduced; central cost level held unchanged,0,0,0,unmodelled-residual,unmodelled-residual,no,no,unmodelled boundary,0,0,193450,0,0,0,193450,not_modelled; leakage and replacement production pending,NA,not_assessed,NA,company ratio reported in company support table,Not_modelled,D,MCI_ESG_2025|MCI_WORKS_2026|NA,Status-transition rule by B0/BH/BL/BHL; abatement is counted only after a no-regret state; level support equals base CAPEX times estimated share; residual exposure equals 1-theta.,"Rule-based mechanism screen, not a completed cost-gap, contract-pricing or system-abatement result."
MITSUI_CHEMICALS,"Mitsui Chemicals, Inc.",JP_MCI_MOBARA,Mobara Branch Factory,Japan,petrochemicals,high,BL,screening capital-equivalent level support applied,unchanged,0,0,0,unmodelled-residual,unmodelled-residual,no,no,unmodelled boundary,0,0,193450,0,0,0,193450,not_modelled; leakage and replacement production pending,NA,not_assessed,NA,company ratio reported in company support table,Not_modelled,D,MCI_ESG_2025|MCI_WORKS_2026|NA,Status-transition rule by B0/BH/BL/BHL; abatement is counted only after a no-regret state; level support equals base CAPEX times estimated share; residual exposure equals 1-theta.,"Rule-based mechanism screen, not a completed cost-gap, contract-pricing or system-abatement result."
MITSUI_CHEMICALS,"Mitsui Chemicals, Inc.",JP_MCI_MOBARA,Mobara Branch Factory,Japan,petrochemicals,high,BHL,screening capital-equivalent level support applied,reduced; central cost level held unchanged,0,0,0,unmodelled-residual,unmodelled-residual,no,no,unmodelled boundary,0,0,193450,0,0,0,193450,not_modelled; leakage and replacement production pending,NA,not_assessed,NA,company ratio reported in company support table,Not_modelled,D,MCI_ESG_2025|MCI_WORKS_2026|NA,Status-transition rule by B0/BH/BL/BHL; abatement is counted only after a no-regret state; level support equals base CAPEX times estimated share; residual exposure equals 1-theta.,"Rule-based mechanism screen, not a completed cost-gap, contract-pricing or system-abatement result."
MITSUI_CHEMICALS,"Mitsui Chemicals, Inc.",JP_MCI_TOKUYAMA,Tokuyama Branch Factory,Japan,petrochemicals,high,B0,unchanged,unchanged,0,0,0,unmodelled-residual,unmodelled-residual,no,no,unmodelled boundary,0,0,154760,0,0,0,154760,not_modelled; leakage and replacement production pending,NA,not_assessed,NA,company ratio reported in company support table,Not_modelled,D,MCI_ESG_2025|MCI_WORKS_2026|NA,Status-transition rule by B0/BH/BL/BHL; abatement is counted only after a no-regret state; level support equals base CAPEX times estimated share; residual exposure equals 1-theta.,"Rule-based mechanism screen, not a completed cost-gap, contract-pricing or system-abatement result."
MITSUI_CHEMICALS,"Mitsui Chemicals, Inc.",JP_MCI_TOKUYAMA,Tokuyama Branch Factory,Japan,petrochemicals,high,BH,unchanged,reduced; central cost level held unchanged,0,0,0,unmodelled-residual,unmodelled-residual,no,no,unmodelled boundary,0,0,154760,0,0,0,154760,not_modelled; leakage and replacement production pending,NA,not_assessed,NA,company ratio reported in company support table,Not_modelled,D,MCI_ESG_2025|MCI_WORKS_2026|NA,Status-transition rule by B0/BH/BL/BHL; abatement is counted only after a no-regret state; level support equals base CAPEX times estimated share; residual exposure equals 1-theta.,"Rule-based mechanism screen, not a completed cost-gap, contract-pricing or system-abatement result."
MITSUI_CHEMICALS,"Mitsui Chemicals, Inc.",JP_MCI_TOKUYAMA,Tokuyama Branch Factory,Japan,petrochemicals,high,BL,screening capital-equivalent level support applied,unchanged,0,0,0,unmodelled-residual,unmodelled-residual,no,no,unmodelled boundary,0,0,154760,0,0,0,154760,not_modelled; leakage and replacement production pending,NA,not_assessed,NA,company ratio reported in company support table,Not_modelled,D,MCI_ESG_2025|MCI_WORKS_2026|NA,Status-transition rule by B0/BH/BL/BHL; abatement is counted only after a no-regret state; level support equals base CAPEX times estimated share; residual exposure equals 1-theta.,"Rule-based mechanism screen, not a completed cost-gap, contract-pricing or system-abatement result."
MITSUI_CHEMICALS,"Mitsui Chemicals, Inc.",JP_MCI_TOKUYAMA,Tokuyama Branch Factory,Japan,petrochemicals,high,BHL,screening capital-equivalent level support applied,reduced; central cost level held unchanged,0,0,0,unmodelled-residual,unmodelled-residual,no,no,unmodelled boundary,0,0,154760,0,0,0,154760,not_modelled; leakage and replacement production pending,NA,not_assessed,NA,company ratio reported in company support table,Not_modelled,D,MCI_ESG_2025|MCI_WORKS_2026|NA,Status-transition rule by B0/BH/BL/BHL; abatement is counted only after a no-regret state; level support equals base CAPEX times estimated share; residual exposure equals 1-theta.,"Rule-based mechanism screen, not a completed cost-gap, contract-pricing or system-abatement result."
