company_id,company_name,country_code,reported_production_mt,reported_scope12_emissions_mtco2,scenario_id,portfolio_origin_scenario_id,portfolio_id,candidate_id,template_plan_id,physical_portfolio_id,common_avoided_emissions_mtco2,deterministic_economic_npv_bn_krw,deterministic_cost_common_kkrw_per_tco2,carbon_budget_feasible,scenario_feasible,first_budget_breach_year,max_annual_budget_excess_mtco2,minimum_annual_budget_margin_mtco2,physical_constraints_feasible,resource_constraints_feasible,construction_concurrency_feasible,failure_risk_constraint_feasible,first_resource_breach_year,max_scrap_supply_excess_mt,max_hydrogen_supply_excess_mt,max_incremental_grid_excess_twh,max_concurrent_construction_projects,concurrent_construction_limit,portfolio_failure_probability,portfolio_failure_probability_limit,expected_failure_delay_years,plan_id,plan_name,is_disclosed_plan,aligned_capex_bn_krw,peak_capex_year,peak_capex_bn_krw,expected_cost_p50_kkrw_per_tco2,expected_cost_p50_bn_krw,absolute_npv_p50_bn_krw,absolute_npv_p90_bn_krw,scenario_avoided_emissions_mtco2,net_economic_cost_p50_kkrw_per_tco2_common_denominator,net_cash_cost_after_support_p50_kkrw_per_tco2_common_denominator,cash_cost_before_support_p50_bn_krw,net_cash_cost_after_support_p50_bn_krw,net_cash_cost_after_support_p90_bn_krw,avoided_carbon_cost_value_p50_bn_krw,policy_support_value_p50_bn_krw,cash_policy_p50_nonadditivity_bn_krw,economic_cost_p50_identity_delta_bn_krw,p90_cost_kkrw_per_tco2,tcar_kkrw_per_tco2,gross_cost_p50_kkrw_per_tco2,policy_support_dependence_kkrw_per_tco2,electricity_variance_share,hydrogen_variance_share,capex_variance_share,policy_uncertainty_exposure_kkrw_per_tco2,flexibility_value_kkrw_per_tco2,avoided_emissions_mtco2,p90_net_cost_bn_krw,p90_cost_to_ebitda_x,p90_cost_to_annual_capex_x,capex_cost_p50_bn_krw,fixed_opex_cost_p50_bn_krw,electricity_cost_p50_bn_krw,hydrogen_cost_p50_bn_krw,contract_premium_p50_bn_krw,carbon_value_p50_bn_krw,policy_support_p50_bn_krw,component_reconciliation_p50_bn_krw,candidate_path_count,is_generated_candidate,scenario_regret_p50_kkrw_per_tco2
POSCO_KR,POSCO,KR,34.537,69.84605,DISCLOSED_PATH,DISCLOSED_PATH,PORT-8826D0B469EE,CAND-6339E6B83A8408,P3,PORT-8826D0B469EE,429.154227,26569.752,61.911896,True,True,,0.0,2.0275124185786808e-05,True,True,True,True,,0.0,0.0,0.0,3,3,0.459336608,0.65,2.02,P3,균형형 라이트헤지,False,27588.0,2037,9270.0,62.410067,26783.544,26783.544,33299.662,429.154227,62.410067,98.658788,46109.063,42339.836,48855.954,15556.292,3850.002,80.775,0.0,77.593695,15.183627,71.192986,8.782918,0.0,0.0,0.0,0.0,0.0,429.154227,33299.662,7.872261,14.08664,11131.87,1500.071,9351.77,23897.932,191.41,-15556.292,-3687.337,-45.88,100,True,53.246846
POSCO_KR,POSCO,KR,34.537,69.84605,ACCELERATED_15C,DISCLOSED_PATH,PORT-8826D0B469EE,CAND-6339E6B83A8408,P3,PORT-8826D0B469EE,429.154227,21116.24,49.204315,True,True,,0.0,2.0275124185786808e-05,True,True,True,True,,0.0,0.0,0.0,3,3,0.459336608,0.65,2.02,P3,균형형 라이트헤지,False,27588.0,2037,9270.0,49.741801,21346.904,21346.904,28096.556,429.154227,49.741801,102.705188,49356.518,44076.365,50826.017,22729.461,5345.125,64.973,-0.0,65.469602,15.7278,62.045427,12.303625,0.0,0.0,0.0,0.0,0.0,429.154227,28096.556,6.642212,11.885588,13294.954,1500.071,10134.867,24153.639,204.242,-22729.461,-5405.381,193.972,100,True,31.100561
POSCO_KR,POSCO,KR,34.537,69.84605,DISCLOSED_PATH,DISCLOSED_PATH,PORT-8826D0B469EE,CAND-82FF2AA13BA34C,P2,PORT-8826D0B469EE,429.154227,27287.38,63.584089,True,True,,0.0,2.0275124185786808e-05,True,True,True,True,,0.0,0.0,0.0,3,3,0.459336608,0.65,2.02,P2,지연·부분헤지,False,27588.0,2037,9270.0,64.234748,27566.614,27566.614,35656.868,429.154227,64.234748,100.483469,45984.203,43122.906,51213.16,15556.292,3006.004,144.706,0.0,83.086372,18.851624,70.902042,6.667294,0.0,0.0,0.0,0.0,0.0,429.154227,35656.868,8.42952,15.083801,10864.594,1500.071,9339.971,24167.87,61.239,-15556.292,-2729.007,-81.831,100,True,55.071527
POSCO_KR,POSCO,KR,34.537,69.84605,ACCELERATED_15C,DISCLOSED_PATH,PORT-8826D0B469EE,CAND-82FF2AA13BA34C,P2,PORT-8826D0B469EE,429.154227,22213.621,51.761393,True,True,,0.0,2.0275124185786808e-05,True,True,True,True,,0.0,0.0,0.0,3,3,0.459336608,0.65,2.02,P2,지연·부분헤지,False,27588.0,2037,9270.0,52.519826,22539.106,22539.106,31022.842,429.154227,52.519826,105.483213,49259.532,45268.567,53752.303,22729.461,4142.443,151.478,-0.0,72.288329,19.768503,61.819433,9.299606,0.0,0.0,0.0,0.0,0.0,429.154227,31022.842,7.334005,13.123485,10864.594,1500.071,10423.245,26471.749,64.983,-22729.461,-3770.892,-285.181,100,True,33.878586
POSCO_KR,POSCO,KR,34.537,69.84605,DISCLOSED_PATH,DISCLOSED_PATH,PORT-8826D0B469EE,CAND-C9724A8933A429,P1,PORT-8826D0B469EE,429.154227,27787.608,64.749702,True,True,,0.0,2.0275124185786808e-05,True,True,True,True,,0.0,0.0,0.0,3,3,0.459336608,0.65,2.02,P1,지연·현물조달,False,27588.0,2037,9270.0,65.482747,28102.198,28102.198,37407.985,429.154227,65.482747,101.731468,45943.639,43658.489,52964.277,15556.292,2464.498,179.348,-0.0,87.166764,21.684017,70.807521,5.324774,0.0,0.0,0.0,0.0,0.0,429.154227,37407.985,8.843495,15.82457,10686.409,1500.071,9328.172,24347.829,0.0,-15556.292,-2079.107,-124.884,100,True,56.319526
POSCO_KR,POSCO,KR,34.537,69.84605,ACCELERATED_15C,DISCLOSED_PATH,PORT-8826D0B469EE,CAND-C9724A8933A429,P1,PORT-8826D0B469EE,429.154227,22967.067,53.517047,True,True,,0.0,2.0275124185786808e-05,True,True,True,True,,0.0,0.0,0.0,3,3,0.459336608,0.65,2.02,P1,지연·현물조달,False,27588.0,2037,9270.0,54.498595,23388.303,23388.303,33188.56,429.154227,54.498595,107.461982,49208.052,46117.764,55918.021,22729.461,3341.159,250.871,0.0,77.334809,22.836213,61.699476,7.200881,0.0,0.0,0.0,0.0,0.0,429.154227,33188.56,7.845995,14.039641,10866.637,1500.071,10454.276,25817.709,0.0,-22729.461,-2854.931,334.001,100,True,35.857355
POSCO_KR,POSCO,KR,34.537,69.84605,DISCLOSED_PATH,DISCLOSED_PATH,PORT-96133A6427FE,CAND-921D50D4015721,P3,PORT-96133A6427FE,430.20423,28331.133,65.855078,True,True,,0.0,2.0275124185786808e-05,True,True,True,True,,0.0,0.0,0.0,2,3,0.45933660799999987,0.65,2.02,P3,균형형 라이트헤지,False,26602.0,2037,9270.0,67.515427,29045.422,29045.422,34828.512,430.20423,67.515427,103.772478,48689.591,44643.359,50426.449,15597.937,3944.924,-101.308,0.0,80.958089,13.442662,76.920802,9.405375,0.0,0.0,0.0,0.0,0.0,430.20423,34828.512,8.233691,14.733384,12064.318,1534.895,9311.799,25539.63,197.705,-15597.937,-3949.537,-55.45,100,True,58.352206
POSCO_KR,POSCO,KR,34.537,69.84605,ACCELERATED_15C,DISCLOSED_PATH,PORT-96133A6427FE,CAND-921D50D4015721,P3,PORT-96133A6427FE,430.20423,22859.063,53.135375,True,True,,0.0,2.0275124185786808e-05,True,True,True,True,,0.0,0.0,0.0,2,3,0.45933660799999987,0.65,2.02,P3,균형형 라이트헤지,False,26602.0,2037,9270.0,54.629419,23501.807,23501.807,29595.87,430.20423,54.629419,107.58906,51865.191,46285.269,52379.331,22783.461,5470.495,-109.427,0.0,68.79493,14.16551,67.599822,12.970403,0.0,0.0,0.0,0.0,0.0,430.20423,29595.87,6.99666,12.519838,12064.318,1534.895,10394.916,27657.147,210.636,-22783.461,-5517.759,-58.885,100,True,35.988179
POSCO_KR,POSCO,KR,34.537,69.84605,DISCLOSED_PATH,DISCLOSED_PATH,PORT-96133A6427FE,CAND-4EF614D30D6D91,P2,PORT-96133A6427FE,430.20423,29134.516,67.722522,True,True,,0.0,2.0275124185786808e-05,True,True,True,True,,0.0,0.0,0.0,2,3,0.45933660799999987,0.65,2.02,P2,지연·부분헤지,False,26602.0,2037,9270.0,69.788496,30023.306,30023.306,37232.854,430.20423,69.788496,106.045547,48729.652,45621.243,52830.791,15597.937,2994.625,-113.783,0.0,86.546927,16.758431,77.013922,7.225426,0.0,0.0,0.0,0.0,0.0,430.20423,37232.854,8.802093,15.750485,12086.203,1534.895,9303.566,25698.811,62.708,-15597.937,-2988.105,-76.834,100,True,60.625275
POSCO_KR,POSCO,KR,34.537,69.84605,ACCELERATED_15C,DISCLOSED_PATH,PORT-96133A6427FE,CAND-4EF614D30D6D91,P2,PORT-96133A6427FE,430.20423,24083.473,55.981487,True,True,,0.0,2.0275124185786808e-05,True,True,True,True,,0.0,0.0,0.0,2,3,0.45933660799999987,0.65,2.02,P2,지연·부분헤지,False,26602.0,2037,9270.0,57.85975,24891.509,24891.509,32626.889,430.20423,57.85975,110.819391,51922.559,47674.971,55410.35,22783.461,4139.289,-108.299,0.0,75.840465,17.980714,67.733173,9.873422,0.0,0.0,0.0,0.0,0.0,430.20423,32626.889,7.713212,13.802039,12086.203,1534.895,10389.191,27807.283,66.478,-22783.461,-4115.634,-93.445,100,True,39.21851
POSCO_KR,POSCO,KR,34.537,69.84605,DISCLOSED_PATH,DISCLOSED_PATH,PORT-96133A6427FE,CAND-44C957BBFA61A4,P1,PORT-96133A6427FE,430.20423,29693.364,69.021552,True,True,,0.0,2.0275124185786808e-05,True,True,True,True,,0.0,0.0,0.0,2,3,0.45933660799999987,0.65,2.02,P1,지연·현물조달,False,26602.0,2037,9270.0,71.366467,30702.156,30702.156,38994.667,430.20423,71.366467,107.623518,48807.441,46300.093,54592.604,15597.937,2377.75,-129.599,0.0,90.642222,19.275755,77.194742,5.828275,0.0,0.0,0.0,0.0,0.0,430.20423,38994.667,9.218597,16.495778,12100.793,1534.895,9295.333,25804.932,0.0,-15597.937,-2343.581,-92.278,100,True,62.203246
POSCO_KR,POSCO,KR,34.537,69.84605,ACCELERATED_15C,DISCLOSED_PATH,PORT-96133A6427FE,CAND-44C957BBFA61A4,P1,PORT-96133A6427FE,430.20423,24922.922,57.932769,True,True,,0.0,2.0275124185786808e-05,True,True,True,True,,0.0,0.0,0.0,2,3,0.45933660799999987,0.65,2.02,P1,지연·현물조달,False,26602.0,2037,9270.0,60.078333,25845.953,25845.953,34847.092,430.20423,60.078333,113.037974,51978.985,48629.415,57630.553,22783.461,3225.054,-124.517,0.0,81.001276,20.922943,67.864334,7.786001,0.0,0.0,0.0,0.0,0.0,430.20423,34847.092,8.238083,14.741244,12100.793,1534.895,10383.466,27907.374,0.0,-22783.461,-3176.553,-120.56,100,True,41.437093
POSCO_KR,POSCO,KR,34.537,69.84605,DISCLOSED_PATH,DISCLOSED_PATH,PORT-A620DB8F058C,CAND-1205E8D72A4654,P3,PORT-A620DB8F058C,434.951232,32983.849,75.833442,True,True,,0.0,2.0275124185786808e-05,True,True,True,True,,0.0,0.0,0.0,3,3,0.45933660799999987,0.65,2.02,P3,균형형 라이트헤지,False,26602.0,2035,9270.0,77.821293,33848.467,33848.467,40287.755,434.951232,77.821293,114.084219,54005.6,49621.072,56060.36,15772.604,4333.347,-51.181,-0.0,92.625914,14.804621,87.901799,10.080506,0.0,0.0,0.0,0.0,0.0,434.951232,40287.755,9.524292,17.042789,11929.094,1610.686,9456.259,30644.667,217.093,-15772.604,-4286.771,50.043,100,True,68.658072
POSCO_KR,POSCO,KR,34.537,69.84605,ACCELERATED_15C,DISCLOSED_PATH,PORT-A620DB8F058C,CAND-1205E8D72A4654,P3,PORT-A620DB8F058C,434.951232,27648.537,63.566982,True,True,,0.0,2.0275124185786808e-05,True,True,True,True,,0.0,0.0,0.0,3,3,0.45933660799999987,0.65,2.02,P3,균형형 라이트헤지,False,26602.0,2035,9270.0,65.519786,28497.912,28497.912,35336.107,434.951232,65.519786,118.490477,57672.687,51537.579,58375.775,23039.667,6068.661,-66.447,0.0,81.241539,15.721753,79.625063,14.105277,0.0,0.0,0.0,0.0,0.0,434.951232,35336.107,8.35369,14.94811,11929.094,1610.686,10560.432,33386.448,231.463,-23039.667,-6036.821,-143.723,100,True,46.878546
POSCO_KR,POSCO,KR,34.537,69.84605,DISCLOSED_PATH,DISCLOSED_PATH,PORT-A620DB8F058C,CAND-0CC63FAC54D3C0,P2,PORT-A620DB8F058C,434.951232,33966.321,78.092252,True,True,,0.0,2.0275124185786808e-05,True,True,True,True,,0.0,0.0,0.0,3,3,0.45933660799999987,0.65,2.02,P2,지연·부분헤지,False,26602.0,2035,9270.0,80.56023,35039.771,35039.771,43060.344,434.951232,80.56023,116.823156,54077.769,50812.376,58832.948,15772.604,3209.386,-56.007,0.0,99.000396,18.440166,88.067722,7.507492,0.0,0.0,0.0,0.0,0.0,434.951232,43060.344,10.17975,18.215667,13614.024,1610.686,9491.492,29488.808,67.961,-15772.604,-3412.228,-48.369,100,True,71.397009
POSCO_KR,POSCO,KR,34.537,69.84605,ACCELERATED_15C,DISCLOSED_PATH,PORT-A620DB8F058C,CAND-0CC63FAC54D3C0,P2,PORT-A620DB8F058C,434.951232,29139.23,66.994246,True,True,,0.0,2.0275124185786808e-05,True,True,True,True,,0.0,0.0,0.0,3,3,0.45933660799999987,0.65,2.02,P2,지연·부분헤지,False,26602.0,2035,9270.0,69.432209,30199.625,30199.625,38861.009,434.951232,69.432209,122.4029,57737.421,53239.292,61900.677,23039.667,4432.107,-66.022,0.0,89.34567,19.913461,79.773895,10.341686,0.0,0.0,0.0,0.0,0.0,434.951232,38861.009,9.187,16.439237,11871.73,1610.686,10623.413,33592.764,72.11,-23039.667,-4310.257,-221.154,100,True,50.790969
POSCO_KR,POSCO,KR,34.537,69.84605,DISCLOSED_PATH,DISCLOSED_PATH,PORT-A620DB8F058C,CAND-F5CF3CBE63EF2D,P1,PORT-A620DB8F058C,434.951232,34647.983,79.659466,True,True,,0.0,2.0275124185786808e-05,True,True,True,True,,0.0,0.0,0.0,3,3,0.45933660799999987,0.65,2.02,P1,지연·현물조달,False,26602.0,2035,9270.0,82.496956,35882.153,35882.153,45109.701,434.951232,82.496956,118.759882,54167.967,51654.757,60882.305,15772.604,2459.773,-53.438,0.0,103.712089,21.215133,88.275098,5.778142,0.0,0.0,0.0,0.0,0.0,434.951232,45109.701,10.664232,19.0826,11833.487,1610.686,9561.415,30929.694,0.0,-15772.604,-2322.129,41.604,100,True,73.333735
POSCO_KR,POSCO,KR,34.537,69.84605,ACCELERATED_15C,DISCLOSED_PATH,PORT-A620DB8F058C,CAND-F5CF3CBE63EF2D,P1,PORT-A620DB8F058C,434.951232,30159.483,69.339919,True,True,,0.0,2.0275124185786808e-05,True,True,True,True,,0.0,0.0,0.0,3,3,0.45933660799999987,0.65,2.02,P1,지연·현물조달,False,26602.0,2035,9270.0,72.156707,31384.649,31384.649,41456.535,434.951232,72.156707,125.127398,57833.013,54424.316,64496.203,23039.667,3334.437,-74.26,-0.0,95.313065,23.156358,79.993671,7.836964,0.0,0.0,0.0,0.0,0.0,434.951232,41456.535,9.800599,17.537214,11833.487,1610.686,10686.395,33730.308,0.0,-23039.667,-3149.652,-286.908,100,True,53.515467
POSCO_KR,POSCO,KR,34.537,69.84605,DISCLOSED_PATH,DISCLOSED_PATH,PORT-66E75B54664A,CAND-7D117A922A194C,P5,PORT-66E75B54664A,505.60626,45805.939,90.596068,True,True,,0.0,2.0275124185786808e-05,True,True,True,True,,0.0,0.0,0.0,3,3,0.5181043679999999,0.65,2.5,P5,조기 계약형 전환,False,30104.0,2036,9270.0,91.880518,46455.365,46455.365,50513.751,505.60626,91.880518,128.141324,75132.913,64789.055,68847.442,18333.69,10299.221,-44.637,0.0,99.90729,8.026773,112.338844,20.458326,0.0,0.0,0.0,0.0,0.0,505.60626,50513.751,11.941785,21.368656,15238.117,2046.417,10317.896,46342.317,1168.105,-18333.69,-10334.831,11.035,100,True,82.717297
POSCO_KR,POSCO,KR,34.537,69.84605,ACCELERATED_15C,DISCLOSED_PATH,PORT-66E75B54664A,CAND-7D117A922A194C,P5,PORT-66E75B54664A,505.60626,38239.862,75.631703,True,True,,0.0,2.0275124185786808e-05,True,True,True,True,,0.0,0.0,0.0,3,3,0.5181043679999999,0.65,2.5,P5,조기 계약형 전환,False,30104.0,2036,9270.0,76.899991,38881.117,38881.117,42822.582,505.60626,76.899991,129.692906,80383.301,65573.545,69515.011,26692.429,14787.193,-22.562,-0.0,84.695514,7.795523,106.191075,29.291084,0.0,0.0,0.0,0.0,0.0,505.60626,42822.582,10.123542,18.115088,15238.117,2046.417,11466.109,50408.217,1252.055,-26692.429,-14819.597,-17.773,100,True,58.258751
POSCO_KR,POSCO,KR,34.537,69.84605,DISCLOSED_PATH,DISCLOSED_PATH,PORT-66E75B54664A,CAND-00B5592B22DA24,P4,PORT-66E75B54664A,505.60626,47712.268,94.36645,True,True,,0.0,2.0275124185786808e-05,True,True,True,True,,0.0,0.0,0.0,3,3,0.5181043679999999,0.65,2.5,P4,균형형 전환,False,30104.0,2036,9270.0,96.260303,48669.812,48669.812,55381.399,505.60626,96.260303,132.521109,75006.626,67003.502,73715.089,18333.69,7903.161,-99.963,-0.0,109.534638,13.274335,112.089071,15.828768,0.0,0.0,0.0,0.0,0.0,505.60626,55381.399,13.092529,23.4278,15429.85,2046.417,10305.316,46560.378,664.921,-18333.69,-7972.762,-30.618,100,True,87.097082
POSCO_KR,POSCO,KR,34.537,69.84605,ACCELERATED_15C,DISCLOSED_PATH,PORT-66E75B54664A,CAND-00B5592B22DA24,P4,PORT-66E75B54664A,505.60626,41224.578,81.534944,True,True,,0.0,2.0275124185786808e-05,True,True,True,True,,0.0,0.0,0.0,3,3,0.5181043679999999,0.65,2.5,P4,균형형 전환,False,30104.0,2036,9270.0,83.304832,42119.445,42119.445,48947.615,505.60626,83.304832,136.097748,80229.173,68811.873,75640.043,26692.429,11241.563,-175.737,-0.0,96.809748,13.504916,105.886238,22.581405,0.0,0.0,0.0,0.0,0.0,505.60626,48947.615,11.57154,20.706139,16125.552,2046.417,11556.096,49755.514,711.767,-26692.429,-11396.511,13.038,100,True,64.663592
POSCO_KR,POSCO,KR,34.537,69.84605,DISCLOSED_PATH,DISCLOSED_PATH,PORT-077F7C54FB04,CAND-DDC1E605504409,P3,PORT-077F7C54FB04,444.454229,42079.057,94.675795,True,True,,0.0,2.0275124185786808e-05,True,True,True,True,,0.0,0.0,0.0,3,3,0.5181043679999999,0.65,2.5,P3,균형형 라이트헤지,False,30104.0,2037,9270.0,96.736083,42994.761,42994.761,51683.779,444.454229,96.736083,132.9911,64537.096,59108.457,67797.475,16113.696,5412.279,-16.361,0.0,116.285944,19.549861,108.950253,12.21417,0.0,0.0,0.0,0.0,0.0,444.454229,51683.779,12.218388,21.863609,13135.561,1740.073,9468.522,40376.838,258.476,-16113.696,-5290.33,-580.682,100,True,87.572862
POSCO_KR,POSCO,KR,34.537,69.84605,ACCELERATED_15C,DISCLOSED_PATH,PORT-077F7C54FB04,CAND-DDC1E605504409,P3,PORT-077F7C54FB04,444.454229,36961.099,83.160643,True,True,,0.0,2.0275124185786808e-05,True,True,True,True,,0.0,0.0,0.0,3,3,0.5181043679999999,0.65,2.5,P3,균형형 라이트헤지,False,30104.0,2037,9270.0,85.150526,37845.511,37845.511,46967.09,444.454229,85.150526,138.124433,68987.315,61389.988,70511.567,23544.477,7603.261,5.935,0.0,105.673626,20.523099,102.244135,17.093609,0.0,0.0,0.0,0.0,0.0,444.454229,46967.09,11.103331,19.868324,13135.561,1740.073,10534.559,43893.352,275.943,-23544.477,-7459.296,-730.202,100,True,66.509286
POSCO_KR,POSCO,KR,34.537,69.84605,DISCLOSED_PATH,DISCLOSED_PATH,PORT-077F7C54FB04,CAND-E3FBD935777392,P2,PORT-077F7C54FB04,444.454229,43357.284,97.55174,True,True,,0.0,2.0275124185786808e-05,True,True,True,True,,0.0,0.0,0.0,3,3,0.5181043679999999,0.65,2.5,P2,지연·부분헤지,False,30104.0,2037,9270.0,100.116899,44497.379,44497.379,55352.909,444.454229,100.116899,136.371916,64549.887,60611.075,71466.605,16113.696,3973.09,34.278,-0.0,124.541304,24.424406,108.979032,8.862133,0.0,0.0,0.0,0.0,0.0,444.454229,55352.909,13.085794,23.415749,12931.538,1740.073,9576.33,40744.051,80.028,-16113.696,-3714.267,-746.678,100,True,90.953678
POSCO_KR,POSCO,KR,34.537,69.84605,ACCELERATED_15C,DISCLOSED_PATH,PORT-077F7C54FB04,CAND-E3FBD935777392,P2,PORT-077F7C54FB04,444.454229,38895.052,87.511941,True,True,,0.0,2.0275124185786808e-05,True,True,True,True,,0.0,0.0,0.0,3,3,0.5181043679999999,0.65,2.5,P2,지연·부분헤지,False,30104.0,2037,9270.0,90.041642,40019.388,40019.388,51647.206,444.454229,90.041642,143.015549,69007.321,63563.865,75191.683,23544.477,5471.74,28.285,-0.0,116.203655,26.162013,102.289146,12.247504,0.0,0.0,0.0,0.0,0.0,444.454229,51647.206,12.209741,21.848138,12931.538,1740.073,10651.775,44277.59,84.993,-23544.477,-5158.246,-963.857,100,True,71.400402
POSCO_KR,POSCO,KR,34.537,69.84605,DISCLOSED_PATH,DISCLOSED_PATH,PORT-077F7C54FB04,CAND-A6713428AA1463,P1,PORT-077F7C54FB04,444.454229,44242.217,99.542796,True,True,,0.0,2.0275124185786808e-05,True,True,True,True,,0.0,0.0,0.0,3,3,0.5181043679999999,0.65,2.5,P1,지연·현물조달,False,30104.0,2037,9270.0,102.473921,45544.967,45544.967,58023.534,444.454229,102.473921,138.728938,64634.449,61658.663,74137.229,16113.696,3017.089,41.303,-0.0,130.550076,28.076156,109.169291,6.695371,0.0,0.0,0.0,0.0,0.0,444.454229,58023.534,13.717147,24.545493,16235.862,1740.073,8537.4,37566.567,0.0,-16113.696,-3321.383,900.144,100,True,93.3107
POSCO_KR,POSCO,KR,34.537,69.84605,ACCELERATED_15C,DISCLOSED_PATH,PORT-077F7C54FB04,CAND-A6713428AA1463,P1,PORT-077F7C54FB04,444.454229,40216.743,90.48568,True,True,,0.0,2.0275124185786808e-05,True,True,True,True,,0.0,0.0,0.0,3,3,0.5181043679999999,0.65,2.5,P1,지연·현물조달,False,30104.0,2037,9270.0,93.447415,41533.099,41533.099,55033.576,444.454229,93.447415,146.421322,69070.698,65077.576,78578.053,23544.477,4102.645,109.522,-0.0,123.822819,30.375405,102.431743,8.984328,0.0,0.0,0.0,0.0,0.0,444.454229,55033.576,13.010302,23.280662,15047.449,1740.073,10039.734,41326.366,0.0,-23544.477,-4232.957,1156.911,100,True,74.806175
POSCO_KR,POSCO,KR,34.537,69.84605,DISCLOSED_PATH,DISCLOSED_PATH,PORT-0E469489028A,CAND-2F5D03A613EDBE,P1,PORT-0E469489028A,261.543846,2124.876,8.124359,True,True,,0.0,2.0275124185786808e-05,True,True,True,True,,0.0,0.0,0.0,2,3,0.2589598719999999,0.65,0.7399999999999999,P1,지연·현물조달,False,15097.0,2035,5768.0,9.163221,2396.584,2396.584,4032.614,261.543846,9.163221,45.440761,12576.121,11884.751,13520.782,9488.167,700.871,9.501,0.0,15.418503,6.255281,11.806639,2.643418,0.0,0.0,0.0,0.0,0.0,261.543846,4032.614,0.953337,1.705903,4673.167,901.658,6920.02,0.0,0.0,-9488.167,-612.723,2.629,100,True,0.0
POSCO_KR,POSCO,KR,34.537,69.84605,ACCELERATED_15C,DISCLOSED_PATH,PORT-0E469489028A,CAND-2F5D03A613EDBE,P1,PORT-0E469489028A,261.543846,-1733.653,-6.628536,False,False,2035,19.084092670000008,-19.084092670000008,True,True,True,True,,0.0,0.0,0.0,2,3,0.2589598719999999,0.65,0.7399999999999999,P1,지연·현물조달,False,15097.0,2035,5768.0,-5.669974,-1482.947,-1482.947,272.755,261.543846,-5.669974,47.126708,13288.931,12325.701,14081.402,13808.647,935.503,-27.728,0.0,1.042866,6.712839,-1.98711,3.682863,0.0,0.0,0.0,0.0,0.0,261.543846,272.755,0.064481,0.115383,5372.033,901.658,6999.556,0.0,0.0,-13808.647,-950.454,2.907,100,True,-24.311214
POSCO_KR,POSCO,KR,34.537,69.84605,DISCLOSED_PATH,DISCLOSED_PATH,PORT-41705C04BF44,CAND-63781C106D5099,P1,PORT-41705C04BF44,234.011233,2160.761,9.233578,True,True,,0.0,2.0275124185786808e-05,True,True,True,True,,0.0,0.0,0.0,2,3,0.2589598719999999,0.65,0.7399999999999999,P1,지연·현물조달,False,15097.0,2037,5768.0,9.887505,2313.787,2313.787,3735.561,234.011233,9.887505,46.104128,11419.86,10788.884,12210.657,8475.096,654.792,23.816,0.0,15.963169,6.075663,12.583855,2.696349,0.0,0.0,0.0,0.0,0.0,234.011233,3735.561,0.883111,1.580241,5378.794,847.521,5225.315,0.0,0.0,-8475.096,-701.336,38.59,100,True,0.724284
POSCO_KR,POSCO,KR,34.537,69.84605,ACCELERATED_15C,DISCLOSED_PATH,PORT-41705C04BF44,CAND-63781C106D5099,P1,PORT-41705C04BF44,234.011233,-1300.659,-5.558105,False,False,2035,19.079746585000006,-19.079746585000006,True,True,True,True,,0.0,0.0,0.0,2,3,0.2589598719999999,0.65,0.7399999999999999,P1,지연·현물조달,False,15097.0,2037,5768.0,-4.842305,-1133.154,-1133.154,427.977,234.011233,-4.842305,47.816074,12055.082,11189.498,12750.629,12322.652,874.251,8.667,-0.0,1.828873,6.671178,-1.143409,3.698896,0.0,0.0,0.0,0.0,0.0,234.011233,427.977,0.101177,0.181046,4426.494,847.521,6664.711,0.0,0.0,-12322.652,-784.138,34.911,100,True,-23.483545
POSCO_KR,POSCO,KR,34.537,69.84605,DISCLOSED_PATH,DISCLOSED_PATH,PORT-DE64C6FAC717,CAND-455C0CE17360E6,P1,PORT-DE64C6FAC717,184.421263,1943.402,10.537843,True,True,,0.0,2.0275124185786808e-05,True,True,True,True,,0.0,0.0,0.0,2,3,0.25895987200000004,0.65,0.7399999999999999,P1,지연·현물조달,False,15748.0,2037,5768.0,10.649915,1964.071,1964.071,3816.632,184.421263,10.649915,46.77216,9230.699,8625.781,10478.342,6661.71,636.857,31.939,-0.0,20.695186,10.045271,13.930002,3.280087,0.0,0.0,0.0,0.0,0.0,184.421263,3816.632,0.902277,1.614537,4716.732,715.17,3821.678,0.0,0.0,-6661.71,-622.5,-5.299,100,True,1.486694
POSCO_KR,POSCO,KR,34.537,69.84605,ACCELERATED_15C,DISCLOSED_PATH,PORT-DE64C6FAC717,CAND-455C0CE17360E6,P1,PORT-DE64C6FAC717,184.421263,-928.666,-5.035569,False,False,2030,16.324744844999994,-16.324744844999994,True,True,True,True,,0.0,0.0,0.0,2,3,0.25895987200000004,0.65,0.7399999999999999,P1,지연·현물조달,False,15748.0,2037,5768.0,-4.885984,-901.079,-901.079,1003.054,184.421263,-4.885984,48.324309,9743.357,8912.03,10816.164,9813.109,850.136,18.81,-0.0,5.43893,10.324914,-0.378225,4.507759,0.0,0.0,0.0,0.0,0.0,184.421263,1003.054,0.237129,0.424319,4795.782,715.17,4221.731,0.0,0.0,-9813.109,-826.299,5.646,100,True,-23.527224
POSCO_KR,POSCO,KR,34.537,69.84605,DISCLOSED_PATH,DISCLOSED_PATH,PORT-CEF57596D771,CAND-9863577C4A48D7,P2,PORT-CEF57596D771,332.254237,12243.122,36.848655,True,True,,0.0,2.0275124185786808e-05,True,True,True,True,,0.0,0.0,0.0,2,3,0.367028224,0.65,1.38,P2,지연·부분헤지,False,20893.0,2037,9270.0,37.612886,12497.041,12497.041,16688.693,332.254237,37.612886,73.877679,26228.845,24546.172,28737.824,12049.131,1721.164,38.49,-0.0,50.228684,12.615799,42.677301,5.064415,0.0,0.0,0.0,0.0,0.0,332.254237,16688.693,3.945318,7.05976,7636.341,1148.337,7544.675,9858.466,37.005,-12049.131,-1603.895,-74.758,100,True,28.449665
POSCO_KR,POSCO,KR,34.537,69.84605,ACCELERATED_15C,DISCLOSED_PATH,PORT-CEF57596D771,CAND-9863577C4A48D7,P2,PORT-CEF57596D771,332.254237,7840.345,23.597426,False,False,2035,6.843996639999997,-6.843996639999997,True,True,True,True,,0.0,0.0,0.0,2,3,0.367028224,0.65,1.38,P2,지연·부분헤지,False,20893.0,2037,9270.0,24.954686,8291.3,8291.3,12611.338,332.254237,24.954686,77.78939,27999.369,25845.855,30165.892,17554.554,2341.686,188.171,0.0,37.956891,13.002205,31.436213,6.481527,0.0,0.0,0.0,0.0,0.0,332.254237,12611.338,2.981404,5.33493,6491.29,1148.337,10439.078,9603.974,39.148,-17554.554,-1884.542,8.569,100,True,6.313446
POSCO_KR,POSCO,KR,34.537,69.84605,DISCLOSED_PATH,DISCLOSED_PATH,PORT-CEF57596D771,CAND-D474BBC66D4C3C,P1,PORT-CEF57596D771,332.254237,12423.527,37.391627,True,True,,0.0,2.0275124185786808e-05,True,True,True,True,,0.0,0.0,0.0,2,3,0.367028224,0.65,1.38,P1,지연·현물조달,False,20893.0,2037,9270.0,38.347748,12741.202,12741.202,17538.121,332.254237,38.347748,74.612541,26198.518,24790.333,29587.252,12049.131,1497.119,88.934,0.0,52.785243,14.437496,42.586023,4.238276,0.0,0.0,0.0,0.0,0.0,332.254237,17538.121,4.146128,7.41909,6256.375,1148.337,9737.003,8694.1,0.0,-12049.131,-1116.448,70.966,100,True,29.184527
POSCO_KR,POSCO,KR,34.537,69.84605,ACCELERATED_15C,DISCLOSED_PATH,PORT-CEF57596D771,CAND-D474BBC66D4C3C,P1,PORT-CEF57596D771,332.254237,8118.002,24.433103,False,False,2035,6.843996639999997,-6.843996639999997,True,True,True,True,,0.0,0.0,0.0,2,3,0.367028224,0.65,1.38,P1,지연·현물조달,False,20893.0,2037,9270.0,26.180078,8698.442,8698.442,13683.492,332.254237,26.180078,79.014782,27971.417,26252.996,31238.046,17554.554,2024.692,306.271,0.0,41.183799,15.003722,31.352084,5.172006,0.0,0.0,0.0,0.0,0.0,332.254237,13683.492,3.234868,5.78848,7544.557,1148.337,8372.702,10969.051,0.0,-17554.554,-1803.453,21.802,100,True,7.538838
POSCO_KR,POSCO,KR,34.537,69.84605,DISCLOSED_PATH,DISCLOSED_PATH,PORT-802EEF341C7A,CAND-DA7B74C24222D6,P2,PORT-802EEF341C7A,326.164221,12389.835,37.986492,True,True,,0.0,2.0275124185786808e-05,True,True,True,True,,0.0,0.0,0.0,2,3,0.3670282239999999,0.65,1.3800000000000001,P2,지연·부분헤지,False,21792.0,2037,9270.0,38.585808,12585.31,12585.31,16705.516,326.164221,38.585808,74.787172,26186.095,24392.9,28513.105,11807.59,1749.901,-43.295,0.0,51.218112,12.632304,44.083638,5.49783,0.0,0.0,0.0,0.0,0.0,326.164221,16705.516,3.949294,7.066876,8076.484,1123.463,6794.822,10109.607,37.123,-11807.59,-1701.36,-47.239,100,True,29.422587
POSCO_KR,POSCO,KR,34.537,69.84605,ACCELERATED_15C,DISCLOSED_PATH,PORT-802EEF341C7A,CAND-DA7B74C24222D6,P2,PORT-802EEF341C7A,326.164221,8034.159,24.632251,False,False,2035,2.9289989600000013,-2.9289989600000013,True,True,True,True,,0.0,0.0,0.0,2,3,0.3670282239999999,0.65,1.3800000000000001,P2,지연·부분헤지,False,21792.0,2037,9270.0,25.424662,8292.615,8292.615,12796.887,326.164221,25.424662,78.28562,27955.238,25533.968,30038.24,17241.353,2376.609,-44.661,-0.0,39.234489,13.809827,32.848131,7.423469,0.0,0.0,0.0,0.0,0.0,326.164221,12796.887,3.025269,5.413422,8846.122,1123.463,8154.071,9933.408,39.254,-17241.353,-2454.399,-107.951,100,True,6.783422
POSCO_KR,POSCO,KR,34.537,69.84605,DISCLOSED_PATH,DISCLOSED_PATH,PORT-802EEF341C7A,CAND-720A05CD8AE3E2,P1,PORT-802EEF341C7A,326.164221,12570.224,38.539554,True,True,,0.0,2.0275124185786808e-05,True,True,True,True,,0.0,0.0,0.0,2,3,0.3670282239999999,0.65,1.3800000000000001,P1,지연·현물조달,False,21792.0,2037,9270.0,39.207812,12788.185,12788.185,17578.971,326.164221,39.207812,75.409176,26175.585,24595.775,29386.561,11807.59,1541.501,-38.309,-0.0,53.896075,14.688263,44.051415,4.843603,0.0,0.0,0.0,0.0,0.0,326.164221,17578.971,4.155785,7.436371,8806.49,1123.463,7086.702,9061.616,0.0,-11807.59,-1538.947,56.451,100,True,30.044591
POSCO_KR,POSCO,KR,34.537,69.84605,ACCELERATED_15C,DISCLOSED_PATH,PORT-802EEF341C7A,CAND-720A05CD8AE3E2,P1,PORT-802EEF341C7A,326.164221,8311.845,25.483621,False,False,2035,2.9289989600000013,-2.9289989600000013,True,True,True,True,,0.0,0.0,0.0,2,3,0.3670282239999999,0.65,1.3800000000000001,P1,지연·현물조달,False,21792.0,2037,9270.0,26.385646,8606.054,8606.054,13843.556,326.164221,26.385646,79.246604,27937.146,25847.407,31084.909,17241.353,2082.323,-7.416,0.0,42.443514,16.057867,32.792661,6.407015,0.0,0.0,0.0,0.0,0.0,326.164221,13843.556,3.272708,5.856191,8869.023,1123.463,8144.669,9968.532,0.0,-17241.353,-2132.443,-125.838,100,True,7.744406
POSCO_KR,POSCO,KR,34.537,69.84605,DISCLOSED_PATH,DISCLOSED_PATH,PORT-4FCB78A64B21,CAND-0BE357EA5504BE,P2,PORT-4FCB78A64B21,282.664267,12023.05,42.534735,True,True,,0.0,2.0275124185786808e-05,True,True,True,True,,0.0,0.0,0.0,2,3,0.3670282239999999,0.65,1.3800000000000001,P2,지연·부분헤지,False,21544.0,2037,9270.0,43.829621,12389.068,12389.068,16551.994,282.664267,43.829621,80.04129,24253.241,22624.813,26787.738,10235.745,1695.878,67.449,0.0,58.557078,14.727457,49.590621,5.761,0.0,0.0,0.0,0.0,0.0,282.664267,16551.994,3.913001,7.001932,8126.263,1015.986,6249.734,8873.472,34.019,-10235.745,-1665.071,-9.59,100,True,34.6664
POSCO_KR,POSCO,KR,34.537,69.84605,ACCELERATED_15C,DISCLOSED_PATH,PORT-4FCB78A64B21,CAND-0BE357EA5504BE,P2,PORT-4FCB78A64B21,282.664267,8209.26,29.04244,False,False,2030,5.470451711490618,-5.470451711490618,True,True,True,True,,0.0,0.0,0.0,2,3,0.3670282239999999,0.65,1.3800000000000001,P2,지연·부분헤지,False,21544.0,2037,9270.0,30.568608,8640.653,8640.653,12981.199,282.664267,30.568608,83.794336,25910.569,23685.665,28026.211,15045.012,2307.787,82.882,0.0,45.924445,15.355837,38.4398,7.871192,0.0,0.0,0.0,0.0,0.0,282.664267,12981.199,3.068841,5.491392,8126.263,1015.986,7017.008,9741.356,35.985,-15045.012,-2274.202,23.268,100,True,11.927368
POSCO_KR,POSCO,KR,34.537,69.84605,DISCLOSED_PATH,DISCLOSED_PATH,PORT-4FCB78A64B21,CAND-F43ACAB6E7F085,P1,PORT-4FCB78A64B21,282.664267,12206.168,43.182564,True,True,,0.0,2.0275124185786808e-05,True,True,True,True,,0.0,0.0,0.0,2,3,0.3670282239999999,0.65,1.3800000000000001,P1,지연·현물조달,False,21544.0,2037,9270.0,44.72172,12641.232,12641.232,17413.156,282.664267,44.72172,80.933389,24260.115,22876.977,27648.901,10235.745,1482.041,98.903,0.0,61.603669,16.881949,49.614939,4.893219,0.0,0.0,0.0,0.0,0.0,282.664267,17413.156,4.116585,7.366227,8118.552,1015.986,6306.569,8887.059,0.0,-10235.745,-1443.96,-7.228,100,True,35.558499
POSCO_KR,POSCO,KR,34.537,69.84605,ACCELERATED_15C,DISCLOSED_PATH,PORT-4FCB78A64B21,CAND-F43ACAB6E7F085,P1,PORT-4FCB78A64B21,282.664267,8489.995,30.035614,False,False,2030,5.470451711490618,-5.470451711490618,True,True,True,True,,0.0,0.0,0.0,2,3,0.3670282239999999,0.65,1.3800000000000001,P1,지연·현물조달,False,21544.0,2037,9270.0,31.782586,8983.801,8983.801,14017.123,282.664267,31.782586,85.008315,25925.372,24028.813,29062.135,15045.012,2002.918,106.359,0.0,49.5893,17.806714,38.492167,6.709581,0.0,0.0,0.0,0.0,0.0,282.664267,14017.123,3.313741,5.929615,9557.873,1015.986,6562.841,9211.142,0.0,-15045.012,-2319.554,0.525,100,True,13.141346
POSCO_KR,POSCO,KR,34.537,69.84605,DISCLOSED_PATH,DISCLOSED_PATH,PORT-D42DEB3BDB60,CAND-B90A406E3BDA97,P2,PORT-D42DEB3BDB60,364.533852,17040.505,46.746016,True,True,,0.0,2.0275124185786808e-05,True,True,True,True,,0.0,0.0,0.0,3,3,0.367028224,0.65,1.38,P2,지연·부분헤지,False,20893.0,2035,9270.0,48.101598,17534.661,17534.661,22865.625,364.533852,48.101598,84.413367,32765.845,30771.53,36102.495,13236.869,1964.836,-29.479,0.0,62.725657,14.624059,53.572462,5.470864,0.0,0.0,0.0,0.0,0.0,364.533852,22865.625,5.405585,9.672766,10211.953,1278.266,7959.901,13465.957,43.788,-13236.869,-2100.169,-88.165,100,True,38.938377
POSCO_KR,POSCO,KR,34.537,69.84605,ACCELERATED_15C,DISCLOSED_PATH,PORT-D42DEB3BDB60,CAND-B90A406E3BDA97,P2,PORT-D42DEB3BDB60,364.533852,12464.679,34.193476,False,False,2040,6.849092049999999,-6.849092049999999,True,True,True,True,,0.0,0.0,0.0,3,3,0.367028224,0.65,1.38,P2,지연·부분헤지,False,20893.0,2035,9270.0,35.345613,12884.672,12884.672,18573.72,364.533852,35.345613,88.28104,34948.194,32181.428,37870.475,19296.755,2696.106,-70.66,-0.0,50.951976,15.606363,42.935487,7.589874,0.0,0.0,0.0,0.0,0.0,364.533852,18573.72,4.39095,7.857176,10211.953,1278.266,8847.815,14665.731,46.439,-19296.755,-2865.784,-2.991,100,True,16.704373
POSCO_KR,POSCO,KR,34.537,69.84605,DISCLOSED_PATH,DISCLOSED_PATH,PORT-58F96F629E32,CAND-149176B54DA5B1,P2,PORT-58F96F629E32,243.51423,11568.344,47.505822,True,True,,0.0,2.0275124185786808e-05,True,True,True,True,,0.0,0.0,0.0,2,3,0.3395077120000001,0.65,1.22,P2,지연·부분헤지,False,18599.0,2037,9270.0,48.576736,11829.126,11829.126,15408.073,243.51423,48.576736,84.780731,22117.029,20645.314,24224.261,8816.188,1413.244,-58.471,-0.0,63.273809,14.697073,54.620386,6.04365,0.0,0.0,0.0,0.0,0.0,243.51423,15408.073,3.64257,6.518023,7605.051,976.907,5021.656,8554.541,30.21,-8816.188,-1499.35,-43.701,100,True,39.413515
POSCO_KR,POSCO,KR,34.537,69.84605,ACCELERATED_15C,DISCLOSED_PATH,PORT-58F96F629E32,CAND-149176B54DA5B1,P2,PORT-58F96F629E32,243.51423,8472.463,34.792476,False,False,2035,16.703997510000004,-16.703997510000004,True,True,True,True,,0.0,0.0,0.0,2,3,0.3395077120000001,0.65,1.22,P2,지연·부분헤지,False,18599.0,2037,9270.0,35.811898,8720.707,8720.707,12567.96,243.51423,35.811898,88.488335,23534.114,21548.169,25395.422,12827.462,1950.666,-35.279,-0.0,51.610784,15.798886,43.967254,8.155356,0.0,0.0,0.0,0.0,0.0,243.51423,12567.96,2.971149,5.31658,6393.494,976.907,5347.597,10706.88,31.934,-12827.462,-1910.539,1.895,100,True,17.170658
POSCO_KR,POSCO,KR,34.537,69.84605,DISCLOSED_PATH,DISCLOSED_PATH,PORT-D42DEB3BDB60,CAND-12C017BA38B922,P1,PORT-D42DEB3BDB60,364.533852,17342.261,47.573801,True,True,,0.0,2.0275124185786808e-05,True,True,True,True,,0.0,0.0,0.0,3,3,0.367028224,0.65,1.38,P1,지연·현물조달,False,20893.0,2035,9270.0,49.097914,17897.852,17897.852,24043.595,364.533852,49.097914,85.409684,32796.549,31134.721,37280.464,13236.869,1620.417,-41.411,-0.0,65.957098,16.859184,53.65669,4.558776,0.0,0.0,0.0,0.0,0.0,364.533852,24043.595,5.684065,10.171078,10392.369,1278.266,7899.497,13429.169,0.0,-13236.869,-1790.826,-73.754,100,True,39.934693
POSCO_KR,POSCO,KR,34.537,69.84605,ACCELERATED_15C,DISCLOSED_PATH,PORT-D42DEB3BDB60,CAND-12C017BA38B922,P1,PORT-D42DEB3BDB60,364.533852,12921.569,35.446828,False,False,2040,6.849092049999999,-6.849092049999999,True,True,True,True,,0.0,0.0,0.0,3,3,0.367028224,0.65,1.38,P1,지연·현물조달,False,20893.0,2035,9270.0,36.65985,13363.756,13363.756,20007.456,364.533852,36.65985,89.595277,34961.656,32660.512,39304.212,19296.755,2189.499,-111.645,0.0,54.885044,18.225194,42.972417,6.312568,0.0,0.0,0.0,0.0,0.0,364.533852,20007.456,4.729895,8.463685,10392.369,1278.266,8781.384,14621.29,0.0,-19296.755,-2415.586,2.789,100,True,18.01861
POSCO_KR,POSCO,KR,34.537,69.84605,DISCLOSED_PATH,DISCLOSED_PATH,PORT-58F96F629E32,CAND-92409F72DEE5B3,P1,PORT-58F96F629E32,243.51423,11754.995,48.272311,True,True,,0.0,2.0275124185786808e-05,True,True,True,True,,0.0,0.0,0.0,2,3,0.3395077120000001,0.65,1.22,P1,지연·현물조달,False,18599.0,2037,9270.0,49.436845,12038.575,12038.575,16172.754,243.51423,49.436845,85.640841,22107.476,20854.763,24988.942,8816.188,1208.04,-44.672,-0.0,66.414001,16.977156,54.581155,5.144309,0.0,0.0,0.0,0.0,0.0,243.51423,16172.754,3.823346,6.841504,6976.185,976.907,5017.627,9061.616,0.0,-8816.188,-1220.119,42.547,100,True,40.273624
POSCO_KR,POSCO,KR,34.537,69.84605,ACCELERATED_15C,DISCLOSED_PATH,PORT-58F96F629E32,CAND-92409F72DEE5B3,P1,PORT-58F96F629E32,243.51423,8756.601,35.959299,False,False,2035,16.703997510000004,-16.703997510000004,True,True,True,True,,0.0,0.0,0.0,2,3,0.3395077120000001,0.65,1.22,P1,지연·현물조달,False,18599.0,2037,9270.0,37.21685,9062.833,9062.833,13556.648,243.51423,37.21685,89.893287,23526.686,21890.295,26384.11,12827.462,1635.774,-0.618,0.0,55.670867,18.454017,43.936751,6.719901,0.0,0.0,0.0,0.0,0.0,243.51423,13556.648,3.204881,5.734822,6343.477,976.907,5264.251,10827.945,0.0,-12827.462,-1532.623,10.337,100,True,18.57561
POSCO_KR,POSCO,KR,34.537,69.84605,DISCLOSED_PATH,DISCLOSED_PATH,PORT-0DA980ACBA29,CAND-C5C95C9095B035,P2,PORT-0DA980ACBA29,365.583855,18887.64,51.664318,True,True,,0.0,2.0275124185786808e-05,True,True,True,True,,0.0,0.0,0.0,2,3,0.3670282239999999,0.65,1.38,P2,지연·부분헤지,False,19907.0,2032,6660.0,53.591109,19592.044,19592.044,24474.408,365.583855,53.591109,89.912501,34880.859,32870.559,37752.922,13278.514,1941.556,-68.745,0.0,66.946084,13.354975,59.089986,5.498877,0.0,0.0,0.0,0.0,0.0,365.583855,24474.408,5.785912,10.353323,8476.934,1313.09,8567.202,16109.571,45.257,-13278.514,-1881.422,239.928,100,True,44.427888
POSCO_KR,POSCO,KR,34.537,69.84605,ACCELERATED_15C,DISCLOSED_PATH,PORT-0DA980ACBA29,CAND-C5C95C9095B035,P2,PORT-0DA980ACBA29,365.583855,14334.531,39.209968,False,False,2040,7.524091650000003,-7.524091650000003,True,True,True,True,,0.0,0.0,0.0,2,3,0.3670282239999999,0.65,1.38,P2,지연·부분헤지,False,19907.0,2032,6660.0,41.0765,15016.905,15016.905,20186.06,365.583855,41.0765,94.0076,37078.186,34367.661,39536.816,19350.756,2667.624,-42.901,-0.0,55.215951,14.139451,48.490735,7.414236,0.0,0.0,0.0,0.0,0.0,365.583855,20186.06,4.772118,8.539239,10515.385,1313.09,8767.333,16959.268,47.935,-19350.756,-3077.184,-158.166,100,True,22.43526
POSCO_KR,POSCO,KR,34.537,69.84605,DISCLOSED_PATH,DISCLOSED_PATH,PORT-34425DFA5633,CAND-7D54A929A881B5,P2,PORT-34425DFA5633,330.911223,17221.64,52.043083,True,True,,0.0,2.0275124185786808e-05,True,True,True,True,,0.0,0.0,0.0,3,3,0.3670282239999999,0.65,1.3800000000000001,P2,지연·부분헤지,False,21792.0,2035,9270.0,52.927546,17514.319,17514.319,22467.483,330.911223,52.927546,89.13743,31424.047,29496.576,34449.74,11982.257,1953.326,25.854,0.0,67.895801,14.968255,58.752285,5.824739,0.0,0.0,0.0,0.0,0.0,330.911223,22467.483,5.311462,9.504341,10355.436,1199.255,7416.354,12724.214,42.376,-11982.257,-2211.99,-29.07,100,True,43.764325
POSCO_KR,POSCO,KR,34.537,69.84605,ACCELERATED_15C,DISCLOSED_PATH,PORT-34425DFA5633,CAND-7D54A929A881B5,P2,PORT-34425DFA5633,330.911223,13089.916,39.557184,False,False,2040,2.9297482850000023,-2.9297482850000023,True,True,True,True,,0.0,0.0,0.0,3,3,0.3670282239999999,0.65,1.3800000000000001,P2,지연·부분헤지,False,21792.0,2035,9270.0,39.855098,13188.499,13188.499,18617.936,330.911223,39.855098,92.731996,33634.223,30686.058,36115.495,17497.559,2684.622,-263.543,-0.0,56.262632,16.407534,48.764331,8.909233,0.0,0.0,0.0,0.0,0.0,330.911223,18617.936,4.401403,7.875881,10355.436,1199.255,8226.473,13811.114,44.886,-17497.559,-3007.771,56.664,100,True,21.213858
POSCO_KR,POSCO,KR,34.537,69.84605,DISCLOSED_PATH,DISCLOSED_PATH,PORT-0DA980ACBA29,CAND-3C2E939294CFA6,P1,PORT-0DA980ACBA29,365.583855,19248.016,52.650071,True,True,,0.0,2.0275124185786808e-05,True,True,True,True,,0.0,0.0,0.0,2,3,0.3670282239999999,0.65,1.38,P1,지연·현물조달,False,19907.0,2032,6660.0,54.900658,20070.794,20070.794,25683.622,365.583855,54.900658,91.22205,34929.199,33349.309,38962.137,13278.514,1539.97,-39.921,0.0,70.25371,15.353052,59.222213,4.321555,0.0,0.0,0.0,0.0,0.0,365.583855,25683.622,6.071778,10.864853,8480.547,1313.09,8623.959,16122.575,0.0,-13278.514,-1466.923,276.062,100,True,45.737437
POSCO_KR,POSCO,KR,34.537,69.84605,ACCELERATED_15C,DISCLOSED_PATH,PORT-0DA980ACBA29,CAND-3C2E939294CFA6,P1,PORT-0DA980ACBA29,365.583855,14877.424,40.69497,False,False,2040,7.524091650000003,-7.524091650000003,True,True,True,True,,0.0,0.0,0.0,2,3,0.3670282239999999,0.65,1.38,P1,지연·현물조달,False,19907.0,2032,6660.0,42.784642,15641.374,15641.374,21675.944,365.583855,42.784642,95.715742,37121.506,34992.13,41026.699,19350.756,2081.023,-48.354,0.0,59.291305,16.506663,48.609233,5.824591,0.0,0.0,0.0,0.0,0.0,365.583855,21675.944,5.124337,9.169499,10773.803,1313.09,8696.931,16922.612,0.0,-19350.756,-2566.181,-148.125,100,True,24.143402
POSCO_KR,POSCO,KR,34.537,69.84605,DISCLOSED_PATH,DISCLOSED_PATH,PORT-34425DFA5633,CAND-2775122CBD1438,P1,PORT-34425DFA5633,330.911223,17524.843,52.959349,True,True,,0.0,2.0275124185786808e-05,True,True,True,True,,0.0,0.0,0.0,3,3,0.3670282239999999,0.65,1.3800000000000001,P1,지연·현물조달,False,21792.0,2035,9270.0,53.936984,17848.353,17848.353,23560.193,330.911223,53.936984,90.146868,31424.734,29830.61,35542.45,11982.257,1616.453,22.329,0.0,71.197928,17.260944,58.75436,4.817377,0.0,0.0,0.0,0.0,0.0,330.911223,23560.193,5.569786,9.966587,10540.978,1199.255,7450.203,12605.01,0.0,-11982.257,-1933.677,-31.159,100,True,44.773763
POSCO_KR,POSCO,KR,34.537,69.84605,ACCELERATED_15C,DISCLOSED_PATH,PORT-34425DFA5633,CAND-2775122CBD1438,P1,PORT-34425DFA5633,330.911223,13548.406,40.942722,False,False,2040,2.9297482850000023,-2.9297482850000023,True,True,True,True,,0.0,0.0,0.0,3,3,0.3670282239999999,0.65,1.3800000000000001,P1,지연·현물조달,False,21792.0,2035,9270.0,41.178154,13626.313,13626.313,19963.421,330.911223,41.178154,94.055052,33653.395,31123.872,37460.98,17497.559,2185.225,-344.298,-0.0,60.328632,19.150478,48.822267,7.644112,0.0,0.0,0.0,0.0,0.0,330.911223,19963.421,4.719485,8.445057,10540.978,1199.255,8257.222,13671.717,0.0,-17497.559,-2616.905,71.606,100,True,22.536914
POSCO_KR,POSCO,KR,34.537,69.84605,DISCLOSED_PATH,DISCLOSED_PATH,PORT-B0374F687394,CAND-0F7926E25C7DDC,P2,PORT-B0374F687394,338.051243,18922.063,55.973948,True,True,,0.0,2.0275124185786808e-05,True,True,True,True,,0.0,0.0,0.0,2,3,0.3670282239999999,0.65,1.38,P2,지연·부분헤지,False,19907.0,2032,6660.0,58.079306,19633.781,19633.781,24068.173,338.051243,58.079306,94.3621,33802.12,31899.225,36333.617,12265.444,1904.006,1.111,0.0,71.196818,13.117513,63.70832,5.629014,0.0,0.0,0.0,0.0,0.0,338.051243,24068.173,5.689875,10.181475,7531.449,1258.952,7667.295,17104.58,43.728,-12265.444,-1712.726,5.947,100,True,48.916085
POSCO_KR,POSCO,KR,34.537,69.84605,ACCELERATED_15C,DISCLOSED_PATH,PORT-B0374F687394,CAND-0F7926E25C7DDC,P2,PORT-B0374F687394,338.051243,14765.954,43.679633,False,False,2035,7.519745565000001,-7.519745565000001,True,True,True,True,,0.0,0.0,0.0,2,3,0.3670282239999999,0.65,1.38,P2,지연·부분헤지,False,19907.0,2032,6660.0,45.864729,15504.629,15504.629,20223.734,338.051243,45.864729,98.711039,35933.849,33369.389,38088.494,17864.761,2608.68,44.221,-0.0,59.824462,13.959732,53.450737,7.586008,0.0,0.0,0.0,0.0,0.0,338.051243,20223.734,4.781024,8.555176,10696.772,1258.952,8062.242,16345.182,46.275,-17864.761,-3064.395,24.36,100,True,27.223489
POSCO_KR,POSCO,KR,34.537,69.84605,DISCLOSED_PATH,DISCLOSED_PATH,PORT-B0374F687394,CAND-688976C946D330,P1,PORT-B0374F687394,338.051243,19283.901,57.044313,True,True,,0.0,2.0275124185786808e-05,True,True,True,True,,0.0,0.0,0.0,2,3,0.3670282239999999,0.65,1.38,P1,지연·현물조달,False,19907.0,2032,6660.0,59.499223,20113.786,20113.786,25237.393,338.051243,59.499223,95.782018,33855.108,32379.23,37502.837,12265.444,1478.604,2.726,0.0,74.655526,15.156303,63.865064,4.365841,0.0,0.0,0.0,0.0,0.0,338.051243,25237.393,5.966287,10.676087,7440.603,1258.952,7700.473,17228.141,0.0,-12265.444,-1251.566,2.627,100,True,50.336002
POSCO_KR,POSCO,KR,34.537,69.84605,ACCELERATED_15C,DISCLOSED_PATH,PORT-B0374F687394,CAND-688976C946D330,P1,PORT-B0374F687394,338.051243,15310.418,45.290228,False,False,2035,7.519745565000001,-7.519745565000001,True,True,True,True,,0.0,0.0,0.0,2,3,0.3670282239999999,0.65,1.38,P1,지연·현물조달,False,19907.0,2032,6660.0,47.712852,16129.389,16129.389,21675.577,338.051243,47.712852,100.559162,35989.019,33994.15,39540.337,17864.761,1997.447,2.578,0.0,64.119205,16.406353,53.613937,5.901085,0.0,0.0,0.0,0.0,0.0,338.051243,21675.577,5.12425,9.169344,11001.592,1258.952,8017.965,16240.294,0.0,-17864.761,-2591.255,66.602,100,True,29.071612
POSCO_KR,POSCO,KR,34.537,69.84605,DISCLOSED_PATH,DISCLOSED_PATH,PORT-39601EAF8865,CAND-E5548226AF9F6B,P2,PORT-39601EAF8865,193.924259,11348.272,58.519093,True,True,,0.0,2.0275124185786808e-05,True,True,True,True,,0.0,0.0,0.0,2,3,0.33950771199999996,0.65,1.2200000000000002,P2,지연·부분헤지,False,19250.0,2037,9270.0,60.081962,11651.35,11651.35,15081.522,193.924259,60.081962,96.192976,19982.224,18654.152,22084.323,7002.802,1398.294,70.222,0.0,77.770165,17.688203,66.930368,6.848406,0.0,0.0,0.0,0.0,0.0,193.924259,15081.522,3.565372,6.379884,7633.661,844.557,3366.012,8386.812,27.223,-7002.802,-1582.087,-22.026,100,True,50.918741
POSCO_KR,POSCO,KR,34.537,69.84605,ACCELERATED_15C,DISCLOSED_PATH,PORT-39601EAF8865,CAND-E5548226AF9F6B,P2,PORT-39601EAF8865,193.924259,8841.378,45.591914,False,False,2030,13.94899577,-13.94899577,True,True,True,True,,0.0,0.0,0.0,2,3,0.33950771199999996,0.65,1.2200000000000002,P2,지연·부분헤지,False,19250.0,2037,9270.0,47.486408,9208.767,9208.767,13013.385,193.924259,47.486408,100.692331,21441.918,19526.686,23331.304,10317.919,1918.386,3.153,-0.0,67.105504,19.619095,57.362597,9.876188,0.0,0.0,0.0,0.0,0.0,193.924259,13013.385,3.07645,5.505007,5825.27,844.557,4148.878,10482.639,28.772,-10317.919,-1744.475,-58.955,100,True,28.845168
POSCO_KR,POSCO,KR,34.537,69.84605,DISCLOSED_PATH,DISCLOSED_PATH,PORT-CA761749FFB1,CAND-C8332513BB985B,P2,PORT-CA761749FFB1,287.411269,16854.855,58.643683,True,True,,0.0,2.0275124185786808e-05,True,True,True,True,,0.0,0.0,0.0,3,3,0.3670282239999999,0.65,1.3800000000000001,P2,지연·부분헤지,False,21544.0,2035,9270.0,59.093596,16984.165,16984.165,22142.008,287.411269,59.093596,95.314904,29304.927,27394.578,32552.42,10410.412,1897.378,-12.971,0.0,77.039455,17.945859,65.740339,6.646743,0.0,0.0,0.0,0.0,0.0,287.411269,22142.008,5.234517,9.366656,9607.101,1091.778,5722.645,13017.852,39.272,-10410.412,-2066.294,-17.776,100,True,49.930375
POSCO_KR,POSCO,KR,34.537,69.84605,ACCELERATED_15C,DISCLOSED_PATH,PORT-CA761749FFB1,CAND-C8332513BB985B,P2,PORT-CA761749FFB1,287.411269,13265.017,46.153435,False,False,2030,5.470451711490618,-5.470451711490618,True,True,True,True,,0.0,0.0,0.0,3,3,0.3670282239999999,0.65,1.3800000000000001,P2,지연·부분헤지,False,21544.0,2035,9270.0,46.642111,13405.468,13405.468,18796.604,287.411269,46.642111,99.880168,31322.782,28706.686,34097.822,15301.218,2586.309,-29.787,-0.0,65.399677,18.757566,55.744385,9.102274,0.0,0.0,0.0,0.0,0.0,287.411269,18796.604,4.443642,7.951462,9607.101,1091.778,6434.892,14251.713,41.617,-15301.218,-2824.977,104.561,100,True,28.000871
POSCO_KR,POSCO,KR,34.537,69.84605,DISCLOSED_PATH,DISCLOSED_PATH,PORT-8378A8ACBA64,CAND-CD94A69F094896,P2,PORT-8378A8ACBA64,275.793845,16365.727,59.340437,True,True,,0.0,2.0275124185786808e-05,True,True,True,True,,0.0,0.0,0.0,3,3,0.3395077120000001,0.65,1.22,P2,지연·부분헤지,False,18599.0,2035,9270.0,59.953755,16534.877,16534.877,21139.646,275.793845,59.953755,96.226958,28301.14,26538.803,31143.572,10003.926,1669.614,-92.723,-0.0,76.650173,16.696418,66.343809,6.390054,0.0,0.0,0.0,0.0,0.0,275.793845,21139.646,4.997552,8.942631,7966.489,1106.836,5618.629,13465.957,36.992,-10003.926,-1708.474,52.374,100,True,50.790534
POSCO_KR,POSCO,KR,34.537,69.84605,ACCELERATED_15C,DISCLOSED_PATH,PORT-8378A8ACBA64,CAND-CD94A69F094896,P2,PORT-8378A8ACBA64,275.793845,13096.798,47.487635,False,False,2040,16.709092920000007,-16.709092920000007,True,True,True,True,,0.0,0.0,0.0,3,3,0.3395077120000001,0.65,1.22,P2,지연·부분헤지,False,18599.0,2035,9270.0,48.319834,13326.313,13326.313,18087.932,275.793845,48.319834,101.147927,30156.673,27895.976,32657.595,14569.663,2308.307,47.61,-0.0,65.584975,17.265141,56.516891,8.197057,0.0,0.0,0.0,0.0,0.0,275.793845,18087.932,4.276107,7.651675,6198.93,1106.836,6584.291,16092.444,39.226,-14569.663,-2034.516,-91.235,100,True,29.678594
POSCO_KR,POSCO,KR,34.537,69.84605,DISCLOSED_PATH,DISCLOSED_PATH,PORT-39601EAF8865,CAND-2EAFEFF65EF371,P1,PORT-39601EAF8865,193.924259,11537.636,59.495579,True,True,,0.0,2.0275124185786808e-05,True,True,True,True,,0.0,0.0,0.0,2,3,0.33950771199999996,0.65,1.2200000000000002,P1,지연·현물조달,False,19250.0,2037,9270.0,61.229202,11873.828,11873.828,15856.355,193.924259,61.229202,97.340216,19990.678,18876.629,22859.156,7002.802,1180.512,66.463,0.0,81.765709,20.536507,66.973964,5.744762,0.0,0.0,0.0,0.0,0.0,193.924259,15856.355,3.748547,6.707658,7761.498,844.557,3342.383,8346.326,0.0,-7002.802,-1402.954,-15.18,100,True,52.065981
POSCO_KR,POSCO,KR,34.537,69.84605,ACCELERATED_15C,DISCLOSED_PATH,PORT-39601EAF8865,CAND-2EAFEFF65EF371,P1,PORT-39601EAF8865,193.924259,9128.594,47.072986,False,False,2030,13.94899577,-13.94899577,True,True,True,True,,0.0,0.0,0.0,2,3,0.33950771199999996,0.65,1.2200000000000002,P1,지연·현물조달,False,19250.0,2037,9270.0,49.350936,9570.344,9570.344,14016.069,193.924259,49.350936,102.556859,21466.439,19888.263,24333.989,10317.919,1601.456,23.28,0.0,72.275998,22.925062,57.48904,8.138104,0.0,0.0,0.0,0.0,0.0,193.924259,14016.069,3.313492,5.929169,5727.058,844.557,4183.104,10578.788,0.0,-10317.919,-1361.608,-83.636,100,True,30.709696
POSCO_KR,POSCO,KR,34.537,69.84605,DISCLOSED_PATH,DISCLOSED_PATH,PORT-CA761749FFB1,CAND-19C362AB4D3239,P1,PORT-CA761749FFB1,287.411269,17160.787,59.708122,True,True,,0.0,2.0275124185786808e-05,True,True,True,True,,0.0,0.0,0.0,3,3,0.3670282239999999,0.65,1.3800000000000001,P1,지연·현물조달,False,21544.0,2035,9270.0,60.217558,17307.205,17307.205,23231.586,287.411269,60.217558,96.438867,29291.318,27717.617,33641.999,10410.412,1549.182,-24.518,0.0,80.830464,20.612906,65.692989,5.475431,0.0,0.0,0.0,0.0,0.0,287.411269,23231.586,5.492101,9.827577,7574.117,1091.778,5939.859,14478.245,0.0,-10410.412,-1366.468,0.086,100,True,51.054337
POSCO_KR,POSCO,KR,34.537,69.84605,ACCELERATED_15C,DISCLOSED_PATH,PORT-CA761749FFB1,CAND-19C362AB4D3239,P1,PORT-CA761749FFB1,287.411269,13726.556,47.759282,False,False,2030,5.470451711490618,-5.470451711490618,True,True,True,True,,0.0,0.0,0.0,3,3,0.3670282239999999,0.65,1.3800000000000001,P1,지연·현물조달,False,21544.0,2035,9270.0,48.311429,13885.249,13885.249,20136.123,287.411269,48.311429,101.549486,31311.544,29186.467,35437.341,15301.218,2096.832,-28.245,0.0,70.060313,21.748884,55.705283,7.393854,0.0,0.0,0.0,0.0,0.0,287.411269,20136.123,4.760313,8.518114,9758.471,1091.778,6422.314,14161.27,0.0,-15301.218,-2400.974,153.606,100,True,29.670189
POSCO_KR,POSCO,KR,34.537,69.84605,DISCLOSED_PATH,DISCLOSED_PATH,PORT-7ED23B40E316,CAND-466C04961ED513,P2,PORT-7ED23B40E316,414.904229,13064.613,31.488261,True,False,,0.0,2.0275124185786808e-05,False,False,True,True,2035,4.530597659999998,0.0,0.0,2,3,0.3934020479999999,0.65,1.54,P2,지연·부분헤지,False,24086.0,2037,9270.0,32.221133,13368.684,13368.684,18426.971,414.904229,32.221133,68.471747,30525.286,28409.217,33467.504,15040.533,2053.753,-62.316,0.0,44.41259,12.191457,37.321271,5.100138,0.0,0.0,0.0,0.0,0.0,414.904229,18426.971,4.356258,7.795098,10952.26,1294.893,9790.765,8386.812,43.918,-15040.533,-2163.832,104.402,100,True,23.057912
POSCO_KR,POSCO,KR,34.537,69.84605,ACCELERATED_15C,DISCLOSED_PATH,PORT-7ED23B40E316,CAND-466C04961ED513,P2,PORT-7ED23B40E316,414.904229,7402.041,17.84036,True,True,,0.0,2.0275124185786808e-05,True,True,True,True,,0.0,0.0,0.0,2,3,0.3934020479999999,0.65,1.54,P2,지연·부분헤지,False,24086.0,2037,9270.0,18.64124,7734.329,7734.329,13092.833,414.904229,18.64124,71.589472,32505.941,29702.775,35061.278,21968.445,2784.596,-18.57,-0.0,31.556276,12.915037,25.397416,6.756177,0.0,0.0,0.0,0.0,0.0,414.904229,13092.833,3.095232,5.538615,9175.969,1294.893,10873.803,10833.875,46.468,-21968.445,-2557.47,35.236,100,True,0.0
POSCO_KR,POSCO,KR,34.537,69.84605,DISCLOSED_PATH,DISCLOSED_PATH,PORT-7ED23B40E316,CAND-7BC738434560A6,P1,PORT-7ED23B40E316,414.904229,13238.755,31.907979,True,False,,0.0,2.0275124185786808e-05,False,False,True,True,2035,4.530597659999998,0.0,0.0,2,3,0.3934020479999999,0.65,1.54,P1,지연·현물조달,False,24086.0,2037,9270.0,32.730928,13580.2,13580.2,19470.465,414.904229,32.730928,68.981541,30531.064,28620.733,34510.998,15040.533,1843.428,-66.903,0.0,46.927612,14.196684,37.335197,4.604269,0.0,0.0,0.0,0.0,0.0,414.904229,19470.465,4.602947,8.236523,11041.306,1294.893,9790.611,8346.326,0.0,-15040.533,-1974.276,121.873,100,True,23.567707
POSCO_KR,POSCO,KR,34.537,69.84605,ACCELERATED_15C,DISCLOSED_PATH,PORT-7ED23B40E316,CAND-7BC738434560A6,P1,PORT-7ED23B40E316,414.904229,7673.246,18.494018,True,True,,0.0,2.0275124185786808e-05,True,True,True,True,,0.0,0.0,0.0,2,3,0.3934020479999999,0.65,1.54,P1,지연·현물조달,False,24086.0,2037,9270.0,19.461874,8074.814,8074.814,14304.715,414.904229,19.461874,72.410106,32508.333,30043.259,36273.161,21968.445,2484.452,19.379,0.0,34.47715,15.015276,25.403181,5.941307,0.0,0.0,0.0,0.0,0.0,414.904229,14304.715,3.381729,6.051274,10410.329,1294.893,10880.976,9968.532,0.0,-21968.445,-2490.423,-21.047,100,True,0.820634
POSCO_KR,POSCO,KR,34.537,69.84605,DISCLOSED_PATH,DISCLOSED_PATH,PORT-7827D72F6A22,CAND-BEF797E7835E02,P2,PORT-7827D72F6A22,419.651231,17896.418,42.645933,True,False,,0.0,2.0275124185786808e-05,False,False,True,True,2037,3.1582950799999985,0.0,0.0,3,3,0.3934020479999999,0.65,1.54,P2,지연·부분헤지,False,24086.0,2035,9270.0,43.676573,18328.928,18328.928,24228.921,419.651231,43.676573,79.933348,35908.325,33544.128,39444.121,15215.2,2246.659,-117.538,0.0,57.735851,14.059278,49.310292,5.633719,0.0,0.0,0.0,0.0,0.0,419.651231,24228.921,5.727877,10.249476,11909.532,1370.685,9952.634,12724.214,49.172,-15215.2,-2485.039,22.93,100,True,34.513352
POSCO_KR,POSCO,KR,34.537,69.84605,ACCELERATED_15C,DISCLOSED_PATH,PORT-7827D72F6A22,CAND-BEF797E7835E02,P2,PORT-7827D72F6A22,419.651231,12457.798,29.686075,True,True,,0.0,2.0275124185786808e-05,True,True,True,True,,0.0,0.0,0.0,3,3,0.3934020479999999,0.65,1.54,P2,지연·부분헤지,False,24086.0,2035,9270.0,30.200618,12673.726,12673.726,19105.808,419.651231,30.200618,83.160432,38199.982,34898.378,41330.46,22224.651,3081.969,-219.635,-0.0,45.527826,15.327209,38.068113,7.867495,0.0,0.0,0.0,0.0,0.0,419.651231,19105.808,4.51674,8.082264,11792.904,1370.685,10330.588,14665.731,52.1,-22224.651,-3233.753,-79.876,100,True,11.559378
POSCO_KR,POSCO,KR,34.537,69.84605,DISCLOSED_PATH,DISCLOSED_PATH,PORT-7827D72F6A22,CAND-BBFDE735F87B40,P1,PORT-7827D72F6A22,419.651231,18193.375,43.35356,True,False,,0.0,2.0275124185786808e-05,False,False,True,True,2037,3.1582950799999985,0.0,0.0,3,3,0.3934020479999999,0.65,1.54,P1,지연·현물조달,False,24086.0,2035,9270.0,44.479892,18666.041,18666.041,25482.115,419.651231,44.479892,80.736667,35927.132,33881.242,40697.316,15215.2,1907.485,-138.405,0.0,60.722127,16.242235,49.355107,4.875216,0.0,0.0,0.0,0.0,0.0,419.651231,25482.115,6.024141,10.779611,12092.213,1370.685,10005.633,12605.01,0.0,-15215.2,-2203.892,11.593,100,True,35.316671
POSCO_KR,POSCO,KR,34.537,69.84605,ACCELERATED_15C,DISCLOSED_PATH,PORT-7827D72F6A22,CAND-BBFDE735F87B40,P1,PORT-7827D72F6A22,419.651231,12909.807,30.763182,True,True,,0.0,2.0275124185786808e-05,True,True,True,True,,0.0,0.0,0.0,3,3,0.3934020479999999,0.65,1.54,P1,지연·현물조달,False,24086.0,2035,9270.0,31.253611,13115.616,13115.616,20620.978,419.651231,31.253611,84.213426,38218.821,35340.268,42845.63,22224.651,2573.239,-305.314,0.0,49.138372,17.884761,38.113006,6.859395,0.0,0.0,0.0,0.0,0.0,419.651231,20620.978,4.874936,8.723221,11961.007,1370.685,10255.059,14621.29,0.0,-22224.651,-2779.915,-87.859,100,True,12.612371
POSCO_KR,POSCO,KR,34.537,69.84605,DISCLOSED_PATH,DISCLOSED_PATH,PORT-08632101CCF5,CAND-2FCEDED2C189C1,P4,PORT-08632101CCF5,488.606259,30730.025,62.893229,True,False,,0.0,2.0275124185786808e-05,False,False,True,True,2036,0.0,0.0,0.063446895000002,3,3,0.459336608,0.65,2.02,P4,균형형 전환,False,27588.0,2036,9270.0,63.87869,31211.528,31211.528,36456.949,488.606259,63.87869,100.133132,54405.786,48925.675,54171.097,17714.147,5443.004,-37.107,-0.0,74.614168,10.735478,75.094491,11.215801,0.0,0.0,0.0,0.0,0.0,488.606259,36456.949,8.618664,15.422256,12506.189,1771.894,10839.74,28618.471,487.568,-17714.147,-5359.371,61.184,100,True,54.715469
POSCO_KR,POSCO,KR,34.537,69.84605,ACCELERATED_15C,DISCLOSED_PATH,PORT-08632101CCF5,CAND-2FCEDED2C189C1,P4,PORT-08632101CCF5,488.606259,24223.062,49.575832,True,True,,0.0,2.0275124185786808e-05,True,True,True,True,,0.0,0.0,0.0,3,3,0.459336608,0.65,2.02,P4,균형형 전환,False,27588.0,2036,9270.0,50.743137,24793.414,24793.414,30028.119,488.606259,50.743137,103.526552,58169.789,50583.721,55818.426,25790.307,7701.701,115.634,-0.0,61.456681,10.713544,66.269069,15.525931,0.0,0.0,0.0,0.0,0.0,488.606259,30028.119,7.098846,12.702691,10515.254,1771.894,13537.214,31316.693,522.273,-25790.307,-7055.517,-24.09,100,True,32.101897
POSCO_KR,POSCO,KR,34.537,69.84605,DISCLOSED_PATH,DISCLOSED_PATH,PORT-2038E8D6C481,CAND-9DAADB965AABF6,P2,PORT-2038E8D6C481,428.201226,29256.785,68.324851,True,False,,0.0,2.0275124185786808e-05,False,False,True,True,2029,4.583295980000006,0.04299987899999996,0.0,2,3,0.3934020479999999,0.65,1.5399999999999998,P2,지연·부분헤지,False,23372.0,2029,7380.0,69.450132,29738.632,29738.632,35786.382,428.201226,69.450132,105.713114,48026.487,45266.485,51314.235,15527.853,2611.515,-148.488,0.0,83.573748,14.123616,75.895706,6.445574,0.0,0.0,0.0,0.0,0.0,428.201226,35786.382,8.460137,15.138588,11277.104,1555.976,8893.548,26154.348,61.068,-15527.853,-2691.682,16.123,100,True,60.286911
POSCO_KR,POSCO,KR,34.537,69.84605,ACCELERATED_15C,DISCLOSED_PATH,PORT-2038E8D6C481,CAND-9DAADB965AABF6,P2,PORT-2038E8D6C481,428.201226,24038.613,56.138591,True,True,,0.0,2.0275124185786808e-05,True,True,True,True,,0.0,0.0,0.0,2,3,0.3934020479999999,0.65,1.5399999999999998,P2,지연·부분헤지,False,23372.0,2029,7380.0,57.026315,24418.738,24418.738,30990.357,428.201226,57.026315,109.939128,50792.241,47076.069,53647.689,22657.331,3602.144,-114.028,-0.0,72.37335,15.347035,65.70488,8.678565,0.0,0.0,0.0,0.0,0.0,428.201226,30990.357,7.326326,13.109743,12982.463,1555.976,10009.991,26676.85,64.496,-22657.331,-4161.109,-52.599,100,True,38.385075
POSCO_KR,POSCO,KR,34.537,69.84605,DISCLOSED_PATH,DISCLOSED_PATH,PORT-2038E8D6C481,CAND-25E596C7BBF514,P1,PORT-2038E8D6C481,428.201226,29861.829,69.737841,True,False,,0.0,2.0275124185786808e-05,False,False,True,True,2029,4.583295980000006,0.04299987899999996,0.0,2,3,0.3934020479999999,0.65,1.5399999999999998,P1,지연·현물조달,False,23372.0,2029,7380.0,71.013467,30408.053,30408.053,37377.647,428.201226,71.013467,107.276448,48031.528,45935.907,52905.5,15527.853,1953.331,-142.29,0.0,87.289912,16.276445,75.907477,4.89401,0.0,0.0,0.0,0.0,0.0,428.201226,37377.647,8.836323,15.811736,11355.689,1555.976,8815.721,26197.144,0.0,-15527.853,-2024.61,35.987,100,True,61.850246
POSCO_KR,POSCO,KR,34.537,69.84605,ACCELERATED_15C,DISCLOSED_PATH,PORT-2038E8D6C481,CAND-25E596C7BBF514,P1,PORT-2038E8D6C481,428.201226,24946.989,58.259966,True,True,,0.0,2.0275124185786808e-05,True,True,True,True,,0.0,0.0,0.0,2,3,0.3934020479999999,0.65,1.5399999999999998,P1,지연·현물조달,False,23372.0,2029,7380.0,59.176782,25339.57,25339.57,33051.283,428.201226,59.176782,112.089594,50780.734,47996.902,55708.614,22657.331,2635.154,-148.678,-0.0,77.186333,18.009551,65.678005,6.501224,0.0,0.0,0.0,0.0,0.0,428.201226,33051.283,7.813542,13.981569,13274.218,1555.976,9937.726,26577.576,0.0,-22657.331,-3312.924,-35.669,100,True,40.535542
POSCO_KR,POSCO,KR,34.537,69.84605,DISCLOSED_PATH,DISCLOSED_PATH,PORT-C9ABA0ED93B4,CAND-13A3A87B46A419,P4,PORT-C9ABA0ED93B4,496.681253,41390.925,83.334985,True,False,,0.0,2.0275124185786808e-05,False,False,True,True,2028,0.030599310000003044,0.16799987899999996,0.25344701500000255,2,3,0.45933660799999987,0.65,2.02,P4,균형형 전환,False,26874.0,2036,9270.0,84.794027,42115.604,42115.604,47308.731,496.681253,84.794027,121.043713,67071.301,60120.143,65313.271,18004.54,6861.833,-89.325,-0.0,95.249682,10.455655,98.789236,13.995209,0.0,0.0,0.0,0.0,0.0,496.681253,47308.731,11.184097,20.012848,15079.65,1961.418,10195.809,39292.037,595.859,-18004.54,-7041.116,36.486,100,True,75.630806
POSCO_KR,POSCO,KR,34.537,69.84605,ACCELERATED_15C,DISCLOSED_PATH,PORT-C9ABA0ED93B4,CAND-13A3A87B46A419,P4,PORT-C9ABA0ED93B4,496.681253,34558.76,69.579352,True,True,,0.0,2.0275124185786808e-05,True,True,True,True,,0.0,0.0,0.0,2,3,0.45933660799999987,0.65,2.02,P4,균형형 전환,False,26874.0,2036,9270.0,70.892979,35211.213,35211.213,40539.483,496.681253,70.892979,123.605144,71155.289,61392.358,66720.627,26181.144,9766.96,4.029,0.0,81.620722,10.727743,90.549311,19.656332,0.0,0.0,0.0,0.0,0.0,496.681253,40539.483,9.583802,17.149276,13781.127,1961.418,11779.788,42859.096,634.378,-26181.144,-9741.743,118.294,100,True,52.251739
POSCO_KR,POSCO,KR,34.537,69.84605,DISCLOSED_PATH,DISCLOSED_PATH,PORT-13C60822C05B,CAND-27EB06146B7A52,P3,PORT-13C60822C05B,437.704222,37480.183,85.629018,True,False,,0.0,2.0275124185786808e-05,False,False,True,True,2029,0.0,0.04299987899999996,0.0,2,3,0.45933660799999987,0.65,2.02,P3,균형형 라이트헤지,False,26874.0,2037,9270.0,86.522928,37871.451,37871.451,44193.85,437.704222,86.522928,122.777878,58678.842,53740.396,60062.794,15868.945,4726.549,-211.898,0.0,100.967383,14.444455,97.80554,11.282612,0.0,0.0,0.0,0.0,0.0,437.704222,44193.85,10.447719,18.69517,14225.192,1685.362,8727.527,33774.932,235.927,-15868.945,-4915.029,6.485,100,True,77.359707
POSCO_KR,POSCO,KR,34.537,69.84605,ACCELERATED_15C,DISCLOSED_PATH,PORT-13C60822C05B,CAND-27EB06146B7A52,P3,PORT-13C60822C05B,437.704222,32023.823,73.163158,True,True,,0.0,2.0275124185786808e-05,True,True,True,True,,0.0,0.0,0.0,2,3,0.45933660799999987,0.65,2.02,P3,균형형 라이트헤지,False,26874.0,2037,9270.0,73.65343,32238.417,32238.417,39144.122,437.704222,73.65343,126.570765,62251.823,55400.558,62306.263,23162.141,6632.793,-218.472,-0.0,89.430534,15.777104,89.306158,15.652728,0.0,0.0,0.0,0.0,0.0,437.704222,39144.122,9.25393,16.559002,13286.22,1685.362,10174.039,36727.892,250.661,-23162.141,-6719.18,-4.436,100,True,55.01219
POSCO_KR,POSCO,KR,34.537,69.84605,DISCLOSED_PATH,DISCLOSED_PATH,PORT-13C60822C05B,CAND-9F98CFC8518527,P2,PORT-13C60822C05B,437.704222,38647.747,88.296491,True,False,,0.0,2.0275124185786808e-05,False,False,True,True,2029,0.0,0.04299987899999996,0.0,2,3,0.45933660799999987,0.65,2.02,P2,지연·부분헤지,False,26874.0,2037,9270.0,89.348388,39108.167,39108.167,47033.103,437.704222,89.348388,125.603338,58697.386,54977.111,62902.048,15868.945,3393.624,-326.651,0.0,107.454077,18.105689,97.847907,8.499518,0.0,0.0,0.0,0.0,0.0,437.704222,47033.103,11.118937,19.89625,14716.41,1685.362,8727.099,33532.853,73.135,-15868.945,-3749.728,-8.019,100,True,80.185167
POSCO_KR,POSCO,KR,34.537,69.84605,ACCELERATED_15C,DISCLOSED_PATH,PORT-13C60822C05B,CAND-9F98CFC8518527,P2,PORT-13C60822C05B,437.704222,33794.436,77.208384,True,True,,0.0,2.0275124185786808e-05,True,True,True,True,,0.0,0.0,0.0,2,3,0.45933660799999987,0.65,2.02,P2,지연·부분헤지,False,26874.0,2037,9270.0,77.798867,34052.892,34052.892,42868.745,437.704222,77.798867,130.716202,62227.418,57215.033,66030.886,23162.141,4689.693,-322.692,0.0,97.939985,20.141119,89.2504,11.451533,0.0,0.0,0.0,0.0,0.0,437.704222,42868.745,10.134455,18.134616,13469.868,1685.362,10181.22,36635.948,77.379,-23162.141,-4852.703,17.959,100,True,59.157627
POSCO_KR,POSCO,KR,34.537,69.84605,DISCLOSED_PATH,DISCLOSED_PATH,PORT-C68307188813,CAND-717F18DFAF78F1,P4,PORT-C68307188813,501.427506,46098.554,91.934633,True,False,,0.0,2.0275124185786808e-05,False,False,True,True,2028,0.0,0.16799987899999996,0.25374674500000083,3,3,0.45933660799999987,0.65,2.02,P4,균형형 전환,False,26874.0,2034,9270.0,93.637157,46952.246,46952.246,52684.025,501.427506,93.637157,129.893229,72626.267,65132.038,70863.817,18179.792,7490.998,-3.23,-0.0,105.06808,11.430924,108.582944,14.945787,0.0,0.0,0.0,0.0,0.0,501.427506,52684.025,12.454852,22.28674,15005.6,2041.369,10187.831,44890.247,644.249,-18179.792,-7611.738,-25.522,100,True,84.473936
POSCO_KR,POSCO,KR,34.537,69.84605,ACCELERATED_15C,DISCLOSED_PATH,PORT-C68307188813,CAND-717F18DFAF78F1,P4,PORT-C68307188813,501.427506,39286.211,78.348736,True,True,,0.0,2.0275124185786808e-05,True,True,True,True,,0.0,0.0,0.0,3,3,0.45933660799999987,0.65,2.02,P4,균형형 전환,False,26874.0,2034,9270.0,79.844219,40036.088,40036.088,46098.233,501.427506,79.844219,132.566908,77267.48,66472.694,72534.84,26436.606,10693.713,-101.072,-0.0,91.933993,12.089774,101.372328,21.528108,0.0,0.0,0.0,0.0,0.0,501.427506,46098.233,10.897927,19.500775,14214.086,2041.369,11604.702,48648.48,686.108,-26436.606,-10699.83,-22.221,100,True,61.202979
POSCO_KR,POSCO,KR,34.537,69.84605,DISCLOSED_PATH,DISCLOSED_PATH,PORT-13C60822C05B,CAND-78797020DAE1ED,P1,PORT-13C60822C05B,437.704222,39456.063,90.143208,True,False,,0.0,2.0275124185786808e-05,False,False,True,True,2029,0.0,0.04299987899999996,0.0,2,3,0.45933660799999987,0.65,2.02,P1,지연·현물조달,False,26874.0,2037,9270.0,91.225721,39929.883,39929.883,49110.235,437.704222,91.225721,127.480671,58721.582,55798.828,64979.18,15868.945,2490.287,-432.467,0.0,112.199593,20.973871,97.903186,6.677464,0.0,0.0,0.0,0.0,0.0,437.704222,49110.235,11.609985,20.774932,14892.415,1685.362,8572.569,33526.451,0.0,-15868.945,-2889.185,11.216,100,True,82.0625
POSCO_KR,POSCO,KR,34.537,69.84605,ACCELERATED_15C,DISCLOSED_PATH,PORT-13C60822C05B,CAND-78797020DAE1ED,P1,PORT-13C60822C05B,437.704222,35004.249,79.972381,True,True,,0.0,2.0275124185786808e-05,True,True,True,True,,0.0,0.0,0.0,2,3,0.45933660799999987,0.65,2.02,P1,지연·현물조달,False,26874.0,2037,9270.0,80.656203,35303.561,35303.561,45597.954,437.704222,80.656203,133.573538,62223.857,58465.702,68760.095,23162.141,3380.011,-378.143,-0.0,104.175266,23.519063,89.242264,8.58606,0.0,0.0,0.0,0.0,0.0,437.704222,45597.954,10.779658,19.289144,11705.637,1685.362,10590.699,37631.542,0.0,-23162.141,-3097.76,-49.778,100,True,62.014963
POSCO_KR,POSCO,KR,34.537,69.84605,DISCLOSED_PATH,DISCLOSED_PATH,PORT-26982033AA0F,CAND-014834EFF571CA,P2,PORT-26982033AA0F,150.693902,17024.587,112.974623,False,False,2040,12.619087010000001,-12.619087010000001,True,True,True,True,,0.0,0.0,0.0,2,3,0.3107906560000001,0.65,1.06,P2,지연·부분헤지,False,14172.0,2032,6660.0,116.434203,17545.924,17545.924,20908.161,150.693902,116.434203,152.814737,24273.328,23028.249,26390.486,5482.325,1236.571,-8.508,-0.0,138.745901,22.311698,124.69651,8.262307,0.0,0.0,0.0,0.0,0.0,150.693902,20908.161,4.942828,8.844707,4990.023,887.627,2310.606,16067.027,28.444,-5482.325,-1294.402,38.924,100,True,107.270982
POSCO_KR,POSCO,KR,34.537,69.84605,ACCELERATED_15C,DISCLOSED_PATH,PORT-26982033AA0F,CAND-014834EFF571CA,P2,PORT-26982033AA0F,150.693902,15580.055,103.388754,False,False,2030,32.319087010000004,-32.319087010000004,True,True,True,True,,0.0,0.0,0.0,2,3,0.3107906560000001,0.65,1.06,P2,지연·부분헤지,False,14172.0,2032,6660.0,106.62448,16067.659,16067.659,19725.264,150.693902,106.62448,159.801354,25837.388,24081.09,27738.694,8013.431,1727.091,-29.207,0.0,130.896231,24.271751,118.279218,11.654738,0.0,0.0,0.0,0.0,0.0,150.693902,19725.264,4.663183,8.34431,4990.023,887.627,2576.521,17416.857,30.132,-8013.431,-1806.925,-13.145,100,True,87.98324
POSCO_KR,POSCO,KR,34.537,69.84605,DISCLOSED_PATH,DISCLOSED_PATH,PORT-3D4DF75A91D4,CAND-022C4C9D65C291,P2,PORT-3D4DF75A91D4,247.593892,32068.846,129.521958,True,True,,0.0,2.0275124185786808e-05,True,True,True,True,,0.0,0.0,0.0,3,3,0.41130035200000004,0.65,1.6999999999999997,P2,지연·부분헤지,False,20867.0,2035,9270.0,133.148334,32966.714,32966.714,40442.339,247.593892,133.148334,169.455713,44566.216,41956.199,49431.824,8989.485,2571.998,-38.018,0.0,163.341424,30.193091,143.689855,10.541521,0.0,0.0,0.0,0.0,0.0,247.593892,40442.339,9.560837,17.108182,8466.016,1239.361,4199.168,30815.683,52.677,-8989.485,-2516.338,-300.369,100,True,123.985113
POSCO_KR,POSCO,KR,34.537,69.84605,ACCELERATED_15C,DISCLOSED_PATH,PORT-3D4DF75A91D4,CAND-022C4C9D65C291,P2,PORT-3D4DF75A91D4,247.593892,29953.33,120.977663,False,False,2030,16.16908871,-16.16908871,True,True,True,True,,0.0,0.0,0.0,3,3,0.41130035200000004,0.65,1.6999999999999997,P2,지연·부분헤지,False,20867.0,2035,9270.0,124.84725,30911.416,30911.416,38670.494,247.593892,124.84725,178.113254,47683.097,44099.754,51858.831,13188.337,3564.114,-19.23,0.0,156.185169,31.337919,139.319915,14.472665,0.0,0.0,0.0,0.0,0.0,247.593892,38670.494,9.141961,16.358644,8466.016,1239.361,4712.847,33592.764,55.967,-13188.337,-3517.52,-449.682,100,True,106.20601
POSCO_KR,POSCO,KR,34.537,69.84605,DISCLOSED_PATH,DISCLOSED_PATH,PORT-2E4122B1D61A,CAND-03F5DDC22322D9,P1,PORT-2E4122B1D61A,305.733857,44650.094,146.04236,True,False,,0.0,2.0275124185786808e-05,False,False,True,True,2029,0.0,0.04299987899999996,0.0,2,3,0.41130035200000004,0.65,1.7,P1,지연·현물조달,False,19502.0,2029,7380.0,147.617463,45131.656,45131.656,55055.879,305.733857,147.617463,183.974327,58150.665,56247.181,66171.404,11115.524,1874.35,-29.134,0.0,180.077797,32.460334,153.843415,6.225952,0.0,0.0,0.0,0.0,0.0,305.733857,55055.879,13.015574,23.290097,8569.154,1557.003,5641.199,42382.134,0.0,-11115.524,-1725.477,-176.833,100,True,138.454242
POSCO_KR,POSCO,KR,34.537,69.84605,ACCELERATED_15C,DISCLOSED_PATH,PORT-2E4122B1D61A,CAND-03F5DDC22322D9,P1,PORT-2E4122B1D61A,305.733857,42653.182,139.510823,False,False,2035,19.399090750000003,-19.399090750000003,True,True,True,True,,0.0,0.0,0.0,2,3,0.41130035200000004,0.65,1.7,P1,지연·현물조달,False,19502.0,2029,7380.0,141.17293,43161.344,43161.344,53866.951,305.733857,141.17293,193.933066,62041.459,59291.904,69997.511,16130.56,2556.702,-192.852,0.0,176.189027,35.016097,150.166224,8.993294,0.0,0.0,0.0,0.0,0.0,305.733857,53866.951,12.734504,22.787149,10128.371,1557.003,5959.941,44293.908,0.0,-16130.56,-2866.899,219.581,100,True,122.53169
POSCO_KR,POSCO,KR,34.537,69.84605,DISCLOSED_PATH,DISCLOSED_PATH,PORT-C07B5FF15869,CAND-0792E2DF105A73,P5,PORT-C07B5FF15869,362.346302,44516.622,122.856566,True,True,,0.0,2.0275124185786808e-05,True,True,True,True,,0.0,0.0,0.0,3,3,0.49715238399999995,0.65,2.34,P5,조기 계약형 전환,False,27562.0,2036,9270.0,124.64957,45166.311,45166.311,48814.643,362.346302,124.64957,160.937559,68284.705,58315.129,61963.461,13148.819,9917.889,-51.686,0.0,134.718203,10.068633,152.163512,27.513943,0.0,0.0,0.0,0.0,0.0,362.346302,48814.643,11.540105,20.649888,13604.909,1735.149,6080.222,45832.351,1058.081,-13148.819,-9972.562,-23.021,100,True,115.486349
POSCO_KR,POSCO,KR,34.537,69.84605,ACCELERATED_15C,DISCLOSED_PATH,PORT-C07B5FF15869,CAND-0792E2DF105A73,P5,PORT-C07B5FF15869,362.346302,38890.511,107.329676,False,False,2030,5.470451711490618,-5.470451711490618,True,True,True,True,,0.0,0.0,0.0,3,3,0.49715238399999995,0.65,2.34,P5,조기 계약형 전환,False,27562.0,2036,9270.0,108.934878,39472.15,39472.15,43049.346,362.346302,108.934878,162.123704,73027.251,58744.925,62322.121,19272.774,14278.959,-3.368,0.0,118.807191,9.872313,148.351112,39.416234,0.0,0.0,0.0,0.0,0.0,362.346302,43049.346,10.17715,18.211015,13604.909,1735.149,6810.197,49808.459,1134.859,-19272.774,-14299.31,-49.339,100,True,90.293638
POSCO_KR,POSCO,KR,34.537,69.84605,DISCLOSED_PATH,DISCLOSED_PATH,PORT-92AEBEABC7A8,CAND-0A4190A420448F,P1,PORT-92AEBEABC7A8,232.293891,16309.673,70.211374,True,True,,0.0,2.0275124185786808e-05,True,True,True,True,,0.0,0.0,0.0,3,3,0.33950771199999996,0.65,1.2199999999999998,P1,지연·현물조달,False,18351.0,2035,9270.0,71.091354,16514.087,16514.087,21881.645,232.293891,71.091354,107.390549,26141.013,24946.168,30313.726,8432.081,1255.36,60.515,0.0,94.198107,23.106753,76.235031,5.143677,0.0,0.0,0.0,0.0,0.0,232.293891,21881.645,5.172966,9.256516,7456.193,999.359,4245.767,13429.169,0.0,-8432.081,-1279.363,95.043,100,True,61.928133
POSCO_KR,POSCO,KR,34.537,69.84605,ACCELERATED_15C,DISCLOSED_PATH,PORT-92AEBEABC7A8,CAND-0A4190A420448F,P1,PORT-92AEBEABC7A8,232.293891,13738.317,59.141966,False,False,2030,17.86908886,-17.86908886,True,True,True,True,,0.0,0.0,0.0,3,3,0.33950771199999996,0.65,1.2199999999999998,P1,지연·현물조달,False,18351.0,2035,9270.0,60.090337,13958.618,13958.618,19553.777,232.293891,60.090337,113.356144,27952.586,26331.94,31927.099,12373.321,1700.935,80.288,-0.0,84.17689,24.086553,67.067046,6.976709,0.0,0.0,0.0,0.0,0.0,232.293891,19553.777,4.622642,8.271766,7456.193,999.359,4757.558,14621.29,0.0,-12373.321,-1733.636,231.175,100,True,41.449097
POSCO_KR,POSCO,KR,34.537,69.84605,DISCLOSED_PATH,DISCLOSED_PATH,PORT-7DC46150E6EE,CAND-0B0DF7CC24CCF4,P3,PORT-7DC46150E6EE,388.383849,43029.809,110.791963,True,False,,0.0,2.0275124185786808e-05,False,False,True,True,2029,0.0,0.04299987899999996,0.0,2,3,0.43582950399999987,0.65,1.8599999999999999,P3,균형형 라이트헤지,False,22695.0,2029,7380.0,112.396925,43653.15,43653.15,50109.652,388.383849,112.396925,148.719049,62779.473,57760.076,64216.578,14106.926,4943.84,-75.556,-0.0,129.020946,16.624021,125.320729,12.923804,0.0,0.0,0.0,0.0,0.0,388.383849,50109.652,11.846253,21.197711,13673.486,1703.559,7385.803,39987.162,246.718,-14106.926,-5257.72,21.07,100,True,103.233704
POSCO_KR,POSCO,KR,34.537,69.84605,ACCELERATED_15C,DISCLOSED_PATH,PORT-7DC46150E6EE,CAND-0B0DF7CC24CCF4,P3,PORT-7DC46150E6EE,388.383849,38554.208,99.268311,False,False,2040,5.624092200000003,-5.624092200000003,True,True,True,True,,0.0,0.0,0.0,2,3,0.43582950399999987,0.65,1.8599999999999999,P3,균형형 라이트헤지,False,22695.0,2029,7380.0,100.758691,39133.048,39133.048,45926.653,388.383849,100.758691,153.655976,66795.397,59677.499,66471.104,20544.451,7009.295,-108.603,-0.0,118.250677,17.491985,119.085658,18.326967,0.0,0.0,0.0,0.0,0.0,388.383849,45926.653,10.857365,19.428192,11564.832,1703.559,8771.027,44435.305,262.16,-20544.451,-7038.986,-20.397,100,True,82.117451
POSCO_KR,POSCO,KR,34.537,69.84605,DISCLOSED_PATH,DISCLOSED_PATH,PORT-531039DEA968,CAND-0CC93D992FF190,P3,PORT-531039DEA968,297.964268,27272.823,91.530514,True,True,,0.0,2.0275124185786808e-05,True,True,True,True,,0.0,0.0,0.0,2,3,0.43582950399999987,0.65,1.86,P3,균형형 라이트헤지,False,24060.0,2037,9270.0,93.878969,27972.578,27972.578,33558.614,297.964268,93.878969,130.101932,42358.393,38765.727,44351.763,10793.149,3540.735,-51.931,0.0,112.626302,18.747334,105.936341,12.057372,0.0,0.0,0.0,0.0,0.0,297.964268,33558.614,7.933478,14.196184,9157.397,1255.988,5712.665,25998.301,169.544,-10793.149,-3444.631,-83.538,100,True,84.715748
POSCO_KR,POSCO,KR,34.537,69.84605,ACCELERATED_15C,DISCLOSED_PATH,PORT-531039DEA968,CAND-0CC93D992FF190,P3,PORT-531039DEA968,297.964268,23648.405,79.366581,False,False,2030,5.470451711490618,-5.470451711490618,True,True,True,True,,0.0,0.0,0.0,2,3,0.43582950399999987,0.65,1.86,P3,균형형 라이트헤지,False,24060.0,2037,9270.0,81.774709,24365.941,24365.941,30128.754,297.964268,81.774709,135.00266,45275.582,40225.969,45988.782,15860.027,4936.423,-113.19,0.0,101.115327,19.340618,98.721753,16.947043,0.0,0.0,0.0,0.0,0.0,297.964268,30128.754,7.122637,12.745262,9157.397,1255.988,6416.602,28223.888,180.728,-15860.027,-4857.866,-150.768,100,True,63.133469
POSCO_KR,POSCO,KR,34.537,69.84605,DISCLOSED_PATH,DISCLOSED_PATH,PORT-1CB3B12B9B60,CAND-0D9DBFAFAC1A93,P2,PORT-1CB3B12B9B60,453.004224,54717.65,120.788388,True,False,,0.0,2.0275124185786808e-05,False,False,True,True,2029,0.0,0.04299987899999996,0.0,2,3,0.5181043679999999,0.65,2.5,P2,지연·부분헤지,False,29390.0,2037,9270.0,121.908444,55225.04,55225.04,65993.745,453.004224,121.908444,158.169361,76392.397,71651.389,82420.094,16426.349,4333.773,-407.236,-0.0,145.680199,23.771755,132.374149,10.465705,0.0,0.0,0.0,0.0,0.0,453.004224,65993.745,15.601358,27.917104,15742.05,1925.364,8803.636,49622.025,91.924,-16426.349,-4585.539,51.929,100,True,112.745223
POSCO_KR,POSCO,KR,34.537,69.84605,ACCELERATED_15C,DISCLOSED_PATH,PORT-1CB3B12B9B60,CAND-0D9DBFAFAC1A93,P2,PORT-1CB3B12B9B60,453.004224,50475.868,111.424718,True,True,,0.0,2.0275124185786808e-05,True,True,True,True,,0.0,0.0,0.0,2,3,0.5181043679999999,0.65,2.5,P2,지연·부분헤지,False,29390.0,2037,9270.0,112.295897,50870.516,50870.516,62735.991,453.004224,112.295897,165.22511,81190.729,74847.672,86713.148,23977.157,6015.369,-327.688,-0.0,138.488755,26.192858,126.298099,14.002202,0.0,0.0,0.0,0.0,0.0,453.004224,62735.991,14.831204,26.538988,17179.176,1925.364,9265.679,52938.834,97.389,-23977.157,-6734.786,176.016,100,True,93.654657
POSCO_KR,POSCO,KR,34.537,69.84605,DISCLOSED_PATH,DISCLOSED_PATH,PORT-9341B5E9E1AE,CAND-11A200804B1E4C,P1,PORT-9341B5E9E1AE,190.511279,1796.705,9.430965,False,False,2035,0.5397425250000012,-0.5397425250000012,True,True,True,True,,0.0,0.0,0.0,2,3,0.25895987200000004,0.65,0.74,P1,지연·현물조달,False,14849.0,2037,5768.0,10.082564,1920.842,1920.842,3522.223,190.511279,10.082564,46.31796,9403.678,8824.094,10425.474,6903.252,593.054,13.47,0.0,18.488263,8.405699,13.124821,3.042257,0.0,0.0,0.0,0.0,0.0,190.511279,3522.223,0.832677,1.489994,4591.019,740.044,4086.599,0.0,0.0,-6903.252,-592.868,-0.7,100,True,0.919343
POSCO_KR,POSCO,KR,34.537,69.84605,ACCELERATED_15C,DISCLOSED_PATH,PORT-9341B5E9E1AE,CAND-11A200804B1E4C,P1,PORT-9341B5E9E1AE,190.511279,-1122.509,-5.892089,False,False,2030,20.239742525,-20.239742525,True,True,True,True,,0.0,0.0,0.0,2,3,0.25895987200000004,0.65,0.74,P1,지연·현물조달,False,14849.0,2037,5768.0,-5.384649,-1025.836,-1025.836,718.337,190.511279,-5.384649,47.768691,9911.636,9100.474,10844.647,10126.311,791.908,-19.253,0.0,3.770572,9.155221,-1.126837,4.257812,0.0,0.0,0.0,0.0,0.0,190.511279,718.337,0.16982,0.303875,4899.35,740.044,4267.754,0.0,0.0,-10126.311,-832.799,26.125,100,True,-24.025889
POSCO_KR,POSCO,KR,34.537,69.84605,DISCLOSED_PATH,DISCLOSED_PATH,PORT-2E4122B1D61A,CAND-1452ABFC21BA3C,P3,PORT-2E4122B1D61A,305.733857,42196.952,138.018577,True,False,,0.0,2.0275124185786808e-05,False,False,True,True,2029,0.0,0.04299987899999996,0.0,2,3,0.41130035200000004,0.65,1.7,P3,균형형 라이트헤지,False,19502.0,2029,7380.0,139.115895,42532.439,42532.439,49361.239,305.733857,139.115895,175.47276,58203.078,53647.964,60476.763,11115.524,4595.317,40.203,-0.0,161.451661,22.335765,154.014849,14.898953,0.0,0.0,0.0,0.0,0.0,305.733857,49361.239,11.669324,20.881113,9264.786,1557.003,5411.304,41644.111,227.38,-11115.524,-4567.56,110.94,100,True,129.952674
POSCO_KR,POSCO,KR,34.537,69.84605,ACCELERATED_15C,DISCLOSED_PATH,PORT-2E4122B1D61A,CAND-1452ABFC21BA3C,P3,PORT-2E4122B1D61A,305.733857,38980.686,127.498755,False,False,2035,19.399090750000003,-19.399090750000003,True,True,True,True,,0.0,0.0,0.0,2,3,0.41130035200000004,0.65,1.7,P3,균형형 라이트헤지,False,19502.0,2029,7380.0,128.72235,39354.781,39354.781,46508.748,305.733857,128.72235,181.482486,62055.13,55485.341,62639.308,16130.56,6550.93,-18.86,-0.0,152.121681,23.399331,150.210941,21.488591,0.0,0.0,0.0,0.0,0.0,305.733857,46508.748,10.994976,19.674434,9767.512,1557.003,5973.655,44435.305,241.602,-16130.56,-6619.264,129.528,100,True,110.08111
POSCO_KR,POSCO,KR,34.537,69.84605,DISCLOSED_PATH,DISCLOSED_PATH,PORT-A7B7FDCF1108,CAND-16671384F832DB,P4,PORT-A7B7FDCF1108,414.706243,56329.185,135.829122,True,False,,0.0,2.0275124185786808e-05,False,False,True,True,2028,0.0,0.16799987899999996,0.0,3,3,0.49715238399999995,0.65,2.34,P4,균형형 전환,False,28082.0,2036,9270.0,136.732288,56703.733,56703.733,64290.432,414.706243,136.732288,172.938015,80590.606,71718.474,79305.173,15014.741,8885.486,13.355,-0.0,155.026438,18.29415,158.126061,21.393774,0.0,0.0,0.0,0.0,0.0,414.706243,64290.432,15.198684,27.196557,13622.944,2011.581,7434.74,56671.154,717.272,-15014.741,-8785.138,45.923,100,True,127.569067
POSCO_KR,POSCO,KR,34.537,69.84605,ACCELERATED_15C,DISCLOSED_PATH,PORT-A7B7FDCF1108,CAND-16671384F832DB,P4,PORT-A7B7FDCF1108,414.706243,51046.418,123.090546,True,True,,0.0,2.0275124185786808e-05,True,True,True,True,,0.0,0.0,0.0,3,3,0.49715238399999995,0.65,2.34,P4,균형형 전환,False,28082.0,2036,9270.0,123.93938,51398.435,51398.435,58998.667,414.706243,123.93938,176.596539,85853.774,73235.687,80835.92,21837.252,12670.84,52.753,0.0,142.266166,18.326786,154.365947,30.426567,0.0,0.0,0.0,0.0,0.0,414.706243,58998.667,13.947675,24.958001,13622.944,2011.581,8250.664,61170.237,765.32,-21837.252,-12571.512,-13.545,100,True,105.29814
POSCO_KR,POSCO,KR,34.537,69.84605,DISCLOSED_PATH,DISCLOSED_PATH,PORT-F7156CC53AF8,CAND-16DADA55DF87CF,P2,PORT-F7156CC53AF8,353.711217,42804.775,121.016165,True,False,,0.0,2.0275124185786808e-05,False,False,True,True,2029,0.0,0.04299987899999996,0.0,3,3,0.43582950399999987,0.65,1.86,P2,지연·부분헤지,False,24580.0,2035,9270.0,121.987691,43148.414,43148.414,52123.957,353.711217,121.987691,158.205566,59271.302,55959.083,64934.625,12810.669,3295.978,-16.241,-0.0,147.36303,25.375339,131.351881,9.36419,0.0,0.0,0.0,0.0,0.0,353.711217,52123.957,12.322448,22.049816,12527.507,1589.724,6600.202,38784.097,71.592,-12810.669,-3539.914,-74.125,100,True,112.82447
POSCO_KR,POSCO,KR,34.537,69.84605,ACCELERATED_15C,DISCLOSED_PATH,PORT-F7156CC53AF8,CAND-16DADA55DF87CF,P2,PORT-F7156CC53AF8,353.711217,39482.311,111.623012,False,False,2040,1.029748835000003,-1.029748835000003,True,True,True,True,,0.0,0.0,0.0,3,3,0.43582950399999987,0.65,1.86,P2,지연·부분헤지,False,24580.0,2035,9270.0,112.522323,39800.408,39800.408,49452.839,353.711217,112.522323,165.365585,63075.275,58491.662,68144.094,18691.255,4577.337,-6.276,0.0,139.81134,27.289017,125.480952,12.958629,0.0,0.0,0.0,0.0,0.0,353.711217,49452.839,11.690979,20.919862,12527.507,1589.724,7396.42,41884.824,75.798,-18691.255,-4914.357,-68.253,100,True,93.881083
POSCO_KR,POSCO,KR,34.537,69.84605,DISCLOSED_PATH,DISCLOSED_PATH,PORT-0EE037EBD6C8,CAND-19A0EC6A18A011,P1,PORT-0EE037EBD6C8,387.333846,43559.568,112.460009,True,False,,0.0,2.0275124185786808e-05,False,False,True,True,2029,0.0,0.04299987899999996,0.0,3,3,0.435829504,0.65,1.8599999999999999,P1,지연·현물조달,False,23681.0,2035,9270.0,113.78528,44072.89,44072.89,54247.089,387.333846,113.78528,150.09835,60655.914,58138.171,68312.37,14065.281,2297.39,-220.353,0.0,140.052541,26.267262,120.285469,6.500189,0.0,0.0,0.0,0.0,0.0,387.333846,54247.089,12.824371,22.947957,13862.904,1668.735,7273.863,38181.287,0.0,-14065.281,-2808.682,-39.936,100,True,104.622059
POSCO_KR,POSCO,KR,34.537,69.84605,ACCELERATED_15C,DISCLOSED_PATH,PORT-0EE037EBD6C8,CAND-19A0EC6A18A011,P1,PORT-0EE037EBD6C8,387.333846,40252.571,103.922164,False,False,2040,4.949092600000004,-4.949092600000004,True,True,True,True,,0.0,0.0,0.0,3,3,0.435829504,0.65,1.8599999999999999,P1,지연·현물조달,False,23681.0,2035,9270.0,105.02307,40678.99,40678.99,51882.519,387.333846,105.02307,157.924336,64477.865,61169.44,72372.97,20490.451,3126.087,-182.337,0.0,133.947806,28.924736,113.564602,8.541532,0.0,0.0,0.0,0.0,0.0,387.333846,51882.519,12.265371,21.947681,10966.706,1668.735,8648.922,42919.663,0.0,-20490.451,-3036.184,1.599,100,True,86.38183
POSCO_KR,POSCO,KR,34.537,69.84605,DISCLOSED_PATH,DISCLOSED_PATH,PORT-15CB4F8207C5,CAND-1F4761E26DC6B1,P2,PORT-15CB4F8207C5,312.214267,42315.721,135.534232,True,True,,0.0,2.0275124185786808e-05,True,True,True,True,,0.0,0.0,0.0,3,3,0.49715238399999995,0.65,2.34,P2,지연·부분헤지,False,27562.0,2037,9270.0,138.530526,43251.207,43251.207,53458.618,312.214267,138.530526,174.75215,57987.212,54560.114,64767.526,11308.908,3614.252,187.154,-0.0,171.224136,32.69361,149.507275,10.976749,0.0,0.0,0.0,0.0,0.0,312.214267,53458.618,12.637971,22.614413,13737.72,1461.166,5032.541,37471.69,70.128,-11308.908,-3891.55,678.418,100,True,129.367305
POSCO_KR,POSCO,KR,34.537,69.84605,ACCELERATED_15C,DISCLOSED_PATH,PORT-15CB4F8207C5,CAND-1F4761E26DC6B1,P2,PORT-15CB4F8207C5,312.214267,39702.272,127.163541,False,False,2030,5.470451711490618,-5.470451711490618,True,True,True,True,,0.0,0.0,0.0,3,3,0.49715238399999995,0.65,2.34,P2,지연·부분헤지,False,27562.0,2037,9270.0,130.229302,40659.446,40659.446,51423.669,312.214267,130.229302,183.465316,62304.04,57280.489,68044.712,16621.043,5031.005,7.455,-0.0,164.70634,34.477038,146.319376,16.090075,0.0,0.0,0.0,0.0,0.0,312.214267,51423.669,12.156896,21.753576,10972.506,1461.166,6018.465,44277.59,74.51,-16621.043,-4702.292,-821.456,100,True,111.588062
NIPPON_STEEL_JP,Nippon Steel,JP,34.3,72.6,DISCLOSED_PATH,DISCLOSED_PATH,PORT-6742936593A9,CAND-7400D0EA735D98,P3,PORT-6742936593A9,454.753949,36270.549,79.758623,True,True,,0.0,3.446647212967946e-06,True,True,True,True,,0.0,0.0,0.0,2,2,0.47641018879999986,0.65,2.16,P3,균형형 라이트헤지,False,29348.0,2034,8019.0,81.809028,37202.979,37202.979,45258.672,454.753949,81.809028,116.81851,58753.711,53123.679,61179.372,15920.7,5698.811,68.779,0.0,99.523428,17.7144,94.189421,12.380393,0.0,0.0,0.0,0.0,0.0,454.753949,45258.672,4.604316,8.432329,14377.841,1232.202,15919.127,27216.102,242.595,-15920.7,-5950.05,85.862,100,True,59.248689
NIPPON_STEEL_JP,Nippon Steel,JP,34.3,72.6,ACCELERATED_15C,DISCLOSED_PATH,PORT-6742936593A9,CAND-7400D0EA735D98,P3,PORT-6742936593A9,454.753949,31092.014,68.371069,True,True,,0.0,3.446647212967946e-06,True,True,True,True,,0.0,0.0,0.0,2,2,0.47641018879999986,0.65,2.16,P3,균형형 라이트헤지,False,29348.0,2034,8019.0,70.197146,31922.43,31922.43,40445.105,454.753949,70.197146,121.856141,63190.612,55414.561,63937.237,23492.132,7547.113,-228.939,0.0,88.938437,18.741291,87.296616,17.099469,0.0,0.0,0.0,0.0,0.0,454.753949,40445.105,4.114615,7.535494,14377.841,1232.202,17556.48,29768.104,259.354,-23492.132,-7793.385,13.966,100,True,36.61087
NIPPON_STEEL_JP,Nippon Steel,JP,34.3,72.6,DISCLOSED_PATH,DISCLOSED_PATH,PORT-6742936593A9,CAND-F6184286A4322F,P2,PORT-6742936593A9,454.753949,37375.086,82.187491,True,True,,0.0,3.446647212967946e-06,True,True,True,True,,0.0,0.0,0.0,2,2,0.47641018879999986,0.65,2.16,P2,지연·부분헤지,False,29348.0,2034,8019.0,84.765741,38547.555,38547.555,48630.311,454.753949,84.765741,119.775222,58744.771,54468.255,64551.011,15920.7,4487.601,211.085,0.0,106.937632,22.171892,94.169761,9.404021,0.0,0.0,0.0,0.0,0.0,454.753949,48630.311,4.947324,9.060513,14666.519,1232.202,15970.177,27159.863,77.272,-15920.7,-4759.668,121.891,100,True,62.205402
NIPPON_STEEL_JP,Nippon Steel,JP,34.3,72.6,ACCELERATED_15C,DISCLOSED_PATH,PORT-6742936593A9,CAND-F6184286A4322F,P2,PORT-6742936593A9,454.753949,32776.213,72.074609,True,True,,0.0,3.446647212967946e-06,True,True,True,True,,0.0,0.0,0.0,2,2,0.47641018879999986,0.65,2.16,P2,지연·부분헤지,False,29348.0,2034,8019.0,74.302234,33789.234,33789.234,44645.351,454.753949,74.302234,125.961228,63277.844,57281.366,68137.482,23492.132,5718.877,-277.601,-0.0,98.17474,23.872506,87.488437,13.186203,0.0,0.0,0.0,0.0,0.0,454.753949,44645.351,4.54192,8.318059,14666.519,1232.202,17613.149,29715.157,82.225,-23492.132,-6041.493,13.608,100,True,40.715958
NIPPON_STEEL_JP,Nippon Steel,JP,34.3,72.6,DISCLOSED_PATH,DISCLOSED_PATH,PORT-6742936593A9,CAND-18F73BD54A9F34,P1,PORT-6742936593A9,454.753949,38138.549,83.866339,True,True,,0.0,3.446647212967946e-06,True,True,True,True,,0.0,0.0,0.0,2,2,0.47641018879999986,0.65,2.16,P1,지연·현물조달,False,29348.0,2034,8019.0,86.760243,39454.563,39454.563,51162.764,454.753949,86.760243,121.769725,58874.641,55375.263,67083.464,15920.7,3672.044,172.665,0.0,112.506475,25.746232,94.455346,7.695103,0.0,0.0,0.0,0.0,0.0,454.753949,51162.764,5.204958,9.532345,14858.971,1232.202,16021.227,27122.37,0.0,-15920.7,-3968.817,109.311,100,True,64.199904
NIPPON_STEEL_JP,Nippon Steel,JP,34.3,72.6,ACCELERATED_15C,DISCLOSED_PATH,PORT-6742936593A9,CAND-18F73BD54A9F34,P1,PORT-6742936593A9,454.753949,33926.565,74.604223,True,True,,0.0,3.446647212967946e-06,True,True,True,True,,0.0,0.0,0.0,2,2,0.47641018879999986,0.65,2.16,P1,지연·현물조달,False,29348.0,2034,8019.0,77.077682,35051.38,35051.38,47785.421,454.753949,77.077682,128.736676,63389.72,58543.512,71277.552,23492.132,4504.991,-341.217,0.0,105.079727,28.002045,87.734452,10.65677,0.0,0.0,0.0,0.0,0.0,454.753949,47785.421,4.86137,8.903098,14858.971,1232.202,17669.817,29679.859,0.0,-23492.132,-4881.149,-16.189,100,True,43.491406
NIPPON_STEEL_JP,Nippon Steel,JP,34.3,72.6,DISCLOSED_PATH,DISCLOSED_PATH,PORT-9E76B3BFF9FF,CAND-EBD30C485CEFDA,P2,PORT-9E76B3BFF9FF,456.103943,40161.86,88.054182,True,True,,0.0,3.446647212967946e-06,True,True,True,True,,0.0,0.0,0.0,2,2,0.47641018879999986,0.65,2.16,P2,지연·부분헤지,False,28936.6,2032,6930.0,90.210649,41145.433,41145.433,51044.185,456.103943,90.210649,125.222199,61793.079,57114.339,67013.091,15968.906,4531.021,-147.719,0.0,111.913492,21.702843,100.468706,10.258057,0.0,0.0,0.0,0.0,0.0,456.103943,51044.185,5.192895,9.510252,13491.673,1264.395,16312.41,30486.983,80.025,-15968.906,-4510.738,-10.409,100,True,67.65031
NIPPON_STEEL_JP,Nippon Steel,JP,34.3,72.6,ACCELERATED_15C,DISCLOSED_PATH,PORT-9E76B3BFF9FF,CAND-EBD30C485CEFDA,P2,PORT-9E76B3BFF9FF,456.103943,35619.4,78.094918,True,True,,0.0,3.446647212967946e-06,True,True,True,True,,0.0,0.0,0.0,2,2,0.47641018879999986,0.65,2.16,P2,지연·부분헤지,False,28936.6,2032,6930.0,79.983949,36480.995,36480.995,47303.668,456.103943,79.983949,131.637358,66097.68,60040.318,70862.991,23559.323,5790.738,-266.624,0.0,103.712474,23.728525,93.264611,13.280662,0.0,0.0,0.0,0.0,0.0,456.103943,47303.668,4.81236,8.813341,13809.17,1264.395,17215.998,33587.805,85.094,-23559.323,-5900.006,-22.139,100,True,46.397673
NIPPON_STEEL_JP,Nippon Steel,JP,34.3,72.6,DISCLOSED_PATH,DISCLOSED_PATH,PORT-9E76B3BFF9FF,CAND-C1AAA9A0078119,P1,PORT-9E76B3BFF9FF,456.103943,41012.769,89.919787,True,True,,0.0,3.446647212967946e-06,True,True,True,True,,0.0,0.0,0.0,2,2,0.47641018879999986,0.65,2.16,P1,지연·현물조달,False,28936.6,2032,6930.0,92.441924,42163.126,42163.126,53671.965,456.103943,92.441924,127.453474,61887.072,58132.032,69640.871,15968.906,3597.687,-157.353,-0.0,117.674855,25.23293,100.674785,8.232861,0.0,0.0,0.0,0.0,0.0,456.103943,53671.965,5.460228,9.999844,13903.371,1264.395,15643.06,30984.008,0.0,-15968.906,-3690.914,28.112,100,True,69.881585
NIPPON_STEEL_JP,Nippon Steel,JP,34.3,72.6,ACCELERATED_15C,DISCLOSED_PATH,PORT-9E76B3BFF9FF,CAND-C1AAA9A0078119,P1,PORT-9E76B3BFF9FF,456.103943,36907.411,80.918861,True,True,,0.0,3.446647212967946e-06,True,True,True,True,,0.0,0.0,0.0,2,2,0.47641018879999986,0.65,2.16,P1,지연·현물조달,False,28936.6,2032,6930.0,83.152046,37925.976,37925.976,50658.536,456.103943,83.152046,134.805454,66179.183,61485.299,74217.859,23559.323,4408.52,-285.364,-0.0,111.067963,27.915917,93.443304,10.291258,0.0,0.0,0.0,0.0,0.0,456.103943,50658.536,5.153662,9.4384,13903.371,1264.395,17218.981,33632.649,0.0,-23559.323,-4529.463,-4.633,100,True,49.56577
NIPPON_STEEL_JP,Nippon Steel,JP,34.3,72.6,DISCLOSED_PATH,DISCLOSED_PATH,PORT-00B029BF7478,CAND-EF9F86F64A1C2A,P3,PORT-00B029BF7478,459.478949,42624.951,92.768018,True,True,,0.0,3.446647212967946e-06,True,True,True,True,,0.0,0.0,0.0,2,2,0.5333221247999997,0.65,2.6399999999999997,P3,균형형 라이트헤지,False,32153.0,2034,8019.0,95.076541,43685.669,43685.669,52813.757,459.478949,95.076541,130.082253,66094.532,59770.057,68898.145,16084.388,6581.088,256.613,-0.0,114.942714,19.866173,108.840991,13.76445,0.0,0.0,0.0,0.0,0.0,459.478949,52813.757,5.37292,9.839948,16752.567,1294.782,15043.017,33295.803,271.931,-16084.388,-6997.365,109.322,100,True,72.516202
NIPPON_STEEL_JP,Nippon Steel,JP,34.3,72.6,ACCELERATED_15C,DISCLOSED_PATH,PORT-00B029BF7478,CAND-EF9F86F64A1C2A,P3,PORT-00B029BF7478,459.478949,37612.255,81.858493,True,True,,0.0,3.446647212967946e-06,True,True,True,True,,0.0,0.0,0.0,2,2,0.5333221247999997,0.65,2.6399999999999997,P3,균형형 라이트헤지,False,32153.0,2034,8019.0,84.015914,38603.544,38603.544,48346.36,459.478949,84.015914,135.676916,71042.067,62340.687,72083.503,23737.143,8762.355,60.974,-0.0,105.219968,21.204053,102.953409,18.937495,0.0,0.0,0.0,0.0,0.0,459.478949,48346.36,4.918436,9.007609,16067.887,1294.782,17337.16,36808.999,290.94,-23737.143,-9188.005,-271.076,100,True,50.429638
NIPPON_STEEL_JP,Nippon Steel,JP,34.3,72.6,DISCLOSED_PATH,DISCLOSED_PATH,PORT-00B029BF7478,CAND-BCE0067D428D60,P2,PORT-00B029BF7478,459.478949,43972.256,95.700264,True,True,,0.0,3.446647212967946e-06,True,True,True,True,,0.0,0.0,0.0,2,2,0.5333221247999997,0.65,2.6399999999999997,P2,지연·부분헤지,False,32153.0,2034,8019.0,98.582403,45296.539,45296.539,56775.907,459.478949,98.582403,133.588115,66089.301,61380.927,72860.294,16084.388,5095.093,386.719,0.0,123.565849,24.983446,108.829607,10.247204,0.0,0.0,0.0,0.0,0.0,459.478949,56775.907,5.776002,10.578153,13210.888,1294.782,16642.281,34942.212,85.879,-16084.388,-4628.106,-167.01,100,True,76.022064
NIPPON_STEEL_JP,Nippon Steel,JP,34.3,72.6,ACCELERATED_15C,DISCLOSED_PATH,PORT-00B029BF7478,CAND-BCE0067D428D60,P2,PORT-00B029BF7478,459.478949,39677.474,86.353193,True,True,,0.0,3.446647212967946e-06,True,True,True,True,,0.0,0.0,0.0,2,2,0.5333221247999997,0.65,2.6399999999999997,P2,지연·부분헤지,False,32153.0,2034,8019.0,89.003343,40895.162,40895.162,53356.071,459.478949,89.003343,140.664344,71017.685,64632.305,77093.214,23737.143,6537.454,152.074,0.0,116.122995,27.119652,102.900345,13.897002,0.0,0.0,0.0,0.0,0.0,459.478949,53356.071,5.428091,9.940989,16423.854,1294.782,17391.256,36821.413,91.425,-23737.143,-7037.506,-352.919,100,True,55.417067
NIPPON_STEEL_JP,Nippon Steel,JP,34.3,72.6,DISCLOSED_PATH,DISCLOSED_PATH,PORT-00B029BF7478,CAND-F940A5016FE44E,P1,PORT-00B029BF7478,459.478949,44901.773,97.723243,True,True,,0.0,3.446647212967946e-06,True,True,True,True,,0.0,0.0,0.0,2,2,0.5333221247999997,0.65,2.6399999999999997,P1,지연·현물조달,False,32153.0,2034,8019.0,101.040965,46426.196,46426.196,59706.232,459.478949,101.040965,136.046677,66124.881,62510.584,75790.62,16084.388,4112.348,498.051,-0.0,129.943346,28.902381,108.907042,7.866077,0.0,0.0,0.0,0.0,0.0,459.478949,59706.232,6.074114,11.124114,17609.182,1294.782,14848.397,33200.096,0.0,-16084.388,-4708.92,267.046,100,True,78.480626
NIPPON_STEEL_JP,Nippon Steel,JP,34.3,72.6,ACCELERATED_15C,DISCLOSED_PATH,PORT-00B029BF7478,CAND-F940A5016FE44E,P1,PORT-00B029BF7478,459.478949,41085.871,89.418396,True,True,,0.0,3.446647212967946e-06,True,True,True,True,,0.0,0.0,0.0,2,2,0.5333221247999997,0.65,2.6399999999999997,P1,지연·현물조달,False,32153.0,2034,8019.0,92.378598,42446.021,42446.021,57070.129,459.478949,92.378598,144.039599,71183.669,66183.164,80807.271,23737.143,5079.376,78.871,0.0,124.206188,31.82759,103.261589,10.88299,0.0,0.0,0.0,0.0,0.0,459.478949,57070.129,5.805934,10.63297,16661.165,1294.782,17445.352,36829.69,0.0,-23737.143,-5607.327,-440.498,100,True,58.792322
NIPPON_STEEL_JP,Nippon Steel,JP,34.3,72.6,DISCLOSED_PATH,DISCLOSED_PATH,PORT-05EE518306D9,CAND-1F99EBB5AE8665,P3,PORT-05EE518306D9,460.828943,45283.626,98.265585,True,True,,0.0,3.446647212967946e-06,True,True,True,True,,0.0,0.0,0.0,2,2,0.5333221247999997,0.65,2.6399999999999997,P3,균형형 라이트헤지,False,31741.6,2038,7425.0,100.322538,46231.529,46231.529,54599.92,460.828943,100.322538,135.330309,69403.998,62364.123,70732.514,16132.594,6773.793,-266.082,0.0,118.481968,18.159429,115.599085,15.276547,0.0,0.0,0.0,0.0,0.0,460.828943,54599.92,5.554632,10.172736,15914.311,1326.975,15640.667,36455.944,282.513,-16132.594,-7102.387,-153.9,100,True,77.762199
NIPPON_STEEL_JP,Nippon Steel,JP,34.3,72.6,ACCELERATED_15C,DISCLOSED_PATH,PORT-05EE518306D9,CAND-1F99EBB5AE8665,P3,PORT-05EE518306D9,460.828943,40251.786,87.346479,True,True,,0.0,3.446647212967946e-06,True,True,True,True,,0.0,0.0,0.0,2,2,0.5333221247999997,0.65,2.6399999999999997,P3,균형형 라이트헤지,False,31741.6,2038,7425.0,89.272804,41139.492,41139.492,49967.94,460.828943,89.272804,140.92827,74214.913,64943.826,73772.274,23804.334,9066.759,-204.328,0.0,108.430559,19.157756,109.391086,20.118283,0.0,0.0,0.0,0.0,0.0,460.828943,49967.94,5.083405,9.309732,15914.311,1326.975,17248.509,39801.852,301.965,-23804.334,-9460.175,-189.611,100,True,55.686528
NIPPON_STEEL_JP,Nippon Steel,JP,34.3,72.6,DISCLOSED_PATH,DISCLOSED_PATH,PORT-05EE518306D9,CAND-7BA4793B4CD2AC,P2,PORT-05EE518306D9,460.828943,46759.03,101.467217,True,True,,0.0,3.446647212967946e-06,True,True,True,True,,0.0,0.0,0.0,2,2,0.5333221247999997,0.65,2.6399999999999997,P2,지연·부분헤지,False,31741.6,2038,7425.0,104.01757,47934.307,47934.307,58439.735,460.828943,104.01757,139.025341,69518.002,64066.901,74572.328,16132.594,5174.811,-276.289,0.0,126.814376,22.796805,115.846473,11.828903,0.0,0.0,0.0,0.0,0.0,460.828943,58439.735,5.945269,10.888147,15795.641,1326.975,15450.751,36571.934,88.632,-16132.594,-5359.49,192.458,100,True,81.457231
NIPPON_STEEL_JP,Nippon Steel,JP,34.3,72.6,ACCELERATED_15C,DISCLOSED_PATH,PORT-05EE518306D9,CAND-7BA4793B4CD2AC,P2,PORT-05EE518306D9,460.828943,42520.661,92.269944,True,True,,0.0,3.446647212967946e-06,True,True,True,True,,0.0,0.0,0.0,2,2,0.5333221247999997,0.65,2.6399999999999997,P2,지연·부분헤지,False,31741.6,2038,7425.0,94.665941,43624.805,43624.805,54958.838,460.828943,94.665941,146.321408,74287.437,67429.14,78763.172,23804.334,6627.275,-231.022,-0.0,119.260821,24.594881,109.548463,14.882523,0.0,0.0,0.0,0.0,0.0,460.828943,54958.838,5.591146,10.239607,16251.299,1326.975,17303.523,39782.564,94.294,-23804.334,-7099.685,-229.83,100,True,61.079665
NIPPON_STEEL_JP,Nippon Steel,JP,34.3,72.6,DISCLOSED_PATH,DISCLOSED_PATH,PORT-5DE4D9A04480,CAND-C51D410B54BFD5,P3,PORT-5DE4D9A04480,461.703943,46880.712,101.538471,True,True,,0.0,3.446647212967946e-06,True,True,True,True,,0.0,0.0,0.0,2,2,0.47641018879999986,0.65,2.16,P3,균형형 라이트헤지,False,29609.8,2034,8019.0,104.008618,48021.189,48021.189,57277.117,461.703943,104.008618,139.024175,71088.575,64188.01,73443.938,16166.82,6716.231,-184.334,0.0,124.055941,20.047323,118.954484,14.945866,0.0,0.0,0.0,0.0,0.0,461.703943,57277.117,5.826992,10.671535,16435.617,1353.028,14885.645,38743.884,286.916,-16166.82,-7307.485,-209.596,100,True,81.448279
NIPPON_STEEL_JP,Nippon Steel,JP,34.3,72.6,ACCELERATED_15C,DISCLOSED_PATH,PORT-5DE4D9A04480,CAND-C51D410B54BFD5,P3,PORT-5DE4D9A04480,461.703943,41879.213,90.705772,True,True,,0.0,3.446647212967946e-06,True,True,True,True,,0.0,0.0,0.0,2,2,0.47641018879999986,0.65,2.16,P3,균형형 라이트헤지,False,29609.8,2034,8019.0,93.059581,42965.976,42965.976,52778.278,461.703943,93.059581,144.721549,76149.646,66818.51,76630.812,23852.534,9041.821,-289.315,0.0,114.31195,21.252368,113.269796,20.210215,0.0,0.0,0.0,0.0,0.0,461.703943,52778.278,5.36931,9.833338,16435.617,1353.028,16423.166,42029.144,306.624,-23852.534,-9740.892,11.823,100,True,59.473305
NIPPON_STEEL_JP,Nippon Steel,JP,34.3,72.6,DISCLOSED_PATH,DISCLOSED_PATH,PORT-05EE518306D9,CAND-CA2E4138D9BC07,P1,PORT-05EE518306D9,460.828943,47775.994,103.67403,True,True,,0.0,3.446647212967946e-06,True,True,True,True,,0.0,0.0,0.0,2,2,0.5333221247999997,0.65,2.6399999999999997,P1,지연·현물조달,False,31741.6,2038,7425.0,106.580423,49115.344,49115.344,61247.059,460.828943,106.580423,141.588193,69613.956,65247.937,77379.652,16132.594,4053.976,-312.043,-0.0,132.906276,26.325853,116.054695,9.474272,0.0,0.0,0.0,0.0,0.0,460.828943,61247.059,6.230867,11.411191,16475.957,1326.975,15739.954,36404.465,0.0,-16132.594,-4472.936,-226.477,100,True,84.020084
NIPPON_STEEL_JP,Nippon Steel,JP,34.3,72.6,ACCELERATED_15C,DISCLOSED_PATH,PORT-05EE518306D9,CAND-CA2E4138D9BC07,P1,PORT-05EE518306D9,460.828943,44066.717,95.624891,True,True,,0.0,3.446647212967946e-06,True,True,True,True,,0.0,0.0,0.0,2,2,0.5333221247999997,0.65,2.6399999999999997,P1,지연·현물조달,False,31741.6,2038,7425.0,98.363844,45328.906,45328.906,58633.577,460.828943,98.363844,150.019311,74364.689,69133.241,82437.911,23804.334,4999.797,-231.651,-0.0,127.235014,28.87117,109.7161,11.352256,0.0,0.0,0.0,0.0,0.0,460.828943,58633.577,5.964989,10.924263,16475.957,1326.975,17358.536,39769.705,0.0,-23804.334,-5532.699,-265.234,100,True,64.777568
NIPPON_STEEL_JP,Nippon Steel,JP,34.3,72.6,DISCLOSED_PATH,DISCLOSED_PATH,PORT-5DE4D9A04480,CAND-33480771F67BD6,P2,PORT-5DE4D9A04480,461.703943,48461.555,104.962402,True,True,,0.0,3.446647212967946e-06,True,True,True,True,,0.0,0.0,0.0,2,2,0.47641018879999986,0.65,2.16,P2,지연·부분헤지,False,29609.8,2034,8019.0,108.007521,49867.498,49867.498,61487.369,461.703943,108.007521,143.023077,71213.043,66034.319,77654.189,16166.82,4997.954,-180.77,0.0,133.174884,25.167363,119.224068,11.216547,0.0,0.0,0.0,0.0,0.0,461.703943,61487.369,6.255315,11.455964,17085.575,1353.028,14788.599,38685.052,89.284,-16166.82,-5724.247,-242.973,100,True,85.447182
NIPPON_STEEL_JP,Nippon Steel,JP,34.3,72.6,ACCELERATED_15C,DISCLOSED_PATH,PORT-5DE4D9A04480,CAND-33480771F67BD6,P2,PORT-5DE4D9A04480,461.703943,44313.955,95.979155,True,True,,0.0,3.446647212967946e-06,True,True,True,True,,0.0,0.0,0.0,2,2,0.47641018879999986,0.65,2.16,P2,지연·부분헤지,False,29609.8,2034,8019.0,98.9142,45669.076,45669.076,58190.381,461.703943,98.9142,150.576168,76266.27,69521.611,82042.915,23852.534,6473.582,-271.078,-0.0,126.03397,27.11977,113.522392,14.608191,0.0,0.0,0.0,0.0,0.0,461.703943,58190.381,5.919901,10.841689,17085.575,1353.028,16317.046,41955.462,95.013,-23852.534,-7339.915,55.401,100,True,65.327924
NIPPON_STEEL_JP,Nippon Steel,JP,34.3,72.6,DISCLOSED_PATH,DISCLOSED_PATH,PORT-5DE4D9A04480,CAND-1D35A6D7D808A4,P1,PORT-5DE4D9A04480,461.703943,49550.401,107.320723,True,True,,0.0,3.446647212967946e-06,True,True,True,True,,0.0,0.0,0.0,2,2,0.47641018879999986,0.65,2.16,P1,지연·현물조달,False,29609.8,2034,8019.0,110.7615,51139.021,51139.021,64621.154,461.703943,110.7615,145.777056,71367.245,67305.842,80787.975,16166.82,3829.413,-231.99,0.0,139.962318,29.200818,119.558052,8.796553,0.0,0.0,0.0,0.0,0.0,461.703943,64621.154,6.574125,12.039833,17518.881,1353.028,14691.554,38645.831,0.0,-16166.82,-4680.767,-222.685,100,True,88.201161
NIPPON_STEEL_JP,Nippon Steel,JP,34.3,72.6,ACCELERATED_15C,DISCLOSED_PATH,PORT-5DE4D9A04480,CAND-1D35A6D7D808A4,P1,PORT-5DE4D9A04480,461.703943,45971.96,99.570214,True,True,,0.0,3.446647212967946e-06,True,True,True,True,,0.0,0.0,0.0,2,2,0.47641018879999986,0.65,2.16,P1,지연·현물조달,False,29609.8,2034,8019.0,102.886484,47503.095,47503.095,62199.336,461.703943,102.886484,154.548451,76407.215,71355.629,86051.87,23852.534,4709.227,-342.359,0.0,134.716925,31.830442,113.827662,10.941179,0.0,0.0,0.0,0.0,0.0,461.703943,62199.336,6.327746,11.588614,17518.881,1353.028,16210.926,41906.341,0.0,-23852.534,-5757.409,123.863,100,True,69.300208
NIPPON_STEEL_JP,Nippon Steel,JP,34.3,72.6,DISCLOSED_PATH,DISCLOSED_PATH,PORT-7F141003EFD9,CAND-3DE8D6197F9834,P3,PORT-7F141003EFD9,466.428943,53235.115,114.133387,True,True,,0.0,3.446647212967946e-06,True,True,True,True,,0.0,0.0,0.0,2,2,0.5333221247999997,0.65,2.6399999999999997,P3,균형형 라이트헤지,False,32414.8,2034,8019.0,117.006962,54575.433,54575.433,64243.118,466.428943,117.006962,152.018743,78784.113,70905.942,80573.626,16330.508,7593.762,-284.409,0.0,137.733986,20.727025,133.897361,16.890399,0.0,0.0,0.0,0.0,0.0,466.428943,64243.118,6.535666,11.969399,17809.381,1415.609,14706.234,44716.536,316.253,-16330.508,-8163.15,105.08,100,True,94.446623
NIPPON_STEEL_JP,Nippon Steel,JP,34.3,72.6,ACCELERATED_15C,DISCLOSED_PATH,PORT-7F141003EFD9,CAND-3DE8D6197F9834,P3,PORT-7F141003EFD9,466.428943,48399.453,103.765973,True,True,,0.0,3.446647212967946e-06,True,True,True,True,,0.0,0.0,0.0,2,2,0.5333221247999997,0.65,2.6399999999999997,P3,균형형 라이트헤지,False,32414.8,2034,8019.0,106.553039,49699.421,49699.421,59963.516,466.428943,106.553039,158.216954,84431.526,73796.967,84061.062,24097.545,10352.086,-282.473,-0.0,128.558738,22.005699,129.352996,22.799957,0.0,0.0,0.0,0.0,0.0,466.428943,59963.516,6.100288,11.172049,17809.381,1415.609,16220.745,48611.57,338.211,-24097.545,-10947.745,349.197,100,True,72.966763
NIPPON_STEEL_JP,Nippon Steel,JP,34.3,72.6,DISCLOSED_PATH,DISCLOSED_PATH,PORT-7F141003EFD9,CAND-C4C9319CE1829D,P2,PORT-7F141003EFD9,466.428943,55058.726,118.043115,True,True,,0.0,3.446647212967946e-06,True,True,True,True,,0.0,0.0,0.0,2,2,0.5333221247999997,0.65,2.6399999999999997,P2,지연·부분헤지,False,32414.8,2034,8019.0,121.609077,56721.993,56721.993,68897.215,466.428943,121.609077,156.620858,78942.878,73052.501,85227.723,16330.508,5632.3,-258.076,0.0,147.712135,26.103058,134.237745,12.628668,0.0,0.0,0.0,0.0,0.0,466.428943,68897.215,7.009143,12.836523,14974.356,1415.609,15372.583,46842.16,97.891,-16330.508,-5489.789,-160.309,100,True,99.048738
NIPPON_STEEL_JP,Nippon Steel,JP,34.3,72.6,ACCELERATED_15C,DISCLOSED_PATH,PORT-7F141003EFD9,CAND-C4C9319CE1829D,P2,PORT-7F141003EFD9,466.428943,51215.216,109.802825,True,True,,0.0,3.446647212967946e-06,True,True,True,True,,0.0,0.0,0.0,2,2,0.5333221247999997,0.65,2.6399999999999997,P2,지연·부분헤지,False,32414.8,2034,8019.0,113.303729,52848.139,52848.139,66064.522,466.428943,113.303729,164.967644,84605.549,76945.684,90162.067,24097.545,7318.281,-341.584,0.0,141.638985,28.335256,129.726091,16.422362,0.0,0.0,0.0,0.0,0.0,466.428943,66064.522,6.720964,12.308753,18453.639,1415.609,16115.674,48511.555,104.213,-24097.545,-8150.069,495.062,100,True,79.717453
NIPPON_STEEL_JP,Nippon Steel,JP,34.3,72.6,DISCLOSED_PATH,DISCLOSED_PATH,PORT-93BA44A86FDE,CAND-D862A4AE5F72FA,P3,PORT-93BA44A86FDE,468.703944,56196.179,119.896962,True,True,,0.0,3.446647212967946e-06,True,True,True,True,,0.0,0.0,0.0,2,2,0.5333221247999999,0.65,2.6399999999999997,P3,균형형 라이트헤지,False,31966.0,2034,8019.0,122.608091,57466.896,57466.896,68254.817,468.703944,122.608091,157.622383,81966.162,73878.233,84666.154,16411.337,7816.204,-271.726,0.0,145.624585,23.016494,139.864037,17.255946,0.0,0.0,0.0,0.0,0.0,468.703944,68254.817,6.94379,12.716836,16358.382,1451.027,15278.829,48442.223,328.09,-16411.337,-8108.122,127.804,100,True,100.047752
NIPPON_STEEL_JP,Nippon Steel,JP,34.3,72.6,ACCELERATED_15C,DISCLOSED_PATH,PORT-93BA44A86FDE,CAND-D862A4AE5F72FA,P3,PORT-93BA44A86FDE,468.703944,51476.554,109.82744,True,True,,0.0,3.446647212967946e-06,True,True,True,True,,0.0,0.0,0.0,2,2,0.5333221247999999,0.65,2.6399999999999997,P3,균형형 라이트헤지,False,31966.0,2034,8019.0,112.543629,52749.643,52749.643,64040.818,468.703944,112.543629,164.213025,87862.761,76967.293,88258.468,24217.65,10661.541,-233.928,-0.0,136.633836,24.090207,135.789579,23.245951,0.0,0.0,0.0,0.0,0.0,468.703944,64040.818,6.515086,11.931708,16358.382,1451.027,16849.286,52787.061,351.084,-24217.65,-10973.917,144.37,100,True,78.957353
NIPPON_STEEL_JP,Nippon Steel,JP,34.3,72.6,DISCLOSED_PATH,DISCLOSED_PATH,PORT-7F141003EFD9,CAND-7F68777647A3B1,P1,PORT-7F141003EFD9,466.428943,56313.625,120.733557,True,True,,0.0,3.446647212967946e-06,True,True,True,True,,0.0,0.0,0.0,2,2,0.5333221247999997,0.65,2.6399999999999997,P1,지연·현물조달,False,32414.8,2034,8019.0,124.752102,58187.991,58187.991,72358.558,466.428943,124.752102,159.763884,79088.748,74518.499,88689.066,16330.508,4252.945,-317.304,0.0,155.133079,30.380977,134.550483,9.798381,0.0,0.0,0.0,0.0,0.0,466.428943,72358.558,7.361277,13.48142,18883.144,1415.609,14514.009,44580.826,0.0,-16330.508,-5106.096,231.008,100,True,102.191763
NIPPON_STEEL_JP,Nippon Steel,JP,34.3,72.6,ACCELERATED_15C,DISCLOSED_PATH,PORT-7F141003EFD9,CAND-7F68777647A3B1,P1,PORT-7F141003EFD9,466.428943,53131.266,113.91074,True,True,,0.0,3.446647212967946e-06,True,True,True,True,,0.0,0.0,0.0,2,2,0.5333221247999997,0.65,2.6399999999999997,P1,지연·현물조달,False,32414.8,2034,8019.0,117.898377,54991.216,54991.216,70574.957,466.428943,117.898377,169.562292,84764.003,79088.761,94672.503,24097.545,5255.658,-419.583,0.0,151.309129,33.410752,130.065808,12.16743,0.0,0.0,0.0,0.0,0.0,466.428943,70574.957,7.179826,13.14911,16144.67,1415.609,16730.138,49598.164,0.0,-24097.545,-5432.575,632.755,100,True,84.312101
NIPPON_STEEL_JP,Nippon Steel,JP,34.3,72.6,DISCLOSED_PATH,DISCLOSED_PATH,PORT-93BA44A86FDE,CAND-505DC50EEE65AA,P2,PORT-93BA44A86FDE,468.703944,58159.645,124.086101,True,True,,0.0,3.446647212967946e-06,True,True,True,True,,0.0,0.0,0.0,2,2,0.5333221247999999,0.65,2.6399999999999997,P2,지연·부분헤지,False,31966.0,2034,8019.0,127.484822,59752.639,59752.639,73307.745,468.703944,127.484822,162.499114,82139.22,76163.976,89719.082,16411.337,5693.282,-281.962,0.0,156.405224,28.920402,140.233262,12.74844,0.0,0.0,0.0,0.0,0.0,468.703944,73307.745,7.457841,13.658267,16688.79,1451.027,15327.251,48424.657,100.963,-16411.337,-6004.788,176.076,100,True,104.924483
NIPPON_STEEL_JP,Nippon Steel,JP,34.3,72.6,ACCELERATED_15C,DISCLOSED_PATH,PORT-93BA44A86FDE,CAND-505DC50EEE65AA,P2,PORT-93BA44A86FDE,468.703944,54511.067,116.301704,True,True,,0.0,3.446647212967946e-06,True,True,True,True,,0.0,0.0,0.0,2,2,0.5333221247999999,0.65,2.6399999999999997,P2,지연·부분헤지,False,31966.0,2034,8019.0,119.723029,56114.656,56114.656,70630.552,468.703944,119.723029,171.392426,87986.705,80332.306,94848.202,24217.65,7423.027,-231.371,0.0,150.693317,30.970288,136.054018,16.330989,0.0,0.0,0.0,0.0,0.0,468.703944,70630.552,7.185481,13.159468,16688.79,1451.027,16903.08,52783.014,107.558,-24217.65,-7807.893,206.731,100,True,86.136753
NIPPON_STEEL_JP,Nippon Steel,JP,34.3,72.6,DISCLOSED_PATH,DISCLOSED_PATH,PORT-93BA44A86FDE,CAND-0B64D3C56ED2FD,P1,PORT-93BA44A86FDE,468.703944,59510.078,126.967309,True,True,,0.0,3.446647212967946e-06,True,True,True,True,,0.0,0.0,0.0,2,2,0.5333221247999999,0.65,2.6399999999999997,P1,지연·현물조달,False,31966.0,2034,8019.0,130.877809,61342.945,61342.945,76982.005,468.703944,130.877809,165.892101,82297.407,77754.282,93393.342,16411.337,4265.052,-278.073,0.0,164.244415,33.366607,140.570761,9.692953,0.0,0.0,0.0,0.0,0.0,468.703944,76982.005,7.831636,14.342834,16909.063,1451.027,15375.673,48412.947,0.0,-16411.337,-4607.963,213.536,100,True,108.31747
NIPPON_STEEL_JP,Nippon Steel,JP,34.3,72.6,ACCELERATED_15C,DISCLOSED_PATH,PORT-93BA44A86FDE,CAND-0B64D3C56ED2FD,P1,PORT-93BA44A86FDE,468.703944,56575.087,120.705378,True,True,,0.0,3.446647212967946e-06,True,True,True,True,,0.0,0.0,0.0,2,2,0.5333221247999999,0.65,2.6399999999999997,P1,지연·현물조달,False,31966.0,2034,8019.0,124.638209,58418.42,58418.42,75420.215,468.703944,124.638209,176.307605,88141.055,82636.07,99637.864,24217.65,5271.307,-233.679,-0.0,160.912268,36.274059,136.383332,11.745123,0.0,0.0,0.0,0.0,0.0,468.703944,75420.215,7.67275,14.05185,16909.063,1451.027,16956.874,52780.315,0.0,-24217.65,-5707.215,246.007,100,True,91.051933
NIPPON_STEEL_JP,Nippon Steel,JP,34.3,72.6,DISCLOSED_PATH,DISCLOSED_PATH,PORT-7CA9F3BA0776,CAND-EBFD77804A64A5,P3,PORT-7CA9F3BA0776,473.428944,62550.582,132.122428,True,True,,0.0,3.446647212967946e-06,True,True,True,True,,0.0,0.0,0.0,2,2,0.5840479807999999,0.65,3.12,P3,균형형 라이트헤지,False,34771.0,2034,8019.0,134.818705,63827.077,63827.077,75156.178,473.428944,134.818705,169.829291,89542.071,80402.102,91731.203,16575.025,8692.35,-447.619,-0.0,158.748592,23.929887,154.124599,19.305895,0.0,0.0,0.0,0.0,0.0,473.428944,75156.178,7.645888,14.002657,19172.131,1513.607,14433.558,53855.973,357.426,-16575.025,-9244.048,313.453,100,True,112.258366
NIPPON_STEEL_JP,Nippon Steel,JP,34.3,72.6,ACCELERATED_15C,DISCLOSED_PATH,PORT-7CA9F3BA0776,CAND-EBFD77804A64A5,P3,PORT-7CA9F3BA0776,473.428944,57996.795,122.503695,True,True,,0.0,3.446647212967946e-06,True,True,True,True,,0.0,0.0,0.0,2,2,0.5840479807999999,0.65,3.12,P3,균형형 라이트헤지,False,34771.0,2034,8019.0,124.851882,59108.495,59108.495,71131.126,473.428944,124.851882,176.523122,96002.606,83571.155,95593.787,24462.661,11957.615,-473.835,0.0,150.246678,25.394796,151.110206,26.258325,0.0,0.0,0.0,0.0,0.0,473.428944,71131.126,7.236407,13.252733,18048.428,1513.607,16629.966,59827.956,382.671,-24462.661,-12368.537,-462.935,100,True,91.265606
NIPPON_STEEL_JP,Nippon Steel,JP,34.3,72.6,DISCLOSED_PATH,DISCLOSED_PATH,PORT-7CA9F3BA0776,CAND-BF06102F6003FE,P2,PORT-7CA9F3BA0776,473.428944,64756.815,136.782544,True,True,,0.0,3.446647212967946e-06,True,True,True,True,,0.0,0.0,0.0,2,2,0.5840479807999999,0.65,3.12,P2,지연·부분헤지,False,34771.0,2034,8019.0,140.088573,66321.985,66321.985,80594.972,473.428944,140.088573,175.099159,89705.943,82897.01,97169.996,16575.025,6349.534,-459.399,0.0,170.23668,30.148107,154.470737,14.382164,0.0,0.0,0.0,0.0,0.0,473.428944,80594.972,8.199195,15.01598,19829.144,1513.607,14340.229,53704.033,109.569,-16575.025,-7007.994,408.421,100,True,117.528234
NIPPON_STEEL_JP,Nippon Steel,JP,34.3,72.6,ACCELERATED_15C,DISCLOSED_PATH,PORT-7CA9F3BA0776,CAND-BF06102F6003FE,P2,PORT-7CA9F3BA0776,473.428944,61412.328,129.718153,True,True,,0.0,3.446647212967946e-06,True,True,True,True,,0.0,0.0,0.0,2,2,0.5840479807999999,0.65,3.12,P2,지연·부분헤지,False,34771.0,2034,8019.0,132.576872,62765.729,62765.729,78277.094,473.428944,132.576872,184.248113,96179.102,87228.39,102739.754,24462.661,8307.633,-643.08,-0.0,165.340744,32.763871,151.48301,18.906138,0.0,0.0,0.0,0.0,0.0,473.428944,78277.094,7.96339,14.584127,19829.144,1513.607,15813.094,58438.655,116.758,-24462.661,-9097.52,614.652,100,True,98.990596
NIPPON_STEEL_JP,Nippon Steel,JP,34.3,72.6,DISCLOSED_PATH,DISCLOSED_PATH,PORT-7CA9F3BA0776,CAND-7431CBC596FC03,P1,PORT-7CA9F3BA0776,473.428944,66273.303,139.985744,True,True,,0.0,3.446647212967946e-06,True,True,True,True,,0.0,0.0,0.0,2,2,0.5840479807999999,0.65,3.12,P1,지연·현물조달,False,34771.0,2034,8019.0,143.677198,68020.944,68020.944,84535.638,473.428944,143.677198,178.687784,89860.914,84595.969,101110.663,16575.025,4698.109,-566.837,0.0,178.56035,34.883151,154.798075,11.120877,0.0,0.0,0.0,0.0,0.0,473.428944,84535.638,8.600092,15.750182,18711.256,1513.607,15176.88,54867.201,0.0,-16575.025,-5169.824,-503.151,100,True,121.116859
NIPPON_STEEL_JP,Nippon Steel,JP,34.3,72.6,ACCELERATED_15C,DISCLOSED_PATH,PORT-7CA9F3BA0776,CAND-7431CBC596FC03,P1,PORT-7CA9F3BA0776,473.428944,63734.393,134.622932,True,True,,0.0,3.446647212967946e-06,True,True,True,True,,0.0,0.0,0.0,2,2,0.5840479807999999,0.65,3.12,P1,지연·현물조달,False,34771.0,2034,8019.0,137.796957,65237.068,65237.068,83451.45,473.428944,137.796957,189.468198,96348.826,89699.729,107914.111,24462.661,5832.171,-816.926,-0.0,176.270274,38.473317,151.841508,14.04455,0.0,0.0,0.0,0.0,0.0,473.428944,83451.45,8.489794,15.548183,18711.256,1513.607,16732.408,59930.146,0.0,-24462.661,-6433.393,-754.296,100,True,104.210681
NIPPON_STEEL_JP,Nippon Steel,JP,34.3,72.6,DISCLOSED_PATH,DISCLOSED_PATH,PORT-7DCD4991144C,CAND-FCEB78D7C5F4C6,P1,PORT-7DCD4991144C,313.643967,6683.267,21.30845,True,True,,0.0,3.446647212967946e-06,True,True,True,True,,0.0,0.0,0.0,2,2,0.28236113919999994,0.65,0.88,P1,지연·현물조달,False,19427.1,2029,6160.0,22.560339,7075.914,7075.914,9941.068,313.643967,22.560339,57.535863,19784.416,18045.776,20910.93,10969.862,1699.642,-38.998,0.0,31.695389,9.135051,28.103694,5.543355,0.0,0.0,0.0,0.0,0.0,313.643967,9941.068,1.011338,1.852161,6331.976,721.269,12455.373,0.0,0.0,-10969.862,-1468.728,5.886,100,True,0.0
NIPPON_STEEL_JP,Nippon Steel,JP,34.3,72.6,ACCELERATED_15C,DISCLOSED_PATH,PORT-7DCD4991144C,CAND-FCEB78D7C5F4C6,P1,PORT-7DCD4991144C,313.643967,2332.517,7.43683,False,False,2035,14.544997934999998,-14.544997934999998,True,True,True,True,,0.0,0.0,0.0,2,2,0.28236113919999994,0.65,0.88,P1,지연·현물조달,False,19427.1,2029,6160.0,8.819401,2766.152,2766.152,5818.368,313.643967,8.819401,60.288628,20959.746,18909.164,21961.381,16143.013,2039.57,-11.012,-0.0,18.55087,9.731469,15.357329,6.537928,0.0,0.0,0.0,0.0,0.0,313.643967,5818.368,0.591922,1.084044,7579.024,721.269,12743.342,0.0,0.0,-16143.013,-2106.017,-28.454,100,True,-24.766875
NIPPON_STEEL_JP,Nippon Steel,JP,34.3,72.6,DISCLOSED_PATH,DISCLOSED_PATH,PORT-5CFD50239439,CAND-87B9435721978E,P1,PORT-5CFD50239439,321.473932,6865.237,21.355503,True,True,,0.0,3.446647212967946e-06,True,True,True,True,,0.0,0.0,0.0,2,2,0.28236113919999994,0.65,0.88,P1,지연·현물조달,False,19052.0,2029,6160.0,22.686108,7292.992,7292.992,10261.761,321.473932,22.686108,57.679479,20317.814,18542.449,21511.217,11249.456,1664.902,-110.463,0.0,31.920973,9.234865,28.208686,5.522578,0.0,0.0,0.0,0.0,0.0,321.473932,10261.761,1.043963,1.911911,8564.42,744.264,11260.194,0.0,0.0,-11249.456,-2021.174,-5.256,100,True,0.125769
NIPPON_STEEL_JP,Nippon Steel,JP,34.3,72.6,ACCELERATED_15C,DISCLOSED_PATH,PORT-5CFD50239439,CAND-87B9435721978E,P1,PORT-5CFD50239439,321.473932,2434.553,7.573095,False,False,2035,15.995002139999997,-15.995002139999997,True,True,True,True,,0.0,0.0,0.0,2,2,0.28236113919999994,0.65,0.88,P1,지연·현물조달,False,19052.0,2029,6160.0,8.803521,2830.103,2830.103,5981.074,321.473932,8.803521,60.231404,21571.578,19362.826,22513.798,16532.724,1997.883,-210.869,-0.0,18.605161,9.80164,15.674223,6.870702,0.0,0.0,0.0,0.0,0.0,321.473932,5981.074,0.608475,1.114359,6994.763,744.264,13536.194,0.0,0.0,-16532.724,-1916.947,4.552,100,True,-24.782755
NIPPON_STEEL_JP,Nippon Steel,JP,34.3,72.6,DISCLOSED_PATH,DISCLOSED_PATH,PORT-032FE0BDCFB5,CAND-23459FF23C9DCD,P1,PORT-032FE0BDCFB5,326.198932,13628.462,41.779602,True,True,,0.0,3.446647212967946e-06,True,True,True,True,,0.0,0.0,0.0,2,2,0.3603653631999999,0.65,1.3599999999999999,P1,지연·현물조달,False,21857.0,2038,7425.0,43.429423,14166.631,14166.631,18441.037,326.198932,43.429423,78.417717,27624.936,25579.776,29854.182,11413.144,2089.957,44.797,-0.0,56.533101,13.103679,49.699094,6.269671,0.0,0.0,0.0,0.0,0.0,326.198932,18441.037,1.876068,3.435825,8386.025,806.845,11715.901,6788.377,0.0,-11413.144,-2083.567,-33.805,100,True,20.869084
NIPPON_STEEL_JP,Nippon Steel,JP,34.3,72.6,ACCELERATED_15C,DISCLOSED_PATH,PORT-032FE0BDCFB5,CAND-23459FF23C9DCD,P1,PORT-032FE0BDCFB5,326.198932,9593.859,29.411067,False,False,2035,14.420002140000001,-14.420002140000001,True,True,True,True,,0.0,0.0,0.0,2,2,0.3603653631999999,0.65,1.3599999999999999,P1,지연·현물조달,False,21857.0,2038,7425.0,31.648723,10323.78,10323.78,14768.123,326.198932,31.648723,83.082781,29465.615,27101.514,31545.858,16777.735,2548.348,184.248,0.0,45.273365,13.624643,38.896141,7.247419,0.0,0.0,0.0,0.0,0.0,326.198932,14768.123,1.50241,2.75151,8386.025,806.845,12903.134,7508.709,0.0,-16777.735,-2544.012,40.814,100,True,-1.937553
NIPPON_STEEL_JP,Nippon Steel,JP,34.3,72.6,DISCLOSED_PATH,DISCLOSED_PATH,PORT-85B082834E97,CAND-7F997B0F0381A1,P1,PORT-85B082834E97,318.368967,13446.491,42.235558,True,True,,0.0,3.446647212967946e-06,True,True,True,True,,0.0,0.0,0.0,2,2,0.3603653631999999,0.65,1.3599999999999999,P1,지연·현물조달,False,22232.1,2038,7425.0,43.464383,13837.711,13837.711,18156.565,318.368967,43.464383,78.434972,26963.77,24971.261,29290.115,11133.55,2132.241,139.731,0.0,57.029945,13.565562,49.722875,6.258492,0.0,0.0,0.0,0.0,0.0,318.368967,18156.565,1.847128,3.382824,7703.582,783.85,11202.123,7214.517,0.0,-11133.55,-1903.19,-29.621,100,True,20.904044
NIPPON_STEEL_JP,Nippon Steel,JP,34.3,72.6,ACCELERATED_15C,DISCLOSED_PATH,PORT-85B082834E97,CAND-7F997B0F0381A1,P1,PORT-85B082834E97,318.368967,9491.823,29.813907,False,False,2035,12.969997935000002,-12.969997935000002,True,True,True,True,,0.0,0.0,0.0,2,2,0.3603653631999999,0.65,1.3599999999999999,P1,지연·현물조달,False,22232.1,2038,7425.0,31.688261,10088.559,10088.559,14803.32,318.368967,31.688261,83.163201,28821.843,26476.582,31191.344,16388.024,2602.94,257.679,-0.0,46.497372,14.809111,39.054748,7.366487,0.0,0.0,0.0,0.0,0.0,318.368967,14803.32,1.505991,2.758067,7703.582,783.85,12340.987,7958.248,0.0,-16388.024,-2323.012,12.928,100,True,-1.898015
NIPPON_STEEL_JP,Nippon Steel,JP,34.3,72.6,DISCLOSED_PATH,DISCLOSED_PATH,PORT-833EEC5002A6,CAND-9EF16DBB46004F,P1,PORT-833EEC5002A6,369.073938,17893.893,48.483221,True,True,,0.0,3.446647212967946e-06,True,True,True,True,,0.0,0.0,0.0,2,2,0.3870168063999999,0.65,1.52,P1,지연·현물조달,False,23556.5,2036,6237.0,50.201131,18527.929,18527.929,24693.659,369.073938,50.201131,85.186449,33884.616,31440.098,37605.827,12912.169,2476.994,32.477,0.0,66.907078,16.705946,56.824513,6.623381,0.0,0.0,0.0,0.0,0.0,369.073938,24693.659,2.512168,4.600777,9842.724,912.261,12724.317,10419.422,0.0,-12912.169,-2474.863,16.237,100,True,27.640792
NIPPON_STEEL_JP,Nippon Steel,JP,34.3,72.6,ACCELERATED_15C,DISCLOSED_PATH,PORT-833EEC5002A6,CAND-9EF16DBB46004F,P1,PORT-833EEC5002A6,369.073938,13527.603,36.652825,False,False,2035,9.707756491632594,-9.707756491632594,True,True,True,True,,0.0,0.0,0.0,2,2,0.3870168063999999,0.65,1.52,P1,지연·현물조달,False,23556.5,2036,6237.0,38.287207,14130.81,14130.81,20934.194,369.073938,38.287207,89.809431,36142.812,33146.32,39949.704,19015.51,3014.033,17.541,0.0,56.720868,18.43366,46.406155,8.118948,0.0,0.0,0.0,0.0,0.0,369.073938,20934.194,2.129705,3.900336,10393.438,912.261,14874.244,10115.793,0.0,-19015.51,-3155.859,6.443,100,True,4.700931
NIPPON_STEEL_JP,Nippon Steel,JP,34.3,72.6,DISCLOSED_PATH,DISCLOSED_PATH,PORT-10D90F59290D,CAND-BF076556907246,P1,PORT-10D90F59290D,361.243973,17711.923,49.030362,True,True,,0.0,3.446647212967946e-06,True,True,True,True,,0.0,0.0,0.0,2,2,0.3870168063999999,0.65,1.52,P1,지연·현물조달,False,23931.6,2036,6237.0,50.029665,18072.915,18072.915,24576.378,361.243973,50.029665,84.999314,33122.41,30705.49,37208.953,12632.575,2501.624,84.704,0.0,68.032632,18.002967,56.720213,6.690548,0.0,0.0,0.0,0.0,0.0,361.243973,24576.378,2.500237,4.578926,8884.529,889.266,12825.919,10338.13,0.0,-12632.575,-2245.389,13.035,100,True,27.469326
NIPPON_STEEL_JP,Nippon Steel,JP,34.3,72.6,ACCELERATED_15C,DISCLOSED_PATH,PORT-10D90F59290D,CAND-BF076556907246,P1,PORT-10D90F59290D,361.243973,13425.567,37.164819,False,False,2035,8.257752286632595,-8.257752286632595,True,True,True,True,,0.0,0.0,0.0,2,2,0.3870168063999999,0.65,1.52,P1,지연·현물조달,False,23931.6,2036,6237.0,38.634594,13956.514,13956.514,20740.024,361.243973,38.634594,90.194758,35388.861,32582.313,39365.822,18625.799,3045.957,239.409,0.0,57.412788,18.778195,46.403714,7.76912,0.0,0.0,0.0,0.0,0.0,361.243973,20740.024,2.109952,3.864159,11050.129,889.266,14304.741,9784.171,0.0,-18625.799,-3410.816,-35.178,100,True,5.048318
NIPPON_STEEL_JP,Nippon Steel,JP,34.3,72.6,DISCLOSED_PATH,DISCLOSED_PATH,PORT-20A3A9F442CD,CAND-E6E6E810AB390A,P1,PORT-20A3A9F442CD,341.668938,16882.994,49.413313,True,True,,0.0,3.446647212967946e-06,True,True,True,True,,0.0,0.0,0.0,2,2,0.3603653631999999,0.65,1.36,P1,지연·현물조달,False,20999.0,2036,6237.0,51.466361,17584.457,17584.457,23198.447,341.668938,51.466361,86.479141,31590.506,29547.236,35161.226,11962.779,2103.451,60.181,0.0,67.897441,16.43108,57.446624,5.980263,0.0,0.0,0.0,0.0,0.0,341.668938,23198.447,2.360055,4.322198,8067.085,867.561,12498.877,10137.448,0.0,-11962.779,-1986.441,-37.294,100,True,28.906022
NIPPON_STEEL_JP,Nippon Steel,JP,34.3,72.6,ACCELERATED_15C,DISCLOSED_PATH,PORT-20A3A9F442CD,CAND-E6E6E810AB390A,P1,PORT-20A3A9F442CD,341.668938,12932.884,37.852093,False,False,2035,15.61000095,-15.61000095,True,True,True,True,,0.0,0.0,0.0,2,2,0.3603653631999999,0.65,1.36,P1,지연·현물조달,False,20999.0,2036,6237.0,39.64912,13546.873,13546.873,19842.2,341.668938,39.64912,91.144718,33799.844,31141.319,37436.646,17594.446,2564.223,-94.302,-0.0,58.074344,18.425225,47.430116,7.780996,0.0,0.0,0.0,0.0,0.0,341.668938,19842.2,2.018613,3.696882,8551.872,867.561,12969.802,11368.977,0.0,-17594.446,-2567.033,-49.859,100,True,6.062844
NIPPON_STEEL_JP,Nippon Steel,JP,34.3,72.6,DISCLOSED_PATH,DISCLOSED_PATH,PORT-FFBC6AEA16BA,CAND-D5FFDB7EE708DF,P1,PORT-FFBC6AEA16BA,333.838973,16701.024,50.027183,True,True,,0.0,3.446647212967946e-06,True,True,True,True,,0.0,0.0,0.0,2,2,0.3603653631999999,0.65,1.36,P1,지연·현물조달,False,21374.1,2036,6237.0,51.294517,17124.109,17124.109,23224.284,333.838973,51.294517,86.290986,30857.079,28807.294,34907.469,11683.185,2155.754,105.969,0.0,69.567324,18.272806,57.434559,6.140042,0.0,0.0,0.0,0.0,0.0,333.838973,23224.284,2.362684,4.327012,5430.392,844.566,14563.255,9380.668,0.0,-11683.185,-1322.728,-88.859,100,True,28.734178
NIPPON_STEEL_JP,Nippon Steel,JP,34.3,72.6,ACCELERATED_15C,DISCLOSED_PATH,PORT-FFBC6AEA16BA,CAND-D5FFDB7EE708DF,P1,PORT-FFBC6AEA16BA,333.838973,12830.848,38.434244,False,False,2035,14.159996745,-14.159996745,True,True,True,True,,0.0,0.0,0.0,2,2,0.3603653631999999,0.65,1.36,P1,지연·현물조달,False,21374.1,2036,6237.0,39.609482,13223.189,13223.189,19729.632,333.838973,39.609482,91.145511,32920.255,30427.924,36934.367,17204.735,2623.207,130.876,-0.0,59.099248,19.489765,47.07515,7.465668,0.0,0.0,0.0,0.0,0.0,333.838973,19729.632,2.007161,3.675909,10361.469,844.566,12422.581,9873.472,0.0,-17204.735,-3073.461,-0.704,100,True,6.023206
NIPPON_STEEL_JP,Nippon Steel,JP,34.3,72.6,DISCLOSED_PATH,DISCLOSED_PATH,PORT-A38E7AB93504,CAND-7C97E5CB4322B2,P3,PORT-A38E7AB93504,373.798938,23602.895,63.143292,True,True,,0.0,3.446647212967946e-06,True,True,True,True,,0.0,0.0,0.0,2,2,0.45364541439999984,0.65,2.0,P3,균형형 라이트헤지,False,26361.5,2038,7425.0,64.423795,24081.546,24081.546,29317.504,373.798938,64.423795,99.404784,41459.725,37157.403,42393.361,13075.857,4123.868,-178.454,0.0,78.431214,14.007419,75.933517,11.509722,0.0,0.0,0.0,0.0,0.0,373.798938,29317.504,2.982567,5.462265,11354.834,974.842,13252.823,15599.308,174.699,-13075.857,-4163.626,-35.477,100,True,41.863456
NIPPON_STEEL_JP,Nippon Steel,JP,34.3,72.6,ACCELERATED_15C,DISCLOSED_PATH,PORT-A38E7AB93504,CAND-7C97E5CB4322B2,P3,PORT-A38E7AB93504,373.798938,19115.251,51.137789,False,False,2035,9.707756491632594,-9.707756491632594,True,True,True,True,,0.0,0.0,0.0,2,2,0.45364541439999984,0.65,2.0,P3,균형형 라이트헤지,False,26361.5,2038,7425.0,52.499928,19624.417,19624.417,25285.18,373.798938,52.499928,104.026348,44281.326,38884.938,44545.701,19260.521,5321.167,-75.221,-0.0,67.643798,15.14387,66.936533,14.436605,0.0,0.0,0.0,0.0,0.0,373.798938,25285.18,2.572346,4.710986,11987.957,974.842,14553.714,16782.895,186.407,-19260.521,-5589.196,-11.681,100,True,18.913652
NIPPON_STEEL_JP,Nippon Steel,JP,34.3,72.6,DISCLOSED_PATH,DISCLOSED_PATH,PORT-92BAA222AC4A,CAND-D42C7F372720F7,P3,PORT-92BAA222AC4A,365.968973,23427.961,64.016249,True,True,,0.0,3.446647212967946e-06,True,True,True,True,,0.0,0.0,0.0,2,2,0.45364541439999984,0.65,2.0,P3,균형형 라이트헤지,False,26736.6,2038,7425.0,64.961025,23773.72,23773.72,29200.014,365.968973,64.961025,99.926455,40809.173,36569.982,41996.276,12796.263,4118.544,-120.648,0.0,79.788222,14.827197,76.544497,11.583472,0.0,0.0,0.0,0.0,0.0,365.968973,29200.014,2.970615,5.440375,12426.228,951.847,12233.398,15112.089,172.859,-12796.263,-4358.53,32.089,100,True,42.400686
NIPPON_STEEL_JP,Nippon Steel,JP,34.3,72.6,ACCELERATED_15C,DISCLOSED_PATH,PORT-92BAA222AC4A,CAND-D42C7F372720F7,P3,PORT-92BAA222AC4A,365.968973,19011.589,51.948637,False,False,2035,8.257752286632595,-8.257752286632595,True,True,True,True,,0.0,0.0,0.0,2,2,0.45364541439999984,0.65,2.0,P3,균형형 라이트헤지,False,26736.6,2038,7425.0,53.019767,19403.59,19403.59,25270.822,365.968973,53.019767,104.583727,43581.718,38274.399,44141.632,18870.81,5354.353,47.034,-0.0,69.051817,16.03205,67.521867,14.5021,0.0,0.0,0.0,0.0,0.0,365.968973,25270.822,2.570885,4.708311,9931.214,951.847,13812.011,18386.625,184.449,-18870.81,-5059.524,67.778,100,True,19.433491
NIPPON_STEEL_JP,Nippon Steel,JP,34.3,72.6,DISCLOSED_PATH,DISCLOSED_PATH,PORT-A38E7AB93504,CAND-67842A89ECECE4,P2,PORT-A38E7AB93504,373.798938,24224.913,64.807336,True,True,,0.0,3.446647212967946e-06,True,True,True,True,,0.0,0.0,0.0,2,2,0.45364541439999984,0.65,2.0,P2,지연·부분헤지,False,26361.5,2038,7425.0,66.37094,24809.387,24809.387,31388.91,373.798938,66.37094,101.351929,41516.612,37885.243,44464.767,13075.857,3414.182,-217.186,0.0,83.97271,17.60177,76.085703,9.714763,0.0,0.0,0.0,0.0,0.0,373.798938,31388.91,3.193298,5.848197,13103.14,974.842,12502.469,15018.981,57.076,-13075.857,-3828.984,57.72,100,True,43.810601
NIPPON_STEEL_JP,Nippon Steel,JP,34.3,72.6,ACCELERATED_15C,DISCLOSED_PATH,PORT-A38E7AB93504,CAND-67842A89ECECE4,P2,PORT-A38E7AB93504,373.798938,20047.34,53.631344,False,False,2035,9.707756491632594,-9.707756491632594,True,True,True,True,,0.0,0.0,0.0,2,2,0.45364541439999984,0.65,2.0,P2,지연·부분헤지,False,26361.5,2038,7425.0,55.324009,20680.056,20680.056,27938.311,373.798938,55.324009,106.850429,44319.847,39940.577,47198.832,19260.521,4285.286,-93.983,0.0,74.741549,19.41754,67.039585,11.715576,0.0,0.0,0.0,0.0,0.0,373.798938,27938.311,2.842258,5.205302,11448.635,974.842,14614.669,17153.921,60.592,-19260.521,-4310.186,-1.896,100,True,21.737733
NIPPON_STEEL_JP,Nippon Steel,JP,34.3,72.6,DISCLOSED_PATH,DISCLOSED_PATH,PORT-9961527CE1F4,CAND-59D7A6AFC21669,P2,PORT-9961527CE1F4,407.153943,26605.266,65.344489,True,True,,0.0,3.446647212967946e-06,True,True,True,True,,0.0,0.0,0.0,2,2,0.3870168063999999,0.65,1.52,P2,지연·부분헤지,False,24843.5,2034,8019.0,68.201923,27768.682,27768.682,34647.772,407.153943,68.201923,103.220588,45456.994,42026.67,48905.76,14257.988,3399.513,-30.812,-0.0,85.097474,16.895551,76.627053,8.42513,0.0,0.0,0.0,0.0,0.0,407.153943,34647.772,3.524833,6.455369,11196.926,1064.205,14781.378,18416.992,60.853,-14257.988,-3463.636,-30.047,100,True,45.641584
NIPPON_STEEL_JP,Nippon Steel,JP,34.3,72.6,ACCELERATED_15C,DISCLOSED_PATH,PORT-9961527CE1F4,CAND-59D7A6AFC21669,P2,PORT-9961527CE1F4,407.153943,22084.982,54.242339,False,False,2040,3.7550006099999997,-3.7550006099999997,True,True,True,True,,0.0,0.0,0.0,2,2,0.3870168063999999,0.65,1.52,P2,지연·부분헤지,False,24843.5,2034,8019.0,57.231403,23301.991,23301.991,30675.335,407.153943,57.231403,108.831899,48693.206,44311.337,51684.681,21009.345,4282.346,-99.523,0.0,75.340877,18.109475,67.993595,10.762193,0.0,0.0,0.0,0.0,0.0,407.153943,30675.335,3.120704,5.715248,11196.926,1064.205,16278.411,20106.706,64.655,-21009.345,-4355.265,-44.301,100,True,23.645127
NIPPON_STEEL_JP,Nippon Steel,JP,34.3,72.6,DISCLOSED_PATH,DISCLOSED_PATH,PORT-92BAA222AC4A,CAND-73FBF939F237E6,P2,PORT-92BAA222AC4A,365.968973,24045.865,65.704656,True,True,,0.0,3.446647212967946e-06,True,True,True,True,,0.0,0.0,0.0,2,2,0.45364541439999984,0.65,2.0,P2,지연·부분헤지,False,26736.6,2038,7425.0,66.856814,24467.52,24467.52,31305.014,365.968973,66.856814,101.822244,40815.469,37263.782,44101.277,12796.263,3426.257,-125.429,0.0,85.540078,18.683264,76.561698,9.704884,0.0,0.0,0.0,0.0,0.0,365.968973,31305.014,3.184763,5.832566,12752.264,951.847,12158.518,15018.981,56.479,-12796.263,-3726.356,52.05,100,True,44.296475
NIPPON_STEEL_JP,Nippon Steel,JP,34.3,72.6,ACCELERATED_15C,DISCLOSED_PATH,PORT-92BAA222AC4A,CAND-73FBF939F237E6,P2,PORT-92BAA222AC4A,365.968973,19944.765,54.498513,False,False,2035,8.257752286632595,-8.257752286632595,True,True,True,True,,0.0,0.0,0.0,2,2,0.45364541439999984,0.65,2.0,P2,지연·부분헤지,False,26736.6,2038,7425.0,55.899818,20457.599,20457.599,27944.654,365.968973,55.899818,107.463778,43568.549,39328.409,46815.464,18870.81,4283.359,43.218,0.0,76.357988,20.45817,67.485883,11.586065,0.0,0.0,0.0,0.0,0.0,365.968973,27944.654,2.842903,5.206483,10799.957,951.847,15103.979,16527.59,59.955,-18870.81,-4079.973,-34.947,100,True,22.313542
NIPPON_STEEL_JP,Nippon Steel,JP,34.3,72.6,DISCLOSED_PATH,DISCLOSED_PATH,PORT-A38E7AB93504,CAND-E305EEE782C913,P1,PORT-A38E7AB93504,373.798938,24657.118,65.963584,True,True,,0.0,3.446647212967946e-06,True,True,True,True,,0.0,0.0,0.0,2,2,0.45364541439999984,0.65,2.0,P1,지연·현물조달,False,26361.5,2038,7425.0,67.902656,25381.941,25381.941,32990.142,373.798938,67.902656,102.883646,41565.872,38457.797,46065.999,13075.857,2921.708,-186.366,0.0,88.256383,20.353727,76.217485,8.314829,0.0,0.0,0.0,0.0,0.0,373.798938,32990.142,3.356197,6.146529,7237.64,974.842,16575.178,15517.994,0.0,-13075.857,-1866.997,19.14,100,True,45.342317
NIPPON_STEEL_JP,Nippon Steel,JP,34.3,72.6,ACCELERATED_15C,DISCLOSED_PATH,PORT-A38E7AB93504,CAND-E305EEE782C913,P1,PORT-A38E7AB93504,373.798938,20686.909,55.342342,False,False,2035,9.707756491632594,-9.707756491632594,True,True,True,True,,0.0,0.0,0.0,2,2,0.45364541439999984,0.65,2.0,P1,지연·현물조달,False,26361.5,2038,7425.0,57.296825,21417.492,21417.492,29978.709,373.798938,57.296825,108.823245,44357.581,40678.013,49239.23,19260.521,3582.35,-97.217,-0.0,80.200091,22.903266,67.140532,9.843707,0.0,0.0,0.0,0.0,0.0,373.798938,29978.709,3.049834,5.585457,11511.168,974.842,14655.922,17157.264,0.0,-19260.521,-3606.238,-14.945,100,True,23.710549
NIPPON_STEEL_JP,Nippon Steel,JP,34.3,72.6,DISCLOSED_PATH,DISCLOSED_PATH,PORT-9961527CE1F4,CAND-B22DEBDE0F4599,P1,PORT-9961527CE1F4,407.153943,27109.893,66.583889,True,True,,0.0,3.446647212967946e-06,True,True,True,True,,0.0,0.0,0.0,2,2,0.3870168063999999,0.65,1.52,P1,지연·현물조달,False,24843.5,2034,8019.0,69.826633,28430.189,28430.189,36434.913,407.153943,69.826633,104.845299,45556.542,42688.177,50692.9,14257.988,2860.353,-8.012,0.0,89.486823,19.66019,76.871549,7.044915,0.0,0.0,0.0,0.0,0.0,407.153943,36434.913,3.706645,6.788338,11328.009,1064.205,14396.047,18832.979,0.0,-14257.988,-2872.623,-60.44,100,True,47.266294
NIPPON_STEEL_JP,Nippon Steel,JP,34.3,72.6,ACCELERATED_15C,DISCLOSED_PATH,PORT-9961527CE1F4,CAND-B22DEBDE0F4599,P1,PORT-9961527CE1F4,407.153943,22833.515,56.08079,False,False,2040,3.7550006099999997,-3.7550006099999997,True,True,True,True,,0.0,0.0,0.0,2,2,0.3870168063999999,0.65,1.52,P1,지연·현물조달,False,24843.5,2034,8019.0,59.524248,24235.532,24235.532,32900.561,407.153943,59.524248,111.124745,48822.026,45244.878,53909.906,21009.345,3489.376,-87.773,0.0,80.806194,21.281946,68.309988,8.78574,0.0,0.0,0.0,0.0,0.0,407.153943,32900.561,3.347084,6.129839,11268.128,1064.205,16353.771,20160.441,0.0,-21009.345,-3527.677,-73.989,100,True,25.937972
NIPPON_STEEL_JP,Nippon Steel,JP,34.3,72.6,DISCLOSED_PATH,DISCLOSED_PATH,PORT-92BAA222AC4A,CAND-62B732F24FF616,P1,PORT-92BAA222AC4A,365.968973,24475.147,66.877656,True,True,,0.0,3.446647212967946e-06,True,True,True,True,,0.0,0.0,0.0,2,2,0.45364541439999984,0.65,2.0,P1,지연·현물조달,False,26736.6,2038,7425.0,68.22155,24966.971,24966.971,32925.302,365.968973,68.22155,103.18698,40785.658,37763.233,45721.565,12796.263,2933.633,-88.792,0.0,89.967469,21.745919,76.480242,8.258692,0.0,0.0,0.0,0.0,0.0,365.968973,32925.302,3.349601,6.134448,10773.275,951.847,13925.081,14980.313,0.0,-12796.263,-2751.631,-115.652,100,True,45.661211
NIPPON_STEEL_JP,Nippon Steel,JP,34.3,72.6,ACCELERATED_15C,DISCLOSED_PATH,PORT-92BAA222AC4A,CAND-62B732F24FF616,P1,PORT-92BAA222AC4A,365.968973,20584.873,56.24759,False,False,2035,8.257752286632595,-8.257752286632595,True,True,True,True,,0.0,0.0,0.0,2,2,0.45364541439999984,0.65,2.0,P1,지연·현물조달,False,26736.6,2038,7425.0,57.992944,21223.618,21223.618,29989.664,365.968973,57.992944,109.556904,43582.879,40094.428,48860.474,18870.81,3603.003,114.552,0.0,81.94592,23.952976,67.525038,9.532094,0.0,0.0,0.0,0.0,0.0,365.968973,29989.664,3.050948,5.587498,10773.275,951.847,15321.781,16461.341,0.0,-18870.81,-3373.177,-40.639,100,True,24.406668
NIPPON_STEEL_JP,Nippon Steel,JP,34.3,72.6,DISCLOSED_PATH,DISCLOSED_PATH,PORT-4025A7B6BA3A,CAND-54996F21D43414,P2,PORT-4025A7B6BA3A,379.748943,25591.241,67.389893,True,True,,0.0,3.446647212967946e-06,True,True,True,True,,0.0,0.0,0.0,2,2,0.3603653631999999,0.65,1.36,P2,지연·부분헤지,False,22286.0,2034,8019.0,69.79621,26505.037,26505.037,33500.736,379.748943,69.79621,104.841991,42916.122,39813.635,46809.334,13308.598,3026.401,-76.086,-0.0,88.218115,18.421905,77.966048,8.169838,0.0,0.0,0.0,0.0,0.0,379.748943,33500.736,3.408141,6.24166,9594.65,1019.504,13700.414,18416.992,56.787,-13308.598,-2995.11,20.398,100,True,47.235871
NIPPON_STEEL_JP,Nippon Steel,JP,34.3,72.6,ACCELERATED_15C,DISCLOSED_PATH,PORT-4025A7B6BA3A,CAND-54996F21D43414,P2,PORT-4025A7B6BA3A,379.748943,21486.892,56.581834,False,False,2040,12.890000609999998,-12.890000609999998,True,True,True,True,,0.0,0.0,0.0,2,2,0.3603653631999999,0.65,1.36,P2,지연·부분헤지,False,22286.0,2034,8019.0,59.098586,22442.625,22442.625,29928.2,379.748943,59.098586,110.680775,45965.18,42030.907,49516.482,19588.282,3826.244,-108.029,-0.0,78.81049,19.711904,69.45878,10.360195,0.0,0.0,0.0,0.0,0.0,379.748943,29928.2,3.044696,5.576046,9594.65,1019.504,15058.001,20106.706,60.394,-19588.282,-3796.164,-12.185,100,True,25.51231
NIPPON_STEEL_JP,Nippon Steel,JP,34.3,72.6,DISCLOSED_PATH,DISCLOSED_PATH,PORT-4025A7B6BA3A,CAND-0CCB31C64DEB2F,P1,PORT-4025A7B6BA3A,379.748943,26098.994,68.726969,True,True,,0.0,3.446647212967946e-06,True,True,True,True,,0.0,0.0,0.0,2,2,0.3603653631999999,0.65,1.36,P1,지연·현물조달,False,22286.0,2034,8019.0,71.450124,27133.109,27133.109,35265.61,379.748943,71.450124,106.495905,42979.338,40441.707,48574.208,13308.598,2472.051,-65.58,0.0,92.86559,21.415466,78.132515,6.682391,0.0,0.0,0.0,0.0,0.0,379.748943,35265.61,3.587688,6.570481,9624.952,1019.504,13756.128,18462.736,0.0,-13308.598,-2408.989,-12.625,100,True,48.889785
NIPPON_STEEL_JP,Nippon Steel,JP,34.3,72.6,ACCELERATED_15C,DISCLOSED_PATH,PORT-4025A7B6BA3A,CAND-0CCB31C64DEB2F,P1,PORT-4025A7B6BA3A,379.748943,22238.796,58.561839,False,False,2040,12.890000609999998,-12.890000609999998,True,True,True,True,,0.0,0.0,0.0,2,2,0.3603653631999999,0.65,1.36,P1,지연·현물조달,False,22286.0,2034,8019.0,61.458762,23338.9,23338.9,32130.762,379.748943,61.458762,113.040951,46036.304,42927.182,51719.044,19588.282,3023.672,-85.45,-0.0,84.610537,23.151775,69.646072,8.187311,0.0,0.0,0.0,0.0,0.0,379.748943,32130.762,3.268769,5.986414,9624.952,1019.504,15119.212,20160.441,0.0,-19588.282,-2955.216,-41.711,100,True,27.872486
NIPPON_STEEL_JP,Nippon Steel,JP,34.3,72.6,DISCLOSED_PATH,DISCLOSED_PATH,PORT-00A7244DC13E,CAND-43ED54F71B5B31,P2,PORT-00A7244DC13E,366.843974,25748.39,70.188942,True,True,,0.0,3.446647212967946e-06,True,True,True,True,,0.0,0.0,0.0,2,2,0.3870168063999999,0.65,1.52,P2,지연·부분헤지,False,24604.8,2034,8019.0,72.874724,26733.653,26733.653,33773.866,366.843974,72.874724,107.850054,42861.49,39564.142,46604.355,12830.489,3260.921,-36.426,0.0,92.066023,19.191299,81.863144,8.98842,0.0,0.0,0.0,0.0,0.0,366.843974,33773.866,3.435928,6.292548,10875.475,977.9,12347.957,18667.025,57.131,-12830.489,-3378.687,17.342,100,True,50.314385
NIPPON_STEEL_JP,Nippon Steel,JP,34.3,72.6,ACCELERATED_15C,DISCLOSED_PATH,PORT-00A7244DC13E,CAND-43ED54F71B5B31,P2,PORT-00A7244DC13E,366.843974,21738.058,59.256959,False,False,2035,6.457752061632604,-6.457752061632604,True,True,True,True,,0.0,0.0,0.0,2,2,0.3870168063999999,0.65,1.52,P2,지연·부분헤지,False,24604.8,2034,8019.0,61.987566,22739.765,22739.765,30212.137,366.843974,61.987566,113.559927,45849.229,41658.775,49131.147,18919.01,4104.45,-86.005,-0.0,82.356912,20.369346,73.410554,11.422988,0.0,0.0,0.0,0.0,0.0,366.843974,30212.137,3.073581,5.628947,10875.475,977.9,13593.352,20311.32,60.675,-18919.01,-4267.749,107.803,100,True,28.40129
NIPPON_STEEL_JP,Nippon Steel,JP,34.3,72.6,DISCLOSED_PATH,DISCLOSED_PATH,PORT-00A7244DC13E,CAND-450CB289C8C9D2,P1,PORT-00A7244DC13E,366.843974,26249.554,71.555092,True,True,,0.0,3.446647212967946e-06,True,True,True,True,,0.0,0.0,0.0,2,2,0.3870168063999999,0.65,1.52,P1,지연·현물조달,False,24604.8,2034,8019.0,74.621968,27374.619,27374.619,35544.67,366.843974,74.621968,109.597299,42931.997,40205.109,48375.159,12830.489,2705.24,-21.649,0.0,96.893155,22.271186,82.055342,7.433374,0.0,0.0,0.0,0.0,0.0,366.843974,35544.67,3.616078,6.622474,10962.595,977.9,12318.943,18740.551,0.0,-12830.489,-2814.371,19.49,100,True,52.061629
NIPPON_STEEL_JP,Nippon Steel,JP,34.3,72.6,ACCELERATED_15C,DISCLOSED_PATH,PORT-00A7244DC13E,CAND-450CB289C8C9D2,P1,PORT-00A7244DC13E,366.843974,22490.116,61.307033,False,False,2035,6.457752061632604,-6.457752061632604,True,True,True,True,,0.0,0.0,0.0,2,2,0.3870168063999999,0.65,1.52,P1,지연·현물조달,False,24604.8,2034,8019.0,64.384622,23619.111,23619.111,32383.126,366.843974,64.384622,115.956983,45925.409,42538.12,51302.135,18919.01,3298.944,-88.345,-0.0,88.274929,23.890306,73.618216,9.233594,0.0,0.0,0.0,0.0,0.0,366.843974,32383.126,3.294443,6.033433,10962.595,977.9,13557.522,20387.79,0.0,-18919.01,-3447.003,99.317,100,True,30.798346
NIPPON_STEEL_JP,Nippon Steel,JP,34.3,72.6,DISCLOSED_PATH,DISCLOSED_PATH,PORT-792EEE640306,CAND-0E307C2CAB5D7A,P2,PORT-792EEE640306,339.438974,24734.365,72.86837,True,True,,0.0,3.446647212967946e-06,True,True,True,True,,0.0,0.0,0.0,2,2,0.3603653631999999,0.65,1.36,P2,지연·부분헤지,False,22047.3,2034,8019.0,75.465271,25615.854,25615.854,32389.769,339.438974,75.465271,110.467438,40385.127,37496.954,44270.868,11881.1,2867.996,-20.177,0.0,95.421478,19.956207,83.973937,8.508666,0.0,0.0,0.0,0.0,0.0,339.438974,32389.769,3.295119,6.034671,9226.964,933.199,11380.716,18750.21,53.065,-11881.1,-2847.331,0.13,100,True,52.904932
NIPPON_STEEL_JP,Nippon Steel,JP,34.3,72.6,ACCELERATED_15C,DISCLOSED_PATH,PORT-792EEE640306,CAND-0E307C2CAB5D7A,P2,PORT-792EEE640306,339.438974,21139.968,62.279141,False,False,2035,13.759996694999998,-13.759996694999998,True,True,True,True,,0.0,0.0,0.0,2,2,0.3603653631999999,0.65,1.36,P2,지연·부분헤지,False,22047.3,2034,8019.0,65.145969,22113.081,22113.081,29213.301,339.438974,65.145969,116.695578,43282.705,39611.027,46711.247,17497.946,3661.338,-10.34,0.0,86.063484,20.917515,75.962871,10.816902,0.0,0.0,0.0,0.0,0.0,339.438974,29213.301,2.971966,5.44285,9405.544,933.199,12783.968,20106.706,56.414,-17497.946,-3725.795,50.989,100,True,31.559693
NIPPON_STEEL_JP,Nippon Steel,JP,34.3,72.6,DISCLOSED_PATH,DISCLOSED_PATH,PORT-0650AB6C64AE,CAND-BB1980A1B6CB5D,P1,PORT-0650AB6C64AE,408.503937,29984.113,73.399815,True,True,,0.0,3.446647212967946e-06,True,True,True,True,,0.0,0.0,0.0,2,2,0.3870168063999999,0.65,1.52,P1,지연·현물조달,False,24432.1,2032,6930.0,76.14744,31106.529,31106.529,38779.067,408.503937,76.14744,111.168384,48251.523,45412.723,53085.26,14306.193,2810.508,-28.292,0.0,94.929481,18.782041,83.0967,6.94926,0.0,0.0,0.0,0.0,0.0,408.503937,38779.067,3.945124,7.225087,13079.281,1096.398,13885.171,20718.028,0.0,-14306.193,-3362.04,-4.114,100,True,53.587101
NIPPON_STEEL_JP,Nippon Steel,JP,34.3,72.6,ACCELERATED_15C,DISCLOSED_PATH,PORT-0650AB6C64AE,CAND-BB1980A1B6CB5D,P1,PORT-0650AB6C64AE,408.503937,25814.361,63.192442,False,False,2040,4.005001334999999,-4.005001334999999,True,True,True,True,,0.0,0.0,0.0,2,2,0.3870168063999999,0.65,1.52,P1,지연·현물조달,False,24432.1,2032,6930.0,65.641236,26814.703,26814.703,35265.044,408.503937,65.641236,117.235689,51570.532,47891.24,56341.581,21076.537,3426.767,-252.525,-0.0,86.327305,20.68607,74.647984,9.006748,0.0,0.0,0.0,0.0,0.0,408.503937,35265.044,3.58763,6.570375,14040.873,1096.398,15168.058,22061.726,0.0,-21076.537,-4424.817,-50.997,100,True,32.05496
NIPPON_STEEL_JP,Nippon Steel,JP,34.3,72.6,DISCLOSED_PATH,DISCLOSED_PATH,PORT-792EEE640306,CAND-51563CC4DFE733,P1,PORT-792EEE640306,339.438974,25238.655,74.354028,True,True,,0.0,3.446647212967946e-06,True,True,True,True,,0.0,0.0,0.0,2,2,0.3603653631999999,0.65,1.36,P1,지연·현물조달,False,22047.3,2034,8019.0,77.325841,26247.404,26247.404,34100.593,339.438974,77.325841,112.328008,40447.451,38128.504,45981.693,11881.1,2310.724,-8.223,0.0,100.461631,23.13579,84.157546,6.831705,0.0,0.0,0.0,0.0,0.0,339.438974,34100.593,3.469167,6.353422,9267.404,933.199,11359.372,18832.979,0.0,-11881.1,-2274.383,9.932,100,True,54.765502
NIPPON_STEEL_JP,Nippon Steel,JP,34.3,72.6,ACCELERATED_15C,DISCLOSED_PATH,PORT-792EEE640306,CAND-51563CC4DFE733,P1,PORT-792EEE640306,339.438974,21895.397,64.504665,False,False,2035,13.759996694999998,-13.759996694999998,True,True,True,True,,0.0,0.0,0.0,2,2,0.3603653631999999,0.65,1.36,P1,지연·현물조달,False,22047.3,2034,8019.0,67.823482,23021.933,23021.933,31321.414,339.438974,67.823482,119.37309,43356.394,40519.879,48819.36,17497.946,2833.063,-3.452,0.0,92.274066,24.450584,76.179961,8.356479,0.0,0.0,0.0,0.0,0.0,339.438974,31321.414,3.186432,5.835621,9468.307,933.199,12806.523,20160.441,0.0,-17497.946,-2900.643,52.051,100,True,34.237206
NIPPON_STEEL_JP,Nippon Steel,JP,34.3,72.6,DISCLOSED_PATH,DISCLOSED_PATH,PORT-760BEDA2ECE0,CAND-478F19D65CB3E6,P2,PORT-760BEDA2ECE0,326.243969,24676.661,75.638673,True,True,,0.0,3.446647212967946e-06,True,True,True,True,,0.0,0.0,0.0,2,2,0.3603653631999999,0.65,1.36,P2,지연·부분헤지,False,22456.5,2034,8019.0,78.387429,25573.426,25573.426,32124.576,326.243969,78.387429,113.368285,39863.814,36985.719,43536.87,11412.293,2878.744,0.649,-0.0,98.467955,20.080526,87.209339,8.82191,0.0,0.0,0.0,0.0,0.0,326.243969,32124.576,3.26814,5.985262,9353.09,907.901,11245.286,18416.992,52.39,-11412.293,-2914.125,-75.815,100,True,55.82709
NIPPON_STEEL_JP,Nippon Steel,JP,34.3,72.6,ACCELERATED_15C,DISCLOSED_PATH,PORT-760BEDA2ECE0,CAND-478F19D65CB3E6,P2,PORT-760BEDA2ECE0,326.243969,21243.94,65.116729,False,False,2035,12.74499771,-12.74499771,True,True,True,True,,0.0,0.0,0.0,2,2,0.3603653631999999,0.65,1.36,P2,지연·부분헤지,False,22456.5,2034,8019.0,68.075372,22209.179,22209.179,29148.414,326.243969,68.075372,119.574682,42712.446,39010.519,45949.754,16801.339,3661.7,-40.228,-0.0,89.345451,21.270079,79.422486,11.347114,0.0,0.0,0.0,0.0,0.0,326.243969,29148.414,2.965365,5.430761,9591.017,907.901,11958.468,20311.32,55.649,-16801.339,-3819.43,5.594,100,True,34.489096
NIPPON_STEEL_JP,Nippon Steel,JP,34.3,72.6,DISCLOSED_PATH,DISCLOSED_PATH,PORT-160DD6C4A97F,CAND-97FAAFFD87E907,P1,PORT-160DD6C4A97F,442.153947,19641.24,44.421722,True,False,,0.0,3.446647212967946e-06,False,False,True,True,2034,4.469999115000004,0.0,0.0,2,2,0.41255777279999983,0.65,1.68,P1,지연·현물조달,False,26318.6,2036,6237.0,45.920982,20304.143,20304.143,27415.139,442.153947,45.920982,80.927497,38861.108,35782.412,42893.408,15478.269,3029.32,-49.377,-0.0,62.003605,16.082623,52.883933,6.962951,0.0,0.0,0.0,0.0,0.0,442.153947,27415.139,2.789033,5.107827,12790.225,1045.57,16304.537,8903.282,0.0,-15478.269,-3305.541,44.34,100,True,23.360643
NIPPON_STEEL_JP,Nippon Steel,JP,34.3,72.6,ACCELERATED_15C,DISCLOSED_PATH,PORT-160DD6C4A97F,CAND-97FAAFFD87E907,P1,PORT-160DD6C4A97F,442.153947,14258.889,32.248699,True,True,,0.0,3.446647212967946e-06,True,True,True,True,,0.0,0.0,0.0,2,2,0.41255777279999983,0.65,1.68,P1,지연·현물조달,False,26318.6,2036,6237.0,33.586276,14850.305,14850.305,22753.639,442.153947,33.586276,85.228481,41450.569,37684.109,45587.444,22833.805,3673.633,-92.826,-0.0,51.460897,17.874621,42.104711,8.518435,0.0,0.0,0.0,0.0,0.0,442.153947,22753.639,2.314803,4.239324,14028.801,1045.57,17180.469,9873.472,0.0,-22833.805,-4351.112,-93.09,100,True,0.0
NIPPON_STEEL_JP,Nippon Steel,JP,34.3,72.6,DISCLOSED_PATH,DISCLOSED_PATH,PORT-0ACD636A8AEE,CAND-32B1C4DEC95227,P3,PORT-0ACD636A8AEE,446.878947,25357.995,56.744663,True,False,,0.0,3.446647212967946e-06,False,False,True,True,2034,3.3599990099999992,0.0,0.0,2,2,0.47641018879999986,0.65,2.16,P3,균형형 라이트헤지,False,29123.6,2038,7425.0,58.175181,25997.264,25997.264,31983.506,446.878947,58.175181,93.177852,46348.326,41639.22,47625.463,15641.957,4679.9,-29.206,0.0,71.57085,13.395669,68.712947,10.537766,0.0,0.0,0.0,0.0,0.0,446.878947,31983.506,3.253789,5.958978,11949.075,1108.15,15854.77,17058.893,197.018,-15641.957,-4504.81,-23.877,100,True,35.614842
NIPPON_STEEL_JP,Nippon Steel,JP,34.3,72.6,ACCELERATED_15C,DISCLOSED_PATH,PORT-0ACD636A8AEE,CAND-32B1C4DEC95227,P3,PORT-0ACD636A8AEE,446.878947,19867.245,44.457778,True,True,,0.0,3.446647212967946e-06,True,True,True,True,,0.0,0.0,0.0,2,2,0.47641018879999986,0.65,2.16,P3,균형형 라이트헤지,False,29123.6,2038,7425.0,45.903296,20513.216,20513.216,26930.848,446.878947,45.903296,97.547742,49617.249,43592.032,50009.664,23078.816,5960.985,-64.232,0.0,60.264302,14.361007,59.386179,13.482883,0.0,0.0,0.0,0.0,0.0,446.878947,26930.848,2.739765,5.017597,9503.014,1108.15,20663.361,17120.605,210.235,-23078.816,-4972.447,-40.885,100,True,12.31702
NIPPON_STEEL_JP,Nippon Steel,JP,34.3,72.6,DISCLOSED_PATH,DISCLOSED_PATH,PORT-0ACD636A8AEE,CAND-2E3E235F5F3F44,P2,PORT-0ACD636A8AEE,446.878947,25974.471,58.124177,True,False,,0.0,3.446647212967946e-06,False,False,True,True,2034,3.3599990099999992,0.0,0.0,2,2,0.47641018879999986,0.65,2.16,P2,지연·부분헤지,False,29123.6,2038,7425.0,59.906914,26771.139,26771.139,34273.704,446.878947,59.906914,94.909585,46383.212,42413.095,49915.661,15641.957,3979.165,9.049,0.0,76.695723,16.788809,68.791012,8.884098,0.0,0.0,0.0,0.0,0.0,446.878947,34273.704,3.486778,6.385675,15088.76,1108.15,15488.649,15018.981,64.942,-15641.957,-4412.707,56.321,100,True,37.346575
NIPPON_STEEL_JP,Nippon Steel,JP,34.3,72.6,ACCELERATED_15C,DISCLOSED_PATH,PORT-0ACD636A8AEE,CAND-2E3E235F5F3F44,P2,PORT-0ACD636A8AEE,446.878947,20785.807,46.513282,True,True,,0.0,3.446647212967946e-06,True,True,True,True,,0.0,0.0,0.0,2,2,0.47641018879999986,0.65,2.16,P2,지연·부분헤지,False,29123.6,2038,7425.0,48.449959,21651.267,21651.267,29726.119,446.878947,48.449959,100.094405,49633.671,44730.082,52804.935,23078.816,4953.109,49.521,0.0,66.519399,18.069441,59.422927,10.972968,0.0,0.0,0.0,0.0,0.0,446.878947,29726.119,3.024137,5.538395,13317.072,1108.15,17528.083,17780.653,68.961,-23078.816,-5032.876,-39.96,100,True,14.863683
NIPPON_STEEL_JP,Nippon Steel,JP,34.3,72.6,DISCLOSED_PATH,DISCLOSED_PATH,PORT-0ACD636A8AEE,CAND-8A32EE77ABBE07,P1,PORT-0ACD636A8AEE,446.878947,26404.464,59.086391,True,False,,0.0,3.446647212967946e-06,False,False,True,True,2034,3.3599990099999992,0.0,0.0,2,2,0.47641018879999986,0.65,2.16,P1,지연·현물조달,False,29123.6,2038,7425.0,61.056064,27284.669,27284.669,36058.931,446.878947,61.056064,96.058735,46397.204,42926.626,51700.888,15641.957,3461.481,-9.097,0.0,80.690601,19.634537,68.822323,7.766259,0.0,0.0,0.0,0.0,0.0,446.878947,36058.931,3.668395,6.718288,13549.411,1108.15,14695.298,17209.719,0.0,-15641.957,-3541.312,-94.639,100,True,38.495725
NIPPON_STEEL_JP,Nippon Steel,JP,34.3,72.6,ACCELERATED_15C,DISCLOSED_PATH,PORT-0ACD636A8AEE,CAND-8A32EE77ABBE07,P1,PORT-0ACD636A8AEE,446.878947,21418.195,47.928405,True,True,,0.0,3.446647212967946e-06,True,True,True,True,,0.0,0.0,0.0,2,2,0.47641018879999986,0.65,2.16,P1,지연·현물조달,False,29123.6,2038,7425.0,50.112618,22394.274,22394.274,31905.038,446.878947,50.112618,101.757065,49627.687,45473.09,54983.854,23078.816,4237.843,83.246,0.0,71.39526,21.282641,59.409537,9.296918,0.0,0.0,0.0,0.0,0.0,446.878947,31905.038,3.245806,5.944359,13549.411,1108.15,16255.618,18825.696,0.0,-23078.816,-4321.423,55.637,100,True,16.526342
NIPPON_STEEL_JP,Nippon Steel,JP,34.3,72.6,DISCLOSED_PATH,DISCLOSED_PATH,PORT-1411E33E415A,CAND-0902F4B4859A1C,P2,PORT-1411E33E415A,447.753948,27676.996,61.812958,True,False,,0.0,3.446647212967946e-06,False,False,True,True,2036,3.2699989650000028,0.0,0.0,2,2,0.41255777279999983,0.65,1.68,P2,지연·부분헤지,False,26991.8,2034,8019.0,64.836758,29030.914,29030.914,36488.263,447.753948,64.836758,99.847468,48469.001,44707.098,52164.447,15676.183,3787.821,25.917,-0.0,81.491774,16.655015,73.238479,8.40172,0.0,0.0,0.0,0.0,0.0,447.753948,36488.263,3.712073,6.798278,12727.897,1134.203,16004.323,18667.025,65.594,-15676.183,-3933.093,41.149,100,True,42.276419
NIPPON_STEEL_JP,Nippon Steel,JP,34.3,72.6,ACCELERATED_15C,DISCLOSED_PATH,PORT-1411E33E415A,CAND-0902F4B4859A1C,P2,PORT-1411E33E415A,447.753948,22579.1,50.427473,True,True,,0.0,3.446647212967946e-06,True,True,True,True,,0.0,0.0,0.0,2,2,0.41255777279999983,0.65,1.68,P2,지연·부분헤지,False,26991.8,2034,8019.0,53.402598,23911.224,23911.224,31952.914,447.753948,53.402598,105.053769,51861.128,47038.24,55079.93,23127.016,4754.492,-68.396,-0.0,71.362663,17.960065,64.173889,10.771292,0.0,0.0,0.0,0.0,0.0,447.753948,31952.914,3.250676,5.953279,12727.897,1134.203,17622.515,20311.32,69.68,-23127.016,-4920.992,93.617,100,True,19.816322
NIPPON_STEEL_JP,Nippon Steel,JP,34.3,72.6,DISCLOSED_PATH,DISCLOSED_PATH,PORT-1411E33E415A,CAND-009A19D2863AA5,P1,PORT-1411E33E415A,447.753948,28178.871,62.933831,True,False,,0.0,3.446647212967946e-06,False,False,True,True,2036,3.2699989650000028,0.0,0.0,2,2,0.41255777279999983,0.65,1.68,P1,지연·현물조달,False,26991.8,2034,8019.0,66.402374,29731.925,29731.925,38396.166,447.753948,66.402374,101.413083,48590.832,45408.108,54072.349,15676.183,3237.687,54.963,0.0,85.752825,19.350451,73.510572,7.108198,0.0,0.0,0.0,0.0,0.0,447.753948,38396.166,3.90617,7.153747,12841.456,1134.203,16010.987,18740.551,0.0,-15676.183,-3359.846,40.757,100,True,43.842035
NIPPON_STEEL_JP,Nippon Steel,JP,34.3,72.6,ACCELERATED_15C,DISCLOSED_PATH,PORT-1411E33E415A,CAND-009A19D2863AA5,P1,PORT-1411E33E415A,447.753948,23323.438,52.089855,True,True,,0.0,3.446647212967946e-06,True,True,True,True,,0.0,0.0,0.0,2,2,0.41255777279999983,0.65,1.68,P1,지연·현물조달,False,26991.8,2034,8019.0,55.455884,24830.591,24830.591,34297.659,447.753948,55.455884,107.107056,51993.252,47957.607,57424.675,23127.016,3938.072,-97.573,-0.0,76.599344,21.14346,64.46897,9.013086,0.0,0.0,0.0,0.0,0.0,447.753948,34297.659,3.489215,6.390138,14860.91,1134.203,16875.673,19844.615,0.0,-23127.016,-4686.403,-71.392,100,True,21.869608
NIPPON_STEEL_JP,Nippon Steel,JP,34.3,72.6,DISCLOSED_PATH,DISCLOSED_PATH,PORT-28AC80454322,CAND-BE3632C0C6EBCB,P1,PORT-28AC80454322,449.103942,31053.092,69.144554,True,False,,0.0,3.446647212967946e-06,False,False,True,True,2036,4.0200011400000015,0.0,0.0,2,2,0.41255777279999983,0.65,1.68,P1,지연·현물조달,False,26580.4,2032,6930.0,71.625925,32167.485,32167.485,40332.116,449.103942,71.625925,106.638732,51219.182,47891.875,56056.506,15724.389,3168.725,-158.582,-0.0,89.80575,18.179825,79.034694,7.408769,0.0,0.0,0.0,0.0,0.0,449.103942,40332.116,4.103121,7.514442,15824.781,1166.396,15493.569,19598.54,0.0,-15724.389,-4108.471,-82.941,100,True,49.065586
NIPPON_STEEL_JP,Nippon Steel,JP,34.3,72.6,ACCELERATED_15C,DISCLOSED_PATH,PORT-28AC80454322,CAND-BE3632C0C6EBCB,P1,PORT-28AC80454322,449.103942,26304.285,58.570594,True,True,,0.0,3.446647212967946e-06,True,True,True,True,,0.0,0.0,0.0,2,2,0.41255777279999983,0.65,1.68,P1,지연·현물조달,False,26580.4,2032,6930.0,60.890514,27346.17,27346.17,36611.724,449.103942,60.890514,112.536036,54570.34,50540.377,59805.931,23194.208,3855.888,-174.074,-0.0,81.521715,20.631201,69.863855,8.973341,0.0,0.0,0.0,0.0,0.0,449.103942,36611.724,3.724633,6.821281,11070.306,1166.396,18668.129,23157.199,0.0,-23194.208,-3462.919,-58.734,100,True,27.304238
NIPPON_STEEL_JP,Nippon Steel,JP,34.3,72.6,DISCLOSED_PATH,DISCLOSED_PATH,PORT-42FD0857B83C,CAND-4C03DDE7A8F948,P3,PORT-42FD0857B83C,452.478948,33309.485,73.615546,True,False,,0.0,3.446647212967946e-06,False,False,True,True,2036,0.39999896500000176,0.0,0.0,2,2,0.47641018879999986,0.65,2.16,P3,균형형 라이트헤지,False,29796.8,2034,8019.0,75.877006,34332.748,34332.748,40960.594,452.478948,75.877006,110.883876,55477.481,50172.619,56800.465,15839.871,5494.221,189.359,0.0,90.524861,14.647854,87.601003,11.723997,0.0,0.0,0.0,0.0,0.0,452.478948,40960.594,4.167058,7.631537,12229.322,1196.784,16732.933,24954.005,230.757,-15839.871,-5213.088,41.906,100,True,53.316667
NIPPON_STEEL_JP,Nippon Steel,JP,34.3,72.6,ACCELERATED_15C,DISCLOSED_PATH,PORT-42FD0857B83C,CAND-4C03DDE7A8F948,P3,PORT-42FD0857B83C,452.478948,28014.913,61.91429,True,True,,0.0,3.446647212967946e-06,True,True,True,True,,0.0,0.0,0.0,2,2,0.47641018879999986,0.65,2.16,P3,균형형 라이트헤지,False,29796.8,2034,8019.0,64.288685,29089.276,29089.276,36117.946,452.478948,64.288685,115.941976,59532.064,52461.303,59489.973,23372.027,7168.95,98.19,0.0,79.82238,15.533695,79.915402,15.626717,0.0,0.0,0.0,0.0,0.0,452.478948,36117.946,3.674399,6.729283,12229.322,1196.784,18430.738,27234.704,246.48,-23372.027,-6824.582,-52.143,100,True,30.702409
NIPPON_STEEL_JP,Nippon Steel,JP,34.3,72.6,DISCLOSED_PATH,DISCLOSED_PATH,PORT-42FD0857B83C,CAND-91BB5A02A7A61F,P2,PORT-42FD0857B83C,452.478948,34274.166,75.747538,True,False,,0.0,3.446647212967946e-06,False,False,True,True,2036,0.39999896500000176,0.0,0.0,2,2,0.47641018879999986,0.65,2.16,P2,지연·부분헤지,False,29796.8,2034,8019.0,78.622459,35575.007,35575.007,43876.4,452.478948,78.622459,113.629328,55500.716,51414.879,59716.271,15839.871,4406.777,320.939,0.0,96.968931,18.346473,87.652353,9.029895,0.0,0.0,0.0,0.0,0.0,452.478948,43876.4,4.463692,8.174792,12832.781,1196.784,16013.655,25548.677,74.201,-15839.871,-4203.193,-48.026,100,True,56.06212
NIPPON_STEEL_JP,Nippon Steel,JP,34.3,72.6,ACCELERATED_15C,DISCLOSED_PATH,PORT-42FD0857B83C,CAND-91BB5A02A7A61F,P2,PORT-42FD0857B83C,452.478948,29480.361,65.153001,True,True,,0.0,3.446647212967946e-06,True,True,True,True,,0.0,0.0,0.0,2,2,0.47641018879999986,0.65,2.16,P2,지연·부분헤지,False,29796.8,2034,8019.0,68.154795,30838.61,30838.61,39811.539,452.478948,68.154795,119.808087,59579.269,54210.637,63183.566,23372.027,5589.317,220.685,0.0,87.985396,19.830601,80.019727,11.864931,0.0,0.0,0.0,0.0,0.0,452.478948,39811.539,4.050161,7.417452,15891.031,1196.784,16784.776,26378.556,78.88,-23372.027,-6213.758,94.368,100,True,34.568519
NIPPON_STEEL_JP,Nippon Steel,JP,34.3,72.6,DISCLOSED_PATH,DISCLOSED_PATH,PORT-42FD0857B83C,CAND-C0EAED81BD41EE,P1,PORT-42FD0857B83C,452.478948,34942.096,77.223694,True,False,,0.0,3.446647212967946e-06,False,False,True,True,2036,0.39999896500000176,0.0,0.0,2,2,0.47641018879999986,0.65,2.16,P1,지연·현물조달,False,29796.8,2034,8019.0,80.631658,36484.128,36484.128,46070.209,452.478948,80.631658,115.638528,55587.099,52323.999,61910.081,15839.871,3671.187,408.087,0.0,101.817354,21.185696,87.843265,7.211606,0.0,0.0,0.0,0.0,0.0,452.478948,46070.209,4.686876,8.58353,12784.643,1196.784,16054.395,25710.651,0.0,-15839.871,-3398.189,-24.285,100,True,58.071319
NIPPON_STEEL_JP,Nippon Steel,JP,34.3,72.6,ACCELERATED_15C,DISCLOSED_PATH,PORT-42FD0857B83C,CAND-C0EAED81BD41EE,P1,PORT-42FD0857B83C,452.478948,30482.744,67.368315,True,True,,0.0,3.446647212967946e-06,True,True,True,True,,0.0,0.0,0.0,2,2,0.47641018879999986,0.65,2.16,P1,지연·현물조달,False,29796.8,2034,8019.0,70.853574,32059.751,32059.751,42588.381,452.478948,70.853574,122.506865,59688.849,55431.777,65960.408,23372.027,4493.395,236.323,-0.0,94.122349,23.268775,80.261904,9.40833,0.0,0.0,0.0,0.0,0.0,452.478948,42588.381,4.332658,7.934816,11849.105,1196.784,18870.402,27533.879,0.0,-23372.027,-3830.956,-187.437,100,True,37.267298
NIPPON_STEEL_JP,Nippon Steel,JP,34.3,72.6,DISCLOSED_PATH,DISCLOSED_PATH,PORT-3391EE4132D6,CAND-61C6F8AE75933E,P3,PORT-3391EE4132D6,453.828942,35968.159,79.254882,True,False,,0.0,3.446647212967946e-06,False,False,True,True,2036,1.1500011400000005,0.0,0.0,2,2,0.47641018879999986,0.65,2.16,P3,균형형 라이트헤지,False,29385.4,2038,7425.0,81.232117,36865.486,36865.486,43639.447,453.828942,81.232117,116.241073,58585.908,52753.563,59527.524,15888.077,5700.295,-132.05,-0.0,96.15836,14.926242,94.083535,12.851418,0.0,0.0,0.0,0.0,0.0,453.828942,43639.447,4.439586,8.130645,13196.149,1228.977,15899.342,27862.717,241.339,-15888.077,-5676.869,1.908,100,True,58.671778
NIPPON_STEEL_JP,Nippon Steel,JP,34.3,72.6,ACCELERATED_15C,DISCLOSED_PATH,PORT-3391EE4132D6,CAND-61C6F8AE75933E,P3,PORT-3391EE4132D6,453.828942,30654.444,67.546252,True,True,,0.0,3.446647212967946e-06,True,True,True,True,,0.0,0.0,0.0,2,2,0.47641018879999986,0.65,2.16,P3,균형형 라이트헤지,False,29385.4,2038,7425.0,69.530997,31555.179,31555.179,38753.008,453.828942,69.530997,121.178692,62645.567,54994.398,62192.227,23439.219,7473.599,-177.571,0.0,85.391223,15.860225,86.390146,16.859148,0.0,0.0,0.0,0.0,0.0,453.828942,38753.008,3.942473,7.220232,14262.98,1228.977,17332.14,29667.243,257.505,-23439.219,-7756.057,1.609,100,True,35.944721
NIPPON_STEEL_JP,Nippon Steel,JP,34.3,72.6,DISCLOSED_PATH,DISCLOSED_PATH,PORT-3391EE4132D6,CAND-45605758418B60,P2,PORT-3391EE4132D6,453.828942,37060.94,81.662796,True,False,,0.0,3.446647212967946e-06,False,False,True,True,2036,1.1500011400000005,0.0,0.0,2,2,0.47641018879999986,0.65,2.16,P2,지연·부분헤지,False,29385.4,2038,7425.0,84.100574,38167.274,38167.274,46667.092,453.828942,84.100574,119.109529,58670.272,54055.352,62555.17,15888.077,4442.361,-172.559,0.0,102.829697,18.729123,94.269428,10.168854,0.0,0.0,0.0,0.0,0.0,453.828942,46667.092,4.747599,8.694738,16275.863,1228.977,15153.063,26415.712,76.953,-15888.077,-5115.518,20.302,100,True,61.540235
NIPPON_STEEL_JP,Nippon Steel,JP,34.3,72.6,ACCELERATED_15C,DISCLOSED_PATH,PORT-3391EE4132D6,CAND-45605758418B60,P2,PORT-3391EE4132D6,453.828942,32323.548,71.224078,True,True,,0.0,3.446647212967946e-06,True,True,True,True,,0.0,0.0,0.0,2,2,0.47641018879999986,0.65,2.16,P2,지연·부분헤지,False,29385.4,2038,7425.0,73.72964,33460.644,33460.644,42627.729,453.828942,73.72964,125.377334,62723.054,56899.863,66066.947,23439.219,5645.166,-178.026,0.0,93.929067,20.199427,86.560887,12.831247,0.0,0.0,0.0,0.0,0.0,453.828942,42627.729,4.336661,7.942147,13998.299,1228.977,17126.609,30241.177,81.75,-23439.219,-5776.177,-0.772,100,True,40.143364
NIPPON_STEEL_JP,Nippon Steel,JP,34.3,72.6,DISCLOSED_PATH,DISCLOSED_PATH,PORT-3391EE4132D6,CAND-185224D49A1B91,P1,PORT-3391EE4132D6,453.828942,37816.316,83.327247,True,False,,0.0,3.446647212967946e-06,False,False,True,True,2036,1.1500011400000005,0.0,0.0,2,2,0.47641018879999986,0.65,2.16,P1,지연·현물조달,False,29385.4,2038,7425.0,86.056048,39054.725,39054.725,48916.448,453.828942,86.056048,121.065004,58773.073,54942.803,64804.525,15888.077,3612.317,-217.954,0.0,107.786092,21.730043,94.495948,8.4399,0.0,0.0,0.0,0.0,0.0,453.828942,48916.448,4.976433,9.113824,13215.226,1228.977,15987.062,28110.83,0.0,-15888.077,-3532.429,-66.863,100,True,63.495709
NIPPON_STEEL_JP,Nippon Steel,JP,34.3,72.6,ACCELERATED_15C,DISCLOSED_PATH,PORT-3391EE4132D6,CAND-185224D49A1B91,P1,PORT-3391EE4132D6,453.828942,33463.591,73.736132,True,True,,0.0,3.446647212967946e-06,True,True,True,True,,0.0,0.0,0.0,2,2,0.47641018879999986,0.65,2.16,P1,지연·현물조달,False,29385.4,2038,7425.0,76.596771,34761.832,34761.832,45550.201,453.828942,76.596771,128.244466,62839.884,58201.05,68989.419,23439.219,4431.57,-207.264,-0.0,100.368655,23.771884,86.818318,10.221547,0.0,0.0,0.0,0.0,0.0,453.828942,45550.201,4.633974,8.486645,14104.768,1228.977,17093.907,30324.802,0.0,-23439.219,-4556.104,4.699,100,True,43.010495
NIPPON_STEEL_JP,Nippon Steel,JP,34.3,72.6,DISCLOSED_PATH,DISCLOSED_PATH,PORT-D74D023C0D05,CAND-1FF01FDB28F13A,P4,PORT-D74D023C0D05,521.418946,49114.443,94.193822,True,False,,0.0,3.446647212967946e-06,False,False,True,True,2028,0.4799982000000007,0.0,0.5400000000000009,2,2,0.5333221247999997,0.65,2.6399999999999997,P4,균형형 전환,False,32153.0,2033,8019.0,95.797769,49950.772,49950.772,57340.752,521.418946,95.797769,130.761952,77495.473,68181.759,75571.739,18230.987,9329.969,16.255,-0.0,109.970595,14.172826,113.660016,17.862247,0.0,0.0,0.0,0.0,0.0,521.418946,57340.752,5.833466,10.683391,17370.196,1522.1,17507.411,40766.347,701.932,-18230.987,-9661.572,-24.655,100,True,73.23743
NIPPON_STEEL_JP,Nippon Steel,JP,34.3,72.6,ACCELERATED_15C,DISCLOSED_PATH,PORT-D74D023C0D05,CAND-1FF01FDB28F13A,P4,PORT-D74D023C0D05,521.418946,42713.381,81.917585,True,True,,0.0,3.446647212967946e-06,True,True,True,True,,0.0,0.0,0.0,2,2,0.5333221247999997,0.65,2.6399999999999997,P4,균형형 전환,False,32153.0,2033,8019.0,83.444088,43509.328,43509.328,51100.586,521.418946,83.444088,134.858681,83223.609,70317.871,77909.129,26808.543,12775.729,-130.009,0.0,98.002932,14.558845,108.195274,24.751186,0.0,0.0,0.0,0.0,0.0,521.418946,51100.586,5.198633,9.52076,17370.196,1522.1,19235.544,44436.554,753.268,-26808.543,-13133.412,133.621,100,True,49.857812
NIPPON_STEEL_JP,Nippon Steel,JP,34.3,72.6,DISCLOSED_PATH,DISCLOSED_PATH,PORT-34AD95AD1263,CAND-CDFE2587E5584F,P4,PORT-34AD95AD1263,522.518939,51527.28,98.613229,True,False,,0.0,3.446647212967946e-06,False,False,True,True,2028,0.0,0.0,0.5400000000000009,2,2,0.5333221247999997,0.65,2.6399999999999997,P4,균형형 전환,False,31741.6,2037,7425.0,100.184706,52348.406,52348.406,59064.885,522.518939,100.184706,135.148906,80376.573,70617.863,77334.342,18269.457,9698.665,-60.045,-0.0,113.038745,12.854039,118.860987,18.676281,0.0,0.0,0.0,0.0,0.0,522.518939,59064.885,6.008868,11.004622,15150.766,1552.928,17663.173,45145.825,726.27,-18269.457,-9627.891,6.792,100,True,77.624367
NIPPON_STEEL_JP,Nippon Steel,JP,34.3,72.6,ACCELERATED_15C,DISCLOSED_PATH,PORT-34AD95AD1263,CAND-CDFE2587E5584F,P4,PORT-34AD95AD1263,522.518939,45000.915,86.123031,True,True,,0.0,3.446647212967946e-06,True,True,True,True,,0.0,0.0,0.0,2,2,0.5333221247999997,0.65,2.6399999999999997,P4,균형형 전환,False,31741.6,2037,7425.0,87.790429,45872.162,45872.162,52709.836,522.518939,87.790429,139.194754,86126.744,72731.895,79569.57,26859.733,13388.587,-6.262,0.0,100.876413,13.085984,113.425575,25.635146,0.0,0.0,0.0,0.0,0.0,522.518939,52709.836,5.362347,9.820586,15958.434,1552.928,20176.62,47692.367,778.267,-26859.733,-13385.962,-40.759,100,True,54.204153
NIPPON_STEEL_JP,Nippon Steel,JP,34.3,72.6,DISCLOSED_PATH,DISCLOSED_PATH,PORT-7DC6DDA55D96,CAND-004C84C918F9F0,P2,PORT-7DC6DDA55D96,209.368973,20043.231,95.731622,False,False,2030,4.807752286632599,-4.807752286632599,True,True,True,True,,0.0,0.0,0.0,2,2,0.4298908671999999,0.65,1.84,P2,지연·부분헤지,False,23326.6,2038,7425.0,100.235921,20986.292,20986.292,26188.006,209.368973,100.235921,135.207152,30895.429,28308.183,33509.897,7321.891,2552.769,-34.478,0.0,125.080643,24.844722,112.593276,12.357355,0.0,0.0,0.0,0.0,0.0,209.368973,26188.006,2.664193,4.879195,9869.737,621.563,5549.011,15150.728,40.164,-7321.891,-2912.363,-10.656,100,True,77.675582
NIPPON_STEEL_JP,Nippon Steel,JP,34.3,72.6,ACCELERATED_15C,DISCLOSED_PATH,PORT-7DC6DDA55D96,CAND-004C84C918F9F0,P2,PORT-7DC6DDA55D96,209.368973,17931.869,85.647215,False,False,2030,21.3077522866326,-21.3077522866326,True,True,True,True,,0.0,0.0,0.0,2,2,0.4298908671999999,0.65,1.84,P2,지연·부분헤지,False,23326.6,2038,7425.0,90.34423,18915.279,18915.279,24558.1,209.368973,90.34423,142.345795,33170.089,29802.793,35445.614,10887.514,3259.809,-107.487,-0.0,117.295794,26.951564,106.427302,16.083073,0.0,0.0,0.0,0.0,0.0,209.368973,24558.1,2.498377,4.575521,9257.359,621.563,6349.54,17099.582,42.651,-10887.514,-3553.209,-14.692,100,True,56.757954
NIPPON_STEEL_JP,Nippon Steel,JP,34.3,72.6,DISCLOSED_PATH,DISCLOSED_PATH,PORT-91584DA203D9,CAND-005FE12044C08C,P2,PORT-91584DA203D9,223.148943,21588.607,96.745279,False,False,2030,8.940000609999998,-8.940000609999998,True,True,True,True,,0.0,0.0,0.0,2,2,0.3325551616000001,0.65,1.2,P2,지연·부분헤지,False,18876.0,2034,8019.0,101.672345,22688.076,22688.076,28080.874,223.148943,101.672345,136.779956,32651.701,30522.302,35915.1,7834.226,2200.403,71.004,0.0,125.839151,24.166806,111.214845,9.5425,0.0,0.0,0.0,0.0,0.0,223.148943,28080.874,2.856761,5.231863,6658.3,689.22,6393.481,18830.575,40.472,-7834.226,-2151.015,61.269,100,True,79.112006
NIPPON_STEEL_JP,Nippon Steel,JP,34.3,72.6,ACCELERATED_15C,DISCLOSED_PATH,PORT-91584DA203D9,CAND-005FE12044C08C,P2,PORT-91584DA203D9,223.148943,19473.996,87.26905,False,False,2030,25.94000061,-25.94000061,True,True,True,True,,0.0,0.0,0.0,2,2,0.3325551616000001,0.65,1.2,P2,지연·부분헤지,False,18876.0,2034,8019.0,92.59627,20662.76,20662.76,26223.723,223.148943,92.59627,144.601834,35116.231,32267.746,37828.709,11604.987,2824.454,-24.031,0.0,117.51668,24.92041,105.361218,12.764948,0.0,0.0,0.0,0.0,0.0,223.148943,26223.723,2.667827,4.88585,7833.569,689.22,6984.262,19810.61,43.09,-11604.987,-3084.128,-8.877,100,True,59.009994
JFE_STEEL_JP,JFE Steel,JP,21.95,45.3,DISCLOSED_PATH,DISCLOSED_PATH,PORT-51A2628EF9C2,CAND-E8FAD9BDD034A5,P3,PORT-51A2628EF9C2,328.220861,40363.359,122.976215,True,True,,0.0,1.265341119704999e-05,True,True,True,True,,0.0,0.0,0.0,3,3,0.41232239999999987,0.65,1.78,P3,균형형 라이트헤지,False,20429.2,2033,9930.8,125.53964,41204.729,41204.729,49205.678,328.220861,125.53964,160.579159,58348.263,52705.43,60706.379,11500.701,5507.626,-135.207,0.0,149.916364,24.376723,142.731824,17.192184,0.0,0.0,0.0,0.0,0.0,328.220861,49205.678,13.643988,17.033259,10553.249,975.493,11066.531,35221.219,232.76,-11500.701,-5536.341,192.518,100,True,15.481861
JFE_STEEL_JP,JFE Steel,JP,21.95,45.3,ACCELERATED_15C,DISCLOSED_PATH,PORT-51A2628EF9C2,CAND-E8FAD9BDD034A5,P3,PORT-51A2628EF9C2,328.220861,37182.414,113.284736,True,True,,0.0,1.265341119704999e-05,True,True,True,True,,0.0,0.0,0.0,3,3,0.41232239999999987,0.65,1.78,P3,균형형 라이트헤지,False,20429.2,2033,9930.8,115.550462,37926.072,37926.072,46294.49,328.220861,115.550462,167.224764,62570.318,54886.656,63255.074,16960.584,7558.392,-125.271,0.0,141.046763,25.496301,138.960498,23.410037,0.0,0.0,0.0,0.0,0.0,328.220861,46294.49,12.83676,16.025509,10421.356,975.493,11612.178,39017.255,249.432,-16960.584,-7558.011,168.953,100,True,26.292385
JFE_STEEL_JP,JFE Steel,JP,21.95,45.3,DISCLOSED_PATH,DISCLOSED_PATH,PORT-51A2628EF9C2,CAND-F4B6AD5FB08D71,P2,PORT-51A2628EF9C2,328.220861,41807.514,127.376163,True,True,,0.0,1.265341119704999e-05,True,True,True,True,,0.0,0.0,0.0,3,3,0.41232239999999987,0.65,1.78,P2,지연·부분헤지,False,20429.2,2033,9930.8,130.547018,42848.255,42848.255,52895.976,328.220861,130.547018,165.586536,58445.059,54348.955,64396.677,11500.701,3913.714,-182.39,0.0,161.159701,30.612683,143.026736,12.479718,0.0,0.0,0.0,0.0,0.0,328.220861,52895.976,14.667252,18.310709,10543.517,975.493,10575.572,35909.204,71.146,-11500.701,-3959.378,233.402,100,True,20.489239
JFE_STEEL_JP,JFE Steel,JP,21.95,45.3,ACCELERATED_15C,DISCLOSED_PATH,PORT-51A2628EF9C2,CAND-F4B6AD5FB08D71,P2,PORT-51A2628EF9C2,328.220861,39413.198,120.081332,True,True,,0.0,1.265341119704999e-05,True,True,True,True,,0.0,0.0,0.0,3,3,0.41232239999999987,0.65,1.78,P2,지연·부분헤지,False,20429.2,2033,9930.8,122.897188,40337.421,40337.421,51078.469,328.220861,122.897188,174.571491,62646.471,57298.005,68039.053,16960.584,5118.011,-230.455,0.0,155.62225,32.725061,139.192515,16.295327,0.0,0.0,0.0,0.0,0.0,328.220861,51078.469,14.163284,17.681552,10543.517,975.493,11629.678,39054.766,75.909,-16960.584,-5182.948,201.591,100,True,33.639111
JFE_STEEL_JP,JFE Steel,JP,21.95,45.3,DISCLOSED_PATH,DISCLOSED_PATH,PORT-51A2628EF9C2,CAND-FCDB7C1BD7991A,P1,PORT-51A2628EF9C2,328.220861,42800.358,130.401089,True,True,,0.0,1.265341119704999e-05,True,True,True,True,,0.0,0.0,0.0,3,3,0.41232239999999987,0.65,1.78,P1,지연·현물조달,False,20429.2,2033,9930.8,134.03739,43993.868,43993.868,55552.758,328.220861,134.03739,169.076908,58573.438,55494.568,67053.459,11500.701,2885.62,-193.249,0.0,169.254198,35.216807,143.417871,9.380481,0.0,0.0,0.0,0.0,0.0,328.220861,55552.758,15.403937,19.230393,10807.579,975.493,11321.657,35076.57,0.0,-11500.701,-2937.094,250.364,100,True,23.979611
JFE_STEEL_JP,JFE Steel,JP,21.95,45.3,ACCELERATED_15C,DISCLOSED_PATH,PORT-51A2628EF9C2,CAND-FCDB7C1BD7991A,P1,PORT-51A2628EF9C2,328.220861,40930.073,124.702838,True,True,,0.0,1.265341119704999e-05,True,True,True,True,,0.0,0.0,0.0,3,3,0.41232239999999987,0.65,1.78,P1,지연·현물조달,False,20429.2,2033,9930.8,127.916283,41984.793,41984.793,54557.801,328.220861,127.916283,179.590586,62744.554,58945.377,71518.385,16960.584,3572.587,-226.591,0.0,166.222831,38.306548,139.491348,11.575065,0.0,0.0,0.0,0.0,0.0,328.220861,54557.801,15.12805,18.885974,10624.958,975.493,11647.178,39079.772,0.0,-16960.584,-3605.121,223.097,100,True,38.658206
JFE_STEEL_JP,JFE Steel,JP,21.95,45.3,DISCLOSED_PATH,DISCLOSED_PATH,PORT-CCD4397FA6D4,CAND-A735954AF09420,P3,PORT-CCD4397FA6D4,281.895878,30284.795,107.432556,True,True,,0.0,1.265341119704999e-05,True,True,True,True,,0.0,0.0,0.0,2,3,0.3119871999999999,0.65,1.1400000000000001,P3,균형형 라이트헤지,False,16139.2,2033,9930.8,110.057779,31024.834,31024.834,37129.479,281.895878,110.057779,145.115142,45005.531,40907.36,47012.005,9882.526,4089.634,-8.537,-0.0,131.713452,21.655674,124.595668,14.53789,0.0,0.0,0.0,0.0,0.0,281.895878,37129.479,10.295441,12.852908,8322.809,811.996,9790.419,26017.451,179.991,-9882.526,-4182.765,-32.54,100,True,0.0
JFE_STEEL_JP,JFE Steel,JP,21.95,45.3,ACCELERATED_15C,DISCLOSED_PATH,PORT-CCD4397FA6D4,CAND-A735954AF09420,P3,PORT-CCD4397FA6D4,281.895878,27384.963,97.145666,False,False,2040,5.28499579,-5.28499579,True,True,True,True,,0.0,0.0,0.0,2,3,0.3119871999999999,0.65,1.1400000000000001,P3,균형형 라이트헤지,False,16139.2,2033,9930.8,99.797818,28132.593,28132.593,34574.09,281.895878,99.797818,151.392409,48329.566,42676.896,49118.392,14544.302,5579.546,-73.125,0.0,122.648441,22.850623,119.850153,20.052335,0.0,0.0,0.0,0.0,0.0,281.895878,34574.09,9.586871,11.968322,8322.809,811.996,10742.375,28356.942,192.633,-14544.302,-5681.775,-68.084,100,True,10.539741
JFE_STEEL_JP,JFE Steel,JP,21.95,45.3,DISCLOSED_PATH,DISCLOSED_PATH,PORT-CCD4397FA6D4,CAND-0B566F19FFC9A2,P2,PORT-CCD4397FA6D4,281.895878,31362.25,111.25473,True,True,,0.0,1.265341119704999e-05,True,True,True,True,,0.0,0.0,0.0,2,3,0.3119871999999999,0.65,1.1400000000000001,P2,지연·부분헤지,False,16139.2,2033,9930.8,114.501194,32277.415,32277.415,39953.765,281.895878,114.501194,149.558557,45043.934,42159.941,49836.291,9882.526,2880.011,-3.982,-0.0,141.732348,27.231154,124.731897,10.230703,0.0,0.0,0.0,0.0,0.0,281.895878,39953.765,11.078573,13.830575,8510.051,811.996,9912.614,25937.458,55.271,-9882.526,-3033.081,-34.367,100,True,4.443415
JFE_STEEL_JP,JFE Steel,JP,21.95,45.3,ACCELERATED_15C,DISCLOSED_PATH,PORT-CCD4397FA6D4,CAND-0B566F19FFC9A2,P2,PORT-CCD4397FA6D4,281.895878,29040.327,103.01792,False,False,2040,5.28499579,-5.28499579,True,True,True,True,,0.0,0.0,0.0,2,3,0.3119871999999999,0.65,1.1400000000000001,P2,지연·부분헤지,False,16139.2,2033,9930.8,106.299095,29965.277,29965.277,38271.174,281.895878,106.299095,157.893685,48398.219,44509.579,52815.477,14544.302,3765.609,-123.03,0.0,135.763512,29.464418,120.09369,13.794595,0.0,0.0,0.0,0.0,0.0,281.895878,38271.174,10.612016,13.248122,8510.051,811.996,10873.931,28288.572,58.914,-14544.302,-3954.849,-79.035,100,True,17.041018
JFE_STEEL_JP,JFE Steel,JP,21.95,45.3,DISCLOSED_PATH,DISCLOSED_PATH,PORT-CCD4397FA6D4,CAND-321A1FBBC2D640,P1,PORT-CCD4397FA6D4,281.895878,32103.489,113.884208,True,True,,0.0,1.265341119704999e-05,True,True,True,True,,0.0,0.0,0.0,2,3,0.3119871999999999,0.65,1.1400000000000001,P1,지연·현물조달,False,16139.2,2033,9930.8,117.646878,33164.17,33164.17,42074.594,281.895878,117.646878,152.704241,45115.668,43046.696,51957.121,9882.526,2053.013,-15.958,-0.0,149.255799,31.608921,124.986366,7.339489,0.0,0.0,0.0,0.0,0.0,281.895878,42074.594,11.666647,14.564731,8634.879,811.996,10034.809,25884.129,0.0,-9882.526,-2271.912,-47.205,100,True,7.589099
JFE_STEEL_JP,JFE Steel,JP,21.95,45.3,ACCELERATED_15C,DISCLOSED_PATH,PORT-CCD4397FA6D4,CAND-321A1FBBC2D640,P1,PORT-CCD4397FA6D4,281.895878,30166.609,107.013304,False,False,2040,5.28499579,-5.28499579,True,True,True,True,,0.0,0.0,0.0,2,3,0.3119871999999999,0.65,1.1400000000000001,P1,지연·현물조달,False,16139.2,2033,9930.8,110.820715,31239.903,31239.903,40948.937,281.895878,110.820715,162.415306,48486.53,45784.205,55493.239,14544.302,2538.794,-163.531,-0.0,145.262631,34.441915,120.406968,9.586252,0.0,0.0,0.0,0.0,0.0,281.895878,40948.937,11.354519,14.175068,8634.879,811.996,11005.486,28242.992,0.0,-14544.302,-2810.754,-100.393,100,True,21.562638
JFE_STEEL_JP,JFE Steel,JP,21.95,45.3,DISCLOSED_PATH,DISCLOSED_PATH,PORT-E5F3D5116135,CAND-FC0AA3F9FE37C6,P3,PORT-E5F3D5116135,321.408363,31315.689,97.432714,True,False,,0.0,1.265341119704999e-05,False,False,True,True,2036,0.004998229999999992,0.0,0.0,2,3,0.3406543999999999,0.65,1.3,P3,균형형 라이트헤지,False,18185.2,2033,9930.8,99.914859,32113.471,32113.471,38460.253,321.408363,99.914859,134.956679,47877.266,43376.205,49722.987,11262.734,4426.811,-74.25,-0.0,119.661643,19.746784,113.91904,14.004181,0.0,0.0,0.0,0.0,0.0,321.408363,38460.253,10.664445,13.313574,9290.788,880.119,11159.509,26398.996,192.832,-11262.734,-4501.198,-44.841,100,True,-10.14292
JFE_STEEL_JP,JFE Steel,JP,21.95,45.3,ACCELERATED_15C,DISCLOSED_PATH,PORT-E5F3D5116135,CAND-FC0AA3F9FE37C6,P3,PORT-E5F3D5116135,321.408363,27857.175,86.672217,True,True,,0.0,1.265341119704999e-05,True,True,True,True,,0.0,0.0,0.0,2,3,0.3406543999999999,0.65,1.3,P3,균형형 라이트헤지,False,18185.2,2033,9930.8,89.258077,28688.293,28688.293,35352.696,321.408363,89.258077,140.922099,51351.853,45293.541,51957.945,16605.249,5965.305,-93.007,-0.0,109.993081,20.735004,108.107343,18.849265,0.0,0.0,0.0,0.0,0.0,321.408363,35352.696,9.802766,12.237848,9314.885,880.119,11803.804,29143.606,206.305,-16605.249,-6062.347,7.169,100,True,0.0
JFE_STEEL_JP,JFE Steel,JP,21.95,45.3,DISCLOSED_PATH,DISCLOSED_PATH,PORT-E5F3D5116135,CAND-E72109958C3B57,P2,PORT-E5F3D5116135,321.408363,32387.753,100.768233,True,False,,0.0,1.265341119704999e-05,False,False,True,True,2036,0.004998229999999992,0.0,0.0,2,3,0.3406543999999999,0.65,1.3,P2,지연·부분헤지,False,18185.2,2033,9930.8,103.855937,33380.167,33380.167,41332.199,321.408363,103.855937,138.897756,47965.15,44642.901,52594.933,11262.734,3236.608,-85.642,0.0,128.597149,24.741212,114.192474,10.336538,0.0,0.0,0.0,0.0,0.0,321.408363,41332.199,11.460792,14.30774,9469.065,880.119,10679.444,26819.743,59.835,-11262.734,-3322.747,57.442,100,True,-6.201842
JFE_STEEL_JP,JFE Steel,JP,21.95,45.3,ACCELERATED_15C,DISCLOSED_PATH,PORT-E5F3D5116135,CAND-E72109958C3B57,P2,PORT-E5F3D5116135,321.408363,29504.994,91.799087,True,True,,0.0,1.265341119704999e-05,True,True,True,True,,0.0,0.0,0.0,2,3,0.3406543999999999,0.65,1.3,P2,지연·부분헤지,False,18185.2,2033,9930.8,95.045803,30548.516,30548.516,39050.368,321.408363,95.045803,146.709825,51447.814,47153.765,55655.617,16605.249,4179.687,-114.362,-0.0,121.497672,26.451869,108.405907,13.360104,0.0,0.0,0.0,0.0,0.0,321.408363,39050.368,10.828075,13.517851,9439.407,880.119,12359.211,28712.025,63.755,-16605.249,-4291.487,-9.267,100,True,5.787726
JFE_STEEL_JP,JFE Steel,JP,21.95,45.3,DISCLOSED_PATH,DISCLOSED_PATH,PORT-E5F3D5116135,CAND-E280945A557960,P1,PORT-E5F3D5116135,321.408363,33126.209,103.065795,True,False,,0.0,1.265341119704999e-05,False,False,True,True,2036,0.004998229999999992,0.0,0.0,2,3,0.3406543999999999,0.65,1.3,P1,지연·현물조달,False,18185.2,2033,9930.8,106.607393,34264.508,34264.508,43422.184,321.408363,106.607393,141.649213,48065.169,45527.242,54684.918,11262.734,2414.569,-123.358,0.0,135.099733,28.49234,114.503663,7.89627,0.0,0.0,0.0,0.0,0.0,321.408363,43422.184,12.040313,15.031218,9571.851,880.119,10667.126,26864.446,0.0,-11262.734,-2539.144,82.843,100,True,-3.450386
JFE_STEEL_JP,JFE Steel,JP,21.95,45.3,ACCELERATED_15C,DISCLOSED_PATH,PORT-E5F3D5116135,CAND-E280945A557960,P1,PORT-E5F3D5116135,321.408363,30627.226,95.290696,True,True,,0.0,1.265341119704999e-05,True,True,True,True,,0.0,0.0,0.0,2,3,0.3406543999999999,0.65,1.3,P1,지연·현물조달,False,18185.2,2033,9930.8,99.043346,31833.36,31833.36,41776.977,321.408363,99.043346,150.707367,51556.908,48438.608,58382.226,16605.249,2974.784,-143.516,0.0,129.98099,30.937644,108.745334,9.701988,0.0,0.0,0.0,0.0,0.0,321.408363,41776.977,11.584122,14.461706,9538.486,880.119,12450.469,28713.495,0.0,-16605.249,-3118.282,-25.68,100,True,9.785269
JFE_STEEL_JP,JFE Steel,JP,21.95,45.3,DISCLOSED_PATH,DISCLOSED_PATH,PORT-2883A9539B06,CAND-AE1C3F48385E3F,P5,PORT-2883A9539B06,367.500849,43076.746,117.215365,True,False,,0.0,1.265341119704999e-05,False,False,True,True,2028,0.0,0.0,0.9619987720000003,3,3,0.41232239999999987,0.65,1.78,P5,조기 계약형 전환,False,20429.2,2032,9930.8,118.201525,43439.161,43439.161,47266.937,367.500849,118.201525,153.190774,66956.436,56297.74,60125.516,12858.579,10683.444,24.747,-0.0,128.617219,10.415693,147.204715,29.00319,0.0,0.0,0.0,0.0,0.0,367.500849,47266.937,13.106404,16.362135,9930.889,1129.437,11943.676,42742.54,1059.504,-12858.579,-10549.87,41.563,100,True,8.143746
JFE_STEEL_JP,JFE Steel,JP,21.95,45.3,ACCELERATED_15C,DISCLOSED_PATH,PORT-2883A9539B06,CAND-AE1C3F48385E3F,P5,PORT-2883A9539B06,367.500849,37367.085,101.678907,True,True,,0.0,1.265341119704999e-05,True,True,True,True,,0.0,0.0,0.0,3,3,0.41232239999999987,0.65,1.78,P5,조기 계약형 전환,False,20429.2,2032,9930.8,102.755532,37762.745,37762.745,41489.306,367.500849,102.755532,154.149966,71836.675,56650.243,60376.804,18887.498,15238.199,51.768,0.0,112.895809,10.140277,144.07906,41.323529,0.0,0.0,0.0,0.0,0.0,367.500849,41489.306,11.504355,14.362125,10557.065,1129.437,13043.303,46051.858,1138.13,-18887.498,-15241.963,-27.586,100,True,13.497455
JFE_STEEL_JP,JFE Steel,JP,21.95,45.3,DISCLOSED_PATH,DISCLOSED_PATH,PORT-2883A9539B06,CAND-942FF71D4F4188,P4,PORT-2883A9539B06,367.500849,45230.214,123.075128,True,False,,0.0,1.265341119704999e-05,False,False,True,True,2028,0.0,0.0,0.9619987720000003,3,3,0.41232239999999987,0.65,1.78,P4,균형형 전환,False,20429.2,2032,9930.8,124.839747,45878.713,45878.713,52237.914,367.500849,124.839747,159.828996,66711.424,58737.292,65096.493,12858.579,8111.779,137.647,0.0,142.143655,17.303909,146.538016,21.698269,0.0,0.0,0.0,0.0,0.0,367.500849,52237.914,14.484781,18.082911,9714.39,1129.437,11948.249,43218.747,600.911,-12858.579,-7885.125,10.683,100,True,14.781968
JFE_STEEL_JP,JFE Steel,JP,21.95,45.3,ACCELERATED_15C,DISCLOSED_PATH,PORT-2883A9539B06,CAND-942FF71D4F4188,P4,PORT-2883A9539B06,367.500849,40788.202,110.988047,True,True,,0.0,1.265341119704999e-05,True,True,True,True,,0.0,0.0,0.0,3,3,0.41232239999999987,0.65,1.78,P4,균형형 전환,False,20429.2,2032,9930.8,112.864458,41477.784,41477.784,47933.076,367.500849,112.864458,164.258892,71676.738,60365.282,66820.574,18887.498,11373.703,62.247,0.0,130.429836,17.565379,143.643858,30.7794,0.0,0.0,0.0,0.0,0.0,367.500849,47933.076,13.291115,16.592729,10608.927,1129.437,13007.895,46367.828,644.815,-18887.498,-11355.889,-37.73,100,True,23.606381
JFE_STEEL_JP,JFE Steel,JP,21.95,45.3,DISCLOSED_PATH,DISCLOSED_PATH,PORT-E3494C854A0D,CAND-F1788FF7DCC7F6,P2,PORT-E3494C854A0D,323.808372,38846.247,119.966777,True,False,,0.0,1.265341119704999e-05,False,False,True,True,2029,1.6549952300000008,0.07400003299999997,0.18199837200000069,2,3,0.3406543999999999,0.65,1.3,P2,지연·부분헤지,False,17287.6,2029,7326.0,121.238962,39258.191,39258.191,47368.656,323.808372,121.238962,156.268949,54096.987,50601.194,58711.659,11343.003,3294.575,-201.218,0.0,146.286075,25.047113,132.034831,10.795869,0.0,0.0,0.0,0.0,0.0,323.808372,47368.656,13.13461,16.397347,8652.625,955.146,10210.629,34036.135,66.201,-11343.003,-3330.185,10.643,100,True,11.181183
JFE_STEEL_JP,JFE Steel,JP,21.95,45.3,ACCELERATED_15C,DISCLOSED_PATH,PORT-E3494C854A0D,CAND-F1788FF7DCC7F6,P2,PORT-E3494C854A0D,323.808372,35953.415,111.032999,True,True,,0.0,1.265341119704999e-05,True,True,True,True,,0.0,0.0,0.0,2,3,0.3406543999999999,0.65,1.3,P2,지연·부분헤지,False,17287.6,2029,7326.0,112.035443,36278.014,36278.014,45245.39,323.808372,112.035443,163.628289,57573.292,52984.21,61951.586,16706.195,4324.508,-264.574,0.0,139.728908,27.693465,126.207659,14.172216,0.0,0.0,0.0,0.0,0.0,323.808372,45245.39,12.54586,15.662348,10010.614,955.146,10355.854,36430.519,70.231,-16706.195,-4808.495,-29.66,100,True,22.777366
JFE_STEEL_JP,JFE Steel,JP,21.95,45.3,DISCLOSED_PATH,DISCLOSED_PATH,PORT-E3494C854A0D,CAND-25BA0666383526,P1,PORT-E3494C854A0D,323.808372,39789.406,122.879484,True,False,,0.0,1.265341119704999e-05,False,False,True,True,2029,1.6549952300000008,0.07400003299999997,0.18199837200000069,2,3,0.3406543999999999,0.65,1.3,P1,지연·현물조달,False,17287.6,2029,7326.0,124.348384,40265.048,40265.048,49709.571,323.808372,124.348384,159.378371,54144.035,51608.051,61052.574,11343.003,2325.161,-210.824,-0.0,153.515399,29.167014,132.180129,7.831745,0.0,0.0,0.0,0.0,0.0,323.808372,49709.571,13.78371,17.207689,8672.63,955.146,10150.769,34107.773,0.0,-11343.003,-2301.559,23.292,100,True,14.290605
JFE_STEEL_JP,JFE Steel,JP,21.95,45.3,ACCELERATED_15C,DISCLOSED_PATH,PORT-E3494C854A0D,CAND-25BA0666383526,P1,PORT-E3494C854A0D,323.808372,37395.542,115.486644,True,True,,0.0,1.265341119704999e-05,True,True,True,True,,0.0,0.0,0.0,2,3,0.3406543999999999,0.65,1.3,P1,지연·현물조달,False,17287.6,2029,7326.0,116.580151,37749.629,37749.629,48306.436,323.808372,116.580151,168.172996,57567.372,54455.824,65012.631,16706.195,2853.778,-257.77,0.0,149.182171,32.602021,126.189377,9.609226,0.0,0.0,0.0,0.0,0.0,323.808372,48306.436,13.394642,16.721973,10200.367,955.146,10129.591,36501.782,0.0,-16706.195,-3323.001,-8.061,100,True,27.322074
JFE_STEEL_JP,JFE Steel,JP,21.95,45.3,DISCLOSED_PATH,DISCLOSED_PATH,PORT-0FD37D80B1EA,CAND-FA1953D51D82F3,P3,PORT-0FD37D80B1EA,330.620869,46521.877,140.710649,True,False,,0.0,1.265341119704999e-05,False,False,True,True,2029,0.0,0.07400003299999997,0.18199837200000069,3,3,0.41232239999999987,0.65,1.78,P3,균형형 라이트헤지,False,19531.6,2029,7326.0,141.628852,46825.454,46825.454,54989.904,330.620869,141.628852,176.656798,64689.953,58406.424,66570.874,11580.97,5952.617,-330.912,-0.0,166.323148,24.694297,160.634092,19.00524,0.0,0.0,0.0,0.0,0.0,330.620869,54989.904,15.247866,19.035552,12347.186,1050.519,10002.866,41264.735,257.206,-11580.97,-6421.581,-94.508,100,True,31.571073
JFE_STEEL_JP,JFE Steel,JP,21.95,45.3,ACCELERATED_15C,DISCLOSED_PATH,PORT-0FD37D80B1EA,CAND-FA1953D51D82F3,P3,PORT-0FD37D80B1EA,330.620869,43157.607,130.535035,True,True,,0.0,1.265341119704999e-05,True,True,True,True,,0.0,0.0,0.0,3,3,0.41232239999999987,0.65,1.78,P3,균형형 라이트헤지,False,19531.6,2029,7326.0,130.983628,43305.921,43305.921,52049.703,330.620869,130.983628,182.588147,68980.078,60367.452,69111.234,17061.531,8282.242,-330.384,0.0,157.43018,26.446551,157.033484,26.049855,0.0,0.0,0.0,0.0,0.0,330.620869,52049.703,14.432593,18.017759,10063.694,1050.519,11695.762,45434.822,274.293,-17061.531,-8137.31,-14.328,100,True,41.725551
JFE_STEEL_JP,JFE Steel,JP,21.95,45.3,DISCLOSED_PATH,DISCLOSED_PATH,PORT-0FD37D80B1EA,CAND-1D1CB9506368C0,P2,PORT-0FD37D80B1EA,330.620869,48266.007,145.985968,True,False,,0.0,1.265341119704999e-05,False,False,True,True,2029,0.0,0.07400003299999997,0.18199837200000069,3,3,0.41232239999999987,0.65,1.78,P2,지연·부분헤지,False,19531.6,2029,7326.0,147.004592,48602.786,48602.786,58900.656,330.620869,147.004592,182.032537,64688.725,60183.756,70481.626,11580.97,3990.544,-514.425,0.0,178.151657,31.147065,160.630376,13.625785,0.0,0.0,0.0,0.0,0.0,330.620869,58900.656,16.332258,20.389316,12949.351,1050.519,9945.233,40991.854,77.512,-11580.97,-4720.433,-110.281,100,True,36.946813
JFE_STEEL_JP,JFE Steel,JP,21.95,45.3,ACCELERATED_15C,DISCLOSED_PATH,PORT-0FD37D80B1EA,CAND-1D1CB9506368C0,P2,PORT-0FD37D80B1EA,330.620869,45861.619,138.713623,True,True,,0.0,1.265341119704999e-05,True,True,True,True,,0.0,0.0,0.0,3,3,0.41232239999999987,0.65,1.78,P2,지연·부분헤지,False,19531.6,2029,7326.0,139.06666,45978.34,45978.34,57249.886,330.620869,139.06666,190.671179,68986.156,63039.871,74311.417,17061.531,5278.046,-668.239,0.0,173.158719,34.092059,157.051869,17.985208,0.0,0.0,0.0,0.0,0.0,330.620869,57249.886,15.874525,19.817878,12949.351,1050.519,10968.44,44098.022,82.385,-17061.531,-6156.2,47.353,100,True,49.808583
JFE_STEEL_JP,JFE Steel,JP,21.95,45.3,DISCLOSED_PATH,DISCLOSED_PATH,PORT-0FD37D80B1EA,CAND-D31DAEDCB107AF,P1,PORT-0FD37D80B1EA,330.620869,49463.555,149.608084,True,False,,0.0,1.265341119704999e-05,False,False,True,True,2029,0.0,0.07400003299999997,0.18199837200000069,3,3,0.41232239999999987,0.65,1.78,P1,지연·현물조달,False,19531.6,2029,7326.0,150.602427,49792.305,49792.305,61745.975,330.620869,150.602427,185.630373,64731.991,61373.275,73326.945,11580.97,2729.02,-629.695,-0.0,186.757645,36.155218,160.76124,10.158812,0.0,0.0,0.0,0.0,0.0,330.620869,61745.975,17.121222,21.374264,12199.702,1050.519,9962.859,41367.549,0.0,-11580.97,-3323.593,116.24,100,True,40.544648
JFE_STEEL_JP,JFE Steel,JP,21.95,45.3,ACCELERATED_15C,DISCLOSED_PATH,PORT-0FD37D80B1EA,CAND-D31DAEDCB107AF,P1,PORT-0FD37D80B1EA,330.620869,47698.388,144.269139,True,True,,0.0,1.265341119704999e-05,True,True,True,True,,0.0,0.0,0.0,3,3,0.41232239999999987,0.65,1.78,P1,지연·현물조달,False,19531.6,2029,7326.0,144.51752,47780.508,47780.508,61015.825,330.620869,144.51752,196.122039,69017.246,64842.039,78077.356,17061.531,3376.59,-798.617,0.0,184.549224,40.031704,157.145902,12.628382,0.0,0.0,0.0,0.0,0.0,330.620869,61015.825,16.918762,21.121512,13350.794,1050.519,10905.264,43895.572,0.0,-17061.531,-4462.778,102.667,100,True,55.259443
JFE_STEEL_JP,JFE Steel,JP,21.95,45.3,DISCLOSED_PATH,DISCLOSED_PATH,PORT-7C1FC602A00B,CAND-B38C1D7FD5CCAE,P3,PORT-7C1FC602A00B,341.808365,62575.093,183.070688,True,False,,0.0,1.265341119704999e-05,False,False,True,True,2029,0.0,0.07400003299999997,0.0,2,3,0.41232239999999987,0.65,1.78,P3,균형형 라이트헤지,False,20952.8,2033,9930.8,185.089583,63265.168,63265.168,73385.226,341.808365,185.089583,220.126381,82697.168,75241.038,85361.096,11975.871,7620.073,163.944,0.0,214.696986,29.607403,206.903354,21.813771,0.0,0.0,0.0,0.0,0.0,341.808365,73385.226,20.34861,25.40336,10197.785,1229.487,10112.037,60662.626,325.324,-11975.871,-7337.645,51.424,100,True,75.031804
JFE_STEEL_JP,JFE Steel,JP,21.95,45.3,ACCELERATED_15C,DISCLOSED_PATH,PORT-7C1FC602A00B,CAND-B38C1D7FD5CCAE,P3,PORT-7C1FC602A00B,341.808365,59582.638,174.315915,True,True,,0.0,1.265341119704999e-05,True,True,True,True,,0.0,0.0,0.0,2,3,0.41232239999999987,0.65,1.78,P3,균형형 라이트헤지,False,20952.8,2033,9930.8,176.997831,60499.339,60499.339,70809.927,341.808365,176.997831,228.620963,88675.169,78144.557,88455.145,17645.218,10689.932,159.32,-0.0,207.16265,30.164819,207.806357,30.808526,0.0,0.0,0.0,0.0,0.0,341.808365,70809.927,19.634518,24.511883,14429.687,1229.487,10459.883,63253.356,347.381,-17645.218,-11551.766,-23.47,100,True,87.739754
JFE_STEEL_JP,JFE Steel,JP,21.95,45.3,DISCLOSED_PATH,DISCLOSED_PATH,PORT-7C1FC602A00B,CAND-3DE74006E308F9,P2,PORT-7C1FC602A00B,341.808365,65023.006,190.232343,True,False,,0.0,1.265341119704999e-05,False,False,True,True,2029,0.0,0.07400003299999997,0.0,2,3,0.41232239999999987,0.65,1.78,P2,지연·부분헤지,False,20952.8,2033,9930.8,192.776344,65892.567,65892.567,78612.067,341.808365,192.776344,227.813142,82605.95,77868.438,90587.938,11975.871,4885.025,147.513,0.0,229.988716,37.212372,206.636485,13.860141,0.0,0.0,0.0,0.0,0.0,341.808365,78612.067,21.797933,27.212707,10040.16,1229.487,10187.622,60833.39,96.209,-11975.871,-4572.452,54.021,100,True,82.718565
JFE_STEEL_JP,JFE Steel,JP,21.95,45.3,ACCELERATED_15C,DISCLOSED_PATH,PORT-7C1FC602A00B,CAND-3DE74006E308F9,P2,PORT-7C1FC602A00B,341.808365,63393.476,185.464964,True,True,,0.0,1.265341119704999e-05,True,True,True,True,,0.0,0.0,0.0,2,3,0.41232239999999987,0.65,1.78,P2,지연·부분헤지,False,20952.8,2033,9930.8,188.737755,64512.144,64512.144,77829.582,341.808365,188.737755,240.360887,88623.94,82157.362,95474.8,17645.218,6565.399,98.82,0.0,227.699466,38.961711,207.65648,18.918724,0.0,0.0,0.0,0.0,0.0,341.808365,77829.582,21.580962,26.941838,10040.16,1229.487,11267.36,65739.914,102.392,-17645.218,-6180.44,-41.511,100,True,99.479678
JFE_STEEL_JP,JFE Steel,JP,21.95,45.3,DISCLOSED_PATH,DISCLOSED_PATH,PORT-7C1FC602A00B,CAND-11566829CB83FF,P1,PORT-7C1FC602A00B,341.808365,66701.442,195.142802,True,False,,0.0,1.265341119704999e-05,False,False,True,True,2029,0.0,0.07400003299999997,0.0,2,3,0.41232239999999987,0.65,1.78,P1,지연·현물조달,False,20952.8,2033,9930.8,198.125231,67720.861,67720.861,82357.214,341.808365,198.125231,233.162029,82624.115,79696.732,94333.085,11975.871,3114.905,187.522,0.0,240.945579,42.820348,206.689629,8.564398,0.0,0.0,0.0,0.0,0.0,341.808365,82357.214,22.836406,28.509144,9935.076,1229.487,10263.207,60947.233,0.0,-11975.871,-2727.827,49.556,100,True,88.067452
JFE_STEEL_JP,JFE Steel,JP,21.95,45.3,ACCELERATED_15C,DISCLOSED_PATH,PORT-7C1FC602A00B,CAND-11566829CB83FF,P1,PORT-7C1FC602A00B,341.808365,65979.02,193.029272,True,True,,0.0,1.265341119704999e-05,True,True,True,True,,0.0,0.0,0.0,2,3,0.41232239999999987,0.65,1.78,P1,지연·현물조달,False,20952.8,2033,9930.8,196.701844,67234.336,67234.336,82846.94,341.808365,196.701844,248.324976,88677.828,84879.554,100492.159,17645.218,3876.457,78.182,0.0,242.378329,45.676485,207.814137,11.112292,0.0,0.0,0.0,0.0,0.0,341.808365,82846.94,22.9722,28.678669,9935.076,1229.487,11356.637,65879.021,0.0,-17645.218,-3390.194,-130.473,100,True,107.443767
JFE_STEEL_JP,JFE Steel,JP,21.95,45.3,DISCLOSED_PATH,DISCLOSED_PATH,PORT-04FFFE8075F6,CAND-12D758CC621EDD,P3,PORT-04FFFE8075F6,348.620862,71622.763,205.446003,True,False,,0.0,1.265341119704999e-05,False,False,True,True,2029,0.0,0.07400003299999997,0.0,3,3,0.47620039999999997,0.65,2.2600000000000002,P3,균형형 라이트헤지,False,23196.8,2033,9930.8,207.313302,72273.742,72273.742,84598.495,348.620862,207.313302,242.348031,93121.519,84487.579,96812.333,12213.837,8681.592,47.652,0.0,242.666186,35.352885,232.079288,24.765987,0.0,0.0,0.0,0.0,0.0,348.620862,84598.495,23.457879,29.284996,12439.24,1324.86,9403.087,69593.385,365.252,-12213.837,-8629.875,-8.368,100,True,97.255523
JFE_STEEL_JP,JFE Steel,JP,21.95,45.3,ACCELERATED_15C,DISCLOSED_PATH,PORT-04FFFE8075F6,CAND-12D758CC621EDD,P3,PORT-04FFFE8075F6,348.620862,68907.876,197.658498,True,True,,0.0,1.265341119704999e-05,True,True,True,True,,0.0,0.0,0.0,3,3,0.47620039999999997,0.65,2.2600000000000002,P3,균형형 라이트헤지,False,23196.8,2033,9930.8,199.340296,69494.186,69494.186,82437.82,348.620862,199.340296,250.973906,99659.829,87494.74,100438.374,18000.554,12332.537,167.448,0.0,236.468407,37.12811,234.235194,34.894898,0.0,0.0,0.0,0.0,0.0,348.620862,82437.82,22.858757,28.537046,12439.24,1324.86,10380.463,75113.63,390.507,-18000.554,-12158.752,4.793,100,True,110.082219
JFE_STEEL_JP,JFE Steel,JP,21.95,45.3,DISCLOSED_PATH,DISCLOSED_PATH,PORT-04FFFE8075F6,CAND-2384C3F783562D,P2,PORT-04FFFE8075F6,348.620862,74442.767,213.535032,True,False,,0.0,1.265341119704999e-05,False,False,True,True,2029,0.0,0.07400003299999997,0.0,3,3,0.47620039999999997,0.65,2.2600000000000002,P2,지연·부분헤지,False,23196.8,2033,9930.8,215.865581,75255.245,75255.245,90753.335,348.620862,215.865581,250.90031,93029.611,87469.082,102967.173,12213.837,5547.415,-13.114,0.0,260.321011,44.45543,231.815656,15.950076,0.0,0.0,0.0,0.0,0.0,348.620862,90753.335,25.164523,31.415583,12511.515,1324.86,9386.328,69702.75,107.521,-12213.837,-5554.003,-9.889,100,True,105.807802
JFE_STEEL_JP,JFE Steel,JP,21.95,45.3,ACCELERATED_15C,DISCLOSED_PATH,PORT-04FFFE8075F6,CAND-2384C3F783562D,P2,PORT-04FFFE8075F6,348.620862,73301.68,210.261885,True,True,,0.0,1.265341119704999e-05,True,True,True,True,,0.0,0.0,0.0,3,3,0.47620039999999997,0.65,2.2600000000000002,P2,지연·부분헤지,False,23196.8,2033,9930.8,212.306307,74014.408,74014.408,90717.569,348.620862,212.306307,263.939917,99544.154,92014.962,108718.123,18000.554,7479.384,-49.809,0.0,260.218418,47.912111,233.903386,21.597079,0.0,0.0,0.0,0.0,0.0,348.620862,90717.569,25.154605,31.403202,12511.515,1324.86,10365.587,75212.583,114.546,-18000.554,-7489.29,-24.838,100,True,123.04823
JFE_STEEL_JP,JFE Steel,JP,21.95,45.3,DISCLOSED_PATH,DISCLOSED_PATH,PORT-04FFFE8075F6,CAND-65F7157232C73A,P1,PORT-04FFFE8075F6,348.620862,76375.591,219.079233,True,False,,0.0,1.265341119704999e-05,False,False,True,True,2029,0.0,0.07400003299999997,0.0,3,3,0.47620039999999997,0.65,2.2600000000000002,P1,지연·현물조달,False,23196.8,2033,9930.8,221.731333,77300.169,77300.169,95149.312,348.620862,221.731333,256.766062,93032.657,89514.006,107363.149,12213.837,3540.087,21.436,0.0,272.93063,51.199297,231.824391,10.093058,0.0,0.0,0.0,0.0,0.0,348.620862,95149.312,26.38346,32.937314,12621.093,1324.86,9593.675,69495.897,0.0,-12213.837,-3527.028,5.509,100,True,111.673554
JFE_STEEL_JP,JFE Steel,JP,21.95,45.3,ACCELERATED_15C,DISCLOSED_PATH,PORT-04FFFE8075F6,CAND-65F7157232C73A,P1,PORT-04FFFE8075F6,348.620862,76281.866,218.810388,True,True,,0.0,1.265341119704999e-05,True,True,True,True,,0.0,0.0,0.0,3,3,0.47620039999999997,0.65,2.2600000000000002,P1,지연·현물조달,False,23196.8,2033,9930.8,220.975347,77036.616,77036.616,96623.305,348.620862,220.975347,272.608957,99536.633,95037.17,114623.859,18000.554,4425.708,-73.755,0.0,277.1587,56.183353,233.881812,12.906465,0.0,0.0,0.0,0.0,0.0,348.620862,96623.305,26.792176,33.447558,17112.737,1324.86,10039.18,72450.823,0.0,-18000.554,-5978.619,88.19,100,True,131.71727
JFE_STEEL_JP,JFE Steel,JP,21.95,45.3,DISCLOSED_PATH,DISCLOSED_PATH,PORT-48EB0158352D,CAND-0C103CAC9E9685,P1,PORT-48EB0158352D,209.90085,39796.76,189.597896,False,False,2030,3.1659880174124027,-3.1659880174124027,True,True,True,True,,0.0,0.0,0.0,3,3,0.3867712,0.65,1.62,P1,지연·현물조달,False,17905.8,2033,9930.8,194.545704,40835.309,40835.309,52039.786,209.90085,194.545704,229.631357,50664.89,48199.817,59404.295,7364.508,2241.573,-223.5,-0.0,247.925562,53.379859,206.289691,11.743988,0.0,0.0,0.0,0.0,0.0,209.90085,52039.786,14.429843,18.014326,8804.952,725.944,5092.283,35937.43,0.0,-7364.508,-2376.314,15.522,100,True,84.487925
JFE_STEEL_JP,JFE Steel,JP,21.95,45.3,ACCELERATED_15C,DISCLOSED_PATH,PORT-48EB0158352D,CAND-0C103CAC9E9685,P1,PORT-48EB0158352D,209.90085,39441.617,187.905941,False,False,2030,8.975988017412405,-8.975988017412405,True,True,True,True,,0.0,0.0,0.0,3,3,0.3867712,0.65,1.62,P1,지연·현물조달,False,17905.8,2033,9930.8,194.000226,40720.812,40720.812,52413.285,209.90085,194.000226,246.066525,54365.745,51649.573,63342.045,10928.761,2802.548,86.376,-0.0,249.704966,55.70474,206.94049,12.940264,0.0,0.0,0.0,0.0,0.0,209.90085,52413.285,14.533409,18.143618,6855.897,725.944,5872.347,40481.178,0.0,-10928.761,-2292.996,7.203,100,True,104.742149
JFE_STEEL_JP,JFE Steel,JP,21.95,45.3,DISCLOSED_PATH,DISCLOSED_PATH,PORT-4FBC33F20EEF,CAND-156DBD688B285D,P2,PORT-4FBC33F20EEF,191.900857,12636.257,65.847842,False,False,2030,3.1659880174124027,-3.1659880174124027,True,True,True,True,,0.0,0.0,0.0,3,3,0.3119871999999999,0.65,1.1400000000000001,P2,지연·부분헤지,False,14240.6,2033,6265.6,67.781262,13007.282,13007.282,16881.671,191.900857,67.781262,102.860005,21483.866,19738.923,23613.312,6731.641,1731.075,-13.868,0.0,87.970797,20.189535,76.874202,9.09294,0.0,0.0,0.0,0.0,0.0,191.900857,16881.671,4.681031,5.843835,5805.684,451.604,5714.277,9463.177,28.897,-6731.641,-1721.588,-3.127,100,True,-42.276517
JFE_STEEL_JP,JFE Steel,JP,21.95,45.3,ACCELERATED_15C,DISCLOSED_PATH,PORT-4FBC33F20EEF,CAND-156DBD688B285D,P2,PORT-4FBC33F20EEF,191.900857,10479.776,54.610365,False,False,2030,8.975988017412405,-8.975988017412405,True,True,True,True,,0.0,0.0,0.0,3,3,0.3119871999999999,0.65,1.1400000000000001,P2,지연·부분헤지,False,14240.6,2033,6265.6,56.852476,10910.039,10910.039,15038.625,191.900857,56.852476,108.909241,23023.762,20899.777,25028.363,9989.738,2185.913,61.927,0.0,78.366638,21.514162,67.920614,11.068138,0.0,0.0,0.0,0.0,0.0,191.900857,15038.625,4.169983,5.205838,5805.684,451.604,6354.384,10387.877,30.76,-9989.738,-2182.497,51.965,100,True,-32.405601
JFE_STEEL_JP,JFE Steel,JP,21.95,45.3,DISCLOSED_PATH,DISCLOSED_PATH,PORT-408F044D6828,CAND-27DEF6B976065D,P3,PORT-408F044D6828,302.295879,61544.198,203.589273,True,False,,0.0,1.265341119704999e-05,False,False,True,True,2029,0.0,0.07400003299999997,0.0,2,3,0.3867712,0.65,1.62,P3,균형형 라이트헤지,False,18906.8,2033,9930.8,204.800207,61910.259,61910.259,71936.703,302.295879,204.800207,239.850843,79598.736,72505.921,82532.366,10595.663,7270.609,177.795,-0.0,237.967859,33.167652,228.263361,23.463154,0.0,0.0,0.0,0.0,0.0,302.295879,71936.703,19.946956,24.901933,9970.288,1161.363,8262.341,60056.295,312.483,-10595.663,-7196.448,-60.401,100,True,94.742428
JFE_STEEL_JP,JFE Steel,JP,21.95,45.3,ACCELERATED_15C,DISCLOSED_PATH,PORT-408F044D6828,CAND-27DEF6B976065D,P3,PORT-408F044D6828,302.295879,59110.425,195.53831,False,False,2040,3.584995639999999,-3.584995639999999,True,True,True,True,,0.0,0.0,0.0,2,3,0.3867712,0.65,1.62,P3,균형형 라이트헤지,False,18906.8,2033,9930.8,197.42573,59680.985,59680.985,70084.02,302.295879,197.42573,248.978771,85337.048,75265.257,85668.292,15584.272,10274.8,203.009,0.0,231.839152,34.413422,230.743391,33.317661,0.0,0.0,0.0,0.0,0.0,302.295879,70084.02,19.433235,24.2606,8880.654,1161.363,9192.571,65531.254,333.709,-15584.272,-9901.954,67.66,100,True,108.167653
JFE_STEEL_JP,JFE Steel,JP,21.95,45.3,DISCLOSED_PATH,DISCLOSED_PATH,PORT-844170813924,CAND-2AFD85912C485D,P5,PORT-844170813924,381.425854,64412.851,168.873846,True,False,,0.0,1.265341119704999e-05,False,False,True,True,2028,0.0,0.174000033,0.33399759199999934,2,3,0.41232239999999987,0.65,1.78,P5,조기 계약형 전환,False,20952.8,2032,9930.8,169.75512,64748.992,64748.992,69207.95,381.425854,169.75512,204.730902,93737.308,78089.659,82548.617,13340.667,15600.138,-47.511,0.0,181.445356,11.690237,210.779212,41.024092,0.0,0.0,0.0,0.0,0.0,381.425854,69207.95,19.190314,23.957335,11763.017,1401.633,11209.753,67845.892,1482.615,-13340.667,-15616.826,3.575,100,True,59.697341
JFE_STEEL_JP,JFE Steel,JP,21.95,45.3,ACCELERATED_15C,DISCLOSED_PATH,PORT-844170813924,CAND-2AFD85912C485D,P5,PORT-844170813924,381.425854,57321.593,150.282399,True,False,,0.0,1.265341119704999e-05,False,False,True,True,2028,0.0,0.02400003300000003,0.0,2,3,0.41232239999999987,0.65,1.78,P5,조기 계약형 전환,False,20952.8,2032,9930.8,151.08747,57628.667,57628.667,62004.963,381.425854,151.08747,202.404484,100050.133,77202.303,81578.599,19573.636,22777.544,-70.286,-0.0,162.560986,11.473517,210.988575,59.901105,0.0,0.0,0.0,0.0,0.0,381.425854,62004.963,17.193035,21.463917,11763.017,1401.633,12317.086,72973.422,1584.13,-19573.636,-22796.048,-40.937,100,True,61.829393
JFE_STEEL_JP,JFE Steel,JP,21.95,45.3,DISCLOSED_PATH,DISCLOSED_PATH,PORT-9D97003767D5,CAND-2DF8CF21E8720D,P1,PORT-9D97003767D5,263.895884,5191.453,19.672352,True,False,,0.0,1.265341119704999e-05,False,False,True,True,2033,4.44999748,0.0,0.8619984320000018,2,3,0.22808320000000004,0.65,0.66,P1,지연·현물조달,False,12474.0,2033,6265.6,20.881955,5510.662,5510.662,8104.588,263.895884,20.881955,55.932364,16098.503,14760.321,17354.247,9249.659,1266.361,-71.821,-0.0,30.71131,9.829355,25.952829,5.070873,0.0,0.0,0.0,0.0,0.0,263.895884,8104.588,2.247279,2.805521,4602.641,537.655,10644.893,0.0,0.0,-9249.659,-1092.287,67.419,100,True,-89.175824
JFE_STEEL_JP,JFE Steel,JP,21.95,45.3,ACCELERATED_15C,DISCLOSED_PATH,PORT-9D97003767D5,CAND-2DF8CF21E8720D,P1,PORT-9D97003767D5,263.895884,1583.131,5.999076,False,False,2040,7.534994939999997,-7.534994939999997,False,False,True,True,2033,1.249997480000001,0.0,0.0,2,3,0.22808320000000004,0.65,0.66,P1,지연·현물조달,False,12474.0,2033,6265.6,7.330231,1934.418,1934.418,4673.787,263.895884,7.330231,58.885713,17028.252,15539.697,18279.067,13605.28,1520.659,32.104,-0.0,17.710725,10.380494,12.970921,5.640691,0.0,0.0,0.0,0.0,0.0,263.895884,4673.787,1.29597,1.617899,6282.923,537.655,10515.285,0.0,0.0,-13605.28,-1811.854,15.689,100,True,-81.927846
JFE_STEEL_JP,JFE Steel,JP,21.95,45.3,DISCLOSED_PATH,DISCLOSED_PATH,PORT-4FBC33F20EEF,CAND-3785968E4E1C91,P1,PORT-4FBC33F20EEF,191.900857,12884.723,67.142604,False,False,2030,3.1659880174124027,-3.1659880174124027,True,True,True,True,,0.0,0.0,0.0,3,3,0.3119871999999999,0.65,1.1400000000000001,P1,지연·현물조달,False,14240.6,2033,6265.6,69.398874,13317.703,13317.703,17817.758,191.900857,69.398874,104.477617,21512.127,20049.344,24549.399,6731.641,1458.382,-4.401,0.0,92.848769,23.449896,77.021471,7.622597,0.0,0.0,0.0,0.0,0.0,191.900857,17817.758,4.940594,6.167875,5848.041,451.604,5696.135,9488.224,0.0,-6731.641,-1447.408,12.748,100,True,-40.658905
JFE_STEEL_JP,JFE Steel,JP,21.95,45.3,ACCELERATED_15C,DISCLOSED_PATH,PORT-4FBC33F20EEF,CAND-3785968E4E1C91,P1,PORT-4FBC33F20EEF,191.900857,10858.139,56.582024,False,False,2030,8.975988017412405,-8.975988017412405,True,True,True,True,,0.0,0.0,0.0,3,3,0.3119871999999999,0.65,1.1400000000000001,P1,지연·현물조달,False,14240.6,2033,6265.6,59.285353,11376.91,11376.91,16199.928,191.900857,59.285353,111.342117,23049.581,21366.648,26189.666,9989.738,1789.779,106.846,0.0,84.418215,25.132863,68.055159,8.769807,0.0,0.0,0.0,0.0,0.0,191.900857,16199.928,4.491994,5.60784,5034.873,451.604,6843.278,10498.912,0.0,-9989.738,-1530.089,68.07,100,True,-29.972724
JFE_STEEL_JP,JFE Steel,JP,21.95,45.3,DISCLOSED_PATH,DISCLOSED_PATH,PORT-29DB1A43C5DD,CAND-3BDAECB8DA1A89,P4,PORT-29DB1A43C5DD,239.320837,41865.782,174.935799,False,False,2030,3.1659880174124027,-3.1659880174124027,True,True,True,True,,0.0,0.0,0.0,3,3,0.3867712,0.65,1.62,P4,균형형 전환,False,17905.8,2032,9930.8,177.297489,42430.984,42430.984,48239.199,239.320837,177.297489,212.401847,58179.842,50832.188,56640.404,8401.204,7338.291,-9.363,0.0,201.567066,24.269577,207.999596,30.702107,0.0,0.0,0.0,0.0,0.0,239.320837,48239.199,13.375998,16.698698,8742.137,850.934,5916.207,42226.834,518.955,-8401.204,-7355.979,-66.9,100,True,67.23971
JFE_STEEL_JP,JFE Steel,JP,21.95,45.3,ACCELERATED_15C,DISCLOSED_PATH,PORT-29DB1A43C5DD,CAND-3BDAECB8DA1A89,P4,PORT-29DB1A43C5DD,239.320837,38962.103,162.802803,False,False,2030,8.975988017412405,-8.975988017412405,True,True,True,True,,0.0,0.0,0.0,3,3,0.3867712,0.65,1.62,P4,균형형 전환,False,17905.8,2032,9930.8,164.730929,39423.544,39423.544,45436.071,239.320837,164.730929,216.672001,62432.189,51854.125,57866.652,12430.581,10537.536,-40.528,0.0,189.85422,25.123291,208.931277,44.200348,0.0,0.0,0.0,0.0,0.0,239.320837,45436.071,12.598733,15.728355,8742.137,850.934,6542.135,45741.776,557.6,-12430.581,-10529.147,-51.31,100,True,75.472852
JFE_STEEL_JP,JFE Steel,JP,21.95,45.3,DISCLOSED_PATH,DISCLOSED_PATH,PORT-48EB0158352D,CAND-44218B07FC843F,P2,PORT-48EB0158352D,209.90085,38813.017,184.911193,False,False,2030,3.1659880174124027,-3.1659880174124027,True,True,True,True,,0.0,0.0,0.0,3,3,0.3867712,0.65,1.62,P2,지연·부분헤지,False,17905.8,2033,9930.8,189.297594,39733.726,39733.726,49478.176,209.90085,189.297594,224.383247,50568.015,47098.234,56842.685,7364.508,3303.784,-165.997,0.0,235.721657,46.424063,205.828162,16.530568,0.0,0.0,0.0,0.0,0.0,209.90085,49478.176,13.719548,17.127588,8699.409,725.944,5082.424,35909.204,58.905,-7364.508,-3397.679,20.028,100,True,79.239815
JFE_STEEL_JP,JFE Steel,JP,21.95,45.3,ACCELERATED_15C,DISCLOSED_PATH,PORT-48EB0158352D,CAND-44218B07FC843F,P2,PORT-48EB0158352D,209.90085,37919.837,180.655948,False,False,2030,8.975988017412405,-8.975988017412405,True,True,True,True,,0.0,0.0,0.0,3,3,0.3867712,0.65,1.62,P2,지연·부분헤지,False,17905.8,2033,9930.8,185.78052,38995.489,38995.489,49066.452,209.90085,185.78052,237.846819,54274.751,49924.25,59995.213,10928.761,4377.926,27.424,0.0,233.76014,47.979621,206.506981,20.726462,0.0,0.0,0.0,0.0,0.0,209.90085,49066.452,13.605383,16.985064,7625.182,725.944,5788.687,39949.997,62.92,-10928.761,-4212.647,-15.835,100,True,96.522443
JFE_STEEL_JP,JFE Steel,JP,21.95,45.3,DISCLOSED_PATH,DISCLOSED_PATH,PORT-3776FB32D8CF,CAND-4D77DB7422B451,P2,PORT-3776FB32D8CF,284.295886,37820.744,133.033032,True,False,,0.0,1.265341119704999e-05,False,False,True,True,2029,0.0,0.07400003299999997,0.18199837200000069,2,3,0.3119871999999999,0.65,1.1400000000000001,P2,지연·부분헤지,False,15241.6,2029,7326.0,134.502755,38238.58,38238.58,46384.633,284.295886,134.502755,169.54651,51163.767,48201.375,56347.429,9962.795,2966.625,4.233,0.0,163.156189,28.653434,144.922856,10.420101,0.0,0.0,0.0,0.0,0.0,284.295886,46384.633,12.861755,16.056713,7287.156,887.022,9235.18,33541.76,61.637,-9962.795,-2914.038,102.658,100,True,24.444976
JFE_STEEL_JP,JFE Steel,JP,21.95,45.3,ACCELERATED_15C,DISCLOSED_PATH,PORT-3776FB32D8CF,CAND-4D77DB7422B451,P2,PORT-3776FB32D8CF,284.295886,35488.747,124.830323,False,False,2040,5.83499479,-5.83499479,True,True,True,True,,0.0,0.0,0.0,2,3,0.3119871999999999,0.65,1.1400000000000001,P2,지연·부분헤지,False,15241.6,2029,7326.0,126.087021,35846.021,35846.021,44565.96,284.295886,126.087021,177.601129,54464.648,50491.27,59211.209,14645.249,3928.608,-44.769,-0.0,156.759074,30.672053,140.063225,13.976204,0.0,0.0,0.0,0.0,0.0,284.295886,44565.96,12.357464,15.427153,7287.156,887.022,10147.183,35959.084,65.39,-14645.249,-3857.327,2.762,100,True,36.828944
JFE_STEEL_JP,JFE Steel,JP,21.95,45.3,DISCLOSED_PATH,DISCLOSED_PATH,PORT-33091F63E785,CAND-53E6B469D62558,P1,PORT-33091F63E785,303.40837,6214.172,20.481216,True,False,,0.0,1.265341119704999e-05,False,False,True,True,2033,6.754995679999997,0.0,0.8619984320000018,2,3,0.2602464,0.65,0.82,P1,지연·현물조달,False,14520.0,2033,6265.6,22.236585,6746.766,6746.766,9701.144,303.40837,22.236585,57.271434,18990.678,17376.632,20331.011,10629.866,1629.525,15.479,0.0,31.973885,9.737301,27.556299,5.319715,0.0,0.0,0.0,0.0,0.0,303.40837,9701.144,2.68998,3.358192,8559.755,605.779,10278.63,0.0,0.0,-10629.866,-2132.873,65.342,100,True,-87.821194
JFE_STEEL_JP,JFE Steel,JP,21.95,45.3,ACCELERATED_15C,DISCLOSED_PATH,PORT-33091F63E785,CAND-53E6B469D62558,P1,PORT-33091F63E785,303.40837,2043.749,6.735967,True,False,,0.0,1.265341119704999e-05,False,False,True,True,2033,2.754995679999997,0.0,0.0,2,3,0.2602464,0.65,0.82,P1,지연·현물조달,False,14520.0,2033,6265.6,8.390652,2545.794,2545.794,5744.115,303.40837,8.390652,60.024777,20276.72,18212.02,21410.341,15666.226,1956.42,-108.28,-0.0,18.931959,10.541308,15.195672,6.80502,0.0,0.0,0.0,0.0,0.0,303.40837,5744.115,1.592756,1.988409,7870.44,605.779,12136.355,0.0,0.0,-15666.226,-2355.738,-44.816,100,True,-80.867425
JFE_STEEL_JP,JFE Steel,JP,21.95,45.3,DISCLOSED_PATH,DISCLOSED_PATH,PORT-29DB1A43C5DD,CAND-56A2BE8D3222E8,P5,PORT-29DB1A43C5DD,239.320837,39714.2,165.945435,False,False,2030,3.1659880174124027,-3.1659880174124027,True,True,True,True,,0.0,0.0,0.0,3,3,0.3867712,0.65,1.62,P5,조기 계약형 전환,False,17905.8,2032,9930.8,167.520305,40091.1,40091.1,43578.544,239.320837,167.520305,202.624663,58397.059,48492.304,51979.748,8401.204,9866.726,-38.03,0.0,182.092558,14.572254,208.907237,41.386932,0.0,0.0,0.0,0.0,0.0,239.320837,43578.544,12.083669,15.085345,7752.104,850.934,5979.111,42742.54,918.767,-8401.204,-9756.439,5.287,100,True,57.462526
JFE_STEEL_JP,JFE Steel,JP,21.95,45.3,ACCELERATED_15C,DISCLOSED_PATH,PORT-29DB1A43C5DD,CAND-56A2BE8D3222E8,P5,PORT-29DB1A43C5DD,239.320837,35510.293,148.379443,False,False,2030,8.975988017412405,-8.975988017412405,True,True,True,True,,0.0,0.0,0.0,3,3,0.3867712,0.65,1.62,P5,조기 계약형 전환,False,17905.8,2032,9930.8,149.759525,35840.575,35840.575,39226.663,239.320837,149.759525,201.700598,62643.731,48271.156,51657.244,12430.581,14381.881,9.306,-0.0,163.908262,14.148737,209.815201,60.055676,0.0,0.0,0.0,0.0,0.0,239.320837,39226.663,10.876958,13.578878,9053.546,850.934,6497.308,45283.033,988.191,-12430.581,-14401.791,-0.064,100,True,60.501448
JFE_STEEL_JP,JFE Steel,JP,21.95,45.3,DISCLOSED_PATH,DISCLOSED_PATH,PORT-BFE68456F5A9,CAND-5B53A6D662B077,P2,PORT-BFE68456F5A9,87.500896,10216.715,116.761265,False,False,2030,11.118342749412001,-11.118342749412001,True,True,True,True,,0.0,0.0,0.0,3,3,0.28207360000000015,0.65,0.9799999999999999,P2,지연·부분헤지,False,10898.8,2036,5940.0,120.350217,10530.752,10530.752,13308.042,87.500896,120.350217,155.332823,14557.611,13591.761,16369.051,3061.009,1024.682,58.832,-0.0,152.09035,31.740133,131.388387,11.03817,0.0,0.0,0.0,0.0,0.0,87.500896,13308.042,3.690118,4.606772,3223.705,255.646,1493.507,9463.177,18.02,-3061.009,-963.053,100.759,100,True,10.292438
JFE_STEEL_JP,JFE Steel,JP,21.95,45.3,ACCELERATED_15C,DISCLOSED_PATH,PORT-BFE68456F5A9,CAND-5B53A6D662B077,P2,PORT-BFE68456F5A9,87.500896,9480.135,108.343288,False,False,2030,21.618342749412,-21.618342749412,True,True,True,True,,0.0,0.0,0.0,3,3,0.28207360000000015,0.65,0.9799999999999999,P2,지연·부분헤지,False,10898.8,2036,5940.0,112.598585,9852.477,9852.477,12794.254,87.500896,112.598585,164.522684,15673.78,14395.882,17337.659,4543.405,1346.399,68.502,0.0,146.218547,33.619961,127.202978,14.604393,0.0,0.0,0.0,0.0,0.0,87.500896,12794.254,3.547652,4.428916,2995.15,255.646,1741.426,10778.978,19.173,-4543.405,-1274.478,-120.013,100,True,23.340508
JFE_STEEL_JP,JFE Steel,JP,21.95,45.3,DISCLOSED_PATH,DISCLOSED_PATH,PORT-6E49C004BA31,CAND-6740F2BE1999AB,P2,PORT-6E49C004BA31,163.575867,28367.753,173.422604,False,False,2030,4.8049966600000005,-4.8049966600000005,True,True,True,True,,0.0,0.0,0.0,2,3,0.28207360000000015,0.65,0.9799999999999999,P2,지연·부분헤지,False,13615.8,2033,9930.8,176.717302,28906.686,28906.686,35935.429,163.575867,176.717302,211.846774,36890.199,34653.02,41681.762,5746.334,2241.636,4.456,-0.0,219.686616,42.969314,190.394013,13.676711,0.0,0.0,0.0,0.0,0.0,163.575867,35935.429,9.964349,12.43957,5947.427,562.447,3812.214,26436.478,43.03,-5746.334,-2272.279,123.702,100,True,66.659523
JFE_STEEL_JP,JFE Steel,JP,21.95,45.3,ACCELERATED_15C,DISCLOSED_PATH,PORT-6E49C004BA31,CAND-6740F2BE1999AB,P2,PORT-6E49C004BA31,163.575867,27546.966,168.404829,False,False,2030,15.14499666,-15.14499666,True,True,True,True,,0.0,0.0,0.0,2,3,0.28207360000000015,0.65,0.9799999999999999,P2,지연·부분헤지,False,13615.8,2033,9930.8,172.236763,28173.778,28173.778,35813.941,163.575867,172.236763,224.276706,39685.773,36686.257,44326.42,8512.479,3034.122,34.606,0.0,218.943917,46.707154,190.573922,18.337159,0.0,0.0,0.0,0.0,0.0,163.575867,35813.941,9.930662,12.397515,4777.816,562.447,4327.35,29537.053,45.925,-8512.479,-2726.472,162.137,100,True,82.978686
JFE_STEEL_JP,JFE Steel,JP,21.95,45.3,DISCLOSED_PATH,DISCLOSED_PATH,PORT-7BA11C62DF95,CAND-68030B11D579DF,P1,PORT-7BA11C62DF95,219.408411,37370.872,170.325612,False,False,2040,0.6424927599999997,-0.6424927599999997,False,False,True,True,2029,0.0,0.07400003299999997,0.0,2,3,0.3119871999999999,0.65,1.1400000000000001,P1,지연·현물조달,False,13945.8,2029,7326.0,171.319705,37588.984,37588.984,45601.835,219.408411,171.319705,206.288153,47191.335,45261.356,53274.207,7672.372,1640.499,-289.48,-0.0,207.839959,36.520254,180.115992,8.796287,0.0,0.0,0.0,0.0,0.0,219.408411,45601.835,12.644697,15.785736,8268.501,759.188,5693.093,32613.571,0.0,-7672.372,-2113.985,40.988,100,True,61.261926
JFE_STEEL_JP,JFE Steel,JP,21.95,45.3,ACCELERATED_15C,DISCLOSED_PATH,PORT-7BA11C62DF95,CAND-68030B11D579DF,P1,PORT-7BA11C62DF95,219.408411,36405.97,165.92787,False,False,2035,10.98249276,-10.98249276,True,True,True,True,,0.0,0.0,0.0,2,3,0.3119871999999999,0.65,1.1400000000000001,P1,지연·현물조달,False,13945.8,2029,7326.0,166.600585,36553.57,36553.57,45257.699,219.408411,166.600585,217.919779,50070.391,47813.432,56517.561,11259.863,2033.076,-223.883,-0.0,206.271484,39.670899,176.88715,10.286565,0.0,0.0,0.0,0.0,0.0,219.408411,45257.699,12.549273,15.666608,6468.095,759.188,7215.947,35241.933,0.0,-11259.863,-2010.663,138.931,100,True,77.342508
JFE_STEEL_JP,JFE Steel,JP,21.95,45.3,DISCLOSED_PATH,DISCLOSED_PATH,PORT-E123D45B71CC,CAND-74F6415EBB9977,P3,PORT-E123D45B71CC,226.220909,44097.644,194.931779,True,False,,0.0,1.265341119704999e-05,False,False,True,True,2029,0.0,0.07400003299999997,0.0,3,3,0.3867712,0.65,1.62,P3,균형형 라이트헤지,False,16189.8,2029,7326.0,194.751355,44056.829,44056.829,51321.955,226.220909,194.751355,229.718673,57485.037,51967.167,59232.293,7910.338,5294.599,-223.271,-0.0,226.866541,32.115186,219.142868,24.391513,0.0,0.0,0.0,0.0,0.0,226.220909,51321.955,14.230799,17.765839,9136.561,854.562,5769.056,41682.947,226.209,-7910.338,-5535.371,-166.796,100,True,84.693576
JFE_STEEL_JP,JFE Steel,JP,21.95,45.3,ACCELERATED_15C,DISCLOSED_PATH,PORT-E123D45B71CC,CAND-74F6415EBB9977,P3,PORT-E123D45B71CC,226.220909,42138.891,186.273194,False,False,2035,10.058341729412,-10.058341729412,True,True,True,True,,0.0,0.0,0.0,3,3,0.3867712,0.65,1.62,P3,균형형 라이트헤지,False,16189.8,2029,7326.0,185.516752,41967.768,41967.768,49703.313,226.220909,185.516752,236.861247,61250.289,53582.967,61318.512,11615.198,7482.281,-185.041,0.0,219.711403,34.194651,219.409827,33.893075,0.0,0.0,0.0,0.0,0.0,226.220909,49703.313,13.781975,17.205522,9136.561,854.562,6343.528,44911.366,241.166,-11615.198,-7735.512,-168.703,100,True,96.258675
JFE_STEEL_JP,JFE Steel,JP,21.95,45.3,DISCLOSED_PATH,DISCLOSED_PATH,PORT-0032610F15CE,CAND-8143AC9B1B780D,P5,PORT-0032610F15CE,334.010871,63227.786,189.298588,True,False,,0.0,1.265341119704999e-05,False,False,True,True,2028,0.0,0.174000033,0.28199871200000004,2,3,0.3867712,0.65,1.62,P5,조기 계약형 전환,False,18906.8,2032,9930.8,190.06022,63482.18,63482.18,67959.214,334.010871,190.06022,225.02737,90409.238,75161.588,79638.622,11679.408,15221.291,-26.359,0.0,203.464079,13.403858,235.710383,45.650163,0.0,0.0,0.0,0.0,0.0,334.010871,67959.214,18.844059,23.525067,11529.631,1317.557,9187.478,67005.09,1430.25,-11679.408,-15341.889,33.471,100,True,80.002441
JFE_STEEL_JP,JFE Steel,JP,21.95,45.3,ACCELERATED_15C,DISCLOSED_PATH,PORT-0032610F15CE,CAND-8143AC9B1B780D,P5,PORT-0032610F15CE,334.010871,56785.216,170.010083,False,False,2040,3.584995639999999,-3.584995639999999,False,False,True,True,2028,0.0,0.02400003300000003,0.0,2,3,0.3867712,0.65,1.62,P5,조기 계약형 전환,False,18906.8,2032,9930.8,170.743022,57030.026,57030.026,61368.822,334.010871,170.743022,221.927934,96482.108,74126.342,78465.139,17096.317,22333.995,-21.77,-0.0,183.733009,12.989987,237.674272,66.93125,0.0,0.0,0.0,0.0,0.0,334.010871,61368.822,17.016643,21.243708,10478.729,1317.557,10252.21,72973.422,1527.921,-17096.317,-22341.838,-81.659,100,True,81.484945
JFE_STEEL_JP,JFE Steel,JP,21.95,45.3,DISCLOSED_PATH,DISCLOSED_PATH,PORT-844170813924,CAND-81AEAF431DDC0A,P4,PORT-844170813924,381.425854,67951.044,178.150075,True,False,,0.0,1.265341119704999e-05,False,False,True,True,2028,0.0,0.174000033,0.33399759199999934,2,3,0.41232239999999987,0.65,1.78,P4,균형형 전환,False,20952.8,2032,9930.8,179.253549,68371.938,68371.938,75947.623,381.425854,179.253549,214.22933,93296.279,81712.605,89288.291,13340.667,11447.178,-136.496,0.0,199.115038,19.861489,209.622946,30.369397,0.0,0.0,0.0,0.0,0.0,381.425854,75947.623,21.059124,26.290371,11613.994,1401.633,11275.823,67892.055,836.06,-13340.667,-11395.093,88.134,100,True,69.19577
JFE_STEEL_JP,JFE Steel,JP,21.95,45.3,ACCELERATED_15C,DISCLOSED_PATH,PORT-844170813924,CAND-81AEAF431DDC0A,P4,PORT-844170813924,381.425854,62971.904,165.096055,True,False,,0.0,1.265341119704999e-05,False,False,True,True,2028,0.0,0.02400003300000003,0.0,2,3,0.41232239999999987,0.65,1.78,P4,균형형 전환,False,20952.8,2032,9930.8,166.27211,63420.482,63420.482,71100.954,381.425854,166.27211,217.589124,99497.738,82994.118,90674.59,19573.636,16440.829,-62.792,0.0,186.408324,20.136214,209.540338,43.268228,0.0,0.0,0.0,0.0,0.0,381.425854,71100.954,19.715216,24.612626,11884.622,1401.633,12339.689,73085.319,892.623,-19573.636,-16499.066,-110.704,100,True,77.014033
JFE_STEEL_JP,JFE Steel,JP,21.95,45.3,DISCLOSED_PATH,DISCLOSED_PATH,PORT-25A7E18292F6,CAND-82646489D4D4D1,P2,PORT-25A7E18292F6,310.220867,15630.754,50.385889,True,False,,0.0,1.265341119704999e-05,False,False,True,True,2033,4.44999748,0.0,0.8619984320000018,3,3,0.3406543999999999,0.65,1.3,P2,지연·부분헤지,False,16764.0,2033,6265.6,51.69007,16035.338,16035.338,21075.544,310.220867,51.69007,86.722637,29195.966,26903.172,31943.377,10867.833,2342.582,49.788,0.0,67.937222,16.247151,59.080914,7.390843,0.0,0.0,0.0,0.0,0.0,310.220867,21075.544,5.843929,7.295605,5095.167,701.152,13696.176,9140.232,41.138,-10867.833,-1656.528,-114.165,100,True,-58.367709
JFE_STEEL_JP,JFE Steel,JP,21.95,45.3,ACCELERATED_15C,DISCLOSED_PATH,PORT-25A7E18292F6,CAND-82646489D4D4D1,P2,PORT-25A7E18292F6,310.220867,11973.137,38.595524,True,False,,0.0,1.265341119704999e-05,False,False,True,True,2033,1.249997480000001,0.0,0.0,3,3,0.3406543999999999,0.65,1.3,P2,지연·부분헤지,False,16764.0,2033,6265.6,40.195158,12469.377,12469.377,17778.666,310.220867,40.195158,91.840818,31206.789,28490.938,33800.227,16021.561,2913.04,197.189,0.0,57.309704,17.114546,48.949729,8.754571,0.0,0.0,0.0,0.0,0.0,310.220867,17778.666,4.929754,6.154343,6838.84,701.152,12450.538,10976.695,43.749,-16021.561,-2618.22,98.184,100,True,-49.062919
JFE_STEEL_JP,JFE Steel,JP,21.95,45.3,DISCLOSED_PATH,DISCLOSED_PATH,PORT-0032610F15CE,CAND-8A107782070451,P4,PORT-0032610F15CE,334.010871,66779.822,199.933078,True,False,,0.0,1.265341119704999e-05,False,False,True,True,2028,0.0,0.174000033,0.28199871200000004,2,3,0.3867712,0.65,1.62,P4,균형형 전환,False,18906.8,2032,9930.8,201.007375,67138.648,67138.648,74624.44,334.010871,201.007375,235.974524,89930.376,78818.056,86303.848,11679.408,11082.36,-29.96,-0.0,223.419195,22.41182,234.276711,33.269336,0.0,0.0,0.0,0.0,0.0,334.010871,74624.44,20.692225,25.832332,11863.63,1317.557,9201.524,67024.57,805.281,-11679.408,-11311.18,-83.326,100,True,90.949596
JFE_STEEL_JP,JFE Steel,JP,21.95,45.3,ACCELERATED_15C,DISCLOSED_PATH,PORT-0032610F15CE,CAND-8A107782070451,P4,PORT-0032610F15CE,334.010871,62456.153,186.988384,False,False,2040,3.584995639999999,-3.584995639999999,False,False,True,True,2028,0.0,0.02400003300000003,0.0,2,3,0.3867712,0.65,1.62,P4,균형형 전환,False,18906.8,2032,9930.8,188.166463,62849.644,62849.644,70381.358,334.010871,188.166463,239.351374,95945.211,79945.961,87477.675,17096.317,16004.29,5.04,0.0,210.715772,22.549309,236.066849,47.900387,0.0,0.0,0.0,0.0,0.0,334.010871,70381.358,19.515683,24.363528,11863.63,1317.557,10105.019,72202.805,859.648,-17096.317,-16302.872,-99.826,100,True,98.908386
JFE_STEEL_JP,JFE Steel,JP,21.95,45.3,DISCLOSED_PATH,DISCLOSED_PATH,PORT-1741394F78A8,CAND-8A2CE57122B1A0,P1,PORT-1741394F78A8,199.008409,3795.639,19.072755,False,False,2035,2.3424929100000007,-2.3424929100000007,False,False,True,True,2036,0.004998229999999992,0.0,0.0,2,3,0.22808320000000004,0.65,0.66,P1,지연·현물조달,False,11178.2,2029,4558.4,20.516304,4082.917,4082.917,5776.444,199.008409,20.516304,55.485856,12024.191,11042.152,12735.679,6959.235,947.204,-34.835,-0.0,29.026132,8.509828,25.450967,4.934663,0.0,0.0,0.0,0.0,0.0,199.008409,5776.444,1.60172,1.9996,4635.578,409.821,6961.733,0.0,0.0,-6959.235,-1033.702,68.722,100,True,-89.541475
JFE_STEEL_JP,JFE Steel,JP,21.95,45.3,ACCELERATED_15C,DISCLOSED_PATH,PORT-1741394F78A8,CAND-8A2CE57122B1A0,P1,PORT-1741394F78A8,199.008409,1054.177,5.297148,False,False,2035,12.68249291,-12.68249291,True,True,True,True,,0.0,0.0,0.0,2,3,0.22808320000000004,0.65,0.66,P1,지연·현물조달,False,11178.2,2029,4558.4,6.559302,1305.356,1305.356,3161.495,199.008409,6.559302,57.91338,12734.252,11525.25,13381.388,10219.893,1137.56,-71.443,-0.0,15.886236,9.326934,12.634435,6.075132,0.0,0.0,0.0,0.0,0.0,199.008409,3161.495,0.876634,1.094397,3502.93,409.821,8564.527,0.0,0.0,-10219.893,-924.775,-27.254,100,True,-82.698775
JFE_STEEL_JP,JFE Steel,JP,21.95,45.3,DISCLOSED_PATH,DISCLOSED_PATH,PORT-E123D45B71CC,CAND-8DC42B3C7EA2DB,P2,PORT-E123D45B71CC,226.220909,45846.466,202.66237,True,False,,0.0,1.265341119704999e-05,False,False,True,True,2029,0.0,0.07400003299999997,0.0,3,3,0.3867712,0.65,1.62,P2,지연·부분헤지,False,16189.8,2029,7326.0,202.276293,45759.127,45759.127,54936.944,226.220909,202.276293,237.24361,57431.344,53669.465,62847.282,7910.338,3327.961,-433.918,0.0,242.846448,40.570155,218.905519,16.629227,0.0,0.0,0.0,0.0,0.0,226.220909,54936.944,15.233181,19.01722,9500.315,854.562,5735.866,41493.708,66.636,-7910.338,-3769.423,-212.198,100,True,92.218514
JFE_STEEL_JP,JFE Steel,JP,21.95,45.3,ACCELERATED_15C,DISCLOSED_PATH,PORT-E123D45B71CC,CAND-8DC42B3C7EA2DB,P2,PORT-E123D45B71CC,226.220909,44861.978,198.310483,False,False,2035,10.058341729412,-10.058341729412,True,True,True,True,,0.0,0.0,0.0,3,3,0.3867712,0.65,1.62,P2,지연·부분헤지,False,16189.8,2029,7326.0,197.168948,44603.739,44603.739,54617.751,226.220909,197.168948,248.513443,61161.187,56218.937,66232.949,11615.198,4508.375,-433.875,0.0,241.435468,44.26652,219.015958,21.84701,0.0,0.0,0.0,0.0,0.0,226.220909,54617.751,15.144674,18.906726,7803.408,854.562,6442.162,45337.772,70.799,-11615.198,-4480.076,190.31,100,True,107.910871
JFE_STEEL_JP,JFE Steel,JP,21.95,45.3,DISCLOSED_PATH,DISCLOSED_PATH,PORT-576B945395C2,CAND-8F0E9CFE80824D,P6,PORT-576B945395C2,417.556839,76190.532,182.46745,True,False,,0.0,1.265341119704999e-05,False,False,True,True,2028,0.0,0.3089998460000001,1.281998712,3,3,0.47620039999999997,0.65,2.2600000000000002,P6,조기 고헤지,False,23196.8,2031,9930.8,182.925935,76381.975,76381.975,78517.264,417.556839,182.925935,217.915583,115846.215,90992.142,93127.431,14610.167,24865.876,11.803,0.0,188.039703,5.113768,242.448546,59.522611,0.0,0.0,0.0,0.0,0.0,417.556839,78517.264,21.771646,27.179889,13258.136,1645.095,11769.495,85863.216,3311.961,-14610.167,-24854.949,-0.813,100,True,72.868156
JFE_STEEL_JP,JFE Steel,JP,21.95,45.3,ACCELERATED_15C,DISCLOSED_PATH,PORT-576B945395C2,CAND-8F0E9CFE80824D,P6,PORT-576B945395C2,417.556839,65416.232,156.664258,True,False,,0.0,1.265341119704999e-05,False,False,True,True,2028,0.0,0.02899984600000005,0.0,3,3,0.47620039999999997,0.65,2.2600000000000002,P6,조기 고헤지,False,23196.8,2031,9930.8,157.096556,65596.741,65596.741,67566.284,417.556839,157.096556,208.3834,123753.747,87011.914,88981.457,21415.173,36741.833,0.0,0.0,161.813382,4.716827,245.088968,87.992412,0.0,0.0,0.0,0.0,0.0,417.556839,67566.284,18.735105,23.389049,13258.136,1645.095,12906.524,92424.352,3541.497,-21415.173,-36749.48,-14.21,100,True,67.838479
JFE_STEEL_JP,JFE Steel,JP,21.95,45.3,DISCLOSED_PATH,DISCLOSED_PATH,PORT-36B22CA0D026,CAND-94E38421D8FAE7,P1,PORT-36B22CA0D026,159.495924,2772.919,17.385515,False,False,2035,10.244990009999999,-10.244990009999999,True,True,True,True,,0.0,0.0,0.0,2,3,0.19452160000000007,0.65,0.5,P1,지연·현물조달,False,9132.2,2029,4558.4,18.493989,2949.716,2949.716,4149.79,159.495924,18.493989,53.473109,9195.598,8528.743,9728.817,5579.027,594.607,-72.247,-0.0,26.018157,7.524168,22.675004,4.181015,0.0,0.0,0.0,0.0,0.0,159.495924,4149.79,1.150674,1.43651,2971.188,341.697,5808.057,0.0,0.0,-5579.027,-598.39,6.19,100,True,-91.56379
JFE_STEEL_JP,JFE Steel,JP,21.95,45.3,ACCELERATED_15C,DISCLOSED_PATH,PORT-36B22CA0D026,CAND-94E38421D8FAE7,P1,PORT-36B22CA0D026,159.495924,593.56,3.721473,False,False,2035,20.58499001,-20.58499001,True,True,True,True,,0.0,0.0,0.0,2,3,0.19452160000000007,0.65,0.5,P1,지연·현물조달,False,9132.2,2029,4558.4,4.510733,719.444,719.444,2090.853,159.495924,4.510733,55.665313,9718.912,8878.391,10249.8,8158.947,714.534,-125.988,-0.0,13.109134,8.598401,9.780596,5.269863,0.0,0.0,0.0,0.0,0.0,159.495924,2090.853,0.579762,0.723779,3867.048,341.697,5629.3,0.0,0.0,-8158.947,-996.731,37.077,100,True,-84.747344
JFE_STEEL_JP,JFE Steel,JP,21.95,45.3,DISCLOSED_PATH,DISCLOSED_PATH,PORT-6E49C004BA31,CAND-953F1AFEF37202,P1,PORT-6E49C004BA31,163.575867,29099.891,177.898434,False,False,2030,4.8049966600000005,-4.8049966600000005,True,True,True,True,,0.0,0.0,0.0,2,3,0.28207360000000015,0.65,0.9799999999999999,P1,지연·현물조달,False,13615.8,2033,9930.8,181.666887,29716.319,29716.319,37830.235,163.575867,181.666887,216.796359,36924.997,35462.652,43576.569,5746.334,1455.726,-6.619,0.0,231.27027,49.603383,190.606744,8.939857,0.0,0.0,0.0,0.0,0.0,163.575867,37830.235,10.48975,13.095484,5700.431,562.447,3896.389,26864.446,0.0,-5746.334,-1415.183,-145.878,100,True,71.609108
JFE_STEEL_JP,JFE Steel,JP,21.95,45.3,ACCELERATED_15C,DISCLOSED_PATH,PORT-6E49C004BA31,CAND-953F1AFEF37202,P1,PORT-6E49C004BA31,163.575867,28678.153,175.320197,False,False,2030,15.14499666,-15.14499666,True,True,True,True,,0.0,0.0,0.0,2,3,0.28207360000000015,0.65,0.9799999999999999,P1,지연·현물조달,False,13615.8,2033,9930.8,179.867812,29422.033,29422.033,38358.482,163.575867,179.867812,231.907755,39732.256,37934.512,46870.96,8512.479,1820.261,22.517,-0.0,234.499637,54.631825,190.858087,10.990275,0.0,0.0,0.0,0.0,0.0,163.575867,38358.482,10.636225,13.278344,4690.731,562.447,4352.469,29630.193,0.0,-8512.479,-1476.896,175.567,100,True,90.609735
JFE_STEEL_JP,JFE Steel,JP,21.95,45.3,DISCLOSED_PATH,DISCLOSED_PATH,PORT-48EB0158352D,CAND-AFB45421E864E1,P3,PORT-48EB0158352D,209.90085,37378.72,178.077983,False,False,2030,3.1659880174124027,-3.1659880174124027,True,True,True,True,,0.0,0.0,0.0,3,3,0.3867712,0.65,1.62,P3,균형형 라이트헤지,False,17905.8,2033,9930.8,181.634633,38125.264,38125.264,45883.445,209.90085,181.634633,216.720286,50474.562,45489.772,53247.953,7364.508,4846.37,-138.419,0.0,218.595804,36.96117,205.38294,23.748307,0.0,0.0,0.0,0.0,0.0,209.90085,45883.445,12.722783,15.88322,9057.408,725.944,5009.635,35554.538,197.565,-7364.508,-5034.764,-20.554,100,True,71.576854
JFE_STEEL_JP,JFE Steel,JP,21.95,45.3,ACCELERATED_15C,DISCLOSED_PATH,PORT-48EB0158352D,CAND-AFB45421E864E1,P3,PORT-48EB0158352D,209.90085,35677.345,169.972368,False,False,2030,8.975988017412405,-8.975988017412405,True,True,True,True,,0.0,0.0,0.0,3,3,0.3867712,0.65,1.62,P3,균형형 라이트헤지,False,17905.8,2033,9930.8,173.861404,36493.657,36493.657,44374.788,209.90085,173.861404,225.927704,54193.336,47422.417,55303.548,10928.761,6786.053,15.134,0.0,211.408327,37.546923,206.119106,32.257701,0.0,0.0,0.0,0.0,0.0,209.90085,44374.788,12.304455,15.360976,7668.284,725.944,5753.107,39763.282,211.992,-10928.761,-6679.647,-20.546,100,True,84.603327
JFE_STEEL_JP,JFE Steel,JP,21.95,45.3,DISCLOSED_PATH,DISCLOSED_PATH,PORT-263958B6D89F,CAND-B210B35AD45FF1,P1,PORT-263958B6D89F,80.688399,792.04,9.816037,False,False,2030,12.202493780000001,-12.202493780000001,True,True,True,True,,0.0,0.0,0.0,2,3,0.19452160000000007,0.65,0.5,P1,지연·현물조달,False,8654.8,2036,3696.0,10.839586,874.629,874.629,1605.613,80.688399,10.839586,45.826554,4020.174,3697.671,4428.656,2823.042,349.491,26.988,0.0,19.898937,9.059351,14.836478,3.996892,0.0,0.0,0.0,0.0,0.0,80.688399,1605.613,0.445212,0.555806,2265.826,160.273,1627.796,0.0,0.0,-2823.042,-375.452,19.228,100,True,-99.218193
JFE_STEEL_JP,JFE Steel,JP,21.95,45.3,ACCELERATED_15C,DISCLOSED_PATH,PORT-263958B6D89F,CAND-B210B35AD45FF1,P1,PORT-263958B6D89F,80.688399,-434.279,-5.382174,False,False,2030,22.54249378,-22.54249378,True,True,True,True,,0.0,0.0,0.0,2,3,0.19452160000000007,0.65,0.5,P1,지연·현물조달,False,8654.8,2036,3696.0,-4.237965,-341.955,-341.955,454.178,80.688399,-4.237965,47.66627,4244.737,3846.115,4642.248,4188.07,420.557,21.936,0.0,5.628791,9.866756,0.702294,4.940258,0.0,0.0,0.0,0.0,0.0,80.688399,454.178,0.125937,0.15722,2184.759,160.273,1905.054,0.0,0.0,-4188.07,-396.801,-7.171,100,True,-93.496042
JFE_STEEL_JP,JFE Steel,JP,21.95,45.3,DISCLOSED_PATH,DISCLOSED_PATH,PORT-7F45069F34E3,CAND-B4CBF9F7B55581,P3,PORT-7F45069F34E3,203.088353,28331.05,139.501106,False,False,2030,3.1659880174124027,-3.1659880174124027,True,True,True,True,,0.0,0.0,0.0,2,3,0.3119871999999999,0.65,1.1400000000000001,P3,균형형 라이트헤지,False,15661.8,2033,9930.8,142.563443,28952.975,28952.975,34865.899,203.088353,142.563443,177.654286,39876.185,36079.516,41992.441,7126.542,3778.782,-17.886,0.0,171.678478,29.115036,161.258106,18.694663,0.0,0.0,0.0,0.0,0.0,203.088353,34865.899,9.667785,12.069337,7081.592,630.571,5194.884,26866.602,157.638,-7126.542,-3819.395,-32.375,100,True,32.505664
JFE_STEEL_JP,JFE Steel,JP,21.95,45.3,ACCELERATED_15C,DISCLOSED_PATH,PORT-7F45069F34E3,CAND-B4CBF9F7B55581,P3,PORT-7F45069F34E3,203.088353,26352.106,129.756857,False,False,2030,8.975988017412405,-8.975988017412405,True,True,True,True,,0.0,0.0,0.0,2,3,0.3119871999999999,0.65,1.1400000000000001,P3,균형형 라이트헤지,False,15661.8,2033,9930.8,132.699217,26949.665,26949.665,33351.03,203.088353,132.699217,184.762395,42825.169,37523.09,43924.455,10573.425,5224.43,-77.649,0.0,164.219313,31.520096,158.80647,26.107253,0.0,0.0,0.0,0.0,0.0,203.088353,33351.03,9.247735,11.544942,7024.435,630.571,6115.833,28863.203,168.866,-10573.425,-5227.61,-52.207,100,True,43.44114
JFE_STEEL_JP,JFE Steel,JP,21.95,45.3,DISCLOSED_PATH,DISCLOSED_PATH,PORT-25A7E18292F6,CAND-BC3B7FD8701906,P1,PORT-25A7E18292F6,310.220867,15888.322,51.21616,True,False,,0.0,1.265341119704999e-05,False,False,True,True,2033,4.44999748,0.0,0.8619984320000018,3,3,0.3406543999999999,0.65,1.3,P1,지연·현물조달,False,16764.0,2033,6265.6,53.008679,16444.399,16444.399,22212.811,310.220867,53.008679,88.041246,29237.871,27312.232,33080.644,10867.833,2051.764,126.125,-0.0,71.603212,18.594533,59.215996,6.207316,0.0,0.0,0.0,0.0,0.0,310.220867,22212.811,6.159275,7.689286,4794.094,701.152,14125.779,9129.396,0.0,-10867.833,-1237.234,-200.955,100,True,-57.0491
JFE_STEEL_JP,JFE Steel,JP,21.95,45.3,ACCELERATED_15C,DISCLOSED_PATH,PORT-25A7E18292F6,CAND-BC3B7FD8701906,P1,PORT-25A7E18292F6,310.220867,12346.595,39.799369,True,False,,0.0,1.265341119704999e-05,False,False,True,True,2033,1.249997480000001,0.0,0.0,3,3,0.3406543999999999,0.65,1.3,P1,지연·현물조달,False,16764.0,2033,6265.6,41.678272,12929.47,12929.47,19134.465,310.220867,41.678272,93.323931,31243.408,28951.031,35156.027,16021.561,2503.932,211.555,-0.0,61.680136,20.001865,49.067771,7.3895,0.0,0.0,0.0,0.0,0.0,310.220867,19134.465,5.305697,6.623673,6755.726,701.152,12458.21,11070.671,0.0,-16021.561,-2134.478,99.75,100,True,-47.579805
JFE_STEEL_JP,JFE Steel,JP,21.95,45.3,DISCLOSED_PATH,DISCLOSED_PATH,PORT-BFE68456F5A9,CAND-BD5FC0B8045E4C,P1,PORT-BFE68456F5A9,87.500896,10466.189,119.612369,False,False,2030,11.118342749412001,-11.118342749412001,True,True,True,True,,0.0,0.0,0.0,3,3,0.28207360000000015,0.65,0.9799999999999999,P1,지연·현물조달,False,10898.8,2036,5940.0,123.799519,10832.569,10832.569,14027.716,87.500896,123.799519,158.782124,14576.044,13893.578,17088.725,3061.009,751.152,68.686,0.0,160.315111,36.515592,131.599045,7.799526,0.0,0.0,0.0,0.0,0.0,87.500896,14027.716,3.889673,4.855897,3215.504,255.646,1497.796,9488.224,0.0,-3061.009,-683.123,119.53,100,True,13.74174
JFE_STEEL_JP,JFE Steel,JP,21.95,45.3,ACCELERATED_15C,DISCLOSED_PATH,PORT-BFE68456F5A9,CAND-BD5FC0B8045E4C,P1,PORT-BFE68456F5A9,87.500896,9868.567,112.78247,False,False,2030,21.618342749412,-21.618342749412,True,True,True,True,,0.0,0.0,0.0,3,3,0.28207360000000015,0.65,0.9799999999999999,P1,지연·현물조달,False,10898.8,2036,5940.0,117.838139,10310.943,10310.943,13744.305,87.500896,117.838139,169.762238,15693.613,14854.348,18287.71,4543.405,939.598,100.333,0.0,157.076161,39.238021,127.429637,9.591498,0.0,0.0,0.0,0.0,0.0,87.500896,13744.305,3.811087,4.75779,2958.38,255.646,1758.87,10850.985,0.0,-4543.405,-823.933,-145.602,100,True,28.580062
JFE_STEEL_JP,JFE Steel,JP,21.95,45.3,DISCLOSED_PATH,DISCLOSED_PATH,PORT-1C641A2E58FD,CAND-BD69BDF77D11F9,P2,PORT-1C641A2E58FD,205.820907,13211.212,64.187903,False,False,2035,1.2583418794120007,-1.2583418794120007,True,True,True,True,,0.0,0.0,0.0,3,3,0.3119871999999999,0.65,1.1400000000000001,P2,지연·부분헤지,False,13422.2,2036,5940.0,65.781945,13539.3,13539.3,17106.353,205.820907,65.781945,100.750218,22483.31,20736.501,24303.555,7197.202,1649.315,-97.495,0.0,83.112807,17.330862,74.26898,8.487035,0.0,0.0,0.0,0.0,0.0,205.820907,17106.353,4.743332,5.921612,5513.483,505.194,6361.799,10064.914,30.261,-7197.202,-1662.243,-76.906,100,True,-44.275834
JFE_STEEL_JP,JFE Steel,JP,21.95,45.3,ACCELERATED_15C,DISCLOSED_PATH,PORT-1C641A2E58FD,CAND-BD69BDF77D11F9,P2,PORT-1C641A2E58FD,205.820907,10973.496,53.31575,False,False,2035,11.758341879412,-11.758341879412,True,True,True,True,,0.0,0.0,0.0,3,3,0.3119871999999999,0.65,1.1400000000000001,P2,지연·부분헤지,False,13422.2,2036,5940.0,55.180152,11357.229,11357.229,15180.35,205.820907,55.180152,106.560883,24017.297,21932.458,25755.579,10575.229,2093.096,8.256,-0.0,73.755142,18.57499,65.309538,10.129386,0.0,0.0,0.0,0.0,0.0,205.820907,15180.35,4.209281,5.254898,3647.186,505.194,9250.348,10050.795,32.162,-10575.229,-1546.527,-6.701,100,True,-34.077925
JFE_STEEL_JP,JFE Steel,JP,21.95,45.3,DISCLOSED_PATH,DISCLOSED_PATH,PORT-1C641A2E58FD,CAND-C535F3B5D7A55A,P1,PORT-1C641A2E58FD,205.820907,13469.788,65.444215,False,False,2035,1.2583418794120007,-1.2583418794120007,True,True,True,True,,0.0,0.0,0.0,3,3,0.3119871999999999,0.65,1.1400000000000001,P1,지연·현물조달,False,13422.2,2036,5940.0,67.200366,13831.24,13831.24,18004.628,205.820907,67.200366,102.168639,22485.217,21028.442,25201.83,7197.202,1365.969,-90.807,0.0,87.477159,20.276793,74.278244,7.077879,0.0,0.0,0.0,0.0,0.0,205.820907,18004.628,4.99241,6.232563,3437.305,505.194,8724.303,9129.396,0.0,-7197.202,-843.327,75.571,100,True,-42.857413
JFE_STEEL_JP,JFE Steel,JP,21.95,45.3,ACCELERATED_15C,DISCLOSED_PATH,PORT-1C641A2E58FD,CAND-C535F3B5D7A55A,P1,PORT-1C641A2E58FD,205.820907,11357.023,55.179152,False,False,2035,11.758341879412,-11.758341879412,True,True,True,True,,0.0,0.0,0.0,3,3,0.3119871999999999,0.65,1.1400000000000001,P1,지연·현물조달,False,13422.2,2036,5940.0,57.475343,11829.627,11829.627,16306.684,205.820907,57.475343,108.856074,24012.685,22404.856,26881.913,10575.229,1677.759,69.929,-0.0,79.227538,21.752196,65.287131,7.811788,0.0,0.0,0.0,0.0,0.0,205.820907,16306.684,4.521596,5.644795,5536.888,505.194,6895.55,11085.755,0.0,-10575.229,-1668.388,49.856,100,True,-31.782734
JFE_STEEL_JP,JFE Steel,JP,21.95,45.3,DISCLOSED_PATH,DISCLOSED_PATH,PORT-E123D45B71CC,CAND-C973F96EA1BC5C,P1,PORT-E123D45B71CC,226.220909,47045.021,207.960534,True,False,,0.0,1.265341119704999e-05,False,False,True,True,2029,0.0,0.07400003299999997,0.0,3,3,0.3867712,0.65,1.62,P1,지연·현물조달,False,16189.8,2029,7326.0,207.315764,46899.161,46899.161,57519.875,226.220909,207.315764,242.283082,57421.413,54809.499,65430.214,7910.338,2054.286,-557.628,0.0,254.264186,46.948422,218.86162,11.545856,0.0,0.0,0.0,0.0,0.0,226.220909,57519.875,15.949389,19.911339,9742.818,854.562,5702.675,41367.549,0.0,-7910.338,-2610.305,-247.801,100,True,97.257985
JFE_STEEL_JP,JFE Steel,JP,21.95,45.3,ACCELERATED_15C,DISCLOSED_PATH,PORT-E123D45B71CC,CAND-C973F96EA1BC5C,P1,PORT-E123D45B71CC,226.220909,46708.817,206.474357,False,False,2035,10.058341729412,-10.058341729412,True,True,True,True,,0.0,0.0,0.0,3,3,0.3867712,0.65,1.62,P1,지연·현물조달,False,16189.8,2029,7326.0,204.984922,46371.875,46371.875,58121.436,226.220909,204.984922,256.329417,61129.696,57987.074,69736.634,11615.198,2568.49,-574.132,0.0,256.923358,51.938436,218.87675,13.891827,0.0,0.0,0.0,0.0,0.0,226.220909,58121.436,16.116192,20.119578,9742.818,854.562,6274.158,44575.131,0.0,-11615.198,-3263.528,-196.068,100,True,115.726845
JFE_STEEL_JP,JFE Steel,JP,21.95,45.3,DISCLOSED_PATH,DISCLOSED_PATH,PORT-D5A2DA370FDA,CAND-CB30BCF3D9CF92,P1,PORT-D5A2DA370FDA,185.08836,3210.574,17.34617,False,False,2030,3.1659880174124027,-3.1659880174124027,False,False,True,True,2036,1.6549952300000008,0.0,0.0,2,3,0.22808320000000004,0.65,0.6599999999999999,P1,지연·현물조달,False,11996.6,2033,6265.6,19.186893,3551.271,3551.271,5619.935,185.08836,19.186893,54.271077,11036.805,10044.945,12113.609,6493.674,1033.071,41.21,0.0,30.363522,11.176629,24.545742,5.358848,0.0,0.0,0.0,0.0,0.0,185.08836,5619.935,1.558323,1.945422,4101.99,356.231,6571.327,0.0,0.0,-6493.674,-934.096,-50.507,100,True,-90.870886
JFE_STEEL_JP,JFE Steel,JP,21.95,45.3,ACCELERATED_15C,DISCLOSED_PATH,PORT-D5A2DA370FDA,CAND-CB30BCF3D9CF92,P1,PORT-D5A2DA370FDA,185.08836,555.293,3.000149,False,False,2030,9.492498710000003,-9.492498710000003,True,True,True,True,,0.0,0.0,0.0,2,3,0.22808320000000004,0.65,0.6599999999999999,P1,지연·현물조달,False,11996.6,2033,6265.6,4.755393,880.168,880.168,3098.924,185.08836,4.755393,56.808381,11713.87,10514.57,12733.326,9634.402,1240.616,41.316,-0.0,16.742943,11.98755,11.235002,6.479609,0.0,0.0,0.0,0.0,0.0,185.08836,3098.924,0.859285,1.072737,4696.542,356.231,6844.568,0.0,0.0,-9634.402,-1315.607,-67.164,100,True,-84.502684
JFE_STEEL_JP,JFE Steel,JP,21.95,45.3,DISCLOSED_PATH,DISCLOSED_PATH,PORT-408F044D6828,CAND-CBE864A3B5E624,P2,PORT-408F044D6828,302.295879,63997.503,211.704848,True,False,,0.0,1.265341119704999e-05,False,False,True,True,2029,0.0,0.07400003299999997,0.0,2,3,0.3867712,0.65,1.62,P2,지연·부분헤지,False,18906.8,2033,9930.8,213.244859,64463.042,64463.042,77132.061,302.295879,213.244859,248.295495,79441.442,75058.705,87727.724,10595.663,4555.338,172.601,0.0,255.154193,41.909334,227.743029,14.49817,0.0,0.0,0.0,0.0,0.0,302.295879,77132.061,21.38755,26.700381,8987.885,1161.363,8442.935,60548.868,91.645,-10595.663,-4240.605,66.615,100,True,103.18708
JFE_STEEL_JP,JFE Steel,JP,21.95,45.3,ACCELERATED_15C,DISCLOSED_PATH,PORT-408F044D6828,CAND-CBE864A3B5E624,P2,PORT-408F044D6828,302.295879,62928.809,208.169588,False,False,2040,3.584995639999999,-3.584995639999999,True,True,True,True,,0.0,0.0,0.0,2,3,0.3867712,0.65,1.62,P2,지연·부분헤지,False,18906.8,2033,9930.8,210.649758,63678.554,63678.554,77191.229,302.295879,210.649758,262.202799,85208.889,79262.826,92775.501,15584.272,6169.606,223.542,0.0,255.349923,44.700165,230.319439,19.669681,0.0,0.0,0.0,0.0,0.0,302.295879,77191.229,21.403957,26.720863,8681.079,1161.363,9223.588,65739.914,97.551,-15584.272,-5706.163,65.493,100,True,121.391681
JFE_STEEL_JP,JFE Steel,JP,21.95,45.3,DISCLOSED_PATH,DISCLOSED_PATH,PORT-6E49C004BA31,CAND-DF57CBE06564A4,P3,PORT-6E49C004BA31,163.575867,27300.156,166.895985,False,False,2030,4.8049966600000005,-4.8049966600000005,True,True,True,True,,0.0,0.0,0.0,2,3,0.28207360000000015,0.65,0.9799999999999999,P3,균형형 라이트헤지,False,13615.8,2033,9930.8,169.539412,27732.556,27732.556,33310.718,163.575867,169.539412,204.668884,36881.378,33478.89,39057.051,5746.334,3406.651,4.163,0.0,203.640783,34.10137,190.340085,20.800672,0.0,0.0,0.0,0.0,0.0,163.575867,33310.718,9.236557,11.530988,5858.753,562.447,3805.735,26433.301,144.796,-5746.334,-3422.362,96.221,100,True,59.481633
JFE_STEEL_JP,JFE Steel,JP,21.95,45.3,ACCELERATED_15C,DISCLOSED_PATH,PORT-6E49C004BA31,CAND-DF57CBE06564A4,P3,PORT-6E49C004BA31,163.575867,25879.894,158.213398,False,False,2030,15.14499666,-15.14499666,True,True,True,True,,0.0,0.0,0.0,2,3,0.28207360000000015,0.65,0.9799999999999999,P3,균형형 라이트헤지,False,13615.8,2033,9930.8,161.222286,26372.075,26372.075,32279.848,163.575867,161.222286,213.262229,39664.808,34884.554,40792.327,8512.479,4805.033,24.78,-0.0,197.338694,36.116408,190.445751,29.223464,0.0,0.0,0.0,0.0,0.0,163.575867,32279.848,8.950712,11.174137,5637.671,562.447,4282.925,29143.606,155.194,-8512.479,-4773.357,-123.932,100,True,71.964209
JFE_STEEL_JP,JFE Steel,JP,21.95,45.3,DISCLOSED_PATH,DISCLOSED_PATH,PORT-408F044D6828,CAND-DFCA23D16E81A2,P1,PORT-408F044D6828,302.295879,65678.722,217.26635,True,False,,0.0,1.265341119704999e-05,False,False,True,True,2029,0.0,0.07400003299999997,0.0,2,3,0.3867712,0.65,1.62,P1,지연·현물조달,False,18906.8,2033,9930.8,219.068128,66223.392,66223.392,80883.517,302.295879,219.068128,254.118763,79399.562,76819.055,91479.18,10595.663,2749.099,168.592,-0.0,267.564073,48.495946,227.604488,8.53636,0.0,0.0,0.0,0.0,0.0,302.295879,80883.517,22.427772,27.999002,8893.185,1161.363,8480.47,60631.097,0.0,-10595.663,-2410.059,62.999,100,True,109.010349
JFE_STEEL_JP,JFE Steel,JP,21.95,45.3,ACCELERATED_15C,DISCLOSED_PATH,PORT-408F044D6828,CAND-DFCA23D16E81A2,P1,PORT-408F044D6828,302.295879,65518.403,216.73601,False,False,2040,3.584995639999999,-3.584995639999999,True,True,True,True,,0.0,0.0,0.0,2,3,0.3867712,0.65,1.62,P1,지연·현물조달,False,18906.8,2033,9930.8,219.679708,66408.271,66408.271,82305.047,302.295879,219.679708,271.23275,85192.671,81992.543,97889.319,15584.272,3436.968,236.84,0.0,272.26652,52.586811,230.265787,10.586079,0.0,0.0,0.0,0.0,0.0,302.295879,82305.047,22.821941,28.491085,8548.029,1161.363,9254.606,65879.021,0.0,-15584.272,-2906.965,56.489,100,True,130.421631
JFE_STEEL_JP,JFE Steel,JP,21.95,45.3,DISCLOSED_PATH,DISCLOSED_PATH,PORT-7F45069F34E3,CAND-DFD36ABEC37623,P1,PORT-7F45069F34E3,203.088353,30122.61,148.322688,False,False,2030,3.1659880174124027,-3.1659880174124027,True,True,True,True,,0.0,0.0,0.0,2,3,0.3119871999999999,0.65,1.1400000000000001,P1,지연·현물조달,False,15661.8,2033,9930.8,152.673972,31006.305,31006.305,39650.152,203.088353,152.673972,187.764815,40017.62,38132.847,46776.693,7126.542,1798.289,-86.484,-0.0,195.235971,42.561999,161.954528,9.280556,0.0,0.0,0.0,0.0,0.0,203.088353,39650.152,10.994385,13.725475,7183.893,630.571,5568.797,26561.703,0.0,-7126.542,-1854.42,42.302,100,True,42.616193
JFE_STEEL_JP,JFE Steel,JP,21.95,45.3,ACCELERATED_15C,DISCLOSED_PATH,PORT-7F45069F34E3,CAND-DFD36ABEC37623,P1,PORT-7F45069F34E3,203.088353,29138.77,143.478295,False,False,2030,8.975988017412405,-8.975988017412405,True,True,True,True,,0.0,0.0,0.0,2,3,0.3119871999999999,0.65,1.1400000000000001,P1,지연·현물조달,False,15661.8,2033,9930.8,147.734508,30003.158,30003.158,39529.29,203.088353,147.734508,199.797685,42983.32,40576.583,50102.715,10573.425,2231.301,-175.436,0.0,194.640853,46.906346,159.585199,11.850692,0.0,0.0,0.0,0.0,0.0,203.088353,39529.29,10.960872,13.683637,7183.893,630.571,6208.915,28918.006,0.0,-10573.425,-2299.684,-65.12,100,True,58.476431
JFE_STEEL_JP,JFE Steel,JP,21.95,45.3,DISCLOSED_PATH,DISCLOSED_PATH,PORT-49F18FB13125,CAND-E142C0366C78ED,P4,PORT-49F18FB13125,369.350858,50838.56,137.643,True,False,,0.0,1.265341119704999e-05,False,False,True,True,2028,0.14999703000000153,0.174000033,1.1819983720000007,3,3,0.41232239999999987,0.65,1.78,P4,균형형 전환,False,19531.6,2028,7326.0,137.997099,50969.347,50969.347,57638.988,369.350858,137.997099,172.963517,72617.934,63884.224,70553.865,12914.877,8792.49,58.78,0.0,156.054837,18.057738,161.643208,23.646109,0.0,0.0,0.0,0.0,0.0,369.350858,57638.988,15.982417,19.952571,10619.519,1201.692,11822.285,48175.679,657.316,-12914.877,-8749.921,157.653,100,True,27.93932
JFE_STEEL_JP,JFE Steel,JP,21.95,45.3,ACCELERATED_15C,DISCLOSED_PATH,PORT-49F18FB13125,CAND-E142C0366C78ED,P4,PORT-49F18FB13125,369.350858,45969.413,124.460015,True,False,,0.0,1.265341119704999e-05,False,False,True,True,2028,0.0,0.02400003300000003,0.0,3,3,0.41232239999999987,0.65,1.78,P4,균형형 전환,False,19531.6,2028,7326.0,124.922882,46140.374,46140.374,52815.987,369.350858,124.922882,176.222582,77444.221,65087.962,71763.575,18947.588,12428.487,72.228,-0.0,142.99679,18.073908,158.376869,33.453987,0.0,0.0,0.0,0.0,0.0,369.350858,52815.987,14.645072,18.28302,10150.729,1201.692,13082.2,52439.975,701.233,-18947.588,-12355.822,-132.045,100,True,35.664805
JFE_STEEL_JP,JFE Steel,JP,21.95,45.3,DISCLOSED_PATH,DISCLOSED_PATH,PORT-B91429E42CEB,CAND-E1C48D333700EA,P7,PORT-B91429E42CEB,445.512827,80332.44,180.314539,True,False,,0.0,1.265341119704999e-05,False,False,True,True,2028,0.0,0.4689998460000001,2.281998712,3,3,0.47620039999999997,0.65,2.2600000000000002,P7,완전 수소·계약형,False,23196.8,2030,9930.8,180.456923,80395.874,80395.874,81164.471,445.512827,180.456923,215.436085,125931.693,95979.539,96748.136,15583.665,29952.154,0.0,0.0,182.182119,1.725196,247.687657,67.230734,0.0,0.0,0.0,0.0,0.0,445.512827,81164.471,22.505676,28.096258,13612.986,1777.766,12666.163,92773.493,5113.755,-15583.665,-29954.884,-9.74,100,True,70.399144
JFE_STEEL_JP,JFE Steel,JP,21.95,45.3,ACCELERATED_15C,DISCLOSED_PATH,PORT-B91429E42CEB,CAND-E1C48D333700EA,P7,PORT-B91429E42CEB,445.512827,67071.669,150.549356,True,False,,0.0,1.265341119704999e-05,False,False,True,True,2028,0.0,0.26899984600000015,0.28199871200000004,3,3,0.47620039999999997,0.65,2.2600000000000002,P7,완전 수소·계약형,False,23196.8,2030,9930.8,150.666292,67123.766,67123.766,67817.512,445.512827,150.666292,201.839391,134352.849,89922.038,90615.784,22798.272,44433.778,2.966,0.0,152.223478,1.557186,250.395883,99.729591,0.0,0.0,0.0,0.0,0.0,445.512827,67817.512,18.804767,23.476015,13956.883,1777.766,13865.202,99291.093,5462.182,-22798.272,-44425.057,-6.031,100,True,61.408215
JFE_STEEL_JP,JFE Steel,JP,21.95,45.3,DISCLOSED_PATH,DISCLOSED_PATH,PORT-7BA11C62DF95,CAND-E2E67FC7600525,P2,PORT-7BA11C62DF95,219.408411,36426.705,166.022372,False,False,2040,0.6424927599999997,-0.6424927599999997,False,False,True,True,2029,0.0,0.07400003299999997,0.0,2,3,0.3119871999999999,0.65,1.1400000000000001,P2,지연·부분헤지,False,13945.8,2029,7326.0,166.985424,36638.007,36638.007,43575.607,219.408411,166.985424,201.953871,47195.624,44310.378,51247.978,7672.372,2674.537,-210.709,-0.0,198.604996,31.619572,180.135539,13.150115,0.0,0.0,0.0,0.0,0.0,219.408411,43575.607,12.082855,15.084328,6580.577,759.188,6244.889,33391.103,55.324,-7672.372,-2703.48,-17.224,100,True,56.927645
JFE_STEEL_JP,JFE Steel,JP,21.95,45.3,ACCELERATED_15C,DISCLOSED_PATH,PORT-7BA11C62DF95,CAND-E2E67FC7600525,P2,PORT-7BA11C62DF95,219.408411,34953.774,159.309178,False,False,2035,10.98249276,-10.98249276,True,True,True,True,,0.0,0.0,0.0,2,3,0.3119871999999999,0.65,1.1400000000000001,P2,지연·부분헤지,False,13945.8,2029,7326.0,159.907122,35084.967,35084.967,42515.24,219.408411,159.907122,211.226316,50090.286,46344.83,53775.102,11259.863,3590.89,-154.566,-0.0,193.77215,33.865028,176.977822,17.070701,0.0,0.0,0.0,0.0,0.0,219.408411,42515.24,11.788831,14.717267,6451.093,759.188,7156.099,35296.656,58.645,-11259.863,-3499.261,122.41,100,True,70.649045
JFE_STEEL_JP,JFE Steel,JP,21.95,45.3,DISCLOSED_PATH,DISCLOSED_PATH,PORT-4577AB24CD05,CAND-E5C3BE482793EF,P4,PORT-4577AB24CD05,389.600851,78510.322,201.51476,True,False,,0.0,1.265341119704999e-05,False,False,True,True,2028,0.0,0.174000033,0.28199871200000004,3,3,0.47620039999999997,0.65,2.2600000000000002,P4,균형형 전환,False,23196.8,2032,9930.8,202.756819,78994.229,78994.229,88414.243,389.600851,202.756819,237.733877,105818.529,92621.321,102041.334,13627.091,13195.272,-1.936,-0.0,226.935446,24.178627,236.630483,33.873664,0.0,0.0,0.0,0.0,0.0,389.600851,88414.243,24.515928,30.605872,13333.854,1519.341,10897.907,78912.936,948.178,-13627.091,-13193.729,202.834,100,True,92.69904
JFE_STEEL_JP,JFE Steel,JP,21.95,45.3,ACCELERATED_15C,DISCLOSED_PATH,PORT-4577AB24CD05,CAND-E5C3BE482793EF,P4,PORT-4577AB24CD05,389.600851,73594.491,188.897151,True,False,,0.0,1.265341119704999e-05,False,False,True,True,2028,0.0,0.02400003300000003,0.0,3,3,0.47620039999999997,0.65,2.2600000000000002,P4,균형형 전환,False,23196.8,2032,9930.8,190.141506,74079.292,74079.292,83565.61,389.600851,190.141506,241.478046,113127.763,94080.052,103566.37,20000.76,19042.618,-5.093,0.0,214.490318,24.348812,239.031827,48.890322,0.0,0.0,0.0,0.0,0.0,389.600851,83565.61,23.171476,28.927447,13333.854,1519.341,11968.478,85120.653,1013.895,-20000.76,-19032.662,156.494,100,True,100.883429
JFE_STEEL_JP,JFE Steel,JP,21.95,45.3,DISCLOSED_PATH,DISCLOSED_PATH,PORT-A7F00CD0D5D9,CAND-E97F5B55830909,P1,PORT-A7F00CD0D5D9,145.575874,2187.854,15.028963,False,False,2030,7.054995810000001,-7.054995810000001,True,True,True,True,,0.0,0.0,0.0,2,3,0.19452160000000007,0.65,0.5,P1,지연·현물조달,False,9950.6,2033,6265.6,16.888091,2458.499,2458.499,3871.378,145.575874,16.888091,52.013872,8228.78,7571.965,8984.844,5113.466,672.361,15.545,-0.0,26.593539,9.705447,21.399935,4.511844,0.0,0.0,0.0,0.0,0.0,145.575874,3871.378,1.073474,1.340133,3331.033,288.107,4653.507,0.0,0.0,-5113.466,-680.053,-20.629,100,True,-93.169688
JFE_STEEL_JP,JFE Steel,JP,21.95,45.3,ACCELERATED_15C,DISCLOSED_PATH,PORT-A7F00CD0D5D9,CAND-E97F5B55830909,P1,PORT-A7F00CD0D5D9,145.575874,94.675,0.650351,False,False,2030,17.39499581,-17.39499581,True,True,True,True,,0.0,0.0,0.0,2,3,0.19452160000000007,0.65,0.5,P1,지연·현물조달,False,9950.6,2033,6265.6,2.647445,385.404,385.404,1917.309,145.575874,2.647445,54.671559,8753.94,7958.86,9490.764,7573.456,807.798,12.718,0.0,13.17051,10.523065,8.109063,5.461618,0.0,0.0,0.0,0.0,0.0,145.575874,1917.309,0.531641,0.663704,3568.826,288.107,4966.502,0.0,0.0,-7573.456,-866.298,1.723,100,True,-86.610632
KOBE_STEEL_JP,Kobe Steel,JP,5.96,14.3,DISCLOSED_PATH,DISCLOSED_PATH,PORT-1144EBE63B41,CAND-4D158AE8BC3521,P3,PORT-1144EBE63B41,102.391093,14716.433,143.727666,True,True,,0.0,9.990856690045291e-05,True,True,True,True,,0.0,0.0,0.0,1,1,0.28332,0.6,1.06,P3,균형형 라이트헤지,False,5037.34,2029,3118.5,144.214068,14766.236,14766.236,17165.864,102.391093,144.214068,179.136617,20155.708,18341.994,20741.622,3575.758,1779.704,-34.011,0.0,167.649976,23.435909,161.927663,17.713595,0.0,0.0,0.0,0.0,0.0,102.391093,17165.864,6.636274,16.0998,2663.787,260.812,2638.697,14485.867,79.798,-3575.758,-1778.784,-8.182,100,True,91.541138
KOBE_STEEL_JP,Kobe Steel,JP,5.96,14.3,ACCELERATED_15C,DISCLOSED_PATH,PORT-1144EBE63B41,CAND-4D158AE8BC3521,P3,PORT-1144EBE63B41,102.391093,13664.434,133.453347,True,True,,0.0,9.990856690045291e-05,True,True,True,True,,0.0,0.0,0.0,1,1,0.28332,0.6,1.06,P3,균형형 라이트헤지,False,5037.34,2029,3118.5,133.488191,13668.002,13668.002,16185.851,102.391093,133.488191,184.706933,21441.818,18912.345,21430.194,5244.343,2484.65,-44.823,-0.0,158.078703,24.590513,158.192228,24.704037,0.0,0.0,0.0,0.0,0.0,102.391093,16185.851,6.257404,15.180649,2628.349,260.812,2845.539,15504.516,84.877,-5244.343,-2464.156,52.408,100,True,9.424792
KOBE_STEEL_JP,Kobe Steel,JP,5.96,14.3,DISCLOSED_PATH,DISCLOSED_PATH,PORT-1144EBE63B41,CAND-C9EAFC0F482485,P2,PORT-1144EBE63B41,102.391093,15293.987,149.368332,True,True,,0.0,9.990856690045291e-05,True,True,True,True,,0.0,0.0,0.0,1,1,0.28332,0.6,1.06,P2,지연·부분헤지,False,5037.34,2029,3118.5,149.926934,15351.183,15351.183,18368.839,102.391093,149.926934,184.849483,20120.591,18926.941,21944.597,3575.758,1139.774,-53.876,0.0,179.398799,29.471865,161.584693,11.657759,0.0,0.0,0.0,0.0,0.0,102.391093,18368.839,7.101341,17.228066,3271.823,260.812,2480.09,14182.278,23.628,-3575.758,-1304.375,12.685,100,True,97.254004
KOBE_STEEL_JP,Kobe Steel,JP,5.96,14.3,ACCELERATED_15C,DISCLOSED_PATH,PORT-1144EBE63B41,CAND-C9EAFC0F482485,P2,PORT-1144EBE63B41,102.391093,14552.066,142.122383,True,True,,0.0,9.990856690045291e-05,True,True,True,True,,0.0,0.0,0.0,1,1,0.28332,0.6,1.06,P2,지연·부분헤지,False,5037.34,2029,3118.5,142.212034,14561.246,14561.246,17800.046,102.391093,142.212034,193.430776,21402.565,19805.589,23044.389,5244.343,1521.647,-75.33,0.0,173.843696,31.631662,157.808867,15.596833,0.0,0.0,0.0,0.0,0.0,102.391093,17800.046,6.881447,16.694597,2634.612,260.812,2836.355,15500.183,25.061,-5244.343,-1520.693,69.259,100,True,18.148635
KOBE_STEEL_JP,Kobe Steel,JP,5.96,14.3,DISCLOSED_PATH,DISCLOSED_PATH,PORT-1144EBE63B41,CAND-DCD679F188D852,P1,PORT-1144EBE63B41,102.391093,15690.435,153.240232,True,True,,0.0,9.990856690045291e-05,True,True,True,True,,0.0,0.0,0.0,1,1,0.28332,0.6,1.06,P1,지연·현물조달,False,5037.34,2029,3118.5,153.794897,15747.228,15747.228,19236.375,102.391093,153.794897,188.717446,20108.566,19322.986,22812.133,3575.758,702.715,-82.865,0.0,187.871569,34.076672,161.467243,7.672346,0.0,0.0,0.0,0.0,0.0,102.391093,19236.375,7.436728,18.041725,3355.649,260.812,2454.264,14148.534,0.0,-3575.758,-918.198,21.924,100,True,101.121967
KOBE_STEEL_JP,Kobe Steel,JP,5.96,14.3,ACCELERATED_15C,DISCLOSED_PATH,PORT-1144EBE63B41,CAND-DCD679F188D852,P1,PORT-1144EBE63B41,102.391093,15154.803,148.009,True,True,,0.0,9.990856690045291e-05,True,True,True,True,,0.0,0.0,0.0,1,1,0.28332,0.6,1.06,P1,지연·현물조달,False,5037.34,2029,3118.5,148.097026,15163.816,15163.816,18965.849,102.391093,148.097026,199.315768,21386.433,20408.159,24210.192,5244.343,869.624,-108.649,0.0,185.229479,37.132453,157.651311,9.554285,0.0,0.0,0.0,0.0,0.0,102.391093,18965.849,7.332143,17.787999,2638.786,260.812,2827.171,15497.295,0.0,-5244.343,-895.782,79.878,100,True,24.033627
KOBE_STEEL_JP,Kobe Steel,JP,5.96,14.3,DISCLOSED_PATH,DISCLOSED_PATH,PORT-9862FC05DA24,CAND-314B41E5534D98,P3,PORT-9862FC05DA24,105.301092,18546.646,176.129668,True,True,,0.0,9.990856690045291e-05,True,True,True,True,,0.0,0.0,0.0,1,1,0.3612199999999999,0.6,1.54,P3,균형형 라이트헤지,False,6178.04,2029,3118.5,176.188408,18552.832,18552.832,21689.29,105.301092,176.188408,211.107543,24466.59,22229.855,25366.313,3677.023,2237.942,1.207,-0.0,205.974025,29.785616,197.429737,21.241328,0.0,0.0,0.0,0.0,0.0,105.301092,21689.29,8.385017,20.342304,3316.127,300.432,2516.921,18327.639,96.846,-3677.023,-2248.915,-79.196,100,True,123.515478
KOBE_STEEL_JP,Kobe Steel,JP,5.96,14.3,ACCELERATED_15C,DISCLOSED_PATH,PORT-9862FC05DA24,CAND-314B41E5534D98,P3,PORT-9862FC05DA24,105.301092,17627.204,167.398115,True,True,,0.0,9.990856690045291e-05,True,True,True,True,,0.0,0.0,0.0,1,1,0.3612199999999999,0.6,1.54,P3,균형형 라이트헤지,False,6178.04,2029,3118.5,167.503347,17638.285,17638.285,20935.101,105.301092,167.503347,218.744426,26121.761,23034.027,26330.843,5395.742,3136.578,48.844,0.0,198.811814,31.308467,196.826252,29.322905,0.0,0.0,0.0,0.0,0.0,105.301092,20935.101,8.09345,19.634953,3012.722,300.432,2771.686,19835.684,103.303,-5395.742,-3040.834,51.034,100,True,43.439948
KOBE_STEEL_JP,Kobe Steel,JP,5.96,14.3,DISCLOSED_PATH,DISCLOSED_PATH,PORT-9862FC05DA24,CAND-CE22CF7F8F72DA,P2,PORT-9862FC05DA24,105.301092,19272.91,183.02669,True,True,,0.0,9.990856690045291e-05,True,True,True,True,,0.0,0.0,0.0,1,1,0.3612199999999999,0.6,1.54,P2,지연·부분헤지,False,6178.04,2029,3118.5,183.108669,19281.543,19281.543,23229.794,105.301092,183.108669,218.027803,24413.194,22958.566,26906.817,3677.023,1442.07,-12.558,0.0,220.603539,37.494871,196.922659,13.813991,0.0,0.0,0.0,0.0,0.0,105.301092,23229.794,8.980572,21.787137,2969.228,300.432,2522.841,18400.663,28.499,-3677.023,-1359.708,96.611,100,True,130.435739
KOBE_STEEL_JP,Kobe Steel,JP,5.96,14.3,ACCELERATED_15C,DISCLOSED_PATH,PORT-9862FC05DA24,CAND-CE22CF7F8F72DA,P2,PORT-9862FC05DA24,105.301092,18743.254,177.996762,True,True,,0.0,9.990856690045291e-05,True,True,True,True,,0.0,0.0,0.0,1,1,0.3612199999999999,0.6,1.54,P2,지연·부분헤지,False,6178.04,2029,3118.5,178.079854,18752.003,18752.003,23013.967,105.301092,178.079854,229.320932,26048.284,24147.745,28409.709,5395.742,1926.007,25.468,0.0,218.553927,40.474073,196.12847,18.048617,0.0,0.0,0.0,0.0,0.0,105.301092,23013.967,8.897134,21.584714,4040.098,300.432,2685.047,19322.308,30.296,-5395.742,-2177.713,-52.723,100,True,54.016455
KOBE_STEEL_JP,Kobe Steel,JP,5.96,14.3,DISCLOSED_PATH,DISCLOSED_PATH,PORT-9862FC05DA24,CAND-B3597FD7767497,P1,PORT-9862FC05DA24,105.301092,19771.105,187.757835,True,True,,0.0,9.990856690045291e-05,True,True,True,True,,0.0,0.0,0.0,1,1,0.3612199999999999,0.6,1.54,P1,지연·현물조달,False,6178.04,2029,3118.5,187.864341,19782.32,19782.32,24333.391,105.301092,187.864341,222.783475,24391.65,23459.343,28010.414,3677.023,888.107,-44.2,0.0,231.083934,43.219593,196.718064,8.853724,0.0,0.0,0.0,0.0,0.0,105.301092,24333.391,9.407219,22.822196,3360.33,300.432,2519.667,18326.427,0.0,-3677.023,-939.754,-107.759,100,True,135.191411
KOBE_STEEL_JP,Kobe Steel,JP,5.96,14.3,ACCELERATED_15C,DISCLOSED_PATH,PORT-9862FC05DA24,CAND-B3597FD7767497,P1,PORT-9862FC05DA24,105.301092,19500.781,185.19068,True,True,,0.0,9.990856690045291e-05,True,True,True,True,,0.0,0.0,0.0,1,1,0.3612199999999999,0.6,1.54,P1,지연·현물조달,False,6178.04,2029,3118.5,185.197831,19501.534,19501.534,24500.683,105.301092,185.197831,236.43891,26018.262,24897.276,29896.425,5395.742,1110.232,-10.755,0.0,232.672641,47.474809,195.843371,10.645539,0.0,0.0,0.0,0.0,0.0,105.301092,24500.683,9.471894,22.979099,2940.231,300.432,2777.531,19862.225,0.0,-5395.742,-1028.162,45.018,100,True,61.134432
KOBE_STEEL_JP,Kobe Steel,JP,5.96,14.3,DISCLOSED_PATH,DISCLOSED_PATH,PORT-8384667F6B8E,CAND-9DD8DD0C56A40D,P3,PORT-8384667F6B8E,96.451092,4978.625,51.618125,True,True,,0.0,9.990856690045291e-05,True,True,True,True,,0.0,0.0,0.0,1,1,0.28332,0.6,1.06,P3,균형형 라이트헤지,False,4999.94,2037,3019.5,52.67293,5080.362,5080.362,6321.707,96.451092,52.67293,87.588527,9329.665,8448.009,9689.354,3367.648,883.424,1.768,0.0,65.543132,12.870202,61.813894,9.140964,0.0,0.0,0.0,0.0,0.0,96.451092,6321.707,2.443954,5.929105,2133.484,148.869,2634.84,4388.067,39.463,-3367.648,-887.186,-9.528,100,True,0.0
KOBE_STEEL_JP,Kobe Steel,JP,5.96,14.3,ACCELERATED_15C,DISCLOSED_PATH,PORT-8384667F6B8E,CAND-9DD8DD0C56A40D,P3,PORT-8384667F6B8E,96.451092,3812.491,39.527711,False,False,2035,0.6138637290849003,-0.6138637290849003,True,True,True,True,,0.0,0.0,0.0,1,1,0.28332,0.6,1.06,P3,균형형 라이트헤지,False,4999.94,2037,3019.5,40.907679,3945.59,3945.59,5241.424,96.451092,40.907679,92.172814,10041.363,8890.169,10186.002,4944.578,1154.364,3.169,-0.0,54.342816,13.435138,52.843207,11.935528,0.0,0.0,0.0,0.0,0.0,96.451092,5241.424,2.02632,4.915912,2133.484,148.869,2905.478,4845.575,42.197,-4944.578,-1185.439,0.005,100,True,-83.15572
KOBE_STEEL_JP,Kobe Steel,JP,5.96,14.3,DISCLOSED_PATH,DISCLOSED_PATH,PORT-8384667F6B8E,CAND-7F0A690E87B72D,P2,PORT-8384667F6B8E,96.451092,5119.663,53.080408,True,True,,0.0,9.990856690045291e-05,True,True,True,True,,0.0,0.0,0.0,1,1,0.28332,0.6,1.06,P2,지연·부분헤지,False,4999.94,2037,3019.5,54.507422,5257.3,5257.3,6803.071,96.451092,54.507422,89.42302,9323.856,8624.948,10170.719,3367.648,714.041,15.133,0.0,70.533894,16.026473,61.753663,7.246241,0.0,0.0,0.0,0.0,0.0,96.451092,6803.071,2.630048,6.380575,1994.511,148.869,2902.898,4203.179,12.756,-3367.648,-653.091,15.827,100,True,1.834492
KOBE_STEEL_JP,Kobe Steel,JP,5.96,14.3,ACCELERATED_15C,DISCLOSED_PATH,PORT-8384667F6B8E,CAND-7F0A690E87B72D,P2,PORT-8384667F6B8E,96.451092,4027.512,41.757041,False,False,2035,0.6138637290849003,-0.6138637290849003,True,True,True,True,,0.0,0.0,0.0,1,1,0.28332,0.6,1.06,P2,지연·부분헤지,False,4999.94,2037,3019.5,43.811161,4225.634,4225.634,5851.912,96.451092,43.811161,95.076297,10033.925,9170.213,10796.49,4944.578,899.718,36.006,0.0,60.672321,16.86116,52.766086,8.954925,0.0,0.0,0.0,0.0,0.0,96.451092,5851.912,2.262332,5.488486,1994.511,148.869,3193.635,4642.952,13.571,-4944.578,-834.711,11.387,100,True,-80.252238
KOBE_STEEL_JP,Kobe Steel,JP,5.96,14.3,DISCLOSED_PATH,DISCLOSED_PATH,PORT-8384667F6B8E,CAND-D80CE96AA3B5C1,P1,PORT-8384667F6B8E,96.451092,5217.907,54.098993,True,True,,0.0,9.990856690045291e-05,True,True,True,True,,0.0,0.0,0.0,1,1,0.28332,0.6,1.06,P1,지연·현물조달,False,4999.94,2037,3019.5,55.702579,5372.575,5372.575,7163.795,96.451092,55.702579,90.618177,9319.924,8740.222,10531.443,3367.648,599.292,19.59,0.0,74.273863,18.571284,61.7129,6.010322,0.0,0.0,0.0,0.0,0.0,96.451092,7163.795,2.769503,6.718897,2088.587,148.869,2504.068,4568.988,0.0,-3367.648,-558.713,-11.576,100,True,3.029649
KOBE_STEEL_JP,Kobe Steel,JP,5.96,14.3,ACCELERATED_15C,DISCLOSED_PATH,PORT-8384667F6B8E,CAND-D80CE96AA3B5C1,P1,PORT-8384667F6B8E,96.451092,4175.21,43.288359,False,False,2035,0.6138637290849003,-0.6138637290849003,True,True,True,True,,0.0,0.0,0.0,1,1,0.28332,0.6,1.06,P1,지연·현물조달,False,4999.94,2037,3019.5,45.737506,4411.432,4411.432,6309.151,96.451092,45.737506,97.002642,10022.025,9356.011,11253.729,4944.578,738.082,72.068,-0.0,65.412952,19.675446,52.642708,6.905201,0.0,0.0,0.0,0.0,0.0,96.451092,6309.151,2.4391,5.917329,1962.548,148.869,3187.774,4688.849,0.0,-4944.578,-641.642,9.613,100,True,-78.325893
KOBE_STEEL_JP,Kobe Steel,JP,5.96,14.3,DISCLOSED_PATH,DISCLOSED_PATH,PORT-8A59F01B884D,CAND-B51B2DE2F2D28C,P4,PORT-8A59F01B884D,114.781594,15757.538,137.282794,True,False,,0.0,9.990856690045291e-05,False,False,True,True,2028,0.0,0.012250011000000005,0.0,1,1,0.28332,0.6,1.06,P4,균형형 전환,False,5037.34,2028,3118.5,137.775763,15814.122,15814.122,17736.928,114.781594,137.775763,172.590678,22480.988,19810.233,21733.039,3996.111,2671.769,1.015,-0.0,154.527633,16.75187,161.043908,23.268144,0.0,0.0,0.0,0.0,0.0,114.781594,17736.928,6.857046,16.635398,2846.691,294.906,3010.512,16129.964,202.912,-3996.111,-2674.451,-0.302,100,True,85.102833
KOBE_STEEL_JP,Kobe Steel,JP,5.96,14.3,ACCELERATED_15C,DISCLOSED_PATH,PORT-8A59F01B884D,CAND-B51B2DE2F2D28C,P4,PORT-8A59F01B884D,114.781594,14200.239,123.715296,True,True,,0.0,9.990856690045291e-05,True,True,True,True,,0.0,0.0,0.0,1,1,0.28332,0.6,1.06,P4,균형형 전환,False,5037.34,2028,3118.5,124.063399,14240.195,14240.195,16197.248,114.781594,124.063399,174.890896,23885.09,20074.256,22031.309,5834.061,3804.056,-6.778,0.0,141.113631,17.050232,157.264142,33.200742,0.0,0.0,0.0,0.0,0.0,114.781594,16197.248,6.26181,15.191338,2932.747,294.906,3213.102,17267.189,215.704,-5834.061,-3842.064,-7.327,100,True,0.0
KOBE_STEEL_JP,Kobe Steel,JP,5.96,14.3,DISCLOSED_PATH,DISCLOSED_PATH,PORT-F194BB679477,CAND-0E9003448A63C3,P7,PORT-F194BB679477,131.48782,19837.419,150.868867,True,False,,0.0,9.990856690045291e-05,False,False,True,True,2028,0.0,0.012250011000000005,0.0,1,1,0.3612199999999999,0.6,1.54,P7,완전 수소·계약형,False,6178.04,2028,3118.5,150.959648,19849.355,19849.355,20037.624,131.48782,150.959648,185.852294,31832.197,24437.313,24625.582,4587.958,7394.884,0.0,-0.0,152.391486,1.431839,207.199717,56.240069,0.0,0.0,0.0,0.0,0.0,131.48782,20037.624,7.746488,18.793213,3528.057,384.34,3200.302,23425.063,1295.513,-4587.958,-7395.199,-0.764,100,True,98.286718
KOBE_STEEL_JP,Kobe Steel,JP,5.96,14.3,ACCELERATED_15C,DISCLOSED_PATH,PORT-F194BB679477,CAND-0E9003448A63C3,P7,PORT-F194BB679477,131.48782,16410.005,124.802469,True,True,,0.0,9.990856690045291e-05,True,True,True,True,,0.0,0.0,0.0,1,1,0.3612199999999999,0.6,1.54,P7,완전 수소·계약형,False,6178.04,2028,3118.5,124.889967,16421.51,16421.51,16587.816,131.48782,124.889967,175.9154,33978.697,23130.733,23297.039,6709.223,10848.145,0.18,0.0,126.154772,1.264804,207.391634,82.501666,0.0,0.0,0.0,0.0,0.0,131.48782,16587.816,6.412802,15.557651,3539.586,384.34,3504.648,25168.54,1384.082,-6709.223,-10848.674,-1.788,100,True,0.826568
KOBE_STEEL_JP,Kobe Steel,JP,5.96,14.3,DISCLOSED_PATH,DISCLOSED_PATH,PORT-6AF097B8F6F8,CAND-C9A7A01CF97824,P6,PORT-6AF097B8F6F8,124.953456,19282.898,154.320643,True,False,,0.0,9.990856690045291e-05,False,False,True,True,2028,0.0,0.012250011000000005,0.0,1,1,0.3612199999999999,0.6,1.54,P6,조기 고헤지,False,6178.04,2028,3118.5,154.376518,19289.88,19289.88,19897.502,124.953456,154.376518,189.233825,29929.721,23645.42,24253.043,4355.541,6285.491,1.19,0.0,159.23931,4.862791,204.669648,50.29313,0.0,0.0,0.0,0.0,0.0,124.953456,19897.502,7.692317,18.661793,3430.981,364.57,3038.958,22232.012,858.939,-4355.541,-6279.667,-0.373,100,True,101.703588
KOBE_STEEL_JP,Kobe Steel,JP,5.96,14.3,ACCELERATED_15C,DISCLOSED_PATH,PORT-6AF097B8F6F8,CAND-C9A7A01CF97824,P6,PORT-6AF097B8F6F8,124.953456,16389.379,131.163871,True,True,,0.0,9.990856690045291e-05,True,True,True,True,,0.0,0.0,0.0,1,1,0.3612199999999999,0.6,1.54,P6,조기 고헤지,False,6178.04,2028,3118.5,131.277902,16403.628,16403.628,16950.162,124.953456,131.277902,182.240517,31949.548,22771.583,23318.117,6367.955,9178.181,0.216,-0.0,135.651802,4.373901,204.728971,73.451069,0.0,0.0,0.0,0.0,0.0,124.953456,16950.162,6.552884,15.897493,3603.598,364.57,3310.432,23746.629,917.559,-6367.955,-9175.008,3.803,100,True,7.214503
KOBE_STEEL_JP,Kobe Steel,JP,5.96,14.3,DISCLOSED_PATH,DISCLOSED_PATH,PORT-0095E30DB97C,CAND-DDE822F7D41D2E,P5,PORT-0095E30DB97C,118.419093,19329.235,163.227356,True,False,,0.0,9.990856690045291e-05,False,False,True,True,2028,0.0,0.012250011000000005,0.0,1,1,0.3612199999999999,0.6,1.54,P5,조기 계약형 전환,False,6178.04,2028,3118.5,164.2448,19449.72,19449.72,20840.493,118.419093,164.2448,199.063279,28276.717,23572.893,24963.665,4123.173,4706.097,2.273,0.0,175.989295,11.744494,203.966642,39.721842,0.0,0.0,0.0,0.0,0.0,118.419093,20840.493,8.056875,19.54622,3513.024,345.83,2873.978,21098.573,447.573,-4123.173,-4705.722,-0.363,100,True,111.57187
KOBE_STEEL_JP,Kobe Steel,JP,5.96,14.3,ACCELERATED_15C,DISCLOSED_PATH,PORT-0095E30DB97C,CAND-DDE822F7D41D2E,P5,PORT-0095E30DB97C,118.419093,17219.924,145.415098,True,True,,0.0,9.990856690045291e-05,True,True,True,True,,0.0,0.0,0.0,1,1,0.3612199999999999,0.6,1.54,P5,조기 계약형 전환,False,6178.04,2028,3118.5,146.386769,17334.988,17334.988,18667.181,118.419093,146.386769,197.255178,30164.161,23358.779,24690.972,6023.791,6805.382,0.0,0.0,157.636582,11.249813,203.855393,57.468623,0.0,0.0,0.0,0.0,0.0,118.419093,18667.181,7.216679,17.507879,3513.024,345.83,3150.178,22687.945,477.943,-6023.791,-6809.495,-6.645,100,True,22.32337
KOBE_STEEL_JP,Kobe Steel,JP,5.96,14.3,DISCLOSED_PATH,DISCLOSED_PATH,PORT-0095E30DB97C,CAND-352C3A40240600,P4,PORT-0095E30DB97C,118.419093,20394.844,172.225976,True,False,,0.0,9.990856690045291e-05,False,False,True,True,2028,0.0,0.012250011000000005,0.0,1,1,0.3612199999999999,0.6,1.54,P4,균형형 전환,False,6178.04,2028,3118.5,173.752551,20575.619,20575.619,22898.707,118.419093,173.752551,208.57103,28156.527,24698.792,27021.879,4123.173,3457.735,-0.0,0.0,193.370056,19.617505,202.951682,29.199131,0.0,0.0,0.0,0.0,0.0,118.419093,22898.707,8.852574,21.476611,3571.206,345.83,2870.763,21117.494,252.15,-4123.173,-3461.213,2.562,100,True,121.079621
KOBE_STEEL_JP,Kobe Steel,JP,5.96,14.3,ACCELERATED_15C,DISCLOSED_PATH,PORT-0095E30DB97C,CAND-352C3A40240600,P4,PORT-0095E30DB97C,118.419093,18902.043,159.619897,True,True,,0.0,9.990856690045291e-05,True,True,True,True,,0.0,0.0,0.0,1,1,0.3612199999999999,0.6,1.54,P4,균형형 전환,False,6178.04,2028,3118.5,160.981072,19063.233,19063.233,21398.822,118.419093,160.981072,211.849481,30035.875,25087.023,27422.612,6023.791,4943.629,-5.222,0.0,180.704152,19.72308,202.772064,41.790992,0.0,0.0,0.0,0.0,0.0,118.419093,21398.822,8.272723,20.069875,3925.776,345.83,3110.813,22433.88,269.054,-6023.791,-5005.66,7.33,100,True,36.917673
KOBE_STEEL_JP,Kobe Steel,JP,5.96,14.3,DISCLOSED_PATH,DISCLOSED_PATH,PORT-3DA05887C62D,CAND-17BC99375C7C5C,P1,PORT-3DA05887C62D,93.541093,1137.237,12.157617,True,False,,0.0,9.990856690045291e-05,False,False,True,True,2037,0.9639992259999994,0.0,0.0,1,1,0.19591999999999998,0.6,0.58,P1,지연·현물조달,False,3859.24,2029,1940.4,12.941429,1210.555,1210.555,1921.072,93.541093,12.941429,47.860655,4886.353,4476.938,5187.455,3266.383,408.441,-0.974,0.0,20.537201,7.595772,17.31828,4.376852,0.0,0.0,0.0,0.0,0.0,93.541093,1921.072,0.742681,1.801766,1400.797,109.248,3316.813,0.0,0.0,-3266.383,-349.459,-0.462,100,True,-39.731501
KOBE_STEEL_JP,Kobe Steel,JP,5.96,14.3,ACCELERATED_15C,DISCLOSED_PATH,PORT-3DA05887C62D,CAND-17BC99375C7C5C,P1,PORT-3DA05887C62D,93.541093,-170.768,-1.825594,False,False,2035,0.6138637290849003,-0.6138637290849003,True,True,True,True,,0.0,0.0,0.0,1,1,0.19591999999999998,0.6,0.58,P1,지연·현물조달,False,3859.24,2029,1940.4,-1.101939,-103.077,-103.077,683.52,93.541093,-1.101939,50.139495,5185.613,4690.103,5476.7,4793.18,490.286,-5.224,-0.0,7.307168,8.409107,4.195308,5.297247,0.0,0.0,0.0,0.0,0.0,93.541093,683.52,0.264247,0.641071,1436.216,109.248,3577.275,0.0,0.0,-4793.18,-429.944,-2.691,100,True,-125.165338
KOBE_STEEL_JP,Kobe Steel,JP,5.96,14.3,DISCLOSED_PATH,DISCLOSED_PATH,PORT-5EAB84C29074,CAND-202E0A81514742,P2,PORT-5EAB84C29074,85.5131,14825.492,173.371009,False,False,2040,0.1489979539999986,-0.1489979539999986,True,True,True,True,,0.0,0.0,0.0,1,1,0.25216000000000005,0.6,0.8999999999999999,P2,지연·부분헤지,False,3997.29,2029,3118.5,174.423843,14915.524,14915.524,17793.223,85.5131,174.423843,209.370785,18946.319,17903.945,20781.645,2988.421,985.46,-56.914,-0.0,208.075994,33.652151,186.613485,12.189642,0.0,0.0,0.0,0.0,0.0,85.5131,17793.223,6.878809,16.688198,2162.858,232.512,1995.721,14456.649,21.578,-2988.421,-1002.562,37.19,100,True,121.750913
KOBE_STEEL_JP,Kobe Steel,JP,5.96,14.3,ACCELERATED_15C,DISCLOSED_PATH,PORT-5EAB84C29074,CAND-202E0A81514742,P2,PORT-5EAB84C29074,85.5131,14326.694,167.538008,False,False,2040,3.128997953999999,-3.128997953999999,True,True,True,True,,0.0,0.0,0.0,1,1,0.25216000000000005,0.6,0.8999999999999999,P2,지연·부분헤지,False,3997.29,2029,3118.5,168.109881,14375.597,14375.597,17459.041,85.5131,168.109881,219.169091,20127.751,18741.828,21825.272,4366.231,1345.012,-40.911,-0.0,204.168024,36.058142,184.317021,16.207139,0.0,0.0,0.0,0.0,0.0,85.5131,17459.041,6.749615,16.374769,2162.858,232.512,2177.468,15500.183,22.892,-4366.231,-1355.959,1.875,100,True,44.046482
KOBE_STEEL_JP,Kobe Steel,JP,5.96,14.3,DISCLOSED_PATH,DISCLOSED_PATH,PORT-661396C334A7,CAND-20911E55FBB215,P3,PORT-661396C334A7,45.121088,3682.591,81.615735,False,False,2030,3.7213640190848984,-3.7213640190848984,True,True,True,True,,0.0,0.0,0.0,1,1,0.25216000000000005,0.6,0.8999999999999999,P3,균형형 라이트헤지,False,3925.79,2037,3019.5,82.679454,3730.587,3730.587,4777.517,45.121088,82.679454,117.547185,5942.624,5303.857,6350.787,1573.27,620.507,-18.26,0.0,105.882126,23.202672,96.836193,14.156739,0.0,0.0,0.0,0.0,0.0,45.121088,4777.517,1.846974,4.480815,1407.523,40.609,587.111,3882.133,24.282,-1573.27,-627.36,-10.441,100,True,30.006524
KOBE_STEEL_JP,Kobe Steel,JP,5.96,14.3,ACCELERATED_15C,DISCLOSED_PATH,PORT-661396C334A7,CAND-20911E55FBB215,P3,PORT-661396C334A7,45.121088,3163.697,70.1157,False,False,2030,4.891364019084899,-4.891364019084899,True,True,True,True,,0.0,0.0,0.0,1,1,0.25216000000000005,0.6,0.8999999999999999,P3,균형형 라이트헤지,False,3925.79,2037,3019.5,71.13807,3209.827,3209.827,4308.838,45.121088,71.13807,122.728833,6397.441,5537.658,6636.669,2327.831,844.932,-14.85,0.0,95.494991,24.356921,90.193069,19.054998,0.0,0.0,0.0,0.0,0.0,45.121088,4308.838,1.665784,4.041243,1253.55,40.609,664.77,4348.838,26.042,-2327.831,-806.957,10.807,100,True,-52.925329
KOBE_STEEL_JP,Kobe Steel,JP,5.96,14.3,DISCLOSED_PATH,DISCLOSED_PATH,PORT-661396C334A7,CAND-344C7E39FA18A3,P1,PORT-661396C334A7,45.121088,3926.654,87.024798,False,False,2030,3.7213640190848984,-3.7213640190848984,True,True,True,True,,0.0,0.0,0.0,1,1,0.25216000000000005,0.6,0.8999999999999999,P1,지연·현물조달,False,3925.79,2037,3019.5,88.478883,3992.263,3992.263,5508.42,45.121088,88.478883,123.346615,5946.823,5565.533,7081.69,1573.27,348.158,-33.131,0.0,122.080832,33.601949,96.929235,8.450352,0.0,0.0,0.0,0.0,0.0,45.121088,5508.42,2.129539,5.166327,1416.899,40.609,591.04,3894.409,0.0,-1573.27,-359.51,-17.912,100,True,35.805953
KOBE_STEEL_JP,Kobe Steel,JP,5.96,14.3,ACCELERATED_15C,DISCLOSED_PATH,PORT-661396C334A7,CAND-344C7E39FA18A3,P1,PORT-661396C334A7,45.121088,3540.297,78.462134,False,False,2030,4.891364019084899,-4.891364019084899,True,True,True,True,,0.0,0.0,0.0,1,1,0.25216000000000005,0.6,0.8999999999999999,P1,지연·현물조달,False,3925.79,2037,3019.5,80.111655,3614.725,3614.725,5257.933,45.121088,80.111655,131.702418,6399.206,5942.556,7585.764,2327.831,435.299,-21.35,0.0,116.529395,36.417739,90.232197,10.120542,0.0,0.0,0.0,0.0,0.0,45.121088,5257.933,2.032702,4.931396,1416.899,40.609,662.996,4280.876,0.0,-2327.831,-449.482,-9.341,100,True,-43.951744
KOBE_STEEL_JP,Kobe Steel,JP,5.96,14.3,DISCLOSED_PATH,DISCLOSED_PATH,PORT-ED997010A5D3,CAND-7994EC1E34FADB,P4,PORT-ED997010A5D3,93.684102,15219.838,162.45913,False,False,2040,0.1489979539999986,-0.1489979539999986,False,False,True,True,2028,0.0,0.012250011000000005,0.0,1,1,0.25216000000000005,0.6,0.8999999999999999,P4,균형형 전환,False,3997.29,2028,3118.5,162.999483,15270.46,15270.46,17009.518,93.684102,162.999483,197.788272,21034.46,18529.617,20268.675,3259.156,2488.339,-16.505,0.0,181.562486,18.563003,189.736605,26.737122,0.0,0.0,0.0,0.0,0.0,93.684102,17009.518,6.575831,15.953164,2259.063,258.532,2191.73,16126.982,188.977,-3259.156,-2501.313,5.645,100,True,110.326553
KOBE_STEEL_JP,Kobe Steel,JP,5.96,14.3,ACCELERATED_15C,DISCLOSED_PATH,PORT-ED997010A5D3,CAND-7994EC1E34FADB,P4,PORT-ED997010A5D3,93.684102,13960.332,149.01495,False,False,2040,3.128997953999999,-3.128997953999999,True,True,True,True,,0.0,0.0,0.0,1,1,0.25216000000000005,0.6,0.8999999999999999,P4,균형형 전환,False,3997.29,2028,3118.5,149.550102,14010.467,14010.467,15758.648,93.684102,149.550102,200.077664,22341.159,18744.096,20492.277,4733.629,3594.893,-2.17,-0.0,168.210483,18.660381,187.945762,38.39566,0.0,0.0,0.0,0.0,0.0,93.684102,15758.648,6.092248,14.779977,2697.455,258.532,2356.927,16920.873,200.782,-4733.629,-3683.514,-6.958,100,True,25.486703
KOBE_STEEL_JP,Kobe Steel,JP,5.96,14.3,DISCLOSED_PATH,DISCLOSED_PATH,PORT-5EAB84C29074,CAND-88A58A95717947,P1,PORT-5EAB84C29074,85.5131,15223.673,178.027382,False,False,2040,0.1489979539999986,-0.1489979539999986,True,True,True,True,,0.0,0.0,0.0,1,1,0.25216000000000005,0.6,0.8999999999999999,P1,지연·현물조달,False,3997.29,2029,3118.5,179.151914,15319.835,15319.835,18638.446,85.5131,179.151914,214.098855,18944.85,18308.257,21626.868,2988.421,545.55,-91.043,0.0,217.96013,38.808216,186.596305,7.444391,0.0,0.0,0.0,0.0,0.0,85.5131,18638.446,7.20557,17.480929,2787.994,232.512,1929.294,14148.534,0.0,-2988.421,-753.395,-36.682,100,True,126.478984
KOBE_STEEL_JP,Kobe Steel,JP,5.96,14.3,ACCELERATED_15C,DISCLOSED_PATH,PORT-5EAB84C29074,CAND-88A58A95717947,P1,PORT-5EAB84C29074,85.5131,14931.22,174.607399,False,False,2040,3.128997953999999,-3.128997953999999,True,True,True,True,,0.0,0.0,0.0,1,1,0.25216000000000005,0.6,0.8999999999999999,P1,지연·현물조달,False,3997.29,2029,3118.5,175.236614,14985.026,14985.026,18587.777,85.5131,175.236614,226.295823,20118.829,19351.257,22954.008,4366.231,682.047,-85.525,-0.0,217.367596,42.130982,184.212687,8.976073,0.0,0.0,0.0,0.0,0.0,85.5131,18587.777,7.185981,17.433406,2176.444,232.512,2178.527,15497.295,0.0,-4366.231,-734.708,1.188,100,True,51.173215
KOBE_STEEL_JP,Kobe Steel,JP,5.96,14.3,DISCLOSED_PATH,DISCLOSED_PATH,PORT-5EAB84C29074,CAND-8D7AF2E68805C6,P3,PORT-5EAB84C29074,85.5131,14244.764,166.579905,False,False,2040,0.1489979539999986,-0.1489979539999986,True,True,True,True,,0.0,0.0,0.0,1,1,0.25216000000000005,0.6,0.8999999999999999,P3,균형형 라이트헤지,False,3997.29,2029,3118.5,167.475108,14321.316,14321.316,16606.28,85.5131,167.475108,202.422049,18964.52,17309.737,19594.701,2988.421,1638.248,-16.535,0.0,194.195744,26.720637,186.826326,19.351218,0.0,0.0,0.0,0.0,0.0,85.5131,16606.28,6.41994,15.574968,2584.153,232.512,1947.165,14232.893,74.057,-2988.421,-1727.715,-33.328,100,True,114.802178
KOBE_STEEL_JP,Kobe Steel,JP,5.96,14.3,ACCELERATED_15C,DISCLOSED_PATH,PORT-5EAB84C29074,CAND-8D7AF2E68805C6,P3,PORT-5EAB84C29074,85.5131,13435.753,157.119237,False,False,2040,3.128997953999999,-3.128997953999999,True,True,True,True,,0.0,0.0,0.0,1,1,0.25216000000000005,0.6,0.8999999999999999,P3,균형형 라이트헤지,False,3997.29,2029,3118.5,157.592104,13476.189,13476.189,15870.235,85.5131,157.592104,208.651314,20162.687,17842.421,20236.466,4366.231,2303.089,-17.177,0.0,185.588348,27.996244,184.725563,27.133458,0.0,0.0,0.0,0.0,0.0,85.5131,15870.235,6.135387,14.884634,2142.478,232.512,2176.409,15504.516,78.779,-4366.231,-2293.884,1.612,100,True,33.528705
KOBE_STEEL_JP,Kobe Steel,JP,5.96,14.3,DISCLOSED_PATH,DISCLOSED_PATH,PORT-661396C334A7,CAND-9D068D97FB272C,P2,PORT-661396C334A7,45.121088,3827.194,84.820518,False,False,2030,3.7213640190848984,-3.7213640190848984,True,True,True,True,,0.0,0.0,0.0,1,1,0.25216000000000005,0.6,0.8999999999999999,P2,지연·부분헤지,False,3925.79,2037,3019.5,86.11694,3885.69,3885.69,5202.494,45.121088,86.11694,120.984672,5942.731,5458.96,6775.764,1573.27,459.084,-24.687,0.0,115.300717,29.183777,96.838552,10.721612,0.0,0.0,0.0,0.0,0.0,45.121088,5202.494,2.011269,4.8794,1413.149,40.609,589.075,3889.498,7.479,-1573.27,-466.488,-14.361,100,True,33.44401
KOBE_STEEL_JP,Kobe Steel,JP,5.96,14.3,ACCELERATED_15C,DISCLOSED_PATH,PORT-661396C334A7,CAND-9D068D97FB272C,P2,PORT-661396C334A7,45.121088,3387.857,75.083668,False,False,2030,4.891364019084899,-4.891364019084899,True,True,True,True,,0.0,0.0,0.0,1,1,0.25216000000000005,0.6,0.8999999999999999,P2,지연·부분헤지,False,3925.79,2037,3019.5,76.451645,3449.581,3449.581,4859.956,45.121088,76.451645,128.042407,6395.874,5777.413,7187.787,2327.831,596.607,-21.854,-0.0,107.709189,31.257544,90.158356,13.706711,0.0,0.0,0.0,0.0,0.0,45.121088,4859.956,1.878845,4.558134,1223.643,40.609,668.268,4372.63,7.969,-2327.831,-546.207,10.501,100,True,-47.611754
KOBE_STEEL_JP,Kobe Steel,JP,5.96,14.3,DISCLOSED_PATH,DISCLOSED_PATH,PORT-D7B02E3224C4,CAND-B928C0FFDA3842,P1,PORT-D7B02E3224C4,76.663099,670.475,8.745735,False,False,2040,0.886498003999999,-0.886498003999999,True,True,True,True,,0.0,0.0,0.0,1,1,0.1609600000000001,0.6,0.42000000000000004,P1,지연·현물조달,False,2819.19,2029,1940.4,9.57605,734.13,734.13,1253.972,76.663099,9.57605,44.521753,3688.655,3413.176,3933.018,2679.046,251.221,-24.259,0.0,16.35692,6.78087,13.169429,3.593379,0.0,0.0,0.0,0.0,0.0,76.663099,1253.972,0.484782,1.176096,1482.159,80.948,2202.693,0.0,0.0,-2679.046,-351.64,-0.984,100,True,-43.09688
KOBE_STEEL_JP,Kobe Steel,JP,5.96,14.3,ACCELERATED_15C,DISCLOSED_PATH,PORT-D7B02E3224C4,CAND-B928C0FFDA3842,P1,PORT-D7B02E3224C4,76.663099,-394.351,-5.143954,False,False,2035,3.8664980039999994,-3.8664980039999994,True,True,True,True,,0.0,0.0,0.0,1,1,0.1609600000000001,0.6,0.42000000000000004,P1,지연·현물조달,False,2819.19,2029,1940.4,-4.542646,-348.253,-348.253,262.625,76.663099,-4.542646,46.525835,3907.578,3566.815,4177.693,3915.068,301.641,-39.122,0.0,3.4257,7.968346,-0.097706,4.444941,0.0,0.0,0.0,0.0,0.0,76.663099,262.625,0.10153,0.246315,1398.474,80.948,2484.448,0.0,0.0,-3915.068,-394.35,-2.705,100,True,-128.606045
KOBE_STEEL_JP,Kobe Steel,JP,5.96,14.3,DISCLOSED_PATH,DISCLOSED_PATH,PORT-0CA13428C264,CAND-E9169FB41B03EE,P1,PORT-0CA13428C264,42.211089,-154.017,-3.648723,False,False,2030,3.7213640190848984,-3.7213640190848984,True,True,True,True,,0.0,0.0,0.0,1,1,0.1609600000000001,0.6,0.42000000000000004,P1,지연·현물조달,False,2785.09,2037,1878.8,-3.198736,-135.022,-135.022,154.388,42.211089,-3.198736,31.673736,1498.675,1336.983,1626.393,1472.005,160.597,-1.095,0.0,3.657516,6.856252,0.631822,3.830558,0.0,0.0,0.0,0.0,0.0,42.211089,154.388,0.059686,0.1448,722.265,0.988,763.284,0.0,0.0,-1472.005,-150.857,1.303,100,True,-55.871666
KOBE_STEEL_JP,Kobe Steel,JP,5.96,14.3,ACCELERATED_15C,DISCLOSED_PATH,PORT-0CA13428C264,CAND-E9169FB41B03EE,P1,PORT-0CA13428C264,42.211089,-805.681,-19.086944,False,False,2030,4.891364019084899,-4.891364019084899,True,True,True,True,,0.0,0.0,0.0,1,1,0.1609600000000001,0.6,0.42000000000000004,P1,지연·현물조달,False,2785.09,2037,1878.8,-18.461434,-779.277,-779.277,-468.213,42.211089,-18.461434,33.099254,1585.424,1397.156,1708.22,2176.433,192.896,4.628,0.0,-11.092185,7.369249,-14.001267,4.460166,0.0,0.0,0.0,0.0,0.0,42.211089,-468.213,-0.18101,-0.439135,858.621,0.988,749.931,0.0,0.0,-2176.433,-213.357,0.972,100,True,-142.524833
KOBE_STEEL_JP,Kobe Steel,JP,5.96,14.3,DISCLOSED_PATH,DISCLOSED_PATH,PORT-B0BA3BE7A418,CAND-F3EC79559B1773,P1,PORT-B0BA3BE7A418,25.333096,-620.778,-24.504632,False,False,2030,5.163998293999999,-5.163998293999999,True,True,True,True,,0.0,0.0,0.0,1,1,0.12448000000000004,0.6,0.26,P1,지연·현물조달,False,1745.04,2029,866.25,-24.339692,-616.6,-616.6,-572.92,25.333096,-24.339692,10.581753,269.288,268.069,311.748,884.668,1.267,0.048,0.0,-22.615489,1.724204,-24.291563,0.048129,0.0,0.0,0.0,0.0,0.0,25.333096,-572.92,-0.221489,-0.53734,239.585,-27.312,56.62,0.0,0.0,-884.668,-1.117,0.293,100,True,-77.012622
KOBE_STEEL_JP,Kobe Steel,JP,5.96,14.3,ACCELERATED_15C,DISCLOSED_PATH,PORT-B0BA3BE7A418,CAND-F3EC79559B1773,P1,PORT-B0BA3BE7A418,25.333096,-1029.264,-40.629229,False,False,2030,8.143998294,-8.143998294,True,True,True,True,,0.0,0.0,0.0,1,1,0.12448000000000004,0.6,0.26,P1,지연·현물조달,False,1745.04,2029,866.25,-40.468136,-1025.183,-1025.183,-979.115,25.333096,-40.468136,10.781861,274.764,273.138,319.206,1298.321,1.689,0.064,0.0,-38.649628,1.818508,-40.403964,0.064172,0.0,0.0,0.0,0.0,0.0,25.333096,-979.115,-0.378523,-0.918308,239.585,-27.312,62.415,0.0,0.0,-1298.321,-1.489,-0.06,100,True,-164.531535
