company_id,company_name,candidate_id,template_plan_id,physical_portfolio_id,scenario_id,scenario_feasible,carbon_budget_feasible,physical_constraints_feasible,common_avoided_emissions_mtco2,candidate_path_count,expected_cost_p50_kkrw_per_tco2_mean,expected_cost_p50_kkrw_per_tco2_std,net_economic_cost_p50_kkrw_per_tco2_common_denominator_mean,net_economic_cost_p50_kkrw_per_tco2_common_denominator_std,tcar_kkrw_per_tco2_mean,tcar_kkrw_per_tco2_std,absolute_npv_p50_bn_krw_mean,absolute_npv_p50_bn_krw_std,absolute_npv_p90_bn_krw_mean,absolute_npv_p90_bn_krw_std,aligned_capex_bn_krw_mean,aligned_capex_bn_krw_std,net_cash_cost_after_support_p50_bn_krw_mean,net_cash_cost_after_support_p50_bn_krw_std,avoided_carbon_cost_value_p50_bn_krw_mean,avoided_carbon_cost_value_p50_bn_krw_std,policy_support_value_p50_bn_krw_mean,policy_support_value_p50_bn_krw_std,scenario_regret_p50_kkrw_per_tco2_mean,scenario_regret_p50_kkrw_per_tco2_std,electricity_variance_share_mean,electricity_variance_share_std,hydrogen_variance_share_mean,hydrogen_variance_share_std,capex_variance_share_mean,capex_variance_share_std
POSCO_KR,POSCO,CAND-6339E6B83A8408,P3,PORT-8826D0B469EE,DISCLOSED_PATH,True,True,True,429.154227,100,63.051989,0.751095,63.051989,0.751095,12.887412,2.070737,27059.027333,322.335482,32589.715,615.617214,27588.0,0.0,42615.319333,322.335482,15556.292,0.0,3869.713333,43.619057,53.769861,0.679493,0.0,0.0,0.0,0.0,0.0,0.0
POSCO_KR,POSCO,CAND-6339E6B83A8408,P3,PORT-8826D0B469EE,ACCELERATED_15C,True,True,True,429.154227,100,50.339812,0.684549,50.339812,0.684549,13.579671,1.916282,21603.543,293.776948,27431.316667,576.137225,27588.0,0.0,44333.004333,293.777493,22729.461,0.0,5392.038333,70.481198,31.178509,0.067754,0.0,0.0,0.0,0.0,0.0,0.0
POSCO_KR,POSCO,CAND-82FF2AA13BA34C,P2,PORT-8826D0B469EE,DISCLOSED_PATH,True,True,True,429.154227,100,65.008037,0.928253,65.008037,0.928253,16.051967,2.535461,27898.474333,398.363671,34787.243333,754.310555,27588.0,0.0,43454.766,398.363116,15556.292,0.0,3013.685,29.105822,55.72591,0.858013,0.0,0.0,0.0,0.0,0.0,0.0
POSCO_KR,POSCO,CAND-82FF2AA13BA34C,P2,PORT-8826D0B469EE,ACCELERATED_15C,True,True,True,429.154227,100,53.19201,0.790265,53.19201,0.790265,17.179686,2.352977,22827.576333,339.145137,30200.311,716.494971,27588.0,0.0,45557.037333,339.145137,22729.461,0.0,4147.998333,48.746994,34.030707,0.161038,0.0,0.0,0.0,0.0,0.0,0.0
POSCO_KR,POSCO,CAND-C9724A8933A429,P1,PORT-8826D0B469EE,DISCLOSED_PATH,True,True,True,429.154227,100,66.376463,1.079549,66.376463,1.079549,18.44839,2.928124,28485.74,463.293162,36402.944333,871.387559,27588.0,0.0,44042.031333,463.29302,15556.292,0.0,2448.257,29.050434,57.094336,1.009353,0.0,0.0,0.0,0.0,0.0,0.0
POSCO_KR,POSCO,CAND-C9724A8933A429,P1,PORT-8826D0B469EE,ACCELERATED_15C,True,True,True,429.154227,100,55.194382,0.847092,55.194382,0.847092,19.934176,2.67531,23686.902333,363.532695,32241.738333,831.508522,27588.0,0.0,46416.363667,363.533252,22729.461,0.0,3319.222,40.136459,36.033078,0.216177,0.0,0.0,0.0,0.0,0.0,0.0
POSCO_KR,POSCO,CAND-921D50D4015721,P3,PORT-96133A6427FE,DISCLOSED_PATH,True,True,True,430.20423,100,67.297988,0.237688,67.297988,0.237688,12.702243,1.104289,28951.879,102.254184,34416.438,573.678852,26602.0,0.0,44549.816,102.254184,15597.937,0.0,3953.754333,17.716023,58.015861,0.326038,0.0,0.0,0.0,0.0,0.0,0.0
POSCO_KR,POSCO,CAND-921D50D4015721,P3,PORT-96133A6427FE,ACCELERATED_15C,True,True,True,430.20423,100,54.558362,0.076725,54.558362,0.076725,13.48174,1.215968,23471.238,33.007119,29271.14,553.38997,26602.0,0.0,46254.699333,33.007582,22783.461,0.0,5510.854333,51.4228,35.397058,0.647223,0.0,0.0,0.0,0.0,0.0,0.0
POSCO_KR,POSCO,CAND-4EF614D30D6D91,P2,PORT-96133A6427FE,DISCLOSED_PATH,True,True,True,430.20423,100,69.526948,0.288619,69.526948,0.288619,15.810487,1.361673,29910.787,124.16492,36712.525667,706.635243,26602.0,0.0,45508.724,124.16492,15597.937,0.0,2993.858,3.723231,60.244821,0.375594,0.0,0.0,0.0,0.0,0.0,0.0
POSCO_KR,POSCO,CAND-4EF614D30D6D91,P2,PORT-96133A6427FE,ACCELERATED_15C,True,True,True,430.20423,100,57.774718,0.102033,57.774718,0.102033,17.137803,1.572783,24854.927667,43.895013,32227.683333,718.369967,26602.0,0.0,47638.389667,43.895013,22783.461,0.0,4127.166333,12.033513,38.613414,0.64219,0.0,0.0,0.0,0.0,0.0,0.0
POSCO_KR,POSCO,CAND-44C957BBFA61A4,P1,PORT-96133A6427FE,DISCLOSED_PATH,True,True,True,430.20423,100,71.096157,0.320065,71.096157,0.320065,18.195505,1.484291,30585.867333,137.693502,38413.650333,775.156552,26602.0,0.0,46183.804,137.693372,15597.937,0.0,2367.491667,17.28439,61.814029,0.402353,0.0,0.0,0.0,0.0,0.0,0.0
POSCO_KR,POSCO,CAND-44C957BBFA61A4,P1,PORT-96133A6427FE,ACCELERATED_15C,True,True,True,430.20423,100,59.993067,0.090757,59.993067,0.090757,20.03052,1.836046,25809.271,39.044421,34426.485667,824.062466,26602.0,0.0,48592.732667,39.044366,22783.461,0.0,3208.364333,24.451702,40.831763,0.652839,0.0,0.0,0.0,0.0,0.0,0.0
POSCO_KR,POSCO,CAND-1205E8D72A4654,P3,PORT-A620DB8F058C,DISCLOSED_PATH,True,True,True,434.951232,100,77.493343,0.284447,77.493343,0.284447,14.198601,0.818656,33705.824667,123.720415,39881.523667,449.695645,26602.0,0.0,49478.429333,123.720676,15772.604,0.0,4335.468333,10.277528,68.211215,0.387368,0.0,0.0,0.0,0.0,0.0,0.0
POSCO_KR,POSCO,CAND-1205E8D72A4654,P3,PORT-A620DB8F058C,ACCELERATED_15C,True,True,True,434.951232,100,65.357798,0.140955,65.357798,0.140955,15.116547,0.799064,28427.455,61.308862,35002.415333,394.340881,26602.0,0.0,51467.122333,61.308623,23039.667,0.0,6072.099333,15.421702,46.196495,0.729506,0.0,0.0,0.0,0.0,0.0,0.0
POSCO_KR,POSCO,CAND-0CC63FAC54D3C0,P2,PORT-A620DB8F058C,DISCLOSED_PATH,True,True,True,434.951232,100,80.1506,0.355137,80.1506,0.355137,17.747901,0.963858,34861.602,154.466984,42581.073667,533.680452,26602.0,0.0,50634.206667,154.467249,15772.604,0.0,3198.926667,19.272321,70.868472,0.45808,0.0,0.0,0.0,0.0,0.0,0.0
POSCO_KR,POSCO,CAND-0CC63FAC54D3C0,P2,PORT-A620DB8F058C,ACCELERATED_15C,True,True,True,434.951232,100,69.262864,0.147175,69.262864,0.147175,19.201135,0.99969,30125.968333,64.013761,38477.525667,472.993423,26602.0,0.0,53165.635333,64.013761,23039.667,0.0,4414.034,17.036263,50.101561,0.750159,0.0,0.0,0.0,0.0,0.0,0.0
POSCO_KR,POSCO,CAND-F5CF3CBE63EF2D,P1,PORT-A620DB8F058C,DISCLOSED_PATH,True,True,True,434.951232,100,82.012643,0.4195,82.012643,0.4195,20.475067,1.087673,35671.5,182.46239,44577.155667,601.170677,26602.0,0.0,51444.104333,182.462111,15772.604,0.0,2437.11,31.672602,72.730516,0.522485,0.0,0.0,0.0,0.0,0.0,0.0
POSCO_KR,POSCO,CAND-F5CF3CBE63EF2D,P1,PORT-A620DB8F058C,ACCELERATED_15C,True,True,True,434.951232,100,71.95188,0.1817,71.95188,0.1817,22.387871,1.174197,31295.559,79.030788,41033.191,545.289241,26602.0,0.0,54335.226,79.030788,23039.667,0.0,3303.807,43.145712,52.790576,0.790984,0.0,0.0,0.0,0.0,0.0,0.0
POSCO_KR,POSCO,CAND-7D117A922A194C,P5,PORT-66E75B54664A,DISCLOSED_PATH,True,True,True,505.60626,100,91.47303,0.377694,91.47303,0.377694,7.380791,0.596356,46249.336667,190.964507,49981.110667,462.712868,30104.0,0.0,64583.027,190.964415,18333.69,0.0,10265.541,41.346582,82.190903,0.475737,0.0,0.0,0.0,0.0,0.0,0.0
POSCO_KR,POSCO,CAND-7D117A922A194C,P5,PORT-66E75B54664A,ACCELERATED_15C,True,True,True,505.60626,100,76.518473,0.334042,76.518473,0.334042,7.301515,0.433001,38688.219,168.893751,42379.911,383.467615,30104.0,0.0,65380.647333,168.893392,26692.429,0.0,14700.475,95.635086,57.357169,0.873976,0.0,0.0,0.0,0.0,0.0,0.0
POSCO_KR,POSCO,CAND-00B5592B22DA24,P4,PORT-66E75B54664A,DISCLOSED_PATH,True,True,True,505.60626,100,95.764519,0.438865,95.764519,0.438865,12.29449,0.888267,48419.140667,221.892923,54635.311333,651.939272,30104.0,0.0,66752.830667,221.892923,18333.69,0.0,7868.032333,37.382477,86.482392,0.540276,0.0,0.0,0.0,0.0,0.0,0.0
POSCO_KR,POSCO,CAND-00B5592B22DA24,P4,PORT-66E75B54664A,ACCELERATED_15C,True,True,True,505.60626,100,83.01439,0.267838,83.01439,0.267838,12.558724,0.861034,41972.595333,135.420478,48322.364667,548.453243,30104.0,0.0,68665.023667,135.420379,26692.429,0.0,11180.661667,78.11988,63.853086,0.784257,0.0,0.0,0.0,0.0,0.0,0.0
POSCO_KR,POSCO,CAND-DDC1E605504409,P3,PORT-077F7C54FB04,DISCLOSED_PATH,True,True,True,444.454229,100,96.610693,0.198077,96.610693,0.198077,17.589422,1.698843,42939.031,88.035844,50756.724,804.230383,30104.0,0.0,59052.727,88.035844,16113.696,0.0,5434.914,25.229174,87.328566,0.269595,0.0,0.0,0.0,0.0,0.0,0.0
POSCO_KR,POSCO,CAND-DDC1E605504409,P3,PORT-077F7C54FB04,ACCELERATED_15C,True,True,True,444.454229,100,85.252466,0.314146,85.252466,0.314146,18.700578,1.616992,37890.819,139.623806,46202.370333,662.637986,30104.0,0.0,61435.296,139.623806,23544.477,0.0,7631.872,32.007982,66.091162,0.388356,0.0,0.0,0.0,0.0,0.0,0.0
POSCO_KR,POSCO,CAND-E3FBD935777392,P2,PORT-077F7C54FB04,DISCLOSED_PATH,True,True,True,444.454229,100,100.000189,0.254239,100.000189,0.254239,21.98986,2.113416,44445.507,112.997346,54218.993,982.768967,30104.0,0.0,60559.203,112.997346,16113.696,0.0,3969.207,21.156463,90.718062,0.311016,0.0,0.0,0.0,0.0,0.0,0.0
POSCO_KR,POSCO,CAND-E3FBD935777392,P2,PORT-077F7C54FB04,ACCELERATED_15C,True,True,True,444.454229,100,90.152403,0.336227,90.152403,0.336227,23.913721,1.996008,40068.616667,149.437511,50697.171667,824.395333,30104.0,0.0,63613.093667,149.437511,23544.477,0.0,5490.335,16.612185,70.991099,0.374096,0.0,0.0,0.0,0.0,0.0,0.0
POSCO_KR,POSCO,CAND-A6713428AA1463,P1,PORT-077F7C54FB04,DISCLOSED_PATH,True,True,True,444.454229,100,102.374378,0.293295,102.374378,0.293295,25.340434,2.381885,45500.725333,130.356358,56763.388333,1091.428334,30104.0,0.0,61614.421333,130.356358,16113.696,0.0,2984.238,34.292559,93.092251,0.339395,0.0,0.0,0.0,0.0,0.0,0.0
POSCO_KR,POSCO,CAND-A6713428AA1463,P1,PORT-077F7C54FB04,ACCELERATED_15C,True,True,True,444.454229,100,93.578801,0.347741,93.578801,0.347741,27.823751,2.254003,41591.494,154.555344,53957.877667,932.998204,30104.0,0.0,65135.971,154.555344,23544.477,0.0,4058.764667,46.413956,74.417497,0.355143,0.0,0.0,0.0,0.0,0.0,0.0
POSCO_KR,POSCO,CAND-2F5D03A613EDBE,P1,PORT-0E469489028A,DISCLOSED_PATH,True,True,True,261.543846,100,9.282127,0.102986,9.282127,0.102986,6.324239,0.688642,2427.683333,26.935437,4081.749,184.042273,15097.0,0.0,11915.850333,26.935437,9488.167,0.0,705.315,5.447282,0.0,0.0,0.0,0.0,0.0,0.0,0.0,0.0
POSCO_KR,POSCO,CAND-2F5D03A613EDBE,P1,PORT-0E469489028A,ACCELERATED_15C,False,False,True,261.543846,100,-5.575344,0.191115,-5.575344,0.191115,6.808345,0.728368,-1458.197,49.98486,322.484,150.408958,15097.0,0.0,12350.450333,49.984612,13808.647,0.0,941.537,7.437924,-24.736648,0.716483,0.0,0.0,0.0,0.0,0.0,0.0
POSCO_KR,POSCO,CAND-63781C106D5099,P1,PORT-41705C04BF44,DISCLOSED_PATH,True,True,True,234.011233,100,10.289821,0.432847,10.289821,0.432847,6.353503,0.665925,2407.933667,101.291394,3894.724667,247.37026,15097.0,0.0,10883.03,101.290929,8475.096,0.0,669.718,15.067951,1.007693,0.356294,0.0,0.0,0.0,0.0,0.0,0.0
POSCO_KR,POSCO,CAND-63781C106D5099,P1,PORT-41705C04BF44,ACCELERATED_15C,False,False,True,234.011233,100,-4.524719,0.343845,-4.524719,0.343845,6.92218,0.698691,-1058.835333,80.463484,561.033,234.013343,15097.0,0.0,11263.817,80.464015,12322.652,0.0,894.082,20.042754,-23.686023,0.293599,0.0,0.0,0.0,0.0,0.0,0.0
POSCO_KR,POSCO,CAND-455C0CE17360E6,P1,PORT-DE64C6FAC717,DISCLOSED_PATH,True,True,True,184.421263,100,11.099004,0.786656,11.099004,0.786656,8.917859,1.114338,2046.892667,145.076423,3691.535,111.664671,15748.0,0.0,8708.602667,145.076423,6661.71,0.0,632.141333,12.34365,1.816877,0.742497,0.0,0.0,0.0,0.0,0.0,0.0
POSCO_KR,POSCO,CAND-455C0CE17360E6,P1,PORT-DE64C6FAC717,ACCELERATED_15C,False,False,True,184.421263,100,-4.358255,0.974756,-4.358255,0.974756,9.051457,1.628278,-803.755,179.765665,865.526,134.339,15748.0,0.0,9009.354667,179.765936,9813.109,0.0,843.908,16.469235,-23.519559,0.419185,0.0,0.0,0.0,0.0,0.0,0.0
POSCO_KR,POSCO,CAND-9863577C4A48D7,P2,PORT-CEF57596D771,DISCLOSED_PATH,True,True,True,332.254237,100,38.049912,0.58518,38.049912,0.58518,11.116055,1.390833,12642.244667,194.428799,16335.600667,306.259312,20893.0,0.0,24691.376,194.428604,12049.131,0.0,1721.195667,9.719539,28.767785,0.525717,0.0,0.0,0.0,0.0,0.0,0.0
POSCO_KR,POSCO,CAND-9863577C4A48D7,P2,PORT-CEF57596D771,ACCELERATED_15C,False,False,True,332.254237,100,25.024594,0.426611,25.024594,0.426611,11.849869,1.167788,8314.527333,141.743597,12251.696667,317.413944,20893.0,0.0,25869.081667,141.743515,17554.554,0.0,2340.672333,11.006564,5.86329,0.390336,0.0,0.0,0.0,0.0,0.0,0.0
POSCO_KR,POSCO,CAND-D474BBC66D4C3C,P1,PORT-CEF57596D771,DISCLOSED_PATH,True,True,True,332.254237,100,38.760799,0.607206,38.760799,0.607206,12.767024,1.573292,12878.439667,201.74648,17120.337667,364.291208,20893.0,0.0,24927.571333,201.74682,12049.131,0.0,1503.035333,7.794245,29.478672,0.554116,0.0,0.0,0.0,0.0,0.0,0.0
POSCO_KR,POSCO,CAND-D474BBC66D4C3C,P1,PORT-CEF57596D771,ACCELERATED_15C,False,False,True,332.254237,100,26.117478,0.448675,26.117478,0.448675,13.88679,1.188716,8677.642667,149.074248,13291.587667,349.067022,20893.0,0.0,26232.197333,149.074179,17554.554,0.0,2030.681333,8.668968,6.956174,0.504614,0.0,0.0,0.0,0.0,0.0,0.0
POSCO_KR,POSCO,CAND-DA7B74C24222D6,P2,PORT-802EEF341C7A,DISCLOSED_PATH,True,True,True,326.164221,100,39.139019,0.888486,39.139019,0.888486,11.520666,1.456604,12765.747333,289.792343,16523.377,193.734482,21792.0,0.0,24573.337333,289.792343,11807.59,0.0,1768.293333,19.457078,29.856891,0.838747,0.0,0.0,0.0,0.0,0.0,0.0
POSCO_KR,POSCO,CAND-DA7B74C24222D6,P2,PORT-802EEF341C7A,ACCELERATED_15C,False,False,True,326.164221,100,25.820579,0.688502,25.820579,0.688502,12.783462,1.172924,8421.749333,224.565026,12591.257333,186.343742,21792.0,0.0,25663.102333,224.565026,17241.353,0.0,2405.917667,34.321962,6.659276,0.188812,0.0,0.0,0.0,0.0,0.0,0.0
POSCO_KR,POSCO,CAND-720A05CD8AE3E2,P1,PORT-802EEF341C7A,DISCLOSED_PATH,True,True,True,326.164221,100,39.847949,1.029051,39.847949,1.029051,13.387646,1.637052,12996.975333,335.639998,17363.546333,213.933428,21792.0,0.0,24804.564667,335.639687,11807.59,0.0,1543.841,9.831129,30.565822,0.97871,0.0,0.0,0.0,0.0,0.0,0.0
POSCO_KR,POSCO,CAND-720A05CD8AE3E2,P1,PORT-802EEF341C7A,ACCELERATED_15C,False,False,True,326.164221,100,26.825216,0.737641,26.825216,0.737641,14.945952,1.25419,8749.425667,240.592003,13624.260667,198.004951,21792.0,0.0,25990.778667,240.592003,17241.353,0.0,2083.882,14.484562,7.663912,0.202365,0.0,0.0,0.0,0.0,0.0,0.0
POSCO_KR,POSCO,CAND-0BE357EA5504BE,P2,PORT-4FCB78A64B21,DISCLOSED_PATH,True,True,True,282.664267,100,43.94172,0.765496,43.94172,0.765496,13.148378,2.277469,12420.754333,216.3786,16137.330667,468.030217,21544.0,0.0,22656.499333,216.3786,10235.745,0.0,1673.452,22.933838,34.659593,0.760777,0.0,0.0,0.0,0.0,0.0,0.0
POSCO_KR,POSCO,CAND-0BE357EA5504BE,P2,PORT-4FCB78A64B21,ACCELERATED_15C,False,False,True,282.664267,100,30.523757,0.478215,30.523757,0.478215,14.237321,1.821535,8627.975333,135.174116,12652.357,414.601167,21544.0,0.0,23672.987,135.174638,15045.012,0.0,2281.979667,29.88743,11.362454,0.490466,0.0,0.0,0.0,0.0,0.0,0.0
POSCO_KR,POSCO,CAND-F43ACAB6E7F085,P1,PORT-4FCB78A64B21,DISCLOSED_PATH,True,True,True,282.664267,100,44.88122,0.927308,44.88122,0.927308,15.117684,2.587531,12686.317,262.116854,16959.546333,513.749203,21544.0,0.0,22922.062,262.116854,10235.745,0.0,1461.214,19.64845,35.599093,0.919074,0.0,0.0,0.0,0.0,0.0,0.0
POSCO_KR,POSCO,CAND-F43ACAB6E7F085,P1,PORT-4FCB78A64B21,ACCELERATED_15C,False,False,True,282.664267,100,31.67467,0.458683,31.67467,0.458683,16.692067,1.94524,8953.297333,129.653263,13671.548333,460.838886,21544.0,0.0,23998.309,129.652833,15045.012,0.0,1974.373,27.212819,12.513366,0.543894,0.0,0.0,0.0,0.0,0.0,0.0
POSCO_KR,POSCO,CAND-B90A406E3BDA97,P2,PORT-D42DEB3BDB60,DISCLOSED_PATH,True,True,True,364.533852,100,48.338744,0.277521,48.338744,0.277521,13.004782,1.415562,17621.108667,101.165928,22361.791333,457.761594,20893.0,0.0,30857.977667,101.165928,13236.869,0.0,1965.273,7.103588,39.056616,0.214159,0.0,0.0,0.0,0.0,0.0,0.0
POSCO_KR,POSCO,CAND-B90A406E3BDA97,P2,PORT-D42DEB3BDB60,ACCELERATED_15C,False,False,True,364.533852,100,35.586523,0.248369,35.586523,0.248369,14.222053,1.266371,12972.492333,90.539098,18156.912333,411.632955,20893.0,0.0,32269.247667,90.538613,19296.755,0.0,2699.420667,9.840021,16.42522,0.390829,0.0,0.0,0.0,0.0,0.0,0.0
POSCO_KR,POSCO,CAND-149176B54DA5B1,P2,PORT-58F96F629E32,DISCLOSED_PATH,True,True,True,243.51423,100,49.071225,0.823212,49.071225,0.823212,13.360812,1.907673,11949.541333,200.46371,15203.089333,266.006611,18599.0,0.0,20765.729333,200.46371,8816.188,0.0,1422.208333,13.290584,39.789098,0.775957,0.0,0.0,0.0,0.0,0.0,0.0
POSCO_KR,POSCO,CAND-149176B54DA5B1,P2,PORT-58F96F629E32,ACCELERATED_15C,False,False,True,243.51423,100,36.11663,0.610163,36.11663,0.610163,14.863612,1.516647,8794.913333,148.583169,12414.414333,222.409046,18599.0,0.0,21622.375333,148.583169,12827.462,0.0,1959.115667,20.030035,16.955326,0.215648,0.0,0.0,0.0,0.0,0.0,0.0
POSCO_KR,POSCO,CAND-12C017BA38B922,P1,PORT-D42DEB3BDB60,DISCLOSED_PATH,True,True,True,364.533852,100,49.345266,0.27847,49.345266,0.27847,15.059186,1.587572,17988.02,101.511824,23477.603,520.284682,20893.0,0.0,31224.889,101.511824,13236.869,0.0,1610.819,8.314352,40.063138,0.211059,0.0,0.0,0.0,0.0,0.0,0.0
POSCO_KR,POSCO,CAND-12C017BA38B922,P1,PORT-D42DEB3BDB60,ACCELERATED_15C,False,False,True,364.533852,100,37.007835,0.386516,37.007835,0.386516,16.577237,1.475849,13490.608667,140.898367,19533.572667,468.150378,20893.0,0.0,32787.364,140.897917,19296.755,0.0,2176.200667,11.52886,17.846531,0.249272,0.0,0.0,0.0,0.0,0.0,0.0
POSCO_KR,POSCO,CAND-92409F72DEE5B3,P1,PORT-58F96F629E32,DISCLOSED_PATH,True,True,True,243.51423,100,50.021831,0.914787,50.021831,0.914787,15.49254,2.115303,12181.027333,222.763617,15953.681333,293.205857,18599.0,0.0,20997.215333,222.763617,8816.188,0.0,1214.259333,8.292352,40.739703,0.863304,0.0,0.0,0.0,0.0,0.0,0.0
POSCO_KR,POSCO,CAND-92409F72DEE5B3,P1,PORT-58F96F629E32,ACCELERATED_15C,False,False,True,243.51423,100,37.496111,0.609098,37.496111,0.609098,17.390901,1.644372,9130.836667,148.323589,13365.768333,256.133226,18599.0,0.0,21958.298667,148.323589,12827.462,0.0,1644.096667,11.283167,18.334807,0.239211,0.0,0.0,0.0,0.0,0.0,0.0
POSCO_KR,POSCO,CAND-C5C95C9095B035,P2,PORT-0DA980ACBA29,DISCLOSED_PATH,True,True,True,365.583855,100,53.42002,0.33406,53.42002,0.33406,12.836226,0.905789,19529.497,122.127146,24222.214,281.807785,19907.0,0.0,32808.011333,122.127402,13278.514,0.0,1936.864,14.353184,44.137893,0.389687,0.0,0.0,0.0,0.0,0.0,0.0
POSCO_KR,POSCO,CAND-C5C95C9095B035,P2,PORT-0DA980ACBA29,ACCELERATED_15C,False,False,True,365.583855,100,41.058135,0.140264,41.058135,0.140264,13.762604,0.685765,15010.191333,51.27819,20041.577,210.719051,19907.0,0.0,34360.946667,51.278255,19350.756,0.0,2662.275,13.129827,21.896831,0.745133,0.0,0.0,0.0,0.0,0.0,0.0
POSCO_KR,POSCO,CAND-7D54A929A881B5,P2,PORT-34425DFA5633,DISCLOSED_PATH,True,True,True,330.911223,100,53.538971,0.7825,53.538971,0.7825,13.759527,1.065975,17716.646333,258.938066,22269.829,211.381835,21792.0,0.0,29698.903333,258.938066,11982.257,0.0,1967.161667,22.683389,44.256844,0.717995,0.0,0.0,0.0,0.0,0.0,0.0
POSCO_KR,POSCO,CAND-7D54A929A881B5,P2,PORT-34425DFA5633,ACCELERATED_15C,False,False,True,330.911223,100,40.748498,0.92462,40.748498,0.92462,15.094499,1.137569,13484.135333,305.967473,18479.074333,197.740602,21792.0,0.0,30981.694333,305.967473,17497.559,0.0,2697.348,19.751663,21.587194,0.329674,0.0,0.0,0.0,0.0,0.0,0.0
POSCO_KR,POSCO,CAND-3C2E939294CFA6,P1,PORT-0DA980ACBA29,DISCLOSED_PATH,True,True,True,365.583855,100,54.660499,0.377406,54.660499,0.377406,14.832631,0.967873,19982.995667,137.97345,25405.566333,311.755676,19907.0,0.0,33261.51,137.973768,13278.514,0.0,1518.757667,34.241496,45.378371,0.441554,0.0,0.0,0.0,0.0,0.0,0.0
POSCO_KR,POSCO,CAND-3C2E939294CFA6,P1,PORT-0DA980ACBA29,ACCELERATED_15C,False,False,True,365.583855,100,42.839618,0.122173,42.839618,0.122173,16.057304,0.763065,15661.473,44.664776,21531.764,234.782202,19907.0,0.0,35012.228333,44.664551,19350.756,0.0,2049.943333,47.487148,23.678315,0.68523,0.0,0.0,0.0,0.0,0.0,0.0
POSCO_KR,POSCO,CAND-2775122CBD1438,P1,PORT-34425DFA5633,DISCLOSED_PATH,True,True,True,330.911223,100,54.645859,0.92086,54.645859,0.92086,15.866234,1.233778,18082.927667,304.722963,23333.242667,243.576912,21792.0,0.0,30065.184667,304.722963,11982.257,0.0,1621.445333,21.823062,45.363731,0.856813,0.0,0.0,0.0,0.0,0.0,0.0
POSCO_KR,POSCO,CAND-2775122CBD1438,P1,PORT-34425DFA5633,ACCELERATED_15C,False,False,True,330.911223,100,42.261065,1.082629,42.261065,1.082629,17.605909,1.337686,13984.660667,358.254037,19810.653667,225.68693,21792.0,0.0,31482.219667,358.254037,17497.559,0.0,2191.210333,28.34203,23.099762,0.497402,0.0,0.0,0.0,0.0,0.0,0.0
POSCO_KR,POSCO,CAND-0F7926E25C7DDC,P2,PORT-B0374F687394,DISCLOSED_PATH,True,True,True,338.051243,100,57.662697,0.450686,57.662697,0.450686,13.286836,0.964458,19492.946,152.354913,23984.577667,242.024387,19907.0,0.0,31758.39,152.354913,12265.444,0.0,1901.103667,9.010184,48.38057,0.53596,0.0,0.0,0.0,0.0,0.0,0.0
POSCO_KR,POSCO,CAND-0F7926E25C7DDC,P2,PORT-B0374F687394,ACCELERATED_15C,False,False,True,338.051243,100,45.680223,0.180328,45.680223,0.180328,13.978904,0.440259,15442.256,60.960369,20167.842,183.479855,19907.0,0.0,33307.016667,60.959858,17864.761,0.0,2607.785333,10.96042,26.518919,0.707575,0.0,0.0,0.0,0.0,0.0,0.0
POSCO_KR,POSCO,CAND-688976C946D330,P1,PORT-B0374F687394,DISCLOSED_PATH,True,True,True,338.051243,100,59.033661,0.455746,59.033661,0.455746,15.31114,0.991511,19956.402333,154.065299,25132.352,275.715551,19907.0,0.0,32221.846333,154.065299,12265.444,0.0,1475.981667,10.586945,49.751534,0.548394,0.0,0.0,0.0,0.0,0.0,0.0
POSCO_KR,POSCO,CAND-688976C946D330,P1,PORT-B0374F687394,ACCELERATED_15C,False,False,True,338.051243,100,47.641959,0.19404,47.641959,0.19404,16.240904,0.372512,16105.423333,65.595562,21595.681333,191.409046,19907.0,0.0,33970.184333,65.595562,17864.761,0.0,1993.281667,13.501801,28.480655,0.573034,0.0,0.0,0.0,0.0,0.0,0.0
POSCO_KR,POSCO,CAND-E5548226AF9F6B,P2,PORT-39601EAF8865,DISCLOSED_PATH,True,True,True,193.924259,100,60.048215,1.164098,60.048215,1.164098,16.429139,3.581567,11644.805667,225.746656,14830.814,486.986436,19250.0,0.0,18647.607333,225.747163,7002.802,0.0,1384.875667,23.511083,50.766087,1.172645,0.0,0.0,0.0,0.0,0.0,0.0
POSCO_KR,POSCO,CAND-E5548226AF9F6B,P2,PORT-39601EAF8865,ACCELERATED_15C,False,False,True,193.924259,100,47.184022,0.792599,47.184022,0.792599,18.146149,3.355868,9150.126667,153.704414,12669.105,545.546747,19250.0,0.0,19468.045667,153.704414,10317.919,0.0,1904.421333,39.179251,28.022718,0.775309,0.0,0.0,0.0,0.0,0.0,0.0
POSCO_KR,POSCO,CAND-C8332513BB985B,P2,PORT-CA761749FFB1,DISCLOSED_PATH,True,True,True,287.411269,100,59.951332,1.097416,59.951332,1.097416,15.3904,2.254171,17230.688333,315.409614,21654.063,436.4167,21544.0,0.0,27641.101,315.409786,10410.412,0.0,1889.839333,27.41376,50.669205,1.031633,0.0,0.0,0.0,0.0,0.0,0.0
POSCO_KR,POSCO,CAND-C8332513BB985B,P2,PORT-CA761749FFB1,ACCELERATED_15C,False,False,True,287.411269,100,47.481928,1.120774,47.481928,1.120774,16.556417,1.939294,13646.841333,322.123349,18405.342333,367.639592,21544.0,0.0,28948.059,322.122781,15301.218,0.0,2585.763667,32.645416,28.320625,0.495498,0.0,0.0,0.0,0.0,0.0,0.0
POSCO_KR,POSCO,CAND-CD94A69F094896,P2,PORT-8378A8ACBA64,DISCLOSED_PATH,True,True,True,275.793845,100,60.768269,0.939713,60.768269,0.939713,15.320667,1.191696,16759.514667,259.166882,20984.860333,212.08808,18599.0,0.0,26763.440667,259.166882,10003.926,0.0,1675.543333,5.543238,51.486142,0.866127,0.0,0.0,0.0,0.0,0.0,0.0
POSCO_KR,POSCO,CAND-CD94A69F094896,P2,PORT-8378A8ACBA64,ACCELERATED_15C,False,False,True,275.793845,100,49.081239,0.850663,49.081239,0.850663,16.262293,0.878827,13536.303667,234.607407,18021.343667,194.04829,18599.0,0.0,28105.966667,234.607407,14569.663,0.0,2311.211667,3.188952,29.919936,0.229827,0.0,0.0,0.0,0.0,0.0,0.0
POSCO_KR,POSCO,CAND-2EAFEFF65EF371,P1,PORT-39601EAF8865,DISCLOSED_PATH,True,True,True,193.924259,100,61.239249,1.306249,61.239249,1.306249,19.023076,4.097701,11875.776,253.313618,15564.812,559.766611,19250.0,0.0,18878.577667,253.313622,7002.802,0.0,1170.907,11.180357,51.957121,1.311052,0.0,0.0,0.0,0.0,0.0,0.0
POSCO_KR,POSCO,CAND-2EAFEFF65EF371,P1,PORT-39601EAF8865,ACCELERATED_15C,False,False,True,193.924259,100,49.033145,0.932468,49.033145,0.932468,20.991314,3.825139,9508.716333,180.828133,13579.441,622.223665,19250.0,0.0,19826.635333,180.828133,10317.919,0.0,1588.433333,15.397587,29.871841,0.853334,0.0,0.0,0.0,0.0,0.0,0.0
POSCO_KR,POSCO,CAND-19C362AB4D3239,P1,PORT-CA761749FFB1,DISCLOSED_PATH,True,True,True,287.411269,100,61.203565,1.24824,61.203565,1.24824,17.716546,2.552652,17590.594333,358.758291,22682.529333,491.790565,21544.0,0.0,28001.006667,358.758124,10410.412,0.0,1524.56,31.335852,51.921438,1.181298,0.0,0.0,0.0,0.0,0.0,0.0
POSCO_KR,POSCO,CAND-19C362AB4D3239,P1,PORT-CA761749FFB1,ACCELERATED_15C,False,False,True,287.411269,100,49.248192,1.310484,49.248192,1.310484,19.305888,2.163575,14154.485333,376.647709,19703.215,409.896511,21544.0,0.0,29455.703,376.647923,15301.218,0.0,2062.349667,43.581645,30.086888,0.689349,0.0,0.0,0.0,0.0,0.0,0.0
POSCO_KR,POSCO,CAND-466C04961ED513,P2,PORT-7ED23B40E316,DISCLOSED_PATH,False,True,False,414.904229,100,32.656793,0.524273,32.656793,0.524273,10.183085,1.763591,13549.441667,217.52338,17774.446667,565.898855,24086.0,0.0,28589.974667,217.52338,15040.533,0.0,2048.850333,5.878038,23.374666,0.456959,0.0,0.0,0.0,0.0,0.0,0.0
POSCO_KR,POSCO,CAND-466C04961ED513,P2,PORT-7ED23B40E316,ACCELERATED_15C,True,True,True,414.904229,100,19.161304,0.630931,19.161304,0.630931,10.929326,1.75926,7950.105667,261.775922,12484.729667,527.450382,24086.0,0.0,29918.551333,261.775365,21968.445,0.0,2782.140333,9.657564,0.0,0.0,0.0,0.0,0.0,0.0,0.0,0.0
POSCO_KR,POSCO,CAND-7BC738434560A6,P1,PORT-7ED23B40E316,DISCLOSED_PATH,False,True,False,414.904229,100,33.257729,0.605317,33.257729,0.605317,11.805684,2.091603,13798.772333,251.148756,18697.001,671.191523,24086.0,0.0,28839.305333,251.148756,15040.533,0.0,1835.959,15.035936,23.975602,0.533103,0.0,0.0,0.0,0.0,0.0,0.0
POSCO_KR,POSCO,CAND-7BC738434560A6,P1,PORT-7ED23B40E316,ACCELERATED_15C,True,True,True,414.904229,100,19.955184,0.600835,19.955184,0.600835,12.831312,1.920865,8279.490333,249.289006,13603.255667,608.556615,24086.0,0.0,30247.935333,249.289006,21968.445,0.0,2474.140667,21.299349,0.79388,0.030197,0.0,0.0,0.0,0.0,0.0,0.0
POSCO_KR,POSCO,CAND-BEF797E7835E02,P2,PORT-7827D72F6A22,DISCLOSED_PATH,False,True,False,419.651231,100,43.961143,0.568494,43.961143,0.568494,12.475861,1.382222,18448.348,238.569198,23683.858333,492.974692,24086.0,0.0,33663.548333,238.569774,15215.2,0.0,2257.919667,20.440334,34.679016,0.533395,0.0,0.0,0.0,0.0,0.0,0.0
POSCO_KR,POSCO,CAND-BEF797E7835E02,P2,PORT-7827D72F6A22,ACCELERATED_15C,True,True,True,419.651231,100,30.898876,0.840113,30.898876,0.840113,13.460193,1.626783,12966.751,352.554494,18615.337333,457.345142,24086.0,0.0,35191.403,352.554494,22224.651,0.0,3083.098,27.354979,11.737572,0.209274,0.0,0.0,0.0,0.0,0.0,0.0
POSCO_KR,POSCO,CAND-BBFDE735F87B40,P1,PORT-7827D72F6A22,DISCLOSED_PATH,False,True,False,419.651231,100,44.86247,0.700764,44.86247,0.700764,14.366314,1.64087,18826.590667,294.076117,24855.432,566.49659,24086.0,0.0,34041.791333,294.076421,15215.2,0.0,1908.076333,12.148798,35.580343,0.659709,0.0,0.0,0.0,0.0,0.0,0.0
POSCO_KR,POSCO,CAND-BBFDE735F87B40,P1,PORT-7827D72F6A22,ACCELERATED_15C,True,True,True,419.651231,100,32.142678,1.023733,32.142678,1.023733,15.662137,1.936246,13488.714333,429.611205,20061.349667,522.447814,24086.0,0.0,35713.365667,429.610771,22224.651,0.0,2573.768333,15.675704,12.981374,0.395397,0.0,0.0,0.0,0.0,0.0,0.0
POSCO_KR,POSCO,CAND-2FCEDED2C189C1,P4,PORT-08632101CCF5,DISCLOSED_PATH,False,True,False,488.606259,100,63.824933,0.265615,63.824933,0.265615,9.556935,1.085056,31185.261667,129.78057,35854.839667,524.045072,27588.0,0.0,48899.409,129.781012,17714.147,0.0,5422.884333,44.049167,54.542805,0.302486,0.0,0.0,0.0,0.0,0.0,0.0
POSCO_KR,POSCO,CAND-2FCEDED2C189C1,P4,PORT-08632101CCF5,ACCELERATED_15C,True,True,True,488.606259,100,50.649093,0.230668,50.649093,0.230668,9.760549,0.865607,24747.463667,112.705542,29516.529333,443.599724,27588.0,0.0,50537.770667,112.705542,25790.307,0.0,7652.271667,80.62977,31.487789,0.577872,0.0,0.0,0.0,0.0,0.0,0.0
POSCO_KR,POSCO,CAND-9DAADB965AABF6,P2,PORT-2038E8D6C481,DISCLOSED_PATH,False,True,False,428.201226,100,69.84108,0.448624,69.84108,0.448624,15.553767,2.107147,29906.036333,192.101154,36566.178333,905.975372,23372.0,0.0,45433.889333,192.101154,15527.853,0.0,2646.163667,30.457795,60.558953,0.37589,0.0,0.0,0.0,0.0,0.0,0.0
POSCO_KR,POSCO,CAND-9DAADB965AABF6,P2,PORT-2038E8D6C481,ACCELERATED_15C,True,True,True,428.201226,100,57.565669,0.722522,57.565669,0.722522,16.758812,2.367214,24649.690333,309.384681,31825.834333,960.657942,23372.0,0.0,47307.021333,309.384681,22657.331,0.0,3652.507333,43.771317,38.404366,0.993218,0.0,0.0,0.0,0.0,0.0,0.0
POSCO_KR,POSCO,CAND-25E596C7BBF514,P1,PORT-2038E8D6C481,DISCLOSED_PATH,False,True,False,428.201226,100,71.485482,0.550544,71.485482,0.550544,17.90083,2.385266,30610.171,235.743429,38275.328333,1024.283222,23372.0,0.0,46138.024667,235.743549,15527.853,0.0,1966.177,28.247938,62.203355,0.47797,0.0,0.0,0.0,0.0,0.0,0.0
POSCO_KR,POSCO,CAND-25E596C7BBF514,P1,PORT-2038E8D6C481,ACCELERATED_15C,True,True,True,428.201226,100,59.880418,0.893754,59.880418,0.893754,19.660509,2.825362,25640.868333,382.706827,34059.522667,1159.899937,23372.0,0.0,48298.199667,382.706434,22657.331,0.0,2654.005,42.099727,40.719115,1.107126,0.0,0.0,0.0,0.0,0.0,0.0
POSCO_KR,POSCO,CAND-13A3A87B46A419,P4,PORT-C9ABA0ED93B4,DISCLOSED_PATH,False,True,False,496.681253,100,84.724012,0.300512,84.724012,0.300512,10.311424,1.436685,42080.829,149.258343,47202.319667,572.154305,26874.0,0.0,60085.368333,149.258775,18004.54,0.0,6845.006,29.302977,75.441885,0.335491,0.0,0.0,0.0,0.0,0.0,0.0
POSCO_KR,POSCO,CAND-13A3A87B46A419,P4,PORT-C9ABA0ED93B4,ACCELERATED_15C,True,True,True,496.681253,100,70.896233,0.151865,70.896233,0.151865,10.501352,1.261682,35212.829333,75.42849,40428.654333,552.033942,26874.0,0.0,61393.974333,75.42849,26181.144,0.0,9741.129667,33.651137,51.734929,0.743489,0.0,0.0,0.0,0.0,0.0,0.0
POSCO_KR,POSCO,CAND-27EB06146B7A52,P3,PORT-13C60822C05B,DISCLOSED_PATH,False,True,False,437.704222,100,87.203856,0.599122,87.203856,0.599122,14.286488,0.714589,38169.496,262.237879,44422.752333,327.486429,26874.0,0.0,54038.440667,262.237683,15868.945,0.0,4769.330333,37.602351,77.921729,0.497794,0.0,0.0,0.0,0.0,0.0,0.0
POSCO_KR,POSCO,CAND-27EB06146B7A52,P3,PORT-13C60822C05B,ACCELERATED_15C,True,True,True,437.704222,100,74.673272,0.900376,74.673272,0.900376,15.29184,0.660202,32684.806333,394.098472,39378.109,361.57521,26874.0,0.0,55846.947333,394.098472,23162.141,0.0,6699.412,68.299875,55.511968,0.508476,0.0,0.0,0.0,0.0,0.0,0.0
POSCO_KR,POSCO,CAND-9F98CFC8518527,P2,PORT-13C60822C05B,DISCLOSED_PATH,False,True,False,437.704222,100,90.266943,0.813127,90.266943,0.813127,17.840854,0.935442,39510.222333,355.90912,47319.239,407.284976,26874.0,0.0,55379.166667,355.909299,15868.945,0.0,3436.077667,38.044626,80.984816,0.712365,0.0,0.0,0.0,0.0,0.0,0.0
POSCO_KR,POSCO,CAND-9F98CFC8518527,P2,PORT-13C60822C05B,ACCELERATED_15C,True,True,True,437.704222,100,79.107722,1.158719,79.107722,1.158719,19.499568,0.824963,34625.783333,507.176474,43160.826667,449.980829,26874.0,0.0,57787.924333,507.176474,23162.141,0.0,4743.565,49.1355,59.946418,0.712188,0.0,0.0,0.0,0.0,0.0,0.0
POSCO_KR,POSCO,CAND-717F18DFAF78F1,P4,PORT-C68307188813,DISCLOSED_PATH,False,True,False,501.427506,100,93.613476,0.162458,93.613476,0.162458,11.00012,1.114347,46940.372,81.460655,52456.134333,487.448703,26874.0,0.0,65120.164,81.460655,18179.792,0.0,7480.588,9.087367,84.331349,0.201888,0.0,0.0,0.0,0.0,0.0,0.0
POSCO_KR,POSCO,CAND-717F18DFAF78F1,P4,PORT-C68307188813,ACCELERATED_15C,True,True,True,501.427506,100,79.871838,0.416584,79.871838,0.416584,11.410358,1.177537,40049.936667,208.886584,45771.404,414.569986,26874.0,0.0,66486.543,208.8871,26436.606,0.0,10662.642667,28.430396,60.710534,0.95791,0.0,0.0,0.0,0.0,0.0,0.0
POSCO_KR,POSCO,CAND-78797020DAE1ED,P1,PORT-13C60822C05B,DISCLOSED_PATH,False,True,False,437.704222,100,92.427162,1.066717,92.427162,1.066717,20.566001,1.120895,40455.759,466.906744,49457.584333,471.212702,26874.0,0.0,56324.704,466.906744,15868.945,0.0,2523.304333,28.727707,83.145035,0.966192,0.0,0.0,0.0,0.0,0.0,0.0
POSCO_KR,POSCO,CAND-78797020DAE1ED,P1,PORT-13C60822C05B,ACCELERATED_15C,True,True,True,437.704222,100,82.18782,1.363566,82.18782,1.363566,22.73359,0.983087,35973.956,596.838334,45924.544333,530.672731,26874.0,0.0,59136.097,596.838334,23162.141,0.0,3423.141,37.601241,63.026516,0.885008,0.0,0.0,0.0,0.0,0.0,0.0
POSCO_KR,POSCO,CAND-014834EFF571CA,P2,PORT-26982033AA0F,DISCLOSED_PATH,False,False,True,150.693902,100,116.409049,0.322222,116.409049,0.322222,22.183577,0.294648,17542.133667,48.55658,20885.063667,21.297772,14172.0,0.0,23024.458667,48.55658,5482.325,0.0,1221.5,19.004317,107.126922,0.343503,0.0,0.0,0.0,0.0,0.0,0.0
POSCO_KR,POSCO,CAND-014834EFF571CA,P2,PORT-26982033AA0F,ACCELERATED_15C,False,False,True,150.693902,100,106.748812,0.248297,106.748812,0.248297,24.445115,0.535841,16086.395333,37.416876,19770.124667,58.545917,14172.0,0.0,24099.825667,37.416625,8013.431,0.0,1704.342333,21.740653,87.587508,0.40623,0.0,0.0,0.0,0.0,0.0,0.0
POSCO_KR,POSCO,CAND-022C4C9D65C291,P2,PORT-3D4DF75A91D4,DISCLOSED_PATH,True,True,True,247.593892,100,132.856611,0.790212,132.856611,0.790212,26.73833,3.022141,32894.485333,195.651711,39514.732333,854.397006,20867.0,0.0,41883.970333,195.651711,8989.485,0.0,2536.427333,32.609509,123.574484,0.830197,0.0,0.0,0.0,0.0,0.0,0.0
POSCO_KR,POSCO,CAND-022C4C9D65C291,P2,PORT-3D4DF75A91D4,ACCELERATED_15C,False,False,True,247.593892,100,124.215808,0.951081,124.215808,0.951081,29.259393,1.804006,30755.075,235.481402,37999.522333,622.115357,20867.0,0.0,43943.412667,235.481977,13188.337,0.0,3532.715333,28.25987,105.054504,1.052415,0.0,0.0,0.0,0.0,0.0,0.0
POSCO_KR,POSCO,CAND-03F5DDC22322D9,P1,PORT-2E4122B1D61A,DISCLOSED_PATH,False,True,False,305.733857,100,149.355985,1.868819,149.355985,1.868819,33.277018,4.815168,45663.181333,571.361561,55837.092333,1306.528403,19502.0,0.0,56778.706,571.361032,11115.524,0.0,1867.907667,31.350935,140.073858,1.786008,0.0,0.0,0.0,0.0,0.0,0.0
POSCO_KR,POSCO,CAND-03F5DDC22322D9,P1,PORT-2E4122B1D61A,ACCELERATED_15C,False,False,True,305.733857,100,143.036688,1.792398,143.036688,1.792398,36.273427,4.329392,43731.158,547.996809,54821.173333,1330.53817,19502.0,0.0,59861.718,547.996809,16130.56,0.0,2548.002333,42.701407,123.875384,1.686895,0.0,0.0,0.0,0.0,0.0,0.0
POSCO_KR,POSCO,CAND-0792E2DF105A73,P5,PORT-C07B5FF15869,DISCLOSED_PATH,True,True,True,362.346302,100,124.041443,0.655229,124.041443,0.655229,9.459849,0.643485,44945.958333,237.419535,48373.699333,381.943432,27562.0,0.0,58094.776667,237.419601,13148.819,0.0,9866.11,56.369009,114.759315,0.741294,0.0,0.0,0.0,0.0,0.0,0.0
POSCO_KR,POSCO,CAND-0792E2DF105A73,P5,PORT-C07B5FF15869,ACCELERATED_15C,False,False,True,362.346302,100,108.517864,0.486142,108.517864,0.486142,9.291419,0.617055,39321.046667,176.151995,42687.757667,313.357744,27562.0,0.0,58593.821333,176.151874,19272.774,0.0,14170.845333,106.807389,89.35656,0.819839,0.0,0.0,0.0,0.0,0.0,0.0
POSCO_KR,POSCO,CAND-0A4190A420448F,P1,PORT-92AEBEABC7A8,DISCLOSED_PATH,True,True,True,232.293891,100,72.149917,1.164402,72.149917,1.164402,19.843546,2.827874,16759.984667,270.48348,21369.519667,482.715581,18351.0,0.0,25192.066,270.483399,8432.081,0.0,1227.634,31.899033,62.867789,1.086139,0.0,0.0,0.0,0.0,0.0,0.0
POSCO_KR,POSCO,CAND-0A4190A420448F,P1,PORT-92AEBEABC7A8,ACCELERATED_15C,False,False,True,232.293891,100,61.231156,1.280203,61.231156,1.280203,21.408499,2.32138,14223.623333,297.383366,19196.687,375.022299,18351.0,0.0,26596.945,297.382825,12373.321,0.0,1666.194333,41.478419,42.069852,0.653916,0.0,0.0,0.0,0.0,0.0,0.0
POSCO_KR,POSCO,CAND-0B0DF7CC24CCF4,P3,PORT-7DC46150E6EE,DISCLOSED_PATH,False,True,False,388.383849,100,112.790371,0.593002,112.790371,0.593002,18.496183,2.984816,43805.958,230.312467,50989.577,1093.912346,22695.0,0.0,57912.884,230.312467,14106.926,0.0,4956.229667,14.248127,103.508243,0.539153,0.0,0.0,0.0,0.0,0.0,0.0
POSCO_KR,POSCO,CAND-0B0DF7CC24CCF4,P3,PORT-7DC46150E6EE,ACCELERATED_15C,False,False,True,388.383849,100,101.417921,0.835586,101.417921,0.835586,19.319204,2.767576,39389.082667,324.528384,46892.349667,1056.077196,22695.0,0.0,59933.533667,324.528384,20544.451,0.0,7031.238667,19.066271,82.256618,1.058858,0.0,0.0,0.0,0.0,0.0,0.0
POSCO_KR,POSCO,CAND-0CC93D992FF190,P3,PORT-531039DEA968,DISCLOSED_PATH,True,True,True,297.964268,100,93.557535,0.374818,93.557535,0.374818,16.618094,2.035365,27876.802333,111.682156,32828.400667,714.018278,24060.0,0.0,38669.951333,111.682156,10793.149,0.0,3572.459667,36.048621,84.275407,0.457326,0.0,0.0,0.0,0.0,0.0,0.0
POSCO_KR,POSCO,CAND-0CC93D992FF190,P3,PORT-531039DEA968,ACCELERATED_15C,False,False,True,297.964268,100,81.578894,0.298253,81.578894,0.298253,17.350709,2.013481,24307.595667,88.868558,29477.487,681.973829,24060.0,0.0,40167.623,88.868887,15860.027,0.0,4988.780333,46.031514,62.417591,0.650361,0.0,0.0,0.0,0.0,0.0,0.0
POSCO_KR,POSCO,CAND-0D9DBFAFAC1A93,P2,PORT-1CB3B12B9B60,DISCLOSED_PATH,False,True,False,453.004224,100,123.400983,1.328812,123.400983,1.328812,23.224812,1.096289,55901.166667,601.957706,66422.104333,482.331455,29390.0,0.0,72327.515333,601.957309,16426.349,0.0,4363.700667,29.396725,114.118856,1.228517,0.0,0.0,0.0,0.0,0.0,0.0
POSCO_KR,POSCO,CAND-0D9DBFAFAC1A93,P2,PORT-1CB3B12B9B60,ACCELERATED_15C,True,True,True,453.004224,100,114.245067,1.693687,114.245067,1.693687,24.65059,1.59212,51753.497667,767.247144,62920.319,366.486916,29390.0,0.0,75730.654333,767.247719,23977.157,0.0,6077.003,53.382367,95.083763,1.36687,0.0,0.0,0.0,0.0,0.0,0.0
POSCO_KR,POSCO,CAND-11A200804B1E4C,P1,PORT-9341B5E9E1AE,DISCLOSED_PATH,False,False,True,190.511279,100,10.533406,0.446835,10.533406,0.446835,6.95256,1.259097,2006.732333,85.127052,3331.273667,168.773883,14849.0,0.0,8909.984333,85.127052,6903.252,0.0,586.631,5.782115,1.251278,0.361221,0.0,0.0,0.0,0.0,0.0,0.0
POSCO_KR,POSCO,CAND-11A200804B1E4C,P1,PORT-9341B5E9E1AE,ACCELERATED_15C,False,False,True,190.511279,100,-4.866168,0.513354,-4.866168,0.513354,7.422949,1.502067,-927.059667,97.799589,487.096,209.549823,14849.0,0.0,9199.250667,97.800084,10126.311,0.0,783.175667,7.845246,-24.027472,0.193017,0.0,0.0,0.0,0.0,0.0,0.0
POSCO_KR,POSCO,CAND-1452ABFC21BA3C,P3,PORT-2E4122B1D61A,DISCLOSED_PATH,False,True,False,305.733857,100,140.325952,1.341662,140.325952,1.341662,22.904933,3.35886,42902.394333,410.19128,49905.208,893.874879,19502.0,0.0,54017.919333,410.19128,11115.524,0.0,4614.633,17.344325,131.043825,1.261914,0.0,0.0,0.0,0.0,0.0,0.0
POSCO_KR,POSCO,CAND-1452ABFC21BA3C,P3,PORT-2E4122B1D61A,ACCELERATED_15C,False,False,True,305.733857,100,129.905296,1.228168,129.905296,1.228168,24.15799,3.047006,39716.447333,375.492464,47102.362333,870.554365,19502.0,0.0,55847.007333,375.492464,16130.56,0.0,6567.385,31.100456,110.743992,1.257883,0.0,0.0,0.0,0.0,0.0,0.0
POSCO_KR,POSCO,CAND-16671384F832DB,P4,PORT-A7B7FDCF1108,DISCLOSED_PATH,False,True,False,414.706243,100,137.731582,0.898079,137.731582,0.898079,14.971849,2.942711,57118.146667,372.439167,63327.066667,848.857855,28082.0,0.0,72132.887667,372.439167,15014.741,0.0,8888.108,2.538133,128.449455,0.798892,0.0,0.0,0.0,0.0,0.0,0.0
POSCO_KR,POSCO,CAND-16671384F832DB,P4,PORT-A7B7FDCF1108,ACCELERATED_15C,True,True,True,414.706243,100,124.926287,0.905449,124.926287,0.905449,15.219681,2.808543,51807.711333,375.495064,58119.407667,789.808357,28082.0,0.0,73644.963667,375.495172,21837.252,0.0,12688.59,15.374201,105.764984,0.843903,0.0,0.0,0.0,0.0,0.0,0.0
POSCO_KR,POSCO,CAND-16DADA55DF87CF,P2,PORT-F7156CC53AF8,DISCLOSED_PATH,False,True,False,353.711217,100,123.500648,1.341564,123.500648,1.341564,24.060014,1.478418,43683.564333,474.526892,52193.861333,239.218522,24580.0,0.0,56494.233,474.526502,12810.669,0.0,3335.3,34.096707,114.21852,1.240855,0.0,0.0,0.0,0.0,0.0,0.0
POSCO_KR,POSCO,CAND-16DADA55DF87CF,P2,PORT-F7156CC53AF8,ACCELERATED_15C,False,False,True,353.711217,100,113.953586,1.248978,113.953586,1.248978,25.834507,2.032264,40306.661667,441.777384,49444.616333,509.856731,24580.0,0.0,58997.916,441.777609,18691.255,0.0,4641.281667,56.768745,94.792282,0.988502,0.0,0.0,0.0,0.0,0.0,0.0
POSCO_KR,POSCO,CAND-19A0EC6A18A011,P1,PORT-0EE037EBD6C8,DISCLOSED_PATH,False,True,False,387.333846,100,115.097492,1.746384,115.097492,1.746384,25.519835,2.096786,44581.154333,676.433798,54465.849667,320.782152,23681.0,0.0,58646.435333,676.433798,14065.281,0.0,2297.622,17.023186,105.815365,1.68006,0.0,0.0,0.0,0.0,0.0,0.0
POSCO_KR,POSCO,CAND-19A0EC6A18A011,P1,PORT-0EE037EBD6C8,ACCELERATED_15C,False,False,True,387.333846,100,106.8548,2.084948,106.8548,2.084948,27.655175,3.358719,41388.480667,807.570796,52100.266,729.986819,23681.0,0.0,61878.931333,807.571235,20490.451,0.0,3125.499333,23.260068,87.693496,2.124093,0.0,0.0,0.0,0.0,0.0,0.0
POSCO_KR,POSCO,CAND-1F4761E26DC6B1,P2,PORT-15CB4F8207C5,DISCLOSED_PATH,True,True,True,312.214267,100,138.271222,0.504145,138.271222,0.504145,29.032493,3.199783,43170.248333,157.40083,52234.606667,1060.043941,27562.0,0.0,54479.155667,157.401149,11308.908,0.0,3597.946333,16.004048,128.989095,0.558852,0.0,0.0,0.0,0.0,0.0,0.0
POSCO_KR,POSCO,CAND-1F4761E26DC6B1,P2,PORT-15CB4F8207C5,ACCELERATED_15C,False,False,True,312.214267,100,129.946428,0.52641,129.946428,0.52641,31.625211,2.587485,40571.128667,164.352595,50444.970667,852.933953,27562.0,0.0,57192.172,164.352903,16621.043,0.0,4987.843333,39.828393,110.785124,0.695782,0.0,0.0,0.0,0.0,0.0,0.0
NIPPON_STEEL_JP,Nippon Steel,CAND-7400D0EA735D98,P3,PORT-6742936593A9,DISCLOSED_PATH,True,True,True,454.753949,100,81.784969,0.091928,81.784969,0.091928,16.069905,1.442714,37192.037667,41.805008,44499.890667,660.245392,29348.0,0.0,53112.737667,41.805008,15920.7,0.0,5706.295333,33.256247,59.007303,0.339612,0.0,0.0,0.0,0.0,0.0,0.0
NIPPON_STEEL_JP,Nippon Steel,CAND-7400D0EA735D98,P3,PORT-6742936593A9,ACCELERATED_15C,True,True,True,454.753949,100,70.315623,0.180151,70.315623,0.180151,17.244578,1.305992,31976.307667,81.924208,39818.347,542.814059,29348.0,0.0,55468.438667,81.924208,23492.132,0.0,7528.855667,44.540849,36.398992,0.46482,0.0,0.0,0.0,0.0,0.0,0.0
NIPPON_STEEL_JP,Nippon Steel,CAND-F6184286A4322F,P2,PORT-6742936593A9,DISCLOSED_PATH,True,True,True,454.753949,100,84.730438,0.143214,84.730438,0.143214,20.177353,1.758124,38531.501,65.127307,47707.232,803.956335,29348.0,0.0,54452.201,65.127307,15920.7,0.0,4434.594667,52.995503,61.952772,0.386015,0.0,0.0,0.0,0.0,0.0,0.0
NIPPON_STEEL_JP,Nippon Steel,CAND-F6184286A4322F,P2,PORT-6742936593A9,ACCELERATED_15C,True,True,True,454.753949,100,74.482306,0.258678,74.482306,0.258678,22.058742,1.594059,33871.122667,117.635353,43902.423,644.075785,29348.0,0.0,57363.254333,117.63478,23492.132,0.0,5645.485333,66.450773,40.565675,0.502525,0.0,0.0,0.0,0.0,0.0,0.0
NIPPON_STEEL_JP,Nippon Steel,CAND-18F73BD54A9F34,P1,PORT-6742936593A9,DISCLOSED_PATH,True,True,True,454.753949,100,86.790148,0.158589,86.790148,0.158589,23.461101,2.022953,39468.162333,72.119146,50137.190667,896.190564,29348.0,0.0,55388.862333,72.119146,15920.7,0.0,3573.848,85.062242,64.012482,0.371867,0.0,0.0,0.0,0.0,0.0,0.0
NIPPON_STEEL_JP,Nippon Steel,CAND-18F73BD54A9F34,P1,PORT-6742936593A9,ACCELERATED_15C,True,True,True,454.753949,100,77.372594,0.331808,77.372594,0.331808,25.935179,1.826371,35185.492667,150.891223,46979.617667,701.219028,29348.0,0.0,58677.624667,150.891223,23492.132,0.0,4380.036333,108.231973,43.455963,0.491769,0.0,0.0,0.0,0.0,0.0,0.0
NIPPON_STEEL_JP,Nippon Steel,CAND-EBD30C485CEFDA,P2,PORT-9E76B3BFF9FF,DISCLOSED_PATH,True,True,True,456.103943,100,90.538088,0.284654,90.538088,0.284654,19.628267,1.956443,41294.779,129.831604,50247.309,770.169885,28936.6,0.0,57263.685,129.831604,15968.906,0.0,4510.777667,24.102885,67.760422,0.18054,0.0,0.0,0.0,0.0,0.0,0.0
NIPPON_STEEL_JP,Nippon Steel,CAND-EBD30C485CEFDA,P2,PORT-9E76B3BFF9FF,ACCELERATED_15C,True,True,True,456.103943,100,80.668035,0.593714,80.668035,0.593714,21.293424,2.251494,36793.009,270.795004,46505.023333,787.93909,28936.6,0.0,60352.332,270.795004,23559.323,0.0,5768.521333,26.527766,46.751404,0.441501,0.0,0.0,0.0,0.0,0.0,0.0
NIPPON_STEEL_JP,Nippon Steel,CAND-C1AAA9A0078119,P1,PORT-9E76B3BFF9FF,DISCLOSED_PATH,True,True,True,456.103943,100,92.849934,0.353545,92.849934,0.353545,22.728411,2.35423,42349.221,161.25349,52715.738667,929.856133,28936.6,0.0,58318.127,161.25349,15968.906,0.0,3544.405333,46.601285,70.072268,0.2517,0.0,0.0,0.0,0.0,0.0,0.0
NIPPON_STEEL_JP,Nippon Steel,CAND-C1AAA9A0078119,P1,PORT-9E76B3BFF9FF,ACCELERATED_15C,True,True,True,456.103943,100,83.922794,0.668107,83.922794,0.668107,25.070659,2.628802,38277.517333,304.726254,49712.344,925.811747,28936.6,0.0,61836.840333,304.726254,23559.323,0.0,4340.437667,59.893676,50.006162,0.490075,0.0,0.0,0.0,0.0,0.0,0.0
NIPPON_STEEL_JP,Nippon Steel,CAND-EF9F86F64A1C2A,P3,PORT-00B029BF7478,DISCLOSED_PATH,True,True,True,459.478949,100,94.886887,0.176367,94.886887,0.176367,18.047887,1.671883,43598.527,81.036798,51891.151333,849.198089,32153.0,0.0,59682.915,81.036798,16084.388,0.0,6597.037667,21.109885,72.109221,0.427747,0.0,0.0,0.0,0.0,0.0,0.0
NIPPON_STEEL_JP,Nippon Steel,CAND-EF9F86F64A1C2A,P3,PORT-00B029BF7478,ACCELERATED_15C,True,True,True,459.478949,100,83.980848,0.049823,83.980848,0.049823,19.165288,1.88671,38587.431667,22.892652,47393.478333,873.839057,32153.0,0.0,62324.574667,22.892652,23737.143,0.0,8774.403667,24.840786,50.064217,0.396872,0.0,0.0,0.0,0.0,0.0,0.0
NIPPON_STEEL_JP,Nippon Steel,CAND-BCE0067D428D60,P2,PORT-00B029BF7478,DISCLOSED_PATH,True,True,True,459.478949,100,98.333928,0.242566,98.333928,0.242566,22.698385,2.079439,45182.37,111.453769,55611.8,1065.514291,32153.0,0.0,61266.757667,111.453794,16084.388,0.0,5058.958333,44.760939,75.556262,0.496857,0.0,0.0,0.0,0.0,0.0,0.0
NIPPON_STEEL_JP,Nippon Steel,CAND-BCE0067D428D60,P2,PORT-00B029BF7478,ACCELERATED_15C,True,True,True,459.478949,100,89.037315,0.031026,89.037315,0.031026,24.507889,2.385168,40910.772,14.256183,52171.631,1081.678228,32153.0,0.0,64647.914333,14.255635,23737.143,0.0,6504.842667,49.203546,55.120684,0.371914,0.0,0.0,0.0,0.0,0.0,0.0
NIPPON_STEEL_JP,Nippon Steel,CAND-F940A5016FE44E,P1,PORT-00B029BF7478,DISCLOSED_PATH,True,True,True,459.478949,100,100.746812,0.257034,100.746812,0.257034,26.304697,2.361633,46291.039,118.101292,58377.493667,1201.583195,32153.0,0.0,62375.427,118.101292,16084.388,0.0,4038.492,64.297002,77.969146,0.491221,0.0,0.0,0.0,0.0,0.0,0.0
NIPPON_STEEL_JP,Nippon Steel,CAND-F940A5016FE44E,P1,PORT-00B029BF7478,ACCELERATED_15C,True,True,True,459.478949,100,92.553968,0.152178,92.553968,0.152178,28.713663,2.79628,42526.599667,69.922317,55719.924,1218.910215,32153.0,0.0,66263.742667,69.922317,23737.143,0.0,4984.341333,82.784941,58.637337,0.318275,0.0,0.0,0.0,0.0,0.0,0.0
NIPPON_STEEL_JP,Nippon Steel,CAND-1F99EBB5AE8665,P3,PORT-05EE518306D9,DISCLOSED_PATH,True,True,True,460.828943,100,100.426623,0.11295,100.426623,0.11295,16.965148,1.504437,46279.494333,52.05063,54097.526,689.451178,31741.6,0.0,62412.088,52.050701,16132.594,0.0,6807.29,29.185818,77.648957,0.264992,0.0,0.0,0.0,0.0,0.0,0.0
NIPPON_STEEL_JP,Nippon Steel,CAND-1F99EBB5AE8665,P3,PORT-05EE518306D9,ACCELERATED_15C,True,True,True,460.828943,100,89.606909,0.306312,89.606909,0.306312,17.906235,1.376692,41293.456667,141.157361,49545.168,570.494959,31741.6,0.0,65097.791,141.157469,23804.334,0.0,9128.512667,57.639587,55.690277,0.379545,0.0,0.0,0.0,0.0,0.0,0.0
NIPPON_STEEL_JP,Nippon Steel,CAND-7BA4793B4CD2AC,P2,PORT-05EE518306D9,DISCLOSED_PATH,True,True,True,460.828943,100,104.222168,0.207512,104.222168,0.207512,21.215114,1.900477,48028.591333,95.627156,57805.130333,856.45275,31741.6,0.0,64161.185,95.62717,16132.594,0.0,5149.611333,22.030218,81.444502,0.286335,0.0,0.0,0.0,0.0,0.0,0.0
NIPPON_STEEL_JP,Nippon Steel,CAND-7BA4793B4CD2AC,P2,PORT-05EE518306D9,ACCELERATED_15C,True,True,True,460.828943,100,95.181383,0.489945,95.181383,0.489945,22.904408,1.683042,43862.335667,225.781044,54417.35,667.967294,31741.6,0.0,67666.670667,225.781044,23804.334,0.0,6618.474,12.918534,61.264752,0.506956,0.0,0.0,0.0,0.0,0.0,0.0
NIPPON_STEEL_JP,Nippon Steel,CAND-C51D410B54BFD5,P3,PORT-5DE4D9A04480,DISCLOSED_PATH,True,True,True,461.703943,100,103.925794,0.267794,103.925794,0.267794,18.341924,1.491975,47982.949,123.641622,56451.487667,715.339389,29609.8,0.0,64149.769333,123.641776,16166.82,0.0,6720.970667,18.821533,81.148128,0.27194,0.0,0.0,0.0,0.0,0.0,0.0
NIPPON_STEEL_JP,Nippon Steel,CAND-C51D410B54BFD5,P3,PORT-5DE4D9A04480,ACCELERATED_15C,True,True,True,461.703943,100,93.300431,0.254638,93.300431,0.254638,19.459867,1.558382,43077.177333,117.567221,52061.874333,634.035664,29609.8,0.0,66929.711333,117.567221,23852.534,0.0,9053.538,36.910699,59.3838,0.153881,0.0,0.0,0.0,0.0,0.0,0.0
NIPPON_STEEL_JP,Nippon Steel,CAND-CA2E4138D9BC07,P1,PORT-05EE518306D9,DISCLOSED_PATH,True,True,True,460.828943,100,106.936942,0.319379,106.936942,0.319379,24.446909,2.214415,49279.638,147.179093,60545.481333,949.600397,31741.6,0.0,65412.231667,147.179651,16132.594,0.0,4002.667,49.000277,84.159276,0.28641,0.0,0.0,0.0,0.0,0.0,0.0
NIPPON_STEEL_JP,Nippon Steel,CAND-CA2E4138D9BC07,P1,PORT-05EE518306D9,ACCELERATED_15C,True,True,True,460.828943,100,99.039304,0.636838,99.039304,0.636838,26.894112,1.862015,45640.177667,293.473457,58033.763333,689.395771,31741.6,0.0,69444.512333,293.47339,23804.334,0.0,4934.444667,63.917865,65.122673,0.609106,0.0,0.0,0.0,0.0,0.0,0.0
NIPPON_STEEL_JP,Nippon Steel,CAND-33480771F67BD6,P2,PORT-5DE4D9A04480,DISCLOSED_PATH,True,True,True,461.703943,100,107.990617,0.306716,107.990617,0.306716,23.053798,1.840816,49859.693667,141.61188,60503.723333,853.397752,29609.8,0.0,66026.514667,141.61188,16166.82,0.0,4960.515333,34.485929,85.212951,0.239993,0.0,0.0,0.0,0.0,0.0,0.0
NIPPON_STEEL_JP,Nippon Steel,CAND-33480771F67BD6,P2,PORT-5DE4D9A04480,ACCELERATED_15C,True,True,True,461.703943,100,99.315659,0.357727,99.315659,0.357727,24.921216,1.930886,45854.431667,165.164269,57360.655333,742.528848,29609.8,0.0,69706.966,165.163708,23852.534,0.0,6423.189,44.175549,65.399028,0.204284,0.0,0.0,0.0,0.0,0.0,0.0
NIPPON_STEEL_JP,Nippon Steel,CAND-1D35A6D7D808A4,P1,PORT-5DE4D9A04480,DISCLOSED_PATH,True,True,True,461.703943,100,110.880055,0.335882,110.880055,0.335882,26.733231,2.13865,51193.758667,155.078386,63536.596667,945.53483,29609.8,0.0,67360.579,155.078209,16166.82,0.0,3741.735667,84.757519,88.102389,0.165509,0.0,0.0,0.0,0.0,0.0,0.0
NIPPON_STEEL_JP,Nippon Steel,CAND-1D35A6D7D808A4,P1,PORT-5DE4D9A04480,ACCELERATED_15C,True,True,True,461.703943,100,103.495814,0.528311,103.495814,0.528311,29.25197,2.291098,47784.425333,243.923759,61290.175333,825.622354,29609.8,0.0,71636.959333,243.923759,23852.534,0.0,4602.768667,102.7975,69.579182,0.350176,0.0,0.0,0.0,0.0,0.0,0.0
NIPPON_STEEL_JP,Nippon Steel,CAND-3DE8D6197F9834,P3,PORT-7F141003EFD9,DISCLOSED_PATH,True,True,True,466.428943,100,116.871137,0.138445,116.871137,0.138445,19.363227,1.232256,54512.080333,64.574866,63543.650333,619.519566,32414.8,0.0,70842.589333,64.574866,16330.508,0.0,7627.112333,29.891157,94.093471,0.395729,0.0,0.0,0.0,0.0,0.0,0.0
NIPPON_STEEL_JP,Nippon Steel,CAND-3DE8D6197F9834,P3,PORT-7F141003EFD9,ACCELERATED_15C,True,True,True,466.428943,100,106.68247,0.425301,106.68247,0.425301,20.588849,1.590107,49759.791333,198.373111,59363.026667,590.800875,32414.8,0.0,73857.337,198.372552,24097.545,0.0,10337.032,26.873224,72.765839,0.710882,0.0,0.0,0.0,0.0,0.0,0.0
NIPPON_STEEL_JP,Nippon Steel,CAND-C4C9319CE1829D,P2,PORT-7F141003EFD9,DISCLOSED_PATH,True,True,True,466.428943,100,121.483043,0.190672,121.483043,0.190672,24.360809,1.591534,56663.207333,88.934589,68025.794333,772.130147,32414.8,0.0,72993.715667,88.934834,16330.508,0.0,5594.126,33.584462,98.705377,0.447529,0.0,0.0,0.0,0.0,0.0,0.0
NIPPON_STEEL_JP,Nippon Steel,CAND-C4C9319CE1829D,P2,PORT-7F141003EFD9,ACCELERATED_15C,True,True,True,466.428943,100,113.492839,0.530242,113.492839,0.530242,26.486499,2.038212,52936.345,247.320512,65290.414333,757.691984,32414.8,0.0,77033.890333,247.320126,24097.545,0.0,7274.091333,42.518387,79.576207,0.792803,0.0,0.0,0.0,0.0,0.0,0.0
NIPPON_STEEL_JP,Nippon Steel,CAND-D862A4AE5F72FA,P3,PORT-93BA44A86FDE,DISCLOSED_PATH,True,True,True,468.703944,100,122.419862,0.327616,122.419862,0.327616,21.780495,1.071366,57378.672,153.554702,67587.276,588.84769,31966.0,0.0,73790.009,153.554702,16411.337,0.0,7822.876,5.877271,99.642196,0.580581,0.0,0.0,0.0,0.0,0.0,0.0
NIPPON_STEEL_JP,Nippon Steel,CAND-D862A4AE5F72FA,P3,PORT-93BA44A86FDE,ACCELERATED_15C,True,True,True,468.703944,100,112.193179,0.446921,112.193179,0.446921,23.249811,0.727874,52585.385333,209.473781,63482.663667,508.695505,31966.0,0.0,76803.035333,209.473781,24217.65,0.0,10659.009333,38.18849,78.276548,0.846251,0.0,0.0,0.0,0.0,0.0,0.0
NIPPON_STEEL_JP,Nippon Steel,CAND-7F68777647A3B1,P1,PORT-7F141003EFD9,DISCLOSED_PATH,True,True,True,466.428943,100,124.720339,0.2123,124.720339,0.2123,28.265611,1.952004,58173.175667,99.022744,71357.075,893.843778,32414.8,0.0,74503.683667,99.022744,16330.508,0.0,4185.267667,69.750558,101.942673,0.44448,0.0,0.0,0.0,0.0,0.0,0.0
NIPPON_STEEL_JP,Nippon Steel,CAND-7F68777647A3B1,P1,PORT-7F141003EFD9,ACCELERATED_15C,True,True,True,466.428943,100,118.199803,0.548673,118.199803,0.548673,31.172926,2.405738,55131.809333,255.917025,69671.764,897.321785,32414.8,0.0,79229.354333,255.917025,24097.545,0.0,5171.060667,88.180435,84.283171,0.762001,0.0,0.0,0.0,0.0,0.0,0.0
NIPPON_STEEL_JP,Nippon Steel,CAND-505DC50EEE65AA,P2,PORT-93BA44A86FDE,DISCLOSED_PATH,True,True,True,468.703944,100,127.262476,0.472696,127.262476,0.472696,27.398818,1.325297,59648.424667,221.55437,72490.358333,720.834021,31966.0,0.0,76059.761333,221.554945,16411.337,0.0,5636.637333,54.390172,104.48481,0.718926,0.0,0.0,0.0,0.0,0.0,0.0
NIPPON_STEEL_JP,Nippon Steel,CAND-505DC50EEE65AA,P2,PORT-93BA44A86FDE,ACCELERATED_15C,True,True,True,468.703944,100,119.331172,0.587326,119.331172,0.587326,29.916725,0.914067,55930.991,275.282586,69953.078,619.512583,31966.0,0.0,80148.641,275.282586,24217.65,0.0,7354.680333,59.543058,85.414541,0.983004,0.0,0.0,0.0,0.0,0.0,0.0
NIPPON_STEEL_JP,Nippon Steel,CAND-0B64D3C56ED2FD,P1,PORT-93BA44A86FDE,DISCLOSED_PATH,True,True,True,468.703944,100,130.585502,0.571005,130.585502,0.571005,31.744569,1.421539,61205.939667,267.632168,76084.744333,789.161044,31966.0,0.0,77617.276667,267.632168,16411.337,0.0,4155.548,97.418286,107.807836,0.819029,0.0,0.0,0.0,0.0,0.0,0.0
NIPPON_STEEL_JP,Nippon Steel,CAND-0B64D3C56ED2FD,P1,PORT-93BA44A86FDE,ACCELERATED_15C,True,True,True,468.703944,100,124.288436,0.693762,124.288436,0.693762,35.051837,1.072459,58254.480333,325.168825,74683.415,672.266383,31966.0,0.0,82472.130333,325.168825,24217.65,0.0,5133.228667,122.499231,90.371805,1.078229,0.0,0.0,0.0,0.0,0.0,0.0
NIPPON_STEEL_JP,Nippon Steel,CAND-EBFD77804A64A5,P3,PORT-7CA9F3BA0776,DISCLOSED_PATH,True,True,True,473.428944,100,135.042501,0.306433,135.042501,0.306433,22.527987,1.222187,63933.029,145.074503,74598.43,515.089984,34771.0,0.0,80508.053667,145.073933,16575.025,0.0,8720.794667,24.63389,112.264835,0.415507,0.0,0.0,0.0,0.0,0.0,0.0
NIPPON_STEEL_JP,Nippon Steel,CAND-EBFD77804A64A5,P3,PORT-7CA9F3BA0776,ACCELERATED_15C,True,True,True,473.428944,100,125.48118,0.729121,125.48118,0.729121,23.728855,1.447048,59406.423,345.186755,70640.349,460.228115,34771.0,0.0,83869.083333,345.187303,24462.661,0.0,11937.412,35.522207,91.564549,0.806061,0.0,0.0,0.0,0.0,0.0,0.0
NIPPON_STEEL_JP,Nippon Steel,CAND-BF06102F6003FE,P2,PORT-7CA9F3BA0776,DISCLOSED_PATH,True,True,True,473.428944,100,140.386512,0.359677,140.386512,0.359677,28.392822,1.540789,66463.038333,170.281593,79905.022333,643.061982,34771.0,0.0,83038.063,170.281037,16575.025,0.0,6277.554667,62.343262,117.608846,0.434343,0.0,0.0,0.0,0.0,0.0,0.0
NIPPON_STEEL_JP,Nippon Steel,CAND-BF06102F6003FE,P2,PORT-7CA9F3BA0776,ACCELERATED_15C,True,True,True,473.428944,100,133.456353,0.980098,133.456353,0.980098,30.604913,1.873402,63182.100333,464.006284,77671.352333,575.388345,34771.0,0.0,87644.761333,464.006284,24462.661,0.0,8251.49,53.785373,99.539722,1.014223,0.0,0.0,0.0,0.0,0.0,0.0
NIPPON_STEEL_JP,Nippon Steel,CAND-7431CBC596FC03,P1,PORT-7CA9F3BA0776,DISCLOSED_PATH,True,True,True,473.428944,100,144.124003,0.515903,144.124003,0.515903,32.834044,1.787525,68232.474333,244.243302,83777.061667,707.713064,34771.0,0.0,84807.499333,244.243302,16575.025,0.0,4609.042,81.266626,121.346337,0.556058,0.0,0.0,0.0,0.0,0.0,0.0
NIPPON_STEEL_JP,Nippon Steel,CAND-7431CBC596FC03,P1,PORT-7CA9F3BA0776,ACCELERATED_15C,True,True,True,473.428944,100,138.931004,1.209235,138.931004,1.209235,35.95707,2.186339,65773.958667,572.486988,82797.076667,619.409675,34771.0,0.0,90236.619667,572.486988,24462.661,0.0,5721.466,102.734862,105.014373,1.205665,0.0,0.0,0.0,0.0,0.0,0.0
NIPPON_STEEL_JP,Nippon Steel,CAND-FCEB78D7C5F4C6,P1,PORT-7DCD4991144C,DISCLOSED_PATH,True,True,True,313.643967,100,22.781864,0.257538,22.781864,0.257538,8.958214,1.456466,7145.394333,80.775713,9955.084,400.573949,19427.1,0.0,18115.256333,80.775713,10969.862,0.0,1704.198667,27.353152,0.004198,0.007271,0.0,0.0,0.0,0.0,0.0,0.0
NIPPON_STEEL_JP,Nippon Steel,CAND-FCEB78D7C5F4C6,P1,PORT-7DCD4991144C,ACCELERATED_15C,False,False,True,313.643967,100,9.06059,0.272789,9.06059,0.272789,9.515939,1.19175,2841.799333,85.558753,5826.416333,314.218815,19427.1,0.0,18984.812,85.559195,16143.013,0.0,2045.038333,32.823922,-24.856041,0.129162,0.0,0.0,0.0,0.0,0.0,0.0
NIPPON_STEEL_JP,Nippon Steel,CAND-87B9435721978E,P1,PORT-5CFD50239439,DISCLOSED_PATH,True,True,True,321.473932,100,22.875247,0.30865,22.875247,0.30865,9.420544,2.210071,7353.795333,99.223272,10382.255,633.157251,19052.0,0.0,18603.252,99.222695,11249.456,0.0,1678.431,20.025714,0.097581,0.086983,0.0,0.0,0.0,0.0,0.0,0.0
NIPPON_STEEL_JP,Nippon Steel,CAND-87B9435721978E,P1,PORT-5CFD50239439,ACCELERATED_15C,False,False,True,321.473932,100,9.186501,0.4015,9.186501,0.4015,9.88657,2.277804,2953.220667,129.071704,6131.495,671.883047,19052.0,0.0,19485.944333,129.072181,16532.724,0.0,2014.117333,24.030539,-24.73013,0.069692,0.0,0.0,0.0,0.0,0.0,0.0
NIPPON_STEEL_JP,Nippon Steel,CAND-23459FF23C9DCD,P1,PORT-032FE0BDCFB5,DISCLOSED_PATH,True,True,True,326.198932,100,43.794652,0.323959,43.794652,0.323959,12.516197,0.536624,14285.768333,105.675058,18368.539,100.523654,21857.0,0.0,25698.913333,105.675058,11413.144,0.0,2126.675,34.289841,21.016986,0.279258,0.0,0.0,0.0,0.0,0.0,0.0
NIPPON_STEEL_JP,Nippon Steel,CAND-23459FF23C9DCD,P1,PORT-032FE0BDCFB5,ACCELERATED_15C,False,False,True,326.198932,100,31.72345,0.084186,31.72345,0.084186,13.529927,0.136344,10348.155333,27.461095,14761.603,18.828602,21857.0,0.0,27125.89,27.461539,16777.735,0.0,2591.911333,40.837268,-2.193181,0.315755,0.0,0.0,0.0,0.0,0.0,0.0
NIPPON_STEEL_JP,Nippon Steel,CAND-7F997B0F0381A1,P1,PORT-85B082834E97,DISCLOSED_PATH,True,True,True,318.368967,100,44.12542,0.593837,44.12542,0.593837,12.930233,0.557387,14048.164333,189.059033,18164.749333,78.955282,22232.1,0.0,25181.714667,189.059445,11133.55,0.0,2157.169,27.436843,21.347754,0.384798,0.0,0.0,0.0,0.0,0.0,0.0
NIPPON_STEEL_JP,Nippon Steel,CAND-7F997B0F0381A1,P1,PORT-85B082834E97,ACCELERATED_15C,False,False,True,318.368967,100,31.950856,0.267914,31.950856,0.267914,14.465395,0.338295,10172.161,85.29513,14777.493333,98.832132,22232.1,0.0,26560.184333,85.29564,16388.024,0.0,2629.024,32.006118,-1.965776,0.149367,0.0,0.0,0.0,0.0,0.0,0.0
NIPPON_STEEL_JP,Nippon Steel,CAND-9EF16DBB46004F,P1,PORT-833EEC5002A6,DISCLOSED_PATH,True,True,True,369.073938,100,50.253179,0.19382,50.253179,0.19382,14.608904,1.991534,18547.138667,71.533847,23938.904667,693.615121,23556.5,0.0,31459.307667,71.533847,12912.169,0.0,2474.025667,3.949589,27.475513,0.143512,0.0,0.0,0.0,0.0,0.0,0.0
NIPPON_STEEL_JP,Nippon Steel,CAND-9EF16DBB46004F,P1,PORT-833EEC5002A6,ACCELERATED_15C,False,False,True,369.073938,100,38.487835,0.245893,38.487835,0.245893,16.138515,2.210768,14204.856667,90.752436,20161.162333,730.771042,23556.5,0.0,33220.366667,90.752436,19015.51,0.0,3007.555333,5.609848,4.571204,0.153774,0.0,0.0,0.0,0.0,0.0,0.0
NIPPON_STEEL_JP,Nippon Steel,CAND-BF076556907246,P1,PORT-10D90F59290D,DISCLOSED_PATH,True,True,True,361.243973,100,50.624673,0.729544,50.624673,0.729544,15.586236,2.104844,18287.858,263.543526,23918.291667,579.664613,23931.6,0.0,30920.432667,263.542968,12632.575,0.0,2474.422667,23.635648,27.847007,0.767714,0.0,0.0,0.0,0.0,0.0,0.0
NIPPON_STEEL_JP,Nippon Steel,CAND-BF076556907246,P1,PORT-10D90F59290D,ACCELERATED_15C,False,False,True,361.243973,100,38.993305,0.421131,38.993305,0.421131,16.754282,1.755085,14086.096333,152.131372,20138.479667,538.244224,23931.6,0.0,32711.895,152.130821,18625.799,0.0,3009.394333,32.065475,5.076673,0.563863,0.0,0.0,0.0,0.0,0.0,0.0
NIPPON_STEEL_JP,Nippon Steel,CAND-E6E6E810AB390A,P1,PORT-20A3A9F442CD,DISCLOSED_PATH,True,True,True,341.668938,100,51.220176,0.301045,51.220176,0.301045,15.071382,1.386596,17500.343,102.8579,22649.766333,507.255662,20999.0,0.0,29463.122667,102.857491,11962.779,0.0,2081.129,20.198343,28.44251,0.402886,0.0,0.0,0.0,0.0,0.0,0.0
NIPPON_STEEL_JP,Nippon Steel,CAND-E6E6E810AB390A,P1,PORT-20A3A9F442CD,ACCELERATED_15C,False,False,True,341.668938,100,39.666949,0.243161,39.666949,0.243161,16.568312,1.915586,13552.964333,83.080647,19213.842,608.686129,20999.0,0.0,31147.410667,83.080166,17594.446,0.0,2537.142667,25.012398,5.750317,0.273082,0.0,0.0,0.0,0.0,0.0,0.0
NIPPON_STEEL_JP,Nippon Steel,CAND-D5FFDB7EE708DF,P1,PORT-FFBC6AEA16BA,DISCLOSED_PATH,True,True,True,333.838973,100,51.730461,0.535448,51.730461,0.535448,15.945861,2.026413,17269.644,178.753436,22592.994,549.540012,21374.1,0.0,28952.829,178.753436,11683.185,0.0,2103.171667,45.603846,28.952795,0.589065,0.0,0.0,0.0,0.0,0.0,0.0
NIPPON_STEEL_JP,Nippon Steel,CAND-D5FFDB7EE708DF,P1,PORT-FFBC6AEA16BA,ACCELERATED_15C,False,False,True,333.838973,100,39.955137,0.635921,39.955137,0.635921,17.590874,1.666116,13338.582,212.295218,19211.101333,459.624029,21374.1,0.0,30543.317,212.295218,17204.735,0.0,2560.564667,54.296263,6.038506,0.840157,0.0,0.0,0.0,0.0,0.0,0.0
NIPPON_STEEL_JP,Nippon Steel,CAND-7C97E5CB4322B2,P3,PORT-A38E7AB93504,DISCLOSED_PATH,True,True,True,373.798938,100,64.542734,0.443968,64.542734,0.443968,13.673057,0.941619,24126.005667,165.954847,29236.979667,186.984279,26361.5,0.0,37201.862,165.954713,13075.857,0.0,4150.510667,24.285483,41.765068,0.61589,0.0,0.0,0.0,0.0,0.0,0.0
NIPPON_STEEL_JP,Nippon Steel,CAND-7C97E5CB4322B2,P3,PORT-A38E7AB93504,ACCELERATED_15C,False,False,True,373.798938,100,52.728214,0.469836,52.728214,0.469836,14.472786,0.964665,19709.750333,175.62425,25119.662333,192.498304,26361.5,0.0,38970.271333,175.62425,19260.521,0.0,5361.783667,35.344436,18.811582,0.710727,0.0,0.0,0.0,0.0,0.0,0.0
NIPPON_STEEL_JP,Nippon Steel,CAND-D42C7F372720F7,P3,PORT-92BAA222AC4A,DISCLOSED_PATH,True,True,True,365.968973,100,65.408301,0.57668,65.408301,0.57668,13.994897,1.58606,23937.409,211.046755,29059.107,380.779532,26736.6,0.0,36733.671,211.046755,12796.263,0.0,4155.249333,43.246281,42.630635,0.63725,0.0,0.0,0.0,0.0,0.0,0.0
NIPPON_STEEL_JP,Nippon Steel,CAND-D42C7F372720F7,P3,PORT-92BAA222AC4A,ACCELERATED_15C,False,False,True,365.968973,100,53.474288,0.48384,53.474288,0.48384,14.994035,1.367381,19569.930333,177.07041,25057.281333,330.659953,26736.6,0.0,38440.739667,177.070354,18870.81,0.0,5382.138667,39.238113,19.557656,0.57057,0.0,0.0,0.0,0.0,0.0,0.0
NIPPON_STEEL_JP,Nippon Steel,CAND-67842A89ECECE4,P2,PORT-A38E7AB93504,DISCLOSED_PATH,True,True,True,373.798938,100,66.530762,0.552886,66.530762,0.552886,17.178584,1.157053,24869.128,206.668207,31290.464667,226.784512,26361.5,0.0,37944.984667,206.668352,13075.857,0.0,3418.724667,10.971574,43.753096,0.71513,0.0,0.0,0.0,0.0,0.0,0.0
NIPPON_STEEL_JP,Nippon Steel,CAND-67842A89ECECE4,P2,PORT-A38E7AB93504,ACCELERATED_15C,False,False,True,373.798938,100,55.662093,0.610339,55.662093,0.610339,18.436803,1.343297,20806.431,228.14428,27698.088667,280.960042,26361.5,0.0,40066.952,228.14428,19260.521,0.0,4295.404667,9.561843,21.745461,0.814547,0.0,0.0,0.0,0.0,0.0,0.0
NIPPON_STEEL_JP,Nippon Steel,CAND-59D7A6AFC21669,P2,PORT-9961527CE1F4,DISCLOSED_PATH,True,True,True,407.153943,100,67.744607,0.404614,67.744607,0.404614,15.928083,1.021681,27582.483667,164.740513,34067.665667,571.184016,24843.5,0.0,41840.471667,164.740513,14257.988,0.0,3392.676667,7.139167,44.966941,0.591978,0.0,0.0,0.0,0.0,0.0,0.0
NIPPON_STEEL_JP,Nippon Steel,CAND-59D7A6AFC21669,P2,PORT-9961527CE1F4,ACCELERATED_15C,False,False,True,407.153943,100,56.661771,0.574903,56.661771,0.574903,17.406451,0.706354,23070.063333,234.073731,30157.168333,521.665001,24843.5,0.0,44079.409,234.074235,21009.345,0.0,4268.887333,11.750526,22.74514,0.77958,0.0,0.0,0.0,0.0,0.0,0.0
NIPPON_STEEL_JP,Nippon Steel,CAND-73FBF939F237E6,P2,PORT-92BAA222AC4A,DISCLOSED_PATH,True,True,True,365.968973,100,67.434391,0.687298,67.434391,0.687298,17.586719,1.9324,24678.895,251.530009,31115.088333,472.931317,26736.6,0.0,37475.157333,251.529876,12796.263,0.0,3422.639333,21.354575,44.656725,0.720524,0.0,0.0,0.0,0.0,0.0,0.0
NIPPON_STEEL_JP,Nippon Steel,CAND-73FBF939F237E6,P2,PORT-92BAA222AC4A,ACCELERATED_15C,False,False,True,365.968973,100,56.432888,0.6871,56.432888,0.6871,19.108618,1.909717,20652.686333,251.457264,27645.847333,448.637184,26736.6,0.0,39523.496333,251.457264,18870.81,0.0,4295.215333,32.396717,22.516257,0.807218,0.0,0.0,0.0,0.0,0.0,0.0
NIPPON_STEEL_JP,Nippon Steel,CAND-E305EEE782C913,P1,PORT-A38E7AB93504,DISCLOSED_PATH,True,True,True,373.798938,100,68.042488,0.631925,68.042488,0.631925,19.871993,1.199031,25434.209667,236.21278,32862.339667,218.467957,26361.5,0.0,38510.066333,236.21289,13075.857,0.0,2915.572333,5.526634,45.264822,0.801143,0.0,0.0,0.0,0.0,0.0,0.0
NIPPON_STEEL_JP,Nippon Steel,CAND-E305EEE782C913,P1,PORT-A38E7AB93504,ACCELERATED_15C,False,False,True,373.798938,100,57.719768,0.669776,57.719768,0.669776,21.582723,1.618808,21575.587667,250.361706,29643.187,363.652932,26361.5,0.0,40836.108667,250.361706,19260.521,0.0,3574.555,6.78997,23.803137,0.843561,0.0,0.0,0.0,0.0,0.0,0.0
NIPPON_STEEL_JP,Nippon Steel,CAND-B22DEBDE0F4599,P1,PORT-9961527CE1F4,DISCLOSED_PATH,True,True,True,407.153943,100,69.269523,0.489365,69.269523,0.489365,18.622507,1.140874,28203.359667,199.246787,35785.586667,646.757984,24843.5,0.0,42461.347333,199.246988,14257.988,0.0,2811.655333,51.501079,46.491857,0.677555,0.0,0.0,0.0,0.0,0.0,0.0
NIPPON_STEEL_JP,Nippon Steel,CAND-B22DEBDE0F4599,P1,PORT-9961527CE1F4,ACCELERATED_15C,False,False,True,407.153943,100,58.909112,0.644084,58.909112,0.644084,20.384952,0.856746,23985.077333,262.241018,32284.891,609.118272,24843.5,0.0,44994.422667,262.241495,21009.345,0.0,3429.250667,64.62227,24.992481,0.823017,0.0,0.0,0.0,0.0,0.0,0.0
NIPPON_STEEL_JP,Nippon Steel,CAND-62B732F24FF616,P1,PORT-92BAA222AC4A,DISCLOSED_PATH,True,True,True,365.968973,100,68.937709,0.76368,68.937709,0.76368,20.432389,1.981829,25229.062667,279.482903,32706.682667,470.605755,26736.6,0.0,38025.325,279.483429,12796.263,0.0,2919.435333,12.295844,46.160043,0.758698,0.0,0.0,0.0,0.0,0.0,0.0
NIPPON_STEEL_JP,Nippon Steel,CAND-62B732F24FF616,P1,PORT-92BAA222AC4A,ACCELERATED_15C,False,False,True,365.968973,100,58.6373,0.844008,58.6373,0.844008,22.349866,2.128957,21459.432333,308.880524,29638.789667,470.288683,26736.6,0.0,40330.242,308.880709,18870.81,0.0,3580.869333,19.444314,24.720668,0.951871,0.0,0.0,0.0,0.0,0.0,0.0
NIPPON_STEEL_JP,Nippon Steel,CAND-54996F21D43414,P2,PORT-4025A7B6BA3A,DISCLOSED_PATH,True,True,True,379.748943,100,69.740533,0.172147,69.740533,0.172147,16.529034,1.763518,26483.893667,65.372746,32760.776667,666.760928,22286.0,0.0,39792.491667,65.372746,13308.598,0.0,3013.72,12.389121,46.962867,0.416895,0.0,0.0,0.0,0.0,0.0,0.0
NIPPON_STEEL_JP,Nippon Steel,CAND-54996F21D43414,P2,PORT-4025A7B6BA3A,ACCELERATED_15C,False,False,True,379.748943,100,58.996014,0.293182,58.996014,0.293182,17.915138,1.561285,22403.673667,111.335256,29206.928667,643.496048,22286.0,0.0,41991.955667,111.335256,19588.282,0.0,3813.527,20.36278,25.079382,0.374927,0.0,0.0,0.0,0.0,0.0,0.0
NIPPON_STEEL_JP,Nippon Steel,CAND-0CCB31C64DEB2F,P1,PORT-4025A7B6BA3A,DISCLOSED_PATH,True,True,True,379.748943,100,71.434252,0.096513,71.434252,0.096513,19.160927,2.039965,27127.081667,36.650611,34403.423333,770.014643,22286.0,0.0,40435.679667,36.650611,13308.598,0.0,2437.568667,30.548355,48.656586,0.340098,0.0,0.0,0.0,0.0,0.0,0.0
NIPPON_STEEL_JP,Nippon Steel,CAND-0CCB31C64DEB2F,P1,PORT-4025A7B6BA3A,ACCELERATED_15C,False,False,True,379.748943,100,61.407797,0.381602,61.407797,0.381602,20.969329,1.892187,23319.546333,144.913046,31282.626667,755.780455,22286.0,0.0,42907.828333,144.913046,19588.282,0.0,2982.266,36.333828,27.491166,0.345056,0.0,0.0,0.0,0.0,0.0,0.0
NIPPON_STEEL_JP,Nippon Steel,CAND-43ED54F71B5B31,P2,PORT-00A7244DC13E,DISCLOSED_PATH,True,True,True,366.843974,100,72.550991,0.385543,72.550991,0.385543,17.65347,1.826267,26614.893667,141.433821,33090.963,693.056876,24604.8,0.0,39445.382667,141.433821,12830.489,0.0,3232.292333,24.912635,49.773325,0.644671,0.0,0.0,0.0,0.0,0.0,0.0
NIPPON_STEEL_JP,Nippon Steel,CAND-43ED54F71B5B31,P2,PORT-00A7244DC13E,ACCELERATED_15C,False,False,True,366.843974,100,61.604561,0.332204,61.604561,0.332204,19.17613,1.419569,22599.262,121.866829,29633.91,611.119862,24604.8,0.0,41518.271667,121.86709,18919.01,0.0,4079.376333,22.485135,27.68793,0.685654,0.0,0.0,0.0,0.0,0.0,0.0
NIPPON_STEEL_JP,Nippon Steel,CAND-450CB289C8C9D2,P1,PORT-00A7244DC13E,DISCLOSED_PATH,True,True,True,366.843974,100,74.308161,0.361223,74.308161,0.361223,20.449347,2.064682,27259.501,132.512386,34761.220667,788.257202,24604.8,0.0,40089.990333,132.51282,12830.489,0.0,2655.92,44.987359,51.530495,0.620239,0.0,0.0,0.0,0.0,0.0,0.0
NIPPON_STEEL_JP,Nippon Steel,CAND-450CB289C8C9D2,P1,PORT-00A7244DC13E,ACCELERATED_15C,False,False,True,366.843974,100,64.078835,0.264832,64.078835,0.264832,22.391444,1.696897,23506.934667,97.152352,31721.101,699.060674,24604.8,0.0,42425.944333,97.151775,18919.01,0.0,3242.275333,51.465739,30.162204,0.618725,0.0,0.0,0.0,0.0,0.0,0.0
NIPPON_STEEL_JP,Nippon Steel,CAND-0E307C2CAB5D7A,P2,PORT-792EEE640306,DISCLOSED_PATH,True,True,True,339.438974,100,75.352643,0.123696,75.352643,0.123696,17.979444,1.878841,25577.624,41.987205,31680.548333,658.329251,22047.3,0.0,37458.723667,41.987125,11881.1,0.0,2858.570333,9.857718,52.574977,0.382444,0.0,0.0,0.0,0.0,0.0,0.0
NIPPON_STEEL_JP,Nippon Steel,CAND-0E307C2CAB5D7A,P2,PORT-792EEE640306,ACCELERATED_15C,False,False,True,339.438974,100,64.733972,0.357403,64.733972,0.357403,19.512143,1.388499,21973.233,121.316591,28596.415,583.195268,22047.3,0.0,39471.179333,121.316332,17497.946,0.0,3640.798667,17.897999,30.81734,0.692823,0.0,0.0,0.0,0.0,0.0,0.0
NIPPON_STEEL_JP,Nippon Steel,CAND-BB1980A1B6CB5D,P1,PORT-0650AB6C64AE,DISCLOSED_PATH,True,True,True,408.503937,100,76.140256,0.231941,76.140256,0.231941,18.96275,0.172086,31103.594,94.7486,38849.952333,89.755486,24432.1,0.0,45409.788,94.7486,14306.193,0.0,2775.348667,56.076752,53.36259,0.45374,0.0,0.0,0.0,0.0,0.0,0.0
NIPPON_STEEL_JP,Nippon Steel,CAND-BB1980A1B6CB5D,P1,PORT-0650AB6C64AE,ACCELERATED_15C,False,False,True,408.503937,100,66.020604,0.341182,66.020604,0.341182,20.737108,0.285451,26969.676333,139.374254,35440.866667,170.908181,24432.1,0.0,48046.213333,139.374254,21076.537,0.0,3385.414667,68.310458,32.103972,0.373419,0.0,0.0,0.0,0.0,0.0,0.0
NIPPON_STEEL_JP,Nippon Steel,CAND-51563CC4DFE733,P1,PORT-792EEE640306,DISCLOSED_PATH,True,True,True,339.438974,100,77.231874,0.108999,77.231874,0.108999,20.81281,2.179995,26215.508,36.998842,33280.187,756.719797,22047.3,0.0,38096.607667,36.998725,11881.1,0.0,2276.5,29.706256,54.454208,0.368094,0.0,0.0,0.0,0.0,0.0,0.0
NIPPON_STEEL_JP,Nippon Steel,CAND-51563CC4DFE733,P1,PORT-792EEE640306,ACCELERATED_15C,False,False,True,339.438974,100,67.373973,0.401843,67.373973,0.401843,22.806243,1.581365,22869.352,136.401215,30610.679667,671.023708,22047.3,0.0,40367.298333,136.400812,17497.946,0.0,2786.690667,40.237949,33.457342,0.698784,0.0,0.0,0.0,0.0,0.0,0.0
NIPPON_STEEL_JP,Nippon Steel,CAND-478F19D65CB3E6,P2,PORT-760BEDA2ECE0,DISCLOSED_PATH,True,True,True,326.243969,100,78.092221,0.334986,78.092221,0.334986,18.388455,1.825838,25477.116333,109.286946,31476.238667,629.543381,22456.5,0.0,36889.409333,109.286946,11412.293,0.0,2873.278333,4.808151,55.314555,0.593891,0.0,0.0,0.0,0.0,0.0,0.0
NIPPON_STEEL_JP,Nippon Steel,CAND-478F19D65CB3E6,P2,PORT-760BEDA2ECE0,ACCELERATED_15C,False,False,True,326.243969,100,67.673732,0.352304,67.673732,0.352304,19.865438,1.447503,22078.146667,114.93684,28559.126,579.341337,22456.5,0.0,38879.486333,114.937045,16801.339,0.0,3660.361667,4.186151,33.7571,0.672016,0.0,0.0,0.0,0.0,0.0,0.0
NIPPON_STEEL_JP,Nippon Steel,CAND-97FAAFFD87E907,P1,PORT-160DD6C4A97F,DISCLOSED_PATH,False,True,False,442.153947,100,46.101577,0.175375,46.101577,0.175375,14.141763,1.821611,20383.994333,77.543042,26636.830667,728.123186,26318.6,0.0,35862.263333,77.543042,15478.269,0.0,2982.353667,42.938342,23.323911,0.103766,0.0,0.0,0.0,0.0,0.0,0.0
NIPPON_STEEL_JP,Nippon Steel,CAND-97FAAFFD87E907,P1,PORT-160DD6C4A97F,ACCELERATED_15C,True,True,True,442.153947,100,33.916631,0.39961,33.916631,0.39961,15.719724,2.123742,14996.372667,176.688696,21946.910333,770.479803,26318.6,0.0,37830.177333,176.689109,22833.805,0.0,3618.988333,49.774713,0.0,0.0,0.0,0.0,0.0,0.0,0.0,0.0
NIPPON_STEEL_JP,Nippon Steel,CAND-32B1C4DEC95227,P3,PORT-0ACD636A8AEE,DISCLOSED_PATH,False,True,False,446.878947,100,58.100476,0.263132,58.100476,0.263132,12.716408,0.752989,25963.879667,117.588196,31646.574667,307.201615,29123.6,0.0,41605.836,117.58764,15641.957,0.0,4693.534,11.919369,35.32281,0.501594,0.0,0.0,0.0,0.0,0.0,0.0
NIPPON_STEEL_JP,Nippon Steel,CAND-32B1C4DEC95227,P3,PORT-0ACD636A8AEE,ACCELERATED_15C,True,True,True,446.878947,100,45.973496,0.20422,45.973496,0.20422,13.478883,0.799103,20544.587333,91.261776,26568.016333,314.716167,29123.6,0.0,43623.403,91.262168,23078.816,0.0,5978.032,22.546904,12.056864,0.52478,0.0,0.0,0.0,0.0,0.0,0.0
NIPPON_STEEL_JP,Nippon Steel,CAND-2E3E235F5F3F44,P2,PORT-0ACD636A8AEE,DISCLOSED_PATH,False,True,False,446.878947,100,59.824779,0.335243,59.824779,0.335243,15.938376,0.933421,26734.434333,149.813117,33856.959,377.262594,29123.6,0.0,42376.391,149.812994,15641.957,0.0,3941.727,32.487826,37.047113,0.568344,0.0,0.0,0.0,0.0,0.0,0.0
NIPPON_STEEL_JP,Nippon Steel,CAND-2E3E235F5F3F44,P2,PORT-0ACD636A8AEE,ACCELERATED_15C,True,True,True,446.878947,100,48.489662,0.300479,48.489662,0.300479,17.019397,1.001732,21669.009333,134.277519,29274.619,394.770932,29123.6,0.0,44747.825,134.277585,23078.816,0.0,4926.934333,23.831301,14.573031,0.629971,0.0,0.0,0.0,0.0,0.0,0.0
NIPPON_STEEL_JP,Nippon Steel,CAND-8A32EE77ABBE07,P1,PORT-0ACD636A8AEE,DISCLOSED_PATH,False,True,False,446.878947,100,61.076025,0.336825,61.076025,0.336825,18.539117,1.05145,27293.589667,150.520389,35578.330667,419.485348,29123.6,0.0,42935.546333,150.519875,15641.957,0.0,3422.337667,33.987613,38.298359,0.542144,0.0,0.0,0.0,0.0,0.0,0.0
NIPPON_STEEL_JP,Nippon Steel,CAND-8A32EE77ABBE07,P1,PORT-0ACD636A8AEE,ACCELERATED_15C,True,True,True,446.878947,100,50.242714,0.343303,50.242714,0.343303,19.907029,1.274531,22452.411333,153.415087,31348.443667,485.44386,29123.6,0.0,45531.227,153.41452,23078.816,0.0,4188.099333,43.111385,16.326083,0.627715,0.0,0.0,0.0,0.0,0.0,0.0
NIPPON_STEEL_JP,Nippon Steel,CAND-0902F4B4859A1C,P2,PORT-1411E33E415A,DISCLOSED_PATH,False,True,False,447.753948,100,64.201994,0.563051,64.201994,0.563051,15.541565,1.095618,28746.696333,252.108221,35705.493333,736.316495,26991.8,0.0,44422.88,252.108611,15676.183,0.0,3745.449667,37.316667,41.424328,0.740078,0.0,0.0,0.0,0.0,0.0,0.0
NIPPON_STEEL_JP,Nippon Steel,CAND-0902F4B4859A1C,P2,PORT-1411E33E415A,ACCELERATED_15C,True,True,True,447.753948,100,52.731553,0.629465,52.731553,0.629465,17.095592,0.846626,23610.761333,281.845378,31265.38,660.249663,26991.8,0.0,46737.777333,281.845378,23127.016,0.0,4694.029667,52.789526,18.814922,0.868032,0.0,0.0,0.0,0.0,0.0,0.0
NIPPON_STEEL_JP,Nippon Steel,CAND-009A19D2863AA5,P1,PORT-1411E33E415A,DISCLOSED_PATH,False,True,False,447.753948,100,65.645045,0.681043,65.645045,0.681043,18.170167,1.181257,29392.828,304.93955,37528.592,827.707387,26991.8,0.0,45069.011333,304.939137,15676.183,0.0,3151.344667,81.071564,42.867379,0.844094,0.0,0.0,0.0,0.0,0.0,0.0
NIPPON_STEEL_JP,Nippon Steel,CAND-009A19D2863AA5,P1,PORT-1411E33E415A,ACCELERATED_15C,True,True,True,447.753948,100,54.789053,0.65146,54.789053,0.65146,20.088492,1.050796,24532.014667,291.693667,33526.716333,762.078324,26991.8,0.0,47659.030667,291.693667,23127.016,0.0,3836.868,94.815379,20.872421,0.863882,0.0,0.0,0.0,0.0,0.0,0.0
NIPPON_STEEL_JP,Nippon Steel,CAND-BE3632C0C6EBCB,P1,PORT-28AC80454322,DISCLOSED_PATH,False,True,False,449.103942,100,71.816423,0.226139,71.816423,0.226139,17.82236,0.413972,32253.038333,101.559638,40257.130667,84.438505,26580.4,0.0,47977.428,101.55977,15724.389,0.0,3126.486,43.248585,49.038757,0.033009,0.0,0.0,0.0,0.0,0.0,0.0
NIPPON_STEEL_JP,Nippon Steel,CAND-BE3632C0C6EBCB,P1,PORT-28AC80454322,ACCELERATED_15C,True,True,True,449.103942,100,61.369884,0.442757,61.369884,0.442757,19.799022,0.725317,27561.456667,198.8434,36453.275667,140.988786,26580.4,0.0,50755.664333,198.843942,23194.208,0.0,3804.719333,51.017676,27.453253,0.451724,0.0,0.0,0.0,0.0,0.0,0.0
NIPPON_STEEL_JP,Nippon Steel,CAND-4C03DDE7A8F948,P3,PORT-42FD0857B83C,DISCLOSED_PATH,False,True,False,452.478948,100,75.715684,0.211458,75.715684,0.211458,14.179936,0.505603,34259.753,95.680061,40675.875667,254.994435,29796.8,0.0,50099.624333,95.680245,15839.871,0.0,5520.517667,24.387378,52.938018,0.328492,0.0,0.0,0.0,0.0,0.0,0.0
NIPPON_STEEL_JP,Nippon Steel,CAND-4C03DDE7A8F948,P3,PORT-42FD0857B83C,ACCELERATED_15C,True,True,True,452.478948,100,64.205283,0.175327,64.205283,0.175327,15.2349,0.414021,29051.539,79.331857,35945.010333,167.029587,29796.8,0.0,52423.566,79.331857,23372.027,0.0,7209.310333,37.159017,30.288652,0.377641,0.0,0.0,0.0,0.0,0.0,0.0
NIPPON_STEEL_JP,Nippon Steel,CAND-91BB5A02A7A61F,P2,PORT-42FD0857B83C,DISCLOSED_PATH,False,True,False,452.478948,100,78.41299,0.230692,78.41299,0.230692,17.787069,0.583284,35480.227,104.382717,43528.501333,312.379628,29796.8,0.0,51320.098667,104.383252,15839.871,0.0,4374.315333,28.58289,55.635324,0.371326,0.0,0.0,0.0,0.0,0.0,0.0
NIPPON_STEEL_JP,Nippon Steel,CAND-91BB5A02A7A61F,P2,PORT-42FD0857B83C,ACCELERATED_15C,True,True,True,452.478948,100,68.010184,0.409893,68.010184,0.409893,19.445183,0.701381,30773.176667,185.467915,39571.712,231.620801,29796.8,0.0,54145.203667,185.467915,23372.027,0.0,5545.142667,40.178538,34.093552,0.426125,0.0,0.0,0.0,0.0,0.0,0.0
NIPPON_STEEL_JP,Nippon Steel,CAND-C0EAED81BD41EE,P1,PORT-42FD0857B83C,DISCLOSED_PATH,False,True,False,452.478948,100,80.3459,0.256905,80.3459,0.256905,20.68092,0.482294,36354.828333,116.243918,45712.509,315.722039,29796.8,0.0,52194.699333,116.243918,15839.871,0.0,3605.746333,56.94879,57.568234,0.449148,0.0,0.0,0.0,0.0,0.0,0.0
NIPPON_STEEL_JP,Nippon Steel,CAND-C0EAED81BD41EE,P1,PORT-42FD0857B83C,ACCELERATED_15C,True,True,True,452.478948,100,70.69339,0.522484,70.69339,0.522484,22.82762,0.852957,31987.270667,236.412763,42316.288,263.148076,29796.8,0.0,55359.297333,236.412609,23372.027,0.0,4418.784,65.253577,36.776758,0.480603,0.0,0.0,0.0,0.0,0.0,0.0
NIPPON_STEEL_JP,Nippon Steel,CAND-61C6F8AE75933E,P3,PORT-3391EE4132D6,DISCLOSED_PATH,False,True,False,453.828942,100,81.224432,0.146293,81.224432,0.146293,14.101462,0.801448,36861.998333,66.39224,43261.649667,341.72705,29385.4,0.0,52750.075333,66.39224,15888.077,0.0,5719.645667,21.874453,58.446766,0.197471,0.0,0.0,0.0,0.0,0.0,0.0
NIPPON_STEEL_JP,Nippon Steel,CAND-61C6F8AE75933E,P3,PORT-3391EE4132D6,ACCELERATED_15C,True,True,True,453.828942,100,69.51946,0.16465,69.51946,0.16465,15.256406,0.809997,31549.942667,74.723231,38473.741333,317.786999,29385.4,0.0,54989.161667,74.723231,23439.219,0.0,7520.025667,40.981813,35.602828,0.317509,0.0,0.0,0.0,0.0,0.0,0.0
NIPPON_STEEL_JP,Nippon Steel,CAND-45605758418B60,P2,PORT-3391EE4132D6,DISCLOSED_PATH,False,True,False,453.828942,100,84.148783,0.155275,84.148783,0.155275,17.682219,1.021652,38189.152667,70.468086,46213.855333,418.7339,29385.4,0.0,54077.230333,70.46849,15888.077,0.0,4456.840667,15.411625,61.371117,0.149219,0.0,0.0,0.0,0.0,0.0,0.0
NIPPON_STEEL_JP,Nippon Steel,CAND-45605758418B60,P2,PORT-3391EE4132D6,ACCELERATED_15C,True,True,True,453.828942,100,73.774554,0.130699,73.774554,0.130699,19.470897,0.904633,33481.027667,59.31521,42317.484333,358.661153,29385.4,0.0,56920.246,59.315038,23439.219,0.0,5660.119333,32.938479,39.857922,0.291359,0.0,0.0,0.0,0.0,0.0,0.0
NIPPON_STEEL_JP,Nippon Steel,CAND-185224D49A1B91,P1,PORT-3391EE4132D6,DISCLOSED_PATH,False,True,False,453.828942,100,86.188838,0.154272,86.188838,0.154272,20.589003,1.133717,39114.989333,70.01346,48458.874667,446.402817,29385.4,0.0,55003.066667,70.01303,15888.077,0.0,3575.793,41.736972,63.411172,0.105008,0.0,0.0,0.0,0.0,0.0,0.0
NIPPON_STEEL_JP,Nippon Steel,CAND-185224D49A1B91,P1,PORT-3391EE4132D6,ACCELERATED_15C,True,True,True,453.828942,100,76.773394,0.155985,76.773394,0.155985,22.921751,0.962383,34841.988333,70.790199,45244.542333,376.264953,29385.4,0.0,58281.206667,70.79058,23439.219,0.0,4386.142333,49.563758,42.856763,0.281849,0.0,0.0,0.0,0.0,0.0,0.0
NIPPON_STEEL_JP,Nippon Steel,CAND-1FF01FDB28F13A,P4,PORT-D74D023C0D05,DISCLOSED_PATH,False,True,False,521.418946,100,95.715852,0.072846,95.715852,0.072846,13.040742,0.98516,49908.058667,37.983506,56707.748667,551.36171,32153.0,0.0,68139.045667,37.983506,18230.987,0.0,9321.003667,7.924738,72.938186,0.324117,0.0,0.0,0.0,0.0,0.0,0.0
NIPPON_STEEL_JP,Nippon Steel,CAND-1FF01FDB28F13A,P4,PORT-D74D023C0D05,ACCELERATED_15C,True,True,True,521.418946,100,83.535913,0.099052,83.535913,0.099052,13.546778,0.876592,43557.207667,51.648087,50620.754333,416.201786,32153.0,0.0,70365.750667,51.648087,26808.543,0.0,12745.774333,25.95152,49.619282,0.396167,0.0,0.0,0.0,0.0,0.0,0.0
NIPPON_STEEL_JP,Nippon Steel,CAND-CDFE2587E5584F,P4,PORT-34AD95AD1263,DISCLOSED_PATH,False,True,False,522.518939,100,100.127928,0.052806,100.127928,0.052806,12.437733,0.411765,52318.738667,27.591966,58817.689667,242.537555,31741.6,0.0,70588.195333,27.592053,18269.457,0.0,9662.099,33.137606,77.350262,0.308713,0.0,0.0,0.0,0.0,0.0,0.0
NIPPON_STEEL_JP,Nippon Steel,CAND-CDFE2587E5584F,P4,PORT-34AD95AD1263,ACCELERATED_15C,True,True,True,522.518939,100,87.58729,0.22708,87.58729,0.22708,12.826898,0.575228,45766.018,118.653538,52468.314667,290.595978,31741.6,0.0,72625.751,118.653538,26859.733,0.0,13325.970333,69.589092,53.670659,0.481454,0.0,0.0,0.0,0.0,0.0,0.0
NIPPON_STEEL_JP,Nippon Steel,CAND-004C84C918F9F0,P2,PORT-7DC6DDA55D96,DISCLOSED_PATH,False,False,True,209.368973,100,98.641734,1.785379,98.641734,1.785379,24.5524,3.444953,20652.518667,373.802944,25793.029667,591.287911,23326.6,0.0,27974.409667,373.802944,7321.891,0.0,2528.287667,35.54522,75.864068,2.043936,0.0,0.0,0.0,0.0,0.0,0.0
NIPPON_STEEL_JP,Nippon Steel,CAND-004C84C918F9F0,P2,PORT-7DC6DDA55D96,ACCELERATED_15C,False,False,True,209.368973,100,88.632613,1.782854,88.632613,1.782854,26.023942,3.019749,18556.919333,373.274288,24005.525333,625.019906,23326.6,0.0,29444.433333,373.274288,10887.514,0.0,3249.507333,41.558402,54.715981,2.176964,0.0,0.0,0.0,0.0,0.0,0.0
NIPPON_STEEL_JP,Nippon Steel,CAND-005FE12044C08C,P2,PORT-91584DA203D9,DISCLOSED_PATH,False,False,True,223.148943,100,99.932162,1.545081,99.932162,1.545081,23.276108,1.001912,22299.756333,344.782853,27493.795333,512.774392,18876.0,0.0,30133.982333,344.782853,7834.226,0.0,2147.784,46.748554,77.154496,1.772874,0.0,0.0,0.0,0.0,0.0,0.0
NIPPON_STEEL_JP,Nippon Steel,CAND-005FE12044C08C,P2,PORT-91584DA203D9,ACCELERATED_15C,False,False,True,223.148943,100,90.700571,1.706444,90.700571,1.706444,24.974255,0.948363,20239.736667,380.791264,25812.715,371.820423,18876.0,0.0,31844.723333,380.790708,11604.987,0.0,2782.907,37.869238,56.78394,2.066583,0.0,0.0,0.0,0.0,0.0,0.0
JFE_STEEL_JP,JFE Steel,CAND-E8FAD9BDD034A5,P3,PORT-51A2628EF9C2,DISCLOSED_PATH,True,True,True,328.220861,100,125.620693,0.407766,125.620693,0.407766,22.957375,1.331984,41231.332,133.837377,48766.421333,382.161195,20429.2,0.0,52732.033,133.837377,11500.701,0.0,5479.892333,29.786633,15.734609,0.604132,0.0,0.0,0.0,0.0,0.0,0.0
JFE_STEEL_JP,JFE Steel,CAND-E8FAD9BDD034A5,P3,PORT-51A2628EF9C2,ACCELERATED_15C,True,True,True,328.220861,100,115.94547,0.708952,115.94547,0.708952,24.20928,1.28416,38055.722333,232.693004,46001.712667,253.612645,20429.2,0.0,55016.306333,232.693004,16960.584,0.0,7499.675667,51.841919,26.902631,1.089219,0.0,0.0,0.0,0.0,0.0,0.0
JFE_STEEL_JP,JFE Steel,CAND-F4B6AD5FB08D71,P2,PORT-51A2628EF9C2,DISCLOSED_PATH,True,True,True,328.220861,100,130.704467,0.579329,130.704467,0.579329,28.840902,1.682888,42899.933,190.147888,52366.118667,460.792393,20429.2,0.0,54400.633667,190.148024,11500.701,0.0,3861.278,48.041457,20.818384,0.778521,0.0,0.0,0.0,0.0,0.0,0.0
JFE_STEEL_JP,JFE Steel,CAND-F4B6AD5FB08D71,P2,PORT-51A2628EF9C2,ACCELERATED_15C,True,True,True,328.220861,100,123.426892,0.923677,123.426892,0.923677,31.139062,1.596287,40511.281,303.170054,50731.770667,300.273997,20429.2,0.0,57471.865,303.170054,16960.584,0.0,5080.618333,32.902547,34.384053,1.303946,0.0,0.0,0.0,0.0,0.0,0.0
JFE_STEEL_JP,JFE Steel,CAND-FCDB7C1BD7991A,P1,PORT-51A2628EF9C2,DISCLOSED_PATH,True,True,True,328.220861,100,134.280016,0.691155,134.280016,0.691155,33.244426,1.898561,44073.502667,226.851319,54985.016667,494.845686,20429.2,0.0,55574.203333,226.851495,11500.701,0.0,2783.732667,89.060623,24.393933,0.894927,0.0,0.0,0.0,0.0,0.0,0.0
JFE_STEEL_JP,JFE Steel,CAND-FCDB7C1BD7991A,P1,PORT-51A2628EF9C2,ACCELERATED_15C,True,True,True,328.220861,100,128.626982,1.116715,128.626982,1.116715,36.445537,1.881391,42218.059,366.529117,54180.244667,327.221693,20429.2,0.0,59178.643,366.529117,16960.584,0.0,3445.14,111.440212,39.584143,1.496267,0.0,0.0,0.0,0.0,0.0,0.0
JFE_STEEL_JP,JFE Steel,CAND-A735954AF09420,P3,PORT-CCD4397FA6D4,DISCLOSED_PATH,True,True,True,281.895878,100,109.886084,0.219457,109.886084,0.219457,20.022939,1.45387,30976.433667,61.863953,36620.817667,462.478322,16139.2,0.0,40858.96,61.864125,9882.526,0.0,4092.156,8.438552,0.0,0.0,0.0,0.0,0.0,0.0,0.0,0.0
JFE_STEEL_JP,JFE Steel,CAND-A735954AF09420,P3,PORT-CCD4397FA6D4,ACCELERATED_15C,False,False,True,281.895878,100,99.633656,0.46921,99.633656,0.46921,21.34208,1.323306,28086.317,132.268499,34102.561667,448.482823,16139.2,0.0,42630.619333,132.268674,14544.302,0.0,5563.532333,40.329926,10.590817,0.123863,0.0,0.0,0.0,0.0,0.0,0.0
JFE_STEEL_JP,JFE Steel,CAND-0B566F19FFC9A2,P2,PORT-CCD4397FA6D4,DISCLOSED_PATH,True,True,True,281.895878,100,114.341835,0.241538,114.341835,0.241538,25.185796,1.835609,32232.492,68.088732,39332.264333,571.325521,16139.2,0.0,42115.018,68.088732,9882.526,0.0,2840.300333,38.609198,4.455752,0.038341,0.0,0.0,0.0,0.0,0.0,0.0
JFE_STEEL_JP,JFE Steel,CAND-0B566F19FFC9A2,P2,PORT-CCD4397FA6D4,ACCELERATED_15C,False,False,True,281.895878,100,106.177246,0.52692,106.177246,0.52692,27.477266,1.777482,29930.928,148.536674,37676.655667,581.795851,16139.2,0.0,44475.230333,148.537106,14544.302,0.0,3733.963667,33.065395,17.134406,0.201711,0.0,0.0,0.0,0.0,0.0,0.0
JFE_STEEL_JP,JFE Steel,CAND-321A1FBBC2D640,P1,PORT-CCD4397FA6D4,DISCLOSED_PATH,True,True,True,281.895878,100,117.55431,0.155589,117.55431,0.155589,29.128765,2.277178,33138.075667,43.859505,41349.354333,676.306034,16139.2,0.0,43020.601667,43.859505,9882.526,0.0,2028.648333,31.703596,7.668227,0.074049,0.0,0.0,0.0,0.0,0.0,0.0
JFE_STEEL_JP,JFE Steel,CAND-321A1FBBC2D640,P1,PORT-CCD4397FA6D4,ACCELERATED_15C,False,False,True,281.895878,100,110.710324,0.587059,110.710324,0.587059,32.234378,2.03258,31208.784,165.489624,40295.522333,669.53692,16139.2,0.0,45753.086333,165.489084,14544.302,0.0,2508.142,38.859059,21.667484,0.263878,0.0,0.0,0.0,0.0,0.0,0.0
JFE_STEEL_JP,JFE Steel,CAND-FC0AA3F9FE37C6,P3,PORT-E5F3D5116135,DISCLOSED_PATH,False,True,False,321.408363,100,99.6913,0.290647,99.6913,0.290647,18.443316,1.155037,32041.617333,93.416319,37969.453667,450.172178,18185.2,0.0,43304.351333,93.416319,11262.734,0.0,4420.152667,9.780192,-10.194783,0.071296,0.0,0.0,0.0,0.0,0.0,0.0
JFE_STEEL_JP,JFE Steel,CAND-FC0AA3F9FE37C6,P3,PORT-E5F3D5116135,ACCELERATED_15C,True,True,True,321.408363,100,89.04284,0.380276,89.04284,0.380276,19.62268,0.992034,28619.113333,122.224205,34926.006667,412.229721,18185.2,0.0,45224.362,122.223922,16605.249,0.0,5962.883333,9.057642,0.0,0.0,0.0,0.0,0.0,0.0,0.0,0.0
JFE_STEEL_JP,JFE Steel,CAND-E72109958C3B57,P2,PORT-E5F3D5116135,DISCLOSED_PATH,False,True,False,321.408363,100,103.601648,0.330725,103.601648,0.330725,23.176841,1.407257,33298.436333,106.29774,40747.666333,544.910266,18185.2,0.0,44561.170333,106.29774,11262.734,0.0,3181.229667,48.876862,-6.284436,0.111349,0.0,0.0,0.0,0.0,0.0,0.0
JFE_STEEL_JP,JFE Steel,CAND-E72109958C3B57,P2,PORT-E5F3D5116135,ACCELERATED_15C,True,True,True,321.408363,100,94.847583,0.368033,94.847583,0.368033,25.097201,1.28435,30484.806667,118.288732,38551.256667,511.040409,18185.2,0.0,47090.055,118.289001,16605.249,0.0,4125.887,47.150559,5.804744,0.015879,0.0,0.0,0.0,0.0,0.0,0.0
JFE_STEEL_JP,JFE Steel,CAND-E280945A557960,P1,PORT-E5F3D5116135,DISCLOSED_PATH,False,True,False,321.408363,100,106.332304,0.380316,106.332304,0.380316,26.85057,1.513356,34176.092,122.237032,42806.089667,594.359475,18185.2,0.0,45438.826,122.237032,11262.734,0.0,2364.967333,47.094668,-3.55378,0.162036,0.0,0.0,0.0,0.0,0.0,0.0
JFE_STEEL_JP,JFE Steel,CAND-E280945A557960,P1,PORT-E5F3D5116135,ACCELERATED_15C,True,True,True,321.408363,100,98.882374,0.339312,98.882374,0.339312,29.427601,1.541493,31781.622333,109.057857,41239.899333,589.227454,18185.2,0.0,48386.870333,109.057857,16605.249,0.0,2911.555667,60.798104,9.839535,0.051935,0.0,0.0,0.0,0.0,0.0,0.0
JFE_STEEL_JP,JFE Steel,CAND-AE1C3F48385E3F,P5,PORT-2883A9539B06,DISCLOSED_PATH,False,True,False,367.500849,100,118.44132,0.247778,118.44132,0.247778,9.192798,1.064484,43527.286,91.058609,46905.646667,325.33081,20429.2,0.0,56385.864333,91.058125,12858.579,0.0,10646.31,38.935319,8.555236,0.46362,0.0,0.0,0.0,0.0,0.0,0.0
JFE_STEEL_JP,JFE Steel,CAND-AE1C3F48385E3F,P5,PORT-2883A9539B06,ACCELERATED_15C,True,True,True,367.500849,100,102.961676,0.188861,102.961676,0.188861,8.970547,1.018079,37838.503333,69.406862,41135.187333,312.473727,20429.2,0.0,56726.001333,69.406862,18887.498,0.0,15212.712667,24.338461,13.918836,0.536361,0.0,0.0,0.0,0.0,0.0,0.0
JFE_STEEL_JP,JFE Steel,CAND-942FF71D4F4188,P4,PORT-2883A9539B06,DISCLOSED_PATH,False,True,False,367.500849,100,125.267357,0.371178,125.267357,0.371178,15.353476,1.702226,46035.86,136.408336,51678.275333,492.360306,20429.2,0.0,58894.438667,136.408014,12858.579,0.0,8063.398333,42.042413,15.381273,0.551544,0.0,0.0,0.0,0.0,0.0,0.0
JFE_STEEL_JP,JFE Steel,CAND-942FF71D4F4188,P4,PORT-2883A9539B06,ACCELERATED_15C,True,True,True,367.500849,100,113.327373,0.425852,113.327373,0.425852,15.694721,1.65986,41647.905667,156.500978,47415.729,455.126729,20429.2,0.0,60535.404,156.501419,18887.498,0.0,11315.950667,64.741718,24.284533,0.616598,0.0,0.0,0.0,0.0,0.0,0.0
JFE_STEEL_JP,JFE Steel,CAND-F1788FF7DCC7F6,P2,PORT-E3494C854A0D,DISCLOSED_PATH,False,True,False,323.808372,100,121.698447,0.903567,121.698447,0.903567,27.717663,4.759424,39406.976,292.58213,48382.187333,1395.017415,17287.6,0.0,50749.979333,292.582706,11343.003,0.0,3338.282,40.042245,11.812363,0.849151,0.0,0.0,0.0,0.0,0.0,0.0
JFE_STEEL_JP,JFE Steel,CAND-F1788FF7DCC7F6,P2,PORT-E3494C854A0D,ACCELERATED_15C,True,True,True,323.808372,100,112.721552,1.211423,112.721552,1.211423,29.756958,4.777726,36500.182,392.268936,46135.734,1337.547195,17287.6,0.0,53206.377667,392.26923,16706.195,0.0,4396.353,64.314074,23.678712,1.064817,0.0,0.0,0.0,0.0,0.0,0.0
JFE_STEEL_JP,JFE Steel,CAND-25BA0666383526,P1,PORT-E3494C854A0D,DISCLOSED_PATH,False,True,False,323.808372,100,124.87518,1.049172,124.87518,1.049172,32.109597,5.463227,40435.629,339.730598,50832.985333,1591.000357,17287.6,0.0,51778.632,339.730598,11343.003,0.0,2311.924333,47.114813,14.989097,0.989751,0.0,0.0,0.0,0.0,0.0,0.0
JFE_STEEL_JP,JFE Steel,CAND-25BA0666383526,P1,PORT-E3494C854A0D,ACCELERATED_15C,True,True,True,323.808372,100,117.437792,1.470316,117.437792,1.470316,34.895787,5.586686,38027.34,476.100734,49326.888,1555.362865,17287.6,0.0,54733.535333,476.100448,16706.195,0.0,2837.380333,55.667289,28.394952,1.319903,0.0,0.0,0.0,0.0,0.0,0.0
JFE_STEEL_JP,JFE Steel,CAND-FA1953D51D82F3,P3,PORT-0FD37D80B1EA,DISCLOSED_PATH,False,True,False,330.620869,100,142.600932,1.3087,142.600932,1.3087,24.26738,3.935878,47146.844,432.683588,55170.146333,976.802218,19531.6,0.0,58727.814,432.683588,11580.97,0.0,5969.269,19.988499,32.714849,1.299136,0.0,0.0,0.0,0.0,0.0,0.0
JFE_STEEL_JP,JFE Steel,CAND-FA1953D51D82F3,P3,PORT-0FD37D80B1EA,ACCELERATED_15C,True,True,True,330.620869,100,132.409271,1.455493,132.409271,1.455493,25.162336,3.442888,43777.268333,481.216321,52096.462,823.421828,19531.6,0.0,60838.799333,481.216321,17061.531,0.0,8278.599333,33.627299,43.366432,1.487407,0.0,0.0,0.0,0.0,0.0,0.0
JFE_STEEL_JP,JFE Steel,CAND-1D1CB9506368C0,P2,PORT-0FD37D80B1EA,DISCLOSED_PATH,False,True,False,330.620869,100,148.325267,1.675328,148.325267,1.675328,30.543952,4.912498,49039.429,553.898598,59137.896667,1227.548885,19531.6,0.0,60620.398667,553.898036,11580.97,0.0,4017.201333,26.406189,38.439183,1.673272,0.0,0.0,0.0,0.0,0.0,0.0
JFE_STEEL_JP,JFE Steel,CAND-1D1CB9506368C0,P2,PORT-0FD37D80B1EA,ACCELERATED_15C,True,True,True,330.620869,100,141.083506,2.001745,141.083506,2.001745,32.400123,4.513873,46645.151667,661.818819,57357.308667,1092.228169,19531.6,0.0,63706.682667,661.818819,17061.531,0.0,5335.399667,55.264812,52.040667,2.038259,0.0,0.0,0.0,0.0,0.0,0.0
JFE_STEEL_JP,JFE Steel,CAND-D31DAEDCB107AF,P1,PORT-0FD37D80B1EA,DISCLOSED_PATH,False,True,False,330.620869,100,152.26271,1.971449,152.26271,1.971449,35.307402,5.508087,50341.229333,651.802133,62014.593333,1378.669701,19531.6,0.0,61922.199333,651.802133,11580.97,0.0,2698.468667,48.79252,42.376626,1.981657,0.0,0.0,0.0,0.0,0.0,0.0
JFE_STEEL_JP,JFE Steel,CAND-D31DAEDCB107AF,P1,PORT-0FD37D80B1EA,ACCELERATED_15C,True,True,True,330.620869,100,147.014332,2.419528,147.014332,2.419528,38.002147,5.336792,48606.006333,799.946607,61170.309,1313.916057,19531.6,0.0,65667.536667,799.946091,17061.531,0.0,3341.217667,59.398171,57.971492,2.466812,0.0,0.0,0.0,0.0,0.0,0.0
JFE_STEEL_JP,JFE Steel,CAND-B38C1D7FD5CCAE,P3,PORT-7C1FC602A00B,DISCLOSED_PATH,False,True,False,341.808365,100,186.447224,1.290004,186.447224,1.290004,30.94149,2.276031,63729.220667,440.933782,74305.280667,934.804547,20952.8,0.0,75705.091333,440.934308,11975.871,0.0,7632.332,33.148594,76.56114,1.374985,0.0,0.0,0.0,0.0,0.0,0.0
JFE_STEEL_JP,JFE Steel,CAND-B38C1D7FD5CCAE,P3,PORT-7C1FC602A00B,ACCELERATED_15C,True,True,True,341.808365,100,178.069829,1.137953,178.069829,1.137953,31.757696,2.140406,60865.757,388.962039,71720.803,856.818232,20952.8,0.0,78510.975,388.962039,17645.218,0.0,10696.537,43.661814,89.026989,1.161639,0.0,0.0,0.0,0.0,0.0,0.0
JFE_STEEL_JP,JFE Steel,CAND-3DE74006E308F9,P2,PORT-7C1FC602A00B,DISCLOSED_PATH,False,True,False,341.808365,100,194.475956,1.600619,194.475956,1.600619,38.934085,2.813294,66473.508667,547.105166,79781.504667,1177.402218,20952.8,0.0,78449.379333,547.104704,11975.871,0.0,4901.132,50.801108,84.589873,1.686672,0.0,0.0,0.0,0.0,0.0,0.0
JFE_STEEL_JP,JFE Steel,CAND-3DE74006E308F9,P2,PORT-7C1FC602A00B,ACCELERATED_15C,True,True,True,341.808365,100,190.185838,1.473424,190.185838,1.473424,41.058374,2.637975,65007.110667,503.628151,79041.206,1119.328756,20952.8,0.0,82652.328667,503.628151,17645.218,0.0,6631.215333,70.98606,101.142999,1.506771,0.0,0.0,0.0,0.0,0.0,0.0
JFE_STEEL_JP,JFE Steel,CAND-11566829CB83FF,P1,PORT-7C1FC602A00B,DISCLOSED_PATH,False,True,False,341.808365,100,200.060083,1.81468,200.060083,1.81468,44.882021,3.183043,68382.21,620.273104,83723.259667,1355.943009,20952.8,0.0,80358.080333,620.272571,11975.871,0.0,3081.809,57.358598,90.173999,1.901222,0.0,0.0,0.0,0.0,0.0,0.0
JFE_STEEL_JP,JFE Steel,CAND-11566829CB83FF,P1,PORT-7C1FC602A00B,ACCELERATED_15C,True,True,True,341.808365,100,198.408886,1.738366,198.408886,1.738366,48.151936,3.031151,67817.816667,594.187809,84276.551333,1307.332385,20952.8,0.0,85463.035333,594.1883,17645.218,0.0,3836.643333,72.791604,109.366046,1.76391,0.0,0.0,0.0,0.0,0.0,0.0
JFE_STEEL_JP,JFE Steel,CAND-12D758CC621EDD,P3,PORT-04FFFE8075F6,DISCLOSED_PATH,False,True,False,348.620862,100,209.385967,1.801312,209.385967,1.801312,33.218204,2.615822,72996.316333,627.975075,84576.875333,592.862222,23196.8,0.0,85210.153667,627.97532,12213.837,0.0,8684.54,3.508114,99.499883,1.943701,0.0,0.0,0.0,0.0,0.0,0.0
JFE_STEEL_JP,JFE Steel,CAND-12D758CC621EDD,P3,PORT-04FFFE8075F6,ACCELERATED_15C,True,True,True,348.620862,100,201.489497,1.874029,201.489497,1.874029,35.332094,2.124999,70243.442,653.325371,82560.947667,441.697854,23196.8,0.0,88243.996,653.325371,18000.554,0.0,12296.083667,44.553137,112.446657,2.050784,0.0,0.0,0.0,0.0,0.0,0.0
JFE_STEEL_JP,JFE Steel,CAND-2384C3F783562D,P2,PORT-04FFFE8075F6,DISCLOSED_PATH,False,True,False,348.620862,100,218.476396,2.270637,218.476396,2.270637,41.922192,3.191005,76165.429333,791.59131,90780.380333,735.473043,23196.8,0.0,88379.267,791.591885,12213.837,0.0,5568.515667,24.984436,108.590312,2.410187,0.0,0.0,0.0,0.0,0.0,0.0
JFE_STEEL_JP,JFE Steel,CAND-2384C3F783562D,P2,PORT-04FFFE8075F6,ACCELERATED_15C,True,True,True,348.620862,100,215.103528,2.45151,215.103528,2.45151,45.763298,2.782179,74989.577333,854.64729,90943.617667,621.487347,23196.8,0.0,92990.131333,854.64729,18000.554,0.0,7528.800333,43.987721,126.060688,2.60925,0.0,0.0,0.0,0.0,0.0,0.0
JFE_STEEL_JP,JFE Steel,CAND-65F7157232C73A,P1,PORT-04FFFE8075F6,DISCLOSED_PATH,False,True,False,348.620862,100,224.74523,2.623057,224.74523,2.623057,48.458445,3.542665,78350.876,914.452053,95244.501,830.195476,23196.8,0.0,90564.713333,914.45229,12213.837,0.0,3474.458333,72.918415,114.859146,2.760575,0.0,0.0,0.0,0.0,0.0,0.0
JFE_STEEL_JP,JFE Steel,CAND-65F7157232C73A,P1,PORT-04FFFE8075F6,ACCELERATED_15C,True,True,True,348.620862,100,224.339763,2.960825,224.339763,2.960825,53.750626,3.33424,78209.521667,1032.205263,96948.111333,770.622856,23196.8,0.0,96210.075667,1032.205263,18000.554,0.0,4343.696,91.139294,135.296924,3.106189,0.0,0.0,0.0,0.0,0.0,0.0
JFE_STEEL_JP,JFE Steel,CAND-0C103CAC9E9685,P1,PORT-48EB0158352D,DISCLOSED_PATH,False,False,True,209.90085,100,194.321449,1.529521,194.321449,1.529521,48.921567,3.912006,40788.237667,321.04758,51056.915667,871.334684,17905.8,0.0,48152.745667,321.04758,7364.508,0.0,2152.820333,81.616661,84.435366,1.679164,0.0,0.0,0.0,0.0,0.0,0.0
JFE_STEEL_JP,JFE Steel,CAND-0C103CAC9E9685,P1,PORT-48EB0158352D,ACCELERATED_15C,False,False,True,209.90085,100,193.158534,1.672599,193.158534,1.672599,53.018307,2.373577,40544.140333,351.079943,51672.728,677.145042,17905.8,0.0,51472.901,351.079619,10928.761,0.0,2691.590333,102.043975,104.115694,1.915309,0.0,0.0,0.0,0.0,0.0,0.0
JFE_STEEL_JP,JFE Steel,CAND-156DBD688B285D,P2,PORT-4FBC33F20EEF,DISCLOSED_PATH,False,False,True,191.900857,100,67.418629,0.69577,67.418629,0.69577,17.804424,2.12448,12937.692667,133.51891,16354.376667,457.270053,14240.6,0.0,19669.333667,133.51891,6731.641,0.0,1673.357667,52.131426,-42.467454,0.799553,0.0,0.0,0.0,0.0,0.0,0.0
JFE_STEEL_JP,JFE Steel,CAND-156DBD688B285D,P2,PORT-4FBC33F20EEF,ACCELERATED_15C,False,False,True,191.900857,100,56.2642,0.688628,56.2642,0.688628,19.414671,1.967559,10797.148333,132.148458,14522.840333,450.103172,14240.6,0.0,20786.886333,132.148458,9989.738,0.0,2122.607667,57.31753,-32.778639,0.85792,0.0,0.0,0.0,0.0,0.0,0.0
JFE_STEEL_JP,JFE Steel,CAND-27DEF6B976065D,P3,PORT-408F044D6828,DISCLOSED_PATH,False,True,False,302.295879,100,206.645732,1.69103,206.645732,1.69103,34.948547,3.057707,62468.153333,511.191143,73032.954667,1140.03698,18906.8,0.0,73063.816,511.191689,10595.663,0.0,7298.905667,36.271298,96.759649,1.790177,0.0,0.0,0.0,0.0,0.0,0.0
JFE_STEEL_JP,JFE Steel,CAND-27DEF6B976065D,P3,PORT-408F044D6828,ACCELERATED_15C,False,False,True,302.295879,100,199.011073,1.441591,199.011073,1.441591,35.978291,2.158279,60160.227333,435.786659,71036.316,905.928674,18906.8,0.0,75744.499333,435.786659,15584.272,0.0,10298.578333,62.974554,109.968233,1.56309,0.0,0.0,0.0,0.0,0.0,0.0
JFE_STEEL_JP,JFE Steel,CAND-2AFD85912C485D,P5,PORT-844170813924,DISCLOSED_PATH,False,True,False,381.425854,100,170.141715,0.651061,170.141715,0.651061,12.509732,1.957025,64896.449,248.331167,69667.984,625.851363,20952.8,0.0,78237.116333,248.331744,13340.667,0.0,15647.020333,81.659404,60.255631,0.625584,0.0,0.0,0.0,0.0,0.0,0.0
JFE_STEEL_JP,JFE Steel,CAND-2AFD85912C485D,P5,PORT-844170813924,ACCELERATED_15C,False,True,False,381.425854,100,151.538116,0.61288,151.538116,0.61288,12.199932,1.992572,57800.555333,233.768346,62453.924667,666.14353,20952.8,0.0,77374.191333,233.768346,19573.636,0.0,22817.886667,130.973875,62.495277,0.593683,0.0,0.0,0.0,0.0,0.0,0.0
JFE_STEEL_JP,JFE Steel,CAND-2DF8CF21E8720D,P1,PORT-9D97003767D5,DISCLOSED_PATH,False,True,False,263.895884,100,20.998774,0.113949,20.998774,0.113949,9.823457,0.529038,5541.49,30.07053,8133.86,128.297417,12474.0,0.0,14791.149,30.07053,9249.659,0.0,1266.288667,27.93357,-88.887309,0.272591,0.0,0.0,0.0,0.0,0.0,0.0
JFE_STEEL_JP,JFE Steel,CAND-2DF8CF21E8720D,P1,PORT-9D97003767D5,ACCELERATED_15C,False,False,False,263.895884,100,7.431049,0.165598,7.431049,0.165598,10.219936,0.437716,1961.023333,43.700601,4658.022,73.671635,12474.0,0.0,15566.302667,43.701178,13605.28,0.0,1520.526,33.505698,-81.611791,0.333621,0.0,0.0,0.0,0.0,0.0,0.0
JFE_STEEL_JP,JFE Steel,CAND-3785968E4E1C91,P1,PORT-4FBC33F20EEF,DISCLOSED_PATH,False,False,True,191.900857,100,68.959845,0.766174,68.959845,0.766174,20.875509,2.277235,13233.453,147.029109,17239.481,502.289979,14240.6,0.0,19965.094,147.029109,6731.641,0.0,1386.056667,63.170701,-40.926239,0.858395,0.0,0.0,0.0,0.0,0.0,0.0
JFE_STEEL_JP,JFE Steel,CAND-3785968E4E1C91,P1,PORT-4FBC33F20EEF,ACCELERATED_15C,False,False,True,191.900857,100,58.535976,0.803638,58.535976,0.803638,22.925817,2.062389,11233.104,154.218942,15632.587667,494.708445,14240.6,0.0,21222.842,154.218942,9989.738,0.0,1701.526333,76.94192,-30.506863,0.928824,0.0,0.0,0.0,0.0,0.0,0.0
JFE_STEEL_JP,JFE Steel,CAND-3BDAECB8DA1A89,P4,PORT-29DB1A43C5DD,DISCLOSED_PATH,False,False,True,239.320837,100,177.66369,0.502783,177.66369,0.502783,22.105522,1.906148,42518.623333,120.326416,47808.935333,412.364964,17905.8,0.0,50919.827333,120.326416,8401.204,0.0,7311.339667,24.610315,67.777607,0.721947,0.0,0.0,0.0,0.0,0.0,0.0
JFE_STEEL_JP,JFE Steel,CAND-3BDAECB8DA1A89,P4,PORT-29DB1A43C5DD,ACCELERATED_15C,False,False,True,239.320837,100,165.365619,0.680781,165.365619,0.680781,22.570827,2.288137,39575.438667,162.925089,44977.107667,463.057405,17905.8,0.0,52006.019667,162.925089,12430.581,0.0,10506.210333,29.844002,76.322779,1.038875,0.0,0.0,0.0,0.0,0.0,0.0
JFE_STEEL_JP,JFE Steel,CAND-44218B07FC843F,P2,PORT-48EB0158352D,DISCLOSED_PATH,False,False,True,209.90085,100,189.072474,1.279405,189.072474,1.279405,42.410052,3.506501,39686.473333,268.548209,48588.379333,788.883093,17905.8,0.0,47050.981333,268.548209,7364.508,0.0,3231.796333,62.566295,79.186391,1.42662,0.0,0.0,0.0,0.0,0.0,0.0
JFE_STEEL_JP,JFE Steel,CAND-44218B07FC843F,P2,PORT-48EB0158352D,ACCELERATED_15C,False,False,True,209.90085,100,185.088613,1.480283,185.088613,1.480283,45.399053,2.273395,38850.257,310.712549,48379.557,626.51567,17905.8,0.0,49779.018,310.712549,10928.761,0.0,4323.597,47.396413,96.045773,1.734869,0.0,0.0,0.0,0.0,0.0,0.0
JFE_STEEL_JP,JFE Steel,CAND-4D77DB7422B451,P2,PORT-3776FB32D8CF,DISCLOSED_PATH,False,True,False,284.295886,100,135.002516,0.864718,135.002516,0.864718,31.464278,4.477062,38380.66,245.836077,47325.824667,1181.563812,15241.6,0.0,48343.455,245.836077,9962.795,0.0,3008.752,46.308628,25.116433,0.826407,0.0,0.0,0.0,0.0,0.0,0.0
JFE_STEEL_JP,JFE Steel,CAND-4D77DB7422B451,P2,PORT-3776FB32D8CF,ACCELERATED_15C,False,False,True,284.295886,100,126.760659,1.279362,126.760659,1.279362,33.405909,5.527572,36037.533667,363.717148,45534.696333,1380.487319,15241.6,0.0,50682.783,363.717724,14645.249,0.0,3988.252333,60.877883,37.717819,1.115376,0.0,0.0,0.0,0.0,0.0,0.0
JFE_STEEL_JP,JFE Steel,CAND-53E6B469D62558,P1,PORT-33091F63E785,DISCLOSED_PATH,False,True,False,303.40837,100,22.088066,0.135837,22.088066,0.135837,9.545857,1.047051,6701.704,41.214153,9597.996667,313.421294,14520.0,0.0,17331.570333,41.21404,10629.866,0.0,1599.488333,33.463976,-87.798018,0.119421,0.0,0.0,0.0,0.0,0.0,0.0
JFE_STEEL_JP,JFE Steel,CAND-53E6B469D62558,P1,PORT-33091F63E785,ACCELERATED_15C,False,True,False,303.40837,100,8.344265,0.199581,8.344265,0.199581,10.286671,0.94797,2531.72,60.554334,5652.782,234.178823,14520.0,0.0,18197.945667,60.554882,15666.226,0.0,1920.393333,40.156811,-80.698574,0.199671,0.0,0.0,0.0,0.0,0.0,0.0
JFE_STEEL_JP,JFE Steel,CAND-56A2BE8D3222E8,P5,PORT-29DB1A43C5DD,DISCLOSED_PATH,False,False,True,239.320837,100,167.628551,0.162454,167.628551,0.162454,13.11478,1.278431,40117.005333,38.878885,43255.645333,290.949644,17905.8,0.0,48518.209667,38.878644,8401.204,0.0,9848.852667,15.518868,57.742467,0.381131,0.0,0.0,0.0,0.0,0.0,0.0
JFE_STEEL_JP,JFE Steel,CAND-56A2BE8D3222E8,P5,PORT-29DB1A43C5DD,ACCELERATED_15C,False,False,True,239.320837,100,149.946795,0.29435,149.946795,0.29435,12.662116,1.312206,35885.392333,70.443995,38915.700667,294.623204,17905.8,0.0,48315.973333,70.443995,12430.581,0.0,14378.125,5.110003,60.903955,0.674205,0.0,0.0,0.0,0.0,0.0,0.0
JFE_STEEL_JP,JFE Steel,CAND-5B53A6D662B077,P2,PORT-BFE68456F5A9,DISCLOSED_PATH,False,False,True,87.500896,100,119.733724,2.189357,119.733724,2.189357,28.25721,4.399814,10476.808333,191.570965,12949.339333,324.699291,10898.8,0.0,13537.817333,191.570965,3061.009,0.0,1008.494333,27.018118,9.847641,2.316913,0.0,0.0,0.0,0.0,0.0,0.0
JFE_STEEL_JP,JFE Steel,CAND-5B53A6D662B077,P2,PORT-BFE68456F5A9,ACCELERATED_15C,False,False,True,87.500896,100,111.803408,2.088224,111.803408,2.088224,29.559473,4.671958,9782.898333,182.721491,12369.378667,380.434378,10898.8,0.0,14326.303333,182.721491,4543.405,0.0,1323.167667,40.226592,22.760568,2.356998,0.0,0.0,0.0,0.0,0.0,0.0
JFE_STEEL_JP,JFE Steel,CAND-6740F2BE1999AB,P2,PORT-6E49C004BA31,DISCLOSED_PATH,False,False,True,163.575867,100,177.485319,0.834202,177.485319,0.834202,38.576212,4.01279,29032.315,136.455383,35342.452333,528.848344,13615.8,0.0,34778.649,136.455383,5746.334,0.0,2196.279333,44.909875,67.599235,1.050898,0.0,0.0,0.0,0.0,0.0,0.0
JFE_STEEL_JP,JFE Steel,CAND-6740F2BE1999AB,P2,PORT-6E49C004BA31,ACCELERATED_15C,False,False,True,163.575867,100,172.385181,0.154212,172.385181,0.154212,42.504794,3.831767,28198.055333,25.225176,35150.814,602.490953,13615.8,0.0,36710.534333,25.225176,8512.479,0.0,2974.38,57.969781,83.342342,0.522297,0.0,0.0,0.0,0.0,0.0,0.0
JFE_STEEL_JP,JFE Steel,CAND-68030B11D579DF,P1,PORT-7BA11C62DF95,DISCLOSED_PATH,False,False,False,219.408411,100,172.317421,1.045191,172.317421,1.045191,41.770603,6.497239,37807.891333,229.323602,46972.713333,1483.327157,13945.8,0.0,45480.263,229.323645,7672.372,0.0,1660.646333,20.092724,62.431337,1.098953,0.0,0.0,0.0,0.0,0.0,0.0
JFE_STEEL_JP,JFE Steel,CAND-68030B11D579DF,P1,PORT-7BA11C62DF95,ACCELERATED_15C,False,False,True,219.408411,100,167.91794,1.253428,167.91794,1.253428,45.180534,6.661235,36842.608667,275.012476,46755.597667,1582.240907,13945.8,0.0,48102.471,275.012946,11259.863,0.0,2059.482333,25.227049,78.8751,1.340469,0.0,0.0,0.0,0.0,0.0,0.0
JFE_STEEL_JP,JFE Steel,CAND-74F6415EBB9977,P3,PORT-E123D45B71CC,DISCLOSED_PATH,False,True,False,226.220909,100,196.555184,1.923979,196.555184,1.923979,32.903993,7.33308,44464.892333,435.243968,51908.463333,1487.050877,16189.8,0.0,52375.230667,435.24391,7910.338,0.0,5299.764,13.676645,86.6691,1.962618,0.0,0.0,0.0,0.0,0.0,0.0
JFE_STEEL_JP,JFE Steel,CAND-74F6415EBB9977,P3,PORT-E123D45B71CC,ACCELERATED_15C,False,False,True,226.220909,100,187.871175,2.254718,187.871175,2.254718,33.790437,6.095762,42500.387667,510.064147,50144.491333,1220.344229,16189.8,0.0,54115.586667,510.064147,11615.198,0.0,7478.109333,3.94016,98.828336,2.313113,0.0,0.0,0.0,0.0,0.0,0.0
JFE_STEEL_JP,JFE Steel,CAND-8143AC9B1B780D,P5,PORT-0032610F15CE,DISCLOSED_PATH,False,True,False,334.010871,100,190.563413,0.750144,190.563413,0.750144,14.227225,2.180878,63650.251667,250.555781,68402.299667,618.016738,18906.8,0.0,75329.659667,250.555781,11679.408,0.0,15272.614,88.192629,80.67733,0.737134,0.0,0.0,0.0,0.0,0.0,0.0
JFE_STEEL_JP,JFE Steel,CAND-8143AC9B1B780D,P5,PORT-0032610F15CE,ACCELERATED_15C,False,False,False,334.010871,100,171.24536,0.680673,171.24536,0.680673,13.611088,1.967107,57197.812,227.35155,61744.063,560.874286,18906.8,0.0,74294.128667,227.351919,17096.317,0.0,22379.703667,137.813445,82.20252,0.650437,0.0,0.0,0.0,0.0,0.0,0.0
JFE_STEEL_JP,JFE Steel,CAND-81AEAF431DDC0A,P4,PORT-844170813924,DISCLOSED_PATH,False,True,False,381.425854,100,180.045589,0.987391,180.045589,0.987391,21.280844,3.164835,68674.042667,376.616438,76791.106667,1114.307508,20952.8,0.0,82014.709667,376.616438,13340.667,0.0,11494.310333,82.562238,70.159506,0.998905,0.0,0.0,0.0,0.0,0.0,0.0
JFE_STEEL_JP,JFE Steel,CAND-81AEAF431DDC0A,P4,PORT-844170813924,ACCELERATED_15C,False,True,False,381.425854,100,167.117212,0.998102,167.117212,0.998102,21.445265,3.384483,63742.825667,380.701584,71922.603667,1192.955225,20952.8,0.0,83316.461333,380.701713,19573.636,0.0,16531.441667,137.82603,78.074372,0.981722,0.0,0.0,0.0,0.0,0.0,0.0
JFE_STEEL_JP,JFE Steel,CAND-82646489D4D4D1,P2,PORT-25A7E18292F6,DISCLOSED_PATH,False,True,False,310.220867,100,51.753774,0.209089,51.753774,0.209089,14.344368,1.673594,16055.100667,64.863715,20505.023,517.310402,16764.0,0.0,26922.934,64.863562,10867.833,0.0,2311.258,33.622511,-58.13231,0.416402,0.0,0.0,0.0,0.0,0.0,0.0
JFE_STEEL_JP,JFE Steel,CAND-82646489D4D4D1,P2,PORT-25A7E18292F6,ACCELERATED_15C,False,True,False,310.220867,100,40.049665,0.25191,40.049665,0.25191,15.327722,1.590664,12424.242,78.147536,17179.221333,550.089953,16764.0,0.0,28445.803333,78.147825,16021.561,0.0,2873.882,41.244809,-48.993175,0.552902,0.0,0.0,0.0,0.0,0.0,0.0
JFE_STEEL_JP,JFE Steel,CAND-8A107782070451,P4,PORT-0032610F15CE,DISCLOSED_PATH,False,True,False,334.010871,100,201.823509,1.085081,201.823509,1.085081,23.962263,3.393756,67411.246,362.429375,75414.902333,1027.362276,18906.8,0.0,79090.654,362.429375,11679.408,0.0,11141.329333,85.82943,91.937426,1.081655,0.0,0.0,0.0,0.0,0.0,0.0
JFE_STEEL_JP,JFE Steel,CAND-8A107782070451,P4,PORT-0032610F15CE,ACCELERATED_15C,False,False,False,334.010871,100,189.024692,1.095234,189.024692,1.095234,23.973213,3.542223,63136.302,365.820257,71143.615333,1068.700116,18906.8,0.0,80232.619,365.820257,17096.317,0.0,16105.131,153.287348,99.981852,1.043052,0.0,0.0,0.0,0.0,0.0,0.0
JFE_STEEL_JP,JFE Steel,CAND-8A2CE57122B1A0,P1,PORT-1741394F78A8,DISCLOSED_PATH,False,False,False,199.008409,100,20.347934,0.152493,20.347934,0.152493,9.222387,1.782215,4049.409667,30.347677,5884.742333,354.261151,11178.2,0.0,11008.644667,30.347677,6959.235,0.0,954.150667,6.027728,-89.53815,0.206067,0.0,0.0,0.0,0.0,0.0,0.0
JFE_STEEL_JP,JFE Steel,CAND-8A2CE57122B1A0,P1,PORT-1741394F78A8,ACCELERATED_15C,False,False,True,199.008409,100,6.492146,0.14805,6.492146,0.14805,10.077712,1.967485,1291.991667,29.46296,3297.541667,362.154082,11178.2,0.0,11511.885,29.463186,10219.893,0.0,1145.894667,7.225803,-82.550693,0.233649,0.0,0.0,0.0,0.0,0.0,0.0
JFE_STEEL_JP,JFE Steel,CAND-8DC42B3C7EA2DB,P2,PORT-E123D45B71CC,DISCLOSED_PATH,False,True,False,226.220909,100,204.672503,2.493487,204.672503,2.493487,41.42339,9.118654,46301.199667,564.078573,55672.036667,1855.911542,16189.8,0.0,54211.538,564.079091,7910.338,0.0,3369.662333,36.282366,94.786419,2.537026,0.0,0.0,0.0,0.0,0.0,0.0
JFE_STEEL_JP,JFE Steel,CAND-8DC42B3C7EA2DB,P2,PORT-E123D45B71CC,ACCELERATED_15C,False,False,True,226.220909,100,200.293376,2.990921,200.293376,2.990921,43.631172,7.765797,45310.549667,676.608764,55180.832667,1543.151231,16189.8,0.0,56925.747667,676.608764,11615.198,0.0,4560.071333,45.728203,111.250536,3.042063,0.0,0.0,0.0,0.0,0.0,0.0
JFE_STEEL_JP,JFE Steel,CAND-8F0E9CFE80824D,P6,PORT-576B945395C2,DISCLOSED_PATH,False,True,False,417.556839,100,182.950047,0.161802,182.950047,0.161802,5.474793,0.64811,76392.043333,67.561524,78678.080667,219.806422,23196.8,0.0,91002.209667,67.561449,14610.167,0.0,24872.016,13.792236,73.063963,0.169577,0.0,0.0,0.0,0.0,0.0,0.0
JFE_STEEL_JP,JFE Steel,CAND-8F0E9CFE80824D,P6,PORT-576B945395C2,ACCELERATED_15C,False,True,False,417.556839,100,157.137307,0.167297,157.137307,0.167297,5.00828,0.61735,65613.757,69.856015,67704.998667,205.690618,23196.8,0.0,87028.93,69.856015,21415.173,0.0,36749.737,42.060729,68.094467,0.278112,0.0,0.0,0.0,0.0,0.0,0.0
JFE_STEEL_JP,JFE Steel,CAND-94E38421D8FAE7,P1,PORT-36B22CA0D026,DISCLOSED_PATH,False,False,True,159.495924,100,18.689416,0.298448,18.689416,0.298448,9.268073,2.417856,2980.885667,47.601357,4459.105667,374.66329,9132.2,0.0,8559.912667,47.601357,5579.027,0.0,606.601,10.390069,-91.196667,0.328953,0.0,0.0,0.0,0.0,0.0,0.0
JFE_STEEL_JP,JFE Steel,CAND-94E38421D8FAE7,P1,PORT-36B22CA0D026,ACCELERATED_15C,False,False,True,159.495924,100,4.883223,0.506677,4.883223,0.506677,10.127125,2.459038,778.854333,80.812509,2394.089,375.355932,9132.2,0.0,8937.801333,80.812509,8158.947,0.0,728.925667,12.467391,-84.159617,0.512425,0.0,0.0,0.0,0.0,0.0,0.0
JFE_STEEL_JP,JFE Steel,CAND-953F1AFEF37202,P1,PORT-6E49C004BA31,DISCLOSED_PATH,False,False,True,163.575867,100,182.534752,0.986505,182.534752,0.986505,44.624219,4.594,29858.280667,161.368489,37157.725667,602.598308,13615.8,0.0,35604.614,161.368385,5746.334,0.0,1416.774667,40.537084,72.648668,1.204632,0.0,0.0,0.0,0.0,0.0,0.0
JFE_STEEL_JP,JFE Steel,CAND-953F1AFEF37202,P1,PORT-6E49C004BA31,ACCELERATED_15C,False,False,True,163.575867,100,179.97886,0.193799,179.97886,0.193799,49.901936,4.379669,29440.198,31.701158,37602.951,692.248725,13615.8,0.0,37952.677,31.701158,8512.479,0.0,1771.555333,50.688514,90.936021,0.574072,0.0,0.0,0.0,0.0,0.0,0.0
JFE_STEEL_JP,JFE Steel,CAND-AFB45421E864E1,P3,PORT-48EB0158352D,DISCLOSED_PATH,False,False,True,209.90085,100,181.446221,1.00675,181.446221,1.00675,33.648904,2.887083,38085.716,211.317987,45148.649667,651.546122,17905.8,0.0,45450.224333,211.317447,7364.508,0.0,4801.208333,40.883332,71.560137,1.154936,0.0,0.0,0.0,0.0,0.0,0.0
JFE_STEEL_JP,JFE Steel,CAND-AFB45421E864E1,P3,PORT-48EB0158352D,ACCELERATED_15C,False,False,True,209.90085,100,173.399171,1.110064,173.399171,1.110064,35.223189,2.028867,36396.633667,233.003725,43790.010667,532.078294,17905.8,0.0,47325.394,233.003154,10928.761,0.0,6742.757333,37.49865,84.356332,1.383467,0.0,0.0,0.0,0.0,0.0,0.0
JFE_STEEL_JP,JFE Steel,CAND-B210B35AD45FF1,P1,PORT-263958B6D89F,DISCLOSED_PATH,False,False,True,80.688399,100,10.817418,0.777012,10.817418,0.777012,7.858172,1.729863,872.840333,62.696139,1506.903333,98.455988,8654.8,0.0,3695.882667,62.695632,2823.042,0.0,339.277,9.003521,-99.068666,0.947076,0.0,0.0,0.0,0.0,0.0,0.0
JFE_STEEL_JP,JFE Steel,CAND-B210B35AD45FF1,P1,PORT-263958B6D89F,ACCELERATED_15C,False,False,True,80.688399,100,-4.396254,0.799806,-4.396254,0.799806,8.459526,1.615906,-354.727,64.534947,327.858667,111.593476,8654.8,0.0,3833.343,64.534947,4188.07,0.0,408.090333,10.980498,-93.439094,1.120515,0.0,0.0,0.0,0.0,0.0,0.0
JFE_STEEL_JP,JFE Steel,CAND-B4CBF9F7B55581,P3,PORT-7F45069F34E3,DISCLOSED_PATH,False,False,True,203.088353,100,142.680244,0.209294,142.680244,0.209294,26.34149,2.528301,28976.695667,42.504836,34326.345333,483.203332,15661.8,0.0,36103.237333,42.505115,7126.542,0.0,3742.931,35.802101,32.79416,0.425669,0.0,0.0,0.0,0.0,0.0,0.0
JFE_STEEL_JP,JFE Steel,CAND-B4CBF9F7B55581,P3,PORT-7F45069F34E3,ACCELERATED_15C,False,False,True,203.088353,100,132.747914,0.452877,132.747914,0.452877,28.387899,2.929136,26959.555333,91.974198,32724.807,558.374814,15661.8,0.0,37532.980333,91.974198,10573.425,0.0,5191.374667,52.928562,43.705075,0.815073,0.0,0.0,0.0,0.0,0.0,0.0
JFE_STEEL_JP,JFE Steel,CAND-BC3B7FD8701906,P1,PORT-25A7E18292F6,DISCLOSED_PATH,False,True,False,310.220867,100,52.909952,0.147765,52.909952,0.147765,16.579086,1.795188,16413.771667,45.84008,21556.95,592.203087,16764.0,0.0,27281.604667,45.84008,10867.833,0.0,2006.956333,40.921563,-56.976131,0.288918,0.0,0.0,0.0,0.0,0.0,0.0
JFE_STEEL_JP,JFE Steel,CAND-BC3B7FD8701906,P1,PORT-25A7E18292F6,ACCELERATED_15C,False,True,False,310.220867,100,41.535701,0.25736,41.535701,0.25736,17.974502,1.82544,12885.241333,79.839049,18461.306667,624.896257,16764.0,0.0,28906.802667,79.838472,16021.561,0.0,2448.119667,49.827759,-47.507139,0.560809,0.0,0.0,0.0,0.0,0.0,0.0
JFE_STEEL_JP,JFE Steel,CAND-BD5FC0B8045E4C,P1,PORT-BFE68456F5A9,DISCLOSED_PATH,False,False,True,87.500896,100,123.039717,2.515523,123.039717,2.515523,32.440383,5.072669,10766.085333,220.110367,13604.648,381.518533,10898.8,0.0,13827.094667,220.110774,3061.009,0.0,730.021,18.851247,13.153633,2.638959,0.0,0.0,0.0,0.0,0.0,0.0
JFE_STEEL_JP,JFE Steel,CAND-BD5FC0B8045E4C,P1,PORT-BFE68456F5A9,ACCELERATED_15C,False,False,True,87.500896,100,116.799565,2.303885,116.799565,2.303885,34.423882,5.350785,10220.066667,201.591665,13232.187333,456.438549,10898.8,0.0,14763.472,201.592013,4543.405,0.0,913.136333,23.589711,27.756725,2.55407,0.0,0.0,0.0,0.0,0.0,0.0
JFE_STEEL_JP,JFE Steel,CAND-BD69BDF77D11F9,P2,PORT-1C641A2E58FD,DISCLOSED_PATH,False,False,True,205.820907,100,66.005423,0.936076,66.005423,0.936076,15.81127,1.563663,13585.296,192.663829,16839.586,231.493342,13422.2,0.0,20782.497667,192.663948,7197.202,0.0,1655.363667,27.072615,-43.880661,1.130311,0.0,0.0,0.0,0.0,0.0,0.0
JFE_STEEL_JP,JFE Steel,CAND-BD69BDF77D11F9,P2,PORT-1C641A2E58FD,ACCELERATED_15C,False,False,True,205.820907,100,55.195455,0.704909,55.195455,0.704909,17.212024,1.252917,11360.378667,145.085143,14902.973,247.255046,13422.2,0.0,21935.607333,145.084638,10575.229,0.0,2100.437,30.440776,-33.847385,1.0553,0.0,0.0,0.0,0.0,0.0,0.0
JFE_STEEL_JP,JFE Steel,CAND-C535F3B5D7A55A,P1,PORT-1C641A2E58FD,DISCLOSED_PATH,False,False,True,205.820907,100,67.518793,1.065179,67.518793,1.065179,18.497496,1.814556,13896.779,219.236067,17703.951,260.799522,13422.2,0.0,21093.981,219.236067,7197.202,0.0,1357.123667,13.538556,-42.36729,1.263687,0.0,0.0,0.0,0.0,0.0,0.0
JFE_STEEL_JP,JFE Steel,CAND-C535F3B5D7A55A,P1,PORT-1C641A2E58FD,ACCELERATED_15C,False,False,True,205.820907,100,57.435209,0.77026,57.435209,0.77026,20.239679,1.390717,11821.367,158.535468,15987.116,283.658891,13422.2,0.0,22396.595667,158.53598,10575.229,0.0,1665.380667,17.80523,-31.60763,1.111328,0.0,0.0,0.0,0.0,0.0,0.0
JFE_STEEL_JP,JFE Steel,CAND-C973F96EA1BC5C,P1,PORT-E123D45B71CC,DISCLOSED_PATH,False,True,False,226.220909,100,210.237422,2.968622,210.237422,2.968622,47.742601,10.373332,47560.100667,671.563855,58360.475333,2119.22379,16189.8,0.0,55470.439333,671.564347,7910.338,0.0,2069.715333,13.488968,100.351339,3.018629,0.0,0.0,0.0,0.0,0.0,0.0
JFE_STEEL_JP,JFE Steel,CAND-C973F96EA1BC5C,P1,PORT-E123D45B71CC,ACCELERATED_15C,False,False,True,226.220909,100,208.72473,3.576817,208.72473,3.576817,51.072207,8.993006,47217.898,809.150778,58771.499333,1775.55078,16189.8,0.0,58833.096333,809.150255,11615.198,0.0,2587.735,16.815649,119.681891,3.624833,0.0,0.0,0.0,0.0,0.0,0.0
JFE_STEEL_JP,JFE Steel,CAND-CB30BCF3D9CF92,P1,PORT-D5A2DA370FDA,DISCLOSED_PATH,False,False,False,185.08836,100,18.711924,0.412501,18.711924,0.412501,9.667132,1.332033,3463.359667,76.349221,5252.633,322.488045,11996.6,0.0,9957.033667,76.349221,6493.674,0.0,992.208333,37.626098,-91.174159,0.293239,0.0,0.0,0.0,0.0,0.0,0.0
JFE_STEEL_JP,JFE Steel,CAND-CB30BCF3D9CF92,P1,PORT-D5A2DA370FDA,ACCELERATED_15C,False,False,True,185.08836,100,4.347502,0.357271,4.347502,0.357271,10.254227,1.503935,804.672333,66.12652,2702.610333,343.292744,11996.6,0.0,10439.074333,66.12652,9634.402,0.0,1191.554,45.188243,-84.695337,0.419551,0.0,0.0,0.0,0.0,0.0,0.0
JFE_STEEL_JP,JFE Steel,CAND-CBE864A3B5E624,P2,PORT-408F044D6828,DISCLOSED_PATH,False,True,False,302.295879,100,215.564421,2.116565,215.564421,2.116565,44.099571,3.71149,65164.236,639.829042,78495.354667,1405.640017,18906.8,0.0,75759.899,639.829042,10595.663,0.0,4583.065,54.170294,105.678337,2.215887,0.0,0.0,0.0,0.0,0.0,0.0
JFE_STEEL_JP,JFE Steel,CAND-CBE864A3B5E624,P2,PORT-408F044D6828,ACCELERATED_15C,False,False,True,302.295879,100,212.616801,1.816756,212.616801,1.816756,46.628478,2.641479,64273.183,549.197722,78368.779667,1105.89059,18906.8,0.0,79857.455,549.197722,15584.272,0.0,6246.977333,78.262731,123.573961,1.913563,0.0,0.0,0.0,0.0,0.0,0.0
JFE_STEEL_JP,JFE Steel,CAND-DF57CBE06564A4,P3,PORT-6E49C004BA31,DISCLOSED_PATH,False,False,True,163.575867,100,170.154604,0.640743,170.154604,0.640743,30.60509,3.196581,27833.186667,104.81014,32839.441,422.546088,13615.8,0.0,33579.520667,104.81014,5746.334,0.0,3398.819667,22.436602,60.26852,0.855605,0.0,0.0,0.0,0.0,0.0,0.0
JFE_STEEL_JP,JFE Steel,CAND-DF57CBE06564A4,P3,PORT-6E49C004BA31,ACCELERATED_15C,False,False,True,163.575867,100,161.359536,0.12853,161.359536,0.12853,32.738486,3.046735,26394.526,21.024451,31749.752333,477.473736,13615.8,0.0,34907.005,21.024451,8512.479,0.0,4785.373333,49.033327,72.316697,0.48771,0.0,0.0,0.0,0.0,0.0,0.0
JFE_STEEL_JP,JFE Steel,CAND-DFCA23D16E81A2,P1,PORT-408F044D6828,DISCLOSED_PATH,False,True,False,302.295879,100,221.726755,2.41723,221.726755,2.41723,50.942844,4.122932,67027.084333,730.718939,82426.896,1582.173679,18906.8,0.0,77622.747333,730.718939,10595.663,0.0,2749.144,60.959512,111.840672,2.517592,0.0,0.0,0.0,0.0,0.0,0.0
JFE_STEEL_JP,JFE Steel,CAND-DFCA23D16E81A2,P1,PORT-408F044D6828,ACCELERATED_15C,False,False,True,302.295879,100,221.874612,2.047593,221.874612,2.047593,54.779268,2.939944,67071.781,618.978798,83631.328,1233.02203,18906.8,0.0,82656.053,618.978798,15584.272,0.0,3437.026333,76.190517,132.831772,2.131026,0.0,0.0,0.0,0.0,0.0,0.0
JFE_STEEL_JP,JFE Steel,CAND-DFD36ABEC37623,P1,PORT-7F45069F34E3,DISCLOSED_PATH,False,False,True,203.088353,100,152.798976,0.424222,152.798976,0.424222,38.475141,3.720472,31031.692333,86.154575,38845.545,712.687261,15661.8,0.0,38158.233667,86.154427,7126.542,0.0,1749.733,49.135919,42.912892,0.626681,0.0,0.0,0.0,0.0,0.0,0.0
JFE_STEEL_JP,JFE Steel,CAND-DFD36ABEC37623,P1,PORT-7F45069F34E3,ACCELERATED_15C,False,False,True,203.088353,100,147.900935,0.911816,147.900935,0.911816,42.600316,4.073319,30036.957333,185.17906,38688.585333,743.35473,15661.8,0.0,40610.382333,185.17906,10573.425,0.0,2169.205667,63.164347,58.858096,1.275386,0.0,0.0,0.0,0.0,0.0,0.0
JFE_STEEL_JP,JFE Steel,CAND-E142C0366C78ED,P4,PORT-49F18FB13125,DISCLOSED_PATH,False,True,False,369.350858,100,138.733369,0.955819,138.733369,0.955819,18.264031,2.936973,51241.288667,353.032417,57987.124333,873.451735,19531.6,0.0,64156.165667,353.032417,12914.877,0.0,8847.708333,55.843666,28.847285,0.959955,0.0,0.0,0.0,0.0,0.0,0.0
JFE_STEEL_JP,JFE Steel,CAND-E142C0366C78ED,P4,PORT-49F18FB13125,ACCELERATED_15C,False,True,False,369.350858,100,125.606642,1.126348,125.606642,1.126348,18.209758,3.366263,46392.921,416.017602,53118.711,926.549606,19531.6,0.0,65340.509,416.017602,18947.588,0.0,12532.800333,103.336266,36.563802,0.999433,0.0,0.0,0.0,0.0,0.0,0.0
JFE_STEEL_JP,JFE Steel,CAND-E1C48D333700EA,P7,PORT-B91429E42CEB,DISCLOSED_PATH,False,True,False,445.512827,100,180.466341,0.106333,180.466341,0.106333,1.763781,0.299977,80400.07,47.372578,81185.857,87.560185,23196.8,0.0,95983.735,47.372578,15583.665,0.0,29954.289333,18.452895,70.580258,0.166341,0.0,0.0,0.0,0.0,0.0,0.0
JFE_STEEL_JP,JFE Steel,CAND-E1C48D333700EA,P7,PORT-B91429E42CEB,ACCELERATED_15C,False,True,False,445.512827,100,150.686246,0.090294,150.686246,0.090294,1.555122,0.241163,67132.655667,40.227061,67825.482333,68.304163,23196.8,0.0,89930.927333,40.226515,22798.272,0.0,44445.785667,24.767337,61.643407,0.316945,0.0,0.0,0.0,0.0,0.0,0.0
JFE_STEEL_JP,JFE Steel,CAND-E2E67FC7600525,P2,PORT-7BA11C62DF95,DISCLOSED_PATH,False,False,False,219.408411,100,167.790352,0.875899,167.790352,0.875899,36.151354,5.651543,36814.614667,192.179427,44746.525667,1276.824487,13945.8,0.0,44486.986,192.179354,7672.372,0.0,2707.064667,28.780298,57.904268,0.922747,0.0,0.0,0.0,0.0,0.0,0.0
JFE_STEEL_JP,JFE Steel,CAND-E2E67FC7600525,P2,PORT-7BA11C62DF95,ACCELERATED_15C,False,False,True,219.408411,100,161.018491,1.053895,161.018491,1.053895,38.592391,5.753182,35328.811,231.233516,43796.306667,1363.507385,13945.8,0.0,46588.674,231.233516,11259.863,0.0,3634.052667,37.415054,71.975651,1.153037,0.0,0.0,0.0,0.0,0.0,0.0
JFE_STEEL_JP,JFE Steel,CAND-E5C3BE482793EF,P4,PORT-4577AB24CD05,DISCLOSED_PATH,False,True,False,389.600851,100,204.097593,1.446355,204.097593,1.446355,23.166699,2.151612,79516.595667,563.50105,88542.361333,443.702171,23196.8,0.0,93143.687333,563.501116,13627.091,0.0,13241.144,99.603266,94.211509,1.485607,0.0,0.0,0.0,0.0,0.0,0.0
JFE_STEEL_JP,JFE Steel,CAND-E5C3BE482793EF,P4,PORT-4577AB24CD05,ACCELERATED_15C,False,True,False,389.600851,100,191.469162,1.513633,191.469162,1.513633,23.532325,1.590558,74596.548333,589.712837,83764.762333,243.260087,23196.8,0.0,94597.308,589.712943,20000.76,0.0,19105.23,177.595271,102.426323,1.487195,0.0,0.0,0.0,0.0,0.0,0.0
JFE_STEEL_JP,JFE Steel,CAND-E97F5B55830909,P1,PORT-A7F00CD0D5D9,DISCLOSED_PATH,False,False,True,145.575874,100,16.456727,0.731318,16.456727,0.731318,9.132992,0.531584,2395.702333,106.46224,3725.246,174.025002,9950.6,0.0,7509.168667,106.462523,5113.466,0.0,654.370333,18.723107,-93.429357,0.518593,0.0,0.0,0.0,0.0,0.0,0.0
JFE_STEEL_JP,JFE Steel,CAND-E97F5B55830909,P1,PORT-A7F00CD0D5D9,ACCELERATED_15C,False,False,True,145.575874,100,2.102303,0.799954,2.102303,0.799954,9.800831,0.639063,306.044667,116.453836,1732.809333,195.756705,9950.6,0.0,7879.500667,116.453836,7573.456,0.0,786.183667,22.494393,-86.940537,0.424772,0.0,0.0,0.0,0.0,0.0,0.0
KOBE_STEEL_JP,Kobe Steel,CAND-4D158AE8BC3521,P3,PORT-1144EBE63B41,DISCLOSED_PATH,True,True,True,102.391093,100,144.914667,0.732437,144.914667,0.732437,26.596099,3.660696,14837.971,74.994872,17561.174667,400.02399,5037.34,0.0,18413.729,74.994872,3575.758,0.0,1806.500667,23.220691,92.153492,0.921026,0.0,0.0,0.0,0.0,0.0,0.0
KOBE_STEEL_JP,Kobe Steel,CAND-4D158AE8BC3521,P3,PORT-1144EBE63B41,ACCELERATED_15C,True,True,True,102.391093,100,134.536228,0.949668,134.536228,0.949668,27.622337,3.456895,13775.311667,97.237551,16603.592667,414.16556,5037.34,0.0,19019.654667,97.237551,5244.343,0.0,2507.879,20.550154,10.119178,0.606588,0.0,0.0,0.0,0.0,0.0,0.0
KOBE_STEEL_JP,Kobe Steel,CAND-C9EAFC0F482485,P2,PORT-1144EBE63B41,DISCLOSED_PATH,True,True,True,102.391093,100,150.824535,0.915673,150.824535,0.915673,33.510406,4.63557,15443.089333,93.756774,18874.256,510.107472,5037.34,0.0,19018.847333,93.756774,3575.758,0.0,1161.642667,19.600547,98.06336,1.083831,0.0,0.0,0.0,0.0,0.0,0.0
KOBE_STEEL_JP,Kobe Steel,CAND-C9EAFC0F482485,P2,PORT-1144EBE63B41,ACCELERATED_15C,True,True,True,102.391093,100,143.553637,1.206047,143.553637,1.206047,35.550363,4.394942,14698.614,123.488233,18338.654333,530.555245,5037.34,0.0,19942.957,123.488233,5244.343,0.0,1549.675667,25.59727,19.136587,0.856327,0.0,0.0,0.0,0.0,0.0,0.0
KOBE_STEEL_JP,Kobe Steel,CAND-DCD679F188D852,P1,PORT-1144EBE63B41,DISCLOSED_PATH,True,True,True,102.391093,100,154.881266,1.068648,154.881266,1.068648,38.706193,5.28943,15858.462333,109.42003,19821.631667,589.678143,5037.34,0.0,19434.220333,109.42003,3575.758,0.0,719.085333,14.311354,102.120091,1.211999,0.0,0.0,0.0,0.0,0.0,0.0
KOBE_STEEL_JP,Kobe Steel,CAND-DCD679F188D852,P1,PORT-1144EBE63B41,ACCELERATED_15C,True,True,True,102.391093,100,149.703764,1.437148,149.703764,1.437148,41.657847,5.102073,15328.331667,147.151206,19593.724667,619.909305,5037.34,0.0,20572.674667,147.151206,5244.343,0.0,889.914667,17.97063,25.286714,1.085205,0.0,0.0,0.0,0.0,0.0,0.0
KOBE_STEEL_JP,Kobe Steel,CAND-314B41E5534D98,P3,PORT-9862FC05DA24,DISCLOSED_PATH,True,True,True,105.301092,100,177.919639,1.563052,177.919639,1.563052,28.601441,4.304925,18735.132667,164.591263,21746.895333,396.879917,6178.04,0.0,22412.155667,164.591263,3677.023,0.0,2258.993667,18.249687,125.158464,1.624868,0.0,0.0,0.0,0.0,0.0,0.0
KOBE_STEEL_JP,Kobe Steel,CAND-314B41E5534D98,P3,PORT-9862FC05DA24,ACCELERATED_15C,True,True,True,105.301092,100,168.981512,1.333816,168.981512,1.333816,30.313161,3.632698,17793.937667,140.452694,20985.946667,335.061543,6178.04,0.0,23189.679333,140.452276,5395.742,0.0,3152.001667,13.417953,44.564462,0.973984,0.0,0.0,0.0,0.0,0.0,0.0
KOBE_STEEL_JP,Kobe Steel,CAND-CE22CF7F8F72DA,P2,PORT-9862FC05DA24,DISCLOSED_PATH,True,True,True,105.301092,100,185.271357,1.942039,185.271357,1.942039,36.048779,5.269786,19509.276333,204.498825,23305.252,489.336126,6178.04,0.0,23186.299333,204.498825,3677.023,0.0,1458.409667,14.345275,132.510182,1.990102,0.0,0.0,0.0,0.0,0.0,0.0
KOBE_STEEL_JP,Kobe Steel,CAND-CE22CF7F8F72DA,P2,PORT-9862FC05DA24,ACCELERATED_15C,True,True,True,105.301092,100,179.982508,1.723553,179.982508,1.723553,39.208809,4.46055,18952.354667,181.492144,23081.085,406.254754,6178.04,0.0,24348.096333,181.492015,5395.742,0.0,1954.581,25.293484,55.565458,1.349462,0.0,0.0,0.0,0.0,0.0,0.0
KOBE_STEEL_JP,Kobe Steel,CAND-B3597FD7767497,P1,PORT-9862FC05DA24,DISCLOSED_PATH,True,True,True,105.301092,100,190.308168,2.194038,190.308168,2.194038,41.637136,5.91798,20039.657667,231.034571,24424.094,550.94893,6178.04,0.0,23716.680667,231.034571,3677.023,0.0,911.107667,22.297835,137.546993,2.238335,0.0,0.0,0.0,0.0,0.0,0.0
KOBE_STEEL_JP,Kobe Steel,CAND-B3597FD7767497,P1,PORT-9862FC05DA24,ACCELERATED_15C,True,True,True,105.301092,100,187.45389,2.049648,187.45389,2.049648,46.009401,5.052658,19739.099667,215.830283,24583.939667,455.509724,6178.04,0.0,25134.841,215.829733,5395.742,0.0,1138.99,27.880872,63.03684,1.668001,0.0,0.0,0.0,0.0,0.0,0.0
KOBE_STEEL_JP,Kobe Steel,CAND-9DD8DD0C56A40D,P3,PORT-8384667F6B8E,DISCLOSED_PATH,True,True,True,96.451092,100,52.761175,0.351162,52.761175,0.351162,12.213185,1.098397,5088.873,33.870227,6266.848,74.634734,4999.94,0.0,8456.520333,33.869802,3367.648,0.0,892.639333,14.773165,0.0,0.0,0.0,0.0,0.0,0.0,0.0,0.0
KOBE_STEEL_JP,Kobe Steel,CAND-9DD8DD0C56A40D,P3,PORT-8384667F6B8E,ACCELERATED_15C,False,False,True,96.451092,100,40.787273,0.443362,40.787273,0.443362,12.971742,0.975567,3933.977,42.762961,5185.115667,65.815985,4999.94,0.0,8878.555333,42.763097,4944.578,0.0,1161.419667,16.735854,-83.629777,0.890186,0.0,0.0,0.0,0.0,0.0,0.0
KOBE_STEEL_JP,Kobe Steel,CAND-7F0A690E87B72D,P2,PORT-8384667F6B8E,DISCLOSED_PATH,True,True,True,96.451092,100,54.571059,0.42828,54.571059,0.42828,15.244511,1.380907,5263.438,41.308444,6733.787667,96.133487,4999.94,0.0,8631.085667,41.307911,3367.648,0.0,722.163667,11.163221,1.809884,0.084698,0.0,0.0,0.0,0.0,0.0,0.0
KOBE_STEEL_JP,Kobe Steel,CAND-7F0A690E87B72D,P2,PORT-8384667F6B8E,ACCELERATED_15C,False,False,True,96.451092,100,43.462632,0.647424,43.462632,0.647424,16.398205,1.31642,4192.018,62.4445,5773.643333,94.394498,4999.94,0.0,9136.596667,62.445077,4944.578,0.0,912.171667,15.187163,-80.954418,1.112588,0.0,0.0,0.0,0.0,0.0,0.0
KOBE_STEEL_JP,Kobe Steel,CAND-D80CE96AA3B5C1,P1,PORT-8384667F6B8E,DISCLOSED_PATH,True,True,True,96.451092,100,55.858502,0.543761,55.858502,0.543761,17.614355,1.55889,5387.613333,52.446251,7086.537,101.666327,4999.94,0.0,8755.261,52.446394,3367.648,0.0,609.687667,9.419265,3.097327,0.193092,0.0,0.0,0.0,0.0,0.0,0.0
KOBE_STEEL_JP,Kobe Steel,CAND-D80CE96AA3B5C1,P1,PORT-8384667F6B8E,ACCELERATED_15C,False,False,True,96.451092,100,45.290238,0.758038,45.290238,0.758038,19.174663,1.465112,4368.292667,73.113765,6217.710333,107.116422,4999.94,0.0,9312.871333,73.113483,4944.578,0.0,750.046667,10.759876,-79.126812,1.225681,0.0,0.0,0.0,0.0,0.0,0.0
KOBE_STEEL_JP,Kobe Steel,CAND-B51B2DE2F2D28C,P4,PORT-8A59F01B884D,DISCLOSED_PATH,False,True,False,114.781594,100,138.296532,0.670705,138.296532,0.670705,18.113837,2.039983,15873.896333,76.984541,17953.031333,230.214344,5037.34,0.0,19870.007667,76.984365,3996.111,0.0,2688.364,18.309028,85.535357,0.918982,0.0,0.0,0.0,0.0,0.0,0.0
KOBE_STEEL_JP,Kobe Steel,CAND-B51B2DE2F2D28C,P4,PORT-8A59F01B884D,ACCELERATED_15C,True,True,True,114.781594,100,124.611265,0.804957,124.611265,0.804957,18.202043,2.157929,14303.079667,92.394221,16392.339333,222.645573,5037.34,0.0,20137.140667,92.394221,5834.061,0.0,3820.419,20.578917,0.194215,0.33639,0.0,0.0,0.0,0.0,0.0,0.0
KOBE_STEEL_JP,Kobe Steel,CAND-0E9003448A63C3,P7,PORT-F194BB679477,DISCLOSED_PATH,False,True,False,131.48782,100,150.998561,0.0344,150.998561,0.0344,1.436046,0.165297,19854.471667,4.523237,20043.294333,23.164,6178.04,0.0,24442.429667,4.523237,4587.958,0.0,7396.908667,1.805369,98.237386,0.338545,0.0,0.0,0.0,0.0,0.0,0.0
KOBE_STEEL_JP,Kobe Steel,CAND-0E9003448A63C3,P7,PORT-F194BB679477,ACCELERATED_15C,True,True,True,131.48782,100,124.927059,0.032921,124.927059,0.032921,1.249907,0.14139,16426.386667,4.328408,16590.734333,17.746388,6178.04,0.0,23135.609667,4.328408,6709.223,0.0,10850.862667,2.627231,0.510009,0.445949,0.0,0.0,0.0,0.0,0.0,0.0
KOBE_STEEL_JP,Kobe Steel,CAND-C9A7A01CF97824,P6,PORT-6AF097B8F6F8,DISCLOSED_PATH,False,True,False,124.953456,100,154.658432,0.304092,154.658432,0.304092,5.058107,0.783485,19325.105667,37.996993,19957.133667,89.36907,6178.04,0.0,23680.646333,37.997456,4355.541,0.0,6296.177333,12.339302,101.897257,0.550219,0.0,0.0,0.0,0.0,0.0,0.0
KOBE_STEEL_JP,Kobe Steel,CAND-C9A7A01CF97824,P6,PORT-6AF097B8F6F8,ACCELERATED_15C,True,True,True,124.953456,100,131.515037,0.275446,131.515037,0.275446,4.462916,0.675618,16433.258667,34.417848,16990.915333,70.416306,6178.04,0.0,22801.213667,34.417848,6367.955,0.0,9195.342667,19.900192,7.097987,0.202332,0.0,0.0,0.0,0.0,0.0,0.0
KOBE_STEEL_JP,Kobe Steel,CAND-DDE822F7D41D2E,P5,PORT-0095E30DB97C,DISCLOSED_PATH,False,True,False,118.419093,100,164.251151,0.406222,164.251151,0.406222,12.139488,1.767072,19450.472,48.104409,20888.019667,162.496107,6178.04,0.0,23573.645,48.104409,4123.173,0.0,4704.028,5.326898,111.489976,0.752281,0.0,0.0,0.0,0.0,0.0,0.0
KOBE_STEEL_JP,Kobe Steel,CAND-DDE822F7D41D2E,P5,PORT-0095E30DB97C,ACCELERATED_15C,True,True,True,118.419093,100,146.42726,0.433809,146.42726,0.433809,11.557012,1.849227,17339.783333,51.371136,18708.354,169.299998,6178.04,0.0,23363.574,51.371611,6023.791,0.0,6807.494,9.155558,22.01021,0.280975,0.0,0.0,0.0,0.0,0.0,0.0
KOBE_STEEL_JP,Kobe Steel,CAND-352C3A40240600,P4,PORT-0095E30DB97C,DISCLOSED_PATH,False,True,False,118.419093,100,173.874534,0.780514,173.874534,0.780514,20.331251,2.980808,20590.064333,92.427527,22997.672667,267.818687,6178.04,0.0,24713.237,92.427983,4123.173,0.0,3457.108,2.316052,121.113359,1.11646,0.0,0.0,0.0,0.0,0.0,0.0
KOBE_STEEL_JP,Kobe Steel,CAND-352C3A40240600,P4,PORT-0095E30DB97C,ACCELERATED_15C,True,True,True,118.419093,100,161.283313,0.886666,161.283313,0.886666,20.227229,3.21964,19099.023667,104.998241,21494.314,289.489597,6178.04,0.0,25122.814333,104.998411,6023.791,0.0,4932.404333,11.5811,36.866263,0.490239,0.0,0.0,0.0,0.0,0.0,0.0
KOBE_STEEL_JP,Kobe Steel,CAND-17BC99375C7C5C,P1,PORT-3DA05887C62D,DISCLOSED_PATH,False,True,False,93.541093,100,13.278876,0.29813,13.278876,0.29813,8.162349,1.445498,1242.120333,27.887542,2005.635333,142.00817,3859.24,0.0,4508.503,27.887358,3266.383,0.0,419.049667,10.294396,-39.482299,0.456028,0.0,0.0,0.0,0.0,0.0,0.0
KOBE_STEEL_JP,Kobe Steel,CAND-17BC99375C7C5C,P1,PORT-3DA05887C62D,ACCELERATED_15C,False,False,True,93.541093,100,-0.669375,0.37763,-0.669375,0.37763,8.694202,1.431642,-62.614333,35.324006,750.651,140.086841,3859.24,0.0,4730.565667,35.324006,4793.18,0.0,503.028667,12.367358,-125.086425,0.318704,0.0,0.0,0.0,0.0,0.0,0.0
KOBE_STEEL_JP,Kobe Steel,CAND-202E0A81514742,P2,PORT-5EAB84C29074,DISCLOSED_PATH,False,False,True,85.5131,100,175.357255,0.813829,175.357255,0.813829,39.585246,6.135126,14995.342667,69.592843,18380.399667,579.836458,3997.29,0.0,17983.763667,69.592843,2988.421,0.0,996.052667,11.47522,122.59608,0.852442,0.0,0.0,0.0,0.0,0.0,0.0
KOBE_STEEL_JP,Kobe Steel,CAND-202E0A81514742,P2,PORT-5EAB84C29074,ACCELERATED_15C,False,False,True,85.5131,100,169.540478,1.239439,169.540478,1.239439,41.671341,6.017404,14497.931667,105.988135,18061.377333,601.879022,3997.29,0.0,18864.163,105.988409,4366.231,0.0,1351.741667,9.334467,45.123428,0.987192,0.0,0.0,0.0,0.0,0.0,0.0
KOBE_STEEL_JP,Kobe Steel,CAND-20911E55FBB215,P3,PORT-661396C334A7,DISCLOSED_PATH,False,False,True,45.121088,100,82.660346,0.076694,82.660346,0.076694,20.034569,2.821176,3729.725,3.46048,4633.706333,127.281218,3925.79,0.0,5302.995,3.46048,1573.27,0.0,622.685667,7.640625,29.899171,0.283534,0.0,0.0,0.0,0.0,0.0,0.0
KOBE_STEEL_JP,Kobe Steel,CAND-20911E55FBB215,P3,PORT-661396C334A7,ACCELERATED_15C,False,False,True,45.121088,100,71.188235,0.115404,71.188235,0.115404,21.309857,2.736728,3212.090333,5.207013,4173.614333,120.386497,3925.79,0.0,5539.922,5.20723,2327.831,0.0,847.917,3.744148,-53.228815,0.534879,0.0,0.0,0.0,0.0,0.0,0.0
KOBE_STEEL_JP,Kobe Steel,CAND-344C7E39FA18A3,P1,PORT-661396C334A7,DISCLOSED_PATH,False,False,True,45.121088,100,88.548295,0.164191,88.548295,0.164191,29.077228,4.056625,3995.395,7.408394,5307.391333,178.735347,3925.79,0.0,5568.665,7.408394,1573.27,0.0,347.737667,4.923974,35.78712,0.190653,0.0,0.0,0.0,0.0,0.0,0.0
KOBE_STEEL_JP,Kobe Steel,CAND-344C7E39FA18A3,P1,PORT-661396C334A7,ACCELERATED_15C,False,False,True,45.121088,100,80.217288,0.118667,80.217288,0.118667,32.076576,3.917755,3619.491333,5.354434,5066.821333,171.86587,3925.79,0.0,5947.322333,5.354434,2327.831,0.0,434.775667,6.153712,-44.199762,0.484711,0.0,0.0,0.0,0.0,0.0,0.0
KOBE_STEEL_JP,Kobe Steel,CAND-7994EC1E34FADB,P4,PORT-ED997010A5D3,DISCLOSED_PATH,False,False,False,93.684102,100,163.687193,0.885274,163.687193,0.885274,21.029499,2.717967,15334.887667,82.936282,17305.017,273.355315,3997.29,0.0,18594.044333,82.935718,3259.156,0.0,2506.529333,18.966617,110.926018,1.124713,0.0,0.0,0.0,0.0,0.0,0.0
KOBE_STEEL_JP,Kobe Steel,CAND-7994EC1E34FADB,P4,PORT-ED997010A5D3,ACCELERATED_15C,False,False,True,93.684102,100,150.234489,0.9605,150.234489,0.9605,20.924558,2.595057,14074.583,89.983668,16034.881333,255.049206,3997.29,0.0,18808.212333,89.983453,4733.629,0.0,3612.163333,22.643218,25.817439,0.489448,0.0,0.0,0.0,0.0,0.0,0.0
KOBE_STEEL_JP,Kobe Steel,CAND-88A58A95717947,P1,PORT-5EAB84C29074,DISCLOSED_PATH,False,False,True,85.5131,100,180.262486,0.964655,180.262486,0.964655,45.705033,7.081003,15414.803667,82.49082,19323.182667,673.301266,3997.29,0.0,18403.225333,82.490493,2988.421,0.0,556.716333,9.67082,127.501311,0.978699,0.0,0.0,0.0,0.0,0.0,0.0
KOBE_STEEL_JP,Kobe Steel,CAND-88A58A95717947,P1,PORT-5EAB84C29074,ACCELERATED_15C,False,False,True,85.5131,100,176.93148,1.468744,176.93148,1.468744,48.81277,7.115999,15129.959333,125.596948,19304.090667,712.098114,3997.29,0.0,19496.190333,125.596948,4366.231,0.0,696.002667,12.086624,52.51443,1.201208,0.0,0.0,0.0,0.0,0.0,0.0
KOBE_STEEL_JP,Kobe Steel,CAND-8D7AF2E68805C6,P3,PORT-5EAB84C29074,DISCLOSED_PATH,False,False,True,85.5131,100,168.190749,0.627743,168.190749,0.627743,31.393595,4.8666,14382.512333,53.680043,17067.075667,456.952744,3997.29,0.0,17370.933667,53.680248,2988.421,0.0,1646.948667,11.15984,115.429574,0.700747,0.0,0.0,0.0,0.0,0.0,0.0
KOBE_STEEL_JP,Kobe Steel,CAND-8D7AF2E68805C6,P3,PORT-5EAB84C29074,ACCELERATED_15C,False,False,True,85.5131,100,158.670074,0.934414,158.670074,0.934414,32.26039,4.62001,13568.369667,79.904795,16327.056,459.622659,3997.29,0.0,17934.601333,79.904485,4366.231,0.0,2318.124333,13.860662,34.253024,0.703612,0.0,0.0,0.0,0.0,0.0,0.0
KOBE_STEEL_JP,Kobe Steel,CAND-9D068D97FB272C,P2,PORT-661396C334A7,DISCLOSED_PATH,False,False,True,45.121088,100,86.135056,0.113122,86.135056,0.113122,25.223349,3.537821,3886.507333,5.104317,5024.612333,157.775691,3925.79,0.0,5459.777333,5.104317,1573.27,0.0,455.327333,11.259274,33.373881,0.238576,0.0,0.0,0.0,0.0,0.0,0.0
KOBE_STEEL_JP,Kobe Steel,CAND-9D068D97FB272C,P2,PORT-661396C334A7,ACCELERATED_15C,False,False,True,45.121088,100,76.523666,0.119625,76.523666,0.119625,27.453773,3.426847,3452.831,5.39788,4691.575333,150.692869,3925.79,0.0,5780.662333,5.397579,2327.831,0.0,596.512667,12.248772,-47.893384,0.521557,0.0,0.0,0.0,0.0,0.0,0.0
KOBE_STEEL_JP,Kobe Steel,CAND-B928C0FFDA3842,P1,PORT-D7B02E3224C4,DISCLOSED_PATH,False,False,True,76.663099,100,9.889266,0.311085,9.889266,0.311085,8.167688,2.040862,758.142,23.848712,1384.302,161.007836,2819.19,0.0,3437.188,23.848712,2679.046,0.0,256.331,4.426077,-42.871909,0.532006,0.0,0.0,0.0,0.0,0.0,0.0
KOBE_STEEL_JP,Kobe Steel,CAND-B928C0FFDA3842,P1,PORT-D7B02E3224C4,ACCELERATED_15C,False,False,True,76.663099,100,-4.138449,0.44411,-4.138449,0.44411,8.972708,2.173059,-317.266333,34.046415,370.609333,161.535274,2819.19,0.0,3597.802,34.04695,3915.068,0.0,307.769667,5.308542,-128.555499,0.096161,0.0,0.0,0.0,0.0,0.0,0.0
KOBE_STEEL_JP,Kobe Steel,CAND-E9169FB41B03EE,P1,PORT-0CA13428C264,DISCLOSED_PATH,False,False,True,42.211089,100,-3.130982,0.399334,-3.130982,0.399334,6.593238,0.48415,-132.162333,16.856419,146.145667,7.266568,2785.09,0.0,1339.842667,16.856419,1472.005,0.0,160.371333,2.256977,-55.892157,0.055185,0.0,0.0,0.0,0.0,0.0,0.0
KOBE_STEEL_JP,Kobe Steel,CAND-E9169FB41B03EE,P1,PORT-0CA13428C264,ACCELERATED_15C,False,False,True,42.211089,100,-18.589975,0.338218,-18.589975,0.338218,6.892688,0.693882,-784.703,14.276501,-493.755,24.30184,2785.09,0.0,1391.73,14.276501,2176.433,0.0,192.617667,2.707252,-143.007025,0.796547,0.0,0.0,0.0,0.0,0.0,0.0
KOBE_STEEL_JP,Kobe Steel,CAND-F3EC79559B1773,P1,PORT-B0BA3BE7A418,DISCLOSED_PATH,False,False,True,25.333096,100,-24.238507,0.107745,-24.238507,0.107745,1.977993,0.504255,-614.036667,2.729423,-563.927667,12.602576,1745.04,0.0,270.632,2.72948,884.668,0.0,1.233,0.035595,-76.999682,0.405592,0.0,0.0,0.0,0.0,0.0,0.0
KOBE_STEEL_JP,Kobe Steel,CAND-F3EC79559B1773,P1,PORT-B0BA3BE7A418,ACCELERATED_15C,False,False,True,25.333096,100,-40.343704,0.133396,-40.343704,0.133396,2.036046,0.476293,-1022.031,3.379259,-970.451667,11.786353,1745.04,0.0,276.29,3.379259,1298.321,0.0,1.643667,0.047089,-164.760754,0.343484,0.0,0.0,0.0,0.0,0.0,0.0
