candidate_id,company_id,company_name,template_plan_id,physical_portfolio_id,scenario_id,common_avoided_emissions_mtco2,deterministic_economic_npv_bn_krw,deterministic_cost_common_kkrw_per_tco2,carbon_budget_feasible,scenario_feasible,first_budget_breach_year,max_annual_budget_excess_mtco2,minimum_annual_budget_margin_mtco2,physical_constraints_feasible,resource_constraints_feasible,construction_concurrency_feasible,failure_risk_constraint_feasible,first_resource_breach_year,max_scrap_supply_excess_mt,max_hydrogen_supply_excess_mt,max_incremental_grid_excess_twh,max_concurrent_construction_projects,concurrent_construction_limit,portfolio_failure_probability,portfolio_failure_probability_limit,expected_failure_delay_years
CAND-00B5592B22DA24,POSCO_KR,POSCO,P4,PORT-66E75B54664A,DISCLOSED_PATH,505.60626,47712.268,94.36645,True,True,,0.0,2.0275124185786808e-05,True,True,True,True,,0.0,0.0,0.0,3,3,0.5181043679999999,0.65,2.5
CAND-00B5592B22DA24,POSCO_KR,POSCO,P4,PORT-66E75B54664A,ACCELERATED_15C,505.60626,41224.578,81.534944,True,True,,0.0,2.0275124185786808e-05,True,True,True,True,,0.0,0.0,0.0,3,3,0.5181043679999999,0.65,2.5
CAND-014834EFF571CA,POSCO_KR,POSCO,P2,PORT-26982033AA0F,DISCLOSED_PATH,150.693902,17024.587,112.974623,False,False,2040,12.619087010000001,-12.619087010000001,True,True,True,True,,0.0,0.0,0.0,2,3,0.3107906560000001,0.65,1.06
CAND-014834EFF571CA,POSCO_KR,POSCO,P2,PORT-26982033AA0F,ACCELERATED_15C,150.693902,15580.055,103.388754,False,False,2030,32.319087010000004,-32.319087010000004,True,True,True,True,,0.0,0.0,0.0,2,3,0.3107906560000001,0.65,1.06
CAND-022C4C9D65C291,POSCO_KR,POSCO,P2,PORT-3D4DF75A91D4,DISCLOSED_PATH,247.593892,32068.846,129.521958,True,True,,0.0,2.0275124185786808e-05,True,True,True,True,,0.0,0.0,0.0,3,3,0.41130035200000004,0.65,1.6999999999999997
CAND-022C4C9D65C291,POSCO_KR,POSCO,P2,PORT-3D4DF75A91D4,ACCELERATED_15C,247.593892,29953.33,120.977663,False,False,2030,16.16908871,-16.16908871,True,True,True,True,,0.0,0.0,0.0,3,3,0.41130035200000004,0.65,1.6999999999999997
CAND-03F5DDC22322D9,POSCO_KR,POSCO,P1,PORT-2E4122B1D61A,DISCLOSED_PATH,305.733857,44650.094,146.04236,True,False,,0.0,2.0275124185786808e-05,False,False,True,True,2029,0.0,0.04299987899999996,0.0,2,3,0.41130035200000004,0.65,1.7
CAND-03F5DDC22322D9,POSCO_KR,POSCO,P1,PORT-2E4122B1D61A,ACCELERATED_15C,305.733857,42653.182,139.510823,False,False,2035,19.399090750000003,-19.399090750000003,True,True,True,True,,0.0,0.0,0.0,2,3,0.41130035200000004,0.65,1.7
CAND-0792E2DF105A73,POSCO_KR,POSCO,P5,PORT-C07B5FF15869,DISCLOSED_PATH,362.346302,44516.622,122.856566,True,True,,0.0,2.0275124185786808e-05,True,True,True,True,,0.0,0.0,0.0,3,3,0.49715238399999995,0.65,2.34
CAND-0792E2DF105A73,POSCO_KR,POSCO,P5,PORT-C07B5FF15869,ACCELERATED_15C,362.346302,38890.511,107.329676,False,False,2030,5.470451711490618,-5.470451711490618,True,True,True,True,,0.0,0.0,0.0,3,3,0.49715238399999995,0.65,2.34
CAND-0A4190A420448F,POSCO_KR,POSCO,P1,PORT-92AEBEABC7A8,DISCLOSED_PATH,232.293891,16309.673,70.211374,True,True,,0.0,2.0275124185786808e-05,True,True,True,True,,0.0,0.0,0.0,3,3,0.33950771199999996,0.65,1.2199999999999998
CAND-0A4190A420448F,POSCO_KR,POSCO,P1,PORT-92AEBEABC7A8,ACCELERATED_15C,232.293891,13738.317,59.141966,False,False,2030,17.86908886,-17.86908886,True,True,True,True,,0.0,0.0,0.0,3,3,0.33950771199999996,0.65,1.2199999999999998
CAND-0B0DF7CC24CCF4,POSCO_KR,POSCO,P3,PORT-7DC46150E6EE,DISCLOSED_PATH,388.383849,43029.809,110.791963,True,False,,0.0,2.0275124185786808e-05,False,False,True,True,2029,0.0,0.04299987899999996,0.0,2,3,0.43582950399999987,0.65,1.8599999999999999
CAND-0B0DF7CC24CCF4,POSCO_KR,POSCO,P3,PORT-7DC46150E6EE,ACCELERATED_15C,388.383849,38554.208,99.268311,False,False,2040,5.624092200000003,-5.624092200000003,True,True,True,True,,0.0,0.0,0.0,2,3,0.43582950399999987,0.65,1.8599999999999999
CAND-0BE357EA5504BE,POSCO_KR,POSCO,P2,PORT-4FCB78A64B21,DISCLOSED_PATH,282.664267,12023.05,42.534735,True,True,,0.0,2.0275124185786808e-05,True,True,True,True,,0.0,0.0,0.0,2,3,0.3670282239999999,0.65,1.3800000000000001
CAND-0BE357EA5504BE,POSCO_KR,POSCO,P2,PORT-4FCB78A64B21,ACCELERATED_15C,282.664267,8209.26,29.04244,False,False,2030,5.470451711490618,-5.470451711490618,True,True,True,True,,0.0,0.0,0.0,2,3,0.3670282239999999,0.65,1.3800000000000001
CAND-0CC63FAC54D3C0,POSCO_KR,POSCO,P2,PORT-A620DB8F058C,DISCLOSED_PATH,434.951232,33966.321,78.092252,True,True,,0.0,2.0275124185786808e-05,True,True,True,True,,0.0,0.0,0.0,3,3,0.45933660799999987,0.65,2.02
CAND-0CC63FAC54D3C0,POSCO_KR,POSCO,P2,PORT-A620DB8F058C,ACCELERATED_15C,434.951232,29139.23,66.994246,True,True,,0.0,2.0275124185786808e-05,True,True,True,True,,0.0,0.0,0.0,3,3,0.45933660799999987,0.65,2.02
CAND-0CC93D992FF190,POSCO_KR,POSCO,P3,PORT-531039DEA968,DISCLOSED_PATH,297.964268,27272.823,91.530514,True,True,,0.0,2.0275124185786808e-05,True,True,True,True,,0.0,0.0,0.0,2,3,0.43582950399999987,0.65,1.86
CAND-0CC93D992FF190,POSCO_KR,POSCO,P3,PORT-531039DEA968,ACCELERATED_15C,297.964268,23648.405,79.366581,False,False,2030,5.470451711490618,-5.470451711490618,True,True,True,True,,0.0,0.0,0.0,2,3,0.43582950399999987,0.65,1.86
CAND-0D9DBFAFAC1A93,POSCO_KR,POSCO,P2,PORT-1CB3B12B9B60,DISCLOSED_PATH,453.004224,54717.65,120.788388,True,False,,0.0,2.0275124185786808e-05,False,False,True,True,2029,0.0,0.04299987899999996,0.0,2,3,0.5181043679999999,0.65,2.5
CAND-0D9DBFAFAC1A93,POSCO_KR,POSCO,P2,PORT-1CB3B12B9B60,ACCELERATED_15C,453.004224,50475.868,111.424718,True,True,,0.0,2.0275124185786808e-05,True,True,True,True,,0.0,0.0,0.0,2,3,0.5181043679999999,0.65,2.5
CAND-0F7926E25C7DDC,POSCO_KR,POSCO,P2,PORT-B0374F687394,DISCLOSED_PATH,338.051243,18922.063,55.973948,True,True,,0.0,2.0275124185786808e-05,True,True,True,True,,0.0,0.0,0.0,2,3,0.3670282239999999,0.65,1.38
CAND-0F7926E25C7DDC,POSCO_KR,POSCO,P2,PORT-B0374F687394,ACCELERATED_15C,338.051243,14765.954,43.679633,False,False,2035,7.519745565000001,-7.519745565000001,True,True,True,True,,0.0,0.0,0.0,2,3,0.3670282239999999,0.65,1.38
CAND-11A200804B1E4C,POSCO_KR,POSCO,P1,PORT-9341B5E9E1AE,DISCLOSED_PATH,190.511279,1796.705,9.430965,False,False,2035,0.5397425250000012,-0.5397425250000012,True,True,True,True,,0.0,0.0,0.0,2,3,0.25895987200000004,0.65,0.74
CAND-11A200804B1E4C,POSCO_KR,POSCO,P1,PORT-9341B5E9E1AE,ACCELERATED_15C,190.511279,-1122.509,-5.892089,False,False,2030,20.239742525,-20.239742525,True,True,True,True,,0.0,0.0,0.0,2,3,0.25895987200000004,0.65,0.74
CAND-1205E8D72A4654,POSCO_KR,POSCO,P3,PORT-A620DB8F058C,DISCLOSED_PATH,434.951232,32983.849,75.833442,True,True,,0.0,2.0275124185786808e-05,True,True,True,True,,0.0,0.0,0.0,3,3,0.45933660799999987,0.65,2.02
CAND-1205E8D72A4654,POSCO_KR,POSCO,P3,PORT-A620DB8F058C,ACCELERATED_15C,434.951232,27648.537,63.566982,True,True,,0.0,2.0275124185786808e-05,True,True,True,True,,0.0,0.0,0.0,3,3,0.45933660799999987,0.65,2.02
CAND-12C017BA38B922,POSCO_KR,POSCO,P1,PORT-D42DEB3BDB60,DISCLOSED_PATH,364.533852,17342.261,47.573801,True,True,,0.0,2.0275124185786808e-05,True,True,True,True,,0.0,0.0,0.0,3,3,0.367028224,0.65,1.38
CAND-12C017BA38B922,POSCO_KR,POSCO,P1,PORT-D42DEB3BDB60,ACCELERATED_15C,364.533852,12921.569,35.446828,False,False,2040,6.849092049999999,-6.849092049999999,True,True,True,True,,0.0,0.0,0.0,3,3,0.367028224,0.65,1.38
CAND-13A3A87B46A419,POSCO_KR,POSCO,P4,PORT-C9ABA0ED93B4,DISCLOSED_PATH,496.681253,41390.925,83.334985,True,False,,0.0,2.0275124185786808e-05,False,False,True,True,2028,0.030599310000003044,0.16799987899999996,0.25344701500000255,2,3,0.45933660799999987,0.65,2.02
CAND-13A3A87B46A419,POSCO_KR,POSCO,P4,PORT-C9ABA0ED93B4,ACCELERATED_15C,496.681253,34558.76,69.579352,True,True,,0.0,2.0275124185786808e-05,True,True,True,True,,0.0,0.0,0.0,2,3,0.45933660799999987,0.65,2.02
CAND-1452ABFC21BA3C,POSCO_KR,POSCO,P3,PORT-2E4122B1D61A,DISCLOSED_PATH,305.733857,42196.952,138.018577,True,False,,0.0,2.0275124185786808e-05,False,False,True,True,2029,0.0,0.04299987899999996,0.0,2,3,0.41130035200000004,0.65,1.7
CAND-1452ABFC21BA3C,POSCO_KR,POSCO,P3,PORT-2E4122B1D61A,ACCELERATED_15C,305.733857,38980.686,127.498755,False,False,2035,19.399090750000003,-19.399090750000003,True,True,True,True,,0.0,0.0,0.0,2,3,0.41130035200000004,0.65,1.7
CAND-149176B54DA5B1,POSCO_KR,POSCO,P2,PORT-58F96F629E32,DISCLOSED_PATH,243.51423,11568.344,47.505822,True,True,,0.0,2.0275124185786808e-05,True,True,True,True,,0.0,0.0,0.0,2,3,0.3395077120000001,0.65,1.22
CAND-149176B54DA5B1,POSCO_KR,POSCO,P2,PORT-58F96F629E32,ACCELERATED_15C,243.51423,8472.463,34.792476,False,False,2035,16.703997510000004,-16.703997510000004,True,True,True,True,,0.0,0.0,0.0,2,3,0.3395077120000001,0.65,1.22
CAND-16671384F832DB,POSCO_KR,POSCO,P4,PORT-A7B7FDCF1108,DISCLOSED_PATH,414.706243,56329.185,135.829122,True,False,,0.0,2.0275124185786808e-05,False,False,True,True,2028,0.0,0.16799987899999996,0.0,3,3,0.49715238399999995,0.65,2.34
CAND-16671384F832DB,POSCO_KR,POSCO,P4,PORT-A7B7FDCF1108,ACCELERATED_15C,414.706243,51046.418,123.090546,True,True,,0.0,2.0275124185786808e-05,True,True,True,True,,0.0,0.0,0.0,3,3,0.49715238399999995,0.65,2.34
CAND-16DADA55DF87CF,POSCO_KR,POSCO,P2,PORT-F7156CC53AF8,DISCLOSED_PATH,353.711217,42804.775,121.016165,True,False,,0.0,2.0275124185786808e-05,False,False,True,True,2029,0.0,0.04299987899999996,0.0,3,3,0.43582950399999987,0.65,1.86
CAND-16DADA55DF87CF,POSCO_KR,POSCO,P2,PORT-F7156CC53AF8,ACCELERATED_15C,353.711217,39482.311,111.623012,False,False,2040,1.029748835000003,-1.029748835000003,True,True,True,True,,0.0,0.0,0.0,3,3,0.43582950399999987,0.65,1.86
CAND-19A0EC6A18A011,POSCO_KR,POSCO,P1,PORT-0EE037EBD6C8,DISCLOSED_PATH,387.333846,43559.568,112.460009,True,False,,0.0,2.0275124185786808e-05,False,False,True,True,2029,0.0,0.04299987899999996,0.0,3,3,0.435829504,0.65,1.8599999999999999
CAND-19A0EC6A18A011,POSCO_KR,POSCO,P1,PORT-0EE037EBD6C8,ACCELERATED_15C,387.333846,40252.571,103.922164,False,False,2040,4.949092600000004,-4.949092600000004,True,True,True,True,,0.0,0.0,0.0,3,3,0.435829504,0.65,1.8599999999999999
CAND-19C362AB4D3239,POSCO_KR,POSCO,P1,PORT-CA761749FFB1,DISCLOSED_PATH,287.411269,17160.787,59.708122,True,True,,0.0,2.0275124185786808e-05,True,True,True,True,,0.0,0.0,0.0,3,3,0.3670282239999999,0.65,1.3800000000000001
CAND-19C362AB4D3239,POSCO_KR,POSCO,P1,PORT-CA761749FFB1,ACCELERATED_15C,287.411269,13726.556,47.759282,False,False,2030,5.470451711490618,-5.470451711490618,True,True,True,True,,0.0,0.0,0.0,3,3,0.3670282239999999,0.65,1.3800000000000001
CAND-1F4761E26DC6B1,POSCO_KR,POSCO,P2,PORT-15CB4F8207C5,DISCLOSED_PATH,312.214267,42315.721,135.534232,True,True,,0.0,2.0275124185786808e-05,True,True,True,True,,0.0,0.0,0.0,3,3,0.49715238399999995,0.65,2.34
CAND-1F4761E26DC6B1,POSCO_KR,POSCO,P2,PORT-15CB4F8207C5,ACCELERATED_15C,312.214267,39702.272,127.163541,False,False,2030,5.470451711490618,-5.470451711490618,True,True,True,True,,0.0,0.0,0.0,3,3,0.49715238399999995,0.65,2.34
CAND-1FADD59D3B21C5,POSCO_KR,POSCO,P4,PORT-121CD1CE83BA,DISCLOSED_PATH,398.081245,40615.37,102.027842,True,False,,0.0,2.0275124185786808e-05,False,False,True,True,2028,0.0,0.16799987899999996,0.0,2,3,0.43582950399999987,0.65,1.86
CAND-1FADD59D3B21C5,POSCO_KR,POSCO,P4,PORT-121CD1CE83BA,ACCELERATED_15C,398.081245,35213.155,88.457207,False,False,2040,1.028999510000002,-1.028999510000002,True,True,True,True,,0.0,0.0,0.0,2,3,0.43582950399999987,0.65,1.86
CAND-219E2C98DF5995,POSCO_KR,POSCO,P2,PORT-7DC46150E6EE,DISCLOSED_PATH,388.383849,44470.775,114.502122,True,False,,0.0,2.0275124185786808e-05,False,False,True,True,2029,0.0,0.04299987899999996,0.0,2,3,0.43582950399999987,0.65,1.8599999999999999
CAND-219E2C98DF5995,POSCO_KR,POSCO,P2,PORT-7DC46150E6EE,ACCELERATED_15C,388.383849,40726.927,104.862565,False,False,2040,5.624092200000003,-5.624092200000003,True,True,True,True,,0.0,0.0,0.0,2,3,0.43582950399999987,0.65,1.8599999999999999
CAND-22439B2EE07AD0,POSCO_KR,POSCO,P2,PORT-0EE037EBD6C8,DISCLOSED_PATH,387.333846,42623.64,110.043675,True,False,,0.0,2.0275124185786808e-05,False,False,True,True,2029,0.0,0.04299987899999996,0.0,3,3,0.435829504,0.65,1.8599999999999999
CAND-22439B2EE07AD0,POSCO_KR,POSCO,P2,PORT-0EE037EBD6C8,ACCELERATED_15C,387.333846,38857.074,100.319337,False,False,2040,4.949092600000004,-4.949092600000004,True,True,True,True,,0.0,0.0,0.0,3,3,0.435829504,0.65,1.8599999999999999
CAND-2326AF763A3588,POSCO_KR,POSCO,P2,PORT-81FCB4F2E5A2,DISCLOSED_PATH,340.414219,26612.602,78.177118,True,True,,0.0,2.0275124185786808e-05,True,True,True,True,,0.0,0.0,0.0,3,3,0.435829504,0.65,1.86
CAND-2326AF763A3588,POSCO_KR,POSCO,P2,PORT-81FCB4F2E5A2,ACCELERATED_15C,340.414219,22845.739,67.111587,False,False,2040,0.5539992100000006,-0.5539992100000006,True,True,True,True,,0.0,0.0,0.0,3,3,0.435829504,0.65,1.86
CAND-246A81370ACBB0,POSCO_KR,POSCO,P2,PORT-CD2F629A3E6E,DISCLOSED_PATH,345.551235,28435.294,82.289661,True,False,,0.0,2.0275124185786808e-05,False,False,True,True,2029,0.0,0.04299987899999996,0.0,2,3,0.3670282239999999,0.65,1.38
CAND-246A81370ACBB0,POSCO_KR,POSCO,P2,PORT-CD2F629A3E6E,ACCELERATED_15C,345.551235,24476.918,70.834409,False,False,2035,7.319746265000003,-7.319746265000003,True,True,True,True,,0.0,0.0,0.0,2,3,0.3670282239999999,0.65,1.38
CAND-2568A716EEF6E8,POSCO_KR,POSCO,P1,PORT-F833A94324B4,DISCLOSED_PATH,200.014276,11390.939,56.950629,False,False,2035,0.22908671178420548,-0.22908671178420548,True,True,True,True,,0.0,0.0,0.0,2,3,0.33950771199999996,0.65,1.2199999999999998
CAND-2568A716EEF6E8,POSCO_KR,POSCO,P1,PORT-F833A94324B4,ACCELERATED_15C,200.014276,8934.751,44.670564,False,False,2030,17.86399345,-17.86399345,True,True,True,True,,0.0,0.0,0.0,2,3,0.33950771199999996,0.65,1.2199999999999998
CAND-25E596C7BBF514,POSCO_KR,POSCO,P1,PORT-2038E8D6C481,DISCLOSED_PATH,428.201226,29861.829,69.737841,True,False,,0.0,2.0275124185786808e-05,False,False,True,True,2029,4.583295980000006,0.04299987899999996,0.0,2,3,0.3934020479999999,0.65,1.5399999999999998
CAND-25E596C7BBF514,POSCO_KR,POSCO,P1,PORT-2038E8D6C481,ACCELERATED_15C,428.201226,24946.989,58.259966,True,True,,0.0,2.0275124185786808e-05,True,True,True,True,,0.0,0.0,0.0,2,3,0.3934020479999999,0.65,1.5399999999999998
CAND-26D54185A83CF5,POSCO_KR,POSCO,P3,PORT-81FCB4F2E5A2,DISCLOSED_PATH,340.414219,25883.458,76.035185,True,True,,0.0,2.0275124185786808e-05,True,True,True,True,,0.0,0.0,0.0,3,3,0.435829504,0.65,1.86
CAND-26D54185A83CF5,POSCO_KR,POSCO,P3,PORT-81FCB4F2E5A2,ACCELERATED_15C,340.414219,21736.304,63.852515,False,False,2040,0.5539992100000006,-0.5539992100000006,True,True,True,True,,0.0,0.0,0.0,3,3,0.435829504,0.65,1.86
CAND-2712C702DDAE02,POSCO_KR,POSCO,P1,PORT-7DC46150E6EE,DISCLOSED_PATH,388.383849,45465.323,117.062857,True,False,,0.0,2.0275124185786808e-05,False,False,True,True,2029,0.0,0.04299987899999996,0.0,2,3,0.43582950399999987,0.65,1.8599999999999999
CAND-2712C702DDAE02,POSCO_KR,POSCO,P1,PORT-7DC46150E6EE,ACCELERATED_15C,388.383849,42208.426,108.67709,False,False,2040,5.624092200000003,-5.624092200000003,True,True,True,True,,0.0,0.0,0.0,2,3,0.43582950399999987,0.65,1.8599999999999999
CAND-2775122CBD1438,POSCO_KR,POSCO,P1,PORT-34425DFA5633,DISCLOSED_PATH,330.911223,17524.843,52.959349,True,True,,0.0,2.0275124185786808e-05,True,True,True,True,,0.0,0.0,0.0,3,3,0.3670282239999999,0.65,1.3800000000000001
CAND-2775122CBD1438,POSCO_KR,POSCO,P1,PORT-34425DFA5633,ACCELERATED_15C,330.911223,13548.406,40.942722,False,False,2040,2.9297482850000023,-2.9297482850000023,True,True,True,True,,0.0,0.0,0.0,3,3,0.3670282239999999,0.65,1.3800000000000001
CAND-27EB06146B7A52,POSCO_KR,POSCO,P3,PORT-13C60822C05B,DISCLOSED_PATH,437.704222,37480.183,85.629018,True,False,,0.0,2.0275124185786808e-05,False,False,True,True,2029,0.0,0.04299987899999996,0.0,2,3,0.45933660799999987,0.65,2.02
CAND-27EB06146B7A52,POSCO_KR,POSCO,P3,PORT-13C60822C05B,ACCELERATED_15C,437.704222,32023.823,73.163158,True,True,,0.0,2.0275124185786808e-05,True,True,True,True,,0.0,0.0,0.0,2,3,0.45933660799999987,0.65,2.02
CAND-2A6D4478832AD4,POSCO_KR,POSCO,P1,PORT-92CC472C5A75,DISCLOSED_PATH,420.701234,20099.13,47.775306,True,False,,0.0,2.0275124185786808e-05,False,False,True,True,2037,5.183293880000004,0.0,0.0,2,3,0.3934020479999999,0.65,1.54
CAND-2A6D4478832AD4,POSCO_KR,POSCO,P1,PORT-92CC472C5A75,ACCELERATED_15C,420.701234,14865.662,35.335438,True,False,,0.0,2.0275124185786808e-05,False,False,True,True,2037,0.18329388000000435,0.0,0.0,2,3,0.3934020479999999,0.65,1.54
CAND-2B083F97838C06,POSCO_KR,POSCO,P2,PORT-0442454A7656,DISCLOSED_PATH,256.811227,27760.516,108.096972,True,False,,0.0,2.0275124185786808e-05,False,False,True,True,2029,0.0,0.04299987899999996,0.0,2,3,0.33950771199999996,0.65,1.22
CAND-2B083F97838C06,POSCO_KR,POSCO,P2,PORT-0442454A7656,ACCELERATED_15C,256.811227,25109.036,97.772344,False,False,2035,17.179747135000003,-17.179747135000003,True,True,True,True,,0.0,0.0,0.0,2,3,0.33950771199999996,0.65,1.22
CAND-2B5676B6D45C1A,POSCO_KR,POSCO,P1,PORT-C84CC20B372A,DISCLOSED_PATH,267.633863,1978.179,7.391363,False,False,2040,3.29909035,-3.29909035,True,True,True,True,,0.0,0.0,0.0,2,3,0.25895987200000004,0.65,0.74
CAND-2B5676B6D45C1A,POSCO_KR,POSCO,P1,PORT-C84CC20B372A,ACCELERATED_15C,267.633863,-1927.496,-7.20199,False,False,2035,22.99909035,-22.99909035,True,True,True,True,,0.0,0.0,0.0,2,3,0.25895987200000004,0.65,0.74
CAND-2DFF873B7DBA5A,POSCO_KR,POSCO,P1,PORT-914DDED0291C,DISCLOSED_PATH,443.501227,46316.437,104.433616,True,False,,0.0,2.0275124185786808e-05,False,False,True,True,2029,0.0,0.04299987899999996,0.0,2,3,0.45933660799999987,0.65,2.0199999999999996
CAND-2DFF873B7DBA5A,POSCO_KR,POSCO,P1,PORT-914DDED0291C,ACCELERATED_15C,443.501227,42196.665,95.144415,True,True,,0.0,2.0275124185786808e-05,True,True,True,True,,0.0,0.0,0.0,2,3,0.45933660799999987,0.65,2.0199999999999996
CAND-2E3979656A2F4C,POSCO_KR,POSCO,P1,PORT-BC271EDDCEA1,DISCLOSED_PATH,284.343839,28342.183,99.675742,True,False,,0.0,2.0275124185786808e-05,False,False,True,True,2029,0.0,0.04299987899999996,0.0,2,3,0.33950771199999996,0.65,1.22
CAND-2E3979656A2F4C,POSCO_KR,POSCO,P1,PORT-BC271EDDCEA1,ACCELERATED_15C,284.343839,25597.35,90.022522,False,False,2040,17.184093220000005,-17.184093220000005,True,True,True,True,,0.0,0.0,0.0,2,3,0.33950771199999996,0.65,1.22
CAND-2EAFEFF65EF371,POSCO_KR,POSCO,P1,PORT-39601EAF8865,DISCLOSED_PATH,193.924259,11537.636,59.495579,True,True,,0.0,2.0275124185786808e-05,True,True,True,True,,0.0,0.0,0.0,2,3,0.33950771199999996,0.65,1.2200000000000002
CAND-2EAFEFF65EF371,POSCO_KR,POSCO,P1,PORT-39601EAF8865,ACCELERATED_15C,193.924259,9128.594,47.072986,False,False,2030,13.94899577,-13.94899577,True,True,True,True,,0.0,0.0,0.0,2,3,0.33950771199999996,0.65,1.2200000000000002
CAND-2F5D03A613EDBE,POSCO_KR,POSCO,P1,PORT-0E469489028A,DISCLOSED_PATH,261.543846,2124.876,8.124359,True,True,,0.0,2.0275124185786808e-05,True,True,True,True,,0.0,0.0,0.0,2,3,0.2589598719999999,0.65,0.7399999999999999
CAND-2F5D03A613EDBE,POSCO_KR,POSCO,P1,PORT-0E469489028A,ACCELERATED_15C,261.543846,-1733.653,-6.628536,False,False,2035,19.084092670000008,-19.084092670000008,True,True,True,True,,0.0,0.0,0.0,2,3,0.2589598719999999,0.65,0.7399999999999999
CAND-2FCEDED2C189C1,POSCO_KR,POSCO,P4,PORT-08632101CCF5,DISCLOSED_PATH,488.606259,30730.025,62.893229,True,False,,0.0,2.0275124185786808e-05,False,False,True,True,2036,0.0,0.0,0.063446895000002,3,3,0.459336608,0.65,2.02
CAND-2FCEDED2C189C1,POSCO_KR,POSCO,P4,PORT-08632101CCF5,ACCELERATED_15C,488.606259,24223.062,49.575832,True,True,,0.0,2.0275124185786808e-05,True,True,True,True,,0.0,0.0,0.0,3,3,0.459336608,0.65,2.02
CAND-33464B9BFCF5F1,POSCO_KR,POSCO,P2,PORT-88B20AD20AAC,DISCLOSED_PATH,402.633847,58693.543,145.773991,True,False,,0.0,2.0275124185786808e-05,False,False,True,True,2029,0.0,0.04299987899999996,0.0,3,3,0.49715238399999995,0.65,2.34
CAND-33464B9BFCF5F1,POSCO_KR,POSCO,P2,PORT-88B20AD20AAC,ACCELERATED_15C,402.633847,55538.506,137.937997,False,False,2040,3.2490924500000027,-3.2490924500000027,True,True,True,True,,0.0,0.0,0.0,3,3,0.49715238399999995,0.65,2.34
CAND-34EC5D94896BC9,POSCO_KR,POSCO,P1,PORT-560F313069EA,DISCLOSED_PATH,442.451224,44410.682,100.374187,True,False,,0.0,2.0275124185786808e-05,False,False,True,True,2029,0.0,0.04299987899999996,0.0,3,3,0.45933660799999987,0.65,2.02
CAND-34EC5D94896BC9,POSCO_KR,POSCO,P1,PORT-560F313069EA,ACCELERATED_15C,442.451224,40240.81,90.949708,True,True,,0.0,2.0275124185786808e-05,True,True,True,True,,0.0,0.0,0.0,3,3,0.45933660799999987,0.65,2.02
CAND-3507880EF33BF0,POSCO_KR,POSCO,P1,PORT-F28B31921945,DISCLOSED_PATH,322.751241,2829.293,8.766172,True,False,,0.0,2.0275124185786808e-05,False,False,True,True,2037,3.1582950799999985,0.0,0.0,2,3,0.2898365439999999,0.65,0.8999999999999999
CAND-3507880EF33BF0,POSCO_KR,POSCO,P1,PORT-F28B31921945,ACCELERATED_15C,322.751241,-1939.258,-6.008522,False,False,2035,9.219745714999998,-9.219745714999998,True,True,True,True,,0.0,0.0,0.0,2,3,0.2898365439999999,0.65,0.8999999999999999
CAND-3628A7B8A49C9B,POSCO_KR,POSCO,P2,PORT-582BD7A8624A,DISCLOSED_PATH,143.553883,15324.165,106.74852,False,False,2040,8.029089730000003,-8.029089730000003,True,True,True,True,,0.0,0.0,0.0,3,3,0.3107906560000001,0.65,1.0599999999999998
CAND-3628A7B8A49C9B,POSCO_KR,POSCO,P2,PORT-582BD7A8624A,ACCELERATED_15C,143.553883,13904.017,96.855735,False,False,2030,27.729089730000002,-27.729089730000002,True,True,True,True,,0.0,0.0,0.0,3,3,0.3107906560000001,0.65,1.0599999999999998
CAND-368B9DEAF0CA93,POSCO_KR,POSCO,P5,PORT-1319BCCBA344,DISCLOSED_PATH,449.530784,59460.37,132.272075,True,False,,0.0,2.0275124185786808e-05,False,False,True,True,2028,0.0,0.16799987899999996,0.0,3,3,0.49715238399999995,0.65,2.34
CAND-368B9DEAF0CA93,POSCO_KR,POSCO,P5,PORT-1319BCCBA344,ACCELERATED_15C,449.530784,52198.579,116.117919,False,False,2040,3.2490924500000027,-3.2490924500000027,True,True,True,True,,0.0,0.0,0.0,3,3,0.49715238399999995,0.65,2.34
CAND-3C2E939294CFA6,POSCO_KR,POSCO,P1,PORT-0DA980ACBA29,DISCLOSED_PATH,365.583855,19248.016,52.650071,True,True,,0.0,2.0275124185786808e-05,True,True,True,True,,0.0,0.0,0.0,2,3,0.3670282239999999,0.65,1.38
CAND-3C2E939294CFA6,POSCO_KR,POSCO,P1,PORT-0DA980ACBA29,ACCELERATED_15C,365.583855,14877.424,40.69497,False,False,2040,7.524091650000003,-7.524091650000003,True,True,True,True,,0.0,0.0,0.0,2,3,0.3670282239999999,0.65,1.38
CAND-3C7B4652F1639B,POSCO_KR,POSCO,P2,PORT-C86521A83E05,DISCLOSED_PATH,201.693848,26904.603,133.393275,False,False,2040,11.259091770000005,-11.259091770000005,False,False,True,True,2029,0.0,0.04299987899999996,0.0,2,3,0.3107906560000001,0.65,1.06
CAND-3C7B4652F1639B,POSCO_KR,POSCO,P2,PORT-C86521A83E05,ACCELERATED_15C,201.693848,25115.917,124.524953,False,False,2035,30.959091770000004,-30.959091770000004,True,True,True,True,,0.0,0.0,0.0,2,3,0.3107906560000001,0.65,1.06
CAND-3D473BA95B905B,POSCO_KR,POSCO,P2,PORT-5EADC2E7AC5E,DISCLOSED_PATH,290.433856,27579.381,94.95925,False,False,2040,1.3990909000000045,-1.3990909000000045,False,False,True,True,2029,0.0,0.04299987899999996,0.0,2,3,0.33950771199999996,0.65,1.22
CAND-3D473BA95B905B,POSCO_KR,POSCO,P2,PORT-5EADC2E7AC5E,ACCELERATED_15C,290.433856,24483.799,84.300774,False,False,2035,21.099090900000004,-21.099090900000004,True,True,True,True,,0.0,0.0,0.0,2,3,0.33950771199999996,0.65,1.22
CAND-3E6ECFFBE0F7B4,POSCO_KR,POSCO,P3,PORT-0EE037EBD6C8,DISCLOSED_PATH,387.333846,41268.428,106.544854,True,False,,0.0,2.0275124185786808e-05,False,False,True,True,2029,0.0,0.04299987899999996,0.0,3,3,0.435829504,0.65,1.8599999999999999
CAND-3E6ECFFBE0F7B4,POSCO_KR,POSCO,P3,PORT-0EE037EBD6C8,ACCELERATED_15C,387.333846,36811.385,95.037874,False,False,2040,4.949092600000004,-4.949092600000004,True,True,True,True,,0.0,0.0,0.0,3,3,0.435829504,0.65,1.8599999999999999
CAND-3EF3401E681A60,POSCO_KR,POSCO,P2,PORT-92CC472C5A75,DISCLOSED_PATH,420.701234,19743.553,46.930106,True,False,,0.0,2.0275124185786808e-05,False,False,True,True,2037,5.183293880000004,0.0,0.0,2,3,0.3934020479999999,0.65,1.54
CAND-3EF3401E681A60,POSCO_KR,POSCO,P2,PORT-92CC472C5A75,ACCELERATED_15C,420.701234,14327.65,34.056592,True,False,,0.0,2.0275124185786808e-05,False,False,True,True,2037,0.18329388000000435,0.0,0.0,2,3,0.3934020479999999,0.65,1.54
CAND-40BFDB12501E80,POSCO_KR,POSCO,P2,PORT-39D02858EAF7,DISCLOSED_PATH,339.461218,28582.007,84.198151,True,False,,0.0,2.0275124185786808e-05,False,False,True,True,2029,0.0,0.04299987899999996,0.0,2,3,0.3670282239999999,0.65,1.38
CAND-40BFDB12501E80,POSCO_KR,POSCO,P2,PORT-39D02858EAF7,ACCELERATED_15C,339.461218,24670.731,72.676141,False,False,2040,3.4047485850000037,-3.4047485850000037,True,True,True,True,,0.0,0.0,0.0,2,3,0.3670282239999999,0.65,1.38
CAND-41EB575A6CCF22,POSCO_KR,POSCO,P3,PORT-E80F0DA86082,DISCLOSED_PATH,298.593838,40582.134,135.910823,True,False,,0.0,2.0275124185786808e-05,False,False,True,True,2029,0.0,0.04299987899999996,0.0,3,3,0.41130035200000004,0.65,1.7
CAND-41EB575A6CCF22,POSCO_KR,POSCO,P3,PORT-E80F0DA86082,ACCELERATED_15C,298.593838,37431.449,125.359082,False,False,2040,14.809093470000004,-14.809093470000004,True,True,True,True,,0.0,0.0,0.0,3,3,0.41130035200000004,0.65,1.7
CAND-42754835C7B93E,POSCO_KR,POSCO,P2,PORT-531039DEA968,DISCLOSED_PATH,297.964268,28092.953,94.282959,True,True,,0.0,2.0275124185786808e-05,True,True,True,True,,0.0,0.0,0.0,2,3,0.43582950399999987,0.65,1.86
CAND-42754835C7B93E,POSCO_KR,POSCO,P2,PORT-531039DEA968,ACCELERATED_15C,297.964268,24890.692,83.535828,False,False,2030,5.470451711490618,-5.470451711490618,True,True,True,True,,0.0,0.0,0.0,2,3,0.43582950399999987,0.65,1.86
CAND-43D21D2C670699,POSCO_KR,POSCO,P5,PORT-58026D3E7D92,DISCLOSED_PATH,530.306253,70857.353,133.61591,True,False,,0.0,2.0275124185786808e-05,False,False,True,True,2028,0.0,0.16799987899999996,0.0,3,3,0.5704843279999999,0.65,2.9799999999999995
CAND-43D21D2C670699,POSCO_KR,POSCO,P5,PORT-58026D3E7D92,ACCELERATED_15C,530.306253,62374.378,117.619541,True,True,,0.0,2.0275124185786808e-05,True,True,True,True,,0.0,0.0,0.0,3,3,0.5704843279999999,0.65,2.9799999999999995
CAND-445D4D8D2CDA89,POSCO_KR,POSCO,P1,PORT-D611F29113B4,DISCLOSED_PATH,348.964214,38787.531,111.150454,True,False,,0.0,2.0275124185786808e-05,False,False,True,True,2029,0.0,0.04299987899999996,0.0,2,3,0.43582950399999987,0.65,1.86
CAND-445D4D8D2CDA89,POSCO_KR,POSCO,P1,PORT-D611F29113B4,ACCELERATED_15C,348.964214,35642.848,102.138977,False,False,2040,1.028999510000002,-1.028999510000002,True,True,True,True,,0.0,0.0,0.0,2,3,0.43582950399999987,0.65,1.86
CAND-44C957BBFA61A4,POSCO_KR,POSCO,P1,PORT-96133A6427FE,DISCLOSED_PATH,430.20423,29693.364,69.021552,True,True,,0.0,2.0275124185786808e-05,True,True,True,True,,0.0,0.0,0.0,2,3,0.45933660799999987,0.65,2.02
CAND-44C957BBFA61A4,POSCO_KR,POSCO,P1,PORT-96133A6427FE,ACCELERATED_15C,430.20423,24922.922,57.932769,True,True,,0.0,2.0275124185786808e-05,True,True,True,True,,0.0,0.0,0.0,2,3,0.45933660799999987,0.65,2.02
CAND-455C0CE17360E6,POSCO_KR,POSCO,P1,PORT-DE64C6FAC717,DISCLOSED_PATH,184.421263,1943.402,10.537843,True,True,,0.0,2.0275124185786808e-05,True,True,True,True,,0.0,0.0,0.0,2,3,0.25895987200000004,0.65,0.7399999999999999
CAND-455C0CE17360E6,POSCO_KR,POSCO,P1,PORT-DE64C6FAC717,ACCELERATED_15C,184.421263,-928.666,-5.035569,False,False,2030,16.324744844999994,-16.324744844999994,True,True,True,True,,0.0,0.0,0.0,2,3,0.25895987200000004,0.65,0.7399999999999999
CAND-4566ECD06C16F8,POSCO_KR,POSCO,P3,PORT-83A899345F31,DISCLOSED_PATH,215.314277,26439.966,122.797085,True,True,,0.0,2.0275124185786808e-05,True,True,True,True,,0.0,0.0,0.0,2,3,0.41130035200000004,0.65,1.6999999999999997
CAND-4566ECD06C16F8,POSCO_KR,POSCO,P3,PORT-83A899345F31,ACCELERATED_15C,215.314277,24074.883,111.812756,False,False,2030,16.163993299999998,-16.163993299999998,True,True,True,True,,0.0,0.0,0.0,2,3,0.41130035200000004,0.65,1.6999999999999997
CAND-4578ACD5570D76,POSCO_KR,POSCO,P3,PORT-1CB3B12B9B60,DISCLOSED_PATH,453.004224,52989.488,116.973496,True,False,,0.0,2.0275124185786808e-05,False,False,True,True,2029,0.0,0.04299987899999996,0.0,2,3,0.5181043679999999,0.65,2.5
CAND-4578ACD5570D76,POSCO_KR,POSCO,P3,PORT-1CB3B12B9B60,ACCELERATED_15C,453.004224,47868.683,105.669397,True,True,,0.0,2.0275124185786808e-05,True,True,True,True,,0.0,0.0,0.0,2,3,0.5181043679999999,0.65,2.5
CAND-466C04961ED513,POSCO_KR,POSCO,P2,PORT-7ED23B40E316,DISCLOSED_PATH,414.904229,13064.613,31.488261,True,False,,0.0,2.0275124185786808e-05,False,False,True,True,2035,4.530597659999998,0.0,0.0,2,3,0.3934020479999999,0.65,1.54
CAND-466C04961ED513,POSCO_KR,POSCO,P2,PORT-7ED23B40E316,ACCELERATED_15C,414.904229,7402.041,17.84036,True,True,,0.0,2.0275124185786808e-05,True,True,True,True,,0.0,0.0,0.0,2,3,0.3934020479999999,0.65,1.54
CAND-47D6E186F11A0E,POSCO_KR,POSCO,P1,PORT-7DE802DADA23,DISCLOSED_PATH,129.303884,1092.288,8.447453,False,False,2040,10.404089480000003,-10.404089480000003,True,True,True,True,,0.0,0.0,0.0,2,3,0.2267407360000001,0.65,0.58
CAND-47D6E186F11A0E,POSCO_KR,POSCO,P1,PORT-7DE802DADA23,ACCELERATED_15C,129.303884,-916.904,-7.091081,False,False,2030,30.104089480000003,-30.104089480000003,True,True,True,True,,0.0,0.0,0.0,2,3,0.2267407360000001,0.65,0.58
CAND-48164C66BCCAA6,POSCO_KR,POSCO,P1,PORT-81FCB4F2E5A2,DISCLOSED_PATH,340.414219,27119.077,79.664935,True,True,,0.0,2.0275124185786808e-05,True,True,True,True,,0.0,0.0,0.0,3,3,0.435829504,0.65,1.86
CAND-48164C66BCCAA6,POSCO_KR,POSCO,P1,PORT-81FCB4F2E5A2,ACCELERATED_15C,340.414219,23605.666,69.343949,False,False,2040,0.5539992100000006,-0.5539992100000006,True,True,True,True,,0.0,0.0,0.0,3,3,0.435829504,0.65,1.86
CAND-4AB131FFD4690A,POSCO_KR,POSCO,P3,PORT-2E81D74D4102,DISCLOSED_PATH,363.214213,50541.813,139.151529,True,False,,0.0,2.0275124185786808e-05,False,False,True,True,2029,0.0,0.04299987899999996,0.0,3,3,0.49715238399999995,0.65,2.34
CAND-4AB131FFD4690A,POSCO_KR,POSCO,P3,PORT-2E81D74D4102,ACCELERATED_15C,363.214213,46745.924,128.700701,True,True,,0.0,2.0275124185786808e-05,True,True,True,True,,0.0,0.0,0.0,3,3,0.49715238399999995,0.65,2.34
CAND-4B229E76ADED64,POSCO_KR,POSCO,P5,PORT-A7B7FDCF1108,DISCLOSED_PATH,414.706243,53892.367,129.953113,True,False,,0.0,2.0275124185786808e-05,False,False,True,True,2028,0.0,0.16799987899999996,0.0,3,3,0.49715238399999995,0.65,2.34
CAND-4B229E76ADED64,POSCO_KR,POSCO,P5,PORT-A7B7FDCF1108,ACCELERATED_15C,414.706243,47255.18,113.948562,True,True,,0.0,2.0275124185786808e-05,True,True,True,True,,0.0,0.0,0.0,3,3,0.49715238399999995,0.65,2.34
CAND-4EEFF7014AA338,POSCO_KR,POSCO,P1,PORT-53B67D8C8444,DISCLOSED_PATH,198.671261,16492.255,83.012788,True,True,,0.0,2.0275124185786808e-05,True,True,True,True,,0.0,0.0,0.0,3,3,0.33950771199999996,0.65,1.2200000000000002
CAND-4EEFF7014AA338,POSCO_KR,POSCO,P1,PORT-53B67D8C8444,ACCELERATED_15C,198.671261,14365.155,72.306154,False,False,2030,13.949745094999994,-13.949745094999994,True,True,True,True,,0.0,0.0,0.0,3,3,0.33950771199999996,0.65,1.2200000000000002
CAND-4EF614D30D6D91,POSCO_KR,POSCO,P2,PORT-96133A6427FE,DISCLOSED_PATH,430.20423,29134.516,67.722522,True,True,,0.0,2.0275124185786808e-05,True,True,True,True,,0.0,0.0,0.0,2,3,0.45933660799999987,0.65,2.02
CAND-4EF614D30D6D91,POSCO_KR,POSCO,P2,PORT-96133A6427FE,ACCELERATED_15C,430.20423,24083.473,55.981487,True,True,,0.0,2.0275124185786808e-05,True,True,True,True,,0.0,0.0,0.0,2,3,0.45933660799999987,0.65,2.02
CAND-53345843430514,POSCO_KR,POSCO,P3,PORT-21F188D80A9F,DISCLOSED_PATH,360.851236,43061.423,119.332895,True,False,,0.0,2.0275124185786808e-05,False,False,True,True,2029,0.0,0.04299987899999996,0.0,2,3,0.43582950399999987,0.65,1.8599999999999999
CAND-53345843430514,POSCO_KR,POSCO,P3,PORT-21F188D80A9F,ACCELERATED_15C,360.851236,38982.598,108.029555,False,False,2035,5.619746115000002,-5.619746115000002,True,True,True,True,,0.0,0.0,0.0,2,3,0.43582950399999987,0.65,1.8599999999999999
CAND-59840642E9A31E,POSCO_KR,POSCO,P3,PORT-4EF0EAC87C10,DISCLOSED_PATH,370.354232,52156.631,140.82904,True,False,,0.0,2.0275124185786808e-05,False,False,True,True,2029,0.0,0.04299987899999996,0.0,2,3,0.49715238399999995,0.65,2.34
CAND-59840642E9A31E,POSCO_KR,POSCO,P3,PORT-4EF0EAC87C10,ACCELERATED_15C,370.354232,48295.161,130.402616,False,False,2035,3.24399704,-3.24399704,True,True,True,True,,0.0,0.0,0.0,2,3,0.49715238399999995,0.65,2.34
CAND-59922918D7864B,POSCO_KR,POSCO,P1,PORT-F0FD6CB66057,DISCLOSED_PATH,350.283854,2793.408,7.974698,True,False,,0.0,2.0275124185786808e-05,False,False,True,True,2035,4.530597659999998,0.0,0.0,2,3,0.2898365439999999,0.65,0.8999999999999999
CAND-59922918D7864B,POSCO_KR,POSCO,P1,PORT-F0FD6CB66057,ACCELERATED_15C,350.283854,-2372.252,-6.77237,False,False,2040,9.2240918,-9.2240918,True,True,True,True,,0.0,0.0,0.0,2,3,0.2898365439999999,0.65,0.8999999999999999
CAND-59D8E58B43BE95,POSCO_KR,POSCO,P2,PORT-F833A94324B4,DISCLOSED_PATH,200.014276,11201.559,56.003797,False,False,2035,0.22908671178420548,-0.22908671178420548,True,True,True,True,,0.0,0.0,0.0,2,3,0.33950771199999996,0.65,1.2199999999999998
CAND-59D8E58B43BE95,POSCO_KR,POSCO,P2,PORT-F833A94324B4,ACCELERATED_15C,200.014276,8647.564,43.234735,False,False,2030,17.86399345,-17.86399345,True,True,True,True,,0.0,0.0,0.0,2,3,0.33950771199999996,0.65,1.2199999999999998
CAND-5A38E9B2121618,POSCO_KR,POSCO,P3,PORT-E6131070E165,DISCLOSED_PATH,302.711271,31925.539,105.465312,True,True,,0.0,2.0275124185786808e-05,True,True,True,True,,0.0,0.0,0.0,3,3,0.43582950399999987,0.65,1.86
CAND-5A38E9B2121618,POSCO_KR,POSCO,P3,PORT-E6131070E165,ACCELERATED_15C,302.711271,28437.879,93.943906,False,False,2030,5.470451711490618,-5.470451711490618,True,True,True,True,,0.0,0.0,0.0,3,3,0.43582950399999987,0.65,1.86
CAND-5BEF4156D87882,POSCO_KR,POSCO,P1,PORT-14B830249181,DISCLOSED_PATH,282.933864,18432.787,65.148748,False,False,2040,1.5990901999999991,-1.5990901999999991,True,True,True,True,,0.0,0.0,0.0,2,3,0.33950771199999996,0.65,1.22
CAND-5BEF4156D87882,POSCO_KR,POSCO,P1,PORT-14B830249181,ACCELERATED_15C,282.933864,15322.179,54.154633,False,False,2035,21.2990902,-21.2990902,True,True,True,True,,0.0,0.0,0.0,2,3,0.33950771199999996,0.65,1.22
CAND-5CF529473B6C8A,POSCO_KR,POSCO,P2,PORT-53B67D8C8444,DISCLOSED_PATH,198.671261,16180.077,81.441459,True,True,,0.0,2.0275124185786808e-05,True,True,True,True,,0.0,0.0,0.0,3,3,0.33950771199999996,0.65,1.2200000000000002
CAND-5CF529473B6C8A,POSCO_KR,POSCO,P2,PORT-53B67D8C8444,ACCELERATED_15C,198.671261,13897.135,69.950406,False,False,2030,13.949745094999994,-13.949745094999994,True,True,True,True,,0.0,0.0,0.0,3,3,0.33950771199999996,0.65,1.2200000000000002
CAND-5CFC64B9F431FB,POSCO_KR,POSCO,P4,PORT-0A659009CEAA,DISCLOSED_PATH,518.427508,63080.796,121.677179,True,False,,0.0,2.0275124185786808e-05,False,False,True,True,2028,0.0,0.16799987899999996,0.0,3,3,0.5181043679999999,0.65,2.5
CAND-5CFC64B9F431FB,POSCO_KR,POSCO,P4,PORT-0A659009CEAA,ACCELERATED_15C,518.427508,56287.727,108.57396,True,True,,0.0,2.0275124185786808e-05,True,True,True,True,,0.0,0.0,0.0,3,3,0.5181043679999999,0.65,2.5
CAND-5D4BA5AE2C12A1,POSCO_KR,POSCO,P3,PORT-914DDED0291C,DISCLOSED_PATH,443.501227,43894.28,98.972172,True,False,,0.0,2.0275124185786808e-05,False,False,True,True,2029,0.0,0.04299987899999996,0.0,2,3,0.45933660799999987,0.65,2.0199999999999996
CAND-5D4BA5AE2C12A1,POSCO_KR,POSCO,P3,PORT-914DDED0291C,ACCELERATED_15C,443.501227,38556.121,86.93577,True,True,,0.0,2.0275124185786808e-05,True,True,True,True,,0.0,0.0,0.0,2,3,0.45933660799999987,0.65,2.0199999999999996
CAND-5EDB484CD5BE5A,POSCO_KR,POSCO,P2,PORT-76FA0E81D10C,DISCLOSED_PATH,451.954221,52870.515,116.982014,True,False,,0.0,2.0275124185786808e-05,False,False,True,True,2029,0.0,0.04299987899999996,0.0,3,3,0.5181043679999999,0.65,2.5
CAND-5EDB484CD5BE5A,POSCO_KR,POSCO,P2,PORT-76FA0E81D10C,ACCELERATED_15C,451.954221,48606.016,107.546325,True,True,,0.0,2.0275124185786808e-05,True,True,True,True,,0.0,0.0,0.0,3,3,0.5181043679999999,0.65,2.5
CAND-61FF84233D41BD,POSCO_KR,POSCO,P1,PORT-C4223BE01DD1,DISCLOSED_PATH,111.274268,10722.407,96.360168,False,False,2035,10.089087581784199,-10.089087581784199,True,True,True,True,,0.0,0.0,0.0,2,3,0.3107906560000001,0.65,1.0599999999999998
CAND-61FF84233D41BD,POSCO_KR,POSCO,P1,PORT-C4223BE01DD1,ACCELERATED_15C,111.274268,9573.35,86.033813,False,False,2030,27.72399432,-27.72399432,True,True,True,True,,0.0,0.0,0.0,2,3,0.3107906560000001,0.65,1.0599999999999998
CAND-6339E6B83A8408,POSCO_KR,POSCO,P3,PORT-8826D0B469EE,DISCLOSED_PATH,429.154227,26569.752,61.911896,True,True,,0.0,2.0275124185786808e-05,True,True,True,True,,0.0,0.0,0.0,3,3,0.459336608,0.65,2.02
CAND-6339E6B83A8408,POSCO_KR,POSCO,P3,PORT-8826D0B469EE,ACCELERATED_15C,429.154227,21116.24,49.204315,True,True,,0.0,2.0275124185786808e-05,True,True,True,True,,0.0,0.0,0.0,3,3,0.459336608,0.65,2.02
CAND-63418967481534,POSCO_KR,POSCO,P3,PORT-88B20AD20AAC,DISCLOSED_PATH,402.633847,56777.733,141.015798,True,False,,0.0,2.0275124185786808e-05,False,False,True,True,2029,0.0,0.04299987899999996,0.0,3,3,0.49715238399999995,0.65,2.34
CAND-63418967481534,POSCO_KR,POSCO,P3,PORT-88B20AD20AAC,ACCELERATED_15C,402.633847,52656.245,130.779479,False,False,2040,3.2490924500000027,-3.2490924500000027,True,True,True,True,,0.0,0.0,0.0,3,3,0.49715238399999995,0.65,2.34
CAND-63781C106D5099,POSCO_KR,POSCO,P1,PORT-41705C04BF44,DISCLOSED_PATH,234.011233,2160.761,9.233578,True,True,,0.0,2.0275124185786808e-05,True,True,True,True,,0.0,0.0,0.0,2,3,0.2589598719999999,0.65,0.7399999999999999
CAND-63781C106D5099,POSCO_KR,POSCO,P1,PORT-41705C04BF44,ACCELERATED_15C,234.011233,-1300.659,-5.558105,False,False,2035,19.079746585000006,-19.079746585000006,True,True,True,True,,0.0,0.0,0.0,2,3,0.2589598719999999,0.65,0.7399999999999999
CAND-6518C659D069E2,POSCO_KR,POSCO,P2,PORT-14B830249181,DISCLOSED_PATH,282.933864,18066.15,63.852907,False,False,2040,1.5990901999999991,-1.5990901999999991,True,True,True,True,,0.0,0.0,0.0,2,3,0.33950771199999996,0.65,1.22
CAND-6518C659D069E2,POSCO_KR,POSCO,P2,PORT-14B830249181,ACCELERATED_15C,282.933864,14772.836,52.213034,False,False,2035,21.2990902,-21.2990902,True,True,True,True,,0.0,0.0,0.0,2,3,0.33950771199999996,0.65,1.22
CAND-6521638C73C96E,POSCO_KR,POSCO,P1,PORT-26982033AA0F,DISCLOSED_PATH,150.693902,17400.199,115.467177,False,False,2040,12.619087010000001,-12.619087010000001,True,True,True,True,,0.0,0.0,0.0,2,3,0.3107906560000001,0.65,1.06
CAND-6521638C73C96E,POSCO_KR,POSCO,P1,PORT-26982033AA0F,ACCELERATED_15C,150.693902,16138.928,107.09742,False,False,2030,32.319087010000004,-32.319087010000004,True,True,True,True,,0.0,0.0,0.0,2,3,0.3107906560000001,0.65,1.06
CAND-658DE1AE1D4472,POSCO_KR,POSCO,P2,PORT-2E81D74D4102,DISCLOSED_PATH,363.214213,52195.737,143.705106,True,False,,0.0,2.0275124185786808e-05,False,False,True,True,2029,0.0,0.04299987899999996,0.0,3,3,0.49715238399999995,0.65,2.34
CAND-658DE1AE1D4472,POSCO_KR,POSCO,P2,PORT-2E81D74D4102,ACCELERATED_15C,363.214213,49238.134,135.562244,True,True,,0.0,2.0275124185786808e-05,True,True,True,True,,0.0,0.0,0.0,3,3,0.49715238399999995,0.65,2.34
CAND-665091FC3F8349,POSCO_KR,POSCO,P2,PORT-E80F0DA86082,DISCLOSED_PATH,298.593838,41948.862,140.488036,True,False,,0.0,2.0275124185786808e-05,False,False,True,True,2029,0.0,0.04299987899999996,0.0,3,3,0.41130035200000004,0.65,1.7
CAND-665091FC3F8349,POSCO_KR,POSCO,P2,PORT-E80F0DA86082,ACCELERATED_15C,298.593838,39489.193,132.250528,False,False,2040,14.809093470000004,-14.809093470000004,True,True,True,True,,0.0,0.0,0.0,3,3,0.41130035200000004,0.65,1.7
CAND-666CF68419F683,POSCO_KR,POSCO,P1,PORT-CB1C741D93E4,DISCLOSED_PATH,205.811281,18251.313,88.679849,True,True,,0.0,2.0275124185786808e-05,True,True,True,True,,0.0,0.0,0.0,2,3,0.33950771199999996,0.65,1.22
CAND-666CF68419F683,POSCO_KR,POSCO,P1,PORT-CB1C741D93E4,ACCELERATED_15C,205.811281,16127.166,78.359002,False,False,2030,18.539742375,-18.539742375,True,True,True,True,,0.0,0.0,0.0,2,3,0.33950771199999996,0.65,1.22
CAND-66CDAFCF347183,POSCO_KR,POSCO,P3,PORT-76FA0E81D10C,DISCLOSED_PATH,451.954221,51228.107,113.347999,True,False,,0.0,2.0275124185786808e-05,False,False,True,True,2029,0.0,0.04299987899999996,0.0,3,3,0.5181043679999999,0.65,2.5
CAND-66CDAFCF347183,POSCO_KR,POSCO,P3,PORT-76FA0E81D10C,ACCELERATED_15C,451.954221,46125.86,102.058699,True,True,,0.0,2.0275124185786808e-05,True,True,True,True,,0.0,0.0,0.0,3,3,0.5181043679999999,0.65,2.5
CAND-6839D626EADAFC,POSCO_KR,POSCO,P4,PORT-DB628D74218D,DISCLOSED_PATH,402.827497,45322.999,112.512179,True,False,,0.0,2.0275124185786808e-05,False,False,True,True,2028,0.0,0.16799987899999996,0.0,3,3,0.43582950399999987,0.65,1.86
CAND-6839D626EADAFC,POSCO_KR,POSCO,P4,PORT-DB628D74218D,ACCELERATED_15C,402.827497,39940.607,99.150646,False,False,2040,1.029748835000003,-1.029748835000003,True,True,True,True,,0.0,0.0,0.0,3,3,0.43582950399999987,0.65,1.86
CAND-688976C946D330,POSCO_KR,POSCO,P1,PORT-B0374F687394,DISCLOSED_PATH,338.051243,19283.901,57.044313,True,True,,0.0,2.0275124185786808e-05,True,True,True,True,,0.0,0.0,0.0,2,3,0.3670282239999999,0.65,1.38
CAND-688976C946D330,POSCO_KR,POSCO,P1,PORT-B0374F687394,ACCELERATED_15C,338.051243,15310.418,45.290228,False,False,2035,7.519745565000001,-7.519745565000001,True,True,True,True,,0.0,0.0,0.0,2,3,0.3670282239999999,0.65,1.38
CAND-69F1DFA349467C,POSCO_KR,POSCO,P3,PORT-26296F7EE75E,DISCLOSED_PATH,379.833854,32119.378,84.561653,True,True,,0.0,2.0275124185786808e-05,True,True,True,True,,0.0,0.0,0.0,3,3,0.435829504,0.65,1.8599999999999999
CAND-69F1DFA349467C,POSCO_KR,POSCO,P3,PORT-26296F7EE75E,ACCELERATED_15C,379.833854,27646.625,72.7861,False,False,2040,5.149091900000002,-5.149091900000002,True,True,True,True,,0.0,0.0,0.0,3,3,0.435829504,0.65,1.8599999999999999
CAND-6D164CFC3612B5,POSCO_KR,POSCO,P2,PORT-560F313069EA,DISCLOSED_PATH,442.451224,43479.553,98.269708,True,False,,0.0,2.0275124185786808e-05,False,False,True,True,2029,0.0,0.04299987899999996,0.0,3,3,0.45933660799999987,0.65,2.02
CAND-6D164CFC3612B5,POSCO_KR,POSCO,P2,PORT-560F313069EA,ACCELERATED_15C,442.451224,38850.193,87.806725,True,True,,0.0,2.0275124185786808e-05,True,True,True,True,,0.0,0.0,0.0,3,3,0.45933660799999987,0.65,2.02
CAND-6D999800E74100,POSCO_KR,POSCO,P4,PORT-DDCBA267CA97,DISCLOSED_PATH,246.746291,28706.249,116.33913,True,True,,0.0,2.0275124185786808e-05,True,True,True,True,,0.0,0.0,0.0,3,3,0.41130035200000004,0.65,1.7000000000000002
CAND-6D999800E74100,POSCO_KR,POSCO,P4,PORT-DDCBA267CA97,ACCELERATED_15C,246.746291,25573.644,103.643479,False,False,2030,11.573996019999996,-11.573996019999996,True,True,True,True,,0.0,0.0,0.0,3,3,0.41130035200000004,0.65,1.7000000000000002
CAND-6F266E2E22C934,POSCO_KR,POSCO,P1,PORT-DD503298C431,DISCLOSED_PATH,373.083847,29010.715,77.759236,True,False,,0.0,2.0275124185786808e-05,False,False,True,True,2029,0.0,0.04299987899999996,0.0,2,3,0.3670282239999999,0.65,1.38
CAND-6F266E2E22C934,POSCO_KR,POSCO,P1,PORT-DD503298C431,ACCELERATED_15C,373.083847,24958.751,66.898502,False,False,2040,7.324092350000004,-7.324092350000004,True,True,True,True,,0.0,0.0,0.0,2,3,0.3670282239999999,0.65,1.38
CAND-6F9108023CEB49,POSCO_KR,POSCO,P1,PORT-10A72D7ED2CE,DISCLOSED_PATH,405.401232,3644.522,8.989913,True,False,,0.0,2.0275124185786808e-05,False,False,True,True,2035,10.28329433,0.0,0.0,2,3,0.31942668799999996,0.65,1.06
CAND-6F9108023CEB49,POSCO_KR,POSCO,P1,PORT-10A72D7ED2CE,ACCELERATED_15C,405.401232,-2384.014,-5.880627,True,False,,0.0,2.0275124185786808e-05,False,False,True,True,2037,5.28329433,0.0,0.0,2,3,0.31942668799999996,0.65,1.06
CAND-7096B3C8E1DB90,POSCO_KR,POSCO,P1,PORT-2E6F921B196A,DISCLOSED_PATH,347.554239,28878.135,83.089577,True,True,,0.0,2.0275124185786808e-05,True,True,True,True,,0.0,0.0,0.0,2,3,0.435829504,0.65,1.8599999999999999
CAND-7096B3C8E1DB90,POSCO_KR,POSCO,P1,PORT-2E6F921B196A,ACCELERATED_15C,347.554239,25367.678,72.989119,False,False,2035,5.143996489999999,-5.143996489999999,True,True,True,True,,0.0,0.0,0.0,2,3,0.435829504,0.65,1.8599999999999999
CAND-70F15009F2C939,POSCO_KR,POSCO,P4,PORT-E6018DC71718,DISCLOSED_PATH,345.3463,29481.803,85.368811,True,True,,0.0,2.0275124185786808e-05,True,True,True,True,,0.0,0.0,0.0,3,3,0.435829504,0.65,1.86
CAND-70F15009F2C939,POSCO_KR,POSCO,P4,PORT-E6018DC71718,ACCELERATED_15C,345.3463,24919.249,72.157277,False,False,2030,5.470451711490618,-5.470451711490618,True,True,True,True,,0.0,0.0,0.0,3,3,0.435829504,0.65,1.86
CAND-7142A6F8E3E0F0,POSCO_KR,POSCO,P1,PORT-21F188D80A9F,DISCLOSED_PATH,360.851236,45501.208,126.09409,True,False,,0.0,2.0275124185786808e-05,False,False,True,True,2029,0.0,0.04299987899999996,0.0,2,3,0.43582950399999987,0.65,1.8599999999999999
CAND-7142A6F8E3E0F0,POSCO_KR,POSCO,P1,PORT-21F188D80A9F,ACCELERATED_15C,360.851236,42641.42,118.168974,False,False,2035,5.619746115000002,-5.619746115000002,True,True,True,True,,0.0,0.0,0.0,2,3,0.43582950399999987,0.65,1.8599999999999999
CAND-717F18DFAF78F1,POSCO_KR,POSCO,P4,PORT-C68307188813,DISCLOSED_PATH,501.427506,46098.554,91.934633,True,False,,0.0,2.0275124185786808e-05,False,False,True,True,2028,0.0,0.16799987899999996,0.25374674500000083,3,3,0.45933660799999987,0.65,2.02
CAND-717F18DFAF78F1,POSCO_KR,POSCO,P4,PORT-C68307188813,ACCELERATED_15C,501.427506,39286.211,78.348736,True,True,,0.0,2.0275124185786808e-05,True,True,True,True,,0.0,0.0,0.0,3,3,0.45933660799999987,0.65,2.02
CAND-720A05CD8AE3E2,POSCO_KR,POSCO,P1,PORT-802EEF341C7A,DISCLOSED_PATH,326.164221,12570.224,38.539554,True,True,,0.0,2.0275124185786808e-05,True,True,True,True,,0.0,0.0,0.0,2,3,0.3670282239999999,0.65,1.3800000000000001
CAND-720A05CD8AE3E2,POSCO_KR,POSCO,P1,PORT-802EEF341C7A,ACCELERATED_15C,326.164221,8311.845,25.483621,False,False,2035,2.9289989600000013,-2.9289989600000013,True,True,True,True,,0.0,0.0,0.0,2,3,0.3670282239999999,0.65,1.3800000000000001
CAND-740ECD279950BF,POSCO_KR,POSCO,P1,PORT-C86521A83E05,DISCLOSED_PATH,201.693848,27526.954,136.478898,False,False,2040,11.259091770000005,-11.259091770000005,False,False,True,True,2029,0.0,0.04299987899999996,0.0,2,3,0.3107906560000001,0.65,1.06
CAND-740ECD279950BF,POSCO_KR,POSCO,P1,PORT-C86521A83E05,ACCELERATED_15C,201.693848,26042.105,129.117003,False,False,2035,30.959091770000004,-30.959091770000004,True,True,True,True,,0.0,0.0,0.0,2,3,0.3107906560000001,0.65,1.06
CAND-768E1E0177B559,POSCO_KR,POSCO,P1,PORT-39D02858EAF7,DISCLOSED_PATH,339.461218,29193.297,85.998917,True,False,,0.0,2.0275124185786808e-05,False,False,True,True,2029,0.0,0.04299987899999996,0.0,2,3,0.3670282239999999,0.65,1.38
CAND-768E1E0177B559,POSCO_KR,POSCO,P1,PORT-39D02858EAF7,ACCELERATED_15C,339.461218,25585.588,75.371167,False,False,2040,3.4047485850000037,-3.4047485850000037,True,True,True,True,,0.0,0.0,0.0,2,3,0.3670282239999999,0.65,1.38
CAND-78797020DAE1ED,POSCO_KR,POSCO,P1,PORT-13C60822C05B,DISCLOSED_PATH,437.704222,39456.063,90.143208,True,False,,0.0,2.0275124185786808e-05,False,False,True,True,2029,0.0,0.04299987899999996,0.0,2,3,0.45933660799999987,0.65,2.02
CAND-78797020DAE1ED,POSCO_KR,POSCO,P1,PORT-13C60822C05B,ACCELERATED_15C,437.704222,35004.249,79.972381,True,True,,0.0,2.0275124185786808e-05,True,True,True,True,,0.0,0.0,0.0,2,3,0.45933660799999987,0.65,2.02
CAND-78AFB726B7A88B,POSCO_KR,POSCO,P4,PORT-58026D3E7D92,DISCLOSED_PATH,530.306253,74086.982,139.706031,True,False,,0.0,2.0275124185786808e-05,False,False,True,True,2028,0.0,0.16799987899999996,0.0,3,3,0.5704843279999999,0.65,2.9799999999999995
CAND-78AFB726B7A88B,POSCO_KR,POSCO,P4,PORT-58026D3E7D92,ACCELERATED_15C,530.306253,67393.538,127.084186,True,True,,0.0,2.0275124185786808e-05,True,True,True,True,,0.0,0.0,0.0,3,3,0.5704843279999999,0.65,2.9799999999999995
CAND-78E6429AC7E94B,POSCO_KR,POSCO,P4,PORT-E5B2C8C93808,DISCLOSED_PATH,333.930774,44467.854,133.164888,True,False,,0.0,2.0275124185786808e-05,False,False,True,True,2028,0.0,0.16799987899999996,0.0,3,3,0.41130035200000004,0.65,1.7
CAND-78E6429AC7E94B,POSCO_KR,POSCO,P4,PORT-E5B2C8C93808,ACCELERATED_15C,333.930774,40145.779,120.221861,False,False,2040,14.809093470000004,-14.809093470000004,True,True,True,True,,0.0,0.0,0.0,3,3,0.41130035200000004,0.65,1.7
CAND-792D113D5F79C5,POSCO_KR,POSCO,P1,PORT-33B2B6D2E85D,DISCLOSED_PATH,467.254222,70459.524,150.794836,True,False,,0.0,2.0275124185786808e-05,False,False,True,True,2029,0.0,0.04299987899999996,0.0,3,3,0.5704843279999999,0.65,2.9799999999999995
CAND-792D113D5F79C5,POSCO_KR,POSCO,P1,PORT-33B2B6D2E85D,ACCELERATED_15C,467.254222,67547.746,144.563157,True,True,,0.0,2.0275124185786808e-05,True,True,True,True,,0.0,0.0,0.0,3,3,0.5704843279999999,0.65,2.9799999999999995
CAND-7B31F93CD51072,POSCO_KR,POSCO,P2,PORT-9D42DCC7C1C0,DISCLOSED_PATH,355.054231,37826.256,106.536559,True,False,,0.0,2.0275124185786808e-05,False,False,True,True,2029,0.0,0.04299987899999996,0.0,2,3,0.435829504,0.65,1.8599999999999999
CAND-7B31F93CD51072,POSCO_KR,POSCO,P2,PORT-9D42DCC7C1C0,ACCELERATED_15C,355.054231,34232.74,96.415525,False,False,2035,4.943997190000001,-4.943997190000001,True,True,True,True,,0.0,0.0,0.0,2,3,0.435829504,0.65,1.8599999999999999
CAND-7BC738434560A6,POSCO_KR,POSCO,P1,PORT-7ED23B40E316,DISCLOSED_PATH,414.904229,13238.755,31.907979,True,False,,0.0,2.0275124185786808e-05,False,False,True,True,2035,4.530597659999998,0.0,0.0,2,3,0.3934020479999999,0.65,1.54
CAND-7BC738434560A6,POSCO_KR,POSCO,P1,PORT-7ED23B40E316,ACCELERATED_15C,414.904229,7673.246,18.494018,True,True,,0.0,2.0275124185786808e-05,True,True,True,True,,0.0,0.0,0.0,2,3,0.3934020479999999,0.65,1.54
CAND-7C8A83E5E3D601,POSCO_KR,POSCO,P2,PORT-A362C9C2347F,DISCLOSED_PATH,296.914266,26245.818,88.395273,True,True,,0.0,2.0275124185786808e-05,True,True,True,True,,0.0,0.0,0.0,3,3,0.435829504,0.65,1.86
CAND-7C8A83E5E3D601,POSCO_KR,POSCO,P2,PORT-A362C9C2347F,ACCELERATED_15C,296.914266,23020.84,77.533627,False,False,2030,5.470451711490618,-5.470451711490618,True,True,True,True,,0.0,0.0,0.0,3,3,0.435829504,0.65,1.86
CAND-7D117A922A194C,POSCO_KR,POSCO,P5,PORT-66E75B54664A,DISCLOSED_PATH,505.60626,45805.939,90.596068,True,True,,0.0,2.0275124185786808e-05,True,True,True,True,,0.0,0.0,0.0,3,3,0.5181043679999999,0.65,2.5
CAND-7D117A922A194C,POSCO_KR,POSCO,P5,PORT-66E75B54664A,ACCELERATED_15C,505.60626,38239.862,75.631703,True,True,,0.0,2.0275124185786808e-05,True,True,True,True,,0.0,0.0,0.0,3,3,0.5181043679999999,0.65,2.5
CAND-7D54A929A881B5,POSCO_KR,POSCO,P2,PORT-34425DFA5633,DISCLOSED_PATH,330.911223,17221.64,52.043083,True,True,,0.0,2.0275124185786808e-05,True,True,True,True,,0.0,0.0,0.0,3,3,0.3670282239999999,0.65,1.3800000000000001
CAND-7D54A929A881B5,POSCO_KR,POSCO,P2,PORT-34425DFA5633,ACCELERATED_15C,330.911223,13089.916,39.557184,False,False,2040,2.9297482850000023,-2.9297482850000023,True,True,True,True,,0.0,0.0,0.0,3,3,0.3670282239999999,0.65,1.3800000000000001
CAND-82137032DA556B,POSCO_KR,POSCO,P3,PORT-560F313069EA,DISCLOSED_PATH,442.451224,42132.899,95.226087,True,False,,0.0,2.0275124185786808e-05,False,False,True,True,2029,0.0,0.04299987899999996,0.0,3,3,0.45933660799999987,0.65,2.02
CAND-82137032DA556B,POSCO_KR,POSCO,P3,PORT-560F313069EA,ACCELERATED_15C,442.451224,36813.297,83.203063,True,True,,0.0,2.0275124185786808e-05,True,True,True,True,,0.0,0.0,0.0,3,3,0.45933660799999987,0.65,2.02
CAND-82FF2AA13BA34C,POSCO_KR,POSCO,P2,PORT-8826D0B469EE,DISCLOSED_PATH,429.154227,27287.38,63.584089,True,True,,0.0,2.0275124185786808e-05,True,True,True,True,,0.0,0.0,0.0,3,3,0.459336608,0.65,2.02
CAND-82FF2AA13BA34C,POSCO_KR,POSCO,P2,PORT-8826D0B469EE,ACCELERATED_15C,429.154227,22213.621,51.761393,True,True,,0.0,2.0275124185786808e-05,True,True,True,True,,0.0,0.0,0.0,3,3,0.459336608,0.65,2.02
CAND-83ED3699C29971,POSCO_KR,POSCO,P1,PORT-B12C0B3A9BF6,DISCLOSED_PATH,266.314223,37972.302,142.584581,True,False,,0.0,2.0275124185786808e-05,False,False,True,True,2029,0.0,0.04299987899999996,0.0,2,3,0.41130035200000004,0.65,1.7
CAND-83ED3699C29971,POSCO_KR,POSCO,P1,PORT-B12C0B3A9BF6,ACCELERATED_15C,266.314223,36087.604,135.507609,False,False,2035,14.803998060000001,-14.803998060000001,True,True,True,True,,0.0,0.0,0.0,2,3,0.41130035200000004,0.65,1.7
CAND-8500444D836C3B,POSCO_KR,POSCO,P3,PORT-A362C9C2347F,DISCLOSED_PATH,296.914266,25511.441,85.921912,True,True,,0.0,2.0275124185786808e-05,True,True,True,True,,0.0,0.0,0.0,3,3,0.435829504,0.65,1.86
CAND-8500444D836C3B,POSCO_KR,POSCO,P3,PORT-A362C9C2347F,ACCELERATED_15C,296.914266,21905.582,73.777465,False,False,2030,5.470451711490618,-5.470451711490618,True,True,True,True,,0.0,0.0,0.0,3,3,0.435829504,0.65,1.86
CAND-85CCFBCC423AC6,POSCO_KR,POSCO,P1,PORT-CD2F629A3E6E,DISCLOSED_PATH,345.551235,29046.6,84.058736,True,False,,0.0,2.0275124185786808e-05,False,False,True,True,2029,0.0,0.04299987899999996,0.0,2,3,0.3670282239999999,0.65,1.38
CAND-85CCFBCC423AC6,POSCO_KR,POSCO,P1,PORT-CD2F629A3E6E,ACCELERATED_15C,345.551235,25391.745,73.481851,False,False,2035,7.319746265000003,-7.319746265000003,True,True,True,True,,0.0,0.0,0.0,2,3,0.3670282239999999,0.65,1.38
CAND-85F3946F134CF3,POSCO_KR,POSCO,P2,PORT-83A899345F31,DISCLOSED_PATH,215.314277,27271.462,126.658865,True,True,,0.0,2.0275124185786808e-05,True,True,True,True,,0.0,0.0,0.0,2,3,0.41130035200000004,0.65,1.6999999999999997
CAND-85F3946F134CF3,POSCO_KR,POSCO,P2,PORT-83A899345F31,ACCELERATED_15C,215.314277,25328.996,117.637327,False,False,2030,16.163993299999998,-16.163993299999998,True,True,True,True,,0.0,0.0,0.0,2,3,0.41130035200000004,0.65,1.6999999999999997
CAND-86531E25156197,POSCO_KR,POSCO,P1,PORT-F7156CC53AF8,DISCLOSED_PATH,353.711217,43742.15,123.666279,True,False,,0.0,2.0275124185786808e-05,False,False,True,True,2029,0.0,0.04299987899999996,0.0,3,3,0.43582950399999987,0.65,1.86
CAND-86531E25156197,POSCO_KR,POSCO,P1,PORT-F7156CC53AF8,ACCELERATED_15C,353.711217,40879.409,115.572837,False,False,2040,1.029748835000003,-1.029748835000003,True,True,True,True,,0.0,0.0,0.0,3,3,0.43582950399999987,0.65,1.86
CAND-87C97266879F75,POSCO_KR,POSCO,P1,PORT-AD0B41B0F73F,DISCLOSED_PATH,208.174258,26086.489,125.31083,True,True,,0.0,2.0275124185786808e-05,True,True,True,True,,0.0,0.0,0.0,3,3,0.41130035200000004,0.65,1.7000000000000002
CAND-87C97266879F75,POSCO_KR,POSCO,P1,PORT-AD0B41B0F73F,ACCELERATED_15C,208.174258,24422.415,117.31717,False,False,2030,11.573996019999996,-11.573996019999996,True,True,True,True,,0.0,0.0,0.0,3,3,0.41130035200000004,0.65,1.7000000000000002
CAND-88EF081DB56A53,POSCO_KR,POSCO,P3,PORT-15CB4F8207C5,DISCLOSED_PATH,312.214267,41020.747,131.386522,True,True,,0.0,2.0275124185786808e-05,True,True,True,True,,0.0,0.0,0.0,3,3,0.49715238399999995,0.65,2.34
CAND-88EF081DB56A53,POSCO_KR,POSCO,P3,PORT-15CB4F8207C5,ACCELERATED_15C,312.214267,37750.442,120.911968,False,False,2030,5.470451711490618,-5.470451711490618,True,True,True,True,,0.0,0.0,0.0,3,3,0.49715238399999995,0.65,2.34
CAND-89035CDCA8B1B8,POSCO_KR,POSCO,P1,PORT-582BD7A8624A,DISCLOSED_PATH,143.553883,15641.141,108.956589,False,False,2040,8.029089730000003,-8.029089730000003,True,True,True,True,,0.0,0.0,0.0,3,3,0.3107906560000001,0.65,1.0599999999999998
CAND-89035CDCA8B1B8,POSCO_KR,POSCO,P1,PORT-582BD7A8624A,ACCELERATED_15C,143.553883,14376.916,100.149966,False,False,2030,27.729089730000002,-27.729089730000002,True,True,True,True,,0.0,0.0,0.0,3,3,0.3107906560000001,0.65,1.0599999999999998
CAND-8C5643F3C49FCD,POSCO_KR,POSCO,P1,PORT-76FA0E81D10C,DISCLOSED_PATH,451.954221,54004.916,119.492004,True,False,,0.0,2.0275124185786808e-05,False,False,True,True,2029,0.0,0.04299987899999996,0.0,3,3,0.5181043679999999,0.65,2.5
CAND-8C5643F3C49FCD,POSCO_KR,POSCO,P1,PORT-76FA0E81D10C,ACCELERATED_15C,451.954221,50298.07,111.290187,True,True,,0.0,2.0275124185786808e-05,True,True,True,True,,0.0,0.0,0.0,3,3,0.5181043679999999,0.65,2.5
CAND-8F4A05F7777C25,POSCO_KR,POSCO,P2,PORT-4EF0EAC87C10,DISCLOSED_PATH,370.354232,53896.159,145.525971,True,False,,0.0,2.0275124185786808e-05,False,False,True,True,2029,0.0,0.04299987899999996,0.0,2,3,0.49715238399999995,0.65,2.34
CAND-8F4A05F7777C25,POSCO_KR,POSCO,P2,PORT-4EF0EAC87C10,ACCELERATED_15C,370.354232,50914.172,137.474254,False,False,2035,3.24399704,-3.24399704,True,True,True,True,,0.0,0.0,0.0,2,3,0.49715238399999995,0.65,2.34
CAND-8F7D749DB935D5,POSCO_KR,POSCO,P1,PORT-6B1E9B74730C,DISCLOSED_PATH,457.751226,60865.29,132.96587,True,False,,0.0,2.0275124185786808e-05,False,False,True,True,2029,0.0,0.04299987899999996,0.0,3,3,0.5181043679999999,0.65,2.5
CAND-8F7D749DB935D5,POSCO_KR,POSCO,P1,PORT-6B1E9B74730C,ACCELERATED_15C,457.751226,57490.486,125.593297,True,True,,0.0,2.0275124185786808e-05,True,True,True,True,,0.0,0.0,0.0,3,3,0.5181043679999999,0.65,2.5
CAND-90EDE709002A4D,POSCO_KR,POSCO,P1,PORT-A362C9C2347F,DISCLOSED_PATH,296.914266,26755.021,90.110257,True,True,,0.0,2.0275124185786808e-05,True,True,True,True,,0.0,0.0,0.0,3,3,0.435829504,0.65,1.86
CAND-90EDE709002A4D,POSCO_KR,POSCO,P1,PORT-A362C9C2347F,ACCELERATED_15C,296.914266,23783.816,80.103311,False,False,2030,5.470451711490618,-5.470451711490618,True,True,True,True,,0.0,0.0,0.0,3,3,0.435829504,0.65,1.86
CAND-914376A043BEEB,POSCO_KR,POSCO,P4,PORT-CE86444A20D7,DISCLOSED_PATH,513.681255,58373.167,113.636943,True,False,,0.0,2.0275124185786808e-05,False,False,True,True,2028,0.0,0.16799987899999996,0.0,2,3,0.5181043679999999,0.65,2.5
CAND-914376A043BEEB,POSCO_KR,POSCO,P4,PORT-CE86444A20D7,ACCELERATED_15C,513.681255,51560.276,100.374065,True,True,,0.0,2.0275124185786808e-05,True,True,True,True,,0.0,0.0,0.0,2,3,0.5181043679999999,0.65,2.5
CAND-916F45330732D4,POSCO_KR,POSCO,P2,PORT-2E6F921B196A,DISCLOSED_PATH,347.554239,28313.025,81.463615,True,True,,0.0,2.0275124185786808e-05,True,True,True,True,,0.0,0.0,0.0,2,3,0.435829504,0.65,1.8599999999999999
CAND-916F45330732D4,POSCO_KR,POSCO,P2,PORT-2E6F921B196A,ACCELERATED_15C,347.554239,24521.777,70.555252,False,False,2035,5.143996489999999,-5.143996489999999,True,True,True,True,,0.0,0.0,0.0,2,3,0.435829504,0.65,1.8599999999999999
CAND-921D50D4015721,POSCO_KR,POSCO,P3,PORT-96133A6427FE,DISCLOSED_PATH,430.20423,28331.133,65.855078,True,True,,0.0,2.0275124185786808e-05,True,True,True,True,,0.0,0.0,0.0,2,3,0.45933660799999987,0.65,2.02
CAND-921D50D4015721,POSCO_KR,POSCO,P3,PORT-96133A6427FE,ACCELERATED_15C,430.20423,22859.063,53.135375,True,True,,0.0,2.0275124185786808e-05,True,True,True,True,,0.0,0.0,0.0,2,3,0.45933660799999987,0.65,2.02
CAND-92409F72DEE5B3,POSCO_KR,POSCO,P1,PORT-58F96F629E32,DISCLOSED_PATH,243.51423,11754.995,48.272311,True,True,,0.0,2.0275124185786808e-05,True,True,True,True,,0.0,0.0,0.0,2,3,0.3395077120000001,0.65,1.22
CAND-92409F72DEE5B3,POSCO_KR,POSCO,P1,PORT-58F96F629E32,ACCELERATED_15C,243.51423,8756.601,35.959299,False,False,2035,16.703997510000004,-16.703997510000004,True,True,True,True,,0.0,0.0,0.0,2,3,0.3395077120000001,0.65,1.22
CAND-9863577C4A48D7,POSCO_KR,POSCO,P2,PORT-CEF57596D771,DISCLOSED_PATH,332.254237,12243.122,36.848655,True,True,,0.0,2.0275124185786808e-05,True,True,True,True,,0.0,0.0,0.0,2,3,0.367028224,0.65,1.38
CAND-9863577C4A48D7,POSCO_KR,POSCO,P2,PORT-CEF57596D771,ACCELERATED_15C,332.254237,7840.345,23.597426,False,False,2035,6.843996639999997,-6.843996639999997,True,True,True,True,,0.0,0.0,0.0,2,3,0.367028224,0.65,1.38
CAND-98E8D5EC0E3C50,POSCO_KR,POSCO,P1,PORT-996B6D7E1DE9,DISCLOSED_PATH,218.043892,1760.82,8.075531,False,False,2040,0.5440886100000029,-0.5440886100000029,True,True,True,True,,0.0,0.0,0.0,2,3,0.25895987200000004,0.65,0.74
CAND-98E8D5EC0E3C50,POSCO_KR,POSCO,P1,PORT-996B6D7E1DE9,ACCELERATED_15C,218.043892,-1555.503,-7.1339,False,False,2030,20.244088610000002,-20.244088610000002,True,True,True,True,,0.0,0.0,0.0,2,3,0.25895987200000004,0.65,0.74
CAND-99F4F9A34CAEE6,POSCO_KR,POSCO,P1,PORT-8378A8ACBA64,DISCLOSED_PATH,275.793845,16673.729,60.45722,True,True,,0.0,2.0275124185786808e-05,True,True,True,True,,0.0,0.0,0.0,3,3,0.3395077120000001,0.65,1.22
CAND-99F4F9A34CAEE6,POSCO_KR,POSCO,P1,PORT-8378A8ACBA64,ACCELERATED_15C,275.793845,13560.168,49.167768,False,False,2040,16.709092920000007,-16.709092920000007,True,True,True,True,,0.0,0.0,0.0,3,3,0.3395077120000001,0.65,1.22
CAND-9B48DBA6EAEDA0,POSCO_KR,POSCO,P2,PORT-B12C0B3A9BF6,DISCLOSED_PATH,266.314223,37151.478,139.502418,True,False,,0.0,2.0275124185786808e-05,False,False,True,True,2029,0.0,0.04299987899999996,0.0,2,3,0.41130035200000004,0.65,1.7
CAND-9B48DBA6EAEDA0,POSCO_KR,POSCO,P2,PORT-B12C0B3A9BF6,ACCELERATED_15C,266.314223,34864.858,130.916245,False,False,2035,14.803998060000001,-14.803998060000001,True,True,True,True,,0.0,0.0,0.0,2,3,0.41130035200000004,0.65,1.7
CAND-9BEB6D3152CE89,POSCO_KR,POSCO,P3,PORT-2E6F921B196A,DISCLOSED_PATH,347.554239,27498.276,79.119381,True,True,,0.0,2.0275124185786808e-05,True,True,True,True,,0.0,0.0,0.0,2,3,0.435829504,0.65,1.8599999999999999
CAND-9BEB6D3152CE89,POSCO_KR,POSCO,P3,PORT-2E6F921B196A,ACCELERATED_15C,347.554239,23285.541,66.998293,False,False,2035,5.143996489999999,-5.143996489999999,True,True,True,True,,0.0,0.0,0.0,2,3,0.435829504,0.65,1.8599999999999999
CAND-9BED272538D02C,POSCO_KR,POSCO,P1,PORT-4EF0EAC87C10,DISCLOSED_PATH,370.354232,55095.442,148.764175,True,False,,0.0,2.0275124185786808e-05,False,False,True,True,2029,0.0,0.04299987899999996,0.0,2,3,0.49715238399999995,0.65,2.34
CAND-9BED272538D02C,POSCO_KR,POSCO,P1,PORT-4EF0EAC87C10,ACCELERATED_15C,370.354232,52698.68,142.292637,False,False,2035,3.24399704,-3.24399704,True,True,True,True,,0.0,0.0,0.0,2,3,0.49715238399999995,0.65,2.34
CAND-9C99C87FEE92BF,POSCO_KR,POSCO,P2,PORT-2E4122B1D61A,DISCLOSED_PATH,305.733857,43649.284,142.768892,True,False,,0.0,2.0275124185786808e-05,False,False,True,True,2029,0.0,0.04299987899999996,0.0,2,3,0.41130035200000004,0.65,1.7
CAND-9C99C87FEE92BF,POSCO_KR,POSCO,P2,PORT-2E4122B1D61A,ACCELERATED_15C,305.733857,41165.231,134.644004,False,False,2035,19.399090750000003,-19.399090750000003,True,True,True,True,,0.0,0.0,0.0,2,3,0.41130035200000004,0.65,1.7
CAND-9DAADB965AABF6,POSCO_KR,POSCO,P2,PORT-2038E8D6C481,DISCLOSED_PATH,428.201226,29256.785,68.324851,True,False,,0.0,2.0275124185786808e-05,False,False,True,True,2029,4.583295980000006,0.04299987899999996,0.0,2,3,0.3934020479999999,0.65,1.5399999999999998
CAND-9DAADB965AABF6,POSCO_KR,POSCO,P2,PORT-2038E8D6C481,ACCELERATED_15C,428.201226,24038.613,56.138591,True,True,,0.0,2.0275124185786808e-05,True,True,True,True,,0.0,0.0,0.0,2,3,0.3934020479999999,0.65,1.5399999999999998
CAND-9F98CFC8518527,POSCO_KR,POSCO,P2,PORT-13C60822C05B,DISCLOSED_PATH,437.704222,38647.747,88.296491,True,False,,0.0,2.0275124185786808e-05,False,False,True,True,2029,0.0,0.04299987899999996,0.0,2,3,0.45933660799999987,0.65,2.02
CAND-9F98CFC8518527,POSCO_KR,POSCO,P2,PORT-13C60822C05B,ACCELERATED_15C,437.704222,33794.436,77.208384,True,True,,0.0,2.0275124185786808e-05,True,True,True,True,,0.0,0.0,0.0,2,3,0.45933660799999987,0.65,2.02
CAND-A15B0F01B5DA8C,POSCO_KR,POSCO,P1,PORT-0D4A544AE375,DISCLOSED_PATH,273.161271,2611.934,9.561876,True,False,,0.0,2.0275124185786808e-05,False,False,True,True,2037,4.583295980000006,0.0,0.0,2,3,0.28983654400000003,0.65,0.8999999999999999
CAND-A15B0F01B5DA8C,POSCO_KR,POSCO,P1,PORT-0D4A544AE375,ACCELERATED_15C,273.161271,-1567.265,-5.737508,False,False,2030,6.464743975000001,-6.464743975000001,True,True,True,True,,0.0,0.0,0.0,2,3,0.28983654400000003,0.65,0.8999999999999999
CAND-A1C7828D41E114,POSCO_KR,POSCO,P4,PORT-05FAA05BFDD3,DISCLOSED_PATH,432.530783,45243.408,104.601592,True,False,,0.0,2.0275124185786808e-05,False,False,True,True,2028,0.0,0.16799987899999996,0.0,3,3,0.435829504,0.65,1.8599999999999999
CAND-A1C7828D41E114,POSCO_KR,POSCO,P4,PORT-05FAA05BFDD3,ACCELERATED_15C,432.530783,39491.384,91.303059,False,False,2040,4.949092600000004,-4.949092600000004,True,True,True,True,,0.0,0.0,0.0,3,3,0.435829504,0.65,1.8599999999999999
CAND-A36B688F4C8F7D,POSCO_KR,POSCO,P2,PORT-F9D381E1D5CF,DISCLOSED_PATH,233.343894,17846.078,76.479729,True,True,,0.0,2.0275124185786808e-05,True,True,True,True,,0.0,0.0,0.0,2,3,0.33950771199999996,0.65,1.22
CAND-A36B688F4C8F7D,POSCO_KR,POSCO,P2,PORT-F9D381E1D5CF,ACCELERATED_15C,233.343894,15141.751,64.89028,False,False,2030,18.54408846,-18.54408846,True,True,True,True,,0.0,0.0,0.0,2,3,0.33950771199999996,0.65,1.22
CAND-A45D581D319D09,POSCO_KR,POSCO,P1,PORT-D0DAEC56F25D,DISCLOSED_PATH,288.461272,19066.542,66.097408,True,True,,0.0,2.0275124185786808e-05,True,True,True,True,,0.0,0.0,0.0,2,3,0.367028224,0.65,1.38
CAND-A45D581D319D09,POSCO_KR,POSCO,P1,PORT-D0DAEC56F25D,ACCELERATED_15C,288.461272,15682.411,54.365741,False,False,2030,5.470451711490618,-5.470451711490618,True,True,True,True,,0.0,0.0,0.0,2,3,0.367028224,0.65,1.38
CAND-A4622F23133C58,POSCO_KR,POSCO,P3,PORT-B12C0B3A9BF6,DISCLOSED_PATH,266.314223,35961.032,135.032337,True,False,,0.0,2.0275124185786808e-05,False,False,True,True,2029,0.0,0.04299987899999996,0.0,2,3,0.41130035200000004,0.65,1.7
CAND-A4622F23133C58,POSCO_KR,POSCO,P3,PORT-B12C0B3A9BF6,ACCELERATED_15C,266.314223,33070.365,124.177991,False,False,2035,14.803998060000001,-14.803998060000001,True,True,True,True,,0.0,0.0,0.0,2,3,0.41130035200000004,0.65,1.7
CAND-A6713428AA1463,POSCO_KR,POSCO,P1,PORT-077F7C54FB04,DISCLOSED_PATH,444.454229,44242.217,99.542796,True,True,,0.0,2.0275124185786808e-05,True,True,True,True,,0.0,0.0,0.0,3,3,0.5181043679999999,0.65,2.5
CAND-A6713428AA1463,POSCO_KR,POSCO,P1,PORT-077F7C54FB04,ACCELERATED_15C,444.454229,40216.743,90.48568,True,True,,0.0,2.0275124185786808e-05,True,True,True,True,,0.0,0.0,0.0,3,3,0.5181043679999999,0.65,2.5
CAND-A853E02DE26A10,POSCO_KR,POSCO,P1,PORT-531039DEA968,DISCLOSED_PATH,297.964268,28660.776,96.188634,True,True,,0.0,2.0275124185786808e-05,True,True,True,True,,0.0,0.0,0.0,2,3,0.43582950399999987,0.65,1.86
CAND-A853E02DE26A10,POSCO_KR,POSCO,P1,PORT-531039DEA968,ACCELERATED_15C,297.964268,25739.671,86.385092,False,False,2030,5.470451711490618,-5.470451711490618,True,True,True,True,,0.0,0.0,0.0,2,3,0.43582950399999987,0.65,1.86
CAND-A8CC673AA50AD2,POSCO_KR,POSCO,P2,PORT-914DDED0291C,DISCLOSED_PATH,443.501227,45326.688,102.201945,True,False,,0.0,2.0275124185786808e-05,False,False,True,True,2029,0.0,0.04299987899999996,0.0,2,3,0.45933660799999987,0.65,2.0199999999999996
CAND-A8CC673AA50AD2,POSCO_KR,POSCO,P2,PORT-914DDED0291C,ACCELERATED_15C,443.501227,40720.045,91.814955,True,True,,0.0,2.0275124185786808e-05,True,True,True,True,,0.0,0.0,0.0,2,3,0.45933660799999987,0.65,2.0199999999999996
CAND-A8E004FB8423DE,POSCO_KR,POSCO,P2,PORT-DD503298C431,DISCLOSED_PATH,373.083847,28400.872,76.124636,True,False,,0.0,2.0275124185786808e-05,False,False,True,True,2029,0.0,0.04299987899999996,0.0,2,3,0.3670282239999999,0.65,1.38
CAND-A8E004FB8423DE,POSCO_KR,POSCO,P2,PORT-DD503298C431,ACCELERATED_15C,373.083847,24045.495,64.450645,False,False,2040,7.324092350000004,-7.324092350000004,True,True,True,True,,0.0,0.0,0.0,2,3,0.3670282239999999,0.65,1.38
CAND-ACA578EEE84E9A,POSCO_KR,POSCO,P1,PORT-E6131070E165,DISCLOSED_PATH,302.711271,33615.395,111.047716,True,True,,0.0,2.0275124185786808e-05,True,True,True,True,,0.0,0.0,0.0,3,3,0.43582950399999987,0.65,1.86
CAND-ACA578EEE84E9A,POSCO_KR,POSCO,P1,PORT-E6131070E165,ACCELERATED_15C,302.711271,30976.232,102.329298,False,False,2030,5.470451711490618,-5.470451711490618,True,True,True,True,,0.0,0.0,0.0,3,3,0.43582950399999987,0.65,1.86
CAND-B0648BA410E4CF,POSCO_KR,POSCO,P1,PORT-561630EF7FDF,DISCLOSED_PATH,316.661225,2975.99,9.398025,True,False,,0.0,2.0275124185786808e-05,False,False,True,True,2037,5.183293880000004,0.0,0.0,2,3,0.28983654400000003,0.65,0.8999999999999999
CAND-B0648BA410E4CF,POSCO_KR,POSCO,P1,PORT-561630EF7FDF,ACCELERATED_15C,316.661225,-1745.415,-5.51193,False,False,2035,5.304748035000003,-5.304748035000003,False,False,True,True,2037,0.18329388000000435,0.0,0.0,2,3,0.28983654400000003,0.65,0.8999999999999999
CAND-B146287CA6941A,POSCO_KR,POSCO,P4,PORT-A5B0D936D425,DISCLOSED_PATH,417.256265,57503.458,137.813289,True,False,,0.0,2.0275124185786808e-05,False,False,True,True,2028,0.0,0.16799987899999996,0.0,2,3,0.49715238399999995,0.65,2.34
CAND-B146287CA6941A,POSCO_KR,POSCO,P4,PORT-A5B0D936D425,ACCELERATED_15C,417.256265,52142.947,124.966241,False,False,2035,3.24399704,-3.24399704,True,True,True,True,,0.0,0.0,0.0,2,3,0.49715238399999995,0.65,2.34
CAND-B2EDDC06AAF874,POSCO_KR,POSCO,P5,PORT-A5B0D936D425,DISCLOSED_PATH,417.256265,54974.548,131.75248,True,False,,0.0,2.0275124185786808e-05,False,False,True,True,2028,0.0,0.16799987899999996,0.0,2,3,0.49715238399999995,0.65,2.34
CAND-B2EDDC06AAF874,POSCO_KR,POSCO,P5,PORT-A5B0D936D425,ACCELERATED_15C,417.256265,48211.994,115.545284,False,False,2035,3.24399704,-3.24399704,True,True,True,True,,0.0,0.0,0.0,2,3,0.49715238399999995,0.65,2.34
CAND-B345087C8ADFC4,POSCO_KR,POSCO,P3,PORT-D611F29113B4,DISCLOSED_PATH,348.964214,36793.889,105.437427,True,False,,0.0,2.0275124185786808e-05,False,False,True,True,2029,0.0,0.04299987899999996,0.0,2,3,0.43582950399999987,0.65,1.86
CAND-B345087C8ADFC4,POSCO_KR,POSCO,P3,PORT-D611F29113B4,ACCELERATED_15C,348.964214,32643.888,93.545086,False,False,2040,1.028999510000002,-1.028999510000002,True,True,True,True,,0.0,0.0,0.0,2,3,0.43582950399999987,0.65,1.86
CAND-B4104B648B4ACE,POSCO_KR,POSCO,P1,PORT-D4A9EE612029,DISCLOSED_PATH,178.893855,1309.647,7.320806,False,False,2040,13.159091220000008,-13.159091220000008,True,True,True,True,,0.0,0.0,0.0,2,3,0.2267407360000001,0.65,0.58
CAND-B4104B648B4ACE,POSCO_KR,POSCO,P1,PORT-D4A9EE612029,ACCELERATED_15C,178.893855,-1288.897,-7.204816,False,False,2035,32.85909122000001,-32.85909122000001,True,True,True,True,,0.0,0.0,0.0,2,3,0.2267407360000001,0.65,0.58
CAND-B5C2D2B0DC779E,POSCO_KR,POSCO,P1,PORT-26296F7EE75E,DISCLOSED_PATH,379.833854,33796.869,88.978033,True,True,,0.0,2.0275124185786808e-05,True,True,True,True,,0.0,0.0,0.0,3,3,0.435829504,0.65,1.8599999999999999
CAND-B5C2D2B0DC779E,POSCO_KR,POSCO,P1,PORT-26296F7EE75E,ACCELERATED_15C,379.833854,30171.245,79.432742,False,False,2040,5.149091900000002,-5.149091900000002,True,True,True,True,,0.0,0.0,0.0,3,3,0.435829504,0.65,1.8599999999999999
CAND-B791C9607E5C3F,POSCO_KR,POSCO,P4,PORT-C07B5FF15869,DISCLOSED_PATH,362.346302,46464.046,128.231048,True,True,,0.0,2.0275124185786808e-05,True,True,True,True,,0.0,0.0,0.0,3,3,0.49715238399999995,0.65,2.34
CAND-B791C9607E5C3F,POSCO_KR,POSCO,P4,PORT-C07B5FF15869,ACCELERATED_15C,362.346302,41920.765,115.692542,False,False,2030,5.470451711490618,-5.470451711490618,True,True,True,True,,0.0,0.0,0.0,3,3,0.49715238399999995,0.65,2.34
CAND-B90A406E3BDA97,POSCO_KR,POSCO,P2,PORT-D42DEB3BDB60,DISCLOSED_PATH,364.533852,17040.505,46.746016,True,True,,0.0,2.0275124185786808e-05,True,True,True,True,,0.0,0.0,0.0,3,3,0.367028224,0.65,1.38
CAND-B90A406E3BDA97,POSCO_KR,POSCO,P2,PORT-D42DEB3BDB60,ACCELERATED_15C,364.533852,12464.679,34.193476,False,False,2040,6.849092049999999,-6.849092049999999,True,True,True,True,,0.0,0.0,0.0,3,3,0.367028224,0.65,1.38
CAND-B9AA08137725E8,POSCO_KR,POSCO,P3,PORT-9D42DCC7C1C0,DISCLOSED_PATH,355.054231,36647.326,103.216135,True,False,,0.0,2.0275124185786808e-05,False,False,True,True,2029,0.0,0.04299987899999996,0.0,2,3,0.435829504,0.65,1.8599999999999999
CAND-B9AA08137725E8,POSCO_KR,POSCO,P3,PORT-9D42DCC7C1C0,ACCELERATED_15C,355.054231,32450.301,91.395336,False,False,2035,4.943997190000001,-4.943997190000001,True,True,True,True,,0.0,0.0,0.0,2,3,0.435829504,0.65,1.8599999999999999
CAND-BBFDE735F87B40,POSCO_KR,POSCO,P1,PORT-7827D72F6A22,DISCLOSED_PATH,419.651231,18193.375,43.35356,True,False,,0.0,2.0275124185786808e-05,False,False,True,True,2037,3.1582950799999985,0.0,0.0,3,3,0.3934020479999999,0.65,1.54
CAND-BBFDE735F87B40,POSCO_KR,POSCO,P1,PORT-7827D72F6A22,ACCELERATED_15C,419.651231,12909.807,30.763182,True,True,,0.0,2.0275124185786808e-05,True,True,True,True,,0.0,0.0,0.0,3,3,0.3934020479999999,0.65,1.54
CAND-BC621CB3478171,POSCO_KR,POSCO,P3,PORT-33B2B6D2E85D,DISCLOSED_PATH,467.254222,66737.412,142.828912,True,False,,0.0,2.0275124185786808e-05,False,False,True,True,2029,0.0,0.04299987899999996,0.0,3,3,0.5704843279999999,0.65,2.9799999999999995
CAND-BC621CB3478171,POSCO_KR,POSCO,P3,PORT-33B2B6D2E85D,ACCELERATED_15C,467.254222,61970.719,132.627414,True,True,,0.0,2.0275124185786808e-05,True,True,True,True,,0.0,0.0,0.0,3,3,0.5704843279999999,0.65,2.9799999999999995
CAND-BEF797E7835E02,POSCO_KR,POSCO,P2,PORT-7827D72F6A22,DISCLOSED_PATH,419.651231,17896.418,42.645933,True,False,,0.0,2.0275124185786808e-05,False,False,True,True,2037,3.1582950799999985,0.0,0.0,3,3,0.3934020479999999,0.65,1.54
CAND-BEF797E7835E02,POSCO_KR,POSCO,P2,PORT-7827D72F6A22,ACCELERATED_15C,419.651231,12457.798,29.686075,True,True,,0.0,2.0275124185786808e-05,True,True,True,True,,0.0,0.0,0.0,3,3,0.3934020479999999,0.65,1.54
CAND-BFD90FA7155576,POSCO_KR,POSCO,P2,PORT-BC271EDDCEA1,DISCLOSED_PATH,284.343839,27726.094,97.509037,True,False,,0.0,2.0275124185786808e-05,False,False,True,True,2029,0.0,0.04299987899999996,0.0,2,3,0.33950771199999996,0.65,1.22
CAND-BFD90FA7155576,POSCO_KR,POSCO,P2,PORT-BC271EDDCEA1,ACCELERATED_15C,284.343839,24677.613,86.787929,False,False,2040,17.184093220000005,-17.184093220000005,True,True,True,True,,0.0,0.0,0.0,2,3,0.33950771199999996,0.65,1.22
CAND-C1C1B450F58ADF,POSCO_KR,POSCO,P2,PORT-D0DAEC56F25D,DISCLOSED_PATH,288.461272,18701.991,64.833627,True,True,,0.0,2.0275124185786808e-05,True,True,True,True,,0.0,0.0,0.0,2,3,0.367028224,0.65,1.38
CAND-C1C1B450F58ADF,POSCO_KR,POSCO,P2,PORT-D0DAEC56F25D,ACCELERATED_15C,288.461272,15134.869,52.467596,False,False,2030,5.470451711490618,-5.470451711490618,True,True,True,True,,0.0,0.0,0.0,2,3,0.367028224,0.65,1.38
CAND-C33FE91CFE6911,POSCO_KR,POSCO,P1,PORT-E80F0DA86082,DISCLOSED_PATH,298.593838,42891.036,143.643407,True,False,,0.0,2.0275124185786808e-05,False,False,True,True,2029,0.0,0.04299987899999996,0.0,3,3,0.41130035200000004,0.65,1.7
CAND-C33FE91CFE6911,POSCO_KR,POSCO,P1,PORT-E80F0DA86082,ACCELERATED_15C,298.593838,40891.17,136.945795,False,False,2040,14.809093470000004,-14.809093470000004,True,True,True,True,,0.0,0.0,0.0,3,3,0.41130035200000004,0.65,1.7
CAND-C5B0E1C7A7F11A,POSCO_KR,POSCO,P1,PORT-1CB3B12B9B60,DISCLOSED_PATH,453.004224,55910.671,123.421963,True,False,,0.0,2.0275124185786808e-05,False,False,True,True,2029,0.0,0.04299987899999996,0.0,2,3,0.5181043679999999,0.65,2.5
CAND-C5B0E1C7A7F11A,POSCO_KR,POSCO,P1,PORT-1CB3B12B9B60,ACCELERATED_15C,453.004224,52253.925,115.349752,True,True,,0.0,2.0275124185786808e-05,True,True,True,True,,0.0,0.0,0.0,2,3,0.5181043679999999,0.65,2.5
CAND-C5C95C9095B035,POSCO_KR,POSCO,P2,PORT-0DA980ACBA29,DISCLOSED_PATH,365.583855,18887.64,51.664318,True,True,,0.0,2.0275124185786808e-05,True,True,True,True,,0.0,0.0,0.0,2,3,0.3670282239999999,0.65,1.38
CAND-C5C95C9095B035,POSCO_KR,POSCO,P2,PORT-0DA980ACBA29,ACCELERATED_15C,365.583855,14334.531,39.209968,False,False,2040,7.524091650000003,-7.524091650000003,True,True,True,True,,0.0,0.0,0.0,2,3,0.3670282239999999,0.65,1.38
CAND-C64BDCC5AC00A1,POSCO_KR,POSCO,P4,PORT-55C806ADE1CE,DISCLOSED_PATH,513.306251,57104.739,111.248867,True,False,,0.0,2.0275124185786808e-05,False,False,True,True,2028,0.0,0.16799987899999996,0.0,3,3,0.5181043679999999,0.65,2.5
CAND-C64BDCC5AC00A1,POSCO_KR,POSCO,P4,PORT-55C806ADE1CE,ACCELERATED_15C,513.306251,50392.022,98.171456,True,True,,0.0,2.0275124185786808e-05,True,True,True,True,,0.0,0.0,0.0,3,3,0.5181043679999999,0.65,2.5
CAND-C8332513BB985B,POSCO_KR,POSCO,P2,PORT-CA761749FFB1,DISCLOSED_PATH,287.411269,16854.855,58.643683,True,True,,0.0,2.0275124185786808e-05,True,True,True,True,,0.0,0.0,0.0,3,3,0.3670282239999999,0.65,1.3800000000000001
CAND-C8332513BB985B,POSCO_KR,POSCO,P2,PORT-CA761749FFB1,ACCELERATED_15C,287.411269,13265.017,46.153435,False,False,2030,5.470451711490618,-5.470451711490618,True,True,True,True,,0.0,0.0,0.0,3,3,0.3670282239999999,0.65,1.3800000000000001
CAND-C87A358483487F,POSCO_KR,POSCO,P5,PORT-0A659009CEAA,DISCLOSED_PATH,518.427508,60337.6,116.3858,True,False,,0.0,2.0275124185786808e-05,False,False,True,True,2028,0.0,0.16799987899999996,0.0,3,3,0.5181043679999999,0.65,2.5
CAND-C87A358483487F,POSCO_KR,POSCO,P5,PORT-0A659009CEAA,ACCELERATED_15C,518.427508,52016.561,100.335265,True,True,,0.0,2.0275124185786808e-05,True,True,True,True,,0.0,0.0,0.0,3,3,0.5181043679999999,0.65,2.5
CAND-C91F49A4372D16,POSCO_KR,POSCO,P3,PORT-AD0B41B0F73F,DISCLOSED_PATH,208.174258,24825.148,119.251765,True,True,,0.0,2.0275124185786808e-05,True,True,True,True,,0.0,0.0,0.0,3,3,0.41130035200000004,0.65,1.7000000000000002
CAND-C91F49A4372D16,POSCO_KR,POSCO,P3,PORT-AD0B41B0F73F,ACCELERATED_15C,208.174258,22525.646,108.205723,False,False,2030,11.573996019999996,-11.573996019999996,True,True,True,True,,0.0,0.0,0.0,3,3,0.41130035200000004,0.65,1.7000000000000002
CAND-C9724A8933A429,POSCO_KR,POSCO,P1,PORT-8826D0B469EE,DISCLOSED_PATH,429.154227,27787.608,64.749702,True,True,,0.0,2.0275124185786808e-05,True,True,True,True,,0.0,0.0,0.0,3,3,0.459336608,0.65,2.02
CAND-C9724A8933A429,POSCO_KR,POSCO,P1,PORT-8826D0B469EE,ACCELERATED_15C,429.154227,22967.067,53.517047,True,True,,0.0,2.0275124185786808e-05,True,True,True,True,,0.0,0.0,0.0,3,3,0.459336608,0.65,2.02
CAND-C97B39B7D1F044,POSCO_KR,POSCO,P5,PORT-CE86444A20D7,DISCLOSED_PATH,513.681255,55873.368,108.770502,True,False,,0.0,2.0275124185786808e-05,False,False,True,True,2028,0.0,0.16799987899999996,0.0,2,3,0.5181043679999999,0.65,2.5
CAND-C97B39B7D1F044,POSCO_KR,POSCO,P5,PORT-CE86444A20D7,ACCELERATED_15C,513.681255,47660.06,92.781389,True,True,,0.0,2.0275124185786808e-05,True,True,True,True,,0.0,0.0,0.0,2,3,0.5181043679999999,0.65,2.5
CAND-CD94A69F094896,POSCO_KR,POSCO,P2,PORT-8378A8ACBA64,DISCLOSED_PATH,275.793845,16365.727,59.340437,True,True,,0.0,2.0275124185786808e-05,True,True,True,True,,0.0,0.0,0.0,3,3,0.3395077120000001,0.65,1.22
CAND-CD94A69F094896,POSCO_KR,POSCO,P2,PORT-8378A8ACBA64,ACCELERATED_15C,275.793845,13096.798,47.487635,False,False,2040,16.709092920000007,-16.709092920000007,True,True,True,True,,0.0,0.0,0.0,3,3,0.3395077120000001,0.65,1.22
CAND-CFB41383097552,POSCO_KR,POSCO,P1,PORT-83A899345F31,DISCLOSED_PATH,215.314277,27845.547,129.325131,True,True,,0.0,2.0275124185786808e-05,True,True,True,True,,0.0,0.0,0.0,2,3,0.41130035200000004,0.65,1.6999999999999997
CAND-CFB41383097552,POSCO_KR,POSCO,P1,PORT-83A899345F31,ACCELERATED_15C,215.314277,26184.426,121.610266,False,False,2030,16.163993299999998,-16.163993299999998,True,True,True,True,,0.0,0.0,0.0,2,3,0.41130035200000004,0.65,1.6999999999999997
CAND-D1485F524AADCE,POSCO_KR,POSCO,P1,PORT-0442454A7656,DISCLOSED_PATH,256.811227,28378.068,110.501665,True,False,,0.0,2.0275124185786808e-05,False,False,True,True,2029,0.0,0.04299987899999996,0.0,2,3,0.33950771199999996,0.65,1.22
CAND-D1485F524AADCE,POSCO_KR,POSCO,P1,PORT-0442454A7656,ACCELERATED_15C,256.811227,26030.344,101.359835,False,False,2035,17.179747135000003,-17.179747135000003,True,True,True,True,,0.0,0.0,0.0,2,3,0.33950771199999996,0.65,1.22
CAND-D2B7941001DB32,POSCO_KR,POSCO,P3,PORT-6B1E9B74730C,DISCLOSED_PATH,457.751226,57642.204,125.924739,True,False,,0.0,2.0275124185786808e-05,False,False,True,True,2029,0.0,0.04299987899999996,0.0,3,3,0.5181043679999999,0.65,2.5
CAND-D2B7941001DB32,POSCO_KR,POSCO,P3,PORT-6B1E9B74730C,ACCELERATED_15C,457.751226,52658.157,115.036627,True,True,,0.0,2.0275124185786808e-05,True,True,True,True,,0.0,0.0,0.0,3,3,0.5181043679999999,0.65,2.5
CAND-D474BBC66D4C3C,POSCO_KR,POSCO,P1,PORT-CEF57596D771,DISCLOSED_PATH,332.254237,12423.527,37.391627,True,True,,0.0,2.0275124185786808e-05,True,True,True,True,,0.0,0.0,0.0,2,3,0.367028224,0.65,1.38
CAND-D474BBC66D4C3C,POSCO_KR,POSCO,P1,PORT-CEF57596D771,ACCELERATED_15C,332.254237,8118.002,24.433103,False,False,2035,6.843996639999997,-6.843996639999997,True,True,True,True,,0.0,0.0,0.0,2,3,0.367028224,0.65,1.38
CAND-D67549EC3DAD21,POSCO_KR,POSCO,P1,PORT-9D42DCC7C1C0,DISCLOSED_PATH,355.054231,38640.834,108.830793,True,False,,0.0,2.0275124185786808e-05,False,False,True,True,2029,0.0,0.04299987899999996,0.0,2,3,0.435829504,0.65,1.8599999999999999
CAND-D67549EC3DAD21,POSCO_KR,POSCO,P1,PORT-9D42DCC7C1C0,ACCELERATED_15C,355.054231,35449.004,99.841098,False,False,2035,4.943997190000001,-4.943997190000001,True,True,True,True,,0.0,0.0,0.0,2,3,0.435829504,0.65,1.8599999999999999
CAND-D69D7DFF336D6C,POSCO_KR,POSCO,P2,PORT-E6131070E165,DISCLOSED_PATH,302.711271,32924.759,108.766213,True,True,,0.0,2.0275124185786808e-05,True,True,True,True,,0.0,0.0,0.0,3,3,0.43582950399999987,0.65,1.86
CAND-D69D7DFF336D6C,POSCO_KR,POSCO,P2,PORT-E6131070E165,ACCELERATED_15C,302.711271,29946.449,98.927434,False,False,2030,5.470451711490618,-5.470451711490618,True,True,True,True,,0.0,0.0,0.0,3,3,0.43582950399999987,0.65,1.86
CAND-D6DE27D2AACFF9,POSCO_KR,POSCO,P1,PORT-2E81D74D4102,DISCLOSED_PATH,363.214213,53336.384,146.84553,True,False,,0.0,2.0275124185786808e-05,False,False,True,True,2029,0.0,0.04299987899999996,0.0,3,3,0.49715238399999995,0.65,2.34
CAND-D6DE27D2AACFF9,POSCO_KR,POSCO,P1,PORT-2E81D74D4102,ACCELERATED_15C,363.214213,50936.669,140.238644,True,True,,0.0,2.0275124185786808e-05,True,True,True,True,,0.0,0.0,0.0,3,3,0.49715238399999995,0.65,2.34
CAND-D74025CA23BAFB,POSCO_KR,POSCO,P2,PORT-21F188D80A9F,DISCLOSED_PATH,360.851236,44505.197,123.333919,True,False,,0.0,2.0275124185786808e-05,False,False,True,True,2029,0.0,0.04299987899999996,0.0,2,3,0.43582950399999987,0.65,1.8599999999999999
CAND-D74025CA23BAFB,POSCO_KR,POSCO,P2,PORT-21F188D80A9F,ACCELERATED_15C,360.851236,41158.349,114.05905,False,False,2035,5.619746115000002,-5.619746115000002,True,True,True,True,,0.0,0.0,0.0,2,3,0.43582950399999987,0.65,1.8599999999999999
CAND-D7D86A6D194EE1,POSCO_KR,POSCO,P1,PORT-531165783112,DISCLOSED_PATH,46.653893,277.06,5.938615,False,False,2035,24.179088030000003,-24.179088030000003,True,True,True,True,,0.0,0.0,0.0,2,3,0.19312076800000022,0.65,0.42000000000000004
CAND-D7D86A6D194EE1,POSCO_KR,POSCO,P1,PORT-531165783112,ACCELERATED_15C,46.653893,-472.149,-10.120243,False,False,2030,43.879088030000005,-43.879088030000005,True,True,True,True,,0.0,0.0,0.0,2,3,0.19312076800000022,0.65,0.42000000000000004
CAND-D7E236596BE226,POSCO_KR,POSCO,P4,PORT-236900EEEBC1,DISCLOSED_PATH,400.256263,40521.215,101.238179,True,False,,0.0,2.0275124185786808e-05,False,False,True,True,2028,0.0,0.16799987899999996,0.0,2,3,0.435829504,0.65,1.8599999999999999
CAND-D7E236596BE226,POSCO_KR,POSCO,P4,PORT-236900EEEBC1,ACCELERATED_15C,400.256263,35141.431,87.797329,False,False,2035,4.943997190000001,-4.943997190000001,True,True,True,True,,0.0,0.0,0.0,2,3,0.435829504,0.65,1.8599999999999999
CAND-DA7B74C24222D6,POSCO_KR,POSCO,P2,PORT-802EEF341C7A,DISCLOSED_PATH,326.164221,12389.835,37.986492,True,True,,0.0,2.0275124185786808e-05,True,True,True,True,,0.0,0.0,0.0,2,3,0.3670282239999999,0.65,1.3800000000000001
CAND-DA7B74C24222D6,POSCO_KR,POSCO,P2,PORT-802EEF341C7A,ACCELERATED_15C,326.164221,8034.159,24.632251,False,False,2035,2.9289989600000013,-2.9289989600000013,True,True,True,True,,0.0,0.0,0.0,2,3,0.3670282239999999,0.65,1.3800000000000001
CAND-DB38AF78A7E4E6,POSCO_KR,POSCO,P1,PORT-88B20AD20AAC,DISCLOSED_PATH,402.633847,60014.176,149.053977,True,False,,0.0,2.0275124185786808e-05,False,False,True,True,2029,0.0,0.04299987899999996,0.0,3,3,0.49715238399999995,0.65,2.34
CAND-DB38AF78A7E4E6,POSCO_KR,POSCO,P1,PORT-88B20AD20AAC,ACCELERATED_15C,402.633847,57502.247,142.815234,False,False,2040,3.2490924500000027,-3.2490924500000027,True,True,True,True,,0.0,0.0,0.0,3,3,0.49715238399999995,0.65,2.34
CAND-DDC1E605504409,POSCO_KR,POSCO,P3,PORT-077F7C54FB04,DISCLOSED_PATH,444.454229,42079.057,94.675795,True,True,,0.0,2.0275124185786808e-05,True,True,True,True,,0.0,0.0,0.0,3,3,0.5181043679999999,0.65,2.5
CAND-DDC1E605504409,POSCO_KR,POSCO,P3,PORT-077F7C54FB04,ACCELERATED_15C,444.454229,36961.099,83.160643,True,True,,0.0,2.0275124185786808e-05,True,True,True,True,,0.0,0.0,0.0,3,3,0.5181043679999999,0.65,2.5
CAND-DE7FE9241AB524,POSCO_KR,POSCO,P6,PORT-73B2FF1A66A0,DISCLOSED_PATH,579.10271,74440.779,128.545036,True,False,,0.0,2.0275124185786808e-05,False,False,True,True,2028,0.0,0.3371646534999999,0.6234470549999998,3,3,0.5704843279999999,0.65,2.9799999999999995
CAND-DE7FE9241AB524,POSCO_KR,POSCO,P6,PORT-73B2FF1A66A0,ACCELERATED_15C,579.10271,63063.332,108.898354,True,True,,0.0,2.0275124185786808e-05,True,True,True,True,,0.0,0.0,0.0,3,3,0.5704843279999999,0.65,2.9799999999999995
CAND-DE9309DF1A915F,POSCO_KR,POSCO,P1,PORT-4A149C9E09A6,DISCLOSED_PATH,135.393901,945.591,6.984002,False,False,2035,14.319087160000002,-14.319087160000002,True,True,True,True,,0.0,0.0,0.0,2,3,0.22674073600000022,0.65,0.5800000000000001
CAND-DE9309DF1A915F,POSCO_KR,POSCO,P1,PORT-4A149C9E09A6,ACCELERATED_15C,135.393901,-1110.748,-8.203825,False,False,2030,34.01908716,-34.01908716,True,True,True,True,,0.0,0.0,0.0,2,3,0.22674073600000022,0.65,0.5800000000000001
CAND-E1C93EC68C3F78,POSCO_KR,POSCO,P3,PORT-F7156CC53AF8,DISCLOSED_PATH,353.711217,41446.605,117.176394,True,False,,0.0,2.0275124185786808e-05,False,False,True,True,2029,0.0,0.04299987899999996,0.0,3,3,0.43582950399999987,0.65,1.86
CAND-E1C93EC68C3F78,POSCO_KR,POSCO,P3,PORT-F7156CC53AF8,ACCELERATED_15C,353.711217,37433.362,105.830293,False,False,2040,1.029748835000003,-1.029748835000003,True,True,True,True,,0.0,0.0,0.0,3,3,0.43582950399999987,0.65,1.86
CAND-E1E4062A820CB2,POSCO_KR,POSCO,P2,PORT-CB1C741D93E4,DISCLOSED_PATH,205.811281,17880.5,86.878133,True,True,,0.0,2.0275124185786808e-05,True,True,True,True,,0.0,0.0,0.0,2,3,0.33950771199999996,0.65,1.22
CAND-E1E4062A820CB2,POSCO_KR,POSCO,P2,PORT-CB1C741D93E4,ACCELERATED_15C,205.811281,15573.173,75.667249,False,False,2030,18.539742375,-18.539742375,True,True,True,True,,0.0,0.0,0.0,2,3,0.33950771199999996,0.65,1.22
CAND-E3D21E7EA7F4E3,POSCO_KR,POSCO,P2,PORT-D611F29113B4,DISCLOSED_PATH,348.964214,37972.969,108.816227,True,False,,0.0,2.0275124185786808e-05,False,False,True,True,2029,0.0,0.04299987899999996,0.0,2,3,0.43582950399999987,0.65,1.86
CAND-E3D21E7EA7F4E3,POSCO_KR,POSCO,P2,PORT-D611F29113B4,ACCELERATED_15C,348.964214,34426.554,98.653537,False,False,2040,1.028999510000002,-1.028999510000002,True,True,True,True,,0.0,0.0,0.0,2,3,0.43582950399999987,0.65,1.86
CAND-E3FBD935777392,POSCO_KR,POSCO,P2,PORT-077F7C54FB04,DISCLOSED_PATH,444.454229,43357.284,97.55174,True,True,,0.0,2.0275124185786808e-05,True,True,True,True,,0.0,0.0,0.0,3,3,0.5181043679999999,0.65,2.5
CAND-E3FBD935777392,POSCO_KR,POSCO,P2,PORT-077F7C54FB04,ACCELERATED_15C,444.454229,38895.052,87.511941,True,True,,0.0,2.0275124185786808e-05,True,True,True,True,,0.0,0.0,0.0,3,3,0.5181043679999999,0.65,2.5
CAND-E5548226AF9F6B,POSCO_KR,POSCO,P2,PORT-39601EAF8865,DISCLOSED_PATH,193.924259,11348.272,58.519093,True,True,,0.0,2.0275124185786808e-05,True,True,True,True,,0.0,0.0,0.0,2,3,0.33950771199999996,0.65,1.2200000000000002
CAND-E5548226AF9F6B,POSCO_KR,POSCO,P2,PORT-39601EAF8865,ACCELERATED_15C,193.924259,8841.378,45.591914,False,False,2030,13.94899577,-13.94899577,True,True,True,True,,0.0,0.0,0.0,2,3,0.33950771199999996,0.65,1.2200000000000002
CAND-E559018C830DAA,POSCO_KR,POSCO,P1,PORT-3F728D80E223,DISCLOSED_PATH,101.771272,1128.173,11.085382,False,False,2035,10.399743395000002,-10.399743395000002,True,True,True,True,,0.0,0.0,0.0,2,3,0.2267407360000001,0.65,0.58
CAND-E559018C830DAA,POSCO_KR,POSCO,P1,PORT-3F728D80E223,ACCELERATED_15C,101.771272,-483.91,-4.754882,False,False,2030,30.099743395,-30.099743395,True,True,True,True,,0.0,0.0,0.0,2,3,0.2267407360000001,0.65,0.58
CAND-E67FF3DBC26B61,POSCO_KR,POSCO,P4,PORT-C0D11BD0A05D,DISCLOSED_PATH,301.656255,39745.661,131.75812,True,False,,0.0,2.0275124185786808e-05,False,False,True,True,2028,0.0,0.16799987899999996,0.0,2,3,0.41130035200000004,0.65,1.7
CAND-E67FF3DBC26B61,POSCO_KR,POSCO,P4,PORT-C0D11BD0A05D,ACCELERATED_15C,301.656255,35795.826,118.664293,False,False,2035,14.803998060000001,-14.803998060000001,True,True,True,True,,0.0,0.0,0.0,2,3,0.41130035200000004,0.65,1.7
CAND-E80F9FC4F58DCF,POSCO_KR,POSCO,P2,PORT-92AEBEABC7A8,DISCLOSED_PATH,232.293891,15998.943,68.873712,True,True,,0.0,2.0275124185786808e-05,True,True,True,True,,0.0,0.0,0.0,3,3,0.33950771199999996,0.65,1.2199999999999998
CAND-E80F9FC4F58DCF,POSCO_KR,POSCO,P2,PORT-92AEBEABC7A8,ACCELERATED_15C,232.293891,13271.899,57.134084,False,False,2030,17.86908886,-17.86908886,True,True,True,True,,0.0,0.0,0.0,3,3,0.33950771199999996,0.65,1.2199999999999998
CAND-EA994FAA1EB0A0,POSCO_KR,POSCO,P2,PORT-C4223BE01DD1,DISCLOSED_PATH,111.274268,10526.781,94.602113,False,False,2035,10.089087581784199,-10.089087581784199,True,True,True,True,,0.0,0.0,0.0,2,3,0.3107906560000001,0.65,1.0599999999999998
CAND-EA994FAA1EB0A0,POSCO_KR,POSCO,P2,PORT-C4223BE01DD1,ACCELERATED_15C,111.274268,9279.682,83.394683,False,False,2030,27.72399432,-27.72399432,True,True,True,True,,0.0,0.0,0.0,2,3,0.3107906560000001,0.65,1.0599999999999998
CAND-EAC5EE1AD3A200,POSCO_KR,POSCO,P2,PORT-26296F7EE75E,DISCLOSED_PATH,379.833854,33110.408,87.170767,True,True,,0.0,2.0275124185786808e-05,True,True,True,True,,0.0,0.0,0.0,3,3,0.435829504,0.65,1.8599999999999999
CAND-EAC5EE1AD3A200,POSCO_KR,POSCO,P2,PORT-26296F7EE75E,ACCELERATED_15C,379.833854,29146.111,76.733843,False,False,2040,5.149091900000002,-5.149091900000002,True,True,True,True,,0.0,0.0,0.0,3,3,0.435829504,0.65,1.8599999999999999
CAND-ED17B04E3C0E09,POSCO_KR,POSCO,P1,PORT-F9D381E1D5CF,DISCLOSED_PATH,233.343894,18215.428,78.062589,True,True,,0.0,2.0275124185786808e-05,True,True,True,True,,0.0,0.0,0.0,2,3,0.33950771199999996,0.65,1.22
CAND-ED17B04E3C0E09,POSCO_KR,POSCO,P1,PORT-F9D381E1D5CF,ACCELERATED_15C,233.343894,15694.173,67.257695,False,False,2030,18.54408846,-18.54408846,True,True,True,True,,0.0,0.0,0.0,2,3,0.33950771199999996,0.65,1.22
CAND-EDE77722CE9CF9,POSCO_KR,POSCO,P1,PORT-5EADC2E7AC5E,DISCLOSED_PATH,290.433856,28195.486,97.080576,False,False,2040,1.3990909000000045,-1.3990909000000045,False,False,True,True,2029,0.0,0.04299987899999996,0.0,2,3,0.33950771199999996,0.65,1.22
CAND-EDE77722CE9CF9,POSCO_KR,POSCO,P1,PORT-5EADC2E7AC5E,ACCELERATED_15C,290.433856,25403.506,87.467441,False,False,2035,21.099090900000004,-21.099090900000004,True,True,True,True,,0.0,0.0,0.0,2,3,0.33950771199999996,0.65,1.22
CAND-EF1C9537729AFF,POSCO_KR,POSCO,P7,PORT-47C5D429DB2E,DISCLOSED_PATH,627.899166,79993.4,127.398482,True,False,,0.0,2.0275124185786808e-05,False,False,True,True,2028,0.0,0.5371646534999999,2.2234470549999994,3,3,0.5704843279999999,0.65,2.9799999999999995
CAND-EF1C9537729AFF,POSCO_KR,POSCO,P7,PORT-47C5D429DB2E,ACCELERATED_15C,627.899166,66307.643,105.602375,True,False,,0.0,2.0275124185786808e-05,False,False,True,True,2029,0.0,0.16699991199999997,0.0,3,3,0.5704843279999999,0.65,2.9799999999999995
CAND-EF8712CA11DF4A,POSCO_KR,POSCO,P3,PORT-3D4DF75A91D4,DISCLOSED_PATH,247.593892,31061.068,125.451672,True,True,,0.0,2.0275124185786808e-05,True,True,True,True,,0.0,0.0,0.0,3,3,0.41130035200000004,0.65,1.6999999999999997
CAND-EF8712CA11DF4A,POSCO_KR,POSCO,P3,PORT-3D4DF75A91D4,ACCELERATED_15C,247.593892,28435.967,114.849227,False,False,2030,16.16908871,-16.16908871,True,True,True,True,,0.0,0.0,0.0,3,3,0.41130035200000004,0.65,1.6999999999999997
CAND-EFE989E1EF6644,POSCO_KR,POSCO,P1,PORT-15CB4F8207C5,DISCLOSED_PATH,312.214267,43209.629,138.397356,True,True,,0.0,2.0275124185786808e-05,True,True,True,True,,0.0,0.0,0.0,3,3,0.49715238399999995,0.65,2.34
CAND-EFE989E1EF6644,POSCO_KR,POSCO,P1,PORT-15CB4F8207C5,ACCELERATED_15C,312.214267,41033.492,131.427343,False,False,2030,5.470451711490618,-5.470451711490618,True,True,True,True,,0.0,0.0,0.0,3,3,0.49715238399999995,0.65,2.34
CAND-F43ACAB6E7F085,POSCO_KR,POSCO,P1,PORT-4FCB78A64B21,DISCLOSED_PATH,282.664267,12206.168,43.182564,True,True,,0.0,2.0275124185786808e-05,True,True,True,True,,0.0,0.0,0.0,2,3,0.3670282239999999,0.65,1.3800000000000001
CAND-F43ACAB6E7F085,POSCO_KR,POSCO,P1,PORT-4FCB78A64B21,ACCELERATED_15C,282.664267,8489.995,30.035614,False,False,2030,5.470451711490618,-5.470451711490618,True,True,True,True,,0.0,0.0,0.0,2,3,0.3670282239999999,0.65,1.3800000000000001
CAND-F5B1EB66366312,POSCO_KR,POSCO,P2,PORT-6B1E9B74730C,DISCLOSED_PATH,457.751226,59549.456,130.091308,True,False,,0.0,2.0275124185786808e-05,False,False,True,True,2029,0.0,0.04299987899999996,0.0,3,3,0.5181043679999999,0.65,2.5
CAND-F5B1EB66366312,POSCO_KR,POSCO,P2,PORT-6B1E9B74730C,ACCELERATED_15C,457.751226,55531.625,121.313984,True,True,,0.0,2.0275124185786808e-05,True,True,True,True,,0.0,0.0,0.0,3,3,0.5181043679999999,0.65,2.5
CAND-F5CF3CBE63EF2D,POSCO_KR,POSCO,P1,PORT-A620DB8F058C,DISCLOSED_PATH,434.951232,34647.983,79.659466,True,True,,0.0,2.0275124185786808e-05,True,True,True,True,,0.0,0.0,0.0,3,3,0.45933660799999987,0.65,2.02
CAND-F5CF3CBE63EF2D,POSCO_KR,POSCO,P1,PORT-A620DB8F058C,ACCELERATED_15C,434.951232,30159.483,69.339919,True,True,,0.0,2.0275124185786808e-05,True,True,True,True,,0.0,0.0,0.0,3,3,0.45933660799999987,0.65,2.02
CAND-F7A9C6DDA351A4,POSCO_KR,POSCO,P1,PORT-3D4DF75A91D4,DISCLOSED_PATH,247.593892,32764.281,132.330734,True,True,,0.0,2.0275124185786808e-05,True,True,True,True,,0.0,0.0,0.0,3,3,0.41130035200000004,0.65,1.6999999999999997
CAND-F7A9C6DDA351A4,POSCO_KR,POSCO,P1,PORT-3D4DF75A91D4,ACCELERATED_15C,247.593892,30987.993,125.156534,False,False,2030,16.16908871,-16.16908871,True,True,True,True,,0.0,0.0,0.0,3,3,0.41130035200000004,0.65,1.6999999999999997
CAND-F7E323CFBAE2EF,POSCO_KR,POSCO,P5,PORT-55C806ADE1CE,DISCLOSED_PATH,513.306251,54697.19,106.55859,True,False,,0.0,2.0275124185786808e-05,False,False,True,True,2028,0.0,0.16799987899999996,0.0,3,3,0.5181043679999999,0.65,2.5
CAND-F7E323CFBAE2EF,POSCO_KR,POSCO,P5,PORT-55C806ADE1CE,ACCELERATED_15C,513.306251,46631.726,90.845818,True,True,,0.0,2.0275124185786808e-05,True,True,True,True,,0.0,0.0,0.0,3,3,0.5181043679999999,0.65,2.5
CAND-FA7B8394F05343,POSCO_KR,POSCO,P2,PORT-33B2B6D2E85D,DISCLOSED_PATH,467.254222,68940.418,147.543703,True,False,,0.0,2.0275124185786808e-05,False,False,True,True,2029,0.0,0.04299987899999996,0.0,3,3,0.5704843279999999,0.65,2.9799999999999995
CAND-FA7B8394F05343,POSCO_KR,POSCO,P2,PORT-33B2B6D2E85D,ACCELERATED_15C,467.254222,65287.447,139.725752,True,True,,0.0,2.0275124185786808e-05,True,True,True,True,,0.0,0.0,0.0,3,3,0.5704843279999999,0.65,2.9799999999999995
CAND-FB38E29238A35A,POSCO_KR,POSCO,P4,PORT-BF13F3843418,DISCLOSED_PATH,390.00625,29954.471,76.805105,True,True,,0.0,2.0275124185786808e-05,True,True,True,True,,0.0,0.0,0.0,3,3,0.435829504,0.65,1.86
CAND-FB38E29238A35A,POSCO_KR,POSCO,P4,PORT-BF13F3843418,ACCELERATED_15C,390.00625,24877.457,63.78733,False,False,2040,0.5539992100000006,-0.5539992100000006,True,True,True,True,,0.0,0.0,0.0,3,3,0.435829504,0.65,1.86
CAND-FD711AF265BB17,POSCO_KR,POSCO,P2,PORT-AD0B41B0F73F,DISCLOSED_PATH,208.174258,25571.04,122.834783,True,True,,0.0,2.0275124185786808e-05,True,True,True,True,,0.0,0.0,0.0,3,3,0.41130035200000004,0.65,1.7000000000000002
CAND-FD711AF265BB17,POSCO_KR,POSCO,P2,PORT-AD0B41B0F73F,ACCELERATED_15C,208.174258,23652.958,113.620955,False,False,2030,11.573996019999996,-11.573996019999996,True,True,True,True,,0.0,0.0,0.0,3,3,0.41130035200000004,0.65,1.7000000000000002
CAND-FF148D6EFA33D4,POSCO_KR,POSCO,P4,PORT-1319BCCBA344,DISCLOSED_PATH,449.530784,62225.651,138.423559,True,False,,0.0,2.0275124185786808e-05,False,False,True,True,2028,0.0,0.16799987899999996,0.0,3,3,0.49715238399999995,0.65,2.34
CAND-FF148D6EFA33D4,POSCO_KR,POSCO,P4,PORT-1319BCCBA344,ACCELERATED_15C,449.530784,56492.9,125.670815,False,False,2040,3.2490924500000027,-3.2490924500000027,True,True,True,True,,0.0,0.0,0.0,3,3,0.49715238399999995,0.65,2.34
CAND-004C84C918F9F0,NIPPON_STEEL_JP,Nippon Steel,P2,PORT-7DC6DDA55D96,DISCLOSED_PATH,209.368973,20043.231,95.731622,False,False,2030,4.807752286632599,-4.807752286632599,True,True,True,True,,0.0,0.0,0.0,2,2,0.4298908671999999,0.65,1.84
CAND-004C84C918F9F0,NIPPON_STEEL_JP,Nippon Steel,P2,PORT-7DC6DDA55D96,ACCELERATED_15C,209.368973,17931.869,85.647215,False,False,2030,21.3077522866326,-21.3077522866326,True,True,True,True,,0.0,0.0,0.0,2,2,0.4298908671999999,0.65,1.84
CAND-005FE12044C08C,NIPPON_STEEL_JP,Nippon Steel,P2,PORT-91584DA203D9,DISCLOSED_PATH,223.148943,21588.607,96.745279,False,False,2030,8.940000609999998,-8.940000609999998,True,True,True,True,,0.0,0.0,0.0,2,2,0.3325551616000001,0.65,1.2
CAND-005FE12044C08C,NIPPON_STEEL_JP,Nippon Steel,P2,PORT-91584DA203D9,ACCELERATED_15C,223.148943,19473.996,87.26905,False,False,2030,25.94000061,-25.94000061,True,True,True,True,,0.0,0.0,0.0,2,2,0.3325551616000001,0.65,1.2
CAND-0072E209CF0979,NIPPON_STEEL_JP,Nippon Steel,P3,PORT-2D5B38A00FC3,DISCLOSED_PATH,360.838973,57467.556,159.260946,True,False,,0.0,3.446647212967946e-06,False,False,True,True,2029,0.0,0.04500000000000004,0.0,2,2,0.4298908671999999,0.65,1.84
CAND-0072E209CF0979,NIPPON_STEEL_JP,Nippon Steel,P3,PORT-2D5B38A00FC3,ACCELERATED_15C,360.838973,53908.945,149.398898,False,False,2035,11.909996744999997,-11.909996744999997,True,True,True,True,,0.0,0.0,0.0,2,2,0.4298908671999999,0.65,1.84
CAND-009A19D2863AA5,NIPPON_STEEL_JP,Nippon Steel,P1,PORT-1411E33E415A,DISCLOSED_PATH,447.753948,28178.871,62.933831,True,False,,0.0,3.446647212967946e-06,False,False,True,True,2036,3.2699989650000028,0.0,0.0,2,2,0.41255777279999983,0.65,1.68
CAND-009A19D2863AA5,NIPPON_STEEL_JP,Nippon Steel,P1,PORT-1411E33E415A,ACCELERATED_15C,447.753948,23323.438,52.089855,True,True,,0.0,3.446647212967946e-06,True,True,True,True,,0.0,0.0,0.0,2,2,0.41255777279999983,0.65,1.68
CAND-010C6570E9C0CB,NIPPON_STEEL_JP,Nippon Steel,P2,PORT-AA677CCE073D,DISCLOSED_PATH,325.838969,66898.35,205.311078,False,False,2040,2.629997709999998,-2.629997709999998,False,False,True,True,2029,0.0,0.04500000000000004,0.0,2,2,0.40510351359999996,0.65,1.6800000000000002
CAND-010C6570E9C0CB,NIPPON_STEEL_JP,Nippon Steel,P2,PORT-AA677CCE073D,ACCELERATED_15C,325.838969,65533.402,201.122052,False,False,2035,19.629997709999998,-19.629997709999998,True,True,True,True,,0.0,0.0,0.0,2,2,0.40510351359999996,0.65,1.6800000000000002
CAND-019751624D6B83,NIPPON_STEEL_JP,Nippon Steel,P1,PORT-6A7794E0A685,DISCLOSED_PATH,434.748946,53151.246,122.257331,True,False,,0.0,3.446647212967946e-06,False,False,True,True,2029,0.0,0.04500000000000004,0.0,2,2,0.3870168063999999,0.65,1.52
CAND-019751624D6B83,NIPPON_STEEL_JP,Nippon Steel,P1,PORT-6A7794E0A685,ACCELERATED_15C,434.748946,49887.289,114.74965,False,False,2040,4.31999982,-4.31999982,True,True,True,True,,0.0,0.0,0.0,2,2,0.3870168063999999,0.65,1.52
CAND-01DA862CD3F2DB,NIPPON_STEEL_JP,Nippon Steel,P1,PORT-0B5EB1BCB507,DISCLOSED_PATH,469.153947,64121.823,136.675441,True,False,,0.0,3.446647212967946e-06,False,False,True,True,2029,0.0,0.04500000000000004,0.0,2,2,0.47641018879999986,0.65,2.16
CAND-01DA862CD3F2DB,NIPPON_STEEL_JP,Nippon Steel,P1,PORT-0B5EB1BCB507,ACCELERATED_15C,469.153947,61085.134,130.202751,True,True,,0.0,3.446647212967946e-06,True,True,True,True,,0.0,0.0,0.0,2,2,0.47641018879999986,0.65,2.16
CAND-01E162B32B2ECC,NIPPON_STEEL_JP,Nippon Steel,P1,PORT-5B10574DEFA3,DISCLOSED_PATH,348.618932,28294.846,81.162679,True,True,,0.0,3.446647212967946e-06,True,True,True,True,,0.0,0.0,0.0,2,2,0.3603653631999999,0.65,1.36
CAND-01E162B32B2ECC,NIPPON_STEEL_JP,Nippon Steel,P1,PORT-5B10574DEFA3,ACCELERATED_15C,348.618932,24978.28,71.649234,False,False,2035,15.460001625000004,-15.460001625000004,True,True,True,True,,0.0,0.0,0.0,2,2,0.3603653631999999,0.65,1.36
CAND-02256CEB115C76,NIPPON_STEEL_JP,Nippon Steel,P1,PORT-935DD1DF4D42,DISCLOSED_PATH,294.068932,5854.338,19.908047,False,False,2040,8.130002140000002,-8.130002140000002,True,True,True,True,,0.0,0.0,0.0,1,2,0.25115944960000003,0.65,0.72
CAND-02256CEB115C76,NIPPON_STEEL_JP,Nippon Steel,P1,PORT-935DD1DF4D42,ACCELERATED_15C,294.068932,1839.834,6.256473,False,False,2035,25.130002140000002,-25.130002140000002,True,True,True,True,,0.0,0.0,0.0,1,2,0.25115944960000003,0.65,0.72
CAND-02373467C77DA5,NIPPON_STEEL_JP,Nippon Steel,P3,PORT-17AB13B46286,DISCLOSED_PATH,385.968972,55526.144,143.861677,True,False,,0.0,3.446647212967946e-06,False,False,True,True,2029,0.0,0.04500000000000004,0.0,2,2,0.45364541439999984,0.65,2.0
CAND-02373467C77DA5,NIPPON_STEEL_JP,Nippon Steel,P3,PORT-17AB13B46286,ACCELERATED_15C,385.968972,51436.055,133.264742,False,False,2035,6.007752286632595,-6.007752286632595,True,True,True,True,,0.0,0.0,0.0,2,2,0.45364541439999984,0.65,2.0
CAND-03000935E928CE,NIPPON_STEEL_JP,Nippon Steel,P4,PORT-1180A2563183,DISCLOSED_PATH,438.998928,49532.995,112.8317,True,False,,0.0,3.446647212967946e-06,False,False,True,True,2028,0.0,0.0,0.5400000000000009,2,2,0.5130317823999999,0.65,2.48
CAND-03000935E928CE,NIPPON_STEEL_JP,Nippon Steel,P4,PORT-1180A2563183,ACCELERATED_15C,438.998928,44121.317,100.504385,False,False,2040,3.3500014500000006,-3.3500014500000006,True,True,True,True,,0.0,0.0,0.0,2,2,0.5130317823999999,0.65,2.48
CAND-035B76153DEBD7,NIPPON_STEEL_JP,Nippon Steel,P2,PORT-64904F869F44,DISCLOSED_PATH,309.828943,51056.092,164.787999,False,False,2030,0.6504345533527953,-0.6504345533527953,True,True,True,True,,0.0,0.0,0.0,2,2,0.5130317823999999,0.65,2.48
CAND-035B76153DEBD7,NIPPON_STEEL_JP,Nippon Steel,P2,PORT-64904F869F44,ACCELERATED_15C,309.828943,49202.32,158.80479,False,False,2030,10.650434553352795,-10.650434553352795,True,True,True,True,,0.0,0.0,0.0,2,2,0.5130317823999999,0.65,2.48
CAND-03C75206A5BBB6,NIPPON_STEEL_JP,Nippon Steel,P4,PORT-74466739FC81,DISCLOSED_PATH,544.368946,85127.399,156.378132,True,False,,0.0,3.446647212967946e-06,False,False,True,True,2028,0.0,0.195,0.0,2,2,0.5333221247999999,0.65,2.6400000000000006
CAND-03C75206A5BBB6,NIPPON_STEEL_JP,Nippon Steel,P4,PORT-74466739FC81,ACCELERATED_15C,544.368946,78037.289,143.353676,True,True,,0.0,3.446647212967946e-06,True,True,True,True,,0.0,0.0,0.0,2,2,0.5333221247999999,0.65,2.6400000000000006
CAND-0458D0D0BAF9BF,NIPPON_STEEL_JP,Nippon Steel,P2,PORT-11E9ABA45603,DISCLOSED_PATH,373.438975,77668.17,207.980888,True,False,,0.0,3.446647212967946e-06,False,False,True,True,2029,0.0,0.04500000000000004,0.0,2,2,0.49185925119999996,0.65,2.3200000000000003
CAND-0458D0D0BAF9BF,NIPPON_STEEL_JP,Nippon Steel,P2,PORT-11E9ABA45603,ACCELERATED_15C,373.438975,76224.633,204.115366,False,False,2035,10.10999652,-10.10999652,True,True,True,True,,0.0,0.0,0.0,2,2,0.49185925119999996,0.65,2.3200000000000003
CAND-064368175F3762,NIPPON_STEEL_JP,Nippon Steel,P2,PORT-622372E22AA3,DISCLOSED_PATH,355.618933,37398.276,105.163906,True,True,,0.0,3.446647212967946e-06,True,True,True,True,,0.0,0.0,0.0,2,2,0.4298908671999999,0.65,1.84
CAND-064368175F3762,NIPPON_STEEL_JP,Nippon Steel,P2,PORT-622372E22AA3,ACCELERATED_15C,355.618933,34282.842,96.40331,False,False,2035,14.060001450000001,-14.060001450000001,True,True,True,True,,0.0,0.0,0.0,2,2,0.4298908671999999,0.65,1.84
CAND-0652A8BE4BDF4B,NIPPON_STEEL_JP,Nippon Steel,P6,PORT-D858126FADAB,DISCLOSED_PATH,548.019367,100011.725,182.496698,True,False,,0.0,3.446647212967946e-06,False,False,True,True,2028,0.0,0.23599989,0.10399949399999997,2,2,0.5659631103999998,0.65,2.96
CAND-0652A8BE4BDF4B,NIPPON_STEEL_JP,Nippon Steel,P6,PORT-D858126FADAB,ACCELERATED_15C,548.019367,85824.509,156.608533,True,True,,0.0,3.446647212967946e-06,True,True,True,True,,0.0,0.0,0.0,2,2,0.5659631103999998,0.65,2.96
CAND-069240F6BC3FE5,NIPPON_STEEL_JP,Nippon Steel,P2,PORT-BA0215B7029E,DISCLOSED_PATH,434.298943,47447.529,109.250852,True,True,,0.0,3.446647212967946e-06,True,True,True,True,,0.0,0.0,0.0,2,2,0.45364541439999984,0.65,2.0
CAND-069240F6BC3FE5,NIPPON_STEEL_JP,Nippon Steel,P2,PORT-BA0215B7029E,ACCELERATED_15C,434.298943,43715.864,100.658463,False,False,2040,3.2200000949999996,-3.2200000949999996,True,True,True,True,,0.0,0.0,0.0,2,2,0.45364541439999984,0.65,2.0
CAND-06F729AB8DF62F,NIPPON_STEEL_JP,Nippon Steel,P2,PORT-203CD7D2B6DE,DISCLOSED_PATH,340.148927,34239.653,100.660769,True,True,,0.0,3.446647212967946e-06,True,True,True,True,,0.0,0.0,0.0,2,2,0.4298908671999999,0.65,1.84
CAND-06F729AB8DF62F,NIPPON_STEEL_JP,Nippon Steel,P2,PORT-203CD7D2B6DE,ACCELERATED_15C,340.148927,31090.963,91.403972,False,False,2035,12.870002640000003,-12.870002640000003,True,True,True,True,,0.0,0.0,0.0,2,2,0.4298908671999999,0.65,1.84
CAND-072B5F40582886,NIPPON_STEEL_JP,Nippon Steel,P2,PORT-888EB63E71B0,DISCLOSED_PATH,420.698938,89611.515,213.006277,True,False,,0.0,3.446647212967946e-06,False,False,True,True,2029,0.0,0.04500000000000004,0.0,2,2,0.49185925119999996,0.65,2.3200000000000003
CAND-072B5F40582886,NIPPON_STEEL_JP,Nippon Steel,P2,PORT-888EB63E71B0,ACCELERATED_15C,420.698938,88109.298,209.435514,False,False,2040,9.09000111,-9.09000111,True,True,True,True,,0.0,0.0,0.0,2,2,0.49185925119999996,0.65,2.3200000000000003
CAND-081E268D7ED08C,NIPPON_STEEL_JP,Nippon Steel,P1,PORT-A01C697020EC,DISCLOSED_PATH,440.228937,81227.921,184.512906,True,False,,0.0,3.446647212967946e-06,False,False,True,True,2029,0.0,0.04500000000000004,0.0,2,2,0.5130317823999999,0.65,2.48
CAND-081E268D7ED08C,NIPPON_STEEL_JP,Nippon Steel,P1,PORT-A01C697020EC,ACCELERATED_15C,440.228937,79799.912,181.269121,False,False,2040,0.18000133500000004,-0.18000133500000004,True,True,True,True,,0.0,0.0,0.0,2,2,0.5130317823999999,0.65,2.48
CAND-089E2BD050DF1C,NIPPON_STEEL_JP,Nippon Steel,P1,PORT-FBD236D8DF23,DISCLOSED_PATH,392.968973,68955.73,175.473726,True,False,,0.0,3.446647212967946e-06,False,False,True,True,2029,0.0,0.04500000000000004,0.0,2,2,0.5130317823999999,0.65,2.48
CAND-089E2BD050DF1C,NIPPON_STEEL_JP,Nippon Steel,P1,PORT-FBD236D8DF23,ACCELERATED_15C,392.968973,67411.118,171.543105,False,False,2035,6.007752286632595,-6.007752286632595,True,True,True,True,,0.0,0.0,0.0,2,2,0.5130317823999999,0.65,2.48
CAND-08FB98F6306D32,NIPPON_STEEL_JP,Nippon Steel,P1,PORT-113D08C18DF3,DISCLOSED_PATH,298.153949,34122.98,114.44752,False,False,2030,0.6504345533527953,-0.6504345533527953,True,True,True,True,,0.0,0.0,0.0,2,2,0.45364541439999984,0.65,2.0
CAND-08FB98F6306D32,NIPPON_STEEL_JP,Nippon Steel,P1,PORT-113D08C18DF3,ACCELERATED_15C,298.153949,31919.622,107.057518,False,False,2030,10.650434553352795,-10.650434553352795,True,True,True,True,,0.0,0.0,0.0,2,2,0.45364541439999984,0.65,2.0
CAND-0902F4B4859A1C,NIPPON_STEEL_JP,Nippon Steel,P2,PORT-1411E33E415A,DISCLOSED_PATH,447.753948,27676.996,61.812958,True,False,,0.0,3.446647212967946e-06,False,False,True,True,2036,3.2699989650000028,0.0,0.0,2,2,0.41255777279999983,0.65,1.68
CAND-0902F4B4859A1C,NIPPON_STEEL_JP,Nippon Steel,P2,PORT-1411E33E415A,ACCELERATED_15C,447.753948,22579.1,50.427473,True,True,,0.0,3.446647212967946e-06,True,True,True,True,,0.0,0.0,0.0,2,2,0.41255777279999983,0.65,1.68
CAND-0923EF4E75623D,NIPPON_STEEL_JP,Nippon Steel,P3,PORT-2B4B7B3B418B,DISCLOSED_PATH,375.618932,68252.655,181.707174,True,False,,0.0,3.446647212967946e-06,False,False,True,True,2029,0.0,0.04500000000000004,0.0,2,2,0.4298908671999999,0.65,1.84
CAND-0923EF4E75623D,NIPPON_STEEL_JP,Nippon Steel,P3,PORT-2B4B7B3B418B,ACCELERATED_15C,375.618932,64799.806,172.514749,False,False,2035,13.210001625,-13.210001625,True,True,True,True,,0.0,0.0,0.0,2,2,0.4298908671999999,0.65,1.84
CAND-094FFDD52C1869,NIPPON_STEEL_JP,Nippon Steel,P4,PORT-F68D0B8FD06D,DISCLOSED_PATH,411.128921,81530.934,198.309897,True,False,,0.0,3.446647212967946e-06,False,False,True,True,2028,0.0,0.195,0.0,2,2,0.49185925119999985,0.65,2.3200000000000003
CAND-094FFDD52C1869,NIPPON_STEEL_JP,Nippon Steel,P4,PORT-F68D0B8FD06D,ACCELERATED_15C,411.128921,76094.514,185.086746,False,False,2035,10.620002640000003,-10.620002640000003,True,True,True,True,,0.0,0.0,0.0,2,2,0.49185925119999985,0.65,2.3200000000000003
CAND-09ED6F5483D950,NIPPON_STEEL_JP,Nippon Steel,P2,PORT-8186E2E8AA48,DISCLOSED_PATH,487.828943,89994.745,184.480126,True,False,,0.0,3.446647212967946e-06,False,False,True,True,2029,0.0,0.04500000000000004,0.0,2,2,0.5840479807999999,0.65,3.12
CAND-09ED6F5483D950,NIPPON_STEEL_JP,Nippon Steel,P2,PORT-8186E2E8AA48,ACCELERATED_15C,487.828943,87408.213,179.177998,True,True,,0.0,3.446647212967946e-06,True,True,True,True,,0.0,0.0,0.0,2,2,0.5840479807999999,0.65,3.12
CAND-0A9D6D24794C44,NIPPON_STEEL_JP,Nippon Steel,P1,PORT-D7554D828762,DISCLOSED_PATH,367.148927,79480.574,216.480475,True,False,,0.0,3.446647212967946e-06,False,False,True,True,2029,0.0,0.04500000000000004,0.0,2,2,0.49185925119999985,0.65,2.3200000000000003
CAND-0A9D6D24794C44,NIPPON_STEEL_JP,Nippon Steel,P1,PORT-D7554D828762,ACCELERATED_15C,367.148927,79068.626,215.358454,False,False,2035,10.620002640000003,-10.620002640000003,True,True,True,True,,0.0,0.0,0.0,2,2,0.49185925119999985,0.65,2.3200000000000003
CAND-0AB20C594215B4,NIPPON_STEEL_JP,Nippon Steel,P2,PORT-ABD3A701F29B,DISCLOSED_PATH,270.748949,32358.426,119.514504,False,False,2030,0.6504345533527953,-0.6504345533527953,True,True,True,True,,0.0,0.0,0.0,2,2,0.4298908671999999,0.65,1.84
CAND-0AB20C594215B4,NIPPON_STEEL_JP,Nippon Steel,P2,PORT-ABD3A701F29B,ACCELERATED_15C,270.748949,30165.227,111.414014,False,False,2030,16.419999419999996,-16.419999419999996,True,True,True,True,,0.0,0.0,0.0,2,2,0.4298908671999999,0.65,1.84
CAND-0ABBFD56965BF3,NIPPON_STEEL_JP,Nippon Steel,P5,PORT-C942BD99A66C,DISCLOSED_PATH,536.918941,67492.525,125.703379,True,False,,0.0,3.446647212967946e-06,False,False,True,True,2028,0.0,0.0,0.5400000000000009,2,2,0.5840479807999999,0.65,3.12
CAND-0ABBFD56965BF3,NIPPON_STEEL_JP,Nippon Steel,P5,PORT-C942BD99A66C,ACCELERATED_15C,536.918941,59005.702,109.896853,True,True,,0.0,3.446647212967946e-06,True,True,True,True,,0.0,0.0,0.0,2,2,0.5840479807999999,0.65,3.12
CAND-0B0D78C6056B63,NIPPON_STEEL_JP,Nippon Steel,P5,PORT-5998FE391D77,DISCLOSED_PATH,367.268941,63005.966,171.552667,False,False,2030,0.6504345533527953,-0.6504345533527953,True,True,True,True,,0.0,0.0,0.0,2,2,0.5659631103999998,0.65,2.96
CAND-0B0D78C6056B63,NIPPON_STEEL_JP,Nippon Steel,P5,PORT-5998FE391D77,ACCELERATED_15C,367.268941,56513.346,153.874559,False,False,2030,10.650434553352795,-10.650434553352795,True,True,True,True,,0.0,0.0,0.0,2,2,0.5659631103999998,0.65,2.96
CAND-0B64D3C56ED2FD,NIPPON_STEEL_JP,Nippon Steel,P1,PORT-93BA44A86FDE,DISCLOSED_PATH,468.703944,59510.078,126.967309,True,True,,0.0,3.446647212967946e-06,True,True,True,True,,0.0,0.0,0.0,2,2,0.5333221247999999,0.65,2.6399999999999997
CAND-0B64D3C56ED2FD,NIPPON_STEEL_JP,Nippon Steel,P1,PORT-93BA44A86FDE,ACCELERATED_15C,468.703944,56575.087,120.705378,True,True,,0.0,3.446647212967946e-06,True,True,True,True,,0.0,0.0,0.0,2,2,0.5333221247999999,0.65,2.6399999999999997
CAND-0CCB31C64DEB2F,NIPPON_STEEL_JP,Nippon Steel,P1,PORT-4025A7B6BA3A,DISCLOSED_PATH,379.748943,26098.994,68.726969,True,True,,0.0,3.446647212967946e-06,True,True,True,True,,0.0,0.0,0.0,2,2,0.3603653631999999,0.65,1.36
CAND-0CCB31C64DEB2F,NIPPON_STEEL_JP,Nippon Steel,P1,PORT-4025A7B6BA3A,ACCELERATED_15C,379.748943,22238.796,58.561839,False,False,2040,12.890000609999998,-12.890000609999998,True,True,True,True,,0.0,0.0,0.0,2,2,0.3603653631999999,0.65,1.36
CAND-0CF78073F05A91,NIPPON_STEEL_JP,Nippon Steel,P2,PORT-66671902C8C2,DISCLOSED_PATH,413.228937,35989.211,87.092668,True,True,,0.0,3.446647212967946e-06,True,True,True,True,,0.0,0.0,0.0,2,2,0.45364541439999984,0.65,2.0
CAND-0CF78073F05A91,NIPPON_STEEL_JP,Nippon Steel,P2,PORT-66671902C8C2,ACCELERATED_15C,413.228937,31829.43,77.02614,False,False,2040,2.430001335,-2.430001335,True,True,True,True,,0.0,0.0,0.0,2,2,0.45364541439999984,0.65,2.0
CAND-0D23866328E8C6,NIPPON_STEEL_JP,Nippon Steel,P1,PORT-64904F869F44,DISCLOSED_PATH,309.828943,52298.057,168.796549,False,False,2030,0.6504345533527953,-0.6504345533527953,True,True,True,True,,0.0,0.0,0.0,2,2,0.5130317823999999,0.65,2.48
CAND-0D23866328E8C6,NIPPON_STEEL_JP,Nippon Steel,P1,PORT-64904F869F44,ACCELERATED_15C,309.828943,51124.323,165.008222,False,False,2030,10.650434553352795,-10.650434553352795,True,True,True,True,,0.0,0.0,0.0,2,2,0.5130317823999999,0.65,2.48
CAND-0D920B994893D6,NIPPON_STEEL_JP,Nippon Steel,P1,PORT-1DC8D35FFDC5,DISCLOSED_PATH,493.428943,100794.208,204.272995,True,False,,0.0,3.446647212967946e-06,False,False,True,True,2029,0.0,0.04500000000000004,0.0,2,2,0.5840479807999999,0.65,3.12
CAND-0D920B994893D6,NIPPON_STEEL_JP,Nippon Steel,P1,PORT-1DC8D35FFDC5,ACCELERATED_15C,493.428943,99957.511,202.577316,True,True,,0.0,3.446647212967946e-06,True,True,True,True,,0.0,0.0,0.0,2,2,0.5840479807999999,0.65,3.12
CAND-0DB7DE82F03739,NIPPON_STEEL_JP,Nippon Steel,P1,PORT-23A278D911DA,DISCLOSED_PATH,136.288964,18712.232,137.298218,False,False,2030,15.247753591632602,-15.247753591632602,True,True,True,True,,0.0,0.0,0.0,2,2,0.40510351359999996,0.65,1.6799999999999997
CAND-0DB7DE82F03739,NIPPON_STEEL_JP,Nippon Steel,P1,PORT-23A278D911DA,ACCELERATED_15C,136.288964,17846.643,130.947087,False,False,2030,31.747753591632602,-31.747753591632602,True,True,True,True,,0.0,0.0,0.0,2,2,0.40510351359999996,0.65,1.6799999999999997
CAND-0DBC59D9266EF3,NIPPON_STEEL_JP,Nippon Steel,P2,PORT-D71AD7929180,DISCLOSED_PATH,366.438974,67970.08,185.488129,True,False,,0.0,3.446647212967946e-06,False,False,True,True,2029,0.0,0.04500000000000004,0.0,2,2,0.4298908671999999,0.65,1.84
CAND-0DBC59D9266EF3,NIPPON_STEEL_JP,Nippon Steel,P2,PORT-D71AD7929180,ACCELERATED_15C,366.438974,66027.52,180.186948,False,False,2035,11.509996694999998,-11.509996694999998,True,True,True,True,,0.0,0.0,0.0,2,2,0.4298908671999999,0.65,1.84
CAND-0E307C2CAB5D7A,NIPPON_STEEL_JP,Nippon Steel,P2,PORT-792EEE640306,DISCLOSED_PATH,339.438974,24734.365,72.86837,True,True,,0.0,3.446647212967946e-06,True,True,True,True,,0.0,0.0,0.0,2,2,0.3603653631999999,0.65,1.36
CAND-0E307C2CAB5D7A,NIPPON_STEEL_JP,Nippon Steel,P2,PORT-792EEE640306,ACCELERATED_15C,339.438974,21139.968,62.279141,False,False,2035,13.759996694999998,-13.759996694999998,True,True,True,True,,0.0,0.0,0.0,2,2,0.3603653631999999,0.65,1.36
CAND-0E50065F955C2D,NIPPON_STEEL_JP,Nippon Steel,P2,PORT-EFA421F0E7E7,DISCLOSED_PATH,406.748943,68826.956,169.212378,True,False,,0.0,3.446647212967946e-06,False,False,True,True,2029,0.0,0.04500000000000004,0.0,2,2,0.4298908671999999,0.65,1.84
CAND-0E50065F955C2D,NIPPON_STEEL_JP,Nippon Steel,P2,PORT-EFA421F0E7E7,ACCELERATED_15C,406.748943,66374.444,163.182831,False,False,2040,10.640000609999998,-10.640000609999998,True,True,True,True,,0.0,0.0,0.0,2,2,0.4298908671999999,0.65,1.84
CAND-0FEEC747FEAF1C,NIPPON_STEEL_JP,Nippon Steel,P3,PORT-4F64F793369E,DISCLOSED_PATH,330.968969,30302.34,91.556438,True,True,,0.0,3.446647212967946e-06,True,True,True,True,,0.0,0.0,0.0,2,2,0.4298908671999999,0.65,1.84
CAND-0FEEC747FEAF1C,NIPPON_STEEL_JP,Nippon Steel,P3,PORT-4F64F793369E,ACCELERATED_15C,330.968969,26657.332,80.543297,False,False,2035,11.16999771,-11.16999771,True,True,True,True,,0.0,0.0,0.0,2,2,0.4298908671999999,0.65,1.84
CAND-0FF819D46D0444,NIPPON_STEEL_JP,Nippon Steel,P1,PORT-8186E2E8AA48,DISCLOSED_PATH,487.828943,92256.577,189.116653,True,False,,0.0,3.446647212967946e-06,False,False,True,True,2029,0.0,0.04500000000000004,0.0,2,2,0.5840479807999999,0.65,3.12
CAND-0FF819D46D0444,NIPPON_STEEL_JP,Nippon Steel,P1,PORT-8186E2E8AA48,ACCELERATED_15C,487.828943,90892.962,186.321381,True,True,,0.0,3.446647212967946e-06,True,True,True,True,,0.0,0.0,0.0,2,2,0.5840479807999999,0.65,3.12
CAND-10057B6A696CE2,NIPPON_STEEL_JP,Nippon Steel,P4,PORT-CBAD3A6BFB45,DISCLOSED_PATH,502.748934,94754.13,188.472066,True,False,,0.0,3.446647212967946e-06,False,False,True,True,2028,0.0,0.195,0.0,2,2,0.5130317823999999,0.65,2.4800000000000004
CAND-10057B6A696CE2,NIPPON_STEEL_JP,Nippon Steel,P4,PORT-CBAD3A6BFB45,ACCELERATED_15C,502.748934,88170.147,175.376099,True,True,,0.0,3.446647212967946e-06,True,True,True,True,,0.0,0.0,0.0,2,2,0.5130317823999999,0.65,2.4800000000000004
CAND-100B5DC6ACF53C,NIPPON_STEEL_JP,Nippon Steel,P1,PORT-57863E458EC6,DISCLOSED_PATH,204.643973,13696.354,66.927717,False,False,2030,4.807752286632599,-4.807752286632599,True,True,True,True,,0.0,0.0,0.0,2,2,0.3603653631999999,0.65,1.36
CAND-100B5DC6ACF53C,NIPPON_STEEL_JP,Nippon Steel,P1,PORT-57863E458EC6,ACCELERATED_15C,204.643973,11418.624,55.797508,False,False,2030,21.3077522866326,-21.3077522866326,True,True,True,True,,0.0,0.0,0.0,2,2,0.3603653631999999,0.65,1.36
CAND-124947277ECC5B,NIPPON_STEEL_JP,Nippon Steel,P2,PORT-D3FE55E7A8A2,DISCLOSED_PATH,368.668938,59849.432,162.339231,True,False,,0.0,3.446647212967946e-06,False,False,True,True,2029,0.0,0.04500000000000004,0.0,2,2,0.4298908671999999,0.65,1.84
CAND-124947277ECC5B,NIPPON_STEEL_JP,Nippon Steel,P2,PORT-D3FE55E7A8A2,ACCELERATED_15C,368.668938,57435.54,155.791645,False,False,2035,13.360000949999996,-13.360000949999996,True,True,True,True,,0.0,0.0,0.0,2,2,0.4298908671999999,0.65,1.84
CAND-125BA60303F2AE,NIPPON_STEEL_JP,Nippon Steel,P2,PORT-7CC9F6AA7C42,DISCLOSED_PATH,461.298943,90683.244,196.58238,True,False,,0.0,3.446647212967946e-06,False,False,True,True,2029,0.0,0.04500000000000004,0.0,2,2,0.5130317823999999,0.65,2.48
CAND-125BA60303F2AE,NIPPON_STEEL_JP,Nippon Steel,P2,PORT-7CC9F6AA7C42,ACCELERATED_15C,461.298943,88603.416,192.073747,False,False,2040,0.9700000949999996,-0.9700000949999996,True,True,True,True,,0.0,0.0,0.0,2,2,0.5130317823999999,0.65,2.48
CAND-13001F4A0B3139,NIPPON_STEEL_JP,Nippon Steel,P2,PORT-B8A913DFD01F,DISCLOSED_PATH,313.238967,48900.565,156.112648,False,False,2040,4.429997935000003,-4.429997935000003,False,False,True,True,2029,0.0,0.04500000000000004,0.0,2,2,0.3325551616,0.65,1.2000000000000002
CAND-13001F4A0B3139,NIPPON_STEEL_JP,Nippon Steel,P2,PORT-B8A913DFD01F,ACCELERATED_15C,313.238967,46641.735,148.901444,False,False,2035,21.429997935000003,-21.429997935000003,True,True,True,True,,0.0,0.0,0.0,2,2,0.3325551616,0.65,1.2000000000000002
CAND-1305DA8742D124,NIPPON_STEEL_JP,Nippon Steel,P4,PORT-C942BD99A66C,DISCLOSED_PATH,536.918941,70832.475,131.923963,True,False,,0.0,3.446647212967946e-06,False,False,True,True,2028,0.0,0.0,0.5400000000000009,2,2,0.5840479807999999,0.65,3.12
CAND-1305DA8742D124,NIPPON_STEEL_JP,Nippon Steel,P4,PORT-C942BD99A66C,ACCELERATED_15C,536.918941,64323.973,119.802019,True,True,,0.0,3.446647212967946e-06,True,True,True,True,,0.0,0.0,0.0,2,2,0.5840479807999999,0.65,3.12
CAND-1366C02035CC2F,NIPPON_STEEL_JP,Nippon Steel,P3,PORT-FA425C592A46,DISCLOSED_PATH,405.568975,82108.566,202.452779,True,False,,0.0,3.446647212967946e-06,False,False,True,True,2029,0.0,0.04500000000000004,0.0,2,2,0.5659631103999998,0.65,2.96
CAND-1366C02035CC2F,NIPPON_STEEL_JP,Nippon Steel,P3,PORT-FA425C592A46,ACCELERATED_15C,405.568975,78778.407,194.241699,False,False,2035,4.207752061632604,-4.207752061632604,True,True,True,True,,0.0,0.0,0.0,2,2,0.5659631103999998,0.65,2.96
CAND-14082960930F71,NIPPON_STEEL_JP,Nippon Steel,P3,PORT-BF29E8561588,DISCLOSED_PATH,448.698942,70007.755,156.02389,True,False,,0.0,3.446647212967946e-06,False,False,True,True,2029,0.0,0.04500000000000004,0.0,2,2,0.45364541439999984,0.65,2.0
CAND-14082960930F71,NIPPON_STEEL_JP,Nippon Steel,P3,PORT-BF29E8561588,ACCELERATED_15C,448.698942,65551.799,146.093056,False,False,2040,2.770000320000001,-2.770000320000001,True,True,True,True,,0.0,0.0,0.0,2,2,0.45364541439999984,0.65,2.0
CAND-1440E48BD4C94D,NIPPON_STEEL_JP,Nippon Steel,P3,PORT-FD23B75EC9FF,DISCLOSED_PATH,454.348949,76664.547,168.734949,True,False,,0.0,3.446647212967946e-06,False,False,True,True,2029,0.0,0.04500000000000004,0.0,2,2,0.5130317823999999,0.65,2.4800000000000004
CAND-1440E48BD4C94D,NIPPON_STEEL_JP,Nippon Steel,P3,PORT-FD23B75EC9FF,ACCELERATED_15C,454.348949,72509.61,159.590135,False,False,2040,1.1199994199999992,-1.1199994199999992,True,True,True,True,,0.0,0.0,0.0,2,2,0.5130317823999999,0.65,2.4800000000000004
CAND-145CE7F633033C,NIPPON_STEEL_JP,Nippon Steel,P2,PORT-060F7B7B1610,DISCLOSED_PATH,231.148933,41006.838,177.404402,False,False,2030,4.7077569916326,-4.7077569916326,True,True,True,True,,0.0,0.0,0.0,2,2,0.49185925119999996,0.65,2.32
CAND-145CE7F633033C,NIPPON_STEEL_JP,Nippon Steel,P2,PORT-060F7B7B1610,ACCELERATED_15C,231.148933,39769.299,172.050539,False,False,2030,21.2077569916326,-21.2077569916326,True,True,True,True,,0.0,0.0,0.0,2,2,0.49185925119999996,0.65,2.32
CAND-152EED3AC4382F,NIPPON_STEEL_JP,Nippon Steel,P2,PORT-ED90F4FED395,DISCLOSED_PATH,319.888964,65532.022,204.858654,True,False,,0.0,3.446647212967946e-06,False,False,True,True,2029,0.0,0.04500000000000004,0.0,2,2,0.49185925119999985,0.65,2.3200000000000003
CAND-152EED3AC4382F,NIPPON_STEEL_JP,Nippon Steel,P2,PORT-ED90F4FED395,ACCELERATED_15C,319.888964,64093.85,200.362805,False,False,2035,16.447753591632598,-16.447753591632598,True,True,True,True,,0.0,0.0,0.0,2,2,0.49185925119999985,0.65,2.3200000000000003
CAND-152F14CE9BB3BA,NIPPON_STEEL_JP,Nippon Steel,P1,PORT-C07487E0AC50,DISCLOSED_PATH,245.288958,11699.145,47.695358,False,False,2035,6.4099992399999906,-6.4099992399999906,True,True,True,True,,0.0,0.0,0.0,2,2,0.3325551616,0.65,1.2
CAND-152F14CE9BB3BA,NIPPON_STEEL_JP,Nippon Steel,P1,PORT-C07487E0AC50,ACCELERATED_15C,245.288958,8760.536,35.715166,False,False,2035,23.40999923999999,-23.40999923999999,True,True,True,True,,0.0,0.0,0.0,2,2,0.3325551616,0.65,1.2
CAND-158A9D225E0A90,NIPPON_STEEL_JP,Nippon Steel,P2,PORT-D248600EA55E,DISCLOSED_PATH,302.878949,39969.622,131.965667,False,False,2030,0.6504345533527953,-0.6504345533527953,True,True,True,True,,0.0,0.0,0.0,2,2,0.5130317823999999,0.65,2.48
CAND-158A9D225E0A90,NIPPON_STEEL_JP,Nippon Steel,P2,PORT-D248600EA55E,ACCELERATED_15C,302.878949,37664.579,124.355222,False,False,2030,10.650434553352795,-10.650434553352795,True,True,True,True,,0.0,0.0,0.0,2,2,0.5130317823999999,0.65,2.48
CAND-160C0C0D8ADF0F,NIPPON_STEEL_JP,Nippon Steel,P3,PORT-EF8B17A58845,DISCLOSED_PATH,425.828938,52158.005,122.485815,True,True,,0.0,3.446647212967946e-06,True,True,True,True,,0.0,0.0,0.0,2,2,0.5130317823999999,0.65,2.48
CAND-160C0C0D8ADF0F,NIPPON_STEEL_JP,Nippon Steel,P3,PORT-EF8B17A58845,ACCELERATED_15C,425.828938,47897.528,112.480679,False,False,2040,0.630001110000002,-0.630001110000002,True,True,True,True,,0.0,0.0,0.0,2,2,0.5130317823999999,0.65,2.48
CAND-166A18196187E3,NIPPON_STEEL_JP,Nippon Steel,P3,PORT-265CE4378B75,DISCLOSED_PATH,500.428944,103964.231,207.750235,True,False,,0.0,3.446647212967946e-06,False,False,True,True,2029,0.0,0.04500000000000004,0.0,2,2,0.6292601567999999,0.65,3.5999999999999996
CAND-166A18196187E3,NIPPON_STEEL_JP,Nippon Steel,P3,PORT-265CE4378B75,ACCELERATED_15C,500.428944,100018.603,199.865743,True,True,,0.0,3.446647212967946e-06,True,True,True,True,,0.0,0.0,0.0,2,2,0.6292601567999999,0.65,3.5999999999999996
CAND-168311E17D8522,NIPPON_STEEL_JP,Nippon Steel,P2,PORT-238A2183FB78,DISCLOSED_PATH,284.698944,53142.985,186.663795,False,False,2030,0.6504345533527953,-0.6504345533527953,True,True,True,True,,0.0,0.0,0.0,2,2,0.49185925119999996,0.65,2.3200000000000003
CAND-168311E17D8522,NIPPON_STEEL_JP,Nippon Steel,P2,PORT-238A2183FB78,ACCELERATED_15C,284.698944,51900.082,182.298117,False,False,2030,14.869999919999998,-14.869999919999998,True,True,True,True,,0.0,0.0,0.0,2,2,0.49185925119999996,0.65,2.3200000000000003
CAND-16FAC10B00819B,NIPPON_STEEL_JP,Nippon Steel,P1,PORT-308D82D12417,DISCLOSED_PATH,183.548927,30984.423,168.807429,False,False,2030,8.92000264,-8.92000264,True,True,True,True,,0.0,0.0,0.0,2,2,0.40510351359999996,0.65,1.68
CAND-16FAC10B00819B,NIPPON_STEEL_JP,Nippon Steel,P1,PORT-308D82D12417,ACCELERATED_15C,183.548927,30235.437,164.726855,False,False,2030,25.92000264,-25.92000264,True,True,True,True,,0.0,0.0,0.0,2,2,0.40510351359999996,0.65,1.68
CAND-1775647062724F,NIPPON_STEEL_JP,Nippon Steel,P4,PORT-9FA69A5377EE,DISCLOSED_PATH,559.868941,106845.43,190.840074,True,False,,0.0,3.446647212967946e-06,False,False,True,True,2028,0.0,0.195,0.0,2,2,0.5840479807999999,0.65,3.12
CAND-1775647062724F,NIPPON_STEEL_JP,Nippon Steel,P4,PORT-9FA69A5377EE,ACCELERATED_15C,559.868941,99647.882,177.984301,True,True,,0.0,3.446647212967946e-06,True,True,True,True,,0.0,0.0,0.0,2,2,0.5840479807999999,0.65,3.12
CAND-185224D49A1B91,NIPPON_STEEL_JP,Nippon Steel,P1,PORT-3391EE4132D6,DISCLOSED_PATH,453.828942,37816.316,83.327247,True,False,,0.0,3.446647212967946e-06,False,False,True,True,2036,1.1500011400000005,0.0,0.0,2,2,0.47641018879999986,0.65,2.16
CAND-185224D49A1B91,NIPPON_STEEL_JP,Nippon Steel,P1,PORT-3391EE4132D6,ACCELERATED_15C,453.828942,33463.591,73.736132,True,True,,0.0,3.446647212967946e-06,True,True,True,True,,0.0,0.0,0.0,2,2,0.47641018879999986,0.65,2.16
CAND-186ADF680F8028,NIPPON_STEEL_JP,Nippon Steel,P2,PORT-CAD9747A9822,DISCLOSED_PATH,455.698943,82383.549,180.785034,True,False,,0.0,3.446647212967946e-06,False,False,True,True,2029,0.0,0.04500000000000004,0.0,2,2,0.5130317823999999,0.65,2.48
CAND-186ADF680F8028,NIPPON_STEEL_JP,Nippon Steel,P2,PORT-CAD9747A9822,ACCELERATED_15C,455.698943,79908.862,175.354503,False,False,2040,1.3700001449999988,-1.3700001449999988,True,True,True,True,,0.0,0.0,0.0,2,2,0.5130317823999999,0.65,2.48
CAND-18F73BD54A9F34,NIPPON_STEEL_JP,Nippon Steel,P1,PORT-6742936593A9,DISCLOSED_PATH,454.753949,38138.549,83.866339,True,True,,0.0,3.446647212967946e-06,True,True,True,True,,0.0,0.0,0.0,2,2,0.47641018879999986,0.65,2.16
CAND-18F73BD54A9F34,NIPPON_STEEL_JP,Nippon Steel,P1,PORT-6742936593A9,ACCELERATED_15C,454.753949,33926.565,74.604223,True,True,,0.0,3.446647212967946e-06,True,True,True,True,,0.0,0.0,0.0,2,2,0.47641018879999986,0.65,2.16
CAND-191E6659B87969,NIPPON_STEEL_JP,Nippon Steel,P1,PORT-8569972CFEA8,DISCLOSED_PATH,97.158963,978.431,10.070412,False,False,2030,22.049998224999996,-22.049998224999996,True,True,True,True,,0.0,0.0,0.0,2,2,0.21860116480000003,0.65,0.56
CAND-191E6659B87969,NIPPON_STEEL_JP,Nippon Steel,P1,PORT-8569972CFEA8,ACCELERATED_15C,97.158963,-510.508,-5.254359,False,False,2030,39.049998224999996,-39.049998224999996,True,True,True,True,,0.0,0.0,0.0,2,2,0.21860116480000003,0.65,0.56
CAND-1A4B437DAC293C,NIPPON_STEEL_JP,Nippon Steel,P3,PORT-66671902C8C2,DISCLOSED_PATH,413.228937,34891.049,84.435154,True,True,,0.0,3.446647212967946e-06,True,True,True,True,,0.0,0.0,0.0,2,2,0.45364541439999984,0.65,2.0
CAND-1A4B437DAC293C,NIPPON_STEEL_JP,Nippon Steel,P3,PORT-66671902C8C2,ACCELERATED_15C,413.228937,30152.519,72.968072,False,False,2040,2.430001335,-2.430001335,True,True,True,True,,0.0,0.0,0.0,2,2,0.45364541439999984,0.65,2.0
CAND-1AF611AA57CF04,NIPPON_STEEL_JP,Nippon Steel,P3,PORT-6595376D3E3B,DISCLOSED_PATH,480.828942,77381.808,160.934174,True,False,,0.0,3.446647212967946e-06,False,False,True,True,2029,0.0,0.04500000000000004,0.0,2,2,0.5333221247999997,0.65,2.6399999999999997
CAND-1AF611AA57CF04,NIPPON_STEEL_JP,Nippon Steel,P3,PORT-6595376D3E3B,ACCELERATED_15C,480.828942,72676.252,151.147831,True,True,,0.0,3.446647212967946e-06,True,True,True,True,,0.0,0.0,0.0,2,2,0.5333221247999997,0.65,2.6399999999999997
CAND-1C30EFEDE2D431,NIPPON_STEEL_JP,Nippon Steel,P3,PORT-523FC992190F,DISCLOSED_PATH,410.023933,78587.772,191.666305,True,False,,0.0,3.446647212967946e-06,False,False,True,True,2029,0.0,0.04500000000000004,0.0,2,2,0.5130317823999999,0.65,2.4800000000000004
CAND-1C30EFEDE2D431,NIPPON_STEEL_JP,Nippon Steel,P3,PORT-523FC992190F,ACCELERATED_15C,410.023933,75001.359,182.919466,False,False,2035,5.907756991632596,-5.907756991632596,True,True,True,True,,0.0,0.0,0.0,2,2,0.5130317823999999,0.65,2.4800000000000004
CAND-1D35A6D7D808A4,NIPPON_STEEL_JP,Nippon Steel,P1,PORT-5DE4D9A04480,DISCLOSED_PATH,461.703943,49550.401,107.320723,True,True,,0.0,3.446647212967946e-06,True,True,True,True,,0.0,0.0,0.0,2,2,0.47641018879999986,0.65,2.16
CAND-1D35A6D7D808A4,NIPPON_STEEL_JP,Nippon Steel,P1,PORT-5DE4D9A04480,ACCELERATED_15C,461.703943,45971.96,99.570214,True,True,,0.0,3.446647212967946e-06,True,True,True,True,,0.0,0.0,0.0,2,2,0.47641018879999986,0.65,2.16
CAND-1D845A52406140,NIPPON_STEEL_JP,Nippon Steel,P1,PORT-685CF3088EF5,DISCLOSED_PATH,357.968969,76424.383,213.494435,True,False,,0.0,3.446647212967946e-06,False,False,True,True,2029,0.0,0.04500000000000004,0.0,2,2,0.49185925119999985,0.65,2.3200000000000003
CAND-1D845A52406140,NIPPON_STEEL_JP,Nippon Steel,P1,PORT-685CF3088EF5,ACCELERATED_15C,357.968969,75985.743,212.269079,False,False,2035,8.91999771,-8.91999771,True,True,True,True,,0.0,0.0,0.0,2,2,0.49185925119999985,0.65,2.3200000000000003
CAND-1DE687875EB017,NIPPON_STEEL_JP,Nippon Steel,P1,PORT-58EC79466F54,DISCLOSED_PATH,367.148941,7601.685,20.704634,True,False,,0.0,3.446647212967946e-06,False,False,True,True,2034,3.3599990099999992,0.0,0.0,2,2,0.28236113919999994,0.65,0.88
CAND-1DE687875EB017,NIPPON_STEEL_JP,Nippon Steel,P1,PORT-58EC79466F54,ACCELERATED_15C,367.148941,2571.121,7.002938,False,False,2040,14.690000835,-14.690000835,True,True,True,True,,0.0,0.0,0.0,2,2,0.28236113919999994,0.65,0.88
CAND-1E30974890E511,NIPPON_STEEL_JP,Nippon Steel,P1,PORT-8B1E1EFB8523,DISCLOSED_PATH,170.238972,2725.777,16.011476,False,False,2030,11.60999692,-11.60999692,True,True,True,True,,0.0,0.0,0.0,2,2,0.25115944960000003,0.65,0.7199999999999999
CAND-1E30974890E511,NIPPON_STEEL_JP,Nippon Steel,P1,PORT-8B1E1EFB8523,ACCELERATED_15C,170.238972,220.779,1.296875,False,False,2030,28.60999692,-28.60999692,True,True,True,True,,0.0,0.0,0.0,2,2,0.25115944960000003,0.65,0.7199999999999999
CAND-1EE312CC735A27,NIPPON_STEEL_JP,Nippon Steel,P2,PORT-2680632EAC61,DISCLOSED_PATH,396.073938,60863.458,153.666908,True,False,,0.0,3.446647212967946e-06,False,False,True,True,2029,0.0,0.04500000000000004,0.0,2,2,0.45364541439999984,0.65,2.0
CAND-1EE312CC735A27,NIPPON_STEEL_JP,Nippon Steel,P2,PORT-2680632EAC61,ACCELERATED_15C,396.073938,58033.631,146.522215,False,False,2035,7.457756491632594,-7.457756491632594,True,True,True,True,,0.0,0.0,0.0,2,2,0.45364541439999984,0.65,2.0
CAND-1F17FB731DF3AF,NIPPON_STEEL_JP,Nippon Steel,P2,PORT-C8F6A070F6D3,DISCLOSED_PATH,305.103943,44458.921,145.717294,False,False,2030,0.6504345533527953,-0.6504345533527953,True,True,True,True,,0.0,0.0,0.0,2,2,0.45364541439999984,0.65,2.0
CAND-1F17FB731DF3AF,NIPPON_STEEL_JP,Nippon Steel,P2,PORT-C8F6A070F6D3,ACCELERATED_15C,305.103943,42301.059,138.644748,False,False,2030,10.650434553352795,-10.650434553352795,True,True,True,True,,0.0,0.0,0.0,2,2,0.45364541439999984,0.65,2.0
CAND-1F99EBB5AE8665,NIPPON_STEEL_JP,Nippon Steel,P3,PORT-05EE518306D9,DISCLOSED_PATH,460.828943,45283.626,98.265585,True,True,,0.0,3.446647212967946e-06,True,True,True,True,,0.0,0.0,0.0,2,2,0.5333221247999997,0.65,2.6399999999999997
CAND-1F99EBB5AE8665,NIPPON_STEEL_JP,Nippon Steel,P3,PORT-05EE518306D9,ACCELERATED_15C,460.828943,40251.786,87.346479,True,True,,0.0,3.446647212967946e-06,True,True,True,True,,0.0,0.0,0.0,2,2,0.5333221247999997,0.65,2.6399999999999997
CAND-1FF01FDB28F13A,NIPPON_STEEL_JP,Nippon Steel,P4,PORT-D74D023C0D05,DISCLOSED_PATH,521.418946,49114.443,94.193822,True,False,,0.0,3.446647212967946e-06,False,False,True,True,2028,0.4799982000000007,0.0,0.5400000000000009,2,2,0.5333221247999997,0.65,2.6399999999999997
CAND-1FF01FDB28F13A,NIPPON_STEEL_JP,Nippon Steel,P4,PORT-D74D023C0D05,ACCELERATED_15C,521.418946,42713.381,81.917585,True,True,,0.0,3.446647212967946e-06,True,True,True,True,,0.0,0.0,0.0,2,2,0.5333221247999997,0.65,2.6399999999999997
CAND-208710C12A7387,NIPPON_STEEL_JP,Nippon Steel,P1,PORT-8F73C471E8F1,DISCLOSED_PATH,353.198932,58109.045,164.522141,True,False,,0.0,3.446647212967946e-06,False,False,True,True,2029,0.0,0.04500000000000004,0.0,2,2,0.4298908671999999,0.65,1.84
CAND-208710C12A7387,NIPPON_STEEL_JP,Nippon Steel,P1,PORT-8F73C471E8F1,ACCELERATED_15C,353.198932,56420.104,159.740301,False,False,2035,12.170002140000001,-12.170002140000001,True,True,True,True,,0.0,0.0,0.0,2,2,0.4298908671999999,0.65,1.84
CAND-209838C3DCFD32,NIPPON_STEEL_JP,Nippon Steel,P2,PORT-65D55D48FAB7,DISCLOSED_PATH,315.163964,58934.852,186.997432,True,False,,0.0,3.446647212967946e-06,False,False,True,True,2029,0.0,0.04500000000000004,0.0,2,2,0.4298908671999999,0.65,1.84
CAND-209838C3DCFD32,NIPPON_STEEL_JP,Nippon Steel,P2,PORT-65D55D48FAB7,ACCELERATED_15C,315.163964,57192.589,181.469316,False,False,2035,16.447753591632598,-16.447753591632598,True,True,True,True,,0.0,0.0,0.0,2,2,0.4298908671999999,0.65,1.84
CAND-20DF636FB8303B,NIPPON_STEEL_JP,Nippon Steel,P3,PORT-4028F2B5FE7E,DISCLOSED_PATH,304.228943,41295.428,135.738001,False,False,2030,0.6504345533527953,-0.6504345533527953,True,True,True,True,,0.0,0.0,0.0,2,2,0.5130317823999999,0.65,2.48
CAND-20DF636FB8303B,NIPPON_STEEL_JP,Nippon Steel,P3,PORT-4028F2B5FE7E,ACCELERATED_15C,304.228943,38224.195,125.642862,False,False,2030,10.767755686632597,-10.767755686632597,True,True,True,True,,0.0,0.0,0.0,2,2,0.5130317823999999,0.65,2.48
CAND-219BA403F56DC0,NIPPON_STEEL_JP,Nippon Steel,P3,PORT-CAD9747A9822,DISCLOSED_PATH,455.698943,79323.221,174.069355,True,False,,0.0,3.446647212967946e-06,False,False,True,True,2029,0.0,0.04500000000000004,0.0,2,2,0.5130317823999999,0.65,2.48
CAND-219BA403F56DC0,NIPPON_STEEL_JP,Nippon Steel,P3,PORT-CAD9747A9822,ACCELERATED_15C,455.698943,75149.141,164.909624,False,False,2040,1.3700001449999988,-1.3700001449999988,True,True,True,True,,0.0,0.0,0.0,2,2,0.5130317823999999,0.65,2.48
CAND-22AE26960A4F70,NIPPON_STEEL_JP,Nippon Steel,P1,PORT-A76189D31032,DISCLOSED_PATH,439.878946,16444.787,37.3848,True,False,,0.0,3.446647212967946e-06,False,False,True,True,2034,5.799999640000003,0.0,0.0,2,2,0.41255777279999994,0.65,1.68
CAND-22AE26960A4F70,NIPPON_STEEL_JP,Nippon Steel,P1,PORT-A76189D31032,ACCELERATED_15C,439.878946,10815.069,24.586466,True,False,,0.0,3.446647212967946e-06,False,False,True,True,2036,0.7999996400000029,0.0,0.0,2,2,0.41255777279999994,0.65,1.68
CAND-22E40E506E2CF9,NIPPON_STEEL_JP,Nippon Steel,P1,PORT-C391DB151B1A,DISCLOSED_PATH,399.278941,15375.808,38.508938,True,False,,0.0,3.446647212967946e-06,False,False,True,True,2034,3.3599990099999992,0.0,0.0,2,2,0.3870168063999999,0.65,1.52
CAND-22E40E506E2CF9,NIPPON_STEEL_JP,Nippon Steel,P1,PORT-C391DB151B1A,ACCELERATED_15C,399.278941,10325.145,25.859479,False,False,2040,3.980000835000002,-3.980000835000002,True,True,True,True,,0.0,0.0,0.0,2,2,0.3870168063999999,0.65,1.52
CAND-22E48147553E1B,NIPPON_STEEL_JP,Nippon Steel,P3,PORT-FBD236D8DF23,DISCLOSED_PATH,392.968973,64841.61,165.004401,True,False,,0.0,3.446647212967946e-06,False,False,True,True,2029,0.0,0.04500000000000004,0.0,2,2,0.5130317823999999,0.65,2.48
CAND-22E48147553E1B,NIPPON_STEEL_JP,Nippon Steel,P3,PORT-FBD236D8DF23,ACCELERATED_15C,392.968973,61033.397,155.313527,False,False,2035,6.007752286632595,-6.007752286632595,True,True,True,True,,0.0,0.0,0.0,2,2,0.5130317823999999,0.65,2.48
CAND-23459FF23C9DCD,NIPPON_STEEL_JP,Nippon Steel,P1,PORT-032FE0BDCFB5,DISCLOSED_PATH,326.198932,13628.462,41.779602,True,True,,0.0,3.446647212967946e-06,True,True,True,True,,0.0,0.0,0.0,2,2,0.3603653631999999,0.65,1.3599999999999999
CAND-23459FF23C9DCD,NIPPON_STEEL_JP,Nippon Steel,P1,PORT-032FE0BDCFB5,ACCELERATED_15C,326.198932,9593.859,29.411067,False,False,2035,14.420002140000001,-14.420002140000001,True,True,True,True,,0.0,0.0,0.0,2,2,0.3603653631999999,0.65,1.3599999999999999
CAND-237358A2DB4199,NIPPON_STEEL_JP,Nippon Steel,P4,PORT-07101E93CF4E,DISCLOSED_PATH,528.51894,59963.126,113.455018,True,False,,0.0,3.446647212967946e-06,False,False,True,True,2028,0.0,0.0,0.5400000000000009,2,2,0.5333221247999997,0.65,2.6399999999999997
CAND-237358A2DB4199,NIPPON_STEEL_JP,Nippon Steel,P4,PORT-07101E93CF4E,ACCELERATED_15C,528.51894,53393.902,101.025523,True,True,,0.0,3.446647212967946e-06,True,True,True,True,,0.0,0.0,0.0,2,2,0.5333221247999997,0.65,2.6399999999999997
CAND-23E7E433182399,NIPPON_STEEL_JP,Nippon Steel,P4,PORT-6ED16D34EBBA,DISCLOSED_PATH,452.368974,80146.221,177.170023,True,False,,0.0,3.446647212967946e-06,False,False,True,True,2028,0.0,0.195,0.0,2,2,0.5130317823999999,0.65,2.48
CAND-23E7E433182399,NIPPON_STEEL_JP,Nippon Steel,P4,PORT-6ED16D34EBBA,ACCELERATED_15C,452.368974,74201.947,164.0297,False,False,2040,0.7999966950000008,-0.7999966950000008,True,True,True,True,,0.0,0.0,0.0,2,2,0.5130317823999999,0.65,2.48
CAND-24A45D1624B14F,NIPPON_STEEL_JP,Nippon Steel,P6,PORT-47CAFB63A94E,DISCLOSED_PATH,606.784375,103848.237,171.145206,True,False,,0.0,3.446647212967946e-06,False,False,True,True,2028,0.0,0.23599989,0.10399949399999997,2,2,0.5840479807999999,0.65,3.12
CAND-24A45D1624B14F,NIPPON_STEEL_JP,Nippon Steel,P6,PORT-47CAFB63A94E,ACCELERATED_15C,606.784375,88674.479,146.138369,True,True,,0.0,3.446647212967946e-06,True,True,True,True,,0.0,0.0,0.0,2,2,0.5840479807999999,0.65,3.12
CAND-24F5A4F20C649C,NIPPON_STEEL_JP,Nippon Steel,P1,PORT-888EB63E71B0,DISCLOSED_PATH,420.698938,91951.106,218.567479,True,False,,0.0,3.446647212967946e-06,False,False,True,True,2029,0.0,0.04500000000000004,0.0,2,2,0.49185925119999996,0.65,2.3200000000000003
CAND-24F5A4F20C649C,NIPPON_STEEL_JP,Nippon Steel,P1,PORT-888EB63E71B0,ACCELERATED_15C,420.698938,91713.563,218.00284,False,False,2040,9.09000111,-9.09000111,True,True,True,True,,0.0,0.0,0.0,2,2,0.49185925119999996,0.65,2.3200000000000003
CAND-250DE3ED2B41A6,NIPPON_STEEL_JP,Nippon Steel,P3,PORT-C0BD308C7501,DISCLOSED_PATH,255.278943,28244.177,110.640449,False,False,2030,0.6504345533527953,-0.6504345533527953,True,True,True,True,,0.0,0.0,0.0,2,2,0.4298908672,0.65,1.8399999999999999
CAND-250DE3ED2B41A6,NIPPON_STEEL_JP,Nippon Steel,P3,PORT-C0BD308C7501,ACCELERATED_15C,255.278943,25485.397,99.833527,False,False,2030,15.230000609999998,-15.230000609999998,True,True,True,True,,0.0,0.0,0.0,2,2,0.4298908672,0.65,1.8399999999999999
CAND-2525F1CBA6CD74,NIPPON_STEEL_JP,Nippon Steel,P1,PORT-DED2476419C0,DISCLOSED_PATH,185.068938,12867.425,69.527742,False,False,2030,11.660000949999997,-11.660000949999997,True,True,True,True,,0.0,0.0,0.0,2,2,0.3325551616000001,0.65,1.2
CAND-2525F1CBA6CD74,NIPPON_STEEL_JP,Nippon Steel,P1,PORT-DED2476419C0,ACCELERATED_15C,185.068938,10925.941,59.037142,False,False,2030,28.660000949999997,-28.660000949999997,True,True,True,True,,0.0,0.0,0.0,2,2,0.3325551616000001,0.65,1.2
CAND-2589DCEE777BE6,NIPPON_STEEL_JP,Nippon Steel,P3,PORT-7DC7D2B7A26E,DISCLOSED_PATH,217.198938,19614.698,90.307523,False,False,2030,6.257756491632598,-6.257756491632598,True,True,True,True,,0.0,0.0,0.0,2,2,0.4298908672,0.65,1.8399999999999999
CAND-2589DCEE777BE6,NIPPON_STEEL_JP,Nippon Steel,P3,PORT-7DC7D2B7A26E,ACCELERATED_15C,217.198938,17087.661,78.672856,False,False,2030,22.7577564916326,-22.7577564916326,True,True,True,True,,0.0,0.0,0.0,2,2,0.4298908672,0.65,1.8399999999999999
CAND-2592C4A012BC02,NIPPON_STEEL_JP,Nippon Steel,P3,PORT-65D55D48FAB7,DISCLOSED_PATH,315.163964,56732.107,180.00823,True,False,,0.0,3.446647212967946e-06,False,False,True,True,2029,0.0,0.04500000000000004,0.0,2,2,0.4298908671999999,0.65,1.84
CAND-2592C4A012BC02,NIPPON_STEEL_JP,Nippon Steel,P3,PORT-65D55D48FAB7,ACCELERATED_15C,315.163964,53761.163,170.581566,False,False,2035,16.447753591632598,-16.447753591632598,True,True,True,True,,0.0,0.0,0.0,2,2,0.4298908671999999,0.65,1.84
CAND-263FA88B0DC7CD,NIPPON_STEEL_JP,Nippon Steel,P4,PORT-784097DC6F17,DISCLOSED_PATH,494.078941,61611.325,124.699354,True,False,,0.0,3.446647212967946e-06,False,False,True,True,2028,0.0,0.0,0.5400000000000009,2,2,0.5130317823999999,0.65,2.48
CAND-263FA88B0DC7CD,NIPPON_STEEL_JP,Nippon Steel,P4,PORT-784097DC6F17,ACCELERATED_15C,494.078941,55583.792,112.49982,False,False,2040,1.8199999200000008,-1.8199999200000008,True,True,True,True,,0.0,0.0,0.0,2,2,0.5130317823999999,0.65,2.48
CAND-2698BE677BA7B4,NIPPON_STEEL_JP,Nippon Steel,P1,PORT-06AD5B3BFC32,DISCLOSED_PATH,292.503942,27037.523,92.434731,False,False,2030,0.6504345533527953,-0.6504345533527953,True,True,True,True,,0.0,0.0,0.0,2,2,0.3870168063999999,0.65,1.5199999999999998
CAND-2698BE677BA7B4,NIPPON_STEEL_JP,Nippon Steel,P1,PORT-06AD5B3BFC32,ACCELERATED_15C,292.503942,24297.342,83.066716,False,False,2030,10.767755686632597,-10.767755686632597,True,True,True,True,,0.0,0.0,0.0,2,2,0.3870168063999999,0.65,1.5199999999999998
CAND-26DA5ADD4A88E6,NIPPON_STEEL_JP,Nippon Steel,P3,PORT-AA17EC0396DF,DISCLOSED_PATH,411.878943,32232.374,78.256912,True,True,,0.0,3.446647212967946e-06,True,True,True,True,,0.0,0.0,0.0,2,2,0.45364541439999984,0.65,2.0
CAND-26DA5ADD4A88E6,NIPPON_STEEL_JP,Nippon Steel,P3,PORT-AA17EC0396DF,ACCELERATED_15C,411.878943,27512.988,66.798724,False,False,2040,2.1800006100000004,-2.1800006100000004,True,True,True,True,,0.0,0.0,0.0,2,2,0.45364541439999984,0.65,2.0
CAND-278851115D0D1C,NIPPON_STEEL_JP,Nippon Steel,P2,PORT-20A2D678A278,DISCLOSED_PATH,488.703943,91697.27,187.633579,True,False,,0.0,3.446647212967946e-06,False,False,True,True,2029,0.0,0.04500000000000004,0.0,2,2,0.5333221247999999,0.65,2.6399999999999997
CAND-278851115D0D1C,NIPPON_STEEL_JP,Nippon Steel,P2,PORT-20A2D678A278,ACCELERATED_15C,488.703943,89201.507,182.526677,True,True,,0.0,3.446647212967946e-06,True,True,True,True,,0.0,0.0,0.0,2,2,0.5333221247999999,0.65,2.6399999999999997
CAND-29C30D2E9FA1DE,NIPPON_STEEL_JP,Nippon Steel,P4,PORT-DC48B7EC80A2,DISCLOSED_PATH,551.768939,95616.519,173.290869,True,False,,0.0,3.446647212967946e-06,False,False,True,True,2028,0.0,0.195,0.0,2,2,0.5840479807999999,0.65,3.12
CAND-29C30D2E9FA1DE,NIPPON_STEEL_JP,Nippon Steel,P4,PORT-DC48B7EC80A2,ACCELERATED_15C,551.768939,88451.847,160.305956,True,True,,0.0,3.446647212967946e-06,True,True,True,True,,0.0,0.0,0.0,2,2,0.5840479807999999,0.65,3.12
CAND-2AD4473206AF0B,NIPPON_STEEL_JP,Nippon Steel,P3,PORT-C84D6A8C133A,DISCLOSED_PATH,272.288958,52693.933,193.522108,False,False,2040,4.1599992399999906,-4.1599992399999906,False,False,True,True,2029,0.0,0.04500000000000004,0.0,2,2,0.40510351359999996,0.65,1.68
CAND-2AD4473206AF0B,NIPPON_STEEL_JP,Nippon Steel,P3,PORT-C84D6A8C133A,ACCELERATED_15C,272.288958,50182.137,184.297362,False,False,2035,21.15999923999999,-21.15999923999999,True,True,True,True,,0.0,0.0,0.0,2,2,0.40510351359999996,0.65,1.68
CAND-2B06EEF01C226E,NIPPON_STEEL_JP,Nippon Steel,P1,PORT-060F7B7B1610,DISCLOSED_PATH,231.148933,42013.079,181.757614,False,False,2030,4.7077569916326,-4.7077569916326,True,True,True,True,,0.0,0.0,0.0,2,2,0.49185925119999996,0.65,2.32
CAND-2B06EEF01C226E,NIPPON_STEEL_JP,Nippon Steel,P1,PORT-060F7B7B1610,ACCELERATED_15C,231.148933,41328.487,178.795925,False,False,2030,21.2077569916326,-21.2077569916326,True,True,True,True,,0.0,0.0,0.0,2,2,0.49185925119999996,0.65,2.32
CAND-2B0C0B4A02AA29,NIPPON_STEEL_JP,Nippon Steel,P3,PORT-4B5687E526DA,DISCLOSED_PATH,224.148932,30224.862,134.842765,False,False,2030,4.7077569916326,-4.7077569916326,True,True,True,True,,0.0,0.0,0.0,2,2,0.4298908671999999,0.65,1.84
CAND-2B0C0B4A02AA29,NIPPON_STEEL_JP,Nippon Steel,P3,PORT-4B5687E526DA,ACCELERATED_15C,224.148932,27874.86,124.358654,False,False,2030,21.2077569916326,-21.2077569916326,True,True,True,True,,0.0,0.0,0.0,2,2,0.4298908671999999,0.65,1.84
CAND-2D4275A1A87901,NIPPON_STEEL_JP,Nippon Steel,P1,PORT-7CC9F6AA7C42,DISCLOSED_PATH,461.298943,93020.085,201.648163,True,False,,0.0,3.446647212967946e-06,False,False,True,True,2029,0.0,0.04500000000000004,0.0,2,2,0.5130317823999999,0.65,2.48
CAND-2D4275A1A87901,NIPPON_STEEL_JP,Nippon Steel,P1,PORT-7CC9F6AA7C42,ACCELERATED_15C,461.298943,92203.487,199.877949,False,False,2040,0.9700000949999996,-0.9700000949999996,True,True,True,True,,0.0,0.0,0.0,2,2,0.5130317823999999,0.65,2.48
CAND-2DB3DA11F18C0B,NIPPON_STEEL_JP,Nippon Steel,P2,PORT-FD7D021B62CB,DISCLOSED_PATH,290.278947,21971.837,75.692148,False,False,2030,0.6504345533527953,-0.6504345533527953,True,True,True,True,,0.0,0.0,0.0,2,2,0.45364541439999984,0.65,2.0
CAND-2DB3DA11F18C0B,NIPPON_STEEL_JP,Nippon Steel,P2,PORT-FD7D021B62CB,ACCELERATED_15C,290.278947,18772.911,64.67197,False,False,2030,12.317755186632596,-12.317755186632596,True,True,True,True,,0.0,0.0,0.0,2,2,0.45364541439999984,0.65,2.0
CAND-2DEBC8763F0F23,NIPPON_STEEL_JP,Nippon Steel,P1,PORT-F62C0446471A,DISCLOSED_PATH,205.473937,3918.647,19.071261,False,False,2030,6.257756491632598,-6.257756491632598,True,True,True,True,,0.0,0.0,0.0,2,2,0.28236113919999994,0.65,0.88
CAND-2DEBC8763F0F23,NIPPON_STEEL_JP,Nippon Steel,P1,PORT-F62C0446471A,ACCELERATED_15C,205.473937,917.533,4.465447,False,False,2030,22.7577564916326,-22.7577564916326,True,True,True,True,,0.0,0.0,0.0,2,2,0.28236113919999994,0.65,0.88
CAND-2E3E235F5F3F44,NIPPON_STEEL_JP,Nippon Steel,P2,PORT-0ACD636A8AEE,DISCLOSED_PATH,446.878947,25974.471,58.124177,True,False,,0.0,3.446647212967946e-06,False,False,True,True,2034,3.3599990099999992,0.0,0.0,2,2,0.47641018879999986,0.65,2.16
CAND-2E3E235F5F3F44,NIPPON_STEEL_JP,Nippon Steel,P2,PORT-0ACD636A8AEE,ACCELERATED_15C,446.878947,20785.807,46.513282,True,True,,0.0,3.446647212967946e-06,True,True,True,True,,0.0,0.0,0.0,2,2,0.47641018879999986,0.65,2.16
CAND-2E3ED87CCF5A2D,NIPPON_STEEL_JP,Nippon Steel,P2,PORT-6595376D3E3B,DISCLOSED_PATH,480.828942,80296.655,166.996302,True,False,,0.0,3.446647212967946e-06,False,False,True,True,2029,0.0,0.04500000000000004,0.0,2,2,0.5333221247999997,0.65,2.6399999999999997
CAND-2E3ED87CCF5A2D,NIPPON_STEEL_JP,Nippon Steel,P2,PORT-6595376D3E3B,ACCELERATED_15C,480.828942,77211.1,160.579145,True,True,,0.0,3.446647212967946e-06,True,True,True,True,,0.0,0.0,0.0,2,2,0.5333221247999997,0.65,2.6399999999999997
CAND-2E55262F36E739,NIPPON_STEEL_JP,Nippon Steel,P1,PORT-2B4B7B3B418B,DISCLOSED_PATH,375.618932,72775.429,193.748033,True,False,,0.0,3.446647212967946e-06,False,False,True,True,2029,0.0,0.04500000000000004,0.0,2,2,0.4298908671999999,0.65,1.84
CAND-2E55262F36E739,NIPPON_STEEL_JP,Nippon Steel,P1,PORT-2B4B7B3B418B,ACCELERATED_15C,375.618932,71804.525,191.16322,False,False,2035,13.210001625,-13.210001625,True,True,True,True,,0.0,0.0,0.0,2,2,0.4298908671999999,0.65,1.84
CAND-2F283E1A1F6910,NIPPON_STEEL_JP,Nippon Steel,P2,PORT-057E98E0E9FE,DISCLOSED_PATH,308.163963,49236.762,159.774561,True,False,,0.0,3.446647212967946e-06,False,False,True,True,2029,0.0,0.04500000000000004,0.0,2,2,0.3603653631999999,0.65,1.36
CAND-2F283E1A1F6910,NIPPON_STEEL_JP,Nippon Steel,P2,PORT-057E98E0E9FE,ACCELERATED_15C,308.163963,46995.476,152.501531,False,False,2035,16.447753591632598,-16.447753591632598,True,True,True,True,,0.0,0.0,0.0,2,2,0.3603653631999999,0.65,1.36
CAND-31390EC55355BC,NIPPON_STEEL_JP,Nippon Steel,P1,PORT-BE01C0E85B02,DISCLOSED_PATH,393.798937,59178.023,150.274715,True,False,,0.0,3.446647212967946e-06,False,False,True,True,2029,0.0,0.04500000000000004,0.0,2,2,0.45364541439999984,0.65,2.0
CAND-31390EC55355BC,NIPPON_STEEL_JP,Nippon Steel,P1,PORT-BE01C0E85B02,ACCELERATED_15C,393.798937,56910.027,144.515441,False,False,2035,7.457756491632594,-7.457756491632594,True,True,True,True,,0.0,0.0,0.0,2,2,0.45364541439999984,0.65,2.0
CAND-3194B472DF5DEB,NIPPON_STEEL_JP,Nippon Steel,P6,PORT-973ADE455C53,DISCLOSED_PATH,597.609381,91212.178,152.628425,True,False,,0.0,3.446647212967946e-06,False,False,True,True,2028,0.0,0.195,0.7239992940000004,2,2,0.5840479807999999,0.65,3.12
CAND-3194B472DF5DEB,NIPPON_STEEL_JP,Nippon Steel,P6,PORT-973ADE455C53,ACCELERATED_15C,597.609381,77398.313,129.513216,True,True,,0.0,3.446647212967946e-06,True,True,True,True,,0.0,0.0,0.0,2,2,0.5840479807999999,0.65,3.12
CAND-32B1C4DEC95227,NIPPON_STEEL_JP,Nippon Steel,P3,PORT-0ACD636A8AEE,DISCLOSED_PATH,446.878947,25357.995,56.744663,True,False,,0.0,3.446647212967946e-06,False,False,True,True,2034,3.3599990099999992,0.0,0.0,2,2,0.47641018879999986,0.65,2.16
CAND-32B1C4DEC95227,NIPPON_STEEL_JP,Nippon Steel,P3,PORT-0ACD636A8AEE,ACCELERATED_15C,446.878947,19867.245,44.457778,True,True,,0.0,3.446647212967946e-06,True,True,True,True,,0.0,0.0,0.0,2,2,0.47641018879999986,0.65,2.16
CAND-32DE0C06BF2435,NIPPON_STEEL_JP,Nippon Steel,P3,PORT-7DC6DDA55D96,DISCLOSED_PATH,209.368973,19439.764,92.849305,False,False,2030,4.807752286632599,-4.807752286632599,True,True,True,True,,0.0,0.0,0.0,2,2,0.4298908671999999,0.65,1.84
CAND-32DE0C06BF2435,NIPPON_STEEL_JP,Nippon Steel,P3,PORT-7DC6DDA55D96,ACCELERATED_15C,209.368973,16983.999,81.119942,False,False,2030,21.3077522866326,-21.3077522866326,True,True,True,True,,0.0,0.0,0.0,2,2,0.4298908671999999,0.65,1.84
CAND-33480771F67BD6,NIPPON_STEEL_JP,Nippon Steel,P2,PORT-5DE4D9A04480,DISCLOSED_PATH,461.703943,48461.555,104.962402,True,True,,0.0,3.446647212967946e-06,True,True,True,True,,0.0,0.0,0.0,2,2,0.47641018879999986,0.65,2.16
CAND-33480771F67BD6,NIPPON_STEEL_JP,Nippon Steel,P2,PORT-5DE4D9A04480,ACCELERATED_15C,461.703943,44313.955,95.979155,True,True,,0.0,3.446647212967946e-06,True,True,True,True,,0.0,0.0,0.0,2,2,0.47641018879999986,0.65,2.16
CAND-34D323983B26A7,NIPPON_STEEL_JP,Nippon Steel,P4,PORT-98EBE3980CE1,DISCLOSED_PATH,459.848927,82752.885,179.956678,True,False,,0.0,3.446647212967946e-06,False,False,True,True,2028,0.0,0.195,0.0,2,2,0.5130317823999999,0.65,2.48
CAND-34D323983B26A7,NIPPON_STEEL_JP,Nippon Steel,P4,PORT-98EBE3980CE1,ACCELERATED_15C,459.848927,76642.179,166.668169,False,False,2040,2.500001625000003,-2.500001625000003,True,True,True,True,,0.0,0.0,0.0,2,2,0.5130317823999999,0.65,2.48
CAND-358032C0E0A6C1,NIPPON_STEEL_JP,Nippon Steel,P3,PORT-AC68D0606F7A,DISCLOSED_PATH,362.423927,68195.195,188.164163,True,False,,0.0,3.446647212967946e-06,False,False,True,True,2029,0.0,0.04500000000000004,0.0,2,2,0.4298908671999999,0.65,1.84
CAND-358032C0E0A6C1,NIPPON_STEEL_JP,Nippon Steel,P3,PORT-AC68D0606F7A,ACCELERATED_15C,362.423927,64902.092,179.077834,False,False,2035,12.195002640000002,-12.195002640000002,True,True,True,True,,0.0,0.0,0.0,2,2,0.4298908671999999,0.65,1.84
CAND-363910C02980BC,NIPPON_STEEL_JP,Nippon Steel,P5,PORT-6D0E22B33B6B,DISCLOSED_PATH,403.648968,74814.071,185.34439,True,False,,0.0,3.446647212967946e-06,False,False,True,True,2028,0.0,0.195,0.0,2,2,0.49185925119999985,0.65,2.3200000000000003
CAND-363910C02980BC,NIPPON_STEEL_JP,Nippon Steel,P5,PORT-6D0E22B33B6B,ACCELERATED_15C,403.648968,67080.942,166.186334,False,False,2035,8.91999771,-8.91999771,True,True,True,True,,0.0,0.0,0.0,2,2,0.49185925119999985,0.65,2.3200000000000003
CAND-368459B36ED0AE,NIPPON_STEEL_JP,Nippon Steel,P1,PORT-6F42E9590CB3,DISCLOSED_PATH,393.698938,47470.523,120.575696,True,True,,0.0,3.446647212967946e-06,True,True,True,True,,0.0,0.0,0.0,2,2,0.4298908671999999,0.65,1.84
CAND-368459B36ED0AE,NIPPON_STEEL_JP,Nippon Steel,P1,PORT-6F42E9590CB3,ACCELERATED_15C,393.698938,44887.318,114.014324,False,False,2040,11.34000111,-11.34000111,True,True,True,True,,0.0,0.0,0.0,2,2,0.4298908671999999,0.65,1.84
CAND-36C10F1CCA9429,NIPPON_STEEL_JP,Nippon Steel,P1,PORT-EB022BB10102,DISCLOSED_PATH,272.098943,35986.301,132.25447,False,False,2030,0.6504345533527953,-0.6504345533527953,True,True,True,True,,0.0,0.0,0.0,2,2,0.4298908671999999,0.65,1.84
CAND-36C10F1CCA9429,NIPPON_STEEL_JP,Nippon Steel,P1,PORT-EB022BB10102,ACCELERATED_15C,272.098943,34305.75,126.078219,False,False,2030,16.670000144999996,-16.670000144999996,True,True,True,True,,0.0,0.0,0.0,2,2,0.4298908671999999,0.65,1.84
CAND-36D1F9F283C10F,NIPPON_STEEL_JP,Nippon Steel,P4,PORT-7AACF23AFCC7,DISCLOSED_PATH,461.948928,85545.951,185.184867,True,False,,0.0,3.446647212967946e-06,False,False,True,True,2028,0.0,0.195,0.0,2,2,0.5130317823999999,0.65,2.4800000000000004
CAND-36D1F9F283C10F,NIPPON_STEEL_JP,Nippon Steel,P4,PORT-7AACF23AFCC7,ACCELERATED_15C,461.948928,79445.226,171.978375,False,False,2040,2.67500145,-2.67500145,True,True,True,True,,0.0,0.0,0.0,2,2,0.5130317823999999,0.65,2.4800000000000004
CAND-375ABE94B32849,NIPPON_STEEL_JP,Nippon Steel,P3,PORT-6BA9841BAB7B,DISCLOSED_PATH,388.243973,58487.207,150.6455,True,False,,0.0,3.446647212967946e-06,False,False,True,True,2029,0.0,0.04500000000000004,0.0,2,2,0.45364541439999984,0.65,2.0
CAND-375ABE94B32849,NIPPON_STEEL_JP,Nippon Steel,P3,PORT-6BA9841BAB7B,ACCELERATED_15C,388.243973,54513.156,140.409537,False,False,2035,6.007752286632595,-6.007752286632595,True,True,True,True,,0.0,0.0,0.0,2,2,0.45364541439999984,0.65,2.0
CAND-37873F4AEC24E8,NIPPON_STEEL_JP,Nippon Steel,P6,PORT-155D5351606D,DISCLOSED_PATH,604.859374,101433.971,167.698436,True,False,,0.0,3.446647212967946e-06,False,False,True,True,2028,0.0,0.23599989,0.10399949399999997,2,2,0.5840479807999999,0.65,3.12
CAND-37873F4AEC24E8,NIPPON_STEEL_JP,Nippon Steel,P6,PORT-155D5351606D,ACCELERATED_15C,604.859374,86499.973,143.008403,True,True,,0.0,3.446647212967946e-06,True,True,True,True,,0.0,0.0,0.0,2,2,0.5840479807999999,0.65,3.12
CAND-3846B6C1209CCD,NIPPON_STEEL_JP,Nippon Steel,P2,PORT-1C358B09C3EE,DISCLOSED_PATH,407.748932,78547.097,192.635936,True,False,,0.0,3.446647212967946e-06,False,False,True,True,2029,0.0,0.04500000000000004,0.0,2,2,0.5130317823999999,0.65,2.48
CAND-3846B6C1209CCD,NIPPON_STEEL_JP,Nippon Steel,P2,PORT-1C358B09C3EE,ACCELERATED_15C,407.748932,76472.633,187.548335,False,False,2035,5.907756991632596,-5.907756991632596,True,True,True,True,,0.0,0.0,0.0,2,2,0.5130317823999999,0.65,2.48
CAND-39C36DFE530062,NIPPON_STEEL_JP,Nippon Steel,P5,PORT-216E4B3158C6,DISCLOSED_PATH,550.668946,88511.497,160.734499,True,False,,0.0,3.446647212967946e-06,False,False,True,True,2028,0.0,0.195,0.0,2,2,0.5840479807999999,0.65,3.12
CAND-39C36DFE530062,NIPPON_STEEL_JP,Nippon Steel,P5,PORT-216E4B3158C6,ACCELERATED_15C,550.668946,78672.061,142.866347,True,True,,0.0,3.446647212967946e-06,True,True,True,True,,0.0,0.0,0.0,2,2,0.5840479807999999,0.65,3.12
CAND-39EC71DC072D56,NIPPON_STEEL_JP,Nippon Steel,P1,PORT-C6368C8F5DC9,DISCLOSED_PATH,298.838969,24169.677,80.878597,False,False,2040,4.879997709999998,-4.879997709999998,True,True,True,True,,0.0,0.0,0.0,2,2,0.3325551616,0.65,1.2000000000000002
CAND-39EC71DC072D56,NIPPON_STEEL_JP,Nippon Steel,P1,PORT-C6368C8F5DC9,ACCELERATED_15C,298.838969,21405.474,71.62879,False,False,2035,21.879997709999998,-21.879997709999998,True,True,True,True,,0.0,0.0,0.0,2,2,0.3325551616,0.65,1.2000000000000002
CAND-3A45E4027685EB,NIPPON_STEEL_JP,Nippon Steel,P2,PORT-43EF81127474,DISCLOSED_PATH,414.748933,88245.187,212.767725,True,False,,0.0,3.446647212967946e-06,False,False,True,True,2029,0.0,0.04500000000000004,0.0,2,2,0.5659631103999998,0.65,2.96
CAND-3A45E4027685EB,NIPPON_STEEL_JP,Nippon Steel,P2,PORT-43EF81127474,ACCELERATED_15C,414.748933,86669.746,208.969184,False,False,2035,5.907756991632596,-5.907756991632596,True,True,True,True,,0.0,0.0,0.0,2,2,0.5659631103999998,0.65,2.96
CAND-3AE3E6B076254D,NIPPON_STEEL_JP,Nippon Steel,P1,PORT-91584DA203D9,DISCLOSED_PATH,223.148943,22083.425,98.962713,False,False,2030,8.940000609999998,-8.940000609999998,True,True,True,True,,0.0,0.0,0.0,2,2,0.3325551616000001,0.65,1.2
CAND-3AE3E6B076254D,NIPPON_STEEL_JP,Nippon Steel,P1,PORT-91584DA203D9,ACCELERATED_15C,223.148943,20231.853,90.665244,False,False,2030,25.94000061,-25.94000061,True,True,True,True,,0.0,0.0,0.0,2,2,0.3325551616000001,0.65,1.2
CAND-3B1DF64F26A1C8,NIPPON_STEEL_JP,Nippon Steel,P2,PORT-807501AD1AFE,DISCLOSED_PATH,421.553941,51843.196,122.981167,True,False,,0.0,3.446647212967946e-06,False,False,True,True,2029,0.0,0.04500000000000004,0.0,2,2,0.3870168063999999,0.65,1.52
CAND-3B1DF64F26A1C8,NIPPON_STEEL_JP,Nippon Steel,P2,PORT-807501AD1AFE,ACCELERATED_15C,421.553941,48080.867,114.056262,False,False,2040,3.3050008350000013,-3.3050008350000013,True,True,True,True,,0.0,0.0,0.0,2,2,0.3870168063999999,0.65,1.52
CAND-3B85ADC4F785D9,NIPPON_STEEL_JP,Nippon Steel,P1,PORT-36D98C3CB76E,DISCLOSED_PATH,164.873932,2849.669,17.283924,False,False,2030,12.045002140000001,-12.045002140000001,True,True,True,True,,0.0,0.0,0.0,2,2,0.25115944960000003,0.65,0.72
CAND-3B85ADC4F785D9,NIPPON_STEEL_JP,Nippon Steel,P1,PORT-36D98C3CB76E,ACCELERATED_15C,164.873932,427.61,2.593555,False,False,2030,29.04500214,-29.04500214,True,True,True,True,,0.0,0.0,0.0,2,2,0.25115944960000003,0.65,0.72
CAND-3C25CEC2C8DCA6,NIPPON_STEEL_JP,Nippon Steel,P1,PORT-4B5687E526DA,DISCLOSED_PATH,224.148932,32053.401,143.000463,False,False,2030,4.7077569916326,-4.7077569916326,True,True,True,True,,0.0,0.0,0.0,2,2,0.4298908671999999,0.65,1.84
CAND-3C25CEC2C8DCA6,NIPPON_STEEL_JP,Nippon Steel,P1,PORT-4B5687E526DA,ACCELERATED_15C,224.148932,30725.361,137.075651,False,False,2030,21.2077569916326,-21.2077569916326,True,True,True,True,,0.0,0.0,0.0,2,2,0.4298908671999999,0.65,1.84
CAND-3D1DE2FB90560C,NIPPON_STEEL_JP,Nippon Steel,P1,PORT-5ADA91EDF97F,DISCLOSED_PATH,256.628937,32731.769,127.545122,False,False,2030,0.6504345533527953,-0.6504345533527953,True,True,True,True,,0.0,0.0,0.0,2,2,0.4298908671999999,0.65,1.84
CAND-3D1DE2FB90560C,NIPPON_STEEL_JP,Nippon Steel,P1,PORT-5ADA91EDF97F,ACCELERATED_15C,256.628937,30966.724,120.667313,False,False,2030,15.48000133499999,-15.48000133499999,True,True,True,True,,0.0,0.0,0.0,2,2,0.4298908671999999,0.65,1.84
CAND-3D2EF5278D6CC4,NIPPON_STEEL_JP,Nippon Steel,P1,PORT-9D6D0AEF4524,DISCLOSED_PATH,481.753949,82619.132,171.496532,True,False,,0.0,3.446647212967946e-06,False,False,True,True,2029,0.0,0.04500000000000004,0.0,2,2,0.5333221247999999,0.65,2.6400000000000006
CAND-3D2EF5278D6CC4,NIPPON_STEEL_JP,Nippon Steel,P1,PORT-9D6D0AEF4524,ACCELERATED_15C,481.753949,80752.81,167.622518,True,True,,0.0,3.446647212967946e-06,True,True,True,True,,0.0,0.0,0.0,2,2,0.5333221247999999,0.65,2.6400000000000006
CAND-3DAE6A1DA025A3,NIPPON_STEEL_JP,Nippon Steel,P3,PORT-4FC217565C3B,DISCLOSED_PATH,345.368967,54449.033,157.654677,True,False,,0.0,3.446647212967946e-06,False,False,True,True,2029,0.0,0.04500000000000004,0.0,2,2,0.4298908671999999,0.65,1.84
CAND-3DAE6A1DA025A3,NIPPON_STEEL_JP,Nippon Steel,P3,PORT-4FC217565C3B,ACCELERATED_15C,345.368967,50934.13,147.477438,False,False,2035,10.719997935000002,-10.719997935000002,True,True,True,True,,0.0,0.0,0.0,2,2,0.4298908671999999,0.65,1.84
CAND-3DE8D6197F9834,NIPPON_STEEL_JP,Nippon Steel,P3,PORT-7F141003EFD9,DISCLOSED_PATH,466.428943,53235.115,114.133387,True,True,,0.0,3.446647212967946e-06,True,True,True,True,,0.0,0.0,0.0,2,2,0.5333221247999997,0.65,2.6399999999999997
CAND-3DE8D6197F9834,NIPPON_STEEL_JP,Nippon Steel,P3,PORT-7F141003EFD9,ACCELERATED_15C,466.428943,48399.453,103.765973,True,True,,0.0,3.446647212967946e-06,True,True,True,True,,0.0,0.0,0.0,2,2,0.5333221247999997,0.65,2.6399999999999997
CAND-3E867AE3AC41B1,NIPPON_STEEL_JP,Nippon Steel,P2,PORT-EDF18767D12A,DISCLOSED_PATH,398.568974,75581.276,189.631609,True,False,,0.0,3.446647212967946e-06,False,False,True,True,2029,0.0,0.04500000000000004,0.0,2,2,0.5130317823999999,0.65,2.48
CAND-3E867AE3AC41B1,NIPPON_STEEL_JP,Nippon Steel,P2,PORT-EDF18767D12A,ACCELERATED_15C,398.568974,73526.872,184.477159,False,False,2035,4.207752061632604,-4.207752061632604,True,True,True,True,,0.0,0.0,0.0,2,2,0.5130317823999999,0.65,2.48
CAND-3E96EFC81809D0,NIPPON_STEEL_JP,Nippon Steel,P1,PORT-413ECF7F1B83,DISCLOSED_PATH,291.153948,24163.303,82.991499,False,False,2030,0.6504345533527953,-0.6504345533527953,True,True,True,True,,0.0,0.0,0.0,2,2,0.3870168063999999,0.65,1.52
CAND-3E96EFC81809D0,NIPPON_STEEL_JP,Nippon Steel,P1,PORT-413ECF7F1B83,ACCELERATED_15C,291.153948,21316.495,73.213828,False,False,2030,10.650434553352795,-10.650434553352795,True,True,True,True,,0.0,0.0,0.0,2,2,0.3870168063999999,0.65,1.52
CAND-3EA33E7BC29133,NIPPON_STEEL_JP,Nippon Steel,P1,PORT-E7B35CB7C0D2,DISCLOSED_PATH,428.698943,40001.87,93.309935,True,True,,0.0,3.446647212967946e-06,True,True,True,True,,0.0,0.0,0.0,2,2,0.45364541439999984,0.65,2.0
CAND-3EA33E7BC29133,NIPPON_STEEL_JP,Nippon Steel,P1,PORT-E7B35CB7C0D2,ACCELERATED_15C,428.698943,36312.693,84.704415,False,False,2040,3.620000144999999,-3.620000144999999,True,True,True,True,,0.0,0.0,0.0,2,2,0.45364541439999984,0.65,2.0
CAND-3F0E54D196E84E,NIPPON_STEEL_JP,Nippon Steel,P1,PORT-BA0215B7029E,DISCLOSED_PATH,434.298943,48539.502,111.765185,True,True,,0.0,3.446647212967946e-06,True,True,True,True,,0.0,0.0,0.0,2,2,0.45364541439999984,0.65,2.0
CAND-3F0E54D196E84E,NIPPON_STEEL_JP,Nippon Steel,P1,PORT-BA0215B7029E,ACCELERATED_15C,434.298943,45377.242,104.483887,False,False,2040,3.2200000949999996,-3.2200000949999996,True,True,True,True,,0.0,0.0,0.0,2,2,0.45364541439999984,0.65,2.0
CAND-40AB86DD5DFE65,NIPPON_STEEL_JP,Nippon Steel,P3,PORT-243FA04FE940,DISCLOSED_PATH,189.838975,29332.666,154.513402,False,False,2030,8.409996519999993,-8.409996519999993,True,True,True,True,,0.0,0.0,0.0,2,2,0.40510351359999996,0.65,1.6800000000000002
CAND-40AB86DD5DFE65,NIPPON_STEEL_JP,Nippon Steel,P3,PORT-243FA04FE940,ACCELERATED_15C,189.838975,27604.556,145.410374,False,False,2030,25.409996519999993,-25.409996519999993,True,True,True,True,,0.0,0.0,0.0,2,2,0.40510351359999996,0.65,1.6800000000000002
CAND-40F4CBA7C91A01,NIPPON_STEEL_JP,Nippon Steel,P1,PORT-5ACD5D586F5E,DISCLOSED_PATH,421.698942,30042.193,71.240854,True,False,,0.0,3.446647212967946e-06,False,False,True,True,2036,1.1500011400000005,0.0,0.0,2,2,0.3870168063999999,0.65,1.52
CAND-40F4CBA7C91A01,NIPPON_STEEL_JP,Nippon Steel,P1,PORT-5ACD5D586F5E,ACCELERATED_15C,421.698942,25709.566,60.966637,False,False,2040,5.020000319999998,-5.020000319999998,True,True,True,True,,0.0,0.0,0.0,2,2,0.3870168063999999,0.65,1.52
CAND-41147A86C6CC6A,NIPPON_STEEL_JP,Nippon Steel,P2,PORT-38535C2DEC41,DISCLOSED_PATH,353.243969,67912.376,192.253461,True,False,,0.0,3.446647212967946e-06,False,False,True,True,2029,0.0,0.04500000000000004,0.0,2,2,0.4298908671999999,0.65,1.84
CAND-41147A86C6CC6A,NIPPON_STEEL_JP,Nippon Steel,P2,PORT-38535C2DEC41,ACCELERATED_15C,353.243969,66131.493,187.211951,False,False,2035,10.49499771,-10.49499771,True,True,True,True,,0.0,0.0,0.0,2,2,0.4298908671999999,0.65,1.84
CAND-4283B64732024A,NIPPON_STEEL_JP,Nippon Steel,P3,PORT-D71AD7929180,DISCLOSED_PATH,366.438974,65419.046,178.526441,True,False,,0.0,3.446647212967946e-06,False,False,True,True,2029,0.0,0.04500000000000004,0.0,2,2,0.4298908671999999,0.65,1.84
CAND-4283B64732024A,NIPPON_STEEL_JP,Nippon Steel,P3,PORT-D71AD7929180,ACCELERATED_15C,366.438974,62056.613,169.350471,False,False,2035,11.509996694999998,-11.509996694999998,True,True,True,True,,0.0,0.0,0.0,2,2,0.4298908671999999,0.65,1.84
CAND-42EB7DBE6A04AD,NIPPON_STEEL_JP,Nippon Steel,P2,PORT-17AB13B46286,DISCLOSED_PATH,385.968972,57583.49,149.192019,True,False,,0.0,3.446647212967946e-06,False,False,True,True,2029,0.0,0.04500000000000004,0.0,2,2,0.45364541439999984,0.65,2.0
CAND-42EB7DBE6A04AD,NIPPON_STEEL_JP,Nippon Steel,P2,PORT-17AB13B46286,ACCELERATED_15C,385.968972,54635.204,141.553358,False,False,2035,6.007752286632595,-6.007752286632595,True,True,True,True,,0.0,0.0,0.0,2,2,0.45364541439999984,0.65,2.0
CAND-43633E7456CA0E,NIPPON_STEEL_JP,Nippon Steel,P2,PORT-01174EA2B96D,DISCLOSED_PATH,280.758963,48222.736,171.758493,False,False,2040,6.749998224999999,-6.749998224999999,False,False,True,True,2029,0.0,0.04500000000000004,0.0,2,2,0.3325551616,0.65,1.2000000000000002
CAND-43633E7456CA0E,NIPPON_STEEL_JP,Nippon Steel,P2,PORT-01174EA2B96D,ACCELERATED_15C,280.758963,46397.386,165.257006,False,False,2035,23.749998225,-23.749998225,True,True,True,True,,0.0,0.0,0.0,2,2,0.3325551616,0.65,1.2000000000000002
CAND-43ED54F71B5B31,NIPPON_STEEL_JP,Nippon Steel,P2,PORT-00A7244DC13E,DISCLOSED_PATH,366.843974,25748.39,70.188942,True,True,,0.0,3.446647212967946e-06,True,True,True,True,,0.0,0.0,0.0,2,2,0.3870168063999999,0.65,1.52
CAND-43ED54F71B5B31,NIPPON_STEEL_JP,Nippon Steel,P2,PORT-00A7244DC13E,ACCELERATED_15C,366.843974,21738.058,59.256959,False,False,2035,6.457752061632604,-6.457752061632604,True,True,True,True,,0.0,0.0,0.0,2,2,0.3870168063999999,0.65,1.52
CAND-450CB289C8C9D2,NIPPON_STEEL_JP,Nippon Steel,P1,PORT-00A7244DC13E,DISCLOSED_PATH,366.843974,26249.554,71.555092,True,True,,0.0,3.446647212967946e-06,True,True,True,True,,0.0,0.0,0.0,2,2,0.3870168063999999,0.65,1.52
CAND-450CB289C8C9D2,NIPPON_STEEL_JP,Nippon Steel,P1,PORT-00A7244DC13E,ACCELERATED_15C,366.843974,22490.116,61.307033,False,False,2035,6.457752061632604,-6.457752061632604,True,True,True,True,,0.0,0.0,0.0,2,2,0.3870168063999999,0.65,1.52
CAND-45269D03AA5CA4,NIPPON_STEEL_JP,Nippon Steel,P2,PORT-5B51FD1C8E45,DISCLOSED_PATH,378.568975,42043.651,111.05942,True,True,,0.0,3.446647212967946e-06,True,True,True,True,,0.0,0.0,0.0,2,2,0.5130317823999999,0.65,2.48
CAND-45269D03AA5CA4,NIPPON_STEEL_JP,Nippon Steel,P2,PORT-5B51FD1C8E45,ACCELERATED_15C,378.568975,38836.432,102.587467,False,False,2035,6.457752061632604,-6.457752061632604,True,True,True,True,,0.0,0.0,0.0,2,2,0.5130317823999999,0.65,2.48
CAND-45605758418B60,NIPPON_STEEL_JP,Nippon Steel,P2,PORT-3391EE4132D6,DISCLOSED_PATH,453.828942,37060.94,81.662796,True,False,,0.0,3.446647212967946e-06,False,False,True,True,2036,1.1500011400000005,0.0,0.0,2,2,0.47641018879999986,0.65,2.16
CAND-45605758418B60,NIPPON_STEEL_JP,Nippon Steel,P2,PORT-3391EE4132D6,ACCELERATED_15C,453.828942,32323.548,71.224078,True,True,,0.0,3.446647212967946e-06,True,True,True,True,,0.0,0.0,0.0,2,2,0.47641018879999986,0.65,2.16
CAND-458D573EF94374,NIPPON_STEEL_JP,Nippon Steel,P3,PORT-203CD7D2B6DE,DISCLOSED_PATH,340.148927,33135.949,97.416002,True,True,,0.0,3.446647212967946e-06,True,True,True,True,,0.0,0.0,0.0,2,2,0.4298908671999999,0.65,1.84
CAND-458D573EF94374,NIPPON_STEEL_JP,Nippon Steel,P3,PORT-203CD7D2B6DE,ACCELERATED_15C,340.148927,29400.525,86.434272,False,False,2035,12.870002640000003,-12.870002640000003,True,True,True,True,,0.0,0.0,0.0,2,2,0.4298908671999999,0.65,1.84
CAND-45B8770EDB8FD9,NIPPON_STEEL_JP,Nippon Steel,P1,PORT-203CD7D2B6DE,DISCLOSED_PATH,340.148927,34999.991,102.89608,True,True,,0.0,3.446647212967946e-06,True,True,True,True,,0.0,0.0,0.0,2,2,0.4298908671999999,0.65,1.84
CAND-45B8770EDB8FD9,NIPPON_STEEL_JP,Nippon Steel,P1,PORT-203CD7D2B6DE,ACCELERATED_15C,340.148927,32242.381,94.789011,False,False,2035,12.870002640000003,-12.870002640000003,True,True,True,True,,0.0,0.0,0.0,2,2,0.4298908671999999,0.65,1.84
CAND-461B72F0CEA54E,NIPPON_STEEL_JP,Nippon Steel,P2,PORT-1B8D3CFF1438,DISCLOSED_PATH,210.243974,21745.756,103.431056,False,False,2030,3.007752061632594,-3.007752061632594,True,True,True,True,,0.0,0.0,0.0,2,2,0.3603653631999999,0.65,1.36
CAND-461B72F0CEA54E,NIPPON_STEEL_JP,Nippon Steel,P2,PORT-1B8D3CFF1438,ACCELERATED_15C,210.243974,19725.163,93.820349,False,False,2030,19.507752061632594,-19.507752061632594,True,True,True,True,,0.0,0.0,0.0,2,2,0.3603653631999999,0.65,1.36
CAND-46F2941C6CF6C6,NIPPON_STEEL_JP,Nippon Steel,P1,PORT-43EF81127474,DISCLOSED_PATH,414.748933,90509.23,218.226553,True,False,,0.0,3.446647212967946e-06,False,False,True,True,2029,0.0,0.04500000000000004,0.0,2,2,0.5659631103999998,0.65,2.96
CAND-46F2941C6CF6C6,NIPPON_STEEL_JP,Nippon Steel,P1,PORT-43EF81127474,ACCELERATED_15C,414.748933,90161.676,217.388565,False,False,2035,5.907756991632596,-5.907756991632596,True,True,True,True,,0.0,0.0,0.0,2,2,0.5659631103999998,0.65,2.96
CAND-475B4C4008FC43,NIPPON_STEEL_JP,Nippon Steel,P2,PORT-9D6D0AEF4524,DISCLOSED_PATH,481.753949,80610.801,167.327743,True,False,,0.0,3.446647212967946e-06,False,False,True,True,2029,0.0,0.04500000000000004,0.0,2,2,0.5333221247999999,0.65,2.6400000000000006
CAND-475B4C4008FC43,NIPPON_STEEL_JP,Nippon Steel,P2,PORT-9D6D0AEF4524,ACCELERATED_15C,481.753949,77663.765,161.210439,True,True,,0.0,3.446647212967946e-06,True,True,True,True,,0.0,0.0,0.0,2,2,0.5333221247999999,0.65,2.6400000000000006
CAND-478F19D65CB3E6,NIPPON_STEEL_JP,Nippon Steel,P2,PORT-760BEDA2ECE0,DISCLOSED_PATH,326.243969,24676.661,75.638673,True,True,,0.0,3.446647212967946e-06,True,True,True,True,,0.0,0.0,0.0,2,2,0.3603653631999999,0.65,1.36
CAND-478F19D65CB3E6,NIPPON_STEEL_JP,Nippon Steel,P2,PORT-760BEDA2ECE0,ACCELERATED_15C,326.243969,21243.94,65.116729,False,False,2035,12.74499771,-12.74499771,True,True,True,True,,0.0,0.0,0.0,2,2,0.3603653631999999,0.65,1.36
CAND-48692414D1937D,NIPPON_STEEL_JP,Nippon Steel,P1,PORT-01174EA2B96D,DISCLOSED_PATH,280.758963,49474.582,176.217286,False,False,2040,6.749998224999999,-6.749998224999999,False,False,True,True,2029,0.0,0.04500000000000004,0.0,2,2,0.3325551616,0.65,1.2000000000000002
CAND-48692414D1937D,NIPPON_STEEL_JP,Nippon Steel,P1,PORT-01174EA2B96D,ACCELERATED_15C,280.758963,48322.68,172.114469,False,False,2035,23.749998225,-23.749998225,True,True,True,True,,0.0,0.0,0.0,2,2,0.3325551616,0.65,1.2000000000000002
CAND-48727E7FC8B5D8,NIPPON_STEEL_JP,Nippon Steel,P4,PORT-EE44ED4FFBEB,DISCLOSED_PATH,557.76894,104052.364,186.55102,True,False,,0.0,3.446647212967946e-06,False,False,True,True,2028,0.0,0.195,0.0,2,2,0.5840479807999999,0.65,3.12
CAND-48727E7FC8B5D8,NIPPON_STEEL_JP,Nippon Steel,P4,PORT-EE44ED4FFBEB,ACCELERATED_15C,557.76894,96844.835,173.628949,True,True,,0.0,3.446647212967946e-06,True,True,True,True,,0.0,0.0,0.0,2,2,0.5840479807999999,0.65,3.12
CAND-49EB68E4BD9CC3,NIPPON_STEEL_JP,Nippon Steel,P2,PORT-5DB1AD1FC339,DISCLOSED_PATH,420.348948,26662.97,63.430563,True,False,,0.0,3.446647212967946e-06,False,False,True,True,2036,0.39999896500000176,0.0,0.0,2,2,0.3870168063999999,0.65,1.52
CAND-49EB68E4BD9CC3,NIPPON_STEEL_JP,Nippon Steel,P2,PORT-5DB1AD1FC339,ACCELERATED_15C,420.348948,21981.01,52.292292,False,False,2040,4.769999594999998,-4.769999594999998,True,True,True,True,,0.0,0.0,0.0,2,2,0.3870168063999999,0.65,1.52
CAND-4A1336B870088D,NIPPON_STEEL_JP,Nippon Steel,P1,PORT-6C2F1FF45B21,DISCLOSED_PATH,468.298944,102979.762,219.90176,True,False,,0.0,3.446647212967946e-06,False,False,True,True,2029,0.0,0.04500000000000004,0.0,2,2,0.5659631103999999,0.65,2.96
CAND-4A1336B870088D,NIPPON_STEEL_JP,Nippon Steel,P1,PORT-6C2F1FF45B21,ACCELERATED_15C,468.298944,102806.613,219.532021,True,True,,0.0,3.446647212967946e-06,True,True,True,True,,0.0,0.0,0.0,2,2,0.5659631103999999,0.65,2.96
CAND-4BC0291BD7FA17,NIPPON_STEEL_JP,Nippon Steel,P3,PORT-BF563B54E502,DISCLOSED_PATH,380.748932,34213.059,89.857269,True,True,,0.0,3.446647212967946e-06,True,True,True,True,,0.0,0.0,0.0,2,2,0.45364541439999984,0.65,2.0
CAND-4BC0291BD7FA17,NIPPON_STEEL_JP,Nippon Steel,P3,PORT-BF563B54E502,ACCELERATED_15C,380.748932,29902.45,78.535874,False,False,2035,8.157756991632596,-8.157756991632596,True,True,True,True,,0.0,0.0,0.0,2,2,0.45364541439999984,0.65,2.0
CAND-4BC8A2CAA234D6,NIPPON_STEEL_JP,Nippon Steel,P4,PORT-64B5F1E39CEC,DISCLOSED_PATH,351.768946,44623.323,126.854072,False,False,2030,0.6504345533527953,-0.6504345533527953,True,True,True,True,,0.0,0.0,0.0,2,2,0.5130317823999999,0.65,2.48
CAND-4BC8A2CAA234D6,NIPPON_STEEL_JP,Nippon Steel,P4,PORT-64B5F1E39CEC,ACCELERATED_15C,351.768946,40260.307,114.450998,False,False,2030,10.650434553352795,-10.650434553352795,True,True,True,True,,0.0,0.0,0.0,2,2,0.5130317823999999,0.65,2.48
CAND-4BFFEE58983053,NIPPON_STEEL_JP,Nippon Steel,P2,PORT-80CDBDD324C3,DISCLOSED_PATH,287.758964,57920.826,201.28244,False,False,2040,5.349998049999996,-5.349998049999996,False,False,True,True,2029,0.0,0.04500000000000004,0.0,2,2,0.40510351359999996,0.65,1.6800000000000002
CAND-4BFFEE58983053,NIPPON_STEEL_JP,Nippon Steel,P2,PORT-80CDBDD324C3,ACCELERATED_15C,287.758964,56594.498,196.673277,False,False,2035,22.349998049999996,-22.349998049999996,True,True,True,True,,0.0,0.0,0.0,2,2,0.40510351359999996,0.65,1.6800000000000002
CAND-4C03DDE7A8F948,NIPPON_STEEL_JP,Nippon Steel,P3,PORT-42FD0857B83C,DISCLOSED_PATH,452.478948,33309.485,73.615546,True,False,,0.0,3.446647212967946e-06,False,False,True,True,2036,0.39999896500000176,0.0,0.0,2,2,0.47641018879999986,0.65,2.16
CAND-4C03DDE7A8F948,NIPPON_STEEL_JP,Nippon Steel,P3,PORT-42FD0857B83C,ACCELERATED_15C,452.478948,28014.913,61.91429,True,True,,0.0,3.446647212967946e-06,True,True,True,True,,0.0,0.0,0.0,2,2,0.47641018879999986,0.65,2.16
CAND-4C72EAD1F6BB27,NIPPON_STEEL_JP,Nippon Steel,P5,PORT-AB392CF8B393,DISCLOSED_PATH,493.548939,77013.287,156.039819,True,False,,0.0,3.446647212967946e-06,False,False,True,True,2028,0.0,0.195,0.0,2,2,0.5130317823999999,0.65,2.48
CAND-4C72EAD1F6BB27,NIPPON_STEEL_JP,Nippon Steel,P5,PORT-AB392CF8B393,ACCELERATED_15C,493.548939,68148.939,138.079395,True,True,,0.0,3.446647212967946e-06,True,True,True,True,,0.0,0.0,0.0,2,2,0.5130317823999999,0.65,2.48
CAND-4CA11613563791,NIPPON_STEEL_JP,Nippon Steel,P3,PORT-F8E2822A3FA6,DISCLOSED_PATH,452.828938,93571.654,206.637973,True,False,,0.0,3.446647212967946e-06,False,False,True,True,2029,0.0,0.04500000000000004,0.0,2,2,0.5659631103999998,0.65,2.96
CAND-4CA11613563791,NIPPON_STEEL_JP,Nippon Steel,P3,PORT-F8E2822A3FA6,ACCELERATED_15C,452.828938,89919.336,198.572416,True,True,,0.0,3.446647212967946e-06,True,True,True,True,,0.0,0.0,0.0,2,2,0.5659631103999998,0.65,2.96
CAND-4CD33B1BCD8A31,NIPPON_STEEL_JP,Nippon Steel,P2,PORT-C6368C8F5DC9,DISCLOSED_PATH,298.838969,23662.635,79.181893,False,False,2040,4.879997709999998,-4.879997709999998,True,True,True,True,,0.0,0.0,0.0,2,2,0.3325551616,0.65,1.2000000000000002
CAND-4CD33B1BCD8A31,NIPPON_STEEL_JP,Nippon Steel,P2,PORT-C6368C8F5DC9,ACCELERATED_15C,298.838969,20645.85,69.086872,False,False,2035,21.879997709999998,-21.879997709999998,True,True,True,True,,0.0,0.0,0.0,2,2,0.3325551616,0.65,1.2000000000000002
CAND-4CE0AD3BCC1840,NIPPON_STEEL_JP,Nippon Steel,P2,PORT-DC98E399B19F,DISCLOSED_PATH,373.843975,35446.48,94.816241,True,True,,0.0,3.446647212967946e-06,True,True,True,True,,0.0,0.0,0.0,2,2,0.45364541439999984,0.65,2.0
CAND-4CE0AD3BCC1840,NIPPON_STEEL_JP,Nippon Steel,P2,PORT-DC98E399B19F,ACCELERATED_15C,373.843975,31935.171,85.423795,False,False,2035,6.457752061632604,-6.457752061632604,True,True,True,True,,0.0,0.0,0.0,2,2,0.45364541439999984,0.65,2.0
CAND-4CE4B30069A059,NIPPON_STEEL_JP,Nippon Steel,P1,PORT-292714C1359A,DISCLOSED_PATH,240.563958,4935.92,20.51812,False,False,2035,7.984999239999993,-7.984999239999993,True,True,True,True,,0.0,0.0,0.0,2,2,0.25115944960000003,0.65,0.72
CAND-4CE4B30069A059,NIPPON_STEEL_JP,Nippon Steel,P1,PORT-292714C1359A,ACCELERATED_15C,240.563958,1601.23,6.656151,False,False,2035,24.984999239999993,-24.984999239999993,True,True,True,True,,0.0,0.0,0.0,2,2,0.25115944960000003,0.65,0.72
CAND-4CEBE052A6C990,NIPPON_STEEL_JP,Nippon Steel,P1,PORT-5DB1AD1FC339,DISCLOSED_PATH,420.348948,27167.972,64.63195,True,False,,0.0,3.446647212967946e-06,False,False,True,True,2036,0.39999896500000176,0.0,0.0,2,2,0.3870168063999999,0.65,1.52
CAND-4CEBE052A6C990,NIPPON_STEEL_JP,Nippon Steel,P1,PORT-5DB1AD1FC339,ACCELERATED_15C,420.348948,22728.72,54.071076,False,False,2040,4.769999594999998,-4.769999594999998,True,True,True,True,,0.0,0.0,0.0,2,2,0.3870168063999999,0.65,1.52
CAND-4CFD4D6142962A,NIPPON_STEEL_JP,Nippon Steel,P1,PORT-40A36EE0C770,DISCLOSED_PATH,394.148941,52082.267,132.138545,True,False,,0.0,3.446647212967946e-06,False,False,True,True,2029,0.0,0.04500000000000004,0.0,2,2,0.3603653631999999,0.65,1.36
CAND-4CFD4D6142962A,NIPPON_STEEL_JP,Nippon Steel,P1,PORT-40A36EE0C770,ACCELERATED_15C,394.148941,49397.366,125.326649,False,False,2040,12.440000835,-12.440000835,True,True,True,True,,0.0,0.0,0.0,2,2,0.3603653631999999,0.65,1.36
CAND-4D211E7CAB3825,NIPPON_STEEL_JP,Nippon Steel,P2,PORT-9F881B0E6E71,DISCLOSED_PATH,277.698943,43444.895,156.446023,False,False,2030,0.6504345533527953,-0.6504345533527953,True,True,True,True,,0.0,0.0,0.0,2,2,0.4298908671999999,0.65,1.84
CAND-4D211E7CAB3825,NIPPON_STEEL_JP,Nippon Steel,P2,PORT-9F881B0E6E71,ACCELERATED_15C,277.698943,41702.969,150.173307,False,False,2030,16.270000095,-16.270000095,True,True,True,True,,0.0,0.0,0.0,2,2,0.4298908671999999,0.65,1.84
CAND-4D44526A065D58,NIPPON_STEEL_JP,Nippon Steel,P3,PORT-DC98E399B19F,DISCLOSED_PATH,373.843975,34340.514,91.857878,True,True,,0.0,3.446647212967946e-06,True,True,True,True,,0.0,0.0,0.0,2,2,0.45364541439999984,0.65,2.0
CAND-4D44526A065D58,NIPPON_STEEL_JP,Nippon Steel,P3,PORT-DC98E399B19F,ACCELERATED_15C,373.843975,30236.358,80.879619,False,False,2035,6.457752061632604,-6.457752061632604,True,True,True,True,,0.0,0.0,0.0,2,2,0.45364541439999984,0.65,2.0
CAND-4DD44A5CE98A95,NIPPON_STEEL_JP,Nippon Steel,P1,PORT-FD23B75EC9FF,DISCLOSED_PATH,454.348949,81608.233,179.615762,True,False,,0.0,3.446647212967946e-06,False,False,True,True,2029,0.0,0.04500000000000004,0.0,2,2,0.5130317823999999,0.65,2.4800000000000004
CAND-4DD44A5CE98A95,NIPPON_STEEL_JP,Nippon Steel,P1,PORT-FD23B75EC9FF,ACCELERATED_15C,454.348949,80158.091,176.424072,False,False,2040,1.1199994199999992,-1.1199994199999992,True,True,True,True,,0.0,0.0,0.0,2,2,0.5130317823999999,0.65,2.4800000000000004
CAND-4E354DAC9A3C4A,NIPPON_STEEL_JP,Nippon Steel,P1,PORT-057E98E0E9FE,DISCLOSED_PATH,308.163963,50485.482,163.826689,True,False,,0.0,3.446647212967946e-06,False,False,True,True,2029,0.0,0.04500000000000004,0.0,2,2,0.3603653631999999,0.65,1.36
CAND-4E354DAC9A3C4A,NIPPON_STEEL_JP,Nippon Steel,P1,PORT-057E98E0E9FE,ACCELERATED_15C,308.163963,48917.398,158.738218,False,False,2035,16.447753591632598,-16.447753591632598,True,True,True,True,,0.0,0.0,0.0,2,2,0.3603653631999999,0.65,1.36
CAND-4F3CAD52F7B49E,NIPPON_STEEL_JP,Nippon Steel,P2,PORT-7DC7D2B7A26E,DISCLOSED_PATH,217.198938,20222.279,93.104872,False,False,2030,6.257756491632598,-6.257756491632598,True,True,True,True,,0.0,0.0,0.0,2,2,0.4298908672,0.65,1.8399999999999999
CAND-4F3CAD52F7B49E,NIPPON_STEEL_JP,Nippon Steel,P2,PORT-7DC7D2B7A26E,ACCELERATED_15C,217.198938,18034.444,83.031917,False,False,2030,22.7577564916326,-22.7577564916326,True,True,True,True,,0.0,0.0,0.0,2,2,0.4298908672,0.65,1.8399999999999999
CAND-4F6F048F138B19,NIPPON_STEEL_JP,Nippon Steel,P1,PORT-131AD380D64C,DISCLOSED_PATH,161.768967,9430.922,58.298711,False,False,2030,9.019997935,-9.019997935,True,True,True,True,,0.0,0.0,0.0,2,2,0.3325551616,0.65,1.2
CAND-4F6F048F138B19,NIPPON_STEEL_JP,Nippon Steel,P1,PORT-131AD380D64C,ACCELERATED_15C,161.768967,7484.88,46.268947,False,False,2030,26.019997935,-26.019997935,True,True,True,True,,0.0,0.0,0.0,2,2,0.3325551616,0.65,1.2
CAND-4FB5B92CE0FD50,NIPPON_STEEL_JP,Nippon Steel,P3,PORT-ABD3A701F29B,DISCLOSED_PATH,270.748949,31262.7,115.467485,False,False,2030,0.6504345533527953,-0.6504345533527953,True,True,True,True,,0.0,0.0,0.0,2,2,0.4298908671999999,0.65,1.84
CAND-4FB5B92CE0FD50,NIPPON_STEEL_JP,Nippon Steel,P3,PORT-ABD3A701F29B,ACCELERATED_15C,270.748949,28460.212,105.116611,False,False,2030,16.419999419999996,-16.419999419999996,True,True,True,True,,0.0,0.0,0.0,2,2,0.4298908671999999,0.65,1.84
CAND-4FFB0EBE3EFF24,NIPPON_STEEL_JP,Nippon Steel,P1,PORT-7D16A7A4E51A,DISCLOSED_PATH,495.703944,103990.661,209.783809,True,False,,0.0,3.446647212967946e-06,False,False,True,True,2029,0.0,0.04500000000000004,0.0,2,2,0.5840479807999999,0.65,3.12
CAND-4FFB0EBE3EFF24,NIPPON_STEEL_JP,Nippon Steel,P1,PORT-7D16A7A4E51A,ACCELERATED_15C,495.703944,103401.332,208.594935,True,True,,0.0,3.446647212967946e-06,True,True,True,True,,0.0,0.0,0.0,2,2,0.5840479807999999,0.65,3.12
CAND-505DC50EEE65AA,NIPPON_STEEL_JP,Nippon Steel,P2,PORT-93BA44A86FDE,DISCLOSED_PATH,468.703944,58159.645,124.086101,True,True,,0.0,3.446647212967946e-06,True,True,True,True,,0.0,0.0,0.0,2,2,0.5333221247999999,0.65,2.6399999999999997
CAND-505DC50EEE65AA,NIPPON_STEEL_JP,Nippon Steel,P2,PORT-93BA44A86FDE,ACCELERATED_15C,468.703944,54511.067,116.301704,True,True,,0.0,3.446647212967946e-06,True,True,True,True,,0.0,0.0,0.0,2,2,0.5333221247999999,0.65,2.6399999999999997
CAND-506C73B3FD20D2,NIPPON_STEEL_JP,Nippon Steel,P1,PORT-5B51FD1C8E45,DISCLOSED_PATH,378.568975,42972.456,113.512884,True,True,,0.0,3.446647212967946e-06,True,True,True,True,,0.0,0.0,0.0,2,2,0.5130317823999999,0.65,2.48
CAND-506C73B3FD20D2,NIPPON_STEEL_JP,Nippon Steel,P1,PORT-5B51FD1C8E45,ACCELERATED_15C,378.568975,40252.548,106.328175,False,False,2035,6.457752061632604,-6.457752061632604,True,True,True,True,,0.0,0.0,0.0,2,2,0.5130317823999999,0.65,2.48
CAND-50D7DB544C9D03,NIPPON_STEEL_JP,Nippon Steel,P1,PORT-C7C771297A75,DISCLOSED_PATH,381.243972,52232.828,137.006305,True,False,,0.0,3.446647212967946e-06,False,False,True,True,2029,0.0,0.04500000000000004,0.0,2,2,0.3870168063999999,0.65,1.52
CAND-50D7DB544C9D03,NIPPON_STEEL_JP,Nippon Steel,P1,PORT-C7C771297A75,ACCELERATED_15C,381.243972,49648.685,130.228118,False,False,2035,6.007752286632595,-6.007752286632595,True,True,True,True,,0.0,0.0,0.0,2,2,0.3870168063999999,0.65,1.52
CAND-50EC6484EBC411,NIPPON_STEEL_JP,Nippon Steel,P2,PORT-413ECF7F1B83,DISCLOSED_PATH,291.153948,23674.362,81.312179,False,False,2030,0.6504345533527953,-0.6504345533527953,True,True,True,True,,0.0,0.0,0.0,2,2,0.3870168063999999,0.65,1.52
CAND-50EC6484EBC411,NIPPON_STEEL_JP,Nippon Steel,P2,PORT-413ECF7F1B83,ACCELERATED_15C,291.153948,20566.205,70.636875,False,False,2030,10.650434553352795,-10.650434553352795,True,True,True,True,,0.0,0.0,0.0,2,2,0.3870168063999999,0.65,1.52
CAND-51563CC4DFE733,NIPPON_STEEL_JP,Nippon Steel,P1,PORT-792EEE640306,DISCLOSED_PATH,339.438974,25238.655,74.354028,True,True,,0.0,3.446647212967946e-06,True,True,True,True,,0.0,0.0,0.0,2,2,0.3603653631999999,0.65,1.36
CAND-51563CC4DFE733,NIPPON_STEEL_JP,Nippon Steel,P1,PORT-792EEE640306,ACCELERATED_15C,339.438974,21895.397,64.504665,False,False,2035,13.759996694999998,-13.759996694999998,True,True,True,True,,0.0,0.0,0.0,2,2,0.3603653631999999,0.65,1.36
CAND-51A83347F26C31,NIPPON_STEEL_JP,Nippon Steel,P4,PORT-5D7C953F7435,DISCLOSED_PATH,452.748933,71904.203,158.816946,True,False,,0.0,3.446647212967946e-06,False,False,True,True,2028,0.0,0.195,0.0,2,2,0.5130317823999999,0.65,2.48
CAND-51A83347F26C31,NIPPON_STEEL_JP,Nippon Steel,P4,PORT-5D7C953F7435,ACCELERATED_15C,452.748933,65961.657,145.691469,False,False,2040,2.650000949999999,-2.650000949999999,True,True,True,True,,0.0,0.0,0.0,2,2,0.5130317823999999,0.65,2.48
CAND-5209302C3A1D10,NIPPON_STEEL_JP,Nippon Steel,P3,PORT-17F0017D3D64,DISCLOSED_PATH,316.828944,58562.384,184.839124,False,False,2030,0.6504345533527953,-0.6504345533527953,True,True,True,True,,0.0,0.0,0.0,2,2,0.5659631103999998,0.65,2.96
CAND-5209302C3A1D10,NIPPON_STEEL_JP,Nippon Steel,P3,PORT-17F0017D3D64,ACCELERATED_15C,316.828944,55969.205,176.654329,False,False,2030,10.650434553352795,-10.650434553352795,True,True,True,True,,0.0,0.0,0.0,2,2,0.5659631103999998,0.65,2.96
CAND-5216AE6B68085D,NIPPON_STEEL_JP,Nippon Steel,P2,PORT-F8E2822A3FA6,DISCLOSED_PATH,452.828938,97222.711,214.700746,True,False,,0.0,3.446647212967946e-06,False,False,True,True,2029,0.0,0.04500000000000004,0.0,2,2,0.5659631103999998,0.65,2.96
CAND-5216AE6B68085D,NIPPON_STEEL_JP,Nippon Steel,P2,PORT-F8E2822A3FA6,ACCELERATED_15C,452.828938,95608.65,211.136352,True,True,,0.0,3.446647212967946e-06,True,True,True,True,,0.0,0.0,0.0,2,2,0.5659631103999998,0.65,2.96
CAND-5258E8B1C7751F,NIPPON_STEEL_JP,Nippon Steel,P3,PORT-7CC9F6AA7C42,DISCLOSED_PATH,461.298943,87274.711,189.193389,True,False,,0.0,3.446647212967946e-06,False,False,True,True,2029,0.0,0.04500000000000004,0.0,2,2,0.5130317823999999,0.65,2.48
CAND-5258E8B1C7751F,NIPPON_STEEL_JP,Nippon Steel,P3,PORT-7CC9F6AA7C42,ACCELERATED_15C,461.298943,83296.809,180.570128,False,False,2040,0.9700000949999996,-0.9700000949999996,True,True,True,True,,0.0,0.0,0.0,2,2,0.5130317823999999,0.65,2.48
CAND-525AB88CB2D30F,NIPPON_STEEL_JP,Nippon Steel,P2,PORT-872DBBAC9225,DISCLOSED_PATH,335.018927,69864.171,208.537983,False,False,2040,4.330002640000004,-4.330002640000004,False,False,True,True,2029,0.0,0.04500000000000004,0.0,2,2,0.40510351359999996,0.65,1.6800000000000002
CAND-525AB88CB2D30F,NIPPON_STEEL_JP,Nippon Steel,P2,PORT-872DBBAC9225,ACCELERATED_15C,335.018927,68479.164,204.403865,False,False,2035,21.330002640000004,-21.330002640000004,True,True,True,True,,0.0,0.0,0.0,2,2,0.40510351359999996,0.65,1.6800000000000002
CAND-53CCC206EADA40,NIPPON_STEEL_JP,Nippon Steel,P1,PORT-CBCBCB9AA3AA,DISCLOSED_PATH,178.068937,2907.748,16.329338,False,False,2030,13.060001125,-13.060001125,True,True,True,True,,0.0,0.0,0.0,2,2,0.25115944960000003,0.65,0.72
CAND-53CCC206EADA40,NIPPON_STEEL_JP,Nippon Steel,P1,PORT-CBCBCB9AA3AA,ACCELERATED_15C,178.068937,322.815,1.812863,False,False,2030,30.060001125,-30.060001125,True,True,True,True,,0.0,0.0,0.0,2,2,0.25115944960000003,0.65,0.72
CAND-53E302C90863B4,NIPPON_STEEL_JP,Nippon Steel,P1,PORT-A2A3E35D3296,DISCLOSED_PATH,479.478948,79422.678,165.643724,True,False,,0.0,3.446647212967946e-06,False,False,True,True,2029,0.0,0.04500000000000004,0.0,2,2,0.5333221247999997,0.65,2.6399999999999997
CAND-53E302C90863B4,NIPPON_STEEL_JP,Nippon Steel,P1,PORT-A2A3E35D3296,ACCELERATED_15C,479.478948,77308.989,161.235419,True,True,,0.0,3.446647212967946e-06,True,True,True,True,,0.0,0.0,0.0,2,2,0.5333221247999997,0.65,2.6399999999999997
CAND-5400A4381FFFDF,NIPPON_STEEL_JP,Nippon Steel,P2,PORT-E7B35CB7C0D2,DISCLOSED_PATH,428.698943,39147.834,91.317776,True,True,,0.0,3.446647212967946e-06,True,True,True,True,,0.0,0.0,0.0,2,2,0.45364541439999984,0.65,2.0
CAND-5400A4381FFFDF,NIPPON_STEEL_JP,Nippon Steel,P2,PORT-E7B35CB7C0D2,ACCELERATED_15C,428.698943,35021.309,81.692082,False,False,2040,3.620000144999999,-3.620000144999999,True,True,True,True,,0.0,0.0,0.0,2,2,0.45364541439999984,0.65,2.0
CAND-544391766DEEBC,NIPPON_STEEL_JP,Nippon Steel,P2,PORT-E014E041276B,DISCLOSED_PATH,435.503937,72627.755,166.76716,True,False,,0.0,3.446647212967946e-06,False,False,True,True,2029,0.0,0.04500000000000004,0.0,2,2,0.45364541439999984,0.65,2.0
CAND-544391766DEEBC,NIPPON_STEEL_JP,Nippon Steel,P2,PORT-E014E041276B,ACCELERATED_15C,435.503937,69815.721,160.310195,False,False,2040,1.7550013349999993,-1.7550013349999993,True,True,True,True,,0.0,0.0,0.0,2,2,0.45364541439999984,0.65,2.0
CAND-54996F21D43414,NIPPON_STEEL_JP,Nippon Steel,P2,PORT-4025A7B6BA3A,DISCLOSED_PATH,379.748943,25591.241,67.389893,True,True,,0.0,3.446647212967946e-06,True,True,True,True,,0.0,0.0,0.0,2,2,0.3603653631999999,0.65,1.36
CAND-54996F21D43414,NIPPON_STEEL_JP,Nippon Steel,P2,PORT-4025A7B6BA3A,ACCELERATED_15C,379.748943,21486.892,56.581834,False,False,2040,12.890000609999998,-12.890000609999998,True,True,True,True,,0.0,0.0,0.0,2,2,0.3603653631999999,0.65,1.36
CAND-551928243AF94B,NIPPON_STEEL_JP,Nippon Steel,P2,PORT-B0CFD4776966,DISCLOSED_PATH,199.018933,33395.642,167.801332,False,False,2030,10.110001449999999,-10.110001449999999,True,True,True,True,,0.0,0.0,0.0,2,2,0.4051035136000001,0.65,1.68
CAND-551928243AF94B,NIPPON_STEEL_JP,Nippon Steel,P2,PORT-B0CFD4776966,ACCELERATED_15C,199.018933,32269.947,162.145111,False,False,2030,27.11000145,-27.11000145,True,True,True,True,,0.0,0.0,0.0,2,2,0.4051035136000001,0.65,1.68
CAND-5580CE18070E3B,NIPPON_STEEL_JP,Nippon Steel,P1,PORT-F755AF5EA3AF,DISCLOSED_PATH,124.563963,1989.33,15.970349,False,False,2030,15.247753591632602,-15.247753591632602,True,True,True,True,,0.0,0.0,0.0,2,2,0.25115944960000003,0.65,0.72
CAND-5580CE18070E3B,NIPPON_STEEL_JP,Nippon Steel,P1,PORT-F755AF5EA3AF,ACCELERATED_15C,124.563963,84.21,0.676041,False,False,2030,31.747753591632602,-31.747753591632602,True,True,True,True,,0.0,0.0,0.0,2,2,0.25115944960000003,0.65,0.72
CAND-564146D90748E4,NIPPON_STEEL_JP,Nippon Steel,P3,PORT-9D11099D9A8A,DISCLOSED_PATH,403.023932,69272.306,171.88137,True,False,,0.0,3.446647212967946e-06,False,False,True,True,2029,0.0,0.04500000000000004,0.0,2,2,0.45364541439999984,0.65,2.0
CAND-564146D90748E4,NIPPON_STEEL_JP,Nippon Steel,P3,PORT-9D11099D9A8A,ACCELERATED_15C,403.023932,65404.017,162.283209,False,False,2035,5.907756991632596,-5.907756991632596,True,True,True,True,,0.0,0.0,0.0,2,2,0.45364541439999984,0.65,2.0
CAND-56D751E1AA590E,NIPPON_STEEL_JP,Nippon Steel,P1,PORT-69314E914B25,DISCLOSED_PATH,151.418927,23210.299,153.285322,False,False,2030,19.63000264,-19.63000264,True,True,True,True,,0.0,0.0,0.0,2,2,0.30353582079999997,0.65,1.04
CAND-56D751E1AA590E,NIPPON_STEEL_JP,Nippon Steel,P1,PORT-69314E914B25,ACCELERATED_15C,151.418927,22481.413,148.471618,False,False,2030,36.63000264,-36.63000264,True,True,True,True,,0.0,0.0,0.0,2,2,0.30353582079999997,0.65,1.04
CAND-56D880A541D9D5,NIPPON_STEEL_JP,Nippon Steel,P3,PORT-113D08C18DF3,DISCLOSED_PATH,298.153949,32282.351,108.274102,False,False,2030,0.6504345533527953,-0.6504345533527953,True,True,True,True,,0.0,0.0,0.0,2,2,0.45364541439999984,0.65,2.0
CAND-56D880A541D9D5,NIPPON_STEEL_JP,Nippon Steel,P3,PORT-113D08C18DF3,ACCELERATED_15C,298.153949,29064.423,97.481262,False,False,2030,10.650434553352795,-10.650434553352795,True,True,True,True,,0.0,0.0,0.0,2,2,0.45364541439999984,0.65,2.0
CAND-57307C5D92DD64,NIPPON_STEEL_JP,Nippon Steel,P3,PORT-238A2183FB78,DISCLOSED_PATH,284.698944,51188.331,179.798105,False,False,2030,0.6504345533527953,-0.6504345533527953,True,True,True,True,,0.0,0.0,0.0,2,2,0.49185925119999996,0.65,2.3200000000000003
CAND-57307C5D92DD64,NIPPON_STEEL_JP,Nippon Steel,P3,PORT-238A2183FB78,ACCELERATED_15C,284.698944,48844.752,171.566328,False,False,2030,14.869999919999998,-14.869999919999998,True,True,True,True,,0.0,0.0,0.0,2,2,0.49185925119999996,0.65,2.3200000000000003
CAND-58905D6BFFF627,NIPPON_STEEL_JP,Nippon Steel,P5,PORT-BF3853971191,DISCLOSED_PATH,523.328941,100158.978,191.388188,True,False,,0.0,3.446647212967946e-06,False,False,True,True,2028,0.0,0.195,0.0,2,2,0.5659631103999999,0.65,2.96
CAND-58905D6BFFF627,NIPPON_STEEL_JP,Nippon Steel,P5,PORT-BF3853971191,ACCELERATED_15C,523.328941,90177.908,172.31592,True,True,,0.0,3.446647212967946e-06,True,True,True,True,,0.0,0.0,0.0,2,2,0.5659631103999999,0.65,2.96
CAND-59D7A6AFC21669,NIPPON_STEEL_JP,Nippon Steel,P2,PORT-9961527CE1F4,DISCLOSED_PATH,407.153943,26605.266,65.344489,True,True,,0.0,3.446647212967946e-06,True,True,True,True,,0.0,0.0,0.0,2,2,0.3870168063999999,0.65,1.52
CAND-59D7A6AFC21669,NIPPON_STEEL_JP,Nippon Steel,P2,PORT-9961527CE1F4,ACCELERATED_15C,407.153943,22084.982,54.242339,False,False,2040,3.7550006099999997,-3.7550006099999997,True,True,True,True,,0.0,0.0,0.0,2,2,0.3870168063999999,0.65,1.52
CAND-59E45A27538305,NIPPON_STEEL_JP,Nippon Steel,P1,PORT-A6C1B550A321,DISCLOSED_PATH,169.643969,21165.007,124.761329,False,False,2030,8.794997709999997,-8.794997709999997,True,True,True,True,,0.0,0.0,0.0,2,2,0.3325551616,0.65,1.1999999999999997
CAND-59E45A27538305,NIPPON_STEEL_JP,Nippon Steel,P1,PORT-A6C1B550A321,ACCELERATED_15C,169.643969,19993.249,117.85417,False,False,2030,25.794997709999997,-25.794997709999997,True,True,True,True,,0.0,0.0,0.0,2,2,0.3325551616,0.65,1.1999999999999997
CAND-5B45790D807995,NIPPON_STEEL_JP,Nippon Steel,P1,PORT-0FC525186C6D,DISCLOSED_PATH,383.023933,39265.423,102.514281,True,True,,0.0,3.446647212967946e-06,True,True,True,True,,0.0,0.0,0.0,2,2,0.45364541439999984,0.65,2.0
CAND-5B45790D807995,NIPPON_STEEL_JP,Nippon Steel,P1,PORT-0FC525186C6D,ACCELERATED_15C,383.023933,36176.125,94.448731,False,False,2035,8.157756991632596,-8.157756991632596,True,True,True,True,,0.0,0.0,0.0,2,2,0.45364541439999984,0.65,2.0
CAND-5B47564B07D4BB,NIPPON_STEEL_JP,Nippon Steel,P3,PORT-C3B77CB55FA1,DISCLOSED_PATH,441.298944,55176.528,125.032087,True,True,,0.0,3.446647212967946e-06,True,True,True,True,,0.0,0.0,0.0,2,2,0.5130317823999999,0.65,2.48
CAND-5B47564B07D4BB,NIPPON_STEEL_JP,Nippon Steel,P3,PORT-C3B77CB55FA1,ACCELERATED_15C,441.298944,50872.343,115.278642,False,False,2040,1.8199999200000008,-1.8199999200000008,True,True,True,True,,0.0,0.0,0.0,2,2,0.5130317823999999,0.65,2.48
CAND-5B71658ADF559B,NIPPON_STEEL_JP,Nippon Steel,P2,PORT-A01C697020EC,DISCLOSED_PATH,440.228937,79224.925,179.963012,True,False,,0.0,3.446647212967946e-06,False,False,True,True,2029,0.0,0.04500000000000004,0.0,2,2,0.5130317823999999,0.65,2.48
CAND-5B71658ADF559B,NIPPON_STEEL_JP,Nippon Steel,P2,PORT-A01C697020EC,ACCELERATED_15C,440.228937,76716.982,174.266106,False,False,2040,0.18000133500000004,-0.18000133500000004,True,True,True,True,,0.0,0.0,0.0,2,2,0.5130317823999999,0.65,2.48
CAND-5BA045DA4BD05B,NIPPON_STEEL_JP,Nippon Steel,P1,PORT-368F661604FE,DISCLOSED_PATH,340.643967,51163.85,150.197433,True,False,,0.0,3.446647212967946e-06,False,False,True,True,2029,0.0,0.04500000000000004,0.0,2,2,0.3603653631999999,0.65,1.36
CAND-5BA045DA4BD05B,NIPPON_STEEL_JP,Nippon Steel,P1,PORT-368F661604FE,ACCELERATED_15C,340.643967,49158.762,144.311265,False,False,2035,12.294997935000001,-12.294997935000001,True,True,True,True,,0.0,0.0,0.0,2,2,0.3603653631999999,0.65,1.36
CAND-5BB7E2F62D1730,NIPPON_STEEL_JP,Nippon Steel,P1,PORT-FA8930FE66E0,DISCLOSED_PATH,210.548941,3586.116,17.03222,False,False,2030,10.740000834999996,-10.740000834999996,True,True,True,True,,0.0,0.0,0.0,2,2,0.25115944960000003,0.65,0.72
CAND-5BB7E2F62D1730,NIPPON_STEEL_JP,Nippon Steel,P1,PORT-FA8930FE66E0,ACCELERATED_15C,210.548941,564.178,2.679558,False,False,2030,27.740000834999996,-27.740000834999996,True,True,True,True,,0.0,0.0,0.0,2,2,0.25115944960000003,0.65,0.72
CAND-5CCAE743607B22,NIPPON_STEEL_JP,Nippon Steel,P1,PORT-8A365C04323F,DISCLOSED_PATH,137.468932,1838.769,13.375891,False,False,2030,21.18000214,-21.18000214,True,True,True,True,,0.0,0.0,0.0,1,2,0.21860116480000003,0.65,0.5599999999999999
CAND-5CCAE743607B22,NIPPON_STEEL_JP,Nippon Steel,P1,PORT-8A365C04323F,ACCELERATED_15C,137.468932,-167.109,-1.215611,False,False,2030,38.18000214,-38.18000214,True,True,True,True,,0.0,0.0,0.0,1,2,0.21860116480000003,0.65,0.5599999999999999
CAND-5D213273B59E25,NIPPON_STEEL_JP,Nippon Steel,P4,PORT-31C1EE107D14,DISCLOSED_PATH,508.928939,86395.369,169.759198,True,False,,0.0,3.446647212967946e-06,False,False,True,True,2028,0.0,0.195,0.0,2,2,0.5130317823999999,0.65,2.48
CAND-5D213273B59E25,NIPPON_STEEL_JP,Nippon Steel,P4,PORT-31C1EE107D14,ACCELERATED_15C,508.928939,79711.666,156.626318,False,False,2040,1.3700001449999988,-1.3700001449999988,True,True,True,True,,0.0,0.0,0.0,2,2,0.5130317823999999,0.65,2.48
CAND-5D311EEDD35B9C,NIPPON_STEEL_JP,Nippon Steel,P3,PORT-FD7D021B62CB,DISCLOSED_PATH,290.278947,21369.798,73.618146,False,False,2030,0.6504345533527953,-0.6504345533527953,True,True,True,True,,0.0,0.0,0.0,2,2,0.45364541439999984,0.65,2.0
CAND-5D311EEDD35B9C,NIPPON_STEEL_JP,Nippon Steel,P3,PORT-FD7D021B62CB,ACCELERATED_15C,290.278947,17839.655,61.456936,False,False,2030,12.317755186632596,-12.317755186632596,True,True,True,True,,0.0,0.0,0.0,2,2,0.45364541439999984,0.65,2.0
CAND-5D3A757CD655BF,NIPPON_STEEL_JP,Nippon Steel,P3,PORT-B93DF6AAC147,DISCLOSED_PATH,292.888964,21672.861,73.996851,False,False,2035,2.1977535916325976,-2.1977535916325976,True,True,True,True,,0.0,0.0,0.0,2,2,0.4298908671999999,0.65,1.84
CAND-5D3A757CD655BF,NIPPON_STEEL_JP,Nippon Steel,P3,PORT-B93DF6AAC147,ACCELERATED_15C,292.888964,18259.596,62.343065,False,False,2035,18.697753591632598,-18.697753591632598,True,True,True,True,,0.0,0.0,0.0,2,2,0.4298908671999999,0.65,1.84
CAND-5EC1F706C36573,NIPPON_STEEL_JP,Nippon Steel,P4,PORT-D31EE7DBE834,DISCLOSED_PATH,261.868975,42435.212,162.047496,False,False,2030,0.6504345533527953,-0.6504345533527953,True,True,True,True,,0.0,0.0,0.0,2,2,0.49185925119999985,0.65,2.3200000000000003
CAND-5EC1F706C36573,NIPPON_STEEL_JP,Nippon Steel,P4,PORT-D31EE7DBE834,ACCELERATED_15C,261.868975,39228.012,149.800151,False,False,2030,14.69999652,-14.69999652,True,True,True,True,,0.0,0.0,0.0,2,2,0.49185925119999985,0.65,2.3200000000000003
CAND-6180D5AC964907,NIPPON_STEEL_JP,Nippon Steel,P3,PORT-D3FE55E7A8A2,DISCLOSED_PATH,368.668938,57642.491,156.35299,True,False,,0.0,3.446647212967946e-06,False,False,True,True,2029,0.0,0.04500000000000004,0.0,2,2,0.4298908671999999,0.65,1.84
CAND-6180D5AC964907,NIPPON_STEEL_JP,Nippon Steel,P3,PORT-D3FE55E7A8A2,ACCELERATED_15C,368.668938,54012.607,146.507073,False,False,2035,13.360000949999996,-13.360000949999996,True,True,True,True,,0.0,0.0,0.0,2,2,0.4298908671999999,0.65,1.84
CAND-61C6F8AE75933E,NIPPON_STEEL_JP,Nippon Steel,P3,PORT-3391EE4132D6,DISCLOSED_PATH,453.828942,35968.159,79.254882,True,False,,0.0,3.446647212967946e-06,False,False,True,True,2036,1.1500011400000005,0.0,0.0,2,2,0.47641018879999986,0.65,2.16
CAND-61C6F8AE75933E,NIPPON_STEEL_JP,Nippon Steel,P3,PORT-3391EE4132D6,ACCELERATED_15C,453.828942,30654.444,67.546252,True,True,,0.0,3.446647212967946e-06,True,True,True,True,,0.0,0.0,0.0,2,2,0.47641018879999986,0.65,2.16
CAND-6202BC83D58A8B,NIPPON_STEEL_JP,Nippon Steel,P5,PORT-1DB2DF852C68,DISCLOSED_PATH,542.268945,78248.931,144.299119,True,False,,0.0,3.446647212967946e-06,False,False,True,True,2028,0.0,0.195,0.0,2,2,0.5333221247999997,0.65,2.6399999999999997
CAND-6202BC83D58A8B,NIPPON_STEEL_JP,Nippon Steel,P5,PORT-1DB2DF852C68,ACCELERATED_15C,542.268945,68717.907,126.722925,True,True,,0.0,3.446647212967946e-06,True,True,True,True,,0.0,0.0,0.0,2,2,0.5333221247999997,0.65,2.6399999999999997
CAND-623EC7169A6EA7,NIPPON_STEEL_JP,Nippon Steel,P3,PORT-ACA3DA11AF49,DISCLOSED_PATH,427.348949,35250.898,82.487386,True,True,,0.0,3.446647212967946e-06,True,True,True,True,,0.0,0.0,0.0,2,2,0.45364541439999984,0.65,2.0
CAND-623EC7169A6EA7,NIPPON_STEEL_JP,Nippon Steel,P3,PORT-ACA3DA11AF49,ACCELERATED_15C,427.348949,30487.802,71.341704,False,False,2040,3.369999419999999,-3.369999419999999,True,True,True,True,,0.0,0.0,0.0,2,2,0.45364541439999984,0.65,2.0
CAND-626FCB725DD265,NIPPON_STEEL_JP,Nippon Steel,P1,PORT-D6A44514D4F3,DISCLOSED_PATH,237.098938,43454.955,183.277727,False,False,2030,7.39000111,-7.39000111,True,True,True,True,,0.0,0.0,0.0,2,2,0.4051035136000001,0.65,1.68
CAND-626FCB725DD265,NIPPON_STEEL_JP,Nippon Steel,P1,PORT-D6A44514D4F3,ACCELERATED_15C,237.098938,42880.375,180.854354,False,False,2030,24.39000111,-24.39000111,True,True,True,True,,0.0,0.0,0.0,2,2,0.4051035136000001,0.65,1.68
CAND-629341FE69BD07,NIPPON_STEEL_JP,Nippon Steel,P3,PORT-8C7EDF2A8213,DISCLOSED_PATH,426.278941,56379.067,132.258627,True,False,,0.0,3.446647212967946e-06,False,False,True,True,2029,0.0,0.04500000000000004,0.0,2,2,0.45364541439999984,0.65,2.0
CAND-629341FE69BD07,NIPPON_STEEL_JP,Nippon Steel,P3,PORT-8C7EDF2A8213,ACCELERATED_15C,426.278941,51789.786,121.492715,False,False,2040,1.730000835000002,-1.730000835000002,True,True,True,True,,0.0,0.0,0.0,2,2,0.45364541439999984,0.65,2.0
CAND-62B732F24FF616,NIPPON_STEEL_JP,Nippon Steel,P1,PORT-92BAA222AC4A,DISCLOSED_PATH,365.968973,24475.147,66.877656,True,True,,0.0,3.446647212967946e-06,True,True,True,True,,0.0,0.0,0.0,2,2,0.45364541439999984,0.65,2.0
CAND-62B732F24FF616,NIPPON_STEEL_JP,Nippon Steel,P1,PORT-92BAA222AC4A,ACCELERATED_15C,365.968973,20584.873,56.24759,False,False,2035,8.257752286632595,-8.257752286632595,True,True,True,True,,0.0,0.0,0.0,2,2,0.45364541439999984,0.65,2.0
CAND-633E0BCBA42181,NIPPON_STEEL_JP,Nippon Steel,P2,PORT-50B180B4FF71,DISCLOSED_PATH,250.553943,22602.632,90.210643,False,False,2030,0.6504345533527953,-0.6504345533527953,True,True,True,True,,0.0,0.0,0.0,2,2,0.3603653632,0.65,1.3599999999999999
CAND-633E0BCBA42181,NIPPON_STEEL_JP,Nippon Steel,P2,PORT-50B180B4FF71,ACCELERATED_15C,250.553943,20072.087,80.11084,False,False,2030,16.805000609999993,-16.805000609999993,True,True,True,True,,0.0,0.0,0.0,2,2,0.3603653632,0.65,1.3599999999999999
CAND-6384A17A86913A,NIPPON_STEEL_JP,Nippon Steel,P2,PORT-85BCFB6D75A5,DISCLOSED_PATH,264.503938,43387.191,164.032308,False,False,2030,0.6504345533527953,-0.6504345533527953,True,True,True,True,,0.0,0.0,0.0,2,2,0.4298908672,0.65,1.8399999999999999
CAND-6384A17A86913A,NIPPON_STEEL_JP,Nippon Steel,P2,PORT-85BCFB6D75A5,ACCELERATED_15C,264.503938,41806.941,158.057915,False,False,2030,15.255001109999995,-15.255001109999995,True,True,True,True,,0.0,0.0,0.0,2,2,0.4298908672,0.65,1.8399999999999999
CAND-66574FF32E2015,NIPPON_STEEL_JP,Nippon Steel,P1,PORT-AC68D0606F7A,DISCLOSED_PATH,362.423927,72717.35,200.641692,True,False,,0.0,3.446647212967946e-06,False,False,True,True,2029,0.0,0.04500000000000004,0.0,2,2,0.4298908671999999,0.65,1.84
CAND-66574FF32E2015,NIPPON_STEEL_JP,Nippon Steel,P1,PORT-AC68D0606F7A,ACCELERATED_15C,362.423927,71909.32,198.412175,False,False,2035,12.195002640000002,-12.195002640000002,True,True,True,True,,0.0,0.0,0.0,2,2,0.4298908671999999,0.65,1.84
CAND-6693786E455EB1,NIPPON_STEEL_JP,Nippon Steel,P1,PORT-198E093298A2,DISCLOSED_PATH,285.553947,15625.671,54.720557,False,False,2030,0.6504345533527953,-0.6504345533527953,True,True,True,True,,0.0,0.0,0.0,2,2,0.3870168063999999,0.65,1.52
CAND-6693786E455EB1,NIPPON_STEEL_JP,Nippon Steel,P1,PORT-198E093298A2,ACCELERATED_15C,285.553947,12251.946,42.905891,False,False,2030,12.317755186632596,-12.317755186632596,True,True,True,True,,0.0,0.0,0.0,2,2,0.3870168063999999,0.65,1.52
CAND-671F104887C729,NIPPON_STEEL_JP,Nippon Steel,P3,PORT-C8F6A070F6D3,DISCLOSED_PATH,305.103943,42892.515,140.583286,False,False,2030,0.6504345533527953,-0.6504345533527953,True,True,True,True,,0.0,0.0,0.0,2,2,0.45364541439999984,0.65,2.0
CAND-671F104887C729,NIPPON_STEEL_JP,Nippon Steel,P3,PORT-C8F6A070F6D3,ACCELERATED_15C,305.103943,39851.622,130.616542,False,False,2030,10.650434553352795,-10.650434553352795,True,True,True,True,,0.0,0.0,0.0,2,2,0.45364541439999984,0.65,2.0
CAND-6744B86B6F09A0,NIPPON_STEEL_JP,Nippon Steel,P1,PORT-14886F58C0A6,DISCLOSED_PATH,462.153946,54162.145,117.195029,True,False,,0.0,3.446647212967946e-06,False,False,True,True,2029,1.919999640000004,0.04500000000000004,0.0,2,2,0.41255777279999983,0.65,1.68
CAND-6744B86B6F09A0,NIPPON_STEEL_JP,Nippon Steel,P1,PORT-14886F58C0A6,ACCELERATED_15C,462.153946,50482.008,109.232017,True,True,,0.0,3.446647212967946e-06,True,True,True,True,,0.0,0.0,0.0,2,2,0.41255777279999983,0.65,1.68
CAND-67842A89ECECE4,NIPPON_STEEL_JP,Nippon Steel,P2,PORT-A38E7AB93504,DISCLOSED_PATH,373.798938,24224.913,64.807336,True,True,,0.0,3.446647212967946e-06,True,True,True,True,,0.0,0.0,0.0,2,2,0.45364541439999984,0.65,2.0
CAND-67842A89ECECE4,NIPPON_STEEL_JP,Nippon Steel,P2,PORT-A38E7AB93504,ACCELERATED_15C,373.798938,20047.34,53.631344,False,False,2035,9.707756491632594,-9.707756491632594,True,True,True,True,,0.0,0.0,0.0,2,2,0.45364541439999984,0.65,2.0
CAND-6794D0A47FF666,NIPPON_STEEL_JP,Nippon Steel,P2,PORT-C0F53F28CCD9,DISCLOSED_PATH,214.968974,28342.927,131.846593,False,False,2030,3.007752061632594,-3.007752061632594,True,True,True,True,,0.0,0.0,0.0,2,2,0.4298908671999999,0.65,1.84
CAND-6794D0A47FF666,NIPPON_STEEL_JP,Nippon Steel,P2,PORT-C0F53F28CCD9,ACCELERATED_15C,214.968974,26626.424,123.861707,False,False,2030,19.507752061632594,-19.507752061632594,True,True,True,True,,0.0,0.0,0.0,2,2,0.4298908671999999,0.65,1.84
CAND-67CFF0BE45FFB2,NIPPON_STEEL_JP,Nippon Steel,P2,PORT-3969469B04F1,DISCLOSED_PATH,240.158958,47151.007,196.332492,False,False,2040,14.869999239999991,-14.869999239999991,False,False,True,True,2029,0.0,0.04500000000000004,0.0,1,2,0.30353582079999997,0.65,1.04
CAND-67CFF0BE45FFB2,NIPPON_STEEL_JP,Nippon Steel,P2,PORT-3969469B04F1,ACCELERATED_15C,240.158958,45903.268,191.13702,False,False,2035,31.86999923999999,-31.86999923999999,True,True,True,True,,0.0,0.0,0.0,1,2,0.30353582079999997,0.65,1.04
CAND-68328F587BCDE4,NIPPON_STEEL_JP,Nippon Steel,P3,PORT-7D16A7A4E51A,DISCLOSED_PATH,495.703944,97609.828,196.911542,True,False,,0.0,3.446647212967946e-06,False,False,True,True,2029,0.0,0.04500000000000004,0.0,2,2,0.5840479807999999,0.65,3.12
CAND-68328F587BCDE4,NIPPON_STEEL_JP,Nippon Steel,P3,PORT-7D16A7A4E51A,ACCELERATED_15C,495.703944,93498.362,188.617346,True,True,,0.0,3.446647212967946e-06,True,True,True,True,,0.0,0.0,0.0,2,2,0.5840479807999999,0.65,3.12
CAND-68457B97CBD7E3,NIPPON_STEEL_JP,Nippon Steel,P1,PORT-6BA9841BAB7B,DISCLOSED_PATH,388.243973,62192.506,160.189236,True,False,,0.0,3.446647212967946e-06,False,False,True,True,2029,0.0,0.04500000000000004,0.0,2,2,0.45364541439999984,0.65,2.0
CAND-68457B97CBD7E3,NIPPON_STEEL_JP,Nippon Steel,P1,PORT-6BA9841BAB7B,ACCELERATED_15C,388.243973,60251.812,155.190591,False,False,2035,6.007752286632595,-6.007752286632595,True,True,True,True,,0.0,0.0,0.0,2,2,0.45364541439999984,0.65,2.0
CAND-6869F33C945190,NIPPON_STEEL_JP,Nippon Steel,P2,PORT-FD23B75EC9FF,DISCLOSED_PATH,454.348949,79596.775,175.188642,True,False,,0.0,3.446647212967946e-06,False,False,True,True,2029,0.0,0.04500000000000004,0.0,2,2,0.5130317823999999,0.65,2.4800000000000004
CAND-6869F33C945190,NIPPON_STEEL_JP,Nippon Steel,P2,PORT-FD23B75EC9FF,ACCELERATED_15C,454.348949,77065.675,169.617813,False,False,2040,1.1199994199999992,-1.1199994199999992,True,True,True,True,,0.0,0.0,0.0,2,2,0.5130317823999999,0.65,2.4800000000000004
CAND-69845119EEC331,NIPPON_STEEL_JP,Nippon Steel,P1,PORT-627D1C53BFAE,DISCLOSED_PATH,253.758963,4994.0,19.680092,False,False,2035,8.999998224999999,-8.999998224999999,True,True,True,True,,0.0,0.0,0.0,2,2,0.25115944960000003,0.65,0.72
CAND-69845119EEC331,NIPPON_STEEL_JP,Nippon Steel,P1,PORT-627D1C53BFAE,ACCELERATED_15C,253.758963,1496.435,5.897072,False,False,2035,25.999998225,-25.999998225,True,True,True,True,,0.0,0.0,0.0,2,2,0.25115944960000003,0.65,0.72
CAND-6AE557BE04F2FF,NIPPON_STEEL_JP,Nippon Steel,P2,PORT-7D16A7A4E51A,DISCLOSED_PATH,495.703944,101395.36,204.548221,True,False,,0.0,3.446647212967946e-06,False,False,True,True,2029,0.0,0.04500000000000004,0.0,2,2,0.5840479807999999,0.65,3.12
CAND-6AE557BE04F2FF,NIPPON_STEEL_JP,Nippon Steel,P2,PORT-7D16A7A4E51A,ACCELERATED_15C,495.703944,99398.62,200.520131,True,True,,0.0,3.446647212967946e-06,True,True,True,True,,0.0,0.0,0.0,2,2,0.5840479807999999,0.65,3.12
CAND-6B098F52B478E3,NIPPON_STEEL_JP,Nippon Steel,P1,PORT-3969469B04F1,DISCLOSED_PATH,240.158958,48405.604,201.556521,False,False,2040,14.869999239999991,-14.869999239999991,False,False,True,True,2029,0.0,0.04500000000000004,0.0,1,2,0.30353582079999997,0.65,1.04
CAND-6B098F52B478E3,NIPPON_STEEL_JP,Nippon Steel,P1,PORT-3969469B04F1,ACCELERATED_15C,240.158958,47832.757,199.171236,False,False,2035,31.86999923999999,-31.86999923999999,True,True,True,True,,0.0,0.0,0.0,1,2,0.30353582079999997,0.65,1.04
CAND-6B794B7F9F5765,NIPPON_STEEL_JP,Nippon Steel,P1,PORT-233896767A76,DISCLOSED_PATH,466.878946,60925.369,130.495003,True,False,,0.0,3.446647212967946e-06,False,False,True,True,2029,0.0,0.04500000000000004,0.0,2,2,0.47641018879999986,0.65,2.16
CAND-6B794B7F9F5765,NIPPON_STEEL_JP,Nippon Steel,P1,PORT-233896767A76,ACCELERATED_15C,466.878946,57641.314,123.46094,True,True,,0.0,3.446647212967946e-06,True,True,True,True,,0.0,0.0,0.0,2,2,0.47641018879999986,0.65,2.16
CAND-6C24B55CD406B9,NIPPON_STEEL_JP,Nippon Steel,P2,PORT-526AE3D0E184,DISCLOSED_PATH,361.668937,50151.342,138.666435,True,False,,0.0,3.446647212967946e-06,False,False,True,True,2029,0.0,0.04500000000000004,0.0,2,2,0.3603653631999999,0.65,1.36
CAND-6C24B55CD406B9,NIPPON_STEEL_JP,Nippon Steel,P2,PORT-526AE3D0E184,ACCELERATED_15C,361.668937,47238.428,130.612344,False,False,2035,14.760001125000002,-14.760001125000002,True,True,True,True,,0.0,0.0,0.0,2,2,0.3603653631999999,0.65,1.36
CAND-6C5634DCBBDFB9,NIPPON_STEEL_JP,Nippon Steel,P1,PORT-C0BD308C7501,DISCLOSED_PATH,255.278943,29857.548,116.960483,False,False,2030,0.6504345533527953,-0.6504345533527953,True,True,True,True,,0.0,0.0,0.0,2,2,0.4298908672,0.65,1.8399999999999999
CAND-6C5634DCBBDFB9,NIPPON_STEEL_JP,Nippon Steel,P1,PORT-C0BD308C7501,ACCELERATED_15C,255.278943,27985.878,109.628618,False,False,2030,15.230000609999998,-15.230000609999998,True,True,True,True,,0.0,0.0,0.0,2,2,0.4298908672,0.65,1.8399999999999999
CAND-6C89FCC4861108,NIPPON_STEEL_JP,Nippon Steel,P2,PORT-308D82D12417,DISCLOSED_PATH,183.548927,30237.019,164.735469,False,False,2030,8.92000264,-8.92000264,True,True,True,True,,0.0,0.0,0.0,2,2,0.40510351359999996,0.65,1.68
CAND-6C89FCC4861108,NIPPON_STEEL_JP,Nippon Steel,P2,PORT-308D82D12417,ACCELERATED_15C,183.548927,29078.068,158.421343,False,False,2030,25.92000264,-25.92000264,True,True,True,True,,0.0,0.0,0.0,2,2,0.40510351359999996,0.65,1.68
CAND-6CEDFAD1A6DAF6,NIPPON_STEEL_JP,Nippon Steel,P6,PORT-19E098D49CA6,DISCLOSED_PATH,561.109375,102522.24,182.713468,True,False,,0.0,3.446647212967946e-06,False,False,True,True,2028,0.0,0.23599989,0.10399949399999997,2,2,0.5659631103999999,0.65,2.96
CAND-6CEDFAD1A6DAF6,NIPPON_STEEL_JP,Nippon Steel,P6,PORT-19E098D49CA6,ACCELERATED_15C,561.109375,87982.544,156.801058,True,True,,0.0,3.446647212967946e-06,True,True,True,True,,0.0,0.0,0.0,2,2,0.5659631103999999,0.65,2.96
CAND-6D910913E19599,NIPPON_STEEL_JP,Nippon Steel,P2,PORT-B93DF6AAC147,DISCLOSED_PATH,292.888964,22296.308,76.125462,False,False,2035,2.1977535916325976,-2.1977535916325976,True,True,True,True,,0.0,0.0,0.0,2,2,0.4298908671999999,0.65,1.84
CAND-6D910913E19599,NIPPON_STEEL_JP,Nippon Steel,P2,PORT-B93DF6AAC147,ACCELERATED_15C,292.888964,19206.298,65.575355,False,False,2035,18.697753591632598,-18.697753591632598,True,True,True,True,,0.0,0.0,0.0,2,2,0.4298908671999999,0.65,1.84
CAND-6DAEA36562FCC9,NIPPON_STEEL_JP,Nippon Steel,P2,PORT-C0BD308C7501,DISCLOSED_PATH,255.278943,29199.803,114.383907,False,False,2030,0.6504345533527953,-0.6504345533527953,True,True,True,True,,0.0,0.0,0.0,2,2,0.4298908672,0.65,1.8399999999999999
CAND-6DAEA36562FCC9,NIPPON_STEEL_JP,Nippon Steel,P2,PORT-C0BD308C7501,ACCELERATED_15C,255.278943,26973.348,105.662252,False,False,2030,15.230000609999998,-15.230000609999998,True,True,True,True,,0.0,0.0,0.0,2,2,0.4298908672,0.65,1.8399999999999999
CAND-6E2073BC8E7DA5,NIPPON_STEEL_JP,Nippon Steel,P1,PORT-C4192388F1C6,DISCLOSED_PATH,197.643972,3736.676,18.906098,False,False,2030,4.807752286632599,-4.807752286632599,True,True,True,True,,0.0,0.0,0.0,2,2,0.28236113919999994,0.65,0.8799999999999999
CAND-6E2073BC8E7DA5,NIPPON_STEEL_JP,Nippon Steel,P1,PORT-C4192388F1C6,ACCELERATED_15C,197.643972,815.497,4.126092,False,False,2030,21.3077522866326,-21.3077522866326,True,True,True,True,,0.0,0.0,0.0,2,2,0.28236113919999994,0.65,0.8799999999999999
CAND-6F7A6BB81BEDD1,NIPPON_STEEL_JP,Nippon Steel,P1,PORT-A6D2D89C0A6F,DISCLOSED_PATH,242.678941,11360.239,46.811805,False,False,2030,0.6504345533527953,-0.6504345533527953,True,True,True,True,,0.0,0.0,0.0,2,2,0.3603653631999999,0.65,1.3599999999999999
CAND-6F7A6BB81BEDD1,NIPPON_STEEL_JP,Nippon Steel,P1,PORT-A6D2D89C0A6F,ACCELERATED_15C,242.678941,8318.202,34.276573,False,False,2030,17.030000834999996,-17.030000834999996,True,True,True,True,,0.0,0.0,0.0,2,2,0.3603653631999999,0.65,1.3599999999999999
CAND-70230B3A085D30,NIPPON_STEEL_JP,Nippon Steel,P1,PORT-8246F148164E,DISCLOSED_PATH,88.688958,7683.576,86.63509,False,False,2030,19.459999239999995,-19.459999239999995,True,True,True,True,,0.0,0.0,0.0,2,2,0.30353582079999997,0.65,1.04
CAND-70230B3A085D30,NIPPON_STEEL_JP,Nippon Steel,P1,PORT-8246F148164E,ACCELERATED_15C,88.688958,6753.593,76.149196,False,False,2030,36.459999239999995,-36.459999239999995,True,True,True,True,,0.0,0.0,0.0,2,2,0.30353582079999997,0.65,1.04
CAND-71914366BFB162,NIPPON_STEEL_JP,Nippon Steel,P5,PORT-8FCF862E7F6B,DISCLOSED_PATH,468.248928,88754.479,189.545505,True,False,,0.0,3.446647212967946e-06,False,False,True,True,2028,0.0,0.195,0.0,2,2,0.5659631103999998,0.65,2.96
CAND-71914366BFB162,NIPPON_STEEL_JP,Nippon Steel,P5,PORT-8FCF862E7F6B,ACCELERATED_15C,468.248928,79787.15,170.394731,False,False,2040,1.1000014500000006,-1.1000014500000006,True,True,True,True,,0.0,0.0,0.0,2,2,0.5659631103999998,0.65,2.96
CAND-719BBB8C7181B3,NIPPON_STEEL_JP,Nippon Steel,P3,PORT-6C2F1FF45B21,DISCLOSED_PATH,468.298944,96590.177,206.257516,True,False,,0.0,3.446647212967946e-06,False,False,True,True,2029,0.0,0.04500000000000004,0.0,2,2,0.5659631103999999,0.65,2.96
CAND-719BBB8C7181B3,NIPPON_STEEL_JP,Nippon Steel,P3,PORT-6C2F1FF45B21,ACCELERATED_15C,468.298944,92894.151,198.365066,True,True,,0.0,3.446647212967946e-06,True,True,True,True,,0.0,0.0,0.0,2,2,0.5659631103999999,0.65,2.96
CAND-71FE5544DBE75F,NIPPON_STEEL_JP,Nippon Steel,P1,PORT-BAF12D5DE4DB,DISCLOSED_PATH,219.423932,25290.177,115.257148,False,False,2030,4.7077569916326,-4.7077569916326,True,True,True,True,,0.0,0.0,0.0,2,2,0.3603653631999999,0.65,1.36
CAND-71FE5544DBE75F,NIPPON_STEEL_JP,Nippon Steel,P1,PORT-BAF12D5DE4DB,ACCELERATED_15C,219.423932,23566.055,107.399656,False,False,2030,21.2077569916326,-21.2077569916326,True,True,True,True,,0.0,0.0,0.0,2,2,0.3603653631999999,0.65,1.36
CAND-721754AF117F4D,NIPPON_STEEL_JP,Nippon Steel,P2,PORT-A4A46F7A08A6,DISCLOSED_PATH,441.748947,61598.99,139.443433,True,False,,0.0,3.446647212967946e-06,False,False,True,True,2029,0.0,0.04500000000000004,0.0,2,2,0.45364541439999984,0.65,2.0
CAND-721754AF117F4D,NIPPON_STEEL_JP,Nippon Steel,P2,PORT-A4A46F7A08A6,ACCELERATED_15C,441.748947,58174.007,131.690201,False,False,2040,2.919999644999997,-2.919999644999997,True,True,True,True,,0.0,0.0,0.0,2,2,0.45364541439999984,0.65,2.0
CAND-732D9F6FD998DB,NIPPON_STEEL_JP,Nippon Steel,P1,PORT-AA677CCE073D,DISCLOSED_PATH,325.838969,68650.259,210.687689,False,False,2040,2.629997709999998,-2.629997709999998,False,False,True,True,2029,0.0,0.04500000000000004,0.0,2,2,0.40510351359999996,0.65,1.6800000000000002
CAND-732D9F6FD998DB,NIPPON_STEEL_JP,Nippon Steel,P1,PORT-AA677CCE073D,ACCELERATED_15C,325.838969,68231.719,209.403188,False,False,2035,19.629997709999998,-19.629997709999998,True,True,True,True,,0.0,0.0,0.0,2,2,0.40510351359999996,0.65,1.6800000000000002
CAND-73FBF939F237E6,NIPPON_STEEL_JP,Nippon Steel,P2,PORT-92BAA222AC4A,DISCLOSED_PATH,365.968973,24045.865,65.704656,True,True,,0.0,3.446647212967946e-06,True,True,True,True,,0.0,0.0,0.0,2,2,0.45364541439999984,0.65,2.0
CAND-73FBF939F237E6,NIPPON_STEEL_JP,Nippon Steel,P2,PORT-92BAA222AC4A,ACCELERATED_15C,365.968973,19944.765,54.498513,False,False,2035,8.257752286632595,-8.257752286632595,True,True,True,True,,0.0,0.0,0.0,2,2,0.45364541439999984,0.65,2.0
CAND-7400D0EA735D98,NIPPON_STEEL_JP,Nippon Steel,P3,PORT-6742936593A9,DISCLOSED_PATH,454.753949,36270.549,79.758623,True,True,,0.0,3.446647212967946e-06,True,True,True,True,,0.0,0.0,0.0,2,2,0.47641018879999986,0.65,2.16
CAND-7400D0EA735D98,NIPPON_STEEL_JP,Nippon Steel,P3,PORT-6742936593A9,ACCELERATED_15C,454.753949,31092.014,68.371069,True,True,,0.0,3.446647212967946e-06,True,True,True,True,,0.0,0.0,0.0,2,2,0.47641018879999986,0.65,2.16
CAND-7431CBC596FC03,NIPPON_STEEL_JP,Nippon Steel,P1,PORT-7CA9F3BA0776,DISCLOSED_PATH,473.428944,66273.303,139.985744,True,True,,0.0,3.446647212967946e-06,True,True,True,True,,0.0,0.0,0.0,2,2,0.5840479807999999,0.65,3.12
CAND-7431CBC596FC03,NIPPON_STEEL_JP,Nippon Steel,P1,PORT-7CA9F3BA0776,ACCELERATED_15C,473.428944,63734.393,134.622932,True,True,,0.0,3.446647212967946e-06,True,True,True,True,,0.0,0.0,0.0,2,2,0.5840479807999999,0.65,3.12
CAND-750D387FA61FDF,NIPPON_STEEL_JP,Nippon Steel,P5,PORT-9FA69A5377EE,DISCLOSED_PATH,559.868941,101317.708,180.966831,True,False,,0.0,3.446647212967946e-06,False,False,True,True,2028,0.0,0.195,0.0,2,2,0.5840479807999999,0.65,3.12
CAND-750D387FA61FDF,NIPPON_STEEL_JP,Nippon Steel,P5,PORT-9FA69A5377EE,ACCELERATED_15C,559.868941,90808.185,162.195432,True,True,,0.0,3.446647212967946e-06,True,True,True,True,,0.0,0.0,0.0,2,2,0.5840479807999999,0.65,3.12
CAND-752750BD519814,NIPPON_STEEL_JP,Nippon Steel,P1,PORT-760BEDA2ECE0,DISCLOSED_PATH,326.243969,25180.576,77.183268,True,True,,0.0,3.446647212967946e-06,True,True,True,True,,0.0,0.0,0.0,2,2,0.3603653631999999,0.65,1.36
CAND-752750BD519814,NIPPON_STEEL_JP,Nippon Steel,P1,PORT-760BEDA2ECE0,ACCELERATED_15C,326.243969,22000.192,67.434786,False,False,2035,12.74499771,-12.74499771,True,True,True,True,,0.0,0.0,0.0,2,2,0.3603653631999999,0.65,1.36
CAND-7727C1F7EA7BF8,NIPPON_STEEL_JP,Nippon Steel,P1,PORT-265CE4378B75,DISCLOSED_PATH,500.428944,110753.886,221.317905,True,False,,0.0,3.446647212967946e-06,False,False,True,True,2029,0.0,0.04500000000000004,0.0,2,2,0.6292601567999999,0.65,3.5999999999999996
CAND-7727C1F7EA7BF8,NIPPON_STEEL_JP,Nippon Steel,P1,PORT-265CE4378B75,ACCELERATED_15C,500.428944,110560.638,220.931741,True,True,,0.0,3.446647212967946e-06,True,True,True,True,,0.0,0.0,0.0,2,2,0.6292601567999999,0.65,3.5999999999999996
CAND-7767EB9541BCCC,NIPPON_STEEL_JP,Nippon Steel,P4,PORT-216E4B3158C6,DISCLOSED_PATH,550.668946,93203.682,169.255381,True,False,,0.0,3.446647212967946e-06,False,False,True,True,2028,0.0,0.195,0.0,2,2,0.5840479807999999,0.65,3.12
CAND-7767EB9541BCCC,NIPPON_STEEL_JP,Nippon Steel,P4,PORT-216E4B3158C6,ACCELERATED_15C,550.668946,86164.313,156.472076,True,True,,0.0,3.446647212967946e-06,True,True,True,True,,0.0,0.0,0.0,2,2,0.5840479807999999,0.65,3.12
CAND-776E74DB49B497,NIPPON_STEEL_JP,Nippon Steel,P1,PORT-B74BBC92FC01,DISCLOSED_PATH,389.073937,52414.799,134.716808,True,False,,0.0,3.446647212967946e-06,False,False,True,True,2029,0.0,0.04500000000000004,0.0,2,2,0.3870168063999999,0.65,1.52
CAND-776E74DB49B497,NIPPON_STEEL_JP,Nippon Steel,P1,PORT-B74BBC92FC01,ACCELERATED_15C,389.073937,49750.721,127.86958,False,False,2035,7.457756491632594,-7.457756491632594,True,True,True,True,,0.0,0.0,0.0,2,2,0.3870168063999999,0.65,1.52
CAND-786225919E12C4,NIPPON_STEEL_JP,Nippon Steel,P1,PORT-921D4BD7C0AA,DISCLOSED_PATH,312.888963,57248.706,182.968122,True,False,,0.0,3.446647212967946e-06,False,False,True,True,2029,0.0,0.04500000000000004,0.0,2,2,0.4298908671999999,0.65,1.84
CAND-786225919E12C4,NIPPON_STEEL_JP,Nippon Steel,P1,PORT-921D4BD7C0AA,ACCELERATED_15C,312.888963,56076.704,179.222379,False,False,2035,16.447753591632598,-16.447753591632598,True,True,True,True,,0.0,0.0,0.0,2,2,0.4298908671999999,0.65,1.84
CAND-787BCACFFBBFEC,NIPPON_STEEL_JP,Nippon Steel,P1,PORT-271F6DA1D846,DISCLOSED_PATH,297.228942,33800.747,113.71957,False,False,2030,0.6504345533527953,-0.6504345533527953,True,True,True,True,,0.0,0.0,0.0,2,2,0.45364541439999984,0.65,1.9999999999999998
CAND-787BCACFFBBFEC,NIPPON_STEEL_JP,Nippon Steel,P1,PORT-271F6DA1D846,ACCELERATED_15C,297.228942,31456.648,105.833057,False,False,2030,10.767755686632597,-10.767755686632597,True,True,True,True,,0.0,0.0,0.0,2,2,0.45364541439999984,0.65,1.9999999999999998
CAND-78FE435E00D669,NIPPON_STEEL_JP,Nippon Steel,P3,PORT-6F42E9590CB3,DISCLOSED_PATH,393.698938,44783.951,113.75177,True,True,,0.0,3.446647212967946e-06,True,True,True,True,,0.0,0.0,0.0,2,2,0.4298908671999999,0.65,1.84
CAND-78FE435E00D669,NIPPON_STEEL_JP,Nippon Steel,P3,PORT-6F42E9590CB3,ACCELERATED_15C,393.698938,40773.076,103.5641,False,False,2040,11.34000111,-11.34000111,True,True,True,True,,0.0,0.0,0.0,2,2,0.4298908671999999,0.65,1.84
CAND-7949F55C215A54,NIPPON_STEEL_JP,Nippon Steel,P2,PORT-B446DE621925,DISCLOSED_PATH,474.753948,70912.711,149.36729,True,False,,0.0,3.446647212967946e-06,False,False,True,True,2029,0.0,0.04500000000000004,0.0,2,2,0.47641018879999986,0.65,2.16
CAND-7949F55C215A54,NIPPON_STEEL_JP,Nippon Steel,P2,PORT-B446DE621925,ACCELERATED_15C,474.753948,67466.653,142.108671,True,True,,0.0,3.446647212967946e-06,True,True,True,True,,0.0,0.0,0.0,2,2,0.47641018879999986,0.65,2.16
CAND-79EF03881BA17B,NIPPON_STEEL_JP,Nippon Steel,P1,PORT-243FA04FE940,DISCLOSED_PATH,189.838975,31182.764,164.259019,False,False,2030,8.409996519999993,-8.409996519999993,True,True,True,True,,0.0,0.0,0.0,2,2,0.40510351359999996,0.65,1.6800000000000002
CAND-79EF03881BA17B,NIPPON_STEEL_JP,Nippon Steel,P1,PORT-243FA04FE940,ACCELERATED_15C,189.838975,30491.581,160.618128,False,False,2030,25.409996519999993,-25.409996519999993,True,True,True,True,,0.0,0.0,0.0,2,2,0.40510351359999996,0.65,1.6800000000000002
CAND-7A51ADDF21DCD5,NIPPON_STEEL_JP,Nippon Steel,P4,PORT-21DAA87F5C90,DISCLOSED_PATH,543.368938,84747.17,155.966165,True,False,,0.0,3.446647212967946e-06,False,False,True,True,2028,0.0,0.195,0.0,2,2,0.5333221247999997,0.65,2.6399999999999997
CAND-7A51ADDF21DCD5,NIPPON_STEEL_JP,Nippon Steel,P4,PORT-21DAA87F5C90,ACCELERATED_15C,543.368938,77521.776,142.668766,True,True,,0.0,3.446647212967946e-06,True,True,True,True,,0.0,0.0,0.0,2,2,0.5333221247999997,0.65,2.6399999999999997
CAND-7A7DAAB02EA7A2,NIPPON_STEEL_JP,Nippon Steel,P1,PORT-1C358B09C3EE,DISCLOSED_PATH,407.748932,80549.553,197.546937,True,False,,0.0,3.446647212967946e-06,False,False,True,True,2029,0.0,0.04500000000000004,0.0,2,2,0.5130317823999999,0.65,2.48
CAND-7A7DAAB02EA7A2,NIPPON_STEEL_JP,Nippon Steel,P1,PORT-1C358B09C3EE,ACCELERATED_15C,407.748932,79558.549,195.116511,False,False,2035,5.907756991632596,-5.907756991632596,True,True,True,True,,0.0,0.0,0.0,2,2,0.5130317823999999,0.65,2.48
CAND-7AC5882BD78E9A,NIPPON_STEEL_JP,Nippon Steel,P1,PORT-ACA3DA11AF49,DISCLOSED_PATH,427.348949,37127.65,86.879001,True,True,,0.0,3.446647212967946e-06,True,True,True,True,,0.0,0.0,0.0,2,2,0.45364541439999984,0.65,2.0
CAND-7AC5882BD78E9A,NIPPON_STEEL_JP,Nippon Steel,P1,PORT-ACA3DA11AF49,ACCELERATED_15C,427.348949,33331.846,77.996791,False,False,2040,3.369999419999999,-3.369999419999999,True,True,True,True,,0.0,0.0,0.0,2,2,0.45364541439999984,0.65,2.0
CAND-7AD770B518B5A4,NIPPON_STEEL_JP,Nippon Steel,P5,PORT-6ED16D34EBBA,DISCLOSED_PATH,452.368974,76049.716,168.114349,True,False,,0.0,3.446647212967946e-06,False,False,True,True,2028,0.0,0.195,0.0,2,2,0.5130317823999999,0.65,2.48
CAND-7AD770B518B5A4,NIPPON_STEEL_JP,Nippon Steel,P5,PORT-6ED16D34EBBA,ACCELERATED_15C,452.368974,67649.91,149.545865,False,False,2040,0.7999966950000008,-0.7999966950000008,True,True,True,True,,0.0,0.0,0.0,2,2,0.5130317823999999,0.65,2.48
CAND-7AFA570F344FAE,NIPPON_STEEL_JP,Nippon Steel,P2,PORT-475628A5EB38,DISCLOSED_PATH,393.843974,68984.105,175.155924,True,False,,0.0,3.446647212967946e-06,False,False,True,True,2029,0.0,0.04500000000000004,0.0,2,2,0.45364541439999984,0.65,2.0
CAND-7AFA570F344FAE,NIPPON_STEEL_JP,Nippon Steel,P2,PORT-475628A5EB38,ACCELERATED_15C,393.843974,66625.611,169.167526,False,False,2035,4.207752061632604,-4.207752061632604,True,True,True,True,,0.0,0.0,0.0,2,2,0.45364541439999984,0.65,2.0
CAND-7B3A04EDDAA489,NIPPON_STEEL_JP,Nippon Steel,P1,PORT-7F2E75BEC4B8,DISCLOSED_PATH,348.473932,51345.82,147.344795,True,False,,0.0,3.446647212967946e-06,False,False,True,True,2029,0.0,0.04500000000000004,0.0,2,2,0.3603653631999999,0.65,1.36
CAND-7B3A04EDDAA489,NIPPON_STEEL_JP,Nippon Steel,P1,PORT-7F2E75BEC4B8,ACCELERATED_15C,348.473932,49260.798,141.3615,False,False,2035,13.74500214,-13.74500214,True,True,True,True,,0.0,0.0,0.0,2,2,0.3603653631999999,0.65,1.36
CAND-7BA4793B4CD2AC,NIPPON_STEEL_JP,Nippon Steel,P2,PORT-05EE518306D9,DISCLOSED_PATH,460.828943,46759.03,101.467217,True,True,,0.0,3.446647212967946e-06,True,True,True,True,,0.0,0.0,0.0,2,2,0.5333221247999997,0.65,2.6399999999999997
CAND-7BA4793B4CD2AC,NIPPON_STEEL_JP,Nippon Steel,P2,PORT-05EE518306D9,ACCELERATED_15C,460.828943,42520.661,92.269944,True,True,,0.0,3.446647212967946e-06,True,True,True,True,,0.0,0.0,0.0,2,2,0.5333221247999997,0.65,2.6399999999999997
CAND-7C66163C85F268,NIPPON_STEEL_JP,Nippon Steel,P1,PORT-2D5B38A00FC3,DISCLOSED_PATH,360.838973,61181.606,169.553765,True,False,,0.0,3.446647212967946e-06,False,False,True,True,2029,0.0,0.04500000000000004,0.0,2,2,0.4298908671999999,0.65,1.84
CAND-7C66163C85F268,NIPPON_STEEL_JP,Nippon Steel,P1,PORT-2D5B38A00FC3,ACCELERATED_15C,360.838973,59657.093,165.328853,False,False,2035,11.909996744999997,-11.909996744999997,True,True,True,True,,0.0,0.0,0.0,2,2,0.4298908671999999,0.65,1.84
CAND-7C7D62C302A55A,NIPPON_STEEL_JP,Nippon Steel,P3,PORT-A880789F3FB0,DISCLOSED_PATH,217.243975,30352.317,139.715345,False,False,2030,3.007752061632594,-3.007752061632594,True,True,True,True,,0.0,0.0,0.0,2,2,0.4298908671999999,0.65,1.84
CAND-7C7D62C302A55A,NIPPON_STEEL_JP,Nippon Steel,P3,PORT-A880789F3FB0,ACCELERATED_15C,217.243975,28208.768,129.848332,False,False,2030,19.507752061632594,-19.507752061632594,True,True,True,True,,0.0,0.0,0.0,2,2,0.4298908671999999,0.65,1.84
CAND-7C97E5CB4322B2,NIPPON_STEEL_JP,Nippon Steel,P3,PORT-A38E7AB93504,DISCLOSED_PATH,373.798938,23602.895,63.143292,True,True,,0.0,3.446647212967946e-06,True,True,True,True,,0.0,0.0,0.0,2,2,0.45364541439999984,0.65,2.0
CAND-7C97E5CB4322B2,NIPPON_STEEL_JP,Nippon Steel,P3,PORT-A38E7AB93504,ACCELERATED_15C,373.798938,19115.251,51.137789,False,False,2035,9.707756491632594,-9.707756491632594,True,True,True,True,,0.0,0.0,0.0,2,2,0.45364541439999984,0.65,2.0
CAND-7CFCAE29459F0E,NIPPON_STEEL_JP,Nippon Steel,P1,PORT-B861AF89547E,DISCLOSED_PATH,251.903937,25968.545,103.089078,False,False,2030,0.6504345533527953,-0.6504345533527953,True,True,True,True,,0.0,0.0,0.0,2,2,0.3603653631999999,0.65,1.36
CAND-7CFCAE29459F0E,NIPPON_STEEL_JP,Nippon Steel,P1,PORT-B861AF89547E,ACCELERATED_15C,251.903937,23807.418,94.50991,False,False,2030,17.055001334999993,-17.055001334999993,True,True,True,True,,0.0,0.0,0.0,2,2,0.3603653631999999,0.65,1.36
CAND-7DFFA3EB6A35DD,NIPPON_STEEL_JP,Nippon Steel,P1,PORT-BB5C0AB9899D,DISCLOSED_PATH,312.103944,55494.51,177.807781,False,False,2030,0.6504345533527953,-0.6504345533527953,True,True,True,True,,0.0,0.0,0.0,2,2,0.5130317823999999,0.65,2.4800000000000004
CAND-7DFFA3EB6A35DD,NIPPON_STEEL_JP,Nippon Steel,P1,PORT-BB5C0AB9899D,ACCELERATED_15C,312.103944,54568.144,174.839648,False,False,2030,10.650434553352795,-10.650434553352795,True,True,True,True,,0.0,0.0,0.0,2,2,0.5130317823999999,0.65,2.4800000000000004
CAND-7E1CA9C1B2992D,NIPPON_STEEL_JP,Nippon Steel,P1,PORT-0542A6FA3ED2,DISCLOSED_PATH,408.098937,73453.797,179.99017,True,False,,0.0,3.446647212967946e-06,False,False,True,True,2029,0.0,0.04500000000000004,0.0,2,2,0.4298908671999999,0.65,1.84
CAND-7E1CA9C1B2992D,NIPPON_STEEL_JP,Nippon Steel,P1,PORT-0542A6FA3ED2,ACCELERATED_15C,408.098937,72045.888,176.540249,False,False,2040,10.890001334999997,-10.890001334999997,True,True,True,True,,0.0,0.0,0.0,2,2,0.4298908671999999,0.65,1.84
CAND-7F68777647A3B1,NIPPON_STEEL_JP,Nippon Steel,P1,PORT-7F141003EFD9,DISCLOSED_PATH,466.428943,56313.625,120.733557,True,True,,0.0,3.446647212967946e-06,True,True,True,True,,0.0,0.0,0.0,2,2,0.5333221247999997,0.65,2.6399999999999997
CAND-7F68777647A3B1,NIPPON_STEEL_JP,Nippon Steel,P1,PORT-7F141003EFD9,ACCELERATED_15C,466.428943,53131.266,113.91074,True,True,,0.0,3.446647212967946e-06,True,True,True,True,,0.0,0.0,0.0,2,2,0.5333221247999997,0.65,2.6399999999999997
CAND-7F997B0F0381A1,NIPPON_STEEL_JP,Nippon Steel,P1,PORT-85B082834E97,DISCLOSED_PATH,318.368967,13446.491,42.235558,True,True,,0.0,3.446647212967946e-06,True,True,True,True,,0.0,0.0,0.0,2,2,0.3603653631999999,0.65,1.3599999999999999
CAND-7F997B0F0381A1,NIPPON_STEEL_JP,Nippon Steel,P1,PORT-85B082834E97,ACCELERATED_15C,318.368967,9491.823,29.813907,False,False,2035,12.969997935000002,-12.969997935000002,True,True,True,True,,0.0,0.0,0.0,2,2,0.3603653631999999,0.65,1.3599999999999999
CAND-7FC1A80D5890A8,NIPPON_STEEL_JP,Nippon Steel,P4,PORT-8E5255DE5136,DISCLOSED_PATH,417.928975,81794.421,195.713687,True,False,,0.0,3.446647212967946e-06,False,False,True,True,2028,0.0,0.195,0.0,2,2,0.49185925119999996,0.65,2.3200000000000003
CAND-7FC1A80D5890A8,NIPPON_STEEL_JP,Nippon Steel,P4,PORT-8E5255DE5136,ACCELERATED_15C,417.928975,76391.837,182.786649,False,False,2040,10.10999652,-10.10999652,True,True,True,True,,0.0,0.0,0.0,2,2,0.49185925119999996,0.65,2.3200000000000003
CAND-801F7ABA46D33B,NIPPON_STEEL_JP,Nippon Steel,P1,PORT-8C7EDF2A8213,DISCLOSED_PATH,426.278941,59856.391,140.416017,True,False,,0.0,3.446647212967946e-06,False,False,True,True,2029,0.0,0.04500000000000004,0.0,2,2,0.45364541439999984,0.65,2.0
CAND-801F7ABA46D33B,NIPPON_STEEL_JP,Nippon Steel,P1,PORT-8C7EDF2A8213,ACCELERATED_15C,426.278941,57151.39,134.070405,False,False,2040,1.730000835000002,-1.730000835000002,True,True,True,True,,0.0,0.0,0.0,2,2,0.45364541439999984,0.65,2.0
CAND-80606F1AD72C60,NIPPON_STEEL_JP,Nippon Steel,P3,PORT-233896767A76,DISCLOSED_PATH,466.878946,57456.178,123.064401,True,False,,0.0,3.446647212967946e-06,False,False,True,True,2029,0.0,0.04500000000000004,0.0,2,2,0.47641018879999986,0.65,2.16
CAND-80606F1AD72C60,NIPPON_STEEL_JP,Nippon Steel,P3,PORT-233896767A76,ACCELERATED_15C,466.878946,52291.711,112.002718,True,True,,0.0,3.446647212967946e-06,True,True,True,True,,0.0,0.0,0.0,2,2,0.47641018879999986,0.65,2.16
CAND-8089F86BDF0F67,NIPPON_STEEL_JP,Nippon Steel,P1,PORT-18AF0784BA2F,DISCLOSED_PATH,213.158958,3925.021,18.413587,False,False,2035,17.11999923999999,-17.11999923999999,True,True,True,True,,0.0,0.0,0.0,1,2,0.21860116480000003,0.65,0.56
CAND-8089F86BDF0F67,NIPPON_STEEL_JP,Nippon Steel,P1,PORT-18AF0784BA2F,ACCELERATED_15C,213.158958,1006.512,4.721883,False,False,2035,34.11999923999999,-34.11999923999999,True,True,True,True,,0.0,0.0,0.0,1,2,0.21860116480000003,0.65,0.56
CAND-813D2F5D9271F2,NIPPON_STEEL_JP,Nippon Steel,P1,PORT-D4A9A0C4778E,DISCLOSED_PATH,366.798937,14697.44,40.069473,True,False,,0.0,3.446647212967946e-06,False,False,True,True,2036,0.39999896500000176,0.0,0.0,2,2,0.3870168063999999,0.65,1.52
CAND-813D2F5D9271F2,NIPPON_STEEL_JP,Nippon Steel,P1,PORT-D4A9A0C4778E,ACCELERATED_15C,366.798937,10083.782,27.491306,False,False,2035,9.707756491632594,-9.707756491632594,True,True,True,True,,0.0,0.0,0.0,2,2,0.3870168063999999,0.65,1.52
CAND-815AACED7A80B5,NIPPON_STEEL_JP,Nippon Steel,P2,PORT-E3577CB0E245,DISCLOSED_PATH,174.368969,27271.197,156.399372,False,False,2030,7.219997709999994,-7.219997709999994,True,True,True,True,,0.0,0.0,0.0,2,2,0.40510351359999996,0.65,1.6799999999999997
CAND-815AACED7A80B5,NIPPON_STEEL_JP,Nippon Steel,P2,PORT-E3577CB0E245,ACCELERATED_15C,174.368969,26132.306,149.86787,False,False,2030,24.219997709999994,-24.219997709999994,True,True,True,True,,0.0,0.0,0.0,2,2,0.40510351359999996,0.65,1.6799999999999997
CAND-817C02D8F2D9CE,NIPPON_STEEL_JP,Nippon Steel,P4,PORT-52CC71E9B115,DISCLOSED_PATH,446.368973,71710.376,160.652689,True,False,,0.0,3.446647212967946e-06,False,False,True,True,2028,0.0,0.195,0.0,2,2,0.5130317823999999,0.65,2.48
CAND-817C02D8F2D9CE,NIPPON_STEEL_JP,Nippon Steel,P4,PORT-52CC71E9B115,ACCELERATED_15C,446.368973,65808.959,147.431752,False,False,2040,1.199996745,-1.199996745,True,True,True,True,,0.0,0.0,0.0,2,2,0.5130317823999999,0.65,2.48
CAND-82419EB4BEDA2D,NIPPON_STEEL_JP,Nippon Steel,P2,PORT-887F55152750,DISCLOSED_PATH,182.838974,20731.731,113.387919,False,False,2030,9.809996694999995,-9.809996694999995,True,True,True,True,,0.0,0.0,0.0,2,2,0.3325551616,0.65,1.2000000000000002
CAND-82419EB4BEDA2D,NIPPON_STEEL_JP,Nippon Steel,P2,PORT-887F55152750,ACCELERATED_15C,182.838974,19127.073,104.611573,False,False,2030,26.809996694999995,-26.809996694999995,True,True,True,True,,0.0,0.0,0.0,2,2,0.3325551616,0.65,1.2000000000000002
CAND-824677A335CDE7,NIPPON_STEEL_JP,Nippon Steel,P3,PORT-0B5EB1BCB507,DISCLOSED_PATH,469.153947,60417.242,128.77914,True,False,,0.0,3.446647212967946e-06,False,False,True,True,2029,0.0,0.04500000000000004,0.0,2,2,0.47641018879999986,0.65,2.16
CAND-824677A335CDE7,NIPPON_STEEL_JP,Nippon Steel,P3,PORT-0B5EB1BCB507,ACCELERATED_15C,469.153947,55368.812,118.018429,True,True,,0.0,3.446647212967946e-06,True,True,True,True,,0.0,0.0,0.0,2,2,0.47641018879999986,0.65,2.16
CAND-828060D2682720,NIPPON_STEEL_JP,Nippon Steel,P3,PORT-61AD11411A66,DISCLOSED_PATH,476.103942,71027.406,149.184662,True,False,,0.0,3.446647212967946e-06,False,False,True,True,2029,0.0,0.04500000000000004,0.0,2,2,0.47641018879999986,0.65,2.16
CAND-828060D2682720,NIPPON_STEEL_JP,Nippon Steel,P3,PORT-61AD11411A66,ACCELERATED_15C,476.103942,66156.011,138.952874,True,True,,0.0,3.446647212967946e-06,True,True,True,True,,0.0,0.0,0.0,2,2,0.47641018879999986,0.65,2.16
CAND-82F8F5BD398672,NIPPON_STEEL_JP,Nippon Steel,P4,PORT-F842321334C6,DISCLOSED_PATH,360.968941,58265.071,161.412977,False,False,2030,0.6504345533527953,-0.6504345533527953,True,True,True,True,,0.0,0.0,0.0,2,2,0.5130317823999999,0.65,2.4800000000000004
CAND-82F8F5BD398672,NIPPON_STEEL_JP,Nippon Steel,P4,PORT-F842321334C6,ACCELERATED_15C,360.968941,53743.876,148.887813,False,False,2030,10.650434553352795,-10.650434553352795,True,True,True,True,,0.0,0.0,0.0,2,2,0.5130317823999999,0.65,2.4800000000000004
CAND-83ACFFD6B28AFA,NIPPON_STEEL_JP,Nippon Steel,P2,PORT-40A36EE0C770,DISCLOSED_PATH,394.148941,50829.17,128.959297,True,False,,0.0,3.446647212967946e-06,False,False,True,True,2029,0.0,0.04500000000000004,0.0,2,2,0.3603653631999999,0.65,1.36
CAND-83ACFFD6B28AFA,NIPPON_STEEL_JP,Nippon Steel,P2,PORT-40A36EE0C770,ACCELERATED_15C,394.148941,47482.776,120.469121,False,False,2040,12.440000835,-12.440000835,True,True,True,True,,0.0,0.0,0.0,2,2,0.3603653631999999,0.65,1.36
CAND-83D6C7A3FFBFEA,NIPPON_STEEL_JP,Nippon Steel,P2,PORT-17F0017D3D64,DISCLOSED_PATH,316.828944,60754.181,191.757043,False,False,2030,0.6504345533527953,-0.6504345533527953,True,True,True,True,,0.0,0.0,0.0,2,2,0.5659631103999998,0.65,2.96
CAND-83D6C7A3FFBFEA,NIPPON_STEEL_JP,Nippon Steel,P2,PORT-17F0017D3D64,ACCELERATED_15C,316.828944,59399.433,187.481082,False,False,2030,10.650434553352795,-10.650434553352795,True,True,True,True,,0.0,0.0,0.0,2,2,0.5659631103999998,0.65,2.96
CAND-841E9834C92202,NIPPON_STEEL_JP,Nippon Steel,P1,PORT-F8E2822A3FA6,DISCLOSED_PATH,452.828938,99725.23,220.227157,True,False,,0.0,3.446647212967946e-06,False,False,True,True,2029,0.0,0.04500000000000004,0.0,2,2,0.5659631103999998,0.65,2.96
CAND-841E9834C92202,NIPPON_STEEL_JP,Nippon Steel,P1,PORT-F8E2822A3FA6,ACCELERATED_15C,452.828938,99467.588,219.658196,True,True,,0.0,3.446647212967946e-06,True,True,True,True,,0.0,0.0,0.0,2,2,0.5659631103999998,0.65,2.96
CAND-848741A069F420,NIPPON_STEEL_JP,Nippon Steel,P3,PORT-D248600EA55E,DISCLOSED_PATH,302.878949,38636.754,127.565003,False,False,2030,0.6504345533527953,-0.6504345533527953,True,True,True,True,,0.0,0.0,0.0,2,2,0.5130317823999999,0.65,2.48
CAND-848741A069F420,NIPPON_STEEL_JP,Nippon Steel,P3,PORT-D248600EA55E,ACCELERATED_15C,302.878949,35584.664,117.488073,False,False,2030,10.650434553352795,-10.650434553352795,True,True,True,True,,0.0,0.0,0.0,2,2,0.5130317823999999,0.65,2.48
CAND-84AB62E2131B9C,NIPPON_STEEL_JP,Nippon Steel,P2,PORT-BE01C0E85B02,DISCLOSED_PATH,393.798937,57762.538,146.680279,True,False,,0.0,3.446647212967946e-06,False,False,True,True,2029,0.0,0.04500000000000004,0.0,2,2,0.45364541439999984,0.65,2.0
CAND-84AB62E2131B9C,NIPPON_STEEL_JP,Nippon Steel,P2,PORT-BE01C0E85B02,ACCELERATED_15C,393.798937,54737.779,138.999307,False,False,2035,7.457756491632594,-7.457756491632594,True,True,True,True,,0.0,0.0,0.0,2,2,0.45364541439999984,0.65,2.0
CAND-8532AEEAEC02D2,NIPPON_STEEL_JP,Nippon Steel,P1,PORT-9037F7D829FB,DISCLOSED_PATH,221.968975,38956.887,175.506002,False,False,2030,3.007752061632594,-3.007752061632594,True,True,True,True,,0.0,0.0,0.0,2,2,0.49185925119999985,0.65,2.3200000000000003
CAND-8532AEEAEC02D2,NIPPON_STEEL_JP,Nippon Steel,P1,PORT-9037F7D829FB,ACCELERATED_15C,221.968975,38245.605,172.30158,False,False,2030,19.507752061632594,-19.507752061632594,True,True,True,True,,0.0,0.0,0.0,2,2,0.49185925119999985,0.65,2.3200000000000003
CAND-854A8878DA15B2,NIPPON_STEEL_JP,Nippon Steel,P2,PORT-243FA04FE940,DISCLOSED_PATH,189.838975,30429.821,160.2928,False,False,2030,8.409996519999993,-8.409996519999993,True,True,True,True,,0.0,0.0,0.0,2,2,0.40510351359999996,0.65,1.6800000000000002
CAND-854A8878DA15B2,NIPPON_STEEL_JP,Nippon Steel,P2,PORT-243FA04FE940,ACCELERATED_15C,189.838975,29324.185,154.46873,False,False,2030,25.409996519999993,-25.409996519999993,True,True,True,True,,0.0,0.0,0.0,2,2,0.40510351359999996,0.65,1.6800000000000002
CAND-855EB0F14B9B3F,NIPPON_STEEL_JP,Nippon Steel,P1,PORT-1ADC37BD5A8C,DISCLOSED_PATH,371.568974,33012.779,88.846973,True,True,,0.0,3.446647212967946e-06,True,True,True,True,,0.0,0.0,0.0,2,2,0.45364541439999984,0.65,2.0
CAND-855EB0F14B9B3F,NIPPON_STEEL_JP,Nippon Steel,P1,PORT-1ADC37BD5A8C,ACCELERATED_15C,371.568974,29649.422,79.795203,False,False,2035,6.457752061632604,-6.457752061632604,True,True,True,True,,0.0,0.0,0.0,2,2,0.45364541439999984,0.65,2.0
CAND-85A05653F48C32,NIPPON_STEEL_JP,Nippon Steel,P3,PORT-A2A3E35D3296,DISCLOSED_PATH,479.478948,74723.134,155.842366,True,False,,0.0,3.446647212967946e-06,False,False,True,True,2029,0.0,0.04500000000000004,0.0,2,2,0.5333221247999997,0.65,2.6399999999999997
CAND-85A05653F48C32,NIPPON_STEEL_JP,Nippon Steel,P3,PORT-A2A3E35D3296,ACCELERATED_15C,479.478948,70036.721,146.068396,True,True,,0.0,3.446647212967946e-06,True,True,True,True,,0.0,0.0,0.0,2,2,0.5333221247999997,0.65,2.6399999999999997
CAND-85AAF89A79EE9D,NIPPON_STEEL_JP,Nippon Steel,P2,PORT-A6C1B550A321,DISCLOSED_PATH,169.643969,20674.027,121.867149,False,False,2030,8.794997709999997,-8.794997709999997,True,True,True,True,,0.0,0.0,0.0,2,2,0.3325551616,0.65,1.1999999999999997
CAND-85AAF89A79EE9D,NIPPON_STEEL_JP,Nippon Steel,P2,PORT-A6C1B550A321,ACCELERATED_15C,169.643969,19231.045,113.361206,False,False,2030,25.794997709999997,-25.794997709999997,True,True,True,True,,0.0,0.0,0.0,2,2,0.3325551616,0.65,1.1999999999999997
CAND-86C553126C5472,NIPPON_STEEL_JP,Nippon Steel,P1,PORT-1DC04C5CC9AF,DISCLOSED_PATH,407.748946,8670.663,21.26471,True,False,,0.0,3.446647212967946e-06,False,False,True,True,2034,5.799999640000003,0.0,0.0,2,2,0.31226275839999995,0.65,1.04
CAND-86C553126C5472,NIPPON_STEEL_JP,Nippon Steel,P1,PORT-1DC04C5CC9AF,ACCELERATED_15C,407.748946,3061.044,7.507179,False,False,2040,6.56999982,-6.56999982,False,False,True,True,2036,0.7999996400000029,0.0,0.0,2,2,0.31226275839999995,0.65,1.04
CAND-86F34704F3CCB7,NIPPON_STEEL_JP,Nippon Steel,P1,PORT-D2286B1543C0,DISCLOSED_PATH,346.438975,35198.333,101.600383,True,True,,0.0,3.446647212967946e-06,True,True,True,True,,0.0,0.0,0.0,2,2,0.4298908671999999,0.65,1.84
CAND-86F34704F3CCB7,NIPPON_STEEL_JP,Nippon Steel,P1,PORT-D2286B1543C0,ACCELERATED_15C,346.438975,32498.524,93.807355,False,False,2035,12.35999652,-12.35999652,True,True,True,True,,0.0,0.0,0.0,2,2,0.4298908671999999,0.65,1.84
CAND-875BA46EAF1DC7,NIPPON_STEEL_JP,Nippon Steel,P1,PORT-674311CC4C19,DISCLOSED_PATH,434.153943,71590.476,164.896523,True,False,,0.0,3.446647212967946e-06,False,False,True,True,2029,0.0,0.04500000000000004,0.0,2,2,0.45364541439999984,0.65,2.0
CAND-875BA46EAF1DC7,NIPPON_STEEL_JP,Nippon Steel,P1,PORT-674311CC4C19,ACCELERATED_15C,434.153943,69659.76,160.449447,False,False,2040,1.5050006099999997,-1.5050006099999997,True,True,True,True,,0.0,0.0,0.0,2,2,0.45364541439999984,0.65,2.0
CAND-87B9435721978E,NIPPON_STEEL_JP,Nippon Steel,P1,PORT-5CFD50239439,DISCLOSED_PATH,321.473932,6865.237,21.355503,True,True,,0.0,3.446647212967946e-06,True,True,True,True,,0.0,0.0,0.0,2,2,0.28236113919999994,0.65,0.88
CAND-87B9435721978E,NIPPON_STEEL_JP,Nippon Steel,P1,PORT-5CFD50239439,ACCELERATED_15C,321.473932,2434.553,7.573095,False,False,2035,15.995002139999997,-15.995002139999997,True,True,True,True,,0.0,0.0,0.0,2,2,0.28236113919999994,0.65,0.88
CAND-8824553399E207,NIPPON_STEEL_JP,Nippon Steel,P3,PORT-64904F869F44,DISCLOSED_PATH,309.828943,49246.918,158.948733,False,False,2030,0.6504345533527953,-0.6504345533527953,True,True,True,True,,0.0,0.0,0.0,2,2,0.5130317823999999,0.65,2.48
CAND-8824553399E207,NIPPON_STEEL_JP,Nippon Steel,P3,PORT-64904F869F44,ACCELERATED_15C,309.828943,46371.863,149.669242,False,False,2030,10.650434553352795,-10.650434553352795,True,True,True,True,,0.0,0.0,0.0,2,2,0.5130317823999999,0.65,2.48
CAND-88A632B865C962,NIPPON_STEEL_JP,Nippon Steel,P1,PORT-4028F2B5FE7E,DISCLOSED_PATH,304.228943,43760.425,143.84044,False,False,2030,0.6504345533527953,-0.6504345533527953,True,True,True,True,,0.0,0.0,0.0,2,2,0.5130317823999999,0.65,2.48
CAND-88A632B865C962,NIPPON_STEEL_JP,Nippon Steel,P1,PORT-4028F2B5FE7E,ACCELERATED_15C,304.228943,42059.774,138.250404,False,False,2030,10.767755686632597,-10.767755686632597,True,True,True,True,,0.0,0.0,0.0,2,2,0.5130317823999999,0.65,2.48
CAND-88DBE8FA57BADD,NIPPON_STEEL_JP,Nippon Steel,P6,PORT-7C945F726D00,DISCLOSED_PATH,498.719413,88698.651,177.852813,True,False,,0.0,3.446647212967946e-06,False,False,True,True,2028,0.0,0.195,0.0,2,2,0.5659631103999998,0.65,2.96
CAND-88DBE8FA57BADD,NIPPON_STEEL_JP,Nippon Steel,P6,PORT-7C945F726D00,ACCELERATED_15C,498.719413,76072.846,152.536364,True,True,,0.0,3.446647212967946e-06,True,True,True,True,,0.0,0.0,0.0,2,2,0.5659631103999998,0.65,2.96
CAND-8973BDCB7ABD5D,NIPPON_STEEL_JP,Nippon Steel,P1,PORT-807501AD1AFE,DISCLOSED_PATH,421.553941,53093.167,125.946318,True,False,,0.0,3.446647212967946e-06,False,False,True,True,2029,0.0,0.04500000000000004,0.0,2,2,0.3870168063999999,0.65,1.52
CAND-8973BDCB7ABD5D,NIPPON_STEEL_JP,Nippon Steel,P1,PORT-807501AD1AFE,ACCELERATED_15C,421.553941,49992.084,118.590006,False,False,2040,3.3050008350000013,-3.3050008350000013,True,True,True,True,,0.0,0.0,0.0,2,2,0.3870168063999999,0.65,1.52
CAND-89D449E9FBEEF9,NIPPON_STEEL_JP,Nippon Steel,P7,PORT-2ECB61BA4654,DISCLOSED_PATH,663.14981,120258.339,181.344151,True,False,,0.0,3.446647212967946e-06,False,False,False,True,2028,0.0,0.3919999395,1.7039994939999996,3,2,0.6292601567999999,0.65,3.5999999999999996
CAND-89D449E9FBEEF9,NIPPON_STEEL_JP,Nippon Steel,P7,PORT-2ECB61BA4654,ACCELERATED_15C,663.14981,100617.851,151.72718,True,False,,0.0,3.446647212967946e-06,False,False,False,True,2029,0.0,0.1359998899999999,0.0,3,2,0.6292601567999999,0.65,3.5999999999999996
CAND-8A0A34A1B6CD4C,NIPPON_STEEL_JP,Nippon Steel,P2,PORT-AC68D0606F7A,DISCLOSED_PATH,362.423927,70878.197,195.567102,True,False,,0.0,3.446647212967946e-06,False,False,True,True,2029,0.0,0.04500000000000004,0.0,2,2,0.4298908671999999,0.65,1.84
CAND-8A0A34A1B6CD4C,NIPPON_STEEL_JP,Nippon Steel,P2,PORT-AC68D0606F7A,ACCELERATED_15C,362.423927,69077.254,190.597941,False,False,2035,12.195002640000002,-12.195002640000002,True,True,True,True,,0.0,0.0,0.0,2,2,0.4298908671999999,0.65,1.84
CAND-8A32EE77ABBE07,NIPPON_STEEL_JP,Nippon Steel,P1,PORT-0ACD636A8AEE,DISCLOSED_PATH,446.878947,26404.464,59.086391,True,False,,0.0,3.446647212967946e-06,False,False,True,True,2034,3.3599990099999992,0.0,0.0,2,2,0.47641018879999986,0.65,2.16
CAND-8A32EE77ABBE07,NIPPON_STEEL_JP,Nippon Steel,P1,PORT-0ACD636A8AEE,ACCELERATED_15C,446.878947,21418.195,47.928405,True,True,,0.0,3.446647212967946e-06,True,True,True,True,,0.0,0.0,0.0,2,2,0.47641018879999986,0.65,2.16
CAND-8ADD0E84C771B9,NIPPON_STEEL_JP,Nippon Steel,P1,PORT-1F662552CEC3,DISCLOSED_PATH,288.163964,15964.576,55.401016,False,False,2035,2.1977535916325976,-2.1977535916325976,True,True,True,True,,0.0,0.0,0.0,2,2,0.3603653631999999,0.65,1.36
CAND-8ADD0E84C771B9,NIPPON_STEEL_JP,Nippon Steel,P1,PORT-1F662552CEC3,ACCELERATED_15C,288.163964,12694.28,44.052281,False,False,2035,18.697753591632598,-18.697753591632598,True,True,True,True,,0.0,0.0,0.0,2,2,0.3603653631999999,0.65,1.36
CAND-8C1DE82984BE9C,NIPPON_STEEL_JP,Nippon Steel,P3,PORT-8186E2E8AA48,DISCLOSED_PATH,487.828943,86697.275,177.720646,True,False,,0.0,3.446647212967946e-06,False,False,True,True,2029,0.0,0.04500000000000004,0.0,2,2,0.5840479807999999,0.65,3.12
CAND-8C1DE82984BE9C,NIPPON_STEEL_JP,Nippon Steel,P3,PORT-8186E2E8AA48,ACCELERATED_15C,487.828943,82273.593,168.652546,True,True,,0.0,3.446647212967946e-06,True,True,True,True,,0.0,0.0,0.0,2,2,0.5840479807999999,0.65,3.12
CAND-8C43EE4829013A,NIPPON_STEEL_JP,Nippon Steel,P2,PORT-758CC6172A3B,DISCLOSED_PATH,267.563958,48165.032,180.013155,False,False,2040,5.734999239999993,-5.734999239999993,False,False,True,True,2029,0.0,0.04500000000000004,0.0,2,2,0.33255516159999987,0.65,1.2
CAND-8C43EE4829013A,NIPPON_STEEL_JP,Nippon Steel,P2,PORT-758CC6172A3B,ACCELERATED_15C,267.563958,46501.358,173.795299,False,False,2035,22.734999239999993,-22.734999239999993,True,True,True,True,,0.0,0.0,0.0,2,2,0.33255516159999987,0.65,1.2
CAND-8C8E20A72CC1A9,NIPPON_STEEL_JP,Nippon Steel,P2,PORT-2B4B7B3B418B,DISCLOSED_PATH,375.618932,70935.901,188.850707,True,False,,0.0,3.446647212967946e-06,False,False,True,True,2029,0.0,0.04500000000000004,0.0,2,2,0.4298908671999999,0.65,1.84
CAND-8C8E20A72CC1A9,NIPPON_STEEL_JP,Nippon Steel,P2,PORT-2B4B7B3B418B,ACCELERATED_15C,375.618932,68973.282,183.62568,False,False,2035,13.210001625,-13.210001625,True,True,True,True,,0.0,0.0,0.0,2,2,0.4298908671999999,0.65,1.84
CAND-8CB8452020FD2E,NIPPON_STEEL_JP,Nippon Steel,P3,PORT-1A4B19920DEE,DISCLOSED_PATH,400.843975,75754.163,188.986658,True,False,,0.0,3.446647212967946e-06,False,False,True,True,2029,0.0,0.04500000000000004,0.0,2,2,0.5130317823999999,0.65,2.4800000000000004
CAND-8CB8452020FD2E,NIPPON_STEEL_JP,Nippon Steel,P3,PORT-1A4B19920DEE,ACCELERATED_15C,400.843975,72258.166,180.265067,False,False,2035,4.207752061632604,-4.207752061632604,True,True,True,True,,0.0,0.0,0.0,2,2,0.5130317823999999,0.65,2.4800000000000004
CAND-8D9B6656A675D4,NIPPON_STEEL_JP,Nippon Steel,P2,PORT-BF563B54E502,DISCLOSED_PATH,380.748932,35311.382,92.741907,True,True,,0.0,3.446647212967946e-06,True,True,True,True,,0.0,0.0,0.0,2,2,0.45364541439999984,0.65,2.0
CAND-8D9B6656A675D4,NIPPON_STEEL_JP,Nippon Steel,P2,PORT-BF563B54E502,ACCELERATED_15C,380.748932,31585.081,82.95514,False,False,2035,8.157756991632596,-8.157756991632596,True,True,True,True,,0.0,0.0,0.0,2,2,0.45364541439999984,0.65,2.0
CAND-8DF529B3877680,NIPPON_STEEL_JP,Nippon Steel,P2,PORT-E9DA8A4B2253,DISCLOSED_PATH,142.238969,19660.001,138.218108,False,False,2030,17.929997709999995,-17.929997709999995,True,True,True,True,,0.0,0.0,0.0,2,2,0.3035358208000001,0.65,1.0399999999999998
CAND-8DF529B3877680,NIPPON_STEEL_JP,Nippon Steel,P2,PORT-E9DA8A4B2253,ACCELERATED_15C,142.238969,18632.954,130.997536,False,False,2030,34.929997709999995,-34.929997709999995,True,True,True,True,,0.0,0.0,0.0,2,2,0.3035358208000001,0.65,1.0399999999999998
CAND-8E04A2B7107CAF,NIPPON_STEEL_JP,Nippon Steel,P2,PORT-8F73C471E8F1,DISCLOSED_PATH,353.198932,56690.809,160.506738,True,False,,0.0,3.446647212967946e-06,False,False,True,True,2029,0.0,0.04500000000000004,0.0,2,2,0.4298908671999999,0.65,1.84
CAND-8E04A2B7107CAF,NIPPON_STEEL_JP,Nippon Steel,P2,PORT-8F73C471E8F1,ACCELERATED_15C,353.198932,54243.661,153.578214,False,False,2035,12.170002140000001,-12.170002140000001,True,True,True,True,,0.0,0.0,0.0,2,2,0.4298908671999999,0.65,1.84
CAND-8E2B4724BB5F60,NIPPON_STEEL_JP,Nippon Steel,P1,PORT-BF29E8561588,DISCLOSED_PATH,448.698942,74522.776,166.086364,True,False,,0.0,3.446647212967946e-06,False,False,True,True,2029,0.0,0.04500000000000004,0.0,2,2,0.45364541439999984,0.65,2.0
CAND-8E2B4724BB5F60,NIPPON_STEEL_JP,Nippon Steel,P1,PORT-BF29E8561588,ACCELERATED_15C,448.698942,72535.811,161.658084,False,False,2040,2.770000320000001,-2.770000320000001,True,True,True,True,,0.0,0.0,0.0,2,2,0.45364541439999984,0.65,2.0
CAND-8F2B01D027FD50,NIPPON_STEEL_JP,Nippon Steel,P3,PORT-43EF81127474,DISCLOSED_PATH,414.748933,84942.175,204.803842,True,False,,0.0,3.446647212967946e-06,False,False,True,True,2029,0.0,0.04500000000000004,0.0,2,2,0.5659631103999998,0.65,2.96
CAND-8F2B01D027FD50,NIPPON_STEEL_JP,Nippon Steel,P3,PORT-43EF81127474,ACCELERATED_15C,414.748933,81521.6,196.556502,False,False,2035,5.907756991632596,-5.907756991632596,True,True,True,True,,0.0,0.0,0.0,2,2,0.5659631103999998,0.65,2.96
CAND-908716DF2AB921,NIPPON_STEEL_JP,Nippon Steel,P2,PORT-0542A6FA3ED2,DISCLOSED_PATH,408.098937,71613.729,175.481294,True,False,,0.0,3.446647212967946e-06,False,False,True,True,2029,0.0,0.04500000000000004,0.0,2,2,0.4298908671999999,0.65,1.84
CAND-908716DF2AB921,NIPPON_STEEL_JP,Nippon Steel,P2,PORT-0542A6FA3ED2,ACCELERATED_15C,408.098937,69217.631,169.609927,False,False,2040,10.890001334999997,-10.890001334999997,True,True,True,True,,0.0,0.0,0.0,2,2,0.4298908671999999,0.65,1.84
CAND-9095C92643126E,NIPPON_STEEL_JP,Nippon Steel,P1,PORT-4FC217565C3B,DISCLOSED_PATH,345.368967,57927.074,167.725185,True,False,,0.0,3.446647212967946e-06,False,False,True,True,2029,0.0,0.04500000000000004,0.0,2,2,0.4298908671999999,0.65,1.84
CAND-9095C92643126E,NIPPON_STEEL_JP,Nippon Steel,P1,PORT-4FC217565C3B,ACCELERATED_15C,345.368967,56318.068,163.066381,False,False,2035,10.719997935000002,-10.719997935000002,True,True,True,True,,0.0,0.0,0.0,2,2,0.4298908671999999,0.65,1.84
CAND-9101D20C3B5802,NIPPON_STEEL_JP,Nippon Steel,P1,PORT-17AB13B46286,DISCLOSED_PATH,385.968972,58996.052,152.851801,True,False,,0.0,3.446647212967946e-06,False,False,True,True,2029,0.0,0.04500000000000004,0.0,2,2,0.45364541439999984,0.65,2.0
CAND-9101D20C3B5802,NIPPON_STEEL_JP,Nippon Steel,P1,PORT-17AB13B46286,ACCELERATED_15C,385.968972,56807.991,147.182792,False,False,2035,6.007752286632595,-6.007752286632595,True,True,True,True,,0.0,0.0,0.0,2,2,0.45364541439999984,0.65,2.0
CAND-9132EE1EC2E921,NIPPON_STEEL_JP,Nippon Steel,P1,PORT-F35ED7E625B9,DISCLOSED_PATH,353.838972,51221.929,144.760563,True,False,,0.0,3.446647212967946e-06,False,False,True,True,2029,0.0,0.04500000000000004,0.0,2,2,0.3603653631999999,0.65,1.36
CAND-9132EE1EC2E921,NIPPON_STEEL_JP,Nippon Steel,P1,PORT-F35ED7E625B9,ACCELERATED_15C,353.838972,49053.967,138.633589,False,False,2035,13.30999692,-13.30999692,True,True,True,True,,0.0,0.0,0.0,2,2,0.3603653631999999,0.65,1.36
CAND-91BB5A02A7A61F,NIPPON_STEEL_JP,Nippon Steel,P2,PORT-42FD0857B83C,DISCLOSED_PATH,452.478948,34274.166,75.747538,True,False,,0.0,3.446647212967946e-06,False,False,True,True,2036,0.39999896500000176,0.0,0.0,2,2,0.47641018879999986,0.65,2.16
CAND-91BB5A02A7A61F,NIPPON_STEEL_JP,Nippon Steel,P2,PORT-42FD0857B83C,ACCELERATED_15C,452.478948,29480.361,65.153001,True,True,,0.0,3.446647212967946e-06,True,True,True,True,,0.0,0.0,0.0,2,2,0.47641018879999986,0.65,2.16
CAND-91ED48BDAA559B,NIPPON_STEEL_JP,Nippon Steel,P1,PORT-7DC6DDA55D96,DISCLOSED_PATH,209.368973,20459.578,97.720202,False,False,2030,4.807752286632599,-4.807752286632599,True,True,True,True,,0.0,0.0,0.0,2,2,0.4298908671999999,0.65,1.84
CAND-91ED48BDAA559B,NIPPON_STEEL_JP,Nippon Steel,P1,PORT-7DC6DDA55D96,ACCELERATED_15C,209.368973,18577.93,88.732965,False,False,2030,21.3077522866326,-21.3077522866326,True,True,True,True,,0.0,0.0,0.0,2,2,0.4298908671999999,0.65,1.84
CAND-922D24F8221A4A,NIPPON_STEEL_JP,Nippon Steel,P1,PORT-BF563B54E502,DISCLOSED_PATH,380.748932,36068.97,94.731638,True,True,,0.0,3.446647212967946e-06,True,True,True,True,,0.0,0.0,0.0,2,2,0.45364541439999984,0.65,2.0
CAND-922D24F8221A4A,NIPPON_STEEL_JP,Nippon Steel,P1,PORT-BF563B54E502,ACCELERATED_15C,380.748932,32732.304,85.968209,False,False,2035,8.157756991632596,-8.157756991632596,True,True,True,True,,0.0,0.0,0.0,2,2,0.45364541439999984,0.65,2.0
CAND-927A12FA71C119,NIPPON_STEEL_JP,Nippon Steel,P2,PORT-F35ED7E625B9,DISCLOSED_PATH,353.838972,49972.294,141.228915,True,False,,0.0,3.446647212967946e-06,False,False,True,True,2029,0.0,0.04500000000000004,0.0,2,2,0.3603653631999999,0.65,1.36
CAND-927A12FA71C119,NIPPON_STEEL_JP,Nippon Steel,P2,PORT-F35ED7E625B9,ACCELERATED_15C,353.838972,47135.853,133.212722,False,False,2035,13.30999692,-13.30999692,True,True,True,True,,0.0,0.0,0.0,2,2,0.3603653631999999,0.65,1.36
CAND-929DE303374200,NIPPON_STEEL_JP,Nippon Steel,P1,PORT-86BF82627142,DISCLOSED_PATH,414.748947,18630.341,44.919561,True,False,,0.0,3.446647212967946e-06,False,False,True,True,2034,3.3599990099999992,0.0,0.0,2,2,0.3870168063999999,0.65,1.52
CAND-929DE303374200,NIPPON_STEEL_JP,Nippon Steel,P1,PORT-86BF82627142,ACCELERATED_15C,414.748947,13664.171,32.945644,False,False,2040,5.169999644999997,-5.169999644999997,True,True,True,True,,0.0,0.0,0.0,2,2,0.3870168063999999,0.65,1.52
CAND-92EA52FA4471AA,NIPPON_STEEL_JP,Nippon Steel,P1,PORT-EB7921B0B4D7,DISCLOSED_PATH,447.348948,71648.555,160.162565,True,False,,0.0,3.446647212967946e-06,False,False,True,True,2029,0.0,0.04500000000000004,0.0,2,2,0.45364541439999984,0.65,2.0
CAND-92EA52FA4471AA,NIPPON_STEEL_JP,Nippon Steel,P1,PORT-EB7921B0B4D7,ACCELERATED_15C,447.348948,69554.965,155.482572,False,False,2040,2.5199995950000016,-2.5199995950000016,True,True,True,True,,0.0,0.0,0.0,2,2,0.45364541439999984,0.65,2.0
CAND-940ED942CBD269,NIPPON_STEEL_JP,Nippon Steel,P2,PORT-D2286B1543C0,DISCLOSED_PATH,346.438975,34432.455,99.389668,True,True,,0.0,3.446647212967946e-06,True,True,True,True,,0.0,0.0,0.0,2,2,0.4298908671999999,0.65,1.84
CAND-940ED942CBD269,NIPPON_STEEL_JP,Nippon Steel,P2,PORT-D2286B1543C0,ACCELERATED_15C,346.438975,31337.081,90.454836,False,False,2035,12.35999652,-12.35999652,True,True,True,True,,0.0,0.0,0.0,2,2,0.4298908671999999,0.65,1.84
CAND-94A5F055326590,NIPPON_STEEL_JP,Nippon Steel,P3,PORT-685CF3088EF5,DISCLOSED_PATH,357.968969,71715.989,200.341357,True,False,,0.0,3.446647212967946e-06,False,False,True,True,2029,0.0,0.04500000000000004,0.0,2,2,0.49185925119999985,0.65,2.3200000000000003
CAND-94A5F055326590,NIPPON_STEEL_JP,Nippon Steel,P3,PORT-685CF3088EF5,ACCELERATED_15C,357.968969,68679.14,191.857803,False,False,2035,8.91999771,-8.91999771,True,True,True,True,,0.0,0.0,0.0,2,2,0.49185925119999985,0.65,2.3200000000000003
CAND-9577FB5A2464E1,NIPPON_STEEL_JP,Nippon Steel,P2,PORT-AA17EC0396DF,DISCLOSED_PATH,411.878943,33202.437,80.612125,True,True,,0.0,3.446647212967946e-06,True,True,True,True,,0.0,0.0,0.0,2,2,0.45364541439999984,0.65,2.0
CAND-9577FB5A2464E1,NIPPON_STEEL_JP,Nippon Steel,P2,PORT-AA17EC0396DF,ACCELERATED_15C,411.878943,28986.243,70.375638,False,False,2040,2.1800006100000004,-2.1800006100000004,True,True,True,True,,0.0,0.0,0.0,2,2,0.45364541439999984,0.65,2.0
CAND-96490FCD0060A9,NIPPON_STEEL_JP,Nippon Steel,P3,PORT-921D4BD7C0AA,DISCLOSED_PATH,312.888963,53771.044,171.853436,True,False,,0.0,3.446647212967946e-06,False,False,True,True,2029,0.0,0.04500000000000004,0.0,2,2,0.4298908671999999,0.65,1.84
CAND-96490FCD0060A9,NIPPON_STEEL_JP,Nippon Steel,P3,PORT-921D4BD7C0AA,ACCELERATED_15C,312.888963,50684.062,161.987375,False,False,2035,16.447753591632598,-16.447753591632598,True,True,True,True,,0.0,0.0,0.0,2,2,0.4298908671999999,0.65,1.84
CAND-966DD06DE07B52,NIPPON_STEEL_JP,Nippon Steel,P3,PORT-F7D0A7E47A59,DISCLOSED_PATH,438.878943,73646.023,167.804869,True,False,,0.0,3.446647212967946e-06,False,False,True,True,2029,0.0,0.04500000000000004,0.0,2,2,0.5130317823999999,0.65,2.48
CAND-966DD06DE07B52,NIPPON_STEEL_JP,Nippon Steel,P3,PORT-F7D0A7E47A59,ACCELERATED_15C,438.878943,69534.795,158.437302,True,True,,0.0,3.446647212967946e-06,True,True,True,True,,0.0,0.0,0.0,2,2,0.5130317823999999,0.65,2.48
CAND-967FD52FEF7AD0,NIPPON_STEEL_JP,Nippon Steel,P2,PORT-6BA9841BAB7B,DISCLOSED_PATH,388.243973,60684.41,156.304834,True,False,,0.0,3.446647212967946e-06,False,False,True,True,2029,0.0,0.04500000000000004,0.0,2,2,0.45364541439999984,0.65,2.0
CAND-967FD52FEF7AD0,NIPPON_STEEL_JP,Nippon Steel,P2,PORT-6BA9841BAB7B,ACCELERATED_15C,388.243973,57931.056,149.213021,False,False,2035,6.007752286632595,-6.007752286632595,True,True,True,True,,0.0,0.0,0.0,2,2,0.45364541439999984,0.65,2.0
CAND-97619370C4E958,NIPPON_STEEL_JP,Nippon Steel,P2,PORT-4F64F793369E,DISCLOSED_PATH,330.968969,31273.831,94.491733,True,True,,0.0,3.446647212967946e-06,True,True,True,True,,0.0,0.0,0.0,2,2,0.4298908671999999,0.65,1.84
CAND-97619370C4E958,NIPPON_STEEL_JP,Nippon Steel,P2,PORT-4F64F793369E,ACCELERATED_15C,330.968969,28145.201,85.038792,False,False,2035,11.16999771,-11.16999771,True,True,True,True,,0.0,0.0,0.0,2,2,0.4298908671999999,0.65,1.84
CAND-97FAAFFD87E907,NIPPON_STEEL_JP,Nippon Steel,P1,PORT-160DD6C4A97F,DISCLOSED_PATH,442.153947,19641.24,44.421722,True,False,,0.0,3.446647212967946e-06,False,False,True,True,2034,4.469999115000004,0.0,0.0,2,2,0.41255777279999983,0.65,1.68
CAND-97FAAFFD87E907,NIPPON_STEEL_JP,Nippon Steel,P1,PORT-160DD6C4A97F,ACCELERATED_15C,442.153947,14258.889,32.248699,True,True,,0.0,3.446647212967946e-06,True,True,True,True,,0.0,0.0,0.0,2,2,0.41255777279999983,0.65,1.68
CAND-98C444785493CC,NIPPON_STEEL_JP,Nippon Steel,P2,PORT-6A7794E0A685,DISCLOSED_PATH,434.748946,51900.9,119.381313,True,False,,0.0,3.446647212967946e-06,False,False,True,True,2029,0.0,0.04500000000000004,0.0,2,2,0.3870168063999999,0.65,1.52
CAND-98C444785493CC,NIPPON_STEEL_JP,Nippon Steel,P2,PORT-6A7794E0A685,ACCELERATED_15C,434.748946,47976.895,110.355402,False,False,2040,4.31999982,-4.31999982,True,True,True,True,,0.0,0.0,0.0,2,2,0.3870168063999999,0.65,1.52
CAND-990402B84D146B,NIPPON_STEEL_JP,Nippon Steel,P3,PORT-F37E5039B6ED,DISCLOSED_PATH,400.798938,65016.545,162.217357,True,False,,0.0,3.446647212967946e-06,False,False,True,True,2029,0.0,0.04500000000000004,0.0,2,2,0.5130317823999999,0.65,2.48
CAND-990402B84D146B,NIPPON_STEEL_JP,Nippon Steel,P3,PORT-F37E5039B6ED,ACCELERATED_15C,400.798938,61137.059,152.537977,False,False,2035,7.457756491632594,-7.457756491632594,True,True,True,True,,0.0,0.0,0.0,2,2,0.5130317823999999,0.65,2.48
CAND-998B8F607FCC4E,NIPPON_STEEL_JP,Nippon Steel,P1,PORT-6DF50E192B73,DISCLOSED_PATH,56.558958,-90.548,-1.600943,False,False,2030,30.169999239999996,-30.169999239999996,True,True,True,True,,0.0,0.0,0.0,1,2,0.18462730240000003,0.65,0.4
CAND-998B8F607FCC4E,NIPPON_STEEL_JP,Nippon Steel,P1,PORT-6DF50E192B73,ACCELERATED_15C,56.558958,-1000.431,-17.688293,False,False,2030,47.169999239999996,-47.169999239999996,True,True,True,True,,0.0,0.0,0.0,1,2,0.18462730240000003,0.65,0.4
CAND-99C2F6AC6E0947,NIPPON_STEEL_JP,Nippon Steel,P1,PORT-9DCBF1CC23DB,DISCLOSED_PATH,157.043967,2667.698,16.986949,False,False,2030,10.594997935000002,-10.594997935000002,True,True,True,True,,0.0,0.0,0.0,2,2,0.25115944960000003,0.65,0.72
CAND-99C2F6AC6E0947,NIPPON_STEEL_JP,Nippon Steel,P1,PORT-9DCBF1CC23DB,ACCELERATED_15C,157.043967,325.574,2.073138,False,False,2030,27.594997935000002,-27.594997935000002,True,True,True,True,,0.0,0.0,0.0,2,2,0.25115944960000003,0.65,0.72
CAND-99C2FB963A3312,NIPPON_STEEL_JP,Nippon Steel,P2,PORT-2D5B38A00FC3,DISCLOSED_PATH,360.838973,59670.384,165.365686,True,False,,0.0,3.446647212967946e-06,False,False,True,True,2029,0.0,0.04500000000000004,0.0,2,2,0.4298908671999999,0.65,1.84
CAND-99C2FB963A3312,NIPPON_STEEL_JP,Nippon Steel,P2,PORT-2D5B38A00FC3,ACCELERATED_15C,360.838973,57332.965,158.887952,False,False,2035,11.909996744999997,-11.909996744999997,True,True,True,True,,0.0,0.0,0.0,2,2,0.4298908671999999,0.65,1.84
CAND-9A3B971FF5CFC2,NIPPON_STEEL_JP,Nippon Steel,P3,PORT-85BCFB6D75A5,DISCLOSED_PATH,264.503938,41815.405,158.089913,False,False,2030,0.6504345533527953,-0.6504345533527953,True,True,True,True,,0.0,0.0,0.0,2,2,0.4298908672,0.65,1.8399999999999999
CAND-9A3B971FF5CFC2,NIPPON_STEEL_JP,Nippon Steel,P3,PORT-85BCFB6D75A5,ACCELERATED_15C,264.503938,39349.697,148.767906,False,False,2030,15.255001109999995,-15.255001109999995,True,True,True,True,,0.0,0.0,0.0,2,2,0.4298908672,0.65,1.8399999999999999
CAND-9A6C9B9EE37EE0,NIPPON_STEEL_JP,Nippon Steel,P1,PORT-4A80544162DB,DISCLOSED_PATH,129.638967,1656.799,12.780098,False,False,2030,19.729997935,-19.729997935,True,True,True,True,,0.0,0.0,0.0,2,2,0.21860116480000003,0.65,0.56
CAND-9A6C9B9EE37EE0,NIPPON_STEEL_JP,Nippon Steel,P1,PORT-4A80544162DB,ACCELERATED_15C,129.638967,-269.145,-2.076109,False,False,2030,36.729997935,-36.729997935,True,True,True,True,,0.0,0.0,0.0,2,2,0.21860116480000003,0.65,0.56
CAND-9A94D582F1BDDD,NIPPON_STEEL_JP,Nippon Steel,P3,PORT-5ADA91EDF97F,DISCLOSED_PATH,256.628937,30902.851,120.418421,False,False,2030,0.6504345533527953,-0.6504345533527953,True,True,True,True,,0.0,0.0,0.0,2,2,0.4298908671999999,0.65,1.84
CAND-9A94D582F1BDDD,NIPPON_STEEL_JP,Nippon Steel,P3,PORT-5ADA91EDF97F,ACCELERATED_15C,256.628937,28124.928,109.593753,False,False,2030,15.48000133499999,-15.48000133499999,True,True,True,True,,0.0,0.0,0.0,2,2,0.4298908671999999,0.65,1.84
CAND-9AA18DA06B5B1E,NIPPON_STEEL_JP,Nippon Steel,P1,PORT-4270128735D9,DISCLOSED_PATH,321.068932,50334.921,156.772942,False,False,2040,5.880002140000002,-5.880002140000002,False,False,True,True,2029,0.0,0.04500000000000004,0.0,1,2,0.3325551616,0.65,1.2000000000000002
CAND-9AA18DA06B5B1E,NIPPON_STEEL_JP,Nippon Steel,P1,PORT-4270128735D9,ACCELERATED_15C,321.068932,48666.079,151.575174,False,False,2035,22.880002140000002,-22.880002140000002,True,True,True,True,,0.0,0.0,0.0,1,2,0.3325551616,0.65,1.2000000000000002
CAND-9AE14A2C094F50,NIPPON_STEEL_JP,Nippon Steel,P2,PORT-4FC217565C3B,DISCLOSED_PATH,345.368967,56511.761,163.627211,True,False,,0.0,3.446647212967946e-06,False,False,True,True,2029,0.0,0.04500000000000004,0.0,2,2,0.4298908671999999,0.65,1.84
CAND-9AE14A2C094F50,NIPPON_STEEL_JP,Nippon Steel,P2,PORT-4FC217565C3B,ACCELERATED_15C,345.368967,54141.086,156.763031,False,False,2035,10.719997935000002,-10.719997935000002,True,True,True,True,,0.0,0.0,0.0,2,2,0.4298908671999999,0.65,1.84
CAND-9AE2D8B8B8072F,NIPPON_STEEL_JP,Nippon Steel,P1,PORT-8FA30C7F0389,DISCLOSED_PATH,129.288963,8752.554,67.697614,False,False,2030,15.247753591632602,-15.247753591632602,True,True,True,True,,0.0,0.0,0.0,2,2,0.3325551616,0.65,1.2
CAND-9AE2D8B8B8072F,NIPPON_STEEL_JP,Nippon Steel,P1,PORT-8FA30C7F0389,ACCELERATED_15C,129.288963,7243.516,56.025789,False,False,2030,31.747753591632602,-31.747753591632602,True,True,True,True,,0.0,0.0,0.0,2,2,0.3325551616,0.65,1.2
CAND-9AFB607449285B,NIPPON_STEEL_JP,Nippon Steel,P4,PORT-3D9E6191363A,DISCLOSED_PATH,545.468939,87540.235,160.486196,True,False,,0.0,3.446647212967946e-06,False,False,True,True,2028,0.0,0.195,0.0,2,2,0.5333221247999999,0.65,2.6399999999999997
CAND-9AFB607449285B,NIPPON_STEEL_JP,Nippon Steel,P4,PORT-3D9E6191363A,ACCELERATED_15C,545.468939,80324.824,147.258291,True,True,,0.0,3.446647212967946e-06,True,True,True,True,,0.0,0.0,0.0,2,2,0.5333221247999999,0.65,2.6399999999999997
CAND-9BDD17344F0FD9,NIPPON_STEEL_JP,Nippon Steel,P3,PORT-20A2D678A278,DISCLOSED_PATH,488.703943,88294.361,180.67045,True,False,,0.0,3.446647212967946e-06,False,False,True,True,2029,0.0,0.04500000000000004,0.0,2,2,0.5333221247999999,0.65,2.6399999999999997
CAND-9BDD17344F0FD9,NIPPON_STEEL_JP,Nippon Steel,P3,PORT-20A2D678A278,ACCELERATED_15C,488.703943,83901.02,171.68067,True,True,,0.0,3.446647212967946e-06,True,True,True,True,,0.0,0.0,0.0,2,2,0.5333221247999999,0.65,2.6399999999999997
CAND-9CD029437962BA,NIPPON_STEEL_JP,Nippon Steel,P3,PORT-9F881B0E6E71,DISCLOSED_PATH,277.698943,41872.864,150.785104,False,False,2030,0.6504345533527953,-0.6504345533527953,True,True,True,True,,0.0,0.0,0.0,2,2,0.4298908671999999,0.65,1.84
CAND-9CD029437962BA,NIPPON_STEEL_JP,Nippon Steel,P3,PORT-9F881B0E6E71,ACCELERATED_15C,277.698943,39247.411,141.330789,False,False,2030,16.270000095,-16.270000095,True,True,True,True,,0.0,0.0,0.0,2,2,0.4298908671999999,0.65,1.84
CAND-9D08D9C1AAE72B,NIPPON_STEEL_JP,Nippon Steel,P1,PORT-2C2A10B4DFAE,DISCLOSED_PATH,435.153946,9681.562,22.248591,True,False,,0.0,3.446647212967946e-06,False,False,True,True,2034,8.669999640000004,0.0,0.0,2,2,0.34091847679999987,0.65,1.2
CAND-9D08D9C1AAE72B,NIPPON_STEEL_JP,Nippon Steel,P1,PORT-2C2A10B4DFAE,ACCELERATED_15C,435.153946,3655.763,8.401079,True,False,,0.0,3.446647212967946e-06,False,False,True,True,2036,3.669999640000004,0.0,0.0,2,2,0.34091847679999987,0.65,1.2
CAND-9D238D687B4827,NIPPON_STEEL_JP,Nippon Steel,P3,PORT-475628A5EB38,DISCLOSED_PATH,393.843974,66438.697,168.692937,True,False,,0.0,3.446647212967946e-06,False,False,True,True,2029,0.0,0.04500000000000004,0.0,2,2,0.45364541439999984,0.65,2.0
CAND-9D238D687B4827,NIPPON_STEEL_JP,Nippon Steel,P3,PORT-475628A5EB38,ACCELERATED_15C,393.843974,62660.824,159.10063,False,False,2035,4.207752061632604,-4.207752061632604,True,True,True,True,,0.0,0.0,0.0,2,2,0.45364541439999984,0.65,2.0
CAND-9DAB8BFDEC6337,NIPPON_STEEL_JP,Nippon Steel,P3,PORT-ED90F4FED395,DISCLOSED_PATH,319.888964,63086.51,197.213775,True,False,,0.0,3.446647212967946e-06,False,False,True,True,2029,0.0,0.04500000000000004,0.0,2,2,0.49185925119999985,0.65,2.3200000000000003
CAND-9DAB8BFDEC6337,NIPPON_STEEL_JP,Nippon Steel,P3,PORT-ED90F4FED395,ACCELERATED_15C,319.888964,60281.403,188.444774,False,False,2035,16.447753591632598,-16.447753591632598,True,True,True,True,,0.0,0.0,0.0,2,2,0.49185925119999985,0.65,2.3200000000000003
CAND-9DEF4BAB9A0852,NIPPON_STEEL_JP,Nippon Steel,P2,PORT-233896767A76,DISCLOSED_PATH,466.878946,59512.096,127.467937,True,False,,0.0,3.446647212967946e-06,False,False,True,True,2029,0.0,0.04500000000000004,0.0,2,2,0.47641018879999986,0.65,2.16
CAND-9DEF4BAB9A0852,NIPPON_STEEL_JP,Nippon Steel,P2,PORT-233896767A76,ACCELERATED_15C,466.878946,55476.246,118.823619,True,True,,0.0,3.446647212967946e-06,True,True,True,True,,0.0,0.0,0.0,2,2,0.47641018879999986,0.65,2.16
CAND-9E270E8727760A,NIPPON_STEEL_JP,Nippon Steel,P1,PORT-5F64F8D36298,DISCLOSED_PATH,334.668937,6923.317,20.687061,False,False,2040,0.010001125000002276,-0.010001125000002276,False,False,True,True,2036,0.39999896500000176,0.0,0.0,2,2,0.28236113919999994,0.65,0.88
CAND-9E270E8727760A,NIPPON_STEEL_JP,Nippon Steel,P1,PORT-5F64F8D36298,ACCELERATED_15C,334.668937,2329.758,6.96138,False,False,2035,17.010001125000002,-17.010001125000002,True,True,True,True,,0.0,0.0,0.0,2,2,0.28236113919999994,0.65,0.88
CAND-9E9C125159A58F,NIPPON_STEEL_JP,Nippon Steel,P2,PORT-4028F2B5FE7E,DISCLOSED_PATH,304.228943,42756.396,140.540199,False,False,2030,0.6504345533527953,-0.6504345533527953,True,True,True,True,,0.0,0.0,0.0,2,2,0.5130317823999999,0.65,2.48
CAND-9E9C125159A58F,NIPPON_STEEL_JP,Nippon Steel,P2,PORT-4028F2B5FE7E,ACCELERATED_15C,304.228943,40507.766,133.148954,False,False,2030,10.767755686632597,-10.767755686632597,True,True,True,True,,0.0,0.0,0.0,2,2,0.5130317823999999,0.65,2.48
CAND-9EF16DBB46004F,NIPPON_STEEL_JP,Nippon Steel,P1,PORT-833EEC5002A6,DISCLOSED_PATH,369.073938,17893.893,48.483221,True,True,,0.0,3.446647212967946e-06,True,True,True,True,,0.0,0.0,0.0,2,2,0.3870168063999999,0.65,1.52
CAND-9EF16DBB46004F,NIPPON_STEEL_JP,Nippon Steel,P1,PORT-833EEC5002A6,ACCELERATED_15C,369.073938,13527.603,36.652825,False,False,2035,9.707756491632594,-9.707756491632594,True,True,True,True,,0.0,0.0,0.0,2,2,0.3870168063999999,0.65,1.52
CAND-9F7978C8663C29,NIPPON_STEEL_JP,Nippon Steel,P3,PORT-1C358B09C3EE,DISCLOSED_PATH,407.748932,75626.708,185.473713,True,False,,0.0,3.446647212967946e-06,False,False,True,True,2029,0.0,0.04500000000000004,0.0,2,2,0.5130317823999999,0.65,2.48
CAND-9F7978C8663C29,NIPPON_STEEL_JP,Nippon Steel,P3,PORT-1C358B09C3EE,ACCELERATED_15C,407.748932,71924.258,176.393492,False,False,2035,5.907756991632596,-5.907756991632596,True,True,True,True,,0.0,0.0,0.0,2,2,0.5130317823999999,0.65,2.48
CAND-9FAC1A13544E8C,NIPPON_STEEL_JP,Nippon Steel,P1,PORT-85BCFB6D75A5,DISCLOSED_PATH,264.503938,44465.854,168.110365,False,False,2030,0.6504345533527953,-0.6504345533527953,True,True,True,True,,0.0,0.0,0.0,2,2,0.4298908672,0.65,1.8399999999999999
CAND-9FAC1A13544E8C,NIPPON_STEEL_JP,Nippon Steel,P1,PORT-85BCFB6D75A5,ACCELERATED_15C,264.503938,43475.094,164.364637,False,False,2030,15.255001109999995,-15.255001109999995,True,True,True,True,,0.0,0.0,0.0,2,2,0.4298908672,0.65,1.8399999999999999
CAND-A072998D2CCACE,NIPPON_STEEL_JP,Nippon Steel,P1,PORT-0B2B029D958E,DISCLOSED_PATH,308.018927,27225.868,88.390243,False,False,2040,6.580002640000004,-6.580002640000004,True,True,True,True,,0.0,0.0,0.0,2,2,0.3325551616,0.65,1.2000000000000002
CAND-A072998D2CCACE,NIPPON_STEEL_JP,Nippon Steel,P1,PORT-0B2B029D958E,ACCELERATED_15C,308.018927,24488.356,79.502765,False,False,2035,23.580002640000004,-23.580002640000004,True,True,True,True,,0.0,0.0,0.0,2,2,0.3325551616,0.65,1.2000000000000002
CAND-A07C327FB5D4C4,NIPPON_STEEL_JP,Nippon Steel,P4,PORT-DF77606A395F,DISCLOSED_PATH,431.518975,46926.332,108.746856,True,False,,0.0,3.446647212967946e-06,False,False,True,True,2028,0.0,0.0,0.5400000000000009,2,2,0.5130317823999999,0.65,2.48
CAND-A07C327FB5D4C4,NIPPON_STEEL_JP,Nippon Steel,P4,PORT-DF77606A395F,ACCELERATED_15C,431.518975,41681.086,96.591548,False,False,2040,1.649996520000002,-1.649996520000002,True,True,True,True,,0.0,0.0,0.0,2,2,0.5130317823999999,0.65,2.48
CAND-A16BAAAB7617F6,NIPPON_STEEL_JP,Nippon Steel,P2,PORT-7C3E7675F8C1,DISCLOSED_PATH,473.878947,69210.186,146.05035,True,False,,0.0,3.446647212967946e-06,False,False,True,True,2029,0.0,0.04500000000000004,0.0,2,2,0.5333221247999997,0.65,2.6399999999999997
CAND-A16BAAAB7617F6,NIPPON_STEEL_JP,Nippon Steel,P2,PORT-7C3E7675F8C1,ACCELERATED_15C,473.878947,65673.359,138.586783,True,True,,0.0,3.446647212967946e-06,True,True,True,True,,0.0,0.0,0.0,2,2,0.5333221247999997,0.65,2.6399999999999997
CAND-A172D6A8611317,NIPPON_STEEL_JP,Nippon Steel,P1,PORT-E9DA8A4B2253,DISCLOSED_PATH,142.238969,20154.108,141.691886,False,False,2030,17.929997709999995,-17.929997709999995,True,True,True,True,,0.0,0.0,0.0,2,2,0.3035358208000001,0.65,1.0399999999999998
CAND-A172D6A8611317,NIPPON_STEEL_JP,Nippon Steel,P1,PORT-E9DA8A4B2253,ACCELERATED_15C,142.238969,19398.531,136.379861,False,False,2030,34.929997709999995,-34.929997709999995,True,True,True,True,,0.0,0.0,0.0,2,2,0.3035358208000001,0.65,1.0399999999999998
CAND-A1BF5773653AFB,NIPPON_STEEL_JP,Nippon Steel,P4,PORT-572ACD26A37B,DISCLOSED_PATH,269.348928,45041.875,167.225003,False,False,2030,0.6504345533527953,-0.6504345533527953,True,True,True,True,,0.0,0.0,0.0,2,2,0.49185925119999996,0.65,2.32
CAND-A1BF5773653AFB,NIPPON_STEEL_JP,Nippon Steel,P4,PORT-572ACD26A37B,ACCELERATED_15C,269.348928,41668.244,154.699868,False,False,2030,16.400001449999998,-16.400001449999998,True,True,True,True,,0.0,0.0,0.0,2,2,0.49185925119999996,0.65,2.32
CAND-A1E2AEA20D16FA,NIPPON_STEEL_JP,Nippon Steel,P4,PORT-BBE5D9D6F6B7,DISCLOSED_PATH,352.868939,47036.16,133.296401,False,False,2030,0.6504345533527953,-0.6504345533527953,True,True,True,True,,0.0,0.0,0.0,2,2,0.5130317823999999,0.65,2.48
CAND-A1E2AEA20D16FA,NIPPON_STEEL_JP,Nippon Steel,P4,PORT-BBE5D9D6F6B7,ACCELERATED_15C,352.868939,42547.841,120.576895,False,False,2030,10.650434553352795,-10.650434553352795,True,True,True,True,,0.0,0.0,0.0,2,2,0.5130317823999999,0.65,2.48
CAND-A3099F4F80838B,NIPPON_STEEL_JP,Nippon Steel,P4,PORT-BF3853971191,DISCLOSED_PATH,523.328941,105700.564,201.977294,True,False,,0.0,3.446647212967946e-06,False,False,True,True,2028,0.0,0.195,0.0,2,2,0.5659631103999999,0.65,2.96
CAND-A3099F4F80838B,NIPPON_STEEL_JP,Nippon Steel,P4,PORT-BF3853971191,ACCELERATED_15C,523.328941,99034.725,189.239916,True,True,,0.0,3.446647212967946e-06,True,True,True,True,,0.0,0.0,0.0,2,2,0.5659631103999999,0.65,2.96
CAND-A31573CB4DD5FB,NIPPON_STEEL_JP,Nippon Steel,P1,PORT-65D55D48FAB7,DISCLOSED_PATH,315.163964,60445.159,191.789564,True,False,,0.0,3.446647212967946e-06,False,False,True,True,2029,0.0,0.04500000000000004,0.0,2,2,0.4298908671999999,0.65,1.84
CAND-A31573CB4DD5FB,NIPPON_STEEL_JP,Nippon Steel,P1,PORT-65D55D48FAB7,ACCELERATED_15C,315.163964,59520.525,188.855744,False,False,2035,16.447753591632598,-16.447753591632598,True,True,True,True,,0.0,0.0,0.0,2,2,0.4298908671999999,0.65,1.84
CAND-A34FD48E452591,NIPPON_STEEL_JP,Nippon Steel,P3,PORT-0542A6FA3ED2,DISCLOSED_PATH,408.098937,68930.644,168.906698,True,False,,0.0,3.446647212967946e-06,False,False,True,True,2029,0.0,0.04500000000000004,0.0,2,2,0.4298908671999999,0.65,1.84
CAND-A34FD48E452591,NIPPON_STEEL_JP,Nippon Steel,P3,PORT-0542A6FA3ED2,ACCELERATED_15C,408.098937,65049.874,159.397314,False,False,2040,10.890001334999997,-10.890001334999997,True,True,True,True,,0.0,0.0,0.0,2,2,0.4298908671999999,0.65,1.84
CAND-A39C02B97269BF,NIPPON_STEEL_JP,Nippon Steel,P1,PORT-B93DF6AAC147,DISCLOSED_PATH,292.888964,22727.801,77.598692,False,False,2035,2.1977535916325976,-2.1977535916325976,True,True,True,True,,0.0,0.0,0.0,2,2,0.4298908671999999,0.65,1.84
CAND-A39C02B97269BF,NIPPON_STEEL_JP,Nippon Steel,P1,PORT-B93DF6AAC147,ACCELERATED_15C,292.888964,19853.586,67.785367,False,False,2035,18.697753591632598,-18.697753591632598,True,True,True,True,,0.0,0.0,0.0,2,2,0.4298908671999999,0.65,1.84
CAND-A4049CAD63EFF0,NIPPON_STEEL_JP,Nippon Steel,P1,PORT-66671902C8C2,DISCLOSED_PATH,413.228937,36747.338,88.92731,True,True,,0.0,3.446647212967946e-06,True,True,True,True,,0.0,0.0,0.0,2,2,0.45364541439999984,0.65,2.0
CAND-A4049CAD63EFF0,NIPPON_STEEL_JP,Nippon Steel,P1,PORT-66671902C8C2,ACCELERATED_15C,413.228937,32973.667,79.795156,False,False,2040,2.430001335,-2.430001335,True,True,True,True,,0.0,0.0,0.0,2,2,0.45364541439999984,0.65,2.0
CAND-A40AEF01F5A20E,NIPPON_STEEL_JP,Nippon Steel,P1,PORT-DC1ACF394B0E,DISCLOSED_PATH,237.953941,4597.015,19.318928,False,False,2030,1.6050008349999985,-1.6050008349999985,True,True,True,True,,0.0,0.0,0.0,2,2,0.28236113919999994,0.65,0.88
CAND-A40AEF01F5A20E,NIPPON_STEEL_JP,Nippon Steel,P1,PORT-DC1ACF394B0E,ACCELERATED_15C,237.953941,1158.896,4.870255,False,False,2030,18.605000835,-18.605000835,True,True,True,True,,0.0,0.0,0.0,2,2,0.28236113919999994,0.65,0.88
CAND-A4A67C24E4E5F1,NIPPON_STEEL_JP,Nippon Steel,P3,PORT-D2286B1543C0,DISCLOSED_PATH,346.438975,33320.863,96.181047,True,True,,0.0,3.446647212967946e-06,True,True,True,True,,0.0,0.0,0.0,2,2,0.4298908671999999,0.65,1.84
CAND-A4A67C24E4E5F1,NIPPON_STEEL_JP,Nippon Steel,P3,PORT-D2286B1543C0,ACCELERATED_15C,346.438975,29632.147,85.533525,False,False,2035,12.35999652,-12.35999652,True,True,True,True,,0.0,0.0,0.0,2,2,0.4298908671999999,0.65,1.84
CAND-A5A18E790E877E,NIPPON_STEEL_JP,Nippon Steel,P1,PORT-80CDBDD324C3,DISCLOSED_PATH,287.758964,59434.26,206.541819,False,False,2040,5.349998049999996,-5.349998049999996,False,False,True,True,2029,0.0,0.04500000000000004,0.0,2,2,0.40510351359999996,0.65,1.6800000000000002
CAND-A5A18E790E877E,NIPPON_STEEL_JP,Nippon Steel,P1,PORT-80CDBDD324C3,ACCELERATED_15C,287.758964,58925.807,204.774877,False,False,2035,22.349998049999996,-22.349998049999996,True,True,True,True,,0.0,0.0,0.0,2,2,0.40510351359999996,0.65,1.6800000000000002
CAND-A6AEE67C5D96D8,NIPPON_STEEL_JP,Nippon Steel,P4,PORT-E5E394FD5194,DISCLOSED_PATH,358.86894,55472.005,154.574552,False,False,2030,0.6504345533527953,-0.6504345533527953,True,True,True,True,,0.0,0.0,0.0,2,2,0.5130317823999999,0.65,2.48
CAND-A6AEE67C5D96D8,NIPPON_STEEL_JP,Nippon Steel,P4,PORT-E5E394FD5194,ACCELERATED_15C,358.86894,50940.829,141.94828,False,False,2030,10.650434553352795,-10.650434553352795,True,True,True,True,,0.0,0.0,0.0,2,2,0.5130317823999999,0.65,2.48
CAND-A6F29D4A505071,NIPPON_STEEL_JP,Nippon Steel,P1,PORT-C3B77CB55FA1,DISCLOSED_PATH,441.298944,58499.179,132.56134,True,True,,0.0,3.446647212967946e-06,True,True,True,True,,0.0,0.0,0.0,2,2,0.5130317823999999,0.65,2.48
CAND-A6F29D4A505071,NIPPON_STEEL_JP,Nippon Steel,P1,PORT-C3B77CB55FA1,ACCELERATED_15C,441.298944,55980.368,126.85362,False,False,2040,1.8199999200000008,-1.8199999200000008,True,True,True,True,,0.0,0.0,0.0,2,2,0.5130317823999999,0.65,2.48
CAND-A80883C801D1FB,NIPPON_STEEL_JP,Nippon Steel,P5,PORT-7BDFEA64D7FE,DISCLOSED_PATH,460.768975,86312.282,187.322251,True,False,,0.0,3.446647212967946e-06,False,False,True,True,2028,0.0,0.195,0.0,2,2,0.5659631103999998,0.65,2.96
CAND-A80883C801D1FB,NIPPON_STEEL_JP,Nippon Steel,P5,PORT-7BDFEA64D7FE,ACCELERATED_15C,460.768975,77604.064,168.422936,True,True,,0.0,3.446647212967946e-06,True,True,True,True,,0.0,0.0,0.0,2,2,0.5659631103999998,0.65,2.96
CAND-A87BC5624723AE,NIPPON_STEEL_JP,Nippon Steel,P1,PORT-2680632EAC61,DISCLOSED_PATH,396.073938,62374.476,157.4819,True,False,,0.0,3.446647212967946e-06,False,False,True,True,2029,0.0,0.04500000000000004,0.0,2,2,0.45364541439999984,0.65,2.0
CAND-A87BC5624723AE,NIPPON_STEEL_JP,Nippon Steel,P1,PORT-2680632EAC61,ACCELERATED_15C,396.073938,60353.848,152.380255,False,False,2035,7.457756491632594,-7.457756491632594,True,True,True,True,,0.0,0.0,0.0,2,2,0.45364541439999984,0.65,2.0
CAND-A8C1C8FB177B24,NIPPON_STEEL_JP,Nippon Steel,P2,PORT-1EBC013E33C4,DISCLOSED_PATH,387.748933,45009.472,116.078907,True,True,,0.0,3.446647212967946e-06,True,True,True,True,,0.0,0.0,0.0,2,2,0.5130317823999999,0.65,2.48
CAND-A8C1C8FB177B24,NIPPON_STEEL_JP,Nippon Steel,P2,PORT-1EBC013E33C4,ACCELERATED_15C,387.748933,41782.194,107.755793,False,False,2035,8.157756991632596,-8.157756991632596,True,True,True,True,,0.0,0.0,0.0,2,2,0.5130317823999999,0.65,2.48
CAND-A9F694000C573B,NIPPON_STEEL_JP,Nippon Steel,P3,PORT-A01C697020EC,DISCLOSED_PATH,440.228937,76304.698,173.329583,True,False,,0.0,3.446647212967946e-06,False,False,True,True,2029,0.0,0.04500000000000004,0.0,2,2,0.5130317823999999,0.65,2.48
CAND-A9F694000C573B,NIPPON_STEEL_JP,Nippon Steel,P3,PORT-A01C697020EC,ACCELERATED_15C,440.228937,72174.327,163.947257,False,False,2040,0.18000133500000004,-0.18000133500000004,True,True,True,True,,0.0,0.0,0.0,2,2,0.5130317823999999,0.65,2.48
CAND-AA201D78A69C97,NIPPON_STEEL_JP,Nippon Steel,P1,PORT-FE4A29318357,DISCLOSED_PATH,177.238973,12685.455,71.572604,False,False,2030,10.209996744999998,-10.209996744999998,True,True,True,True,,0.0,0.0,0.0,2,2,0.3325551616,0.65,1.2000000000000002
CAND-AA201D78A69C97,NIPPON_STEEL_JP,Nippon Steel,P1,PORT-FE4A29318357,ACCELERATED_15C,177.238973,10823.905,61.069556,False,False,2030,27.209996744999998,-27.209996744999998,True,True,True,True,,0.0,0.0,0.0,2,2,0.3325551616,0.65,1.2000000000000002
CAND-AA867AB6810354,NIPPON_STEEL_JP,Nippon Steel,P1,PORT-FD5E6449BCF2,DISCLOSED_PATH,212.473938,13878.325,65.317774,False,False,2030,6.257756491632598,-6.257756491632598,True,True,True,True,,0.0,0.0,0.0,2,2,0.3603653632,0.65,1.3599999999999999
CAND-AA867AB6810354,NIPPON_STEEL_JP,Nippon Steel,P1,PORT-FD5E6449BCF2,ACCELERATED_15C,212.473938,11520.66,54.221519,False,False,2030,22.7577564916326,-22.7577564916326,True,True,True,True,,0.0,0.0,0.0,2,2,0.3603653632,0.65,1.3599999999999999
CAND-AA98BAFB12E3F4,NIPPON_STEEL_JP,Nippon Steel,P1,PORT-5973B725938E,DISCLOSED_PATH,131.563964,11949.008,90.822799,False,False,2030,15.247753591632602,-15.247753591632602,True,True,True,True,,0.0,0.0,0.0,2,2,0.3325551616,0.65,1.1999999999999997
CAND-AA98BAFB12E3F4,NIPPON_STEEL_JP,Nippon Steel,P1,PORT-5973B725938E,ACCELERATED_15C,131.563964,10687.337,81.233011,False,False,2030,31.747753591632602,-31.747753591632602,True,True,True,True,,0.0,0.0,0.0,2,2,0.3325551616,0.65,1.1999999999999997
CAND-AAC57BEDADCD0F,NIPPON_STEEL_JP,Nippon Steel,P2,PORT-A880789F3FB0,DISCLOSED_PATH,217.243975,31443.846,144.739786,False,False,2030,3.007752061632594,-3.007752061632594,True,True,True,True,,0.0,0.0,0.0,2,2,0.4298908671999999,0.65,1.84
CAND-AAC57BEDADCD0F,NIPPON_STEEL_JP,Nippon Steel,P2,PORT-A880789F3FB0,ACCELERATED_15C,217.243975,29922.276,137.735814,False,False,2030,19.507752061632594,-19.507752061632594,True,True,True,True,,0.0,0.0,0.0,2,2,0.4298908671999999,0.65,1.84
CAND-AACAF0B8F674CC,NIPPON_STEEL_JP,Nippon Steel,P2,PORT-23A278D911DA,DISCLOSED_PATH,136.288964,18293.674,134.227109,False,False,2030,15.247753591632602,-15.247753591632602,True,True,True,True,,0.0,0.0,0.0,2,2,0.40510351359999996,0.65,1.6799999999999997
CAND-AACAF0B8F674CC,NIPPON_STEEL_JP,Nippon Steel,P2,PORT-23A278D911DA,ACCELERATED_15C,136.288964,17193.402,126.154032,False,False,2030,31.747753591632602,-31.747753591632602,True,True,True,True,,0.0,0.0,0.0,2,2,0.40510351359999996,0.65,1.6799999999999997
CAND-ABCE7BE65605CB,NIPPON_STEEL_JP,Nippon Steel,P3,PORT-8F73C471E8F1,DISCLOSED_PATH,353.198932,54623.967,154.654962,True,False,,0.0,3.446647212967946e-06,False,False,True,True,2029,0.0,0.04500000000000004,0.0,2,2,0.4298908671999999,0.65,1.84
CAND-ABCE7BE65605CB,NIPPON_STEEL_JP,Nippon Steel,P3,PORT-8F73C471E8F1,ACCELERATED_15C,353.198932,51037.792,144.501547,False,False,2035,12.170002140000001,-12.170002140000001,True,True,True,True,,0.0,0.0,0.0,2,2,0.4298908671999999,0.65,1.84
CAND-AC9B3F8551A8C3,NIPPON_STEEL_JP,Nippon Steel,P2,PORT-65A3C210607A,DISCLOSED_PATH,226.423933,34409.668,151.9701,False,False,2030,4.7077569916326,-4.7077569916326,True,True,True,True,,0.0,0.0,0.0,2,2,0.4298908672,0.65,1.8399999999999999
CAND-AC9B3F8551A8C3,NIPPON_STEEL_JP,Nippon Steel,P2,PORT-65A3C210607A,ACCELERATED_15C,226.423933,32868.037,145.161498,False,False,2030,21.2077569916326,-21.2077569916326,True,True,True,True,,0.0,0.0,0.0,2,2,0.4298908672,0.65,1.8399999999999999
CAND-ACCBEB1200C36E,NIPPON_STEEL_JP,Nippon Steel,P3,PORT-BE01C0E85B02,DISCLOSED_PATH,393.798937,55701.078,141.445476,True,False,,0.0,3.446647212967946e-06,False,False,True,True,2029,0.0,0.04500000000000004,0.0,2,2,0.45364541439999984,0.65,2.0
CAND-ACCBEB1200C36E,NIPPON_STEEL_JP,Nippon Steel,P3,PORT-BE01C0E85B02,ACCELERATED_15C,393.798937,51539.717,130.878254,False,False,2035,7.457756491632594,-7.457756491632594,True,True,True,True,,0.0,0.0,0.0,2,2,0.45364541439999984,0.65,2.0
CAND-AD561F240660DE,NIPPON_STEEL_JP,Nippon Steel,P3,PORT-308D82D12417,DISCLOSED_PATH,183.548927,29147.751,158.80099,False,False,2030,8.92000264,-8.92000264,True,True,True,True,,0.0,0.0,0.0,2,2,0.40510351359999996,0.65,1.68
CAND-AD561F240660DE,NIPPON_STEEL_JP,Nippon Steel,P3,PORT-308D82D12417,ACCELERATED_15C,183.548927,27372.934,149.131542,False,False,2030,25.92000264,-25.92000264,True,True,True,True,,0.0,0.0,0.0,2,2,0.40510351359999996,0.65,1.68
CAND-ADBC3B65A5023A,NIPPON_STEEL_JP,Nippon Steel,P3,PORT-F4B33CB2315F,DISCLOSED_PATH,269.228938,48169.807,178.917644,False,False,2030,0.6504345533527953,-0.6504345533527953,True,True,True,True,,0.0,0.0,0.0,2,2,0.49185925119999996,0.65,2.32
CAND-ADBC3B65A5023A,NIPPON_STEEL_JP,Nippon Steel,P3,PORT-F4B33CB2315F,ACCELERATED_15C,269.228938,45869.938,170.375213,False,False,2030,13.68000111,-13.68000111,True,True,True,True,,0.0,0.0,0.0,2,2,0.49185925119999996,0.65,2.32
CAND-AF268558E5BD63,NIPPON_STEEL_JP,Nippon Steel,P3,PORT-BA0215B7029E,DISCLOSED_PATH,434.298943,45861.061,105.597912,True,True,,0.0,3.446647212967946e-06,True,True,True,True,,0.0,0.0,0.0,2,2,0.45364541439999984,0.65,2.0
CAND-AF268558E5BD63,NIPPON_STEEL_JP,Nippon Steel,P3,PORT-BA0215B7029E,ACCELERATED_15C,434.298943,41275.001,95.038226,False,False,2040,3.2200000949999996,-3.2200000949999996,True,True,True,True,,0.0,0.0,0.0,2,2,0.45364541439999984,0.65,2.0
CAND-AF50008FB1C41E,NIPPON_STEEL_JP,Nippon Steel,P2,PORT-368F661604FE,DISCLOSED_PATH,340.643967,49914.59,146.530087,True,False,,0.0,3.446647212967946e-06,False,False,True,True,2029,0.0,0.04500000000000004,0.0,2,2,0.3603653631999999,0.65,1.36
CAND-AF50008FB1C41E,NIPPON_STEEL_JP,Nippon Steel,P2,PORT-368F661604FE,ACCELERATED_15C,340.643967,47239.825,138.678003,False,False,2035,12.294997935000001,-12.294997935000001,True,True,True,True,,0.0,0.0,0.0,2,2,0.3603653631999999,0.65,1.36
CAND-AF65370993A1AE,NIPPON_STEEL_JP,Nippon Steel,P4,PORT-CADBD0074A18,DISCLOSED_PATH,536.268944,73898.487,137.801169,True,False,,0.0,3.446647212967946e-06,False,False,True,True,2028,0.0,0.195,0.0,2,2,0.5333221247999997,0.65,2.6399999999999997
CAND-AF65370993A1AE,NIPPON_STEEL_JP,Nippon Steel,P4,PORT-CADBD0074A18,ACCELERATED_15C,536.268944,66841.254,124.641293,True,True,,0.0,3.446647212967946e-06,True,True,True,True,,0.0,0.0,0.0,2,2,0.5333221247999997,0.65,2.6399999999999997
CAND-AF8D877EBBC87E,NIPPON_STEEL_JP,Nippon Steel,P1,PORT-37552B5B74E9,DISCLOSED_PATH,376.023932,29305.746,77.935852,True,True,,0.0,3.446647212967946e-06,True,True,True,True,,0.0,0.0,0.0,2,2,0.3870168063999999,0.65,1.52
CAND-AF8D877EBBC87E,NIPPON_STEEL_JP,Nippon Steel,P1,PORT-37552B5B74E9,ACCELERATED_15C,376.023932,25572.998,68.008964,False,False,2035,8.157756991632596,-8.157756991632596,True,True,True,True,,0.0,0.0,0.0,2,2,0.3870168063999999,0.65,1.52
CAND-B0B4D01483D0EA,NIPPON_STEEL_JP,Nippon Steel,P1,PORT-F7D0A7E47A59,DISCLOSED_PATH,438.878943,78353.7,178.531464,True,False,,0.0,3.446647212967946e-06,False,False,True,True,2029,0.0,0.04500000000000004,0.0,2,2,0.5130317823999999,0.65,2.48
CAND-B0B4D01483D0EA,NIPPON_STEEL_JP,Nippon Steel,P1,PORT-F7D0A7E47A59,ACCELERATED_15C,438.878943,76819.066,175.034749,True,True,,0.0,3.446647212967946e-06,True,True,True,True,,0.0,0.0,0.0,2,2,0.5130317823999999,0.65,2.48
CAND-B0C5BA20CD50B8,NIPPON_STEEL_JP,Nippon Steel,P2,PORT-F37E5039B6ED,DISCLOSED_PATH,400.798938,67460.628,168.315386,True,False,,0.0,3.446647212967946e-06,False,False,True,True,2029,0.0,0.04500000000000004,0.0,2,2,0.5130317823999999,0.65,2.48
CAND-B0C5BA20CD50B8,NIPPON_STEEL_JP,Nippon Steel,P2,PORT-F37E5039B6ED,ACCELERATED_15C,400.798938,64934.892,162.013633,False,False,2035,7.457756491632594,-7.457756491632594,True,True,True,True,,0.0,0.0,0.0,2,2,0.5130317823999999,0.65,2.48
CAND-B14D627240478B,NIPPON_STEEL_JP,Nippon Steel,P3,PORT-1D7419482A7C,DISCLOSED_PATH,382.618933,77568.121,202.729437,True,False,,0.0,3.446647212967946e-06,False,False,True,True,2029,0.0,0.04500000000000004,0.0,2,2,0.49185925119999996,0.65,2.3200000000000003
CAND-B14D627240478B,NIPPON_STEEL_JP,Nippon Steel,P3,PORT-1D7419482A7C,ACCELERATED_15C,382.618933,74397.147,194.441887,False,False,2035,11.810001449999998,-11.810001449999998,True,True,True,True,,0.0,0.0,0.0,2,2,0.49185925119999996,0.65,2.3200000000000003
CAND-B1A20F8DC9BAF0,NIPPON_STEEL_JP,Nippon Steel,P1,PORT-1EBC013E33C4,DISCLOSED_PATH,387.748933,46028.647,118.707347,True,True,,0.0,3.446647212967946e-06,True,True,True,True,,0.0,0.0,0.0,2,2,0.5130317823999999,0.65,2.48
CAND-B1A20F8DC9BAF0,NIPPON_STEEL_JP,Nippon Steel,P1,PORT-1EBC013E33C4,ACCELERATED_15C,387.748933,43335.431,111.761573,False,False,2035,8.157756991632596,-8.157756991632596,True,True,True,True,,0.0,0.0,0.0,2,2,0.5130317823999999,0.65,2.48
CAND-B1FD7EE328AFB3,NIPPON_STEEL_JP,Nippon Steel,P3,PORT-222858394A63,DISCLOSED_PATH,483.103943,80342.872,166.305561,True,False,,0.0,3.446647212967946e-06,False,False,True,True,2029,0.0,0.04500000000000004,0.0,2,2,0.5333221247999999,0.65,2.6399999999999997
CAND-B1FD7EE328AFB3,NIPPON_STEEL_JP,Nippon Steel,P3,PORT-222858394A63,ACCELERATED_15C,483.103943,75753.353,156.805495,True,True,,0.0,3.446647212967946e-06,True,True,True,True,,0.0,0.0,0.0,2,2,0.5333221247999999,0.65,2.6399999999999997
CAND-B229B77E507EA7,NIPPON_STEEL_JP,Nippon Steel,P3,PORT-EB7921B0B4D7,DISCLOSED_PATH,447.348948,67349.08,150.551556,True,False,,0.0,3.446647212967946e-06,False,False,True,True,2029,0.0,0.04500000000000004,0.0,2,2,0.45364541439999984,0.65,2.0
CAND-B229B77E507EA7,NIPPON_STEEL_JP,Nippon Steel,P3,PORT-EB7921B0B4D7,ACCELERATED_15C,447.348948,62912.268,140.633545,False,False,2040,2.5199995950000016,-2.5199995950000016,True,True,True,True,,0.0,0.0,0.0,2,2,0.45364541439999984,0.65,2.0
CAND-B22DEBDE0F4599,NIPPON_STEEL_JP,Nippon Steel,P1,PORT-9961527CE1F4,DISCLOSED_PATH,407.153943,27109.893,66.583889,True,True,,0.0,3.446647212967946e-06,True,True,True,True,,0.0,0.0,0.0,2,2,0.3870168063999999,0.65,1.52
CAND-B22DEBDE0F4599,NIPPON_STEEL_JP,Nippon Steel,P1,PORT-9961527CE1F4,ACCELERATED_15C,407.153943,22833.515,56.08079,False,False,2040,3.7550006099999997,-3.7550006099999997,True,True,True,True,,0.0,0.0,0.0,2,2,0.3870168063999999,0.65,1.52
CAND-B29479DE3D58D1,NIPPON_STEEL_JP,Nippon Steel,P4,PORT-A2B0FFE0DDD5,DISCLOSED_PATH,494.648932,83525.219,168.857574,True,False,,0.0,3.446647212967946e-06,False,False,True,True,2028,0.0,0.195,0.0,2,2,0.5130317823999999,0.65,2.48
CAND-B29479DE3D58D1,NIPPON_STEEL_JP,Nippon Steel,P4,PORT-A2B0FFE0DDD5,ACCELERATED_15C,494.648932,76974.112,155.613622,False,False,2040,0.18000133500000004,-0.18000133500000004,True,True,True,True,,0.0,0.0,0.0,2,2,0.5130317823999999,0.65,2.48
CAND-B2E9425C31AD97,NIPPON_STEEL_JP,Nippon Steel,P3,PORT-9A7A6B9EB781,DISCLOSED_PATH,295.878948,29321.287,99.098931,False,False,2030,0.6504345533527953,-0.6504345533527953,True,True,True,True,,0.0,0.0,0.0,2,2,0.45364541439999984,0.65,2.0
CAND-B2E9425C31AD97,NIPPON_STEEL_JP,Nippon Steel,P3,PORT-9A7A6B9EB781,ACCELERATED_15C,295.878948,25987.322,87.830927,False,False,2030,10.650434553352795,-10.650434553352795,True,True,True,True,,0.0,0.0,0.0,2,2,0.45364541439999984,0.65,2.0
CAND-B31BA7041C68D6,NIPPON_STEEL_JP,Nippon Steel,P2,PORT-523FC992190F,DISCLOSED_PATH,410.023933,81648.017,199.12988,True,False,,0.0,3.446647212967946e-06,False,False,True,True,2029,0.0,0.04500000000000004,0.0,2,2,0.5130317823999999,0.65,2.4800000000000004
CAND-B31BA7041C68D6,NIPPON_STEEL_JP,Nippon Steel,P2,PORT-523FC992190F,ACCELERATED_15C,410.023933,79768.485,194.545924,False,False,2035,5.907756991632596,-5.907756991632596,True,True,True,True,,0.0,0.0,0.0,2,2,0.5130317823999999,0.65,2.4800000000000004
CAND-B31E5405885F73,NIPPON_STEEL_JP,Nippon Steel,P2,PORT-F4B33CB2315F,DISCLOSED_PATH,269.228938,49984.362,185.657464,False,False,2030,0.6504345533527953,-0.6504345533527953,True,True,True,True,,0.0,0.0,0.0,2,2,0.49185925119999996,0.65,2.32
CAND-B31E5405885F73,NIPPON_STEEL_JP,Nippon Steel,P2,PORT-F4B33CB2315F,ACCELERATED_15C,269.228938,48708.202,180.91741,False,False,2030,13.68000111,-13.68000111,True,True,True,True,,0.0,0.0,0.0,2,2,0.49185925119999996,0.65,2.32
CAND-B352D420C595F5,NIPPON_STEEL_JP,Nippon Steel,P3,PORT-41756371AE05,DISCLOSED_PATH,421.103938,45803.602,108.7703,True,True,,0.0,3.446647212967946e-06,True,True,True,True,,0.0,0.0,0.0,2,2,0.45364541439999984,0.65,2.0
CAND-B352D420C595F5,NIPPON_STEEL_JP,Nippon Steel,P3,PORT-41756371AE05,ACCELERATED_15C,421.103938,41377.287,98.259084,False,False,2040,2.2050011100000013,-2.2050011100000013,True,True,True,True,,0.0,0.0,0.0,2,2,0.45364541439999984,0.65,2.0
CAND-B45A0EBD702722,NIPPON_STEEL_JP,Nippon Steel,P2,PORT-9A7A6B9EB781,DISCLOSED_PATH,295.878948,30271.532,102.310532,False,False,2030,0.6504345533527953,-0.6504345533527953,True,True,True,True,,0.0,0.0,0.0,2,2,0.45364541439999984,0.65,2.0
CAND-B45A0EBD702722,NIPPON_STEEL_JP,Nippon Steel,P2,PORT-9A7A6B9EB781,ACCELERATED_15C,295.878948,27467.466,92.833459,False,False,2030,10.650434553352795,-10.650434553352795,True,True,True,True,,0.0,0.0,0.0,2,2,0.45364541439999984,0.65,2.0
CAND-B470DA58075115,NIPPON_STEEL_JP,Nippon Steel,P1,PORT-B446DE621925,DISCLOSED_PATH,474.753948,72659.454,153.046551,True,False,,0.0,3.446647212967946e-06,False,False,True,True,2029,0.0,0.04500000000000004,0.0,2,2,0.47641018879999986,0.65,2.16
CAND-B470DA58075115,NIPPON_STEEL_JP,Nippon Steel,P1,PORT-B446DE621925,ACCELERATED_15C,474.753948,70149.683,147.760084,True,True,,0.0,3.446647212967946e-06,True,True,True,True,,0.0,0.0,0.0,2,2,0.47641018879999986,0.65,2.16
CAND-B47AF469E255D4,NIPPON_STEEL_JP,Nippon Steel,P1,PORT-210D478A7CBE,DISCLOSED_PATH,83.963958,920.351,10.961268,False,False,2030,21.034999239999998,-21.034999239999998,True,True,True,True,,0.0,0.0,0.0,2,2,0.21860116480000003,0.65,0.56
CAND-B47AF469E255D4,NIPPON_STEEL_JP,Nippon Steel,P1,PORT-210D478A7CBE,ACCELERATED_15C,83.963958,-405.713,-4.83199,False,False,2030,38.03499924,-38.03499924,True,True,True,True,,0.0,0.0,0.0,2,2,0.21860116480000003,0.65,0.56
CAND-B499B90F75E28A,NIPPON_STEEL_JP,Nippon Steel,P1,PORT-4BEB733387A3,DISCLOSED_PATH,362.073937,7934.216,21.913248,True,False,,0.0,3.446647212967946e-06,False,False,True,True,2036,3.2699989650000028,0.0,0.0,2,2,0.31226275839999995,0.65,1.04
CAND-B499B90F75E28A,NIPPON_STEEL_JP,Nippon Steel,P1,PORT-4BEB733387A3,ACCELERATED_15C,362.073937,2924.476,8.077013,False,False,2035,9.707756491632594,-9.707756491632594,True,True,True,True,,0.0,0.0,0.0,2,2,0.31226275839999995,0.65,1.04
CAND-B502D8A5621BDC,NIPPON_STEEL_JP,Nippon Steel,P1,PORT-F4B33CB2315F,DISCLOSED_PATH,269.228938,51229.078,190.280727,False,False,2030,0.6504345533527953,-0.6504345533527953,True,True,True,True,,0.0,0.0,0.0,2,2,0.49185925119999996,0.65,2.32
CAND-B502D8A5621BDC,NIPPON_STEEL_JP,Nippon Steel,P1,PORT-F4B33CB2315F,ACCELERATED_15C,269.228938,50634.4,188.071907,False,False,2030,13.68000111,-13.68000111,True,True,True,True,,0.0,0.0,0.0,2,2,0.49185925119999996,0.65,2.32
CAND-B5623E60BE66EE,NIPPON_STEEL_JP,Nippon Steel,P1,PORT-65A3C210607A,DISCLOSED_PATH,226.423933,35249.854,155.680779,False,False,2030,4.7077569916326,-4.7077569916326,True,True,True,True,,0.0,0.0,0.0,2,2,0.4298908672,0.65,1.8399999999999999
CAND-B5623E60BE66EE,NIPPON_STEEL_JP,Nippon Steel,P1,PORT-65A3C210607A,ACCELERATED_15C,226.423933,34169.182,150.907994,False,False,2030,21.2077569916326,-21.2077569916326,True,True,True,True,,0.0,0.0,0.0,2,2,0.4298908672,0.65,1.8399999999999999
CAND-B5A275DA214AE0,NIPPON_STEEL_JP,Nippon Steel,P3,PORT-1EBC013E33C4,DISCLOSED_PATH,387.748933,43528.526,112.259563,True,True,,0.0,3.446647212967946e-06,True,True,True,True,,0.0,0.0,0.0,2,2,0.5130317823999999,0.65,2.48
CAND-B5A275DA214AE0,NIPPON_STEEL_JP,Nippon Steel,P3,PORT-1EBC013E33C4,ACCELERATED_15C,387.748933,39499.792,101.869505,False,False,2035,8.157756991632596,-8.157756991632596,True,True,True,True,,0.0,0.0,0.0,2,2,0.5130317823999999,0.65,2.48
CAND-B5E3210A8075A7,NIPPON_STEEL_JP,Nippon Steel,P3,PORT-271F6DA1D846,DISCLOSED_PATH,297.228942,31979.962,107.593701,False,False,2030,0.6504345533527953,-0.6504345533527953,True,True,True,True,,0.0,0.0,0.0,2,2,0.45364541439999984,0.65,1.9999999999999998
CAND-B5E3210A8075A7,NIPPON_STEEL_JP,Nippon Steel,P3,PORT-271F6DA1D846,ACCELERATED_15C,297.228942,28626.853,96.31247,False,False,2030,10.767755686632597,-10.767755686632597,True,True,True,True,,0.0,0.0,0.0,2,2,0.45364541439999984,0.65,1.9999999999999998
CAND-B5EEF31DCD1B38,NIPPON_STEEL_JP,Nippon Steel,P2,PORT-9D11099D9A8A,DISCLOSED_PATH,403.023932,71949.927,178.525196,True,False,,0.0,3.446647212967946e-06,False,False,True,True,2029,0.0,0.04500000000000004,0.0,2,2,0.45364541439999984,0.65,2.0
CAND-B5EEF31DCD1B38,NIPPON_STEEL_JP,Nippon Steel,P2,PORT-9D11099D9A8A,ACCELERATED_15C,403.023932,69571.372,172.623427,False,False,2035,5.907756991632596,-5.907756991632596,True,True,True,True,,0.0,0.0,0.0,2,2,0.45364541439999984,0.65,2.0
CAND-B6864B0F56CE92,NIPPON_STEEL_JP,Nippon Steel,P3,PORT-EFA421F0E7E7,DISCLOSED_PATH,406.748943,66271.97,162.930896,True,False,,0.0,3.446647212967946e-06,False,False,True,True,2029,0.0,0.04500000000000004,0.0,2,2,0.4298908671999999,0.65,1.84
CAND-B6864B0F56CE92,NIPPON_STEEL_JP,Nippon Steel,P3,PORT-EFA421F0E7E7,ACCELERATED_15C,406.748943,62410.343,153.437014,False,False,2040,10.640000609999998,-10.640000609999998,True,True,True,True,,0.0,0.0,0.0,2,2,0.4298908671999999,0.65,1.84
CAND-B6A7146B96D09E,NIPPON_STEEL_JP,Nippon Steel,P2,PORT-EB7921B0B4D7,DISCLOSED_PATH,447.348948,69898.685,156.250921,True,False,,0.0,3.446647212967946e-06,False,False,True,True,2029,0.0,0.04500000000000004,0.0,2,2,0.45364541439999984,0.65,2.0
CAND-B6A7146B96D09E,NIPPON_STEEL_JP,Nippon Steel,P2,PORT-EB7921B0B4D7,ACCELERATED_15C,447.348948,66868.562,149.47741,False,False,2040,2.5199995950000016,-2.5199995950000016,True,True,True,True,,0.0,0.0,0.0,2,2,0.45364541439999984,0.65,2.0
CAND-B6C07864D5DB03,NIPPON_STEEL_JP,Nippon Steel,P2,PORT-271F6DA1D846,DISCLOSED_PATH,297.228942,33058.306,111.221693,False,False,2030,0.6504345533527953,-0.6504345533527953,True,True,True,True,,0.0,0.0,0.0,2,2,0.45364541439999984,0.65,1.9999999999999998
CAND-B6C07864D5DB03,NIPPON_STEEL_JP,Nippon Steel,P2,PORT-271F6DA1D846,ACCELERATED_15C,297.228942,30310.653,101.977461,False,False,2030,10.767755686632597,-10.767755686632597,True,True,True,True,,0.0,0.0,0.0,2,2,0.45364541439999984,0.65,1.9999999999999998
CAND-B6CFF5D1003AA2,NIPPON_STEEL_JP,Nippon Steel,P1,PORT-E15546E58A74,DISCLOSED_PATH,281.163963,6004.899,21.357285,False,False,2035,2.1977535916325976,-2.1977535916325976,True,True,True,True,,0.0,0.0,0.0,2,2,0.28236113919999994,0.65,0.88
CAND-B6CFF5D1003AA2,NIPPON_STEEL_JP,Nippon Steel,P1,PORT-E15546E58A74,ACCELERATED_15C,281.163963,2091.153,7.437487,False,False,2035,18.697753591632598,-18.697753591632598,True,True,True,True,,0.0,0.0,0.0,2,2,0.28236113919999994,0.65,0.88
CAND-B6ED0A4F1AD329,NIPPON_STEEL_JP,Nippon Steel,P1,PORT-20A2D678A278,DISCLOSED_PATH,488.703943,94030.984,192.408891,True,False,,0.0,3.446647212967946e-06,False,False,True,True,2029,0.0,0.04500000000000004,0.0,2,2,0.5333221247999999,0.65,2.6399999999999997
CAND-B6ED0A4F1AD329,NIPPON_STEEL_JP,Nippon Steel,P1,PORT-20A2D678A278,ACCELERATED_15C,488.703943,92798.205,189.886344,True,True,,0.0,3.446647212967946e-06,True,True,True,True,,0.0,0.0,0.0,2,2,0.5333221247999999,0.65,2.6399999999999997
CAND-B71CA66E786986,NIPPON_STEEL_JP,Nippon Steel,P1,PORT-660C8FC45CB6,DISCLOSED_PATH,326.838972,6741.346,20.625894,True,False,,0.0,3.446647212967946e-06,False,False,True,True,2036,1.1500011400000005,0.0,0.0,2,2,0.28236113919999994,0.65,0.8799999999999999
CAND-B71CA66E786986,NIPPON_STEEL_JP,Nippon Steel,P1,PORT-660C8FC45CB6,ACCELERATED_15C,326.838972,2227.722,6.815961,False,False,2035,15.559996920000003,-15.559996920000003,True,True,True,True,,0.0,0.0,0.0,2,2,0.28236113919999994,0.65,0.8799999999999999
CAND-B807998B472495,NIPPON_STEEL_JP,Nippon Steel,P1,PORT-51DBF7B285C6,DISCLOSED_PATH,286.238967,5672.368,19.816895,False,False,2040,6.679997935000003,-6.679997935000003,True,True,True,True,,0.0,0.0,0.0,2,2,0.25115944960000003,0.65,0.72
CAND-B807998B472495,NIPPON_STEEL_JP,Nippon Steel,P1,PORT-51DBF7B285C6,ACCELERATED_15C,286.238967,1737.798,6.071146,False,False,2035,23.679997935000003,-23.679997935000003,True,True,True,True,,0.0,0.0,0.0,2,2,0.25115944960000003,0.65,0.72
CAND-B823BC760F6383,NIPPON_STEEL_JP,Nippon Steel,P1,PORT-4E4FEFA22A10,DISCLOSED_PATH,104.158964,10938.108,105.013605,False,False,2030,20.649998049999994,-20.649998049999994,True,True,True,True,,0.0,0.0,0.0,2,2,0.3035358208000001,0.65,1.0399999999999998
CAND-B823BC760F6383,NIPPON_STEEL_JP,Nippon Steel,P1,PORT-4E4FEFA22A10,ACCELERATED_15C,104.158964,10092.619,96.896303,False,False,2030,37.649998049999994,-37.649998049999994,True,True,True,True,,0.0,0.0,0.0,2,2,0.3035358208000001,0.65,1.0399999999999998
CAND-B8A9A62777DA49,NIPPON_STEEL_JP,Nippon Steel,P2,PORT-C84D6A8C133A,DISCLOSED_PATH,272.288958,54762.203,201.117972,False,False,2040,4.1599992399999906,-4.1599992399999906,False,False,True,True,2029,0.0,0.04500000000000004,0.0,2,2,0.40510351359999996,0.65,1.68
CAND-B8A9A62777DA49,NIPPON_STEEL_JP,Nippon Steel,P2,PORT-C84D6A8C133A,ACCELERATED_15C,272.288958,53402.619,196.124806,False,False,2035,21.15999923999999,-21.15999923999999,True,True,True,True,,0.0,0.0,0.0,2,2,0.40510351359999996,0.65,1.68
CAND-B90AF35489B1E5,NIPPON_STEEL_JP,Nippon Steel,P2,PORT-D6A44514D4F3,DISCLOSED_PATH,237.098938,42373.166,178.715123,False,False,2030,7.39000111,-7.39000111,True,True,True,True,,0.0,0.0,0.0,2,2,0.4051035136000001,0.65,1.68
CAND-B90AF35489B1E5,NIPPON_STEEL_JP,Nippon Steel,P2,PORT-D6A44514D4F3,ACCELERATED_15C,237.098938,41208.851,173.80445,False,False,2030,24.39000111,-24.39000111,True,True,True,True,,0.0,0.0,0.0,2,2,0.4051035136000001,0.65,1.68
CAND-BA3F868F9BCBE8,NIPPON_STEEL_JP,Nippon Steel,P5,PORT-EE44ED4FFBEB,DISCLOSED_PATH,557.76894,98703.616,176.961479,True,False,,0.0,3.446647212967946e-06,False,False,True,True,2028,0.0,0.195,0.0,2,2,0.5840479807999999,0.65,3.12
CAND-BA3F868F9BCBE8,NIPPON_STEEL_JP,Nippon Steel,P5,PORT-EE44ED4FFBEB,ACCELERATED_15C,557.76894,88292.509,158.295851,True,True,,0.0,3.446647212967946e-06,True,True,True,True,,0.0,0.0,0.0,2,2,0.5840479807999999,0.65,3.12
CAND-BAFCA90B2AFC1C,NIPPON_STEEL_JP,Nippon Steel,P1,PORT-FD7D021B62CB,DISCLOSED_PATH,290.278947,22388.895,77.128898,False,False,2030,0.6504345533527953,-0.6504345533527953,True,True,True,True,,0.0,0.0,0.0,2,2,0.45364541439999984,0.65,2.0
CAND-BAFCA90B2AFC1C,NIPPON_STEEL_JP,Nippon Steel,P1,PORT-FD7D021B62CB,ACCELERATED_15C,290.278947,19411.252,66.87103,False,False,2030,12.317755186632596,-12.317755186632596,True,True,True,True,,0.0,0.0,0.0,2,2,0.45364541439999984,0.65,2.0
CAND-BB1980A1B6CB5D,NIPPON_STEEL_JP,Nippon Steel,P1,PORT-0650AB6C64AE,DISCLOSED_PATH,408.503937,29984.113,73.399815,True,True,,0.0,3.446647212967946e-06,True,True,True,True,,0.0,0.0,0.0,2,2,0.3870168063999999,0.65,1.52
CAND-BB1980A1B6CB5D,NIPPON_STEEL_JP,Nippon Steel,P1,PORT-0650AB6C64AE,ACCELERATED_15C,408.503937,25814.361,63.192442,False,False,2040,4.005001334999999,-4.005001334999999,True,True,True,True,,0.0,0.0,0.0,2,2,0.3870168063999999,0.65,1.52
CAND-BC0B279455B40E,NIPPON_STEEL_JP,Nippon Steel,P3,PORT-5B51FD1C8E45,DISCLOSED_PATH,378.568975,40694.917,107.496704,True,True,,0.0,3.446647212967946e-06,True,True,True,True,,0.0,0.0,0.0,2,2,0.5130317823999999,0.65,2.48
CAND-BC0B279455B40E,NIPPON_STEEL_JP,Nippon Steel,P3,PORT-5B51FD1C8E45,ACCELERATED_15C,378.568975,36756.599,97.093532,False,False,2035,6.457752061632604,-6.457752061632604,True,True,True,True,,0.0,0.0,0.0,2,2,0.5130317823999999,0.65,2.48
CAND-BC42DD172ADB32,NIPPON_STEEL_JP,Nippon Steel,P2,PORT-FA425C592A46,DISCLOSED_PATH,405.568975,85279.366,210.270931,True,False,,0.0,3.446647212967946e-06,False,False,True,True,2029,0.0,0.04500000000000004,0.0,2,2,0.5659631103999998,0.65,2.96
CAND-BC42DD172ADB32,NIPPON_STEEL_JP,Nippon Steel,P2,PORT-FA425C592A46,ACCELERATED_15C,405.568975,83723.985,206.435871,False,False,2035,4.207752061632604,-4.207752061632604,True,True,True,True,,0.0,0.0,0.0,2,2,0.5659631103999998,0.65,2.96
CAND-BCE0067D428D60,NIPPON_STEEL_JP,Nippon Steel,P2,PORT-00B029BF7478,DISCLOSED_PATH,459.478949,43972.256,95.700264,True,True,,0.0,3.446647212967946e-06,True,True,True,True,,0.0,0.0,0.0,2,2,0.5333221247999997,0.65,2.6399999999999997
CAND-BCE0067D428D60,NIPPON_STEEL_JP,Nippon Steel,P2,PORT-00B029BF7478,ACCELERATED_15C,459.478949,39677.474,86.353193,True,True,,0.0,3.446647212967946e-06,True,True,True,True,,0.0,0.0,0.0,2,2,0.5333221247999997,0.65,2.6399999999999997
CAND-BDA487FCE431A0,NIPPON_STEEL_JP,Nippon Steel,P1,PORT-758CC6172A3B,DISCLOSED_PATH,267.563958,49416.503,184.690432,False,False,2040,5.734999239999993,-5.734999239999993,False,False,True,True,2029,0.0,0.04500000000000004,0.0,2,2,0.33255516159999987,0.65,1.2
CAND-BDA487FCE431A0,NIPPON_STEEL_JP,Nippon Steel,P1,PORT-758CC6172A3B,ACCELERATED_15C,267.563958,48427.475,180.994015,False,False,2035,22.734999239999993,-22.734999239999993,True,True,True,True,,0.0,0.0,0.0,2,2,0.33255516159999987,0.65,1.2
CAND-BDCAFAFC1E4CE3,NIPPON_STEEL_JP,Nippon Steel,P1,PORT-EDF18767D12A,DISCLOSED_PATH,398.568974,77493.361,194.428986,True,False,,0.0,3.446647212967946e-06,False,False,True,True,2029,0.0,0.04500000000000004,0.0,2,2,0.5130317823999999,0.65,2.48
CAND-BDCAFAFC1E4CE3,NIPPON_STEEL_JP,Nippon Steel,P1,PORT-EDF18767D12A,ACCELERATED_15C,398.568974,76475.666,191.875614,False,False,2035,4.207752061632604,-4.207752061632604,True,True,True,True,,0.0,0.0,0.0,2,2,0.5130317823999999,0.65,2.48
CAND-BE3632C0C6EBCB,NIPPON_STEEL_JP,Nippon Steel,P1,PORT-28AC80454322,DISCLOSED_PATH,449.103942,31053.092,69.144554,True,False,,0.0,3.446647212967946e-06,False,False,True,True,2036,4.0200011400000015,0.0,0.0,2,2,0.41255777279999983,0.65,1.68
CAND-BE3632C0C6EBCB,NIPPON_STEEL_JP,Nippon Steel,P1,PORT-28AC80454322,ACCELERATED_15C,449.103942,26304.285,58.570594,True,True,,0.0,3.446647212967946e-06,True,True,True,True,,0.0,0.0,0.0,2,2,0.41255777279999983,0.65,1.68
CAND-BE3879CC8080F8,NIPPON_STEEL_JP,Nippon Steel,P1,PORT-50B180B4FF71,DISCLOSED_PATH,250.553943,23094.324,92.173062,False,False,2030,0.6504345533527953,-0.6504345533527953,True,True,True,True,,0.0,0.0,0.0,2,2,0.3603653632,0.65,1.3599999999999999
CAND-BE3879CC8080F8,NIPPON_STEEL_JP,Nippon Steel,P1,PORT-50B180B4FF71,ACCELERATED_15C,250.553943,20826.572,83.122108,False,False,2030,16.805000609999993,-16.805000609999993,True,True,True,True,,0.0,0.0,0.0,2,2,0.3603653632,0.65,1.3599999999999999
CAND-BE3894F3D5B5BC,NIPPON_STEEL_JP,Nippon Steel,P2,PORT-1ADC37BD5A8C,DISCLOSED_PATH,371.568974,32345.561,87.051296,True,True,,0.0,3.446647212967946e-06,True,True,True,True,,0.0,0.0,0.0,2,2,0.45364541439999984,0.65,2.0
CAND-BE3894F3D5B5BC,NIPPON_STEEL_JP,Nippon Steel,P2,PORT-1ADC37BD5A8C,ACCELERATED_15C,371.568974,28639.319,77.076725,False,False,2035,6.457752061632604,-6.457752061632604,True,True,True,True,,0.0,0.0,0.0,2,2,0.45364541439999984,0.65,2.0
CAND-BF06102F6003FE,NIPPON_STEEL_JP,Nippon Steel,P2,PORT-7CA9F3BA0776,DISCLOSED_PATH,473.428944,64756.815,136.782544,True,True,,0.0,3.446647212967946e-06,True,True,True,True,,0.0,0.0,0.0,2,2,0.5840479807999999,0.65,3.12
CAND-BF06102F6003FE,NIPPON_STEEL_JP,Nippon Steel,P2,PORT-7CA9F3BA0776,ACCELERATED_15C,473.428944,61412.328,129.718153,True,True,,0.0,3.446647212967946e-06,True,True,True,True,,0.0,0.0,0.0,2,2,0.5840479807999999,0.65,3.12
CAND-BF076556907246,NIPPON_STEEL_JP,Nippon Steel,P1,PORT-10D90F59290D,DISCLOSED_PATH,361.243973,17711.923,49.030362,True,True,,0.0,3.446647212967946e-06,True,True,True,True,,0.0,0.0,0.0,2,2,0.3870168063999999,0.65,1.52
CAND-BF076556907246,NIPPON_STEEL_JP,Nippon Steel,P1,PORT-10D90F59290D,ACCELERATED_15C,361.243973,13425.567,37.164819,False,False,2035,8.257752286632595,-8.257752286632595,True,True,True,True,,0.0,0.0,0.0,2,2,0.3870168063999999,0.65,1.52
CAND-BF16A3590E16EF,NIPPON_STEEL_JP,Nippon Steel,P2,PORT-14886F58C0A6,DISCLOSED_PATH,462.153946,52914.925,114.496319,True,False,,0.0,3.446647212967946e-06,False,False,True,True,2029,1.919999640000004,0.04500000000000004,0.0,2,2,0.41255777279999983,0.65,1.68
CAND-BF16A3590E16EF,NIPPON_STEEL_JP,Nippon Steel,P2,PORT-14886F58C0A6,ACCELERATED_15C,462.153946,48574.985,105.105637,True,True,,0.0,3.446647212967946e-06,True,True,True,True,,0.0,0.0,0.0,2,2,0.41255777279999983,0.65,1.68
CAND-BF602A48F46F29,NIPPON_STEEL_JP,Nippon Steel,P3,PORT-E014E041276B,DISCLOSED_PATH,435.503937,69950.295,160.619203,True,False,,0.0,3.446647212967946e-06,False,False,True,True,2029,0.0,0.04500000000000004,0.0,2,2,0.45364541439999984,0.65,2.0
CAND-BF602A48F46F29,NIPPON_STEEL_JP,Nippon Steel,P3,PORT-E014E041276B,ACCELERATED_15C,435.503937,65654.086,150.754288,False,False,2040,1.7550013349999993,-1.7550013349999993,True,True,True,True,,0.0,0.0,0.0,2,2,0.45364541439999984,0.65,2.0
CAND-BF90445532E948,NIPPON_STEEL_JP,Nippon Steel,P1,PORT-38535C2DEC41,DISCLOSED_PATH,353.243969,69661.159,197.204099,True,False,,0.0,3.446647212967946e-06,False,False,True,True,2029,0.0,0.04500000000000004,0.0,2,2,0.4298908671999999,0.65,1.84
CAND-BF90445532E948,NIPPON_STEEL_JP,Nippon Steel,P1,PORT-38535C2DEC41,ACCELERATED_15C,353.243969,68826.437,194.841082,False,False,2035,10.49499771,-10.49499771,True,True,True,True,,0.0,0.0,0.0,2,2,0.4298908671999999,0.65,1.84
CAND-BFCA8EC0DB9E2E,NIPPON_STEEL_JP,Nippon Steel,P3,PORT-11E9ABA45603,DISCLOSED_PATH,373.438975,74734.512,200.1251,True,False,,0.0,3.446647212967946e-06,False,False,True,True,2029,0.0,0.04500000000000004,0.0,2,2,0.49185925119999996,0.65,2.3200000000000003
CAND-BFCA8EC0DB9E2E,NIPPON_STEEL_JP,Nippon Steel,P3,PORT-11E9ABA45603,ACCELERATED_15C,373.438975,71653.955,191.875941,False,False,2035,10.10999652,-10.10999652,True,True,True,True,,0.0,0.0,0.0,2,2,0.49185925119999996,0.65,2.3200000000000003
CAND-C0D18F1D665314,NIPPON_STEEL_JP,Nippon Steel,P6,PORT-C284643AC153,DISCLOSED_PATH,614.659375,112920.801,183.712811,True,False,,0.0,3.446647212967946e-06,False,False,True,True,2028,0.0,0.23599989,0.10399949399999997,2,2,0.6292601567999999,0.65,3.5999999999999996
CAND-C0D18F1D665314,NIPPON_STEEL_JP,Nippon Steel,P6,PORT-C284643AC153,ACCELERATED_15C,614.659375,97122.17,158.009743,True,True,,0.0,3.446647212967946e-06,True,True,True,True,,0.0,0.0,0.0,2,2,0.6292601567999999,0.65,3.5999999999999996
CAND-C0EAED81BD41EE,NIPPON_STEEL_JP,Nippon Steel,P1,PORT-42FD0857B83C,DISCLOSED_PATH,452.478948,34942.096,77.223694,True,False,,0.0,3.446647212967946e-06,False,False,True,True,2036,0.39999896500000176,0.0,0.0,2,2,0.47641018879999986,0.65,2.16
CAND-C0EAED81BD41EE,NIPPON_STEEL_JP,Nippon Steel,P1,PORT-42FD0857B83C,ACCELERATED_15C,452.478948,30482.744,67.368315,True,True,,0.0,3.446647212967946e-06,True,True,True,True,,0.0,0.0,0.0,2,2,0.47641018879999986,0.65,2.16
CAND-C1AAA9A0078119,NIPPON_STEEL_JP,Nippon Steel,P1,PORT-9E76B3BFF9FF,DISCLOSED_PATH,456.103943,41012.769,89.919787,True,True,,0.0,3.446647212967946e-06,True,True,True,True,,0.0,0.0,0.0,2,2,0.47641018879999986,0.65,2.16
CAND-C1AAA9A0078119,NIPPON_STEEL_JP,Nippon Steel,P1,PORT-9E76B3BFF9FF,ACCELERATED_15C,456.103943,36907.411,80.918861,True,True,,0.0,3.446647212967946e-06,True,True,True,True,,0.0,0.0,0.0,2,2,0.47641018879999986,0.65,2.16
CAND-C1EA00CD2A7CCE,NIPPON_STEEL_JP,Nippon Steel,P2,PORT-113D08C18DF3,DISCLOSED_PATH,298.153949,33372.452,111.93027,False,False,2030,0.6504345533527953,-0.6504345533527953,True,True,True,True,,0.0,0.0,0.0,2,2,0.45364541439999984,0.65,2.0
CAND-C1EA00CD2A7CCE,NIPPON_STEEL_JP,Nippon Steel,P2,PORT-113D08C18DF3,ACCELERATED_15C,298.153949,30763.318,103.179307,False,False,2030,10.650434553352795,-10.650434553352795,True,True,True,True,,0.0,0.0,0.0,2,2,0.45364541439999984,0.65,2.0
CAND-C244CDA8F35592,NIPPON_STEEL_JP,Nippon Steel,P1,PORT-7DC7D2B7A26E,DISCLOSED_PATH,217.198938,20641.549,95.03522,False,False,2030,6.257756491632598,-6.257756491632598,True,True,True,True,,0.0,0.0,0.0,2,2,0.4298908672,0.65,1.8399999999999999
CAND-C244CDA8F35592,NIPPON_STEEL_JP,Nippon Steel,P1,PORT-7DC7D2B7A26E,ACCELERATED_15C,217.198938,18679.965,86.003945,False,False,2030,22.7577564916326,-22.7577564916326,True,True,True,True,,0.0,0.0,0.0,2,2,0.4298908672,0.65,1.8399999999999999
CAND-C25EE4C0BA9CD6,NIPPON_STEEL_JP,Nippon Steel,P1,PORT-475628A5EB38,DISCLOSED_PATH,393.843974,70730.137,179.589233,True,False,,0.0,3.446647212967946e-06,False,False,True,True,2029,0.0,0.04500000000000004,0.0,2,2,0.45364541439999984,0.65,2.0
CAND-C25EE4C0BA9CD6,NIPPON_STEEL_JP,Nippon Steel,P1,PORT-475628A5EB38,ACCELERATED_15C,393.843974,69316.361,175.999546,False,False,2035,4.207752061632604,-4.207752061632604,True,True,True,True,,0.0,0.0,0.0,2,2,0.45364541439999984,0.65,2.0
CAND-C2AA92F31F9468,NIPPON_STEEL_JP,Nippon Steel,P3,PORT-23A278D911DA,DISCLOSED_PATH,136.288964,17684.664,129.758589,False,False,2030,15.247753591632602,-15.247753591632602,True,True,True,True,,0.0,0.0,0.0,2,2,0.40510351359999996,0.65,1.6799999999999997
CAND-C2AA92F31F9468,NIPPON_STEEL_JP,Nippon Steel,P3,PORT-23A278D911DA,ACCELERATED_15C,136.288964,16232.005,119.099924,False,False,2030,31.747753591632602,-31.747753591632602,True,True,True,True,,0.0,0.0,0.0,2,2,0.40510351359999996,0.65,1.6799999999999997
CAND-C2B4AFCB44C3FD,NIPPON_STEEL_JP,Nippon Steel,P2,PORT-B74BBC92FC01,DISCLOSED_PATH,389.073937,51165.368,131.505513,True,False,,0.0,3.446647212967946e-06,False,False,True,True,2029,0.0,0.04500000000000004,0.0,2,2,0.3870168063999999,0.65,1.52
CAND-C2B4AFCB44C3FD,NIPPON_STEEL_JP,Nippon Steel,P2,PORT-B74BBC92FC01,ACCELERATED_15C,389.073937,47836.518,122.949685,False,False,2035,7.457756491632594,-7.457756491632594,True,True,True,True,,0.0,0.0,0.0,2,2,0.3870168063999999,0.65,1.52
CAND-C379B0EAAFD136,NIPPON_STEEL_JP,Nippon Steel,P1,PORT-845C3FC40921,DISCLOSED_PATH,192.018932,24279.278,126.442103,False,False,2030,11.510001625000001,-11.510001625000001,True,True,True,True,,0.0,0.0,0.0,2,2,0.3325551616,0.65,1.2000000000000002
CAND-C379B0EAAFD136,NIPPON_STEEL_JP,Nippon Steel,P1,PORT-845C3FC40921,ACCELERATED_15C,192.018932,22971.337,119.630581,False,False,2030,28.510001625,-28.510001625,True,True,True,True,,0.0,0.0,0.0,2,2,0.3325551616,0.65,1.2000000000000002
CAND-C3AFAC63A8CC48,NIPPON_STEEL_JP,Nippon Steel,P1,PORT-A8CC0E23EAFF,DISCLOSED_PATH,283.278946,12429.218,43.87625,False,False,2030,0.6504345533527953,-0.6504345533527953,True,True,True,True,,0.0,0.0,0.0,2,2,0.3870168063999999,0.65,1.52
CAND-C3AFAC63A8CC48,NIPPON_STEEL_JP,Nippon Steel,P1,PORT-A8CC0E23EAFF,ACCELERATED_15C,283.278946,8808.126,31.093471,False,False,2030,12.317755186632596,-12.317755186632596,True,True,True,True,,0.0,0.0,0.0,2,2,0.3870168063999999,0.65,1.52
CAND-C42D4931A9C6BB,NIPPON_STEEL_JP,Nippon Steel,P1,PORT-D4E50DBAEC6A,DISCLOSED_PATH,251.148946,4655.094,18.535194,False,False,2030,2.6199998199999968,-2.6199998199999968,True,True,True,True,,0.0,0.0,0.0,2,2,0.28236113919999994,0.65,0.8799999999999999
CAND-C42D4931A9C6BB,NIPPON_STEEL_JP,Nippon Steel,P1,PORT-D4E50DBAEC6A,ACCELERATED_15C,251.148946,1054.101,4.197116,False,False,2030,19.619999819999997,-19.619999819999997,True,True,True,True,,0.0,0.0,0.0,2,2,0.28236113919999994,0.65,0.8799999999999999
CAND-C47813B448CD39,NIPPON_STEEL_JP,Nippon Steel,P4,PORT-1444421109F6,DISCLOSED_PATH,507.828946,83982.532,165.37563,True,False,,0.0,3.446647212967946e-06,False,False,True,True,2028,0.0,0.195,0.0,2,2,0.5130317823999999,0.65,2.4800000000000004
CAND-C47813B448CD39,NIPPON_STEEL_JP,Nippon Steel,P4,PORT-1444421109F6,ACCELERATED_15C,507.828946,77424.132,152.461045,False,False,2040,1.1199994199999992,-1.1199994199999992,True,True,True,True,,0.0,0.0,0.0,2,2,0.5130317823999999,0.65,2.4800000000000004
CAND-C47E2195B2B0B3,NIPPON_STEEL_JP,Nippon Steel,P1,PORT-B0CFD4776966,DISCLOSED_PATH,199.018933,34238.955,172.038682,False,False,2030,10.110001449999999,-10.110001449999999,True,True,True,True,,0.0,0.0,0.0,2,2,0.4051035136000001,0.65,1.68
CAND-C47E2195B2B0B3,NIPPON_STEEL_JP,Nippon Steel,P1,PORT-B0CFD4776966,ACCELERATED_15C,199.018933,33574.463,168.699845,False,False,2030,27.11000145,-27.11000145,True,True,True,True,,0.0,0.0,0.0,2,2,0.4051035136000001,0.65,1.68
CAND-C4C9319CE1829D,NIPPON_STEEL_JP,Nippon Steel,P2,PORT-7F141003EFD9,DISCLOSED_PATH,466.428943,55058.726,118.043115,True,True,,0.0,3.446647212967946e-06,True,True,True,True,,0.0,0.0,0.0,2,2,0.5333221247999997,0.65,2.6399999999999997
CAND-C4C9319CE1829D,NIPPON_STEEL_JP,Nippon Steel,P2,PORT-7F141003EFD9,ACCELERATED_15C,466.428943,51215.216,109.802825,True,True,,0.0,3.446647212967946e-06,True,True,True,True,,0.0,0.0,0.0,2,2,0.5333221247999997,0.65,2.6399999999999997
CAND-C4E11383EA15DE,NIPPON_STEEL_JP,Nippon Steel,P1,PORT-E3577CB0E245,DISCLOSED_PATH,174.368969,27928.231,160.16744,False,False,2030,7.219997709999994,-7.219997709999994,True,True,True,True,,0.0,0.0,0.0,2,2,0.40510351359999996,0.65,1.6799999999999997
CAND-C4E11383EA15DE,NIPPON_STEEL_JP,Nippon Steel,P1,PORT-E3577CB0E245,ACCELERATED_15C,174.368969,27152.555,155.718964,False,False,2030,24.219997709999994,-24.219997709999994,True,True,True,True,,0.0,0.0,0.0,2,2,0.40510351359999996,0.65,1.6799999999999997
CAND-C51281C57B148F,NIPPON_STEEL_JP,Nippon Steel,P1,PORT-C0F53F28CCD9,DISCLOSED_PATH,214.968974,28997.21,134.890209,False,False,2030,3.007752061632594,-3.007752061632594,True,True,True,True,,0.0,0.0,0.0,2,2,0.4298908671999999,0.65,1.84
CAND-C51281C57B148F,NIPPON_STEEL_JP,Nippon Steel,P1,PORT-C0F53F28CCD9,ACCELERATED_15C,214.968974,27642.478,128.588223,False,False,2030,19.507752061632594,-19.507752061632594,True,True,True,True,,0.0,0.0,0.0,2,2,0.4298908671999999,0.65,1.84
CAND-C51D410B54BFD5,NIPPON_STEEL_JP,Nippon Steel,P3,PORT-5DE4D9A04480,DISCLOSED_PATH,461.703943,46880.712,101.538471,True,True,,0.0,3.446647212967946e-06,True,True,True,True,,0.0,0.0,0.0,2,2,0.47641018879999986,0.65,2.16
CAND-C51D410B54BFD5,NIPPON_STEEL_JP,Nippon Steel,P3,PORT-5DE4D9A04480,ACCELERATED_15C,461.703943,41879.213,90.705772,True,True,,0.0,3.446647212967946e-06,True,True,True,True,,0.0,0.0,0.0,2,2,0.47641018879999986,0.65,2.16
CAND-C5C49FC84D8621,NIPPON_STEEL_JP,Nippon Steel,P2,PORT-222858394A63,DISCLOSED_PATH,483.103943,83397.574,172.628636,True,False,,0.0,3.446647212967946e-06,False,False,True,True,2029,0.0,0.04500000000000004,0.0,2,2,0.5333221247999999,0.65,2.6399999999999997
CAND-C5C49FC84D8621,NIPPON_STEEL_JP,Nippon Steel,P2,PORT-222858394A63,ACCELERATED_15C,483.103943,80506.952,166.645198,True,True,,0.0,3.446647212967946e-06,True,True,True,True,,0.0,0.0,0.0,2,2,0.5333221247999999,0.65,2.6399999999999997
CAND-C8C51A7DF762EE,NIPPON_STEEL_JP,Nippon Steel,P1,PORT-622372E22AA3,DISCLOSED_PATH,355.618933,38254.524,107.571674,True,True,,0.0,3.446647212967946e-06,True,True,True,True,,0.0,0.0,0.0,2,2,0.4298908671999999,0.65,1.84
CAND-C8C51A7DF762EE,NIPPON_STEEL_JP,Nippon Steel,P1,PORT-622372E22AA3,ACCELERATED_15C,355.618933,35581.406,100.05487,False,False,2035,14.060001450000001,-14.060001450000001,True,True,True,True,,0.0,0.0,0.0,2,2,0.4298908671999999,0.65,1.84
CAND-C96E8CC3BD0B9F,NIPPON_STEEL_JP,Nippon Steel,P1,PORT-C84D6A8C133A,DISCLOSED_PATH,272.288958,56179.727,206.323928,False,False,2040,4.1599992399999906,-4.1599992399999906,False,False,True,True,2029,0.0,0.04500000000000004,0.0,2,2,0.40510351359999996,0.65,1.68
CAND-C96E8CC3BD0B9F,NIPPON_STEEL_JP,Nippon Steel,P1,PORT-C84D6A8C133A,ACCELERATED_15C,272.288958,55586.781,204.146291,False,False,2035,21.15999923999999,-21.15999923999999,True,True,True,True,,0.0,0.0,0.0,2,2,0.40510351359999996,0.65,1.68
CAND-C9837022C5AEF2,NIPPON_STEEL_JP,Nippon Steel,P2,PORT-674311CC4C19,DISCLOSED_PATH,434.153943,69840.981,160.866859,True,False,,0.0,3.446647212967946e-06,False,False,True,True,2029,0.0,0.04500000000000004,0.0,2,2,0.45364541439999984,0.65,2.0
CAND-C9837022C5AEF2,NIPPON_STEEL_JP,Nippon Steel,P2,PORT-674311CC4C19,ACCELERATED_15C,434.153943,66972.534,154.259879,False,False,2040,1.5050006099999997,-1.5050006099999997,True,True,True,True,,0.0,0.0,0.0,2,2,0.45364541439999984,0.65,2.0
CAND-C9E5D1C21B3C7A,NIPPON_STEEL_JP,Nippon Steel,P1,PORT-F37E5039B6ED,DISCLOSED_PATH,400.798938,69137.701,172.49971,True,False,,0.0,3.446647212967946e-06,False,False,True,True,2029,0.0,0.04500000000000004,0.0,2,2,0.5130317823999999,0.65,2.48
CAND-C9E5D1C21B3C7A,NIPPON_STEEL_JP,Nippon Steel,P1,PORT-F37E5039B6ED,ACCELERATED_15C,400.798938,67513.154,168.446438,False,False,2035,7.457756491632594,-7.457756491632594,True,True,True,True,,0.0,0.0,0.0,2,2,0.5130317823999999,0.65,2.48
CAND-CA2E4138D9BC07,NIPPON_STEEL_JP,Nippon Steel,P1,PORT-05EE518306D9,DISCLOSED_PATH,460.828943,47775.994,103.67403,True,True,,0.0,3.446647212967946e-06,True,True,True,True,,0.0,0.0,0.0,2,2,0.5333221247999997,0.65,2.6399999999999997
CAND-CA2E4138D9BC07,NIPPON_STEEL_JP,Nippon Steel,P1,PORT-05EE518306D9,ACCELERATED_15C,460.828943,44066.717,95.624891,True,True,,0.0,3.446647212967946e-06,True,True,True,True,,0.0,0.0,0.0,2,2,0.5333221247999997,0.65,2.6399999999999997
CAND-CA55C679FD9A25,NIPPON_STEEL_JP,Nippon Steel,P4,PORT-FE782E3DCCE9,DISCLOSED_PATH,566.168941,114921.713,202.98131,True,False,,0.0,3.446647212967946e-06,False,False,True,True,2028,0.0,0.195,0.0,2,2,0.6292601567999999,0.65,3.5999999999999996
CAND-CA55C679FD9A25,NIPPON_STEEL_JP,Nippon Steel,P4,PORT-FE782E3DCCE9,ACCELERATED_15C,566.168941,107774.906,190.35821,True,True,,0.0,3.446647212967946e-06,True,True,True,True,,0.0,0.0,0.0,2,2,0.6292601567999999,0.65,3.5999999999999996
CAND-CAA0861561E3AF,NIPPON_STEEL_JP,Nippon Steel,P1,PORT-526AE3D0E184,DISCLOSED_PATH,361.668937,51403.9,142.129706,True,False,,0.0,3.446647212967946e-06,False,False,True,True,2029,0.0,0.04500000000000004,0.0,2,2,0.3603653631999999,0.65,1.36
CAND-CAA0861561E3AF,NIPPON_STEEL_JP,Nippon Steel,P1,PORT-526AE3D0E184,ACCELERATED_15C,361.668937,49156.003,135.914361,False,False,2035,14.760001125000002,-14.760001125000002,True,True,True,True,,0.0,0.0,0.0,2,2,0.3603653631999999,0.65,1.36
CAND-CAE9009C7EF9D4,NIPPON_STEEL_JP,Nippon Steel,P1,PORT-FA425C592A46,DISCLOSED_PATH,405.568975,87453.039,215.630495,True,False,,0.0,3.446647212967946e-06,False,False,True,True,2029,0.0,0.04500000000000004,0.0,2,2,0.5659631103999998,0.65,2.96
CAND-CAE9009C7EF9D4,NIPPON_STEEL_JP,Nippon Steel,P1,PORT-FA425C592A46,ACCELERATED_15C,405.568975,87078.793,214.707728,False,False,2035,4.207752061632604,-4.207752061632604,True,True,True,True,,0.0,0.0,0.0,2,2,0.5659631103999998,0.65,2.96
CAND-CC6A5624B1D2C8,NIPPON_STEEL_JP,Nippon Steel,P4,PORT-B5DB7A5F03E3,DISCLOSED_PATH,310.148934,54250.055,174.916141,False,False,2030,0.6504345533527953,-0.6504345533527953,True,True,True,True,,0.0,0.0,0.0,2,2,0.49185925119999996,0.65,2.32
CAND-CC6A5624B1D2C8,NIPPON_STEEL_JP,Nippon Steel,P4,PORT-B5DB7A5F03E3,ACCELERATED_15C,310.148934,50393.164,162.480533,False,False,2030,13.68000111,-13.68000111,True,True,True,True,,0.0,0.0,0.0,2,2,0.49185925119999996,0.65,2.32
CAND-CDB72992370089,NIPPON_STEEL_JP,Nippon Steel,P4,PORT-8FA978634E7D,DISCLOSED_PATH,479.798934,58741.175,122.428731,True,False,,0.0,3.446647212967946e-06,False,False,True,True,2028,0.0,0.0,0.5400000000000009,2,2,0.5130317823999999,0.65,2.48
CAND-CDB72992370089,NIPPON_STEEL_JP,Nippon Steel,P4,PORT-8FA978634E7D,ACCELERATED_15C,479.798934,52846.238,110.142466,False,False,2040,0.630001110000002,-0.630001110000002,True,True,True,True,,0.0,0.0,0.0,2,2,0.5130317823999999,0.65,2.48
CAND-CDFE2587E5584F,NIPPON_STEEL_JP,Nippon Steel,P4,PORT-34AD95AD1263,DISCLOSED_PATH,522.518939,51527.28,98.613229,True,False,,0.0,3.446647212967946e-06,False,False,True,True,2028,0.0,0.0,0.5400000000000009,2,2,0.5333221247999997,0.65,2.6399999999999997
CAND-CDFE2587E5584F,NIPPON_STEEL_JP,Nippon Steel,P4,PORT-34AD95AD1263,ACCELERATED_15C,522.518939,45000.915,86.123031,True,True,,0.0,3.446647212967946e-06,True,True,True,True,,0.0,0.0,0.0,2,2,0.5333221247999997,0.65,2.6399999999999997
CAND-CE0A0AEAE133DF,NIPPON_STEEL_JP,Nippon Steel,P2,PORT-61AD11411A66,DISCLOSED_PATH,476.103942,73699.484,154.797047,True,False,,0.0,3.446647212967946e-06,False,False,True,True,2029,0.0,0.04500000000000004,0.0,2,2,0.47641018879999986,0.65,2.16
CAND-CE0A0AEAE133DF,NIPPON_STEEL_JP,Nippon Steel,P2,PORT-61AD11411A66,ACCELERATED_15C,476.103942,70309.839,147.677499,True,True,,0.0,3.446647212967946e-06,True,True,True,True,,0.0,0.0,0.0,2,2,0.47641018879999986,0.65,2.16
CAND-CE78017CB3DEB4,NIPPON_STEEL_JP,Nippon Steel,P1,PORT-CAD9747A9822,DISCLOSED_PATH,455.698943,84482.453,185.390935,True,False,,0.0,3.446647212967946e-06,False,False,True,True,2029,0.0,0.04500000000000004,0.0,2,2,0.5130317823999999,0.65,2.48
CAND-CE78017CB3DEB4,NIPPON_STEEL_JP,Nippon Steel,P1,PORT-CAD9747A9822,ACCELERATED_15C,455.698943,83138.938,182.442684,False,False,2040,1.3700001449999988,-1.3700001449999988,True,True,True,True,,0.0,0.0,0.0,2,2,0.5130317823999999,0.65,2.48
CAND-CE9329CD447267,NIPPON_STEEL_JP,Nippon Steel,P2,PORT-3F83257DA03C,DISCLOSED_PATH,448.103938,90625.54,202.242231,True,False,,0.0,3.446647212967946e-06,False,False,True,True,2029,0.0,0.04500000000000004,0.0,2,2,0.5130317823999999,0.65,2.4800000000000004
CAND-CE9329CD447267,NIPPON_STEEL_JP,Nippon Steel,P2,PORT-3F83257DA03C,ACCELERATED_15C,448.103938,88707.389,197.961636,True,True,,0.0,3.446647212967946e-06,True,True,True,True,,0.0,0.0,0.0,2,2,0.5130317823999999,0.65,2.4800000000000004
CAND-CEA59104BCB16D,NIPPON_STEEL_JP,Nippon Steel,P4,PORT-7BDFEA64D7FE,DISCLOSED_PATH,460.768975,91015.571,197.529729,True,False,,0.0,3.446647212967946e-06,False,False,True,True,2028,0.0,0.195,0.0,2,2,0.5659631103999998,0.65,2.96
CAND-CEA59104BCB16D,NIPPON_STEEL_JP,Nippon Steel,P4,PORT-7BDFEA64D7FE,ACCELERATED_15C,460.768975,85132.018,184.760743,True,True,,0.0,3.446647212967946e-06,True,True,True,True,,0.0,0.0,0.0,2,2,0.5659631103999998,0.65,2.96
CAND-CEB9F31E1827F1,NIPPON_STEEL_JP,Nippon Steel,P2,PORT-0FC525186C6D,DISCLOSED_PATH,383.023933,38412.302,100.286949,True,True,,0.0,3.446647212967946e-06,True,True,True,True,,0.0,0.0,0.0,2,2,0.45364541439999984,0.65,2.0
CAND-CEB9F31E1827F1,NIPPON_STEEL_JP,Nippon Steel,P2,PORT-0FC525186C6D,ACCELERATED_15C,383.023933,34880.933,91.067241,False,False,2035,8.157756991632596,-8.157756991632596,True,True,True,True,,0.0,0.0,0.0,2,2,0.45364541439999984,0.65,2.0
CAND-CEFF17B3D24789,NIPPON_STEEL_JP,Nippon Steel,P2,PORT-6F42E9590CB3,DISCLOSED_PATH,393.698938,46375.8,117.795085,True,True,,0.0,3.446647212967946e-06,True,True,True,True,,0.0,0.0,0.0,2,2,0.4298908671999999,0.65,1.84
CAND-CEFF17B3D24789,NIPPON_STEEL_JP,Nippon Steel,P2,PORT-6F42E9590CB3,ACCELERATED_15C,393.698938,43221.746,109.78375,False,False,2040,11.34000111,-11.34000111,True,True,True,True,,0.0,0.0,0.0,2,2,0.4298908671999999,0.65,1.84
CAND-CF36AB609E7A4B,NIPPON_STEEL_JP,Nippon Steel,P1,PORT-93C0C8E2DAF0,DISCLOSED_PATH,169.598932,9612.893,56.68015,False,False,2030,10.470002139999998,-10.470002139999998,True,True,True,True,,0.0,0.0,0.0,2,2,0.3325551616,0.65,1.2
CAND-CF36AB609E7A4B,NIPPON_STEEL_JP,Nippon Steel,P1,PORT-93C0C8E2DAF0,ACCELERATED_15C,169.598932,7586.915,44.734453,False,False,2030,27.47000214,-27.47000214,True,True,True,True,,0.0,0.0,0.0,2,2,0.3325551616,0.65,1.2
CAND-CFBC4EF836C6CE,NIPPON_STEEL_JP,Nippon Steel,P4,PORT-AB392CF8B393,DISCLOSED_PATH,493.548939,81112.382,164.345165,True,False,,0.0,3.446647212967946e-06,False,False,True,True,2028,0.0,0.195,0.0,2,2,0.5130317823999999,0.65,2.48
CAND-CFBC4EF836C6CE,NIPPON_STEEL_JP,Nippon Steel,P4,PORT-AB392CF8B393,ACCELERATED_15C,493.548939,74686.578,151.325576,True,True,,0.0,3.446647212967946e-06,True,True,True,True,,0.0,0.0,0.0,2,2,0.5130317823999999,0.65,2.48
CAND-D035BCC21593D5,NIPPON_STEEL_JP,Nippon Steel,P1,PORT-D3FE55E7A8A2,DISCLOSED_PATH,368.668938,61363.577,166.44629,True,False,,0.0,3.446647212967946e-06,False,False,True,True,2029,0.0,0.04500000000000004,0.0,2,2,0.4298908671999999,0.65,1.84
CAND-D035BCC21593D5,NIPPON_STEEL_JP,Nippon Steel,P1,PORT-D3FE55E7A8A2,ACCELERATED_15C,368.668938,59759.129,162.094289,False,False,2035,13.360000949999996,-13.360000949999996,True,True,True,True,,0.0,0.0,0.0,2,2,0.4298908671999999,0.65,1.84
CAND-D0B3632BFB7E44,NIPPON_STEEL_JP,Nippon Steel,P3,PORT-38535C2DEC41,DISCLOSED_PATH,353.243969,65361.586,185.032419,True,False,,0.0,3.446647212967946e-06,False,False,True,True,2029,0.0,0.04500000000000004,0.0,2,2,0.4298908671999999,0.65,1.84
CAND-D0B3632BFB7E44,NIPPON_STEEL_JP,Nippon Steel,P3,PORT-38535C2DEC41,ACCELERATED_15C,353.243969,62158.899,175.965918,False,False,2035,10.49499771,-10.49499771,True,True,True,True,,0.0,0.0,0.0,2,2,0.4298908671999999,0.65,1.84
CAND-D0D810208B75EE,NIPPON_STEEL_JP,Nippon Steel,P4,PORT-8FCF862E7F6B,DISCLOSED_PATH,468.248928,93622.234,199.941161,True,False,,0.0,3.446647212967946e-06,False,False,True,True,2028,0.0,0.195,0.0,2,2,0.5659631103999998,0.65,2.96
CAND-D0D810208B75EE,NIPPON_STEEL_JP,Nippon Steel,P4,PORT-8FCF862E7F6B,ACCELERATED_15C,468.248928,87572.25,187.020716,False,False,2040,1.1000014500000006,-1.1000014500000006,True,True,True,True,,0.0,0.0,0.0,2,2,0.5659631103999998,0.65,2.96
CAND-D12F2219ACF691,NIPPON_STEEL_JP,Nippon Steel,P2,PORT-ACA3DA11AF49,DISCLOSED_PATH,427.348949,36361.06,85.085176,True,True,,0.0,3.446647212967946e-06,True,True,True,True,,0.0,0.0,0.0,2,2,0.45364541439999984,0.65,2.0
CAND-D12F2219ACF691,NIPPON_STEEL_JP,Nippon Steel,P2,PORT-ACA3DA11AF49,ACCELERATED_15C,427.348949,32178.123,75.297067,False,False,2040,3.369999419999999,-3.369999419999999,True,True,True,True,,0.0,0.0,0.0,2,2,0.45364541439999984,0.65,2.0
CAND-D228E64E9B8870,NIPPON_STEEL_JP,Nippon Steel,P3,PORT-B446DE621925,DISCLOSED_PATH,474.753948,68368.731,144.008768,True,False,,0.0,3.446647212967946e-06,False,False,True,True,2029,0.0,0.04500000000000004,0.0,2,2,0.47641018879999986,0.65,2.16
CAND-D228E64E9B8870,NIPPON_STEEL_JP,Nippon Steel,P3,PORT-B446DE621925,ACCELERATED_15C,474.753948,63516.48,133.788208,True,True,,0.0,3.446647212967946e-06,True,True,True,True,,0.0,0.0,0.0,2,2,0.47641018879999986,0.65,2.16
CAND-D26C3613C18C05,NIPPON_STEEL_JP,Nippon Steel,P3,PORT-2680632EAC61,DISCLOSED_PATH,396.073938,58662.142,148.109068,True,False,,0.0,3.446647212967946e-06,False,False,True,True,2029,0.0,0.04500000000000004,0.0,2,2,0.45364541439999984,0.65,2.0
CAND-D26C3613C18C05,NIPPON_STEEL_JP,Nippon Steel,P3,PORT-2680632EAC61,ACCELERATED_15C,396.073938,54616.818,137.895511,False,False,2035,7.457756491632594,-7.457756491632594,True,True,True,True,,0.0,0.0,0.0,2,2,0.45364541439999984,0.65,2.0
CAND-D3C7F29A0E486F,NIPPON_STEEL_JP,Nippon Steel,P5,PORT-DC48B7EC80A2,DISCLOSED_PATH,551.768939,90765.72,164.499509,True,False,,0.0,3.446647212967946e-06,False,False,True,True,2028,0.0,0.195,0.0,2,2,0.5840479807999999,0.65,3.12
CAND-D3C7F29A0E486F,NIPPON_STEEL_JP,Nippon Steel,P5,PORT-DC48B7EC80A2,ACCELERATED_15C,551.768939,80703.004,146.262317,True,True,,0.0,3.446647212967946e-06,True,True,True,True,,0.0,0.0,0.0,2,2,0.5840479807999999,0.65,3.12
CAND-D3DD3C6F929054,NIPPON_STEEL_JP,Nippon Steel,P1,PORT-CCFFC46B621C,DISCLOSED_PATH,224.498937,24957.645,111.17044,False,False,2030,9.190001334999991,-9.190001334999991,True,True,True,True,,0.0,0.0,0.0,2,2,0.3325551616,0.65,1.2000000000000002
CAND-D3DD3C6F929054,NIPPON_STEEL_JP,Nippon Steel,P1,PORT-CCFFC46B621C,ACCELERATED_15C,224.498937,23212.7,103.397817,False,False,2030,26.19000133499999,-26.19000133499999,True,True,True,True,,0.0,0.0,0.0,2,2,0.3325551616,0.65,1.2000000000000002
CAND-D416617299F63F,NIPPON_STEEL_JP,Nippon Steel,P1,PORT-575BB800618E,DISCLOSED_PATH,394.553941,8612.584,21.82866,True,False,,0.0,3.446647212967946e-06,False,False,True,True,2034,4.469999115000004,0.0,0.0,2,2,0.31226275839999995,0.65,1.04
CAND-D416617299F63F,NIPPON_STEEL_JP,Nippon Steel,P1,PORT-575BB800618E,ACCELERATED_15C,394.553941,3165.839,8.023845,False,False,2040,5.555000835000001,-5.555000835000001,True,True,True,True,,0.0,0.0,0.0,2,2,0.31226275839999995,0.65,1.04
CAND-D42C7F372720F7,NIPPON_STEEL_JP,Nippon Steel,P3,PORT-92BAA222AC4A,DISCLOSED_PATH,365.968973,23427.961,64.016249,True,True,,0.0,3.446647212967946e-06,True,True,True,True,,0.0,0.0,0.0,2,2,0.45364541439999984,0.65,2.0
CAND-D42C7F372720F7,NIPPON_STEEL_JP,Nippon Steel,P3,PORT-92BAA222AC4A,ACCELERATED_15C,365.968973,19011.589,51.948637,False,False,2035,8.257752286632595,-8.257752286632595,True,True,True,True,,0.0,0.0,0.0,2,2,0.45364541439999984,0.65,2.0
CAND-D43517A83457AE,NIPPON_STEEL_JP,Nippon Steel,P2,PORT-6C2F1FF45B21,DISCLOSED_PATH,468.298944,100381.334,214.353108,True,False,,0.0,3.446647212967946e-06,False,False,True,True,2029,0.0,0.04500000000000004,0.0,2,2,0.5659631103999999,0.65,2.96
CAND-D43517A83457AE,NIPPON_STEEL_JP,Nippon Steel,P2,PORT-6C2F1FF45B21,ACCELERATED_15C,468.298944,98800.529,210.977476,True,True,,0.0,3.446647212967946e-06,True,True,True,True,,0.0,0.0,0.0,2,2,0.5659631103999999,0.65,2.96
CAND-D43E0D439CAF01,NIPPON_STEEL_JP,Nippon Steel,P1,PORT-82F59DDAE89A,DISCLOSED_PATH,265.098942,26026.624,98.17702,False,False,2030,1.0700003199999983,-1.0700003199999983,True,True,True,True,,0.0,0.0,0.0,2,2,0.3603653631999999,0.65,1.3599999999999999
CAND-D43E0D439CAF01,NIPPON_STEEL_JP,Nippon Steel,P1,PORT-82F59DDAE89A,ACCELERATED_15C,265.098942,23702.623,89.410479,False,False,2030,18.07000032,-18.07000032,True,True,True,True,,0.0,0.0,0.0,2,2,0.3603653631999999,0.65,1.3599999999999999
CAND-D44B1FA38D5AB4,NIPPON_STEEL_JP,Nippon Steel,P1,PORT-222858394A63,DISCLOSED_PATH,483.103943,85493.352,176.966787,True,False,,0.0,3.446647212967946e-06,False,False,True,True,2029,0.0,0.04500000000000004,0.0,2,2,0.5333221247999999,0.65,2.6399999999999997
CAND-D44B1FA38D5AB4,NIPPON_STEEL_JP,Nippon Steel,P1,PORT-222858394A63,ACCELERATED_15C,483.103943,83733.656,173.324308,True,True,,0.0,3.446647212967946e-06,True,True,True,True,,0.0,0.0,0.0,2,2,0.5333221247999999,0.65,2.6399999999999997
CAND-D45F3BA5832F51,NIPPON_STEEL_JP,Nippon Steel,P1,PORT-3F83257DA03C,DISCLOSED_PATH,448.103938,92962.005,207.456345,True,False,,0.0,3.446647212967946e-06,False,False,True,True,2029,0.0,0.04500000000000004,0.0,2,2,0.5130317823999999,0.65,2.4800000000000004
CAND-D45F3BA5832F51,NIPPON_STEEL_JP,Nippon Steel,P1,PORT-3F83257DA03C,ACCELERATED_15C,448.103938,92308.282,205.99748,True,True,,0.0,3.446647212967946e-06,True,True,True,True,,0.0,0.0,0.0,2,2,0.5130317823999999,0.65,2.4800000000000004
CAND-D4856B223A4ABD,NIPPON_STEEL_JP,Nippon Steel,P2,PORT-1D7419482A7C,DISCLOSED_PATH,382.618933,80633.991,210.742292,True,False,,0.0,3.446647212967946e-06,False,False,True,True,2029,0.0,0.04500000000000004,0.0,2,2,0.49185925119999996,0.65,2.3200000000000003
CAND-D4856B223A4ABD,NIPPON_STEEL_JP,Nippon Steel,P2,PORT-1D7419482A7C,ACCELERATED_15C,382.618933,79170.395,206.917086,False,False,2035,11.810001449999998,-11.810001449999998,True,True,True,True,,0.0,0.0,0.0,2,2,0.49185925119999996,0.65,2.3200000000000003
CAND-D4D85469394551,NIPPON_STEEL_JP,Nippon Steel,P1,PORT-4F64F793369E,DISCLOSED_PATH,330.968969,31943.8,96.515997,True,True,,0.0,3.446647212967946e-06,True,True,True,True,,0.0,0.0,0.0,2,2,0.4298908671999999,0.65,1.84
CAND-D4D85469394551,NIPPON_STEEL_JP,Nippon Steel,P1,PORT-4F64F793369E,ACCELERATED_15C,330.968969,29159.498,88.10342,False,False,2035,11.16999771,-11.16999771,True,True,True,True,,0.0,0.0,0.0,2,2,0.4298908671999999,0.65,1.84
CAND-D58DBD3CB780AF,NIPPON_STEEL_JP,Nippon Steel,P1,PORT-ED90F4FED395,DISCLOSED_PATH,319.888964,67208.383,210.0991,True,False,,0.0,3.446647212967946e-06,False,False,True,True,2029,0.0,0.04500000000000004,0.0,2,2,0.49185925119999985,0.65,2.3200000000000003
CAND-D58DBD3CB780AF,NIPPON_STEEL_JP,Nippon Steel,P1,PORT-ED90F4FED395,ACCELERATED_15C,319.888964,66679.831,208.4468,False,False,2035,16.447753591632598,-16.447753591632598,True,True,True,True,,0.0,0.0,0.0,2,2,0.49185925119999985,0.65,2.3200000000000003
CAND-D591519E851753,NIPPON_STEEL_JP,Nippon Steel,P1,PORT-8A3AD855BFD4,DISCLOSED_PATH,335.423927,28236.767,84.182328,True,True,,0.0,3.446647212967946e-06,True,True,True,True,,0.0,0.0,0.0,2,2,0.3603653631999999,0.65,1.36
CAND-D591519E851753,NIPPON_STEEL_JP,Nippon Steel,P1,PORT-8A3AD855BFD4,ACCELERATED_15C,335.423927,25083.075,74.780219,False,False,2035,14.445002639999998,-14.445002639999998,True,True,True,True,,0.0,0.0,0.0,2,2,0.3603653631999999,0.65,1.36
CAND-D5FFDB7EE708DF,NIPPON_STEEL_JP,Nippon Steel,P1,PORT-FFBC6AEA16BA,DISCLOSED_PATH,333.838973,16701.024,50.027183,True,True,,0.0,3.446647212967946e-06,True,True,True,True,,0.0,0.0,0.0,2,2,0.3603653631999999,0.65,1.36
CAND-D5FFDB7EE708DF,NIPPON_STEEL_JP,Nippon Steel,P1,PORT-FFBC6AEA16BA,ACCELERATED_15C,333.838973,12830.848,38.434244,False,False,2035,14.159996745,-14.159996745,True,True,True,True,,0.0,0.0,0.0,2,2,0.3603653631999999,0.65,1.36
CAND-D6DD0F7499B62C,NIPPON_STEEL_JP,Nippon Steel,P3,PORT-D6A44514D4F3,DISCLOSED_PATH,237.098938,40795.754,172.062152,False,False,2030,7.39000111,-7.39000111,True,True,True,True,,0.0,0.0,0.0,2,2,0.4051035136000001,0.65,1.68
CAND-D6DD0F7499B62C,NIPPON_STEEL_JP,Nippon Steel,P3,PORT-D6A44514D4F3,ACCELERATED_15C,237.098938,38745.486,163.414842,False,False,2030,24.39000111,-24.39000111,True,True,True,True,,0.0,0.0,0.0,2,2,0.4051035136000001,0.65,1.68
CAND-D6F99BE225DC16,NIPPON_STEEL_JP,Nippon Steel,P2,PORT-9B74CD51B8DB,DISCLOSED_PATH,299.503943,36159.226,120.730382,False,False,2030,0.6504345533527953,-0.6504345533527953,True,True,True,True,,0.0,0.0,0.0,2,2,0.45364541439999984,0.65,2.0
CAND-D6F99BE225DC16,NIPPON_STEEL_JP,Nippon Steel,P2,PORT-9B74CD51B8DB,ACCELERATED_15C,299.503943,33606.504,112.207219,False,False,2030,10.767755686632597,-10.767755686632597,True,True,True,True,,0.0,0.0,0.0,2,2,0.45364541439999984,0.65,2.0
CAND-D6FDA02B10D7AD,NIPPON_STEEL_JP,Nippon Steel,P2,PORT-685CF3088EF5,DISCLOSED_PATH,357.968969,74509.546,208.145266,True,False,,0.0,3.446647212967946e-06,False,False,True,True,2029,0.0,0.04500000000000004,0.0,2,2,0.49185925119999985,0.65,2.3200000000000003
CAND-D6FDA02B10D7AD,NIPPON_STEEL_JP,Nippon Steel,P2,PORT-685CF3088EF5,ACCELERATED_15C,357.968969,73032.754,204.01979,False,False,2035,8.91999771,-8.91999771,True,True,True,True,,0.0,0.0,0.0,2,2,0.49185925119999985,0.65,2.3200000000000003
CAND-D7872FE02A96EF,NIPPON_STEEL_JP,Nippon Steel,P1,PORT-284F27E6B94C,DISCLOSED_PATH,381.098937,28973.214,76.02544,True,True,,0.0,3.446647212967946e-06,True,True,True,True,,0.0,0.0,0.0,2,2,0.3603653631999999,0.65,1.36
CAND-D7872FE02A96EF,NIPPON_STEEL_JP,Nippon Steel,P1,PORT-284F27E6B94C,ACCELERATED_15C,381.098937,25219.643,66.176105,False,False,2040,13.140001334999997,-13.140001334999997,True,True,True,True,,0.0,0.0,0.0,2,2,0.3603653631999999,0.65,1.36
CAND-D78AA4265F93FA,NIPPON_STEEL_JP,Nippon Steel,P1,PORT-9D11099D9A8A,DISCLOSED_PATH,403.023932,73786.328,183.081754,True,False,,0.0,3.446647212967946e-06,False,False,True,True,2029,0.0,0.04500000000000004,0.0,2,2,0.45364541439999984,0.65,2.0
CAND-D78AA4265F93FA,NIPPON_STEEL_JP,Nippon Steel,P1,PORT-9D11099D9A8A,ACCELERATED_15C,403.023932,72399.243,179.640059,False,False,2035,5.907756991632596,-5.907756991632596,True,True,True,True,,0.0,0.0,0.0,2,2,0.45364541439999984,0.65,2.0
CAND-D827C39ACBB086,NIPPON_STEEL_JP,Nippon Steel,P1,PORT-0ADF0E82C4B6,DISCLOSED_PATH,278.553946,5665.993,20.34074,False,False,2030,0.6504345533527953,-0.6504345533527953,False,False,True,True,2038,1.919999640000004,0.0,0.0,2,2,0.31226275839999995,0.65,1.04
CAND-D827C39ACBB086,NIPPON_STEEL_JP,Nippon Steel,P1,PORT-0ADF0E82C4B6,ACCELERATED_15C,278.553946,1648.82,5.919212,False,False,2030,12.317755186632596,-12.317755186632596,True,True,True,True,,0.0,0.0,0.0,2,2,0.31226275839999995,0.65,1.04
CAND-D862A4AE5F72FA,NIPPON_STEEL_JP,Nippon Steel,P3,PORT-93BA44A86FDE,DISCLOSED_PATH,468.703944,56196.179,119.896962,True,True,,0.0,3.446647212967946e-06,True,True,True,True,,0.0,0.0,0.0,2,2,0.5333221247999999,0.65,2.6399999999999997
CAND-D862A4AE5F72FA,NIPPON_STEEL_JP,Nippon Steel,P3,PORT-93BA44A86FDE,ACCELERATED_15C,468.703944,51476.554,109.82744,True,True,,0.0,3.446647212967946e-06,True,True,True,True,,0.0,0.0,0.0,2,2,0.5333221247999999,0.65,2.6399999999999997
CAND-D86DEC009AD2B4,NIPPON_STEEL_JP,Nippon Steel,P4,PORT-A16166E967FC,DISCLOSED_PATH,324.428941,57120.205,176.063839,False,False,2030,0.6504345533527953,-0.6504345533527953,True,True,True,True,,0.0,0.0,0.0,2,2,0.49185925119999996,0.65,2.3200000000000003
CAND-D86DEC009AD2B4,NIPPON_STEEL_JP,Nippon Steel,P4,PORT-A16166E967FC,ACCELERATED_15C,324.428941,53130.718,163.766889,False,False,2030,14.869999919999998,-14.869999919999998,True,True,True,True,,0.0,0.0,0.0,2,2,0.49185925119999996,0.65,2.3200000000000003
CAND-D8B663A03A2D8E,NIPPON_STEEL_JP,Nippon Steel,P3,PORT-888EB63E71B0,DISCLOSED_PATH,420.698938,86197.6,204.891413,True,False,,0.0,3.446647212967946e-06,False,False,True,True,2029,0.0,0.04500000000000004,0.0,2,2,0.49185925119999996,0.65,2.3200000000000003
CAND-D8B663A03A2D8E,NIPPON_STEEL_JP,Nippon Steel,P3,PORT-888EB63E71B0,ACCELERATED_15C,420.698938,82794.884,196.803168,False,False,2040,9.09000111,-9.09000111,True,True,True,True,,0.0,0.0,0.0,2,2,0.49185925119999996,0.65,2.3200000000000003
CAND-D9D951ACB26CDA,NIPPON_STEEL_JP,Nippon Steel,P1,PORT-B8A913DFD01F,DISCLOSED_PATH,313.238967,50152.95,160.110828,False,False,2040,4.429997935000003,-4.429997935000003,False,False,True,True,2029,0.0,0.04500000000000004,0.0,2,2,0.3325551616,0.65,1.2000000000000002
CAND-D9D951ACB26CDA,NIPPON_STEEL_JP,Nippon Steel,P1,PORT-B8A913DFD01F,ACCELERATED_15C,313.238967,48564.043,155.038321,False,False,2035,21.429997935000003,-21.429997935000003,True,True,True,True,,0.0,0.0,0.0,2,2,0.3325551616,0.65,1.2000000000000002
CAND-DA34AA68AEB99B,NIPPON_STEEL_JP,Nippon Steel,P3,PORT-EDF18767D12A,DISCLOSED_PATH,398.568974,72793.1,182.636142,True,False,,0.0,3.446647212967946e-06,False,False,True,True,2029,0.0,0.04500000000000004,0.0,2,2,0.5130317823999999,0.65,2.48
CAND-DA34AA68AEB99B,NIPPON_STEEL_JP,Nippon Steel,P3,PORT-EDF18767D12A,ACCELERATED_15C,398.568974,69181.065,173.573634,False,False,2035,4.207752061632604,-4.207752061632604,True,True,True,True,,0.0,0.0,0.0,2,2,0.5130317823999999,0.65,2.48
CAND-DAE87637C5F2F5,NIPPON_STEEL_JP,Nippon Steel,P2,PORT-1A4B19920DEE,DISCLOSED_PATH,400.843975,78682.195,196.291326,True,False,,0.0,3.446647212967946e-06,False,False,True,True,2029,0.0,0.04500000000000004,0.0,2,2,0.5130317823999999,0.65,2.4800000000000004
CAND-DAE87637C5F2F5,NIPPON_STEEL_JP,Nippon Steel,P2,PORT-1A4B19920DEE,ACCELERATED_15C,400.843975,76822.723,191.652434,False,False,2035,4.207752061632604,-4.207752061632604,True,True,True,True,,0.0,0.0,0.0,2,2,0.5130317823999999,0.65,2.4800000000000004
CAND-DAFD63C40E33F4,NIPPON_STEEL_JP,Nippon Steel,P4,PORT-8FDDBD12DDAB,DISCLOSED_PATH,362.848962,69716.091,192.135292,True,False,,0.0,3.446647212967946e-06,False,False,True,True,2028,0.0,0.195,0.0,2,2,0.49185925119999985,0.65,2.3200000000000003
CAND-DAFD63C40E33F4,NIPPON_STEEL_JP,Nippon Steel,P4,PORT-8FDDBD12DDAB,ACCELERATED_15C,362.848962,64929.362,178.943221,False,False,2035,11.639998049999999,-11.639998049999999,True,True,True,True,,0.0,0.0,0.0,2,2,0.49185925119999985,0.65,2.3200000000000003
CAND-DBB28F763D22FF,NIPPON_STEEL_JP,Nippon Steel,P1,PORT-EFA421F0E7E7,DISCLOSED_PATH,406.748943,70579.576,173.521229,True,False,,0.0,3.446647212967946e-06,False,False,True,True,2029,0.0,0.04500000000000004,0.0,2,2,0.4298908671999999,0.65,1.84
CAND-DBB28F763D22FF,NIPPON_STEEL_JP,Nippon Steel,P1,PORT-EFA421F0E7E7,ACCELERATED_15C,406.748943,69065.041,169.797716,False,False,2040,10.640000609999998,-10.640000609999998,True,True,True,True,,0.0,0.0,0.0,2,2,0.4298908671999999,0.65,1.84
CAND-DBBBD19B95B511,NIPPON_STEEL_JP,Nippon Steel,P2,PORT-4270128735D9,DISCLOSED_PATH,321.068932,49079.612,152.863163,False,False,2040,5.880002140000002,-5.880002140000002,False,False,True,True,2029,0.0,0.04500000000000004,0.0,1,2,0.3325551616,0.65,1.2000000000000002
CAND-DBBBD19B95B511,NIPPON_STEEL_JP,Nippon Steel,P2,PORT-4270128735D9,ACCELERATED_15C,321.068932,46744.309,145.589638,False,False,2035,22.880002140000002,-22.880002140000002,True,True,True,True,,0.0,0.0,0.0,1,2,0.3325551616,0.65,1.2000000000000002
CAND-DBD4D12002E8D2,NIPPON_STEEL_JP,Nippon Steel,P1,PORT-EF8B17A58845,DISCLOSED_PATH,425.828938,55244.647,129.734365,True,True,,0.0,3.446647212967946e-06,True,True,True,True,,0.0,0.0,0.0,2,2,0.5130317823999999,0.65,2.48
CAND-DBD4D12002E8D2,NIPPON_STEEL_JP,Nippon Steel,P1,PORT-EF8B17A58845,ACCELERATED_15C,425.828938,52641.343,123.620868,False,False,2040,0.630001110000002,-0.630001110000002,True,True,True,True,,0.0,0.0,0.0,2,2,0.5130317823999999,0.65,2.48
CAND-DBF77507DB79CD,NIPPON_STEEL_JP,Nippon Steel,P1,PORT-9B74CD51B8DB,DISCLOSED_PATH,299.503943,36997.201,123.528259,False,False,2030,0.6504345533527953,-0.6504345533527953,True,True,True,True,,0.0,0.0,0.0,2,2,0.45364541439999984,0.65,2.0
CAND-DBF77507DB79CD,NIPPON_STEEL_JP,Nippon Steel,P1,PORT-9B74CD51B8DB,ACCELERATED_15C,299.503943,34900.468,116.527576,False,False,2030,10.767755686632597,-10.767755686632597,True,True,True,True,,0.0,0.0,0.0,2,2,0.45364541439999984,0.65,2.0
CAND-DC0C13157A14E7,NIPPON_STEEL_JP,Nippon Steel,P1,PORT-1B8D3CFF1438,DISCLOSED_PATH,210.243974,22233.985,105.753259,False,False,2030,3.007752061632594,-3.007752061632594,True,True,True,True,,0.0,0.0,0.0,2,2,0.3603653631999999,0.65,1.36
CAND-DC0C13157A14E7,NIPPON_STEEL_JP,Nippon Steel,P1,PORT-1B8D3CFF1438,ACCELERATED_15C,210.243974,20483.173,97.42573,False,False,2030,19.507752061632594,-19.507752061632594,True,True,True,True,,0.0,0.0,0.0,2,2,0.3603653631999999,0.65,1.36
CAND-DC5EB107F15497,NIPPON_STEEL_JP,Nippon Steel,P2,PORT-41756371AE05,DISCLOSED_PATH,421.103938,47389.825,112.537122,True,True,,0.0,3.446647212967946e-06,True,True,True,True,,0.0,0.0,0.0,2,2,0.45364541439999984,0.65,2.0
CAND-DC5EB107F15497,NIPPON_STEEL_JP,Nippon Steel,P2,PORT-41756371AE05,ACCELERATED_15C,421.103938,43819.836,104.059431,False,False,2040,2.2050011100000013,-2.2050011100000013,True,True,True,True,,0.0,0.0,0.0,2,2,0.45364541439999984,0.65,2.0
CAND-DCA2E6FB757F4D,NIPPON_STEEL_JP,Nippon Steel,P4,PORT-678524C3B106,DISCLOSED_PATH,530.618941,62756.191,118.269791,True,False,,0.0,3.446647212967946e-06,False,False,True,True,2028,0.0,0.0,0.5400000000000009,2,2,0.5333221247999999,0.65,2.6399999999999997
CAND-DCA2E6FB757F4D,NIPPON_STEEL_JP,Nippon Steel,P4,PORT-678524C3B106,ACCELERATED_15C,530.618941,56196.95,105.908299,True,True,,0.0,3.446647212967946e-06,True,True,True,True,,0.0,0.0,0.0,2,2,0.5333221247999999,0.65,2.6399999999999997
CAND-DCF86E3DE6D95B,NIPPON_STEEL_JP,Nippon Steel,P2,PORT-1DC8D35FFDC5,DISCLOSED_PATH,493.428943,98294.44,199.20688,True,False,,0.0,3.446647212967946e-06,False,False,True,True,2029,0.0,0.04500000000000004,0.0,2,2,0.5840479807999999,0.65,3.12
CAND-DCF86E3DE6D95B,NIPPON_STEEL_JP,Nippon Steel,P2,PORT-1DC8D35FFDC5,ACCELERATED_15C,493.428943,96102.768,194.765162,True,True,,0.0,3.446647212967946e-06,True,True,True,True,,0.0,0.0,0.0,2,2,0.5840479807999999,0.65,3.12
CAND-DD31BC9714F54E,NIPPON_STEEL_JP,Nippon Steel,P1,PORT-11E9ABA45603,DISCLOSED_PATH,373.438975,79678.915,213.365291,True,False,,0.0,3.446647212967946e-06,False,False,True,True,2029,0.0,0.04500000000000004,0.0,2,2,0.49185925119999996,0.65,2.3200000000000003
CAND-DD31BC9714F54E,NIPPON_STEEL_JP,Nippon Steel,P1,PORT-11E9ABA45603,ACCELERATED_15C,373.438975,79324.769,212.416952,False,False,2035,10.10999652,-10.10999652,True,True,True,True,,0.0,0.0,0.0,2,2,0.49185925119999996,0.65,2.3200000000000003
CAND-DD96E5530FCF01,NIPPON_STEEL_JP,Nippon Steel,P1,PORT-523FC992190F,DISCLOSED_PATH,410.023933,83746.006,204.246628,True,False,,0.0,3.446647212967946e-06,False,False,True,True,2029,0.0,0.04500000000000004,0.0,2,2,0.5130317823999999,0.65,2.4800000000000004
CAND-DD96E5530FCF01,NIPPON_STEEL_JP,Nippon Steel,P1,PORT-523FC992190F,ACCELERATED_15C,410.023933,83002.37,202.432987,False,False,2035,5.907756991632596,-5.907756991632596,True,True,True,True,,0.0,0.0,0.0,2,2,0.5130317823999999,0.65,2.4800000000000004
CAND-DDDBFC69D8D300,NIPPON_STEEL_JP,Nippon Steel,P1,PORT-DC98E399B19F,DISCLOSED_PATH,373.843975,36209.232,96.856534,True,True,,0.0,3.446647212967946e-06,True,True,True,True,,0.0,0.0,0.0,2,2,0.45364541439999984,0.65,2.0
CAND-DDDBFC69D8D300,NIPPON_STEEL_JP,Nippon Steel,P1,PORT-DC98E399B19F,ACCELERATED_15C,373.843975,33093.242,88.521534,False,False,2035,6.457752061632604,-6.457752061632604,True,True,True,True,,0.0,0.0,0.0,2,2,0.45364541439999984,0.65,2.0
CAND-DE397B98AC02AB,NIPPON_STEEL_JP,Nippon Steel,P3,PORT-674311CC4C19,DISCLOSED_PATH,434.153943,67291.621,154.994839,True,False,,0.0,3.446647212967946e-06,False,False,True,True,2029,0.0,0.04500000000000004,0.0,2,2,0.45364541439999984,0.65,2.0
CAND-DE397B98AC02AB,NIPPON_STEEL_JP,Nippon Steel,P3,PORT-674311CC4C19,ACCELERATED_15C,434.153943,63014.555,145.143343,False,False,2040,1.5050006099999997,-1.5050006099999997,True,True,True,True,,0.0,0.0,0.0,2,2,0.45364541439999984,0.65,2.0
CAND-DE5A7849A96687,NIPPON_STEEL_JP,Nippon Steel,P3,PORT-BB5C0AB9899D,DISCLOSED_PATH,312.103944,52207.982,167.277545,False,False,2030,0.6504345533527953,-0.6504345533527953,True,True,True,True,,0.0,0.0,0.0,2,2,0.5130317823999999,0.65,2.4800000000000004
CAND-DE5A7849A96687,NIPPON_STEEL_JP,Nippon Steel,P3,PORT-BB5C0AB9899D,ACCELERATED_15C,312.103944,49448.964,158.437485,False,False,2030,10.650434553352795,-10.650434553352795,True,True,True,True,,0.0,0.0,0.0,2,2,0.5130317823999999,0.65,2.4800000000000004
CAND-DEF9CECA01EC28,NIPPON_STEEL_JP,Nippon Steel,P5,PORT-FE782E3DCCE9,DISCLOSED_PATH,566.168941,108966.183,192.462311,True,False,,0.0,3.446647212967946e-06,False,False,True,True,2028,0.0,0.195,0.0,2,2,0.6292601567999999,0.65,3.5999999999999996
CAND-DEF9CECA01EC28,NIPPON_STEEL_JP,Nippon Steel,P5,PORT-FE782E3DCCE9,ACCELERATED_15C,566.168941,98246.663,173.528881,True,True,,0.0,3.446647212967946e-06,True,True,True,True,,0.0,0.0,0.0,2,2,0.6292601567999999,0.65,3.5999999999999996
CAND-DFDF81E231C708,NIPPON_STEEL_JP,Nippon Steel,P1,PORT-FA8F3CAC77FA,DISCLOSED_PATH,210.198937,10681.871,50.817914,False,False,2030,6.257756491632598,-6.257756491632598,True,True,True,True,,0.0,0.0,0.0,2,2,0.3603653631999999,0.65,1.3599999999999999
CAND-DFDF81E231C708,NIPPON_STEEL_JP,Nippon Steel,P1,PORT-FA8F3CAC77FA,ACCELERATED_15C,210.198937,8076.839,38.424737,False,False,2030,22.7577564916326,-22.7577564916326,True,True,True,True,,0.0,0.0,0.0,2,2,0.3603653631999999,0.65,1.3599999999999999
CAND-E21C830A365AE4,NIPPON_STEEL_JP,Nippon Steel,P4,PORT-0A4F2D1AAC52,DISCLOSED_PATH,425.408928,84401.084,198.399889,True,False,,0.0,3.446647212967946e-06,False,False,True,True,2028,0.0,0.195,0.0,2,2,0.49185925119999996,0.65,2.3200000000000003
CAND-E21C830A365AE4,NIPPON_STEEL_JP,Nippon Steel,P4,PORT-0A4F2D1AAC52,ACCELERATED_15C,425.408928,78832.069,185.308919,False,False,2040,11.810001449999998,-11.810001449999998,True,True,True,True,,0.0,0.0,0.0,2,2,0.49185925119999996,0.65,2.3200000000000003
CAND-E2F5A6960B799D,NIPPON_STEEL_JP,Nippon Steel,P1,PORT-1A4B19920DEE,DISCLOSED_PATH,400.843975,80689.815,201.299807,True,False,,0.0,3.446647212967946e-06,False,False,True,True,2029,0.0,0.04500000000000004,0.0,2,2,0.5130317823999999,0.65,2.4800000000000004
CAND-E2F5A6960B799D,NIPPON_STEEL_JP,Nippon Steel,P1,PORT-1A4B19920DEE,ACCELERATED_15C,400.843975,79919.487,199.378043,False,False,2035,4.207752061632604,-4.207752061632604,True,True,True,True,,0.0,0.0,0.0,2,2,0.5130317823999999,0.65,2.4800000000000004
CAND-E305EEE782C913,NIPPON_STEEL_JP,Nippon Steel,P1,PORT-A38E7AB93504,DISCLOSED_PATH,373.798938,24657.118,65.963584,True,True,,0.0,3.446647212967946e-06,True,True,True,True,,0.0,0.0,0.0,2,2,0.45364541439999984,0.65,2.0
CAND-E305EEE782C913,NIPPON_STEEL_JP,Nippon Steel,P1,PORT-A38E7AB93504,ACCELERATED_15C,373.798938,20686.909,55.342342,False,False,2035,9.707756491632594,-9.707756491632594,True,True,True,True,,0.0,0.0,0.0,2,2,0.45364541439999984,0.65,2.0
CAND-E33C2F0DC842E7,NIPPON_STEEL_JP,Nippon Steel,P3,PORT-E3577CB0E245,DISCLOSED_PATH,174.368969,26314.143,150.910697,False,False,2030,7.219997709999994,-7.219997709999994,True,True,True,True,,0.0,0.0,0.0,2,2,0.40510351359999996,0.65,1.6799999999999997
CAND-E33C2F0DC842E7,NIPPON_STEEL_JP,Nippon Steel,P3,PORT-E3577CB0E245,ACCELERATED_15C,174.368969,24629.742,141.250716,False,False,2030,24.219997709999994,-24.219997709999994,True,True,True,True,,0.0,0.0,0.0,2,2,0.40510351359999996,0.65,1.6799999999999997
CAND-E3495A4CA01528,NIPPON_STEEL_JP,Nippon Steel,P1,PORT-7C3E7675F8C1,DISCLOSED_PATH,473.878947,70885.047,149.584714,True,False,,0.0,3.446647212967946e-06,False,False,True,True,2029,0.0,0.04500000000000004,0.0,2,2,0.5333221247999997,0.65,2.6399999999999997
CAND-E3495A4CA01528,NIPPON_STEEL_JP,Nippon Steel,P1,PORT-7C3E7675F8C1,ACCELERATED_15C,473.878947,68244.44,144.012391,True,True,,0.0,3.446647212967946e-06,True,True,True,True,,0.0,0.0,0.0,2,2,0.5333221247999997,0.65,2.6399999999999997
CAND-E4663FE3C9ECC2,NIPPON_STEEL_JP,Nippon Steel,P2,PORT-FBD236D8DF23,DISCLOSED_PATH,392.968973,67281.58,171.213467,True,False,,0.0,3.446647212967946e-06,False,False,True,True,2029,0.0,0.04500000000000004,0.0,2,2,0.5130317823999999,0.65,2.48
CAND-E4663FE3C9ECC2,NIPPON_STEEL_JP,Nippon Steel,P2,PORT-FBD236D8DF23,ACCELERATED_15C,392.968973,64832.317,164.980753,False,False,2035,6.007752286632595,-6.007752286632595,True,True,True,True,,0.0,0.0,0.0,2,2,0.5130317823999999,0.65,2.48
CAND-E49F4FE9C884CE,NIPPON_STEEL_JP,Nippon Steel,P4,PORT-1DB2DF852C68,DISCLOSED_PATH,542.268945,82334.333,151.833023,True,False,,0.0,3.446647212967946e-06,False,False,True,True,2028,0.0,0.195,0.0,2,2,0.5333221247999997,0.65,2.6399999999999997
CAND-E49F4FE9C884CE,NIPPON_STEEL_JP,Nippon Steel,P4,PORT-1DB2DF852C68,ACCELERATED_15C,542.268945,75234.242,138.739721,True,True,,0.0,3.446647212967946e-06,True,True,True,True,,0.0,0.0,0.0,2,2,0.5333221247999997,0.65,2.6399999999999997
CAND-E4B395B30BE83D,NIPPON_STEEL_JP,Nippon Steel,P1,PORT-E014E041276B,DISCLOSED_PATH,435.503937,74464.696,170.985128,True,False,,0.0,3.446647212967946e-06,False,False,True,True,2029,0.0,0.04500000000000004,0.0,2,2,0.45364541439999984,0.65,2.0
CAND-E4B395B30BE83D,NIPPON_STEEL_JP,Nippon Steel,P1,PORT-E014E041276B,ACCELERATED_15C,435.503937,72640.606,166.79667,False,False,2040,1.7550013349999993,-1.7550013349999993,True,True,True,True,,0.0,0.0,0.0,2,2,0.45364541439999984,0.65,2.0
CAND-E51140240B04DC,NIPPON_STEEL_JP,Nippon Steel,P2,PORT-A2A3E35D3296,DISCLOSED_PATH,479.478948,77509.881,161.6544,True,False,,0.0,3.446647212967946e-06,False,False,True,True,2029,0.0,0.04500000000000004,0.0,2,2,0.5333221247999997,0.65,2.6399999999999997
CAND-E51140240B04DC,NIPPON_STEEL_JP,Nippon Steel,P2,PORT-A2A3E35D3296,ACCELERATED_15C,479.478948,74367.914,155.10152,True,True,,0.0,3.446647212967946e-06,True,True,True,True,,0.0,0.0,0.0,2,2,0.5333221247999997,0.65,2.6399999999999997
CAND-E55AC281B1F244,NIPPON_STEEL_JP,Nippon Steel,P2,PORT-FFC501C9F3BC,DISCLOSED_PATH,486.478949,87207.971,179.263608,True,False,,0.0,3.446647212967946e-06,False,False,True,True,2029,0.0,0.04500000000000004,0.0,2,2,0.5840479807999999,0.65,3.12
CAND-E55AC281B1F244,NIPPON_STEEL_JP,Nippon Steel,P2,PORT-FFC501C9F3BC,ACCELERATED_15C,486.478949,84565.027,173.830803,True,True,,0.0,3.446647212967946e-06,True,True,True,True,,0.0,0.0,0.0,2,2,0.5840479807999999,0.65,3.12
CAND-E5928F5B86E86C,NIPPON_STEEL_JP,Nippon Steel,P3,PORT-060F7B7B1610,DISCLOSED_PATH,231.148933,39540.328,171.059965,False,False,2030,4.7077569916326,-4.7077569916326,True,True,True,True,,0.0,0.0,0.0,2,2,0.49185925119999996,0.65,2.32
CAND-E5928F5B86E86C,NIPPON_STEEL_JP,Nippon Steel,P3,PORT-060F7B7B1610,ACCELERATED_15C,231.148933,37472.201,162.112802,False,False,2030,21.2077569916326,-21.2077569916326,True,True,True,True,,0.0,0.0,0.0,2,2,0.49185925119999996,0.65,2.32
CAND-E5CF9B23075519,NIPPON_STEEL_JP,Nippon Steel,P3,PORT-D7554D828762,DISCLOSED_PATH,367.148927,74549.598,203.050022,True,False,,0.0,3.446647212967946e-06,False,False,True,True,2029,0.0,0.04500000000000004,0.0,2,2,0.49185925119999985,0.65,2.3200000000000003
CAND-E5CF9B23075519,NIPPON_STEEL_JP,Nippon Steel,P3,PORT-D7554D828762,ACCELERATED_15C,367.148927,71422.333,194.53232,False,False,2035,10.620002640000003,-10.620002640000003,True,True,True,True,,0.0,0.0,0.0,2,2,0.49185925119999985,0.65,2.3200000000000003
CAND-E5E27EFCCA1223,NIPPON_STEEL_JP,Nippon Steel,P5,PORT-40EDEEC77DD5,DISCLOSED_PATH,509.048934,97467.972,191.470733,True,False,,0.0,3.446647212967946e-06,False,False,True,True,2028,0.0,0.195,0.0,2,2,0.5659631103999998,0.65,2.96
CAND-E5E27EFCCA1223,NIPPON_STEEL_JP,Nippon Steel,P5,PORT-40EDEEC77DD5,ACCELERATED_15C,509.048934,87723.541,172.328308,True,True,,0.0,3.446647212967946e-06,True,True,True,True,,0.0,0.0,0.0,2,2,0.5659631103999998,0.65,2.96
CAND-E5E8CDD04581DB,NIPPON_STEEL_JP,Nippon Steel,P1,PORT-D71AD7929180,DISCLOSED_PATH,366.438974,69719.238,190.261525,True,False,,0.0,3.446647212967946e-06,False,False,True,True,2029,0.0,0.04500000000000004,0.0,2,2,0.4298908671999999,0.65,1.84
CAND-E5E8CDD04581DB,NIPPON_STEEL_JP,Nippon Steel,P1,PORT-D71AD7929180,ACCELERATED_15C,366.438974,68721.642,187.539119,False,False,2035,11.509996694999998,-11.509996694999998,True,True,True,True,,0.0,0.0,0.0,2,2,0.4298908671999999,0.65,1.84
CAND-E5F67C1DAF70E2,NIPPON_STEEL_JP,Nippon Steel,P3,PORT-1DC8D35FFDC5,DISCLOSED_PATH,493.428943,94648.764,191.818428,True,False,,0.0,3.446647212967946e-06,False,False,True,True,2029,0.0,0.04500000000000004,0.0,2,2,0.5840479807999999,0.65,3.12
CAND-E5F67C1DAF70E2,NIPPON_STEEL_JP,Nippon Steel,P3,PORT-1DC8D35FFDC5,ACCELERATED_15C,493.428943,90421.261,183.250826,True,True,,0.0,3.446647212967946e-06,True,True,True,True,,0.0,0.0,0.0,2,2,0.5840479807999999,0.65,3.12
CAND-E63CD88A4E2A9B,NIPPON_STEEL_JP,Nippon Steel,P1,PORT-D248600EA55E,DISCLOSED_PATH,302.878949,40886.204,134.991899,False,False,2030,0.6504345533527953,-0.6504345533527953,True,True,True,True,,0.0,0.0,0.0,2,2,0.5130317823999999,0.65,2.48
CAND-E63CD88A4E2A9B,NIPPON_STEEL_JP,Nippon Steel,P1,PORT-D248600EA55E,ACCELERATED_15C,302.878949,39078.928,129.024905,False,False,2030,10.650434553352795,-10.650434553352795,True,True,True,True,,0.0,0.0,0.0,2,2,0.5130317823999999,0.65,2.48
CAND-E6E6E810AB390A,NIPPON_STEEL_JP,Nippon Steel,P1,PORT-20A3A9F442CD,DISCLOSED_PATH,341.668938,16882.994,49.413313,True,True,,0.0,3.446647212967946e-06,True,True,True,True,,0.0,0.0,0.0,2,2,0.3603653631999999,0.65,1.36
CAND-E6E6E810AB390A,NIPPON_STEEL_JP,Nippon Steel,P1,PORT-20A3A9F442CD,ACCELERATED_15C,341.668938,12932.884,37.852093,False,False,2035,15.61000095,-15.61000095,True,True,True,True,,0.0,0.0,0.0,2,2,0.3603653631999999,0.65,1.36
CAND-E6F12FE03FE43A,NIPPON_STEEL_JP,Nippon Steel,P1,PORT-B45DBE81353D,DISCLOSED_PATH,202.368972,10499.901,51.884934,False,False,2030,4.807752286632599,-4.807752286632599,True,True,True,True,,0.0,0.0,0.0,2,2,0.3603653631999999,0.65,1.3599999999999999
CAND-E6F12FE03FE43A,NIPPON_STEEL_JP,Nippon Steel,P1,PORT-B45DBE81353D,ACCELERATED_15C,202.368972,7974.803,39.407242,False,False,2030,21.3077522866326,-21.3077522866326,True,True,True,True,,0.0,0.0,0.0,2,2,0.3603653631999999,0.65,1.3599999999999999
CAND-E760932E023CF7,NIPPON_STEEL_JP,Nippon Steel,P2,PORT-D7554D828762,DISCLOSED_PATH,367.148927,77475.368,211.018913,True,False,,0.0,3.446647212967946e-06,False,False,True,True,2029,0.0,0.04500000000000004,0.0,2,2,0.49185925119999985,0.65,2.3200000000000003
CAND-E760932E023CF7,NIPPON_STEEL_JP,Nippon Steel,P2,PORT-D7554D828762,ACCELERATED_15C,367.148927,75978.515,206.941951,False,False,2035,10.620002640000003,-10.620002640000003,True,True,True,True,,0.0,0.0,0.0,2,2,0.49185925119999985,0.65,2.3200000000000003
CAND-E7BFFBF5641997,NIPPON_STEEL_JP,Nippon Steel,P3,PORT-872DBBAC9225,DISCLOSED_PATH,335.018927,67175.544,200.512683,False,False,2040,4.330002640000004,-4.330002640000004,False,False,True,True,2029,0.0,0.04500000000000004,0.0,2,2,0.40510351359999996,0.65,1.6800000000000002
CAND-E7BFFBF5641997,NIPPON_STEEL_JP,Nippon Steel,P3,PORT-872DBBAC9225,ACCELERATED_15C,335.018927,64297.881,191.923128,False,False,2035,21.330002640000004,-21.330002640000004,True,True,True,True,,0.0,0.0,0.0,2,2,0.40510351359999996,0.65,1.6800000000000002
CAND-E7F16C2C0D593E,NIPPON_STEEL_JP,Nippon Steel,P3,PORT-FFC501C9F3BC,DISCLOSED_PATH,486.478949,84038.6,172.748689,True,False,,0.0,3.446647212967946e-06,False,False,True,True,2029,0.0,0.04500000000000004,0.0,2,2,0.5840479807999999,0.65,3.12
CAND-E7F16C2C0D593E,NIPPON_STEEL_JP,Nippon Steel,P3,PORT-FFC501C9F3BC,ACCELERATED_15C,486.478949,79634.062,163.694776,True,True,,0.0,3.446647212967946e-06,True,True,True,True,,0.0,0.0,0.0,2,2,0.5840479807999999,0.65,3.12
CAND-E7FD258BF6CA59,NIPPON_STEEL_JP,Nippon Steel,P2,PORT-8C7EDF2A8213,DISCLOSED_PATH,426.278941,58440.366,137.094191,True,False,,0.0,3.446647212967946e-06,False,False,True,True,2029,0.0,0.04500000000000004,0.0,2,2,0.45364541439999984,0.65,2.0
CAND-E7FD258BF6CA59,NIPPON_STEEL_JP,Nippon Steel,P2,PORT-8C7EDF2A8213,ACCELERATED_15C,426.278941,54982.128,128.981572,False,False,2040,1.730000835000002,-1.730000835000002,True,True,True,True,,0.0,0.0,0.0,2,2,0.45364541439999984,0.65,2.0
CAND-E889C7DF8CAF28,NIPPON_STEEL_JP,Nippon Steel,P3,PORT-80CDBDD324C3,DISCLOSED_PATH,287.758964,55712.456,193.608065,False,False,2040,5.349998049999996,-5.349998049999996,False,False,True,True,2029,0.0,0.04500000000000004,0.0,2,2,0.40510351359999996,0.65,1.6800000000000002
CAND-E889C7DF8CAF28,NIPPON_STEEL_JP,Nippon Steel,P3,PORT-80CDBDD324C3,ACCELERATED_15C,287.758964,53156.951,184.727351,False,False,2035,22.349998049999996,-22.349998049999996,True,True,True,True,,0.0,0.0,0.0,2,2,0.40510351359999996,0.65,1.6800000000000002
CAND-E89A9ADA28E05C,NIPPON_STEEL_JP,Nippon Steel,P3,PORT-9037F7D829FB,DISCLOSED_PATH,221.968975,36706.72,165.368695,False,False,2030,3.007752061632594,-3.007752061632594,True,True,True,True,,0.0,0.0,0.0,2,2,0.49185925119999985,0.65,2.3200000000000003
CAND-E89A9ADA28E05C,NIPPON_STEEL_JP,Nippon Steel,P3,PORT-9037F7D829FB,ACCELERATED_15C,221.968975,34729.009,156.458841,False,False,2030,19.507752061632594,-19.507752061632594,True,True,True,True,,0.0,0.0,0.0,2,2,0.49185925119999985,0.65,2.3200000000000003
CAND-E89F56F04ED742,NIPPON_STEEL_JP,Nippon Steel,P3,PORT-7C3E7675F8C1,DISCLOSED_PATH,473.878947,66771.644,140.904433,True,False,,0.0,3.446647212967946e-06,False,False,True,True,2029,0.0,0.04500000000000004,0.0,2,2,0.5333221247999997,0.65,2.6399999999999997
CAND-E89F56F04ED742,NIPPON_STEEL_JP,Nippon Steel,P3,PORT-7C3E7675F8C1,ACCELERATED_15C,473.878947,61889.053,130.600976,True,True,,0.0,3.446647212967946e-06,True,True,True,True,,0.0,0.0,0.0,2,2,0.5333221247999997,0.65,2.6399999999999997
CAND-E99CD205B6FD4B,NIPPON_STEEL_JP,Nippon Steel,P4,PORT-2ED3D5EC6B3F,DISCLOSED_PATH,514.92894,94831.214,184.163692,True,False,,0.0,3.446647212967946e-06,False,False,True,True,2028,0.0,0.195,0.0,2,2,0.5130317823999999,0.65,2.48
CAND-E99CD205B6FD4B,NIPPON_STEEL_JP,Nippon Steel,P4,PORT-2ED3D5EC6B3F,ACCELERATED_15C,514.92894,88104.653,171.100606,False,False,2040,0.9700000949999996,-0.9700000949999996,True,True,True,True,,0.0,0.0,0.0,2,2,0.5130317823999999,0.65,2.48
CAND-E9FAC19F984049,NIPPON_STEEL_JP,Nippon Steel,P1,PORT-AA17EC0396DF,DISCLOSED_PATH,411.878943,33873.117,82.240468,True,True,,0.0,3.446647212967946e-06,True,True,True,True,,0.0,0.0,0.0,2,2,0.45364541439999984,0.65,2.0
CAND-E9FAC19F984049,NIPPON_STEEL_JP,Nippon Steel,P1,PORT-AA17EC0396DF,ACCELERATED_15C,411.878943,29992.821,72.819505,False,False,2040,2.1800006100000004,-2.1800006100000004,True,True,True,True,,0.0,0.0,0.0,2,2,0.45364541439999984,0.65,2.0
CAND-EA8683A770E2E2,NIPPON_STEEL_JP,Nippon Steel,P4,PORT-40EDEEC77DD5,DISCLOSED_PATH,509.048934,102830.413,202.004968,True,False,,0.0,3.446647212967946e-06,False,False,True,True,2028,0.0,0.195,0.0,2,2,0.5659631103999998,0.65,2.96
CAND-EA8683A770E2E2,NIPPON_STEEL_JP,Nippon Steel,P4,PORT-40EDEEC77DD5,ACCELERATED_15C,509.048934,96297.17,189.170753,True,True,,0.0,3.446647212967946e-06,True,True,True,True,,0.0,0.0,0.0,2,2,0.5659631103999998,0.65,2.96
CAND-EAC24E3246F1BE,NIPPON_STEEL_JP,Nippon Steel,P1,PORT-238A2183FB78,DISCLOSED_PATH,284.698944,54483.611,191.372717,False,False,2030,0.6504345533527953,-0.6504345533527953,True,True,True,True,,0.0,0.0,0.0,2,2,0.49185925119999996,0.65,2.3200000000000003
CAND-EAC24E3246F1BE,NIPPON_STEEL_JP,Nippon Steel,P1,PORT-238A2183FB78,ACCELERATED_15C,284.698944,53973.425,189.580701,False,False,2030,14.869999919999998,-14.869999919999998,True,True,True,True,,0.0,0.0,0.0,2,2,0.49185925119999996,0.65,2.3200000000000003
CAND-EAE48692E3502C,NIPPON_STEEL_JP,Nippon Steel,P3,PORT-3F83257DA03C,DISCLOSED_PATH,448.103938,87217.251,194.636207,True,False,,0.0,3.446647212967946e-06,False,False,True,True,2029,0.0,0.04500000000000004,0.0,2,2,0.5130317823999999,0.65,2.4800000000000004
CAND-EAE48692E3502C,NIPPON_STEEL_JP,Nippon Steel,P3,PORT-3F83257DA03C,ACCELERATED_15C,448.103938,83399.095,186.115515,True,True,,0.0,3.446647212967946e-06,True,True,True,True,,0.0,0.0,0.0,2,2,0.5130317823999999,0.65,2.4800000000000004
CAND-EB82641A441550,NIPPON_STEEL_JP,Nippon Steel,P2,PORT-F7D0A7E47A59,DISCLOSED_PATH,438.878943,76438.152,174.166825,True,False,,0.0,3.446647212967946e-06,False,False,True,True,2029,0.0,0.04500000000000004,0.0,2,2,0.5130317823999999,0.65,2.48
CAND-EB82641A441550,NIPPON_STEEL_JP,Nippon Steel,P2,PORT-F7D0A7E47A59,ACCELERATED_15C,438.878943,73873.796,168.323855,True,True,,0.0,3.446647212967946e-06,True,True,True,True,,0.0,0.0,0.0,2,2,0.5130317823999999,0.65,2.48
CAND-EBD30C485CEFDA,NIPPON_STEEL_JP,Nippon Steel,P2,PORT-9E76B3BFF9FF,DISCLOSED_PATH,456.103943,40161.86,88.054182,True,True,,0.0,3.446647212967946e-06,True,True,True,True,,0.0,0.0,0.0,2,2,0.47641018879999986,0.65,2.16
CAND-EBD30C485CEFDA,NIPPON_STEEL_JP,Nippon Steel,P2,PORT-9E76B3BFF9FF,ACCELERATED_15C,456.103943,35619.4,78.094918,True,True,,0.0,3.446647212967946e-06,True,True,True,True,,0.0,0.0,0.0,2,2,0.47641018879999986,0.65,2.16
CAND-EBEE2C9D424D58,NIPPON_STEEL_JP,Nippon Steel,P1,PORT-41756371AE05,DISCLOSED_PATH,421.103938,48481.422,115.129349,True,True,,0.0,3.446647212967946e-06,True,True,True,True,,0.0,0.0,0.0,2,2,0.45364541439999984,0.65,2.0
CAND-EBEE2C9D424D58,NIPPON_STEEL_JP,Nippon Steel,P1,PORT-41756371AE05,ACCELERATED_15C,421.103938,45482.037,108.006677,False,False,2040,2.2050011100000013,-2.2050011100000013,True,True,True,True,,0.0,0.0,0.0,2,2,0.45364541439999984,0.65,2.0
CAND-EBFD77804A64A5,NIPPON_STEEL_JP,Nippon Steel,P3,PORT-7CA9F3BA0776,DISCLOSED_PATH,473.428944,62550.582,132.122428,True,True,,0.0,3.446647212967946e-06,True,True,True,True,,0.0,0.0,0.0,2,2,0.5840479807999999,0.65,3.12
CAND-EBFD77804A64A5,NIPPON_STEEL_JP,Nippon Steel,P3,PORT-7CA9F3BA0776,ACCELERATED_15C,473.428944,57996.795,122.503695,True,True,,0.0,3.446647212967946e-06,True,True,True,True,,0.0,0.0,0.0,2,2,0.5840479807999999,0.65,3.12
CAND-EC3FE6DDFC2D5E,NIPPON_STEEL_JP,Nippon Steel,P1,PORT-4A6E9A9D1D39,DISCLOSED_PATH,354.243972,7752.245,21.883916,True,False,,0.0,3.446647212967946e-06,False,False,True,True,2036,4.0200011400000015,0.0,0.0,2,2,0.31226275839999995,0.65,1.04
CAND-EC3FE6DDFC2D5E,NIPPON_STEEL_JP,Nippon Steel,P1,PORT-4A6E9A9D1D39,ACCELERATED_15C,354.243972,2822.44,7.967504,False,False,2035,8.257752286632595,-8.257752286632595,True,True,True,True,,0.0,0.0,0.0,2,2,0.31226275839999995,0.65,1.04
CAND-ECDE521D21A461,NIPPON_STEEL_JP,Nippon Steel,P2,PORT-C3B77CB55FA1,DISCLOSED_PATH,441.298944,57145.619,129.494122,True,True,,0.0,3.446647212967946e-06,True,True,True,True,,0.0,0.0,0.0,2,2,0.5130317823999999,0.65,2.48
CAND-ECDE521D21A461,NIPPON_STEEL_JP,Nippon Steel,P2,PORT-C3B77CB55FA1,ACCELERATED_15C,441.298944,53912.977,122.168833,False,False,2040,1.8199999200000008,-1.8199999200000008,True,True,True,True,,0.0,0.0,0.0,2,2,0.5130317823999999,0.65,2.48
CAND-EDAD2E54C6CCC3,NIPPON_STEEL_JP,Nippon Steel,P4,PORT-0234FB14C0F3,DISCLOSED_PATH,454.468975,82939.287,182.497138,True,False,,0.0,3.446647212967946e-06,False,False,True,True,2028,0.0,0.195,0.0,2,2,0.5130317823999999,0.65,2.4800000000000004
CAND-EDAD2E54C6CCC3,NIPPON_STEEL_JP,Nippon Steel,P4,PORT-0234FB14C0F3,ACCELERATED_15C,454.468975,77004.994,169.439497,False,False,2040,0.9749965200000013,-0.9749965200000013,True,True,True,True,,0.0,0.0,0.0,2,2,0.5130317823999999,0.65,2.4800000000000004
CAND-EDF199D553E939,NIPPON_STEEL_JP,Nippon Steel,P2,PORT-5ADA91EDF97F,DISCLOSED_PATH,256.628937,31986.577,124.641348,False,False,2030,0.6504345533527953,-0.6504345533527953,True,True,True,True,,0.0,0.0,0.0,2,2,0.4298908671999999,0.65,1.84
CAND-EDF199D553E939,NIPPON_STEEL_JP,Nippon Steel,P2,PORT-5ADA91EDF97F,ACCELERATED_15C,256.628937,29816.535,116.185396,False,False,2030,15.48000133499999,-15.48000133499999,True,True,True,True,,0.0,0.0,0.0,2,2,0.4298908671999999,0.65,1.84
CAND-EEEBBB9E212468,NIPPON_STEEL_JP,Nippon Steel,P2,PORT-7F2E75BEC4B8,DISCLOSED_PATH,348.473932,50093.638,143.751464,True,False,,0.0,3.446647212967946e-06,False,False,True,True,2029,0.0,0.04500000000000004,0.0,2,2,0.3603653631999999,0.65,1.36
CAND-EEEBBB9E212468,NIPPON_STEEL_JP,Nippon Steel,P2,PORT-7F2E75BEC4B8,ACCELERATED_15C,348.473932,47342.4,135.85636,False,False,2035,13.74500214,-13.74500214,True,True,True,True,,0.0,0.0,0.0,2,2,0.3603653631999999,0.65,1.36
CAND-EF43A3C642C9B2,NIPPON_STEEL_JP,Nippon Steel,P2,PORT-EF8B17A58845,DISCLOSED_PATH,425.828938,53986.996,126.780947,True,True,,0.0,3.446647212967946e-06,True,True,True,True,,0.0,0.0,0.0,2,2,0.5130317823999999,0.65,2.48
CAND-EF43A3C642C9B2,NIPPON_STEEL_JP,Nippon Steel,P2,PORT-EF8B17A58845,ACCELERATED_15C,425.828938,50721.097,119.111439,False,False,2040,0.630001110000002,-0.630001110000002,True,True,True,True,,0.0,0.0,0.0,2,2,0.5130317823999999,0.65,2.48
CAND-EF9F86F64A1C2A,NIPPON_STEEL_JP,Nippon Steel,P3,PORT-00B029BF7478,DISCLOSED_PATH,459.478949,42624.951,92.768018,True,True,,0.0,3.446647212967946e-06,True,True,True,True,,0.0,0.0,0.0,2,2,0.5333221247999997,0.65,2.6399999999999997
CAND-EF9F86F64A1C2A,NIPPON_STEEL_JP,Nippon Steel,P3,PORT-00B029BF7478,ACCELERATED_15C,459.478949,37612.255,81.858493,True,True,,0.0,3.446647212967946e-06,True,True,True,True,,0.0,0.0,0.0,2,2,0.5333221247999997,0.65,2.6399999999999997
CAND-F03355E962D887,NIPPON_STEEL_JP,Nippon Steel,P1,PORT-9F881B0E6E71,DISCLOSED_PATH,277.698943,44523.933,160.331662,False,False,2030,0.6504345533527953,-0.6504345533527953,True,True,True,True,,0.0,0.0,0.0,2,2,0.4298908671999999,0.65,1.84
CAND-F03355E962D887,NIPPON_STEEL_JP,Nippon Steel,P1,PORT-9F881B0E6E71,ACCELERATED_15C,277.698943,43370.299,156.177399,False,False,2030,16.270000095,-16.270000095,True,True,True,True,,0.0,0.0,0.0,2,2,0.4298908671999999,0.65,1.84
CAND-F0695CE5FEF2E2,NIPPON_STEEL_JP,Nippon Steel,P1,PORT-ABD3A701F29B,DISCLOSED_PATH,270.748949,33112.081,122.298096,False,False,2030,0.6504345533527953,-0.6504345533527953,True,True,True,True,,0.0,0.0,0.0,2,2,0.4298908671999999,0.65,1.84
CAND-F0695CE5FEF2E2,NIPPON_STEEL_JP,Nippon Steel,P1,PORT-ABD3A701F29B,ACCELERATED_15C,270.748949,31324.903,115.69723,False,False,2030,16.419999419999996,-16.419999419999996,True,True,True,True,,0.0,0.0,0.0,2,2,0.4298908671999999,0.65,1.84
CAND-F085F72121C355,NIPPON_STEEL_JP,Nippon Steel,P3,PORT-1ADC37BD5A8C,DISCLOSED_PATH,371.568974,31379.45,84.451213,True,True,,0.0,3.446647212967946e-06,True,True,True,True,,0.0,0.0,0.0,2,2,0.45364541439999984,0.65,2.0
CAND-F085F72121C355,NIPPON_STEEL_JP,Nippon Steel,P3,PORT-1ADC37BD5A8C,ACCELERATED_15C,371.568974,27159.257,73.093447,False,False,2035,6.457752061632604,-6.457752061632604,True,True,True,True,,0.0,0.0,0.0,2,2,0.45364541439999984,0.65,2.0
CAND-F0DA1D16064D3C,NIPPON_STEEL_JP,Nippon Steel,P1,PORT-B612393E309B,DISCLOSED_PATH,263.748948,23152.403,87.781974,False,False,2030,0.8199995949999987,-0.8199995949999987,True,True,True,True,,0.0,0.0,0.0,2,2,0.3603653631999999,0.65,1.36
CAND-F0DA1D16064D3C,NIPPON_STEEL_JP,Nippon Steel,P1,PORT-B612393E309B,ACCELERATED_15C,263.748948,20721.777,78.566292,False,False,2030,17.819999595,-17.819999595,True,True,True,True,,0.0,0.0,0.0,2,2,0.3603653631999999,0.65,1.36
CAND-F15522591E5526,NIPPON_STEEL_JP,Nippon Steel,P3,PORT-9D6D0AEF4524,DISCLOSED_PATH,481.753949,77684.198,161.252851,True,False,,0.0,3.446647212967946e-06,False,False,True,True,2029,0.0,0.04500000000000004,0.0,2,2,0.5333221247999999,0.65,2.6400000000000006
CAND-F15522591E5526,NIPPON_STEEL_JP,Nippon Steel,P3,PORT-9D6D0AEF4524,ACCELERATED_15C,481.753949,73113.822,151.7659,True,True,,0.0,3.446647212967946e-06,True,True,True,True,,0.0,0.0,0.0,2,2,0.5333221247999999,0.65,2.6400000000000006
CAND-F165B74AB4E54E,NIPPON_STEEL_JP,Nippon Steel,P1,PORT-1D7419482A7C,DISCLOSED_PATH,382.618933,82735.107,216.233698,True,False,,0.0,3.446647212967946e-06,False,False,True,True,2029,0.0,0.04500000000000004,0.0,2,2,0.49185925119999996,0.65,2.3200000000000003
CAND-F165B74AB4E54E,NIPPON_STEEL_JP,Nippon Steel,P1,PORT-1D7419482A7C,ACCELERATED_15C,382.618933,82407.651,215.377871,False,False,2035,11.810001449999998,-11.810001449999998,True,True,True,True,,0.0,0.0,0.0,2,2,0.49185925119999996,0.65,2.3200000000000003
CAND-F2A99A042A9470,NIPPON_STEEL_JP,Nippon Steel,P1,PORT-17F0017D3D64,DISCLOSED_PATH,316.828944,62257.734,196.502672,False,False,2030,0.6504345533527953,-0.6504345533527953,True,True,True,True,,0.0,0.0,0.0,2,2,0.5659631103999998,0.65,2.96
CAND-F2A99A042A9470,NIPPON_STEEL_JP,Nippon Steel,P1,PORT-17F0017D3D64,ACCELERATED_15C,316.828944,61727.45,194.828947,False,False,2030,10.650434553352795,-10.650434553352795,True,True,True,True,,0.0,0.0,0.0,2,2,0.5659631103999998,0.65,2.96
CAND-F2C85FD9DBF09F,NIPPON_STEEL_JP,Nippon Steel,P1,PORT-A4A46F7A08A6,DISCLOSED_PATH,441.748947,63110.923,142.866042,True,False,,0.0,3.446647212967946e-06,False,False,True,True,2029,0.0,0.04500000000000004,0.0,2,2,0.45364541439999984,0.65,2.0
CAND-F2C85FD9DBF09F,NIPPON_STEEL_JP,Nippon Steel,P1,PORT-A4A46F7A08A6,ACCELERATED_15C,441.748947,60490.416,136.933922,False,False,2040,2.919999644999997,-2.919999644999997,True,True,True,True,,0.0,0.0,0.0,2,2,0.45364541439999984,0.65,2.0
CAND-F34D8ED8861A88,NIPPON_STEEL_JP,Nippon Steel,P1,PORT-B837EC1770B6,DISCLOSED_PATH,178.823927,24221.198,135.447189,False,False,2030,10.495002640000003,-10.495002640000003,True,True,True,True,,0.0,0.0,0.0,2,2,0.33255516159999987,0.65,1.2
CAND-F34D8ED8861A88,NIPPON_STEEL_JP,Nippon Steel,P1,PORT-B837EC1770B6,ACCELERATED_15C,178.823927,23076.132,129.04387,False,False,2030,27.495002640000003,-27.495002640000003,True,True,True,True,,0.0,0.0,0.0,2,2,0.33255516159999987,0.65,1.2
CAND-F3909595191750,NIPPON_STEEL_JP,Nippon Steel,P2,PORT-265CE4378B75,DISCLOSED_PATH,500.428944,107992.53,215.799929,True,False,,0.0,3.446647212967946e-06,False,False,True,True,2029,0.0,0.04500000000000004,0.0,2,2,0.6292601567999999,0.65,3.5999999999999996
CAND-F3909595191750,NIPPON_STEEL_JP,Nippon Steel,P2,PORT-265CE4378B75,ACCELERATED_15C,500.428944,106299.881,212.417531,True,True,,0.0,3.446647212967946e-06,True,True,True,True,,0.0,0.0,0.0,2,2,0.6292601567999999,0.65,3.5999999999999996
CAND-F4730A02D18127,NIPPON_STEEL_JP,Nippon Steel,P1,PORT-872DBBAC9225,DISCLOSED_PATH,335.018927,71706.451,214.037013,False,False,2040,4.330002640000004,-4.330002640000004,False,False,True,True,2029,0.0,0.04500000000000004,0.0,2,2,0.40510351359999996,0.65,1.6800000000000002
CAND-F4730A02D18127,NIPPON_STEEL_JP,Nippon Steel,P1,PORT-872DBBAC9225,ACCELERATED_15C,335.018927,71314.601,212.86738,False,False,2035,21.330002640000004,-21.330002640000004,True,True,True,True,,0.0,0.0,0.0,2,2,0.40510351359999996,0.65,1.6800000000000002
CAND-F4A409A209287A,NIPPON_STEEL_JP,Nippon Steel,P1,PORT-6595376D3E3B,DISCLOSED_PATH,480.828942,82296.899,171.156293,True,False,,0.0,3.446647212967946e-06,False,False,True,True,2029,0.0,0.04500000000000004,0.0,2,2,0.5333221247999997,0.65,2.6399999999999997
CAND-F4A409A209287A,NIPPON_STEEL_JP,Nippon Steel,P1,PORT-6595376D3E3B,ACCELERATED_15C,480.828942,80289.836,166.982119,True,True,,0.0,3.446647212967946e-06,True,True,True,True,,0.0,0.0,0.0,2,2,0.5333221247999997,0.65,2.6399999999999997
CAND-F4CBAE57D2715E,NIPPON_STEEL_JP,Nippon Steel,P2,PORT-C7C771297A75,DISCLOSED_PATH,381.243972,50986.32,133.736724,True,False,,0.0,3.446647212967946e-06,False,False,True,True,2029,0.0,0.04500000000000004,0.0,2,2,0.3870168063999999,0.65,1.52
CAND-F4CBAE57D2715E,NIPPON_STEEL_JP,Nippon Steel,P2,PORT-C7C771297A75,ACCELERATED_15C,381.243972,47733.943,125.205765,False,False,2035,6.007752286632595,-6.007752286632595,True,True,True,True,,0.0,0.0,0.0,2,2,0.3870168063999999,0.65,1.52
CAND-F6184286A4322F,NIPPON_STEEL_JP,Nippon Steel,P2,PORT-6742936593A9,DISCLOSED_PATH,454.753949,37375.086,82.187491,True,True,,0.0,3.446647212967946e-06,True,True,True,True,,0.0,0.0,0.0,2,2,0.47641018879999986,0.65,2.16
CAND-F6184286A4322F,NIPPON_STEEL_JP,Nippon Steel,P2,PORT-6742936593A9,ACCELERATED_15C,454.753949,32776.213,72.074609,True,True,,0.0,3.446647212967946e-06,True,True,True,True,,0.0,0.0,0.0,2,2,0.47641018879999986,0.65,2.16
CAND-F6EE283DA57898,NIPPON_STEEL_JP,Nippon Steel,P1,PORT-C8F6A070F6D3,DISCLOSED_PATH,305.103943,45534.832,149.24367,False,False,2030,0.6504345533527953,-0.6504345533527953,True,True,True,True,,0.0,0.0,0.0,2,2,0.45364541439999984,0.65,2.0
CAND-F6EE283DA57898,NIPPON_STEEL_JP,Nippon Steel,P1,PORT-C8F6A070F6D3,ACCELERATED_15C,305.103943,43965.017,144.098489,False,False,2030,10.650434553352795,-10.650434553352795,True,True,True,True,,0.0,0.0,0.0,2,2,0.45364541439999984,0.65,2.0
CAND-F7667943C768AB,NIPPON_STEEL_JP,Nippon Steel,P2,PORT-4B5687E526DA,DISCLOSED_PATH,224.148932,31308.748,139.678329,False,False,2030,4.7077569916326,-4.7077569916326,True,True,True,True,,0.0,0.0,0.0,2,2,0.4298908671999999,0.65,1.84
CAND-F7667943C768AB,NIPPON_STEEL_JP,Nippon Steel,P2,PORT-4B5687E526DA,ACCELERATED_15C,224.148932,29572.186,131.930969,False,False,2030,21.2077569916326,-21.2077569916326,True,True,True,True,,0.0,0.0,0.0,2,2,0.4298908671999999,0.65,1.84
CAND-F8B8AA7A9698E5,NIPPON_STEEL_JP,Nippon Steel,P2,PORT-EB022BB10102,DISCLOSED_PATH,272.098943,35145.2,129.16331,False,False,2030,0.6504345533527953,-0.6504345533527953,True,True,True,True,,0.0,0.0,0.0,2,2,0.4298908671999999,0.65,1.84
CAND-F8B8AA7A9698E5,NIPPON_STEEL_JP,Nippon Steel,P2,PORT-EB022BB10102,ACCELERATED_15C,272.098943,33008.414,121.310336,False,False,2030,16.670000144999996,-16.670000144999996,True,True,True,True,,0.0,0.0,0.0,2,2,0.4298908671999999,0.65,1.84
CAND-F91D2F869F5EC9,NIPPON_STEEL_JP,Nippon Steel,P1,PORT-052CDA750153,DISCLOSED_PATH,358.968972,14515.47,40.436558,True,False,,0.0,3.446647212967946e-06,False,False,True,True,2036,1.1500011400000005,0.0,0.0,2,2,0.3870168063999999,0.65,1.52
CAND-F91D2F869F5EC9,NIPPON_STEEL_JP,Nippon Steel,P1,PORT-052CDA750153,ACCELERATED_15C,358.968972,9981.746,27.80671,False,False,2035,8.257752286632595,-8.257752286632595,True,True,True,True,,0.0,0.0,0.0,2,2,0.3870168063999999,0.65,1.52
CAND-F92DB709134AB4,NIPPON_STEEL_JP,Nippon Steel,P1,PORT-020443F9C0DC,DISCLOSED_PATH,285.888963,12768.123,44.661126,False,False,2035,2.1977535916325976,-2.1977535916325976,True,True,True,True,,0.0,0.0,0.0,2,2,0.3603653631999999,0.65,1.3599999999999999
CAND-F92DB709134AB4,NIPPON_STEEL_JP,Nippon Steel,P1,PORT-020443F9C0DC,ACCELERATED_15C,285.888963,9250.459,32.356826,False,False,2035,18.697753591632598,-18.697753591632598,True,True,True,True,,0.0,0.0,0.0,2,2,0.3603653631999999,0.65,1.3599999999999999
CAND-F940A5016FE44E,NIPPON_STEEL_JP,Nippon Steel,P1,PORT-00B029BF7478,DISCLOSED_PATH,459.478949,44901.773,97.723243,True,True,,0.0,3.446647212967946e-06,True,True,True,True,,0.0,0.0,0.0,2,2,0.5333221247999997,0.65,2.6399999999999997
CAND-F940A5016FE44E,NIPPON_STEEL_JP,Nippon Steel,P1,PORT-00B029BF7478,ACCELERATED_15C,459.478949,41085.871,89.418396,True,True,,0.0,3.446647212967946e-06,True,True,True,True,,0.0,0.0,0.0,2,2,0.5333221247999997,0.65,2.6399999999999997
CAND-F9BD6D8F213EEB,NIPPON_STEEL_JP,Nippon Steel,P1,PORT-4C7510EE3869,DISCLOSED_PATH,258.148947,14614.772,56.613719,False,False,2030,1.2199996450000015,-1.2199996450000015,True,True,True,True,,0.0,0.0,0.0,2,2,0.3603653631999999,0.65,1.36
CAND-F9BD6D8F213EEB,NIPPON_STEEL_JP,Nippon Steel,P1,PORT-4C7510EE3869,ACCELERATED_15C,258.148947,11657.228,45.156984,False,False,2030,18.219999645,-18.219999645,True,True,True,True,,0.0,0.0,0.0,2,2,0.3603653631999999,0.65,1.36
CAND-F9ECC83E7D64BB,NIPPON_STEEL_JP,Nippon Steel,P4,PORT-348643D18288,DISCLOSED_PATH,466.208934,93609.264,200.788223,True,False,,0.0,3.446647212967946e-06,False,False,True,True,2028,0.0,0.195,0.0,2,2,0.49185925119999996,0.65,2.3200000000000003
CAND-F9ECC83E7D64BB,NIPPON_STEEL_JP,Nippon Steel,P4,PORT-348643D18288,ACCELERATED_15C,466.208934,87556.989,187.80633,False,False,2040,9.09000111,-9.09000111,True,True,True,True,,0.0,0.0,0.0,2,2,0.49185925119999996,0.65,2.3200000000000003
CAND-FA1A337F68C0FA,NIPPON_STEEL_JP,Nippon Steel,P2,PORT-BB5C0AB9899D,DISCLOSED_PATH,312.103944,54157.011,173.522354,False,False,2030,0.6504345533527953,-0.6504345533527953,True,True,True,True,,0.0,0.0,0.0,2,2,0.5130317823999999,0.65,2.4800000000000004
CAND-FA1A337F68C0FA,NIPPON_STEEL_JP,Nippon Steel,P2,PORT-BB5C0AB9899D,ACCELERATED_15C,312.103944,52498.172,168.207333,False,False,2030,10.650434553352795,-10.650434553352795,True,True,True,True,,0.0,0.0,0.0,2,2,0.5130317823999999,0.65,2.4800000000000004
CAND-FA301BC90085AC,NIPPON_STEEL_JP,Nippon Steel,P3,PORT-A4A46F7A08A6,DISCLOSED_PATH,441.748947,59397.591,134.460062,True,False,,0.0,3.446647212967946e-06,False,False,True,True,2029,0.0,0.04500000000000004,0.0,2,2,0.45364541439999984,0.65,2.0
CAND-FA301BC90085AC,NIPPON_STEEL_JP,Nippon Steel,P3,PORT-A4A46F7A08A6,ACCELERATED_15C,441.748947,54764.601,123.972227,False,False,2040,2.919999644999997,-2.919999644999997,True,True,True,True,,0.0,0.0,0.0,2,2,0.45364541439999984,0.65,2.0
CAND-FA4A035E0DE0CE,NIPPON_STEEL_JP,Nippon Steel,P2,PORT-9037F7D829FB,DISCLOSED_PATH,221.968975,38041.017,171.379883,False,False,2030,3.007752061632594,-3.007752061632594,True,True,True,True,,0.0,0.0,0.0,2,2,0.49185925119999985,0.65,2.3200000000000003
CAND-FA4A035E0DE0CE,NIPPON_STEEL_JP,Nippon Steel,P2,PORT-9037F7D829FB,ACCELERATED_15C,221.968975,36823.537,165.894972,False,False,2030,19.507752061632594,-19.507752061632594,True,True,True,True,,0.0,0.0,0.0,2,2,0.49185925119999985,0.65,2.3200000000000003
CAND-FB4B44F649A270,NIPPON_STEEL_JP,Nippon Steel,P2,PORT-921D4BD7C0AA,DISCLOSED_PATH,312.888963,55833.932,178.446475,True,False,,0.0,3.446647212967946e-06,False,False,True,True,2029,0.0,0.04500000000000004,0.0,2,2,0.4298908671999999,0.65,1.84
CAND-FB4B44F649A270,NIPPON_STEEL_JP,Nippon Steel,P2,PORT-921D4BD7C0AA,ACCELERATED_15C,312.888963,53896.737,172.255156,False,False,2035,16.447753591632598,-16.447753591632598,True,True,True,True,,0.0,0.0,0.0,2,2,0.4298908671999999,0.65,1.84
CAND-FB90377EA9C2A3,NIPPON_STEEL_JP,Nippon Steel,P3,PORT-C0F53F28CCD9,DISCLOSED_PATH,214.968974,27391.253,127.419565,False,False,2030,3.007752061632594,-3.007752061632594,True,True,True,True,,0.0,0.0,0.0,2,2,0.4298908671999999,0.65,1.84
CAND-FB90377EA9C2A3,NIPPON_STEEL_JP,Nippon Steel,P3,PORT-C0F53F28CCD9,ACCELERATED_15C,214.968974,25131.667,116.908344,False,False,2030,19.507752061632594,-19.507752061632594,True,True,True,True,,0.0,0.0,0.0,2,2,0.4298908671999999,0.65,1.84
CAND-FBB23ACB5A77D9,NIPPON_STEEL_JP,Nippon Steel,P4,PORT-B45CD686BBC0,DISCLOSED_PATH,551.46894,95976.081,174.037147,True,False,,0.0,3.446647212967946e-06,False,False,True,True,2028,0.0,0.195,0.0,2,2,0.5333221247999999,0.65,2.6399999999999997
CAND-FBB23ACB5A77D9,NIPPON_STEEL_JP,Nippon Steel,P4,PORT-B45CD686BBC0,ACCELERATED_15C,551.46894,88717.811,160.875445,True,True,,0.0,3.446647212967946e-06,True,True,True,True,,0.0,0.0,0.0,2,2,0.5333221247999999,0.65,2.6399999999999997
CAND-FBCB98C9A745C4,NIPPON_STEEL_JP,Nippon Steel,P3,PORT-AA677CCE073D,DISCLOSED_PATH,325.838969,64341.935,197.46544,False,False,2040,2.629997709999998,-2.629997709999998,False,False,True,True,2029,0.0,0.04500000000000004,0.0,2,2,0.40510351359999996,0.65,1.6800000000000002
CAND-FBCB98C9A745C4,NIPPON_STEEL_JP,Nippon Steel,P3,PORT-AA677CCE073D,ACCELERATED_15C,325.838969,61554.688,188.911375,False,False,2035,19.629997709999998,-19.629997709999998,True,True,True,True,,0.0,0.0,0.0,2,2,0.40510351359999996,0.65,1.6800000000000002
CAND-FBDA5680EB3C78,NIPPON_STEEL_JP,Nippon Steel,P1,PORT-FE9781D6D1D2,DISCLOSED_PATH,260.758964,14953.677,57.346742,False,False,2035,7.599998049999996,-7.599998049999996,True,True,True,True,,0.0,0.0,0.0,2,2,0.3325551616,0.65,1.2000000000000002
CAND-FBDA5680EB3C78,NIPPON_STEEL_JP,Nippon Steel,P1,PORT-FE9781D6D1D2,ACCELERATED_15C,260.758964,12099.562,46.401326,False,False,2035,24.599998049999996,-24.599998049999996,True,True,True,True,,0.0,0.0,0.0,2,2,0.3325551616,0.65,1.2000000000000002
CAND-FC02FE485DB3E8,NIPPON_STEEL_JP,Nippon Steel,P2,PORT-B612393E309B,DISCLOSED_PATH,263.748948,22660.336,85.91631,False,False,2030,0.8199995949999987,-0.8199995949999987,True,True,True,True,,0.0,0.0,0.0,2,2,0.3603653631999999,0.65,1.36
CAND-FC02FE485DB3E8,NIPPON_STEEL_JP,Nippon Steel,P2,PORT-B612393E309B,ACCELERATED_15C,263.748948,19968.114,75.708793,False,False,2030,17.819999595,-17.819999595,True,True,True,True,,0.0,0.0,0.0,2,2,0.3603653631999999,0.65,1.36
CAND-FC3A87CDF5BF47,NIPPON_STEEL_JP,Nippon Steel,P1,PORT-FFC501C9F3BC,DISCLOSED_PATH,486.478949,89382.356,183.733245,True,False,,0.0,3.446647212967946e-06,False,False,True,True,2029,0.0,0.04500000000000004,0.0,2,2,0.5840479807999999,0.65,3.12
CAND-FC3A87CDF5BF47,NIPPON_STEEL_JP,Nippon Steel,P1,PORT-FFC501C9F3BC,ACCELERATED_15C,486.478949,87912.116,180.711038,True,True,,0.0,3.446647212967946e-06,True,True,True,True,,0.0,0.0,0.0,2,2,0.5840479807999999,0.65,3.12
CAND-FCB004D5F1721E,NIPPON_STEEL_JP,Nippon Steel,P1,PORT-887F55152750,DISCLOSED_PATH,182.838974,21223.086,116.075287,False,False,2030,9.809996694999995,-9.809996694999995,True,True,True,True,,0.0,0.0,0.0,2,2,0.3325551616,0.65,1.2000000000000002
CAND-FCB004D5F1721E,NIPPON_STEEL_JP,Nippon Steel,P1,PORT-887F55152750,ACCELERATED_15C,182.838974,19888.454,108.775792,False,False,2030,26.809996694999995,-26.809996694999995,True,True,True,True,,0.0,0.0,0.0,2,2,0.3325551616,0.65,1.2000000000000002
CAND-FCEB78D7C5F4C6,NIPPON_STEEL_JP,Nippon Steel,P1,PORT-7DCD4991144C,DISCLOSED_PATH,313.643967,6683.267,21.30845,True,True,,0.0,3.446647212967946e-06,True,True,True,True,,0.0,0.0,0.0,2,2,0.28236113919999994,0.65,0.88
CAND-FCEB78D7C5F4C6,NIPPON_STEEL_JP,Nippon Steel,P1,PORT-7DCD4991144C,ACCELERATED_15C,313.643967,2332.517,7.43683,False,False,2035,14.544997934999998,-14.544997934999998,True,True,True,True,,0.0,0.0,0.0,2,2,0.28236113919999994,0.65,0.88
CAND-FDF3F9C962708C,NIPPON_STEEL_JP,Nippon Steel,P1,PORT-61AD11411A66,DISCLOSED_PATH,476.103942,75533.675,158.649547,True,False,,0.0,3.446647212967946e-06,False,False,True,True,2029,0.0,0.04500000000000004,0.0,2,2,0.47641018879999986,0.65,2.16
CAND-FDF3F9C962708C,NIPPON_STEEL_JP,Nippon Steel,P1,PORT-61AD11411A66,ACCELERATED_15C,476.103942,73130.53,153.602026,True,True,,0.0,3.446647212967946e-06,True,True,True,True,,0.0,0.0,0.0,2,2,0.47641018879999986,0.65,2.16
CAND-FE364DAC3C0E7F,NIPPON_STEEL_JP,Nippon Steel,P2,PORT-0B5EB1BCB507,DISCLOSED_PATH,469.153947,62613.015,133.459424,True,False,,0.0,3.446647212967946e-06,False,False,True,True,2029,0.0,0.04500000000000004,0.0,2,2,0.47641018879999986,0.65,2.16
CAND-FE364DAC3C0E7F,NIPPON_STEEL_JP,Nippon Steel,P2,PORT-0B5EB1BCB507,ACCELERATED_15C,469.153947,58772.098,125.272521,True,True,,0.0,3.446647212967946e-06,True,True,True,True,,0.0,0.0,0.0,2,2,0.47641018879999986,0.65,2.16
CAND-FE464D54AC0467,NIPPON_STEEL_JP,Nippon Steel,P1,PORT-A880789F3FB0,DISCLOSED_PATH,217.243975,32193.663,148.191281,False,False,2030,3.007752061632594,-3.007752061632594,True,True,True,True,,0.0,0.0,0.0,2,2,0.4298908671999999,0.65,1.84
CAND-FE464D54AC0467,NIPPON_STEEL_JP,Nippon Steel,P1,PORT-A880789F3FB0,ACCELERATED_15C,217.243975,31086.299,143.093953,False,False,2030,19.507752061632594,-19.507752061632594,True,True,True,True,,0.0,0.0,0.0,2,2,0.4298908671999999,0.65,1.84
CAND-FEF751E8FFF962,NIPPON_STEEL_JP,Nippon Steel,P1,PORT-9A7A6B9EB781,DISCLOSED_PATH,295.878948,30926.527,104.524256,False,False,2030,0.6504345533527953,-0.6504345533527953,True,True,True,True,,0.0,0.0,0.0,2,2,0.45364541439999984,0.65,2.0
CAND-FEF751E8FFF962,NIPPON_STEEL_JP,Nippon Steel,P1,PORT-9A7A6B9EB781,ACCELERATED_15C,295.878948,28475.801,96.24139,False,False,2030,10.650434553352795,-10.650434553352795,True,True,True,True,,0.0,0.0,0.0,2,2,0.45364541439999984,0.65,2.0
CAND-FF441489A93A0B,NIPPON_STEEL_JP,Nippon Steel,P4,PORT-5998FE391D77,DISCLOSED_PATH,367.268941,66341.355,180.634263,False,False,2030,0.6504345533527953,-0.6504345533527953,True,True,True,True,,0.0,0.0,0.0,2,2,0.5659631103999998,0.65,2.96
CAND-FF441489A93A0B,NIPPON_STEEL_JP,Nippon Steel,P4,PORT-5998FE391D77,ACCELERATED_15C,367.268941,61870.9,168.462107,False,False,2030,10.650434553352795,-10.650434553352795,True,True,True,True,,0.0,0.0,0.0,2,2,0.5659631103999998,0.65,2.96
CAND-FF5D498452D625,NIPPON_STEEL_JP,Nippon Steel,P4,PORT-6D0E22B33B6B,DISCLOSED_PATH,403.648968,78924.271,195.526997,True,False,,0.0,3.446647212967946e-06,False,False,True,True,2028,0.0,0.195,0.0,2,2,0.49185925119999985,0.65,2.3200000000000003
CAND-FF5D498452D625,NIPPON_STEEL_JP,Nippon Steel,P4,PORT-6D0E22B33B6B,ACCELERATED_15C,403.648968,73654.283,182.471128,False,False,2035,8.91999771,-8.91999771,True,True,True,True,,0.0,0.0,0.0,2,2,0.49185925119999985,0.65,2.3200000000000003
CAND-FFAE832B6FE992,NIPPON_STEEL_JP,Nippon Steel,P2,PORT-BF29E8561588,DISCLOSED_PATH,448.698942,72685.459,161.991599,True,False,,0.0,3.446647212967946e-06,False,False,True,True,2029,0.0,0.04500000000000004,0.0,2,2,0.45364541439999984,0.65,2.0
CAND-FFAE832B6FE992,NIPPON_STEEL_JP,Nippon Steel,P2,PORT-BF29E8561588,ACCELERATED_15C,448.698942,69711.749,155.364193,False,False,2040,2.770000320000001,-2.770000320000001,True,True,True,True,,0.0,0.0,0.0,2,2,0.45364541439999984,0.65,2.0
CAND-0B566F19FFC9A2,JFE_STEEL_JP,JFE Steel,P2,PORT-CCD4397FA6D4,DISCLOSED_PATH,281.895878,31362.25,111.25473,True,True,,0.0,1.265341119704999e-05,True,True,True,True,,0.0,0.0,0.0,2,3,0.3119871999999999,0.65,1.1400000000000001
CAND-0B566F19FFC9A2,JFE_STEEL_JP,JFE Steel,P2,PORT-CCD4397FA6D4,ACCELERATED_15C,281.895878,29040.327,103.01792,False,False,2040,5.28499579,-5.28499579,True,True,True,True,,0.0,0.0,0.0,2,3,0.3119871999999999,0.65,1.1400000000000001
CAND-0C103CAC9E9685,JFE_STEEL_JP,JFE Steel,P1,PORT-48EB0158352D,DISCLOSED_PATH,209.90085,39796.76,189.597896,False,False,2030,3.1659880174124027,-3.1659880174124027,True,True,True,True,,0.0,0.0,0.0,3,3,0.3867712,0.65,1.62
CAND-0C103CAC9E9685,JFE_STEEL_JP,JFE Steel,P1,PORT-48EB0158352D,ACCELERATED_15C,209.90085,39441.617,187.905941,False,False,2030,8.975988017412405,-8.975988017412405,True,True,True,True,,0.0,0.0,0.0,3,3,0.3867712,0.65,1.62
CAND-11566829CB83FF,JFE_STEEL_JP,JFE Steel,P1,PORT-7C1FC602A00B,DISCLOSED_PATH,341.808365,66701.442,195.142802,True,False,,0.0,1.265341119704999e-05,False,False,True,True,2029,0.0,0.07400003299999997,0.0,2,3,0.41232239999999987,0.65,1.78
CAND-11566829CB83FF,JFE_STEEL_JP,JFE Steel,P1,PORT-7C1FC602A00B,ACCELERATED_15C,341.808365,65979.02,193.029272,True,True,,0.0,1.265341119704999e-05,True,True,True,True,,0.0,0.0,0.0,2,3,0.41232239999999987,0.65,1.78
CAND-12D758CC621EDD,JFE_STEEL_JP,JFE Steel,P3,PORT-04FFFE8075F6,DISCLOSED_PATH,348.620862,71622.763,205.446003,True,False,,0.0,1.265341119704999e-05,False,False,True,True,2029,0.0,0.07400003299999997,0.0,3,3,0.47620039999999997,0.65,2.2600000000000002
CAND-12D758CC621EDD,JFE_STEEL_JP,JFE Steel,P3,PORT-04FFFE8075F6,ACCELERATED_15C,348.620862,68907.876,197.658498,True,True,,0.0,1.265341119704999e-05,True,True,True,True,,0.0,0.0,0.0,3,3,0.47620039999999997,0.65,2.2600000000000002
CAND-156DBD688B285D,JFE_STEEL_JP,JFE Steel,P2,PORT-4FBC33F20EEF,DISCLOSED_PATH,191.900857,12636.257,65.847842,False,False,2030,3.1659880174124027,-3.1659880174124027,True,True,True,True,,0.0,0.0,0.0,3,3,0.3119871999999999,0.65,1.1400000000000001
CAND-156DBD688B285D,JFE_STEEL_JP,JFE Steel,P2,PORT-4FBC33F20EEF,ACCELERATED_15C,191.900857,10479.776,54.610365,False,False,2030,8.975988017412405,-8.975988017412405,True,True,True,True,,0.0,0.0,0.0,3,3,0.3119871999999999,0.65,1.1400000000000001
CAND-1D1CB9506368C0,JFE_STEEL_JP,JFE Steel,P2,PORT-0FD37D80B1EA,DISCLOSED_PATH,330.620869,48266.007,145.985968,True,False,,0.0,1.265341119704999e-05,False,False,True,True,2029,0.0,0.07400003299999997,0.18199837200000069,3,3,0.41232239999999987,0.65,1.78
CAND-1D1CB9506368C0,JFE_STEEL_JP,JFE Steel,P2,PORT-0FD37D80B1EA,ACCELERATED_15C,330.620869,45861.619,138.713623,True,True,,0.0,1.265341119704999e-05,True,True,True,True,,0.0,0.0,0.0,3,3,0.41232239999999987,0.65,1.78
CAND-2384C3F783562D,JFE_STEEL_JP,JFE Steel,P2,PORT-04FFFE8075F6,DISCLOSED_PATH,348.620862,74442.767,213.535032,True,False,,0.0,1.265341119704999e-05,False,False,True,True,2029,0.0,0.07400003299999997,0.0,3,3,0.47620039999999997,0.65,2.2600000000000002
CAND-2384C3F783562D,JFE_STEEL_JP,JFE Steel,P2,PORT-04FFFE8075F6,ACCELERATED_15C,348.620862,73301.68,210.261885,True,True,,0.0,1.265341119704999e-05,True,True,True,True,,0.0,0.0,0.0,3,3,0.47620039999999997,0.65,2.2600000000000002
CAND-25BA0666383526,JFE_STEEL_JP,JFE Steel,P1,PORT-E3494C854A0D,DISCLOSED_PATH,323.808372,39789.406,122.879484,True,False,,0.0,1.265341119704999e-05,False,False,True,True,2029,1.6549952300000008,0.07400003299999997,0.18199837200000069,2,3,0.3406543999999999,0.65,1.3
CAND-25BA0666383526,JFE_STEEL_JP,JFE Steel,P1,PORT-E3494C854A0D,ACCELERATED_15C,323.808372,37395.542,115.486644,True,True,,0.0,1.265341119704999e-05,True,True,True,True,,0.0,0.0,0.0,2,3,0.3406543999999999,0.65,1.3
CAND-27DEF6B976065D,JFE_STEEL_JP,JFE Steel,P3,PORT-408F044D6828,DISCLOSED_PATH,302.295879,61544.198,203.589273,True,False,,0.0,1.265341119704999e-05,False,False,True,True,2029,0.0,0.07400003299999997,0.0,2,3,0.3867712,0.65,1.62
CAND-27DEF6B976065D,JFE_STEEL_JP,JFE Steel,P3,PORT-408F044D6828,ACCELERATED_15C,302.295879,59110.425,195.53831,False,False,2040,3.584995639999999,-3.584995639999999,True,True,True,True,,0.0,0.0,0.0,2,3,0.3867712,0.65,1.62
CAND-2AFD85912C485D,JFE_STEEL_JP,JFE Steel,P5,PORT-844170813924,DISCLOSED_PATH,381.425854,64412.851,168.873846,True,False,,0.0,1.265341119704999e-05,False,False,True,True,2028,0.0,0.174000033,0.33399759199999934,2,3,0.41232239999999987,0.65,1.78
CAND-2AFD85912C485D,JFE_STEEL_JP,JFE Steel,P5,PORT-844170813924,ACCELERATED_15C,381.425854,57321.593,150.282399,True,False,,0.0,1.265341119704999e-05,False,False,True,True,2028,0.0,0.02400003300000003,0.0,2,3,0.41232239999999987,0.65,1.78
CAND-2DF8CF21E8720D,JFE_STEEL_JP,JFE Steel,P1,PORT-9D97003767D5,DISCLOSED_PATH,263.895884,5191.453,19.672352,True,False,,0.0,1.265341119704999e-05,False,False,True,True,2033,4.44999748,0.0,0.8619984320000018,2,3,0.22808320000000004,0.65,0.66
CAND-2DF8CF21E8720D,JFE_STEEL_JP,JFE Steel,P1,PORT-9D97003767D5,ACCELERATED_15C,263.895884,1583.131,5.999076,False,False,2040,7.534994939999997,-7.534994939999997,False,False,True,True,2033,1.249997480000001,0.0,0.0,2,3,0.22808320000000004,0.65,0.66
CAND-321A1FBBC2D640,JFE_STEEL_JP,JFE Steel,P1,PORT-CCD4397FA6D4,DISCLOSED_PATH,281.895878,32103.489,113.884208,True,True,,0.0,1.265341119704999e-05,True,True,True,True,,0.0,0.0,0.0,2,3,0.3119871999999999,0.65,1.1400000000000001
CAND-321A1FBBC2D640,JFE_STEEL_JP,JFE Steel,P1,PORT-CCD4397FA6D4,ACCELERATED_15C,281.895878,30166.609,107.013304,False,False,2040,5.28499579,-5.28499579,True,True,True,True,,0.0,0.0,0.0,2,3,0.3119871999999999,0.65,1.1400000000000001
CAND-3785968E4E1C91,JFE_STEEL_JP,JFE Steel,P1,PORT-4FBC33F20EEF,DISCLOSED_PATH,191.900857,12884.723,67.142604,False,False,2030,3.1659880174124027,-3.1659880174124027,True,True,True,True,,0.0,0.0,0.0,3,3,0.3119871999999999,0.65,1.1400000000000001
CAND-3785968E4E1C91,JFE_STEEL_JP,JFE Steel,P1,PORT-4FBC33F20EEF,ACCELERATED_15C,191.900857,10858.139,56.582024,False,False,2030,8.975988017412405,-8.975988017412405,True,True,True,True,,0.0,0.0,0.0,3,3,0.3119871999999999,0.65,1.1400000000000001
CAND-3BDAECB8DA1A89,JFE_STEEL_JP,JFE Steel,P4,PORT-29DB1A43C5DD,DISCLOSED_PATH,239.320837,41865.782,174.935799,False,False,2030,3.1659880174124027,-3.1659880174124027,True,True,True,True,,0.0,0.0,0.0,3,3,0.3867712,0.65,1.62
CAND-3BDAECB8DA1A89,JFE_STEEL_JP,JFE Steel,P4,PORT-29DB1A43C5DD,ACCELERATED_15C,239.320837,38962.103,162.802803,False,False,2030,8.975988017412405,-8.975988017412405,True,True,True,True,,0.0,0.0,0.0,3,3,0.3867712,0.65,1.62
CAND-3DE74006E308F9,JFE_STEEL_JP,JFE Steel,P2,PORT-7C1FC602A00B,DISCLOSED_PATH,341.808365,65023.006,190.232343,True,False,,0.0,1.265341119704999e-05,False,False,True,True,2029,0.0,0.07400003299999997,0.0,2,3,0.41232239999999987,0.65,1.78
CAND-3DE74006E308F9,JFE_STEEL_JP,JFE Steel,P2,PORT-7C1FC602A00B,ACCELERATED_15C,341.808365,63393.476,185.464964,True,True,,0.0,1.265341119704999e-05,True,True,True,True,,0.0,0.0,0.0,2,3,0.41232239999999987,0.65,1.78
CAND-44218B07FC843F,JFE_STEEL_JP,JFE Steel,P2,PORT-48EB0158352D,DISCLOSED_PATH,209.90085,38813.017,184.911193,False,False,2030,3.1659880174124027,-3.1659880174124027,True,True,True,True,,0.0,0.0,0.0,3,3,0.3867712,0.65,1.62
CAND-44218B07FC843F,JFE_STEEL_JP,JFE Steel,P2,PORT-48EB0158352D,ACCELERATED_15C,209.90085,37919.837,180.655948,False,False,2030,8.975988017412405,-8.975988017412405,True,True,True,True,,0.0,0.0,0.0,3,3,0.3867712,0.65,1.62
CAND-4D77DB7422B451,JFE_STEEL_JP,JFE Steel,P2,PORT-3776FB32D8CF,DISCLOSED_PATH,284.295886,37820.744,133.033032,True,False,,0.0,1.265341119704999e-05,False,False,True,True,2029,0.0,0.07400003299999997,0.18199837200000069,2,3,0.3119871999999999,0.65,1.1400000000000001
CAND-4D77DB7422B451,JFE_STEEL_JP,JFE Steel,P2,PORT-3776FB32D8CF,ACCELERATED_15C,284.295886,35488.747,124.830323,False,False,2040,5.83499479,-5.83499479,True,True,True,True,,0.0,0.0,0.0,2,3,0.3119871999999999,0.65,1.1400000000000001
CAND-53E6B469D62558,JFE_STEEL_JP,JFE Steel,P1,PORT-33091F63E785,DISCLOSED_PATH,303.40837,6214.172,20.481216,True,False,,0.0,1.265341119704999e-05,False,False,True,True,2033,6.754995679999997,0.0,0.8619984320000018,2,3,0.2602464,0.65,0.82
CAND-53E6B469D62558,JFE_STEEL_JP,JFE Steel,P1,PORT-33091F63E785,ACCELERATED_15C,303.40837,2043.749,6.735967,True,False,,0.0,1.265341119704999e-05,False,False,True,True,2033,2.754995679999997,0.0,0.0,2,3,0.2602464,0.65,0.82
CAND-56A2BE8D3222E8,JFE_STEEL_JP,JFE Steel,P5,PORT-29DB1A43C5DD,DISCLOSED_PATH,239.320837,39714.2,165.945435,False,False,2030,3.1659880174124027,-3.1659880174124027,True,True,True,True,,0.0,0.0,0.0,3,3,0.3867712,0.65,1.62
CAND-56A2BE8D3222E8,JFE_STEEL_JP,JFE Steel,P5,PORT-29DB1A43C5DD,ACCELERATED_15C,239.320837,35510.293,148.379443,False,False,2030,8.975988017412405,-8.975988017412405,True,True,True,True,,0.0,0.0,0.0,3,3,0.3867712,0.65,1.62
CAND-5B53A6D662B077,JFE_STEEL_JP,JFE Steel,P2,PORT-BFE68456F5A9,DISCLOSED_PATH,87.500896,10216.715,116.761265,False,False,2030,11.118342749412001,-11.118342749412001,True,True,True,True,,0.0,0.0,0.0,3,3,0.28207360000000015,0.65,0.9799999999999999
CAND-5B53A6D662B077,JFE_STEEL_JP,JFE Steel,P2,PORT-BFE68456F5A9,ACCELERATED_15C,87.500896,9480.135,108.343288,False,False,2030,21.618342749412,-21.618342749412,True,True,True,True,,0.0,0.0,0.0,3,3,0.28207360000000015,0.65,0.9799999999999999
CAND-65F7157232C73A,JFE_STEEL_JP,JFE Steel,P1,PORT-04FFFE8075F6,DISCLOSED_PATH,348.620862,76375.591,219.079233,True,False,,0.0,1.265341119704999e-05,False,False,True,True,2029,0.0,0.07400003299999997,0.0,3,3,0.47620039999999997,0.65,2.2600000000000002
CAND-65F7157232C73A,JFE_STEEL_JP,JFE Steel,P1,PORT-04FFFE8075F6,ACCELERATED_15C,348.620862,76281.866,218.810388,True,True,,0.0,1.265341119704999e-05,True,True,True,True,,0.0,0.0,0.0,3,3,0.47620039999999997,0.65,2.2600000000000002
CAND-6740F2BE1999AB,JFE_STEEL_JP,JFE Steel,P2,PORT-6E49C004BA31,DISCLOSED_PATH,163.575867,28367.753,173.422604,False,False,2030,4.8049966600000005,-4.8049966600000005,True,True,True,True,,0.0,0.0,0.0,2,3,0.28207360000000015,0.65,0.9799999999999999
CAND-6740F2BE1999AB,JFE_STEEL_JP,JFE Steel,P2,PORT-6E49C004BA31,ACCELERATED_15C,163.575867,27546.966,168.404829,False,False,2030,15.14499666,-15.14499666,True,True,True,True,,0.0,0.0,0.0,2,3,0.28207360000000015,0.65,0.9799999999999999
CAND-68030B11D579DF,JFE_STEEL_JP,JFE Steel,P1,PORT-7BA11C62DF95,DISCLOSED_PATH,219.408411,37370.872,170.325612,False,False,2040,0.6424927599999997,-0.6424927599999997,False,False,True,True,2029,0.0,0.07400003299999997,0.0,2,3,0.3119871999999999,0.65,1.1400000000000001
CAND-68030B11D579DF,JFE_STEEL_JP,JFE Steel,P1,PORT-7BA11C62DF95,ACCELERATED_15C,219.408411,36405.97,165.92787,False,False,2035,10.98249276,-10.98249276,True,True,True,True,,0.0,0.0,0.0,2,3,0.3119871999999999,0.65,1.1400000000000001
CAND-74F6415EBB9977,JFE_STEEL_JP,JFE Steel,P3,PORT-E123D45B71CC,DISCLOSED_PATH,226.220909,44097.644,194.931779,True,False,,0.0,1.265341119704999e-05,False,False,True,True,2029,0.0,0.07400003299999997,0.0,3,3,0.3867712,0.65,1.62
CAND-74F6415EBB9977,JFE_STEEL_JP,JFE Steel,P3,PORT-E123D45B71CC,ACCELERATED_15C,226.220909,42138.891,186.273194,False,False,2035,10.058341729412,-10.058341729412,True,True,True,True,,0.0,0.0,0.0,3,3,0.3867712,0.65,1.62
CAND-8143AC9B1B780D,JFE_STEEL_JP,JFE Steel,P5,PORT-0032610F15CE,DISCLOSED_PATH,334.010871,63227.786,189.298588,True,False,,0.0,1.265341119704999e-05,False,False,True,True,2028,0.0,0.174000033,0.28199871200000004,2,3,0.3867712,0.65,1.62
CAND-8143AC9B1B780D,JFE_STEEL_JP,JFE Steel,P5,PORT-0032610F15CE,ACCELERATED_15C,334.010871,56785.216,170.010083,False,False,2040,3.584995639999999,-3.584995639999999,False,False,True,True,2028,0.0,0.02400003300000003,0.0,2,3,0.3867712,0.65,1.62
CAND-81AEAF431DDC0A,JFE_STEEL_JP,JFE Steel,P4,PORT-844170813924,DISCLOSED_PATH,381.425854,67951.044,178.150075,True,False,,0.0,1.265341119704999e-05,False,False,True,True,2028,0.0,0.174000033,0.33399759199999934,2,3,0.41232239999999987,0.65,1.78
CAND-81AEAF431DDC0A,JFE_STEEL_JP,JFE Steel,P4,PORT-844170813924,ACCELERATED_15C,381.425854,62971.904,165.096055,True,False,,0.0,1.265341119704999e-05,False,False,True,True,2028,0.0,0.02400003300000003,0.0,2,3,0.41232239999999987,0.65,1.78
CAND-82646489D4D4D1,JFE_STEEL_JP,JFE Steel,P2,PORT-25A7E18292F6,DISCLOSED_PATH,310.220867,15630.754,50.385889,True,False,,0.0,1.265341119704999e-05,False,False,True,True,2033,4.44999748,0.0,0.8619984320000018,3,3,0.3406543999999999,0.65,1.3
CAND-82646489D4D4D1,JFE_STEEL_JP,JFE Steel,P2,PORT-25A7E18292F6,ACCELERATED_15C,310.220867,11973.137,38.595524,True,False,,0.0,1.265341119704999e-05,False,False,True,True,2033,1.249997480000001,0.0,0.0,3,3,0.3406543999999999,0.65,1.3
CAND-8A107782070451,JFE_STEEL_JP,JFE Steel,P4,PORT-0032610F15CE,DISCLOSED_PATH,334.010871,66779.822,199.933078,True,False,,0.0,1.265341119704999e-05,False,False,True,True,2028,0.0,0.174000033,0.28199871200000004,2,3,0.3867712,0.65,1.62
CAND-8A107782070451,JFE_STEEL_JP,JFE Steel,P4,PORT-0032610F15CE,ACCELERATED_15C,334.010871,62456.153,186.988384,False,False,2040,3.584995639999999,-3.584995639999999,False,False,True,True,2028,0.0,0.02400003300000003,0.0,2,3,0.3867712,0.65,1.62
CAND-8A2CE57122B1A0,JFE_STEEL_JP,JFE Steel,P1,PORT-1741394F78A8,DISCLOSED_PATH,199.008409,3795.639,19.072755,False,False,2035,2.3424929100000007,-2.3424929100000007,False,False,True,True,2036,0.004998229999999992,0.0,0.0,2,3,0.22808320000000004,0.65,0.66
CAND-8A2CE57122B1A0,JFE_STEEL_JP,JFE Steel,P1,PORT-1741394F78A8,ACCELERATED_15C,199.008409,1054.177,5.297148,False,False,2035,12.68249291,-12.68249291,True,True,True,True,,0.0,0.0,0.0,2,3,0.22808320000000004,0.65,0.66
CAND-8DC42B3C7EA2DB,JFE_STEEL_JP,JFE Steel,P2,PORT-E123D45B71CC,DISCLOSED_PATH,226.220909,45846.466,202.66237,True,False,,0.0,1.265341119704999e-05,False,False,True,True,2029,0.0,0.07400003299999997,0.0,3,3,0.3867712,0.65,1.62
CAND-8DC42B3C7EA2DB,JFE_STEEL_JP,JFE Steel,P2,PORT-E123D45B71CC,ACCELERATED_15C,226.220909,44861.978,198.310483,False,False,2035,10.058341729412,-10.058341729412,True,True,True,True,,0.0,0.0,0.0,3,3,0.3867712,0.65,1.62
CAND-8F0E9CFE80824D,JFE_STEEL_JP,JFE Steel,P6,PORT-576B945395C2,DISCLOSED_PATH,417.556839,76190.532,182.46745,True,False,,0.0,1.265341119704999e-05,False,False,True,True,2028,0.0,0.3089998460000001,1.281998712,3,3,0.47620039999999997,0.65,2.2600000000000002
CAND-8F0E9CFE80824D,JFE_STEEL_JP,JFE Steel,P6,PORT-576B945395C2,ACCELERATED_15C,417.556839,65416.232,156.664258,True,False,,0.0,1.265341119704999e-05,False,False,True,True,2028,0.0,0.02899984600000005,0.0,3,3,0.47620039999999997,0.65,2.2600000000000002
CAND-942FF71D4F4188,JFE_STEEL_JP,JFE Steel,P4,PORT-2883A9539B06,DISCLOSED_PATH,367.500849,45230.214,123.075128,True,False,,0.0,1.265341119704999e-05,False,False,True,True,2028,0.0,0.0,0.9619987720000003,3,3,0.41232239999999987,0.65,1.78
CAND-942FF71D4F4188,JFE_STEEL_JP,JFE Steel,P4,PORT-2883A9539B06,ACCELERATED_15C,367.500849,40788.202,110.988047,True,True,,0.0,1.265341119704999e-05,True,True,True,True,,0.0,0.0,0.0,3,3,0.41232239999999987,0.65,1.78
CAND-94E38421D8FAE7,JFE_STEEL_JP,JFE Steel,P1,PORT-36B22CA0D026,DISCLOSED_PATH,159.495924,2772.919,17.385515,False,False,2035,10.244990009999999,-10.244990009999999,True,True,True,True,,0.0,0.0,0.0,2,3,0.19452160000000007,0.65,0.5
CAND-94E38421D8FAE7,JFE_STEEL_JP,JFE Steel,P1,PORT-36B22CA0D026,ACCELERATED_15C,159.495924,593.56,3.721473,False,False,2035,20.58499001,-20.58499001,True,True,True,True,,0.0,0.0,0.0,2,3,0.19452160000000007,0.65,0.5
CAND-953F1AFEF37202,JFE_STEEL_JP,JFE Steel,P1,PORT-6E49C004BA31,DISCLOSED_PATH,163.575867,29099.891,177.898434,False,False,2030,4.8049966600000005,-4.8049966600000005,True,True,True,True,,0.0,0.0,0.0,2,3,0.28207360000000015,0.65,0.9799999999999999
CAND-953F1AFEF37202,JFE_STEEL_JP,JFE Steel,P1,PORT-6E49C004BA31,ACCELERATED_15C,163.575867,28678.153,175.320197,False,False,2030,15.14499666,-15.14499666,True,True,True,True,,0.0,0.0,0.0,2,3,0.28207360000000015,0.65,0.9799999999999999
CAND-A735954AF09420,JFE_STEEL_JP,JFE Steel,P3,PORT-CCD4397FA6D4,DISCLOSED_PATH,281.895878,30284.795,107.432556,True,True,,0.0,1.265341119704999e-05,True,True,True,True,,0.0,0.0,0.0,2,3,0.3119871999999999,0.65,1.1400000000000001
CAND-A735954AF09420,JFE_STEEL_JP,JFE Steel,P3,PORT-CCD4397FA6D4,ACCELERATED_15C,281.895878,27384.963,97.145666,False,False,2040,5.28499579,-5.28499579,True,True,True,True,,0.0,0.0,0.0,2,3,0.3119871999999999,0.65,1.1400000000000001
CAND-AE1C3F48385E3F,JFE_STEEL_JP,JFE Steel,P5,PORT-2883A9539B06,DISCLOSED_PATH,367.500849,43076.746,117.215365,True,False,,0.0,1.265341119704999e-05,False,False,True,True,2028,0.0,0.0,0.9619987720000003,3,3,0.41232239999999987,0.65,1.78
CAND-AE1C3F48385E3F,JFE_STEEL_JP,JFE Steel,P5,PORT-2883A9539B06,ACCELERATED_15C,367.500849,37367.085,101.678907,True,True,,0.0,1.265341119704999e-05,True,True,True,True,,0.0,0.0,0.0,3,3,0.41232239999999987,0.65,1.78
CAND-AFB45421E864E1,JFE_STEEL_JP,JFE Steel,P3,PORT-48EB0158352D,DISCLOSED_PATH,209.90085,37378.72,178.077983,False,False,2030,3.1659880174124027,-3.1659880174124027,True,True,True,True,,0.0,0.0,0.0,3,3,0.3867712,0.65,1.62
CAND-AFB45421E864E1,JFE_STEEL_JP,JFE Steel,P3,PORT-48EB0158352D,ACCELERATED_15C,209.90085,35677.345,169.972368,False,False,2030,8.975988017412405,-8.975988017412405,True,True,True,True,,0.0,0.0,0.0,3,3,0.3867712,0.65,1.62
CAND-B210B35AD45FF1,JFE_STEEL_JP,JFE Steel,P1,PORT-263958B6D89F,DISCLOSED_PATH,80.688399,792.04,9.816037,False,False,2030,12.202493780000001,-12.202493780000001,True,True,True,True,,0.0,0.0,0.0,2,3,0.19452160000000007,0.65,0.5
CAND-B210B35AD45FF1,JFE_STEEL_JP,JFE Steel,P1,PORT-263958B6D89F,ACCELERATED_15C,80.688399,-434.279,-5.382174,False,False,2030,22.54249378,-22.54249378,True,True,True,True,,0.0,0.0,0.0,2,3,0.19452160000000007,0.65,0.5
CAND-B38C1D7FD5CCAE,JFE_STEEL_JP,JFE Steel,P3,PORT-7C1FC602A00B,DISCLOSED_PATH,341.808365,62575.093,183.070688,True,False,,0.0,1.265341119704999e-05,False,False,True,True,2029,0.0,0.07400003299999997,0.0,2,3,0.41232239999999987,0.65,1.78
CAND-B38C1D7FD5CCAE,JFE_STEEL_JP,JFE Steel,P3,PORT-7C1FC602A00B,ACCELERATED_15C,341.808365,59582.638,174.315915,True,True,,0.0,1.265341119704999e-05,True,True,True,True,,0.0,0.0,0.0,2,3,0.41232239999999987,0.65,1.78
CAND-B4CBF9F7B55581,JFE_STEEL_JP,JFE Steel,P3,PORT-7F45069F34E3,DISCLOSED_PATH,203.088353,28331.05,139.501106,False,False,2030,3.1659880174124027,-3.1659880174124027,True,True,True,True,,0.0,0.0,0.0,2,3,0.3119871999999999,0.65,1.1400000000000001
CAND-B4CBF9F7B55581,JFE_STEEL_JP,JFE Steel,P3,PORT-7F45069F34E3,ACCELERATED_15C,203.088353,26352.106,129.756857,False,False,2030,8.975988017412405,-8.975988017412405,True,True,True,True,,0.0,0.0,0.0,2,3,0.3119871999999999,0.65,1.1400000000000001
CAND-BC3B7FD8701906,JFE_STEEL_JP,JFE Steel,P1,PORT-25A7E18292F6,DISCLOSED_PATH,310.220867,15888.322,51.21616,True,False,,0.0,1.265341119704999e-05,False,False,True,True,2033,4.44999748,0.0,0.8619984320000018,3,3,0.3406543999999999,0.65,1.3
CAND-BC3B7FD8701906,JFE_STEEL_JP,JFE Steel,P1,PORT-25A7E18292F6,ACCELERATED_15C,310.220867,12346.595,39.799369,True,False,,0.0,1.265341119704999e-05,False,False,True,True,2033,1.249997480000001,0.0,0.0,3,3,0.3406543999999999,0.65,1.3
CAND-BD5FC0B8045E4C,JFE_STEEL_JP,JFE Steel,P1,PORT-BFE68456F5A9,DISCLOSED_PATH,87.500896,10466.189,119.612369,False,False,2030,11.118342749412001,-11.118342749412001,True,True,True,True,,0.0,0.0,0.0,3,3,0.28207360000000015,0.65,0.9799999999999999
CAND-BD5FC0B8045E4C,JFE_STEEL_JP,JFE Steel,P1,PORT-BFE68456F5A9,ACCELERATED_15C,87.500896,9868.567,112.78247,False,False,2030,21.618342749412,-21.618342749412,True,True,True,True,,0.0,0.0,0.0,3,3,0.28207360000000015,0.65,0.9799999999999999
CAND-BD69BDF77D11F9,JFE_STEEL_JP,JFE Steel,P2,PORT-1C641A2E58FD,DISCLOSED_PATH,205.820907,13211.212,64.187903,False,False,2035,1.2583418794120007,-1.2583418794120007,True,True,True,True,,0.0,0.0,0.0,3,3,0.3119871999999999,0.65,1.1400000000000001
CAND-BD69BDF77D11F9,JFE_STEEL_JP,JFE Steel,P2,PORT-1C641A2E58FD,ACCELERATED_15C,205.820907,10973.496,53.31575,False,False,2035,11.758341879412,-11.758341879412,True,True,True,True,,0.0,0.0,0.0,3,3,0.3119871999999999,0.65,1.1400000000000001
CAND-C535F3B5D7A55A,JFE_STEEL_JP,JFE Steel,P1,PORT-1C641A2E58FD,DISCLOSED_PATH,205.820907,13469.788,65.444215,False,False,2035,1.2583418794120007,-1.2583418794120007,True,True,True,True,,0.0,0.0,0.0,3,3,0.3119871999999999,0.65,1.1400000000000001
CAND-C535F3B5D7A55A,JFE_STEEL_JP,JFE Steel,P1,PORT-1C641A2E58FD,ACCELERATED_15C,205.820907,11357.023,55.179152,False,False,2035,11.758341879412,-11.758341879412,True,True,True,True,,0.0,0.0,0.0,3,3,0.3119871999999999,0.65,1.1400000000000001
CAND-C973F96EA1BC5C,JFE_STEEL_JP,JFE Steel,P1,PORT-E123D45B71CC,DISCLOSED_PATH,226.220909,47045.021,207.960534,True,False,,0.0,1.265341119704999e-05,False,False,True,True,2029,0.0,0.07400003299999997,0.0,3,3,0.3867712,0.65,1.62
CAND-C973F96EA1BC5C,JFE_STEEL_JP,JFE Steel,P1,PORT-E123D45B71CC,ACCELERATED_15C,226.220909,46708.817,206.474357,False,False,2035,10.058341729412,-10.058341729412,True,True,True,True,,0.0,0.0,0.0,3,3,0.3867712,0.65,1.62
CAND-CB30BCF3D9CF92,JFE_STEEL_JP,JFE Steel,P1,PORT-D5A2DA370FDA,DISCLOSED_PATH,185.08836,3210.574,17.34617,False,False,2030,3.1659880174124027,-3.1659880174124027,False,False,True,True,2036,1.6549952300000008,0.0,0.0,2,3,0.22808320000000004,0.65,0.6599999999999999
CAND-CB30BCF3D9CF92,JFE_STEEL_JP,JFE Steel,P1,PORT-D5A2DA370FDA,ACCELERATED_15C,185.08836,555.293,3.000149,False,False,2030,9.492498710000003,-9.492498710000003,True,True,True,True,,0.0,0.0,0.0,2,3,0.22808320000000004,0.65,0.6599999999999999
CAND-CBE864A3B5E624,JFE_STEEL_JP,JFE Steel,P2,PORT-408F044D6828,DISCLOSED_PATH,302.295879,63997.503,211.704848,True,False,,0.0,1.265341119704999e-05,False,False,True,True,2029,0.0,0.07400003299999997,0.0,2,3,0.3867712,0.65,1.62
CAND-CBE864A3B5E624,JFE_STEEL_JP,JFE Steel,P2,PORT-408F044D6828,ACCELERATED_15C,302.295879,62928.809,208.169588,False,False,2040,3.584995639999999,-3.584995639999999,True,True,True,True,,0.0,0.0,0.0,2,3,0.3867712,0.65,1.62
CAND-D31DAEDCB107AF,JFE_STEEL_JP,JFE Steel,P1,PORT-0FD37D80B1EA,DISCLOSED_PATH,330.620869,49463.555,149.608084,True,False,,0.0,1.265341119704999e-05,False,False,True,True,2029,0.0,0.07400003299999997,0.18199837200000069,3,3,0.41232239999999987,0.65,1.78
CAND-D31DAEDCB107AF,JFE_STEEL_JP,JFE Steel,P1,PORT-0FD37D80B1EA,ACCELERATED_15C,330.620869,47698.388,144.269139,True,True,,0.0,1.265341119704999e-05,True,True,True,True,,0.0,0.0,0.0,3,3,0.41232239999999987,0.65,1.78
CAND-DF57CBE06564A4,JFE_STEEL_JP,JFE Steel,P3,PORT-6E49C004BA31,DISCLOSED_PATH,163.575867,27300.156,166.895985,False,False,2030,4.8049966600000005,-4.8049966600000005,True,True,True,True,,0.0,0.0,0.0,2,3,0.28207360000000015,0.65,0.9799999999999999
CAND-DF57CBE06564A4,JFE_STEEL_JP,JFE Steel,P3,PORT-6E49C004BA31,ACCELERATED_15C,163.575867,25879.894,158.213398,False,False,2030,15.14499666,-15.14499666,True,True,True,True,,0.0,0.0,0.0,2,3,0.28207360000000015,0.65,0.9799999999999999
CAND-DFCA23D16E81A2,JFE_STEEL_JP,JFE Steel,P1,PORT-408F044D6828,DISCLOSED_PATH,302.295879,65678.722,217.26635,True,False,,0.0,1.265341119704999e-05,False,False,True,True,2029,0.0,0.07400003299999997,0.0,2,3,0.3867712,0.65,1.62
CAND-DFCA23D16E81A2,JFE_STEEL_JP,JFE Steel,P1,PORT-408F044D6828,ACCELERATED_15C,302.295879,65518.403,216.73601,False,False,2040,3.584995639999999,-3.584995639999999,True,True,True,True,,0.0,0.0,0.0,2,3,0.3867712,0.65,1.62
CAND-DFD36ABEC37623,JFE_STEEL_JP,JFE Steel,P1,PORT-7F45069F34E3,DISCLOSED_PATH,203.088353,30122.61,148.322688,False,False,2030,3.1659880174124027,-3.1659880174124027,True,True,True,True,,0.0,0.0,0.0,2,3,0.3119871999999999,0.65,1.1400000000000001
CAND-DFD36ABEC37623,JFE_STEEL_JP,JFE Steel,P1,PORT-7F45069F34E3,ACCELERATED_15C,203.088353,29138.77,143.478295,False,False,2030,8.975988017412405,-8.975988017412405,True,True,True,True,,0.0,0.0,0.0,2,3,0.3119871999999999,0.65,1.1400000000000001
CAND-E142C0366C78ED,JFE_STEEL_JP,JFE Steel,P4,PORT-49F18FB13125,DISCLOSED_PATH,369.350858,50838.56,137.643,True,False,,0.0,1.265341119704999e-05,False,False,True,True,2028,0.14999703000000153,0.174000033,1.1819983720000007,3,3,0.41232239999999987,0.65,1.78
CAND-E142C0366C78ED,JFE_STEEL_JP,JFE Steel,P4,PORT-49F18FB13125,ACCELERATED_15C,369.350858,45969.413,124.460015,True,False,,0.0,1.265341119704999e-05,False,False,True,True,2028,0.0,0.02400003300000003,0.0,3,3,0.41232239999999987,0.65,1.78
CAND-E1C48D333700EA,JFE_STEEL_JP,JFE Steel,P7,PORT-B91429E42CEB,DISCLOSED_PATH,445.512827,80332.44,180.314539,True,False,,0.0,1.265341119704999e-05,False,False,True,True,2028,0.0,0.4689998460000001,2.281998712,3,3,0.47620039999999997,0.65,2.2600000000000002
CAND-E1C48D333700EA,JFE_STEEL_JP,JFE Steel,P7,PORT-B91429E42CEB,ACCELERATED_15C,445.512827,67071.669,150.549356,True,False,,0.0,1.265341119704999e-05,False,False,True,True,2028,0.0,0.26899984600000015,0.28199871200000004,3,3,0.47620039999999997,0.65,2.2600000000000002
CAND-E280945A557960,JFE_STEEL_JP,JFE Steel,P1,PORT-E5F3D5116135,DISCLOSED_PATH,321.408363,33126.209,103.065795,True,False,,0.0,1.265341119704999e-05,False,False,True,True,2036,0.004998229999999992,0.0,0.0,2,3,0.3406543999999999,0.65,1.3
CAND-E280945A557960,JFE_STEEL_JP,JFE Steel,P1,PORT-E5F3D5116135,ACCELERATED_15C,321.408363,30627.226,95.290696,True,True,,0.0,1.265341119704999e-05,True,True,True,True,,0.0,0.0,0.0,2,3,0.3406543999999999,0.65,1.3
CAND-E2E67FC7600525,JFE_STEEL_JP,JFE Steel,P2,PORT-7BA11C62DF95,DISCLOSED_PATH,219.408411,36426.705,166.022372,False,False,2040,0.6424927599999997,-0.6424927599999997,False,False,True,True,2029,0.0,0.07400003299999997,0.0,2,3,0.3119871999999999,0.65,1.1400000000000001
CAND-E2E67FC7600525,JFE_STEEL_JP,JFE Steel,P2,PORT-7BA11C62DF95,ACCELERATED_15C,219.408411,34953.774,159.309178,False,False,2035,10.98249276,-10.98249276,True,True,True,True,,0.0,0.0,0.0,2,3,0.3119871999999999,0.65,1.1400000000000001
CAND-E5C3BE482793EF,JFE_STEEL_JP,JFE Steel,P4,PORT-4577AB24CD05,DISCLOSED_PATH,389.600851,78510.322,201.51476,True,False,,0.0,1.265341119704999e-05,False,False,True,True,2028,0.0,0.174000033,0.28199871200000004,3,3,0.47620039999999997,0.65,2.2600000000000002
CAND-E5C3BE482793EF,JFE_STEEL_JP,JFE Steel,P4,PORT-4577AB24CD05,ACCELERATED_15C,389.600851,73594.491,188.897151,True,False,,0.0,1.265341119704999e-05,False,False,True,True,2028,0.0,0.02400003300000003,0.0,3,3,0.47620039999999997,0.65,2.2600000000000002
CAND-E72109958C3B57,JFE_STEEL_JP,JFE Steel,P2,PORT-E5F3D5116135,DISCLOSED_PATH,321.408363,32387.753,100.768233,True,False,,0.0,1.265341119704999e-05,False,False,True,True,2036,0.004998229999999992,0.0,0.0,2,3,0.3406543999999999,0.65,1.3
CAND-E72109958C3B57,JFE_STEEL_JP,JFE Steel,P2,PORT-E5F3D5116135,ACCELERATED_15C,321.408363,29504.994,91.799087,True,True,,0.0,1.265341119704999e-05,True,True,True,True,,0.0,0.0,0.0,2,3,0.3406543999999999,0.65,1.3
CAND-E8FAD9BDD034A5,JFE_STEEL_JP,JFE Steel,P3,PORT-51A2628EF9C2,DISCLOSED_PATH,328.220861,40363.359,122.976215,True,True,,0.0,1.265341119704999e-05,True,True,True,True,,0.0,0.0,0.0,3,3,0.41232239999999987,0.65,1.78
CAND-E8FAD9BDD034A5,JFE_STEEL_JP,JFE Steel,P3,PORT-51A2628EF9C2,ACCELERATED_15C,328.220861,37182.414,113.284736,True,True,,0.0,1.265341119704999e-05,True,True,True,True,,0.0,0.0,0.0,3,3,0.41232239999999987,0.65,1.78
CAND-E97F5B55830909,JFE_STEEL_JP,JFE Steel,P1,PORT-A7F00CD0D5D9,DISCLOSED_PATH,145.575874,2187.854,15.028963,False,False,2030,7.054995810000001,-7.054995810000001,True,True,True,True,,0.0,0.0,0.0,2,3,0.19452160000000007,0.65,0.5
CAND-E97F5B55830909,JFE_STEEL_JP,JFE Steel,P1,PORT-A7F00CD0D5D9,ACCELERATED_15C,145.575874,94.675,0.650351,False,False,2030,17.39499581,-17.39499581,True,True,True,True,,0.0,0.0,0.0,2,3,0.19452160000000007,0.65,0.5
CAND-EBDED9A4383BD3,JFE_STEEL_JP,JFE Steel,P5,PORT-4577AB24CD05,DISCLOSED_PATH,389.600851,74381.761,190.917862,True,False,,0.0,1.265341119704999e-05,False,False,True,True,2028,0.0,0.174000033,0.28199871200000004,3,3,0.47620039999999997,0.65,2.2600000000000002
CAND-EBDED9A4383BD3,JFE_STEEL_JP,JFE Steel,P5,PORT-4577AB24CD05,ACCELERATED_15C,389.600851,66995.606,171.959598,True,False,,0.0,1.265341119704999e-05,False,False,True,True,2028,0.0,0.02400003300000003,0.0,3,3,0.47620039999999997,0.65,2.2600000000000002
CAND-ED25426FC3D2E1,JFE_STEEL_JP,JFE Steel,P4,PORT-C1D4A288CC05,DISCLOSED_PATH,251.900903,48082.131,190.877169,True,False,,0.0,1.265341119704999e-05,False,False,True,True,2028,0.0,0.174000033,0.0,3,3,0.3867712,0.65,1.62
CAND-ED25426FC3D2E1,JFE_STEEL_JP,JFE Steel,P4,PORT-C1D4A288CC05,ACCELERATED_15C,251.900903,44746.089,177.6337,False,False,2040,9.619993259999998,-9.619993259999998,False,False,True,True,2028,0.0,0.02400003300000003,0.0,3,3,0.3867712,0.65,1.62
CAND-F1788FF7DCC7F6,JFE_STEEL_JP,JFE Steel,P2,PORT-E3494C854A0D,DISCLOSED_PATH,323.808372,38846.247,119.966777,True,False,,0.0,1.265341119704999e-05,False,False,True,True,2029,1.6549952300000008,0.07400003299999997,0.18199837200000069,2,3,0.3406543999999999,0.65,1.3
CAND-F1788FF7DCC7F6,JFE_STEEL_JP,JFE Steel,P2,PORT-E3494C854A0D,ACCELERATED_15C,323.808372,35953.415,111.032999,True,True,,0.0,1.265341119704999e-05,True,True,True,True,,0.0,0.0,0.0,2,3,0.3406543999999999,0.65,1.3
CAND-F4B6AD5FB08D71,JFE_STEEL_JP,JFE Steel,P2,PORT-51A2628EF9C2,DISCLOSED_PATH,328.220861,41807.514,127.376163,True,True,,0.0,1.265341119704999e-05,True,True,True,True,,0.0,0.0,0.0,3,3,0.41232239999999987,0.65,1.78
CAND-F4B6AD5FB08D71,JFE_STEEL_JP,JFE Steel,P2,PORT-51A2628EF9C2,ACCELERATED_15C,328.220861,39413.198,120.081332,True,True,,0.0,1.265341119704999e-05,True,True,True,True,,0.0,0.0,0.0,3,3,0.41232239999999987,0.65,1.78
CAND-F90CEA29183281,JFE_STEEL_JP,JFE Steel,P2,PORT-53E6F75011D5,DISCLOSED_PATH,179.895926,35401.202,196.787124,False,False,2040,8.544989859999998,-8.544989859999998,False,False,True,True,2029,0.0,0.07400003299999997,0.0,2,3,0.28207360000000004,0.65,0.98
CAND-F90CEA29183281,JFE_STEEL_JP,JFE Steel,P2,PORT-53E6F75011D5,ACCELERATED_15C,179.895926,34489.106,191.716996,False,False,2035,18.884989859999997,-18.884989859999997,True,True,True,True,,0.0,0.0,0.0,2,3,0.28207360000000004,0.65,0.98
CAND-FA1953D51D82F3,JFE_STEEL_JP,JFE Steel,P3,PORT-0FD37D80B1EA,DISCLOSED_PATH,330.620869,46521.877,140.710649,True,False,,0.0,1.265341119704999e-05,False,False,True,True,2029,0.0,0.07400003299999997,0.18199837200000069,3,3,0.41232239999999987,0.65,1.78
CAND-FA1953D51D82F3,JFE_STEEL_JP,JFE Steel,P3,PORT-0FD37D80B1EA,ACCELERATED_15C,330.620869,43157.607,130.535035,True,True,,0.0,1.265341119704999e-05,True,True,True,True,,0.0,0.0,0.0,3,3,0.41232239999999987,0.65,1.78
CAND-FA780AD266A327,JFE_STEEL_JP,JFE Steel,P1,PORT-53E6F75011D5,DISCLOSED_PATH,179.895926,36348.152,202.051003,False,False,2040,8.544989859999998,-8.544989859999998,False,False,True,True,2029,0.0,0.07400003299999997,0.0,2,3,0.28207360000000004,0.65,0.98
CAND-FA780AD266A327,JFE_STEEL_JP,JFE Steel,P1,PORT-53E6F75011D5,ACCELERATED_15C,179.895926,35945.353,199.811936,False,False,2035,18.884989859999997,-18.884989859999997,True,True,True,True,,0.0,0.0,0.0,2,3,0.28207360000000004,0.65,0.98
CAND-FBA2EEA416EBAD,JFE_STEEL_JP,JFE Steel,P1,PORT-3776FB32D8CF,DISCLOSED_PATH,284.295886,38766.686,136.360348,True,False,,0.0,1.265341119704999e-05,False,False,True,True,2029,0.0,0.07400003299999997,0.18199837200000069,2,3,0.3119871999999999,0.65,1.1400000000000001
CAND-FBA2EEA416EBAD,JFE_STEEL_JP,JFE Steel,P1,PORT-3776FB32D8CF,ACCELERATED_15C,284.295886,36934.925,129.917197,False,False,2040,5.83499479,-5.83499479,True,True,True,True,,0.0,0.0,0.0,2,3,0.3119871999999999,0.65,1.1400000000000001
CAND-FC0AA3F9FE37C6,JFE_STEEL_JP,JFE Steel,P3,PORT-E5F3D5116135,DISCLOSED_PATH,321.408363,31315.689,97.432714,True,False,,0.0,1.265341119704999e-05,False,False,True,True,2036,0.004998229999999992,0.0,0.0,2,3,0.3406543999999999,0.65,1.3
CAND-FC0AA3F9FE37C6,JFE_STEEL_JP,JFE Steel,P3,PORT-E5F3D5116135,ACCELERATED_15C,321.408363,27857.175,86.672217,True,True,,0.0,1.265341119704999e-05,True,True,True,True,,0.0,0.0,0.0,2,3,0.3406543999999999,0.65,1.3
CAND-FCDB7C1BD7991A,JFE_STEEL_JP,JFE Steel,P1,PORT-51A2628EF9C2,DISCLOSED_PATH,328.220861,42800.358,130.401089,True,True,,0.0,1.265341119704999e-05,True,True,True,True,,0.0,0.0,0.0,3,3,0.41232239999999987,0.65,1.78
CAND-FCDB7C1BD7991A,JFE_STEEL_JP,JFE Steel,P1,PORT-51A2628EF9C2,ACCELERATED_15C,328.220861,40930.073,124.702838,True,True,,0.0,1.265341119704999e-05,True,True,True,True,,0.0,0.0,0.0,3,3,0.41232239999999987,0.65,1.78
CAND-FEEEE79CE73C24,JFE_STEEL_JP,JFE Steel,P2,PORT-7F45069F34E3,DISCLOSED_PATH,203.088353,29393.256,144.731372,False,False,2030,3.1659880174124027,-3.1659880174124027,True,True,True,True,,0.0,0.0,0.0,2,3,0.3119871999999999,0.65,1.1400000000000001
CAND-FEEEE79CE73C24,JFE_STEEL_JP,JFE Steel,P2,PORT-7F45069F34E3,ACCELERATED_15C,203.088353,28011.633,137.92831,False,False,2030,8.975988017412405,-8.975988017412405,True,True,True,True,,0.0,0.0,0.0,2,3,0.3119871999999999,0.65,1.1400000000000001
CAND-FFE34BEEEA3D2A,JFE_STEEL_JP,JFE Steel,P1,PORT-183A0BF03169,DISCLOSED_PATH,41.175913,-230.679,-5.602289,False,False,2030,20.10499088,-20.10499088,True,True,True,True,,0.0,0.0,0.0,2,3,0.1595008000000001,0.65,0.33999999999999997
CAND-FFE34BEEEA3D2A,JFE_STEEL_JP,JFE Steel,P1,PORT-183A0BF03169,ACCELERATED_15C,41.175913,-894.896,-21.733489,False,False,2030,30.44499088,-30.44499088,True,True,True,True,,0.0,0.0,0.0,2,3,0.1595008000000001,0.65,0.33999999999999997
CAND-0E9003448A63C3,KOBE_STEEL_JP,Kobe Steel,P7,PORT-F194BB679477,DISCLOSED_PATH,131.48782,19837.419,150.868867,True,False,,0.0,9.990856690045291e-05,False,False,True,True,2028,0.0,0.012250011000000005,0.0,1,1,0.3612199999999999,0.6,1.54
CAND-0E9003448A63C3,KOBE_STEEL_JP,Kobe Steel,P7,PORT-F194BB679477,ACCELERATED_15C,131.48782,16410.005,124.802469,True,True,,0.0,9.990856690045291e-05,True,True,True,True,,0.0,0.0,0.0,1,1,0.3612199999999999,0.6,1.54
CAND-17BC99375C7C5C,KOBE_STEEL_JP,Kobe Steel,P1,PORT-3DA05887C62D,DISCLOSED_PATH,93.541093,1137.237,12.157617,True,False,,0.0,9.990856690045291e-05,False,False,True,True,2037,0.9639992259999994,0.0,0.0,1,1,0.19591999999999998,0.6,0.58
CAND-17BC99375C7C5C,KOBE_STEEL_JP,Kobe Steel,P1,PORT-3DA05887C62D,ACCELERATED_15C,93.541093,-170.768,-1.825594,False,False,2035,0.6138637290849003,-0.6138637290849003,True,True,True,True,,0.0,0.0,0.0,1,1,0.19591999999999998,0.6,0.58
CAND-202E0A81514742,KOBE_STEEL_JP,Kobe Steel,P2,PORT-5EAB84C29074,DISCLOSED_PATH,85.5131,14825.492,173.371009,False,False,2040,0.1489979539999986,-0.1489979539999986,True,True,True,True,,0.0,0.0,0.0,1,1,0.25216000000000005,0.6,0.8999999999999999
CAND-202E0A81514742,KOBE_STEEL_JP,Kobe Steel,P2,PORT-5EAB84C29074,ACCELERATED_15C,85.5131,14326.694,167.538008,False,False,2040,3.128997953999999,-3.128997953999999,True,True,True,True,,0.0,0.0,0.0,1,1,0.25216000000000005,0.6,0.8999999999999999
CAND-20911E55FBB215,KOBE_STEEL_JP,Kobe Steel,P3,PORT-661396C334A7,DISCLOSED_PATH,45.121088,3682.591,81.615735,False,False,2030,3.7213640190848984,-3.7213640190848984,True,True,True,True,,0.0,0.0,0.0,1,1,0.25216000000000005,0.6,0.8999999999999999
CAND-20911E55FBB215,KOBE_STEEL_JP,Kobe Steel,P3,PORT-661396C334A7,ACCELERATED_15C,45.121088,3163.697,70.1157,False,False,2030,4.891364019084899,-4.891364019084899,True,True,True,True,,0.0,0.0,0.0,1,1,0.25216000000000005,0.6,0.8999999999999999
CAND-314B41E5534D98,KOBE_STEEL_JP,Kobe Steel,P3,PORT-9862FC05DA24,DISCLOSED_PATH,105.301092,18546.646,176.129668,True,True,,0.0,9.990856690045291e-05,True,True,True,True,,0.0,0.0,0.0,1,1,0.3612199999999999,0.6,1.54
CAND-314B41E5534D98,KOBE_STEEL_JP,Kobe Steel,P3,PORT-9862FC05DA24,ACCELERATED_15C,105.301092,17627.204,167.398115,True,True,,0.0,9.990856690045291e-05,True,True,True,True,,0.0,0.0,0.0,1,1,0.3612199999999999,0.6,1.54
CAND-344C7E39FA18A3,KOBE_STEEL_JP,Kobe Steel,P1,PORT-661396C334A7,DISCLOSED_PATH,45.121088,3926.654,87.024798,False,False,2030,3.7213640190848984,-3.7213640190848984,True,True,True,True,,0.0,0.0,0.0,1,1,0.25216000000000005,0.6,0.8999999999999999
CAND-344C7E39FA18A3,KOBE_STEEL_JP,Kobe Steel,P1,PORT-661396C334A7,ACCELERATED_15C,45.121088,3540.297,78.462134,False,False,2030,4.891364019084899,-4.891364019084899,True,True,True,True,,0.0,0.0,0.0,1,1,0.25216000000000005,0.6,0.8999999999999999
CAND-352C3A40240600,KOBE_STEEL_JP,Kobe Steel,P4,PORT-0095E30DB97C,DISCLOSED_PATH,118.419093,20394.844,172.225976,True,False,,0.0,9.990856690045291e-05,False,False,True,True,2028,0.0,0.012250011000000005,0.0,1,1,0.3612199999999999,0.6,1.54
CAND-352C3A40240600,KOBE_STEEL_JP,Kobe Steel,P4,PORT-0095E30DB97C,ACCELERATED_15C,118.419093,18902.043,159.619897,True,True,,0.0,9.990856690045291e-05,True,True,True,True,,0.0,0.0,0.0,1,1,0.3612199999999999,0.6,1.54
CAND-4D158AE8BC3521,KOBE_STEEL_JP,Kobe Steel,P3,PORT-1144EBE63B41,DISCLOSED_PATH,102.391093,14716.433,143.727666,True,True,,0.0,9.990856690045291e-05,True,True,True,True,,0.0,0.0,0.0,1,1,0.28332,0.6,1.06
CAND-4D158AE8BC3521,KOBE_STEEL_JP,Kobe Steel,P3,PORT-1144EBE63B41,ACCELERATED_15C,102.391093,13664.434,133.453347,True,True,,0.0,9.990856690045291e-05,True,True,True,True,,0.0,0.0,0.0,1,1,0.28332,0.6,1.06
CAND-7994EC1E34FADB,KOBE_STEEL_JP,Kobe Steel,P4,PORT-ED997010A5D3,DISCLOSED_PATH,93.684102,15219.838,162.45913,False,False,2040,0.1489979539999986,-0.1489979539999986,False,False,True,True,2028,0.0,0.012250011000000005,0.0,1,1,0.25216000000000005,0.6,0.8999999999999999
CAND-7994EC1E34FADB,KOBE_STEEL_JP,Kobe Steel,P4,PORT-ED997010A5D3,ACCELERATED_15C,93.684102,13960.332,149.01495,False,False,2040,3.128997953999999,-3.128997953999999,True,True,True,True,,0.0,0.0,0.0,1,1,0.25216000000000005,0.6,0.8999999999999999
CAND-7F0A690E87B72D,KOBE_STEEL_JP,Kobe Steel,P2,PORT-8384667F6B8E,DISCLOSED_PATH,96.451092,5119.663,53.080408,True,True,,0.0,9.990856690045291e-05,True,True,True,True,,0.0,0.0,0.0,1,1,0.28332,0.6,1.06
CAND-7F0A690E87B72D,KOBE_STEEL_JP,Kobe Steel,P2,PORT-8384667F6B8E,ACCELERATED_15C,96.451092,4027.512,41.757041,False,False,2035,0.6138637290849003,-0.6138637290849003,True,True,True,True,,0.0,0.0,0.0,1,1,0.28332,0.6,1.06
CAND-88A58A95717947,KOBE_STEEL_JP,Kobe Steel,P1,PORT-5EAB84C29074,DISCLOSED_PATH,85.5131,15223.673,178.027382,False,False,2040,0.1489979539999986,-0.1489979539999986,True,True,True,True,,0.0,0.0,0.0,1,1,0.25216000000000005,0.6,0.8999999999999999
CAND-88A58A95717947,KOBE_STEEL_JP,Kobe Steel,P1,PORT-5EAB84C29074,ACCELERATED_15C,85.5131,14931.22,174.607399,False,False,2040,3.128997953999999,-3.128997953999999,True,True,True,True,,0.0,0.0,0.0,1,1,0.25216000000000005,0.6,0.8999999999999999
CAND-8D7AF2E68805C6,KOBE_STEEL_JP,Kobe Steel,P3,PORT-5EAB84C29074,DISCLOSED_PATH,85.5131,14244.764,166.579905,False,False,2040,0.1489979539999986,-0.1489979539999986,True,True,True,True,,0.0,0.0,0.0,1,1,0.25216000000000005,0.6,0.8999999999999999
CAND-8D7AF2E68805C6,KOBE_STEEL_JP,Kobe Steel,P3,PORT-5EAB84C29074,ACCELERATED_15C,85.5131,13435.753,157.119237,False,False,2040,3.128997953999999,-3.128997953999999,True,True,True,True,,0.0,0.0,0.0,1,1,0.25216000000000005,0.6,0.8999999999999999
CAND-9D068D97FB272C,KOBE_STEEL_JP,Kobe Steel,P2,PORT-661396C334A7,DISCLOSED_PATH,45.121088,3827.194,84.820518,False,False,2030,3.7213640190848984,-3.7213640190848984,True,True,True,True,,0.0,0.0,0.0,1,1,0.25216000000000005,0.6,0.8999999999999999
CAND-9D068D97FB272C,KOBE_STEEL_JP,Kobe Steel,P2,PORT-661396C334A7,ACCELERATED_15C,45.121088,3387.857,75.083668,False,False,2030,4.891364019084899,-4.891364019084899,True,True,True,True,,0.0,0.0,0.0,1,1,0.25216000000000005,0.6,0.8999999999999999
CAND-9DD8DD0C56A40D,KOBE_STEEL_JP,Kobe Steel,P3,PORT-8384667F6B8E,DISCLOSED_PATH,96.451092,4978.625,51.618125,True,True,,0.0,9.990856690045291e-05,True,True,True,True,,0.0,0.0,0.0,1,1,0.28332,0.6,1.06
CAND-9DD8DD0C56A40D,KOBE_STEEL_JP,Kobe Steel,P3,PORT-8384667F6B8E,ACCELERATED_15C,96.451092,3812.491,39.527711,False,False,2035,0.6138637290849003,-0.6138637290849003,True,True,True,True,,0.0,0.0,0.0,1,1,0.28332,0.6,1.06
CAND-B3597FD7767497,KOBE_STEEL_JP,Kobe Steel,P1,PORT-9862FC05DA24,DISCLOSED_PATH,105.301092,19771.105,187.757835,True,True,,0.0,9.990856690045291e-05,True,True,True,True,,0.0,0.0,0.0,1,1,0.3612199999999999,0.6,1.54
CAND-B3597FD7767497,KOBE_STEEL_JP,Kobe Steel,P1,PORT-9862FC05DA24,ACCELERATED_15C,105.301092,19500.781,185.19068,True,True,,0.0,9.990856690045291e-05,True,True,True,True,,0.0,0.0,0.0,1,1,0.3612199999999999,0.6,1.54
CAND-B51B2DE2F2D28C,KOBE_STEEL_JP,Kobe Steel,P4,PORT-8A59F01B884D,DISCLOSED_PATH,114.781594,15757.538,137.282794,True,False,,0.0,9.990856690045291e-05,False,False,True,True,2028,0.0,0.012250011000000005,0.0,1,1,0.28332,0.6,1.06
CAND-B51B2DE2F2D28C,KOBE_STEEL_JP,Kobe Steel,P4,PORT-8A59F01B884D,ACCELERATED_15C,114.781594,14200.239,123.715296,True,True,,0.0,9.990856690045291e-05,True,True,True,True,,0.0,0.0,0.0,1,1,0.28332,0.6,1.06
CAND-B928C0FFDA3842,KOBE_STEEL_JP,Kobe Steel,P1,PORT-D7B02E3224C4,DISCLOSED_PATH,76.663099,670.475,8.745735,False,False,2040,0.886498003999999,-0.886498003999999,True,True,True,True,,0.0,0.0,0.0,1,1,0.1609600000000001,0.6,0.42000000000000004
CAND-B928C0FFDA3842,KOBE_STEEL_JP,Kobe Steel,P1,PORT-D7B02E3224C4,ACCELERATED_15C,76.663099,-394.351,-5.143954,False,False,2035,3.8664980039999994,-3.8664980039999994,True,True,True,True,,0.0,0.0,0.0,1,1,0.1609600000000001,0.6,0.42000000000000004
CAND-C9A7A01CF97824,KOBE_STEEL_JP,Kobe Steel,P6,PORT-6AF097B8F6F8,DISCLOSED_PATH,124.953456,19282.898,154.320643,True,False,,0.0,9.990856690045291e-05,False,False,True,True,2028,0.0,0.012250011000000005,0.0,1,1,0.3612199999999999,0.6,1.54
CAND-C9A7A01CF97824,KOBE_STEEL_JP,Kobe Steel,P6,PORT-6AF097B8F6F8,ACCELERATED_15C,124.953456,16389.379,131.163871,True,True,,0.0,9.990856690045291e-05,True,True,True,True,,0.0,0.0,0.0,1,1,0.3612199999999999,0.6,1.54
CAND-C9EAFC0F482485,KOBE_STEEL_JP,Kobe Steel,P2,PORT-1144EBE63B41,DISCLOSED_PATH,102.391093,15293.987,149.368332,True,True,,0.0,9.990856690045291e-05,True,True,True,True,,0.0,0.0,0.0,1,1,0.28332,0.6,1.06
CAND-C9EAFC0F482485,KOBE_STEEL_JP,Kobe Steel,P2,PORT-1144EBE63B41,ACCELERATED_15C,102.391093,14552.066,142.122383,True,True,,0.0,9.990856690045291e-05,True,True,True,True,,0.0,0.0,0.0,1,1,0.28332,0.6,1.06
CAND-CE22CF7F8F72DA,KOBE_STEEL_JP,Kobe Steel,P2,PORT-9862FC05DA24,DISCLOSED_PATH,105.301092,19272.91,183.02669,True,True,,0.0,9.990856690045291e-05,True,True,True,True,,0.0,0.0,0.0,1,1,0.3612199999999999,0.6,1.54
CAND-CE22CF7F8F72DA,KOBE_STEEL_JP,Kobe Steel,P2,PORT-9862FC05DA24,ACCELERATED_15C,105.301092,18743.254,177.996762,True,True,,0.0,9.990856690045291e-05,True,True,True,True,,0.0,0.0,0.0,1,1,0.3612199999999999,0.6,1.54
CAND-D80CE96AA3B5C1,KOBE_STEEL_JP,Kobe Steel,P1,PORT-8384667F6B8E,DISCLOSED_PATH,96.451092,5217.907,54.098993,True,True,,0.0,9.990856690045291e-05,True,True,True,True,,0.0,0.0,0.0,1,1,0.28332,0.6,1.06
CAND-D80CE96AA3B5C1,KOBE_STEEL_JP,Kobe Steel,P1,PORT-8384667F6B8E,ACCELERATED_15C,96.451092,4175.21,43.288359,False,False,2035,0.6138637290849003,-0.6138637290849003,True,True,True,True,,0.0,0.0,0.0,1,1,0.28332,0.6,1.06
CAND-DCD679F188D852,KOBE_STEEL_JP,Kobe Steel,P1,PORT-1144EBE63B41,DISCLOSED_PATH,102.391093,15690.435,153.240232,True,True,,0.0,9.990856690045291e-05,True,True,True,True,,0.0,0.0,0.0,1,1,0.28332,0.6,1.06
CAND-DCD679F188D852,KOBE_STEEL_JP,Kobe Steel,P1,PORT-1144EBE63B41,ACCELERATED_15C,102.391093,15154.803,148.009,True,True,,0.0,9.990856690045291e-05,True,True,True,True,,0.0,0.0,0.0,1,1,0.28332,0.6,1.06
CAND-DDE822F7D41D2E,KOBE_STEEL_JP,Kobe Steel,P5,PORT-0095E30DB97C,DISCLOSED_PATH,118.419093,19329.235,163.227356,True,False,,0.0,9.990856690045291e-05,False,False,True,True,2028,0.0,0.012250011000000005,0.0,1,1,0.3612199999999999,0.6,1.54
CAND-DDE822F7D41D2E,KOBE_STEEL_JP,Kobe Steel,P5,PORT-0095E30DB97C,ACCELERATED_15C,118.419093,17219.924,145.415098,True,True,,0.0,9.990856690045291e-05,True,True,True,True,,0.0,0.0,0.0,1,1,0.3612199999999999,0.6,1.54
CAND-E9169FB41B03EE,KOBE_STEEL_JP,Kobe Steel,P1,PORT-0CA13428C264,DISCLOSED_PATH,42.211089,-154.017,-3.648723,False,False,2030,3.7213640190848984,-3.7213640190848984,True,True,True,True,,0.0,0.0,0.0,1,1,0.1609600000000001,0.6,0.42000000000000004
CAND-E9169FB41B03EE,KOBE_STEEL_JP,Kobe Steel,P1,PORT-0CA13428C264,ACCELERATED_15C,42.211089,-805.681,-19.086944,False,False,2030,4.891364019084899,-4.891364019084899,True,True,True,True,,0.0,0.0,0.0,1,1,0.1609600000000001,0.6,0.42000000000000004
CAND-F3EC79559B1773,KOBE_STEEL_JP,Kobe Steel,P1,PORT-B0BA3BE7A418,DISCLOSED_PATH,25.333096,-620.778,-24.504632,False,False,2030,5.163998293999999,-5.163998293999999,True,True,True,True,,0.0,0.0,0.0,1,1,0.12448000000000004,0.6,0.26
CAND-F3EC79559B1773,KOBE_STEEL_JP,Kobe Steel,P1,PORT-B0BA3BE7A418,ACCELERATED_15C,25.333096,-1029.264,-40.629229,False,False,2030,8.143998294,-8.143998294,True,True,True,True,,0.0,0.0,0.0,1,1,0.12448000000000004,0.6,0.26
