company_id,company_name,country_code,reported_production_mt,reported_scope12_emissions_mtco2,scenario_id,portfolio_origin_scenario_id,portfolio_id,candidate_id,template_plan_id,physical_portfolio_id,common_avoided_emissions_mtco2,deterministic_economic_npv_bn_krw,deterministic_cost_common_kkrw_per_tco2,carbon_budget_feasible,scenario_feasible,first_budget_breach_year,max_annual_budget_excess_mtco2,minimum_annual_budget_margin_mtco2,physical_constraints_feasible,resource_constraints_feasible,construction_concurrency_feasible,failure_risk_constraint_feasible,first_resource_breach_year,max_scrap_supply_excess_mt,max_hydrogen_supply_excess_mt,max_incremental_grid_excess_twh,max_concurrent_construction_projects,concurrent_construction_limit,portfolio_failure_probability,portfolio_failure_probability_limit,expected_failure_delay_years,plan_id,plan_name,is_disclosed_plan,aligned_capex_bn_krw,peak_capex_year,peak_capex_bn_krw,expected_cost_p50_kkrw_per_tco2,expected_cost_p50_bn_krw,absolute_npv_p50_bn_krw,absolute_npv_p90_bn_krw,scenario_avoided_emissions_mtco2,net_economic_cost_p50_kkrw_per_tco2_common_denominator,net_cash_cost_after_support_p50_kkrw_per_tco2_common_denominator,cash_cost_before_support_p50_bn_krw,net_cash_cost_after_support_p50_bn_krw,net_cash_cost_after_support_p90_bn_krw,avoided_carbon_cost_value_p50_bn_krw,policy_support_value_p50_bn_krw,cash_policy_p50_nonadditivity_bn_krw,economic_cost_p50_identity_delta_bn_krw,p90_cost_kkrw_per_tco2,tcar_kkrw_per_tco2,gross_cost_p50_kkrw_per_tco2,policy_support_dependence_kkrw_per_tco2,electricity_variance_share,hydrogen_variance_share,capex_variance_share,policy_uncertainty_exposure_kkrw_per_tco2,flexibility_value_kkrw_per_tco2,avoided_emissions_mtco2,p90_net_cost_bn_krw,p90_cost_to_ebitda_x,p90_cost_to_annual_capex_x,capex_cost_p50_bn_krw,fixed_opex_cost_p50_bn_krw,electricity_cost_p50_bn_krw,hydrogen_cost_p50_bn_krw,contract_premium_p50_bn_krw,carbon_value_p50_bn_krw,policy_support_p50_bn_krw,component_reconciliation_p50_bn_krw,candidate_path_count,is_generated_candidate,scenario_regret_p50_kkrw_per_tco2
POSCO_KR,POSCO,KR,34.537,69.84605,DISCLOSED_PATH,DISCLOSED_PATH,PORT-8826D0B469EE,CAND-6339E6B83A8408,P3,PORT-8826D0B469EE,429.154227,26569.752,61.911896,True,True,,0.0,2.0275124185786808e-05,True,True,True,True,,0.0,0.0,0.0,3,3,0.459336608,0.65,2.02,P3,균형형 라이트헤지,False,27588.0,2037,9270.0,63.87802,27413.522,27413.522,32203.661,429.154227,63.87802,100.126741,47043.733,42969.814,47759.953,15556.292,3919.709,-154.21,0.0,75.039832,11.161812,73.370921,9.492902,0.0,0.0,0.0,0.0,0.0,429.154227,32203.661,7.613159,13.623003,13071.546,1500.071,9828.945,22293.469,191.41,-15556.292,-3938.299,22.673,100,True,54.537878
POSCO_KR,POSCO,KR,34.537,69.84605,ACCELERATED_15C,DISCLOSED_PATH,PORT-8826D0B469EE,CAND-6339E6B83A8408,P3,PORT-8826D0B469EE,429.154227,21116.24,49.204315,True,True,,0.0,2.0275124185786808e-05,True,True,True,True,,0.0,0.0,0.0,3,3,0.459336608,0.65,2.02,P3,균형형 라이트헤지,False,27588.0,2037,9270.0,51.086472,21923.975,21923.975,27093.542,429.154227,51.086472,104.049858,50231.535,44653.437,49823.003,22729.461,5473.088,-105.011,-0.0,63.132413,12.04594,64.08436,12.997888,0.0,0.0,0.0,0.0,0.0,429.154227,27093.542,6.405093,11.461287,13071.546,1500.071,10929.371,24351.555,204.242,-22729.461,-5464.913,61.565,100,True,31.223295
POSCO_KR,POSCO,KR,34.537,69.84605,DISCLOSED_PATH,DISCLOSED_PATH,PORT-8826D0B469EE,CAND-82FF2AA13BA34C,P2,PORT-8826D0B469EE,429.154227,27287.38,63.584089,True,True,,0.0,2.0275124185786808e-05,True,True,True,True,,0.0,0.0,0.0,3,3,0.459336608,0.65,2.02,P2,지연·부분헤지,False,27588.0,2037,9270.0,66.037466,28340.258,28340.258,34310.015,429.154227,66.037466,102.286187,47202.087,43896.549,49866.307,15556.292,3045.861,-259.676,0.0,79.947984,13.910518,73.739912,7.702446,0.0,0.0,0.0,0.0,0.0,429.154227,34310.015,8.111115,14.514046,13627.23,1500.071,9514.922,22487.936,61.239,-15556.292,-3279.917,-14.932,100,True,56.697324
POSCO_KR,POSCO,KR,34.537,69.84605,ACCELERATED_15C,DISCLOSED_PATH,PORT-8826D0B469EE,CAND-82FF2AA13BA34C,P2,PORT-8826D0B469EE,429.154227,22213.621,51.761393,True,True,,0.0,2.0275124185786808e-05,True,True,True,True,,0.0,0.0,0.0,3,3,0.459336608,0.65,2.02,P2,지연·부분헤지,False,27588.0,2037,9270.0,54.06256,23201.176,23201.176,29711.928,429.154227,54.06256,107.025946,50329.618,45930.637,52441.389,22729.461,4199.285,-199.695,-0.0,69.233683,15.171122,64.312908,10.250348,0.0,0.0,0.0,0.0,0.0,429.154227,29711.928,7.024096,12.568933,13627.23,1500.071,10600.258,24740.029,64.983,-22729.461,-4513.269,-88.663,100,True,34.199383
POSCO_KR,POSCO,KR,34.537,69.84605,DISCLOSED_PATH,DISCLOSED_PATH,PORT-8826D0B469EE,CAND-C9724A8933A429,P1,PORT-8826D0B469EE,429.154227,27787.608,64.749702,True,True,,0.0,2.0275124185786808e-05,True,True,True,True,,0.0,0.0,0.0,3,3,0.459336608,0.65,2.02,P1,지연·현물조달,False,27588.0,2037,9270.0,67.575903,29000.485,29000.485,35858.756,429.154227,67.575903,103.824624,47328.514,44556.776,51415.048,15556.292,2465.555,-306.182,-0.0,83.556805,15.980902,74.034508,6.458605,0.0,0.0,0.0,0.0,0.0,429.154227,35858.756,8.477247,15.169205,13794.375,1500.071,9533.997,22481.236,0.0,-15556.292,-2756.892,3.989,100,True,58.235761
POSCO_KR,POSCO,KR,34.537,69.84605,ACCELERATED_15C,DISCLOSED_PATH,PORT-8826D0B469EE,CAND-C9724A8933A429,P1,PORT-8826D0B469EE,429.154227,22967.067,53.517047,True,True,,0.0,2.0275124185786808e-05,True,True,True,True,,0.0,0.0,0.0,3,3,0.459336608,0.65,2.02,P1,지연·현물조달,False,27588.0,2037,9270.0,56.137654,24091.711,24091.711,31630.295,429.154227,56.137654,109.10104,50441.657,46821.173,54359.756,22729.461,3343.609,-276.876,0.0,73.703794,17.56614,64.573979,8.436325,0.0,0.0,0.0,0.0,0.0,429.154227,31630.295,7.477611,13.380454,14706.585,1500.071,11145.725,23440.646,0.0,-22729.461,-3889.725,-82.129,100,True,36.274477
POSCO_KR,POSCO,KR,34.537,69.84605,DISCLOSED_PATH,DISCLOSED_PATH,PORT-96133A6427FE,CAND-921D50D4015721,P3,PORT-96133A6427FE,430.20423,28331.133,65.855078,True,True,,0.0,2.0275124185786808e-05,True,True,True,True,,0.0,0.0,0.0,2,3,0.45933660799999987,0.65,2.02,P3,균형형 라이트헤지,False,26602.0,2037,9270.0,67.334306,28967.503,28967.503,34659.571,430.20423,67.334306,103.591357,48473.284,44565.44,50257.508,15597.937,3974.15,66.306,0.0,80.565389,13.231083,76.418,9.083695,0.0,0.0,0.0,0.0,0.0,430.20423,34659.571,8.193752,14.661918,12179.396,1534.895,9158.652,25342.689,197.705,-15597.937,-3980.16,132.263,100,True,57.994164
POSCO_KR,POSCO,KR,34.537,69.84605,ACCELERATED_15C,DISCLOSED_PATH,PORT-96133A6427FE,CAND-921D50D4015721,P3,PORT-96133A6427FE,430.20423,22859.063,53.135375,True,True,,0.0,2.0275124185786808e-05,True,True,True,True,,0.0,0.0,0.0,2,3,0.45933660799999987,0.65,2.02,P3,균형형 라이트헤지,False,26602.0,2037,9270.0,54.568657,23475.667,23475.667,29585.381,430.20423,54.568657,107.528297,51817.782,46259.128,52368.842,22783.461,5568.752,10.098,0.0,68.770549,14.201892,67.489621,12.920964,0.0,0.0,0.0,0.0,0.0,430.20423,29585.381,6.99418,12.515401,12915.473,1534.895,10320.511,27107.124,210.636,-22783.461,-5687.058,-142.453,100,True,34.70548
POSCO_KR,POSCO,KR,34.537,69.84605,DISCLOSED_PATH,DISCLOSED_PATH,PORT-96133A6427FE,CAND-4EF614D30D6D91,P2,PORT-96133A6427FE,430.20423,29134.516,67.722522,True,True,,0.0,2.0275124185786808e-05,True,True,True,True,,0.0,0.0,0.0,2,3,0.45933660799999987,0.65,2.02,P2,지연·부분헤지,False,26602.0,2037,9270.0,69.575046,29931.479,29931.479,36996.675,430.20423,69.575046,105.832097,48491.479,45529.416,52594.612,15597.937,2997.138,35.075,0.0,85.997933,16.422888,76.460293,6.885248,0.0,0.0,0.0,0.0,0.0,430.20423,36996.675,8.746259,15.650574,11570.746,1534.895,10197.114,25180.207,62.708,-15597.937,-2857.052,-159.203,100,True,60.234904
POSCO_KR,POSCO,KR,34.537,69.84605,ACCELERATED_15C,DISCLOSED_PATH,PORT-96133A6427FE,CAND-4EF614D30D6D91,P2,PORT-96133A6427FE,430.20423,24083.473,55.981487,True,True,,0.0,2.0275124185786808e-05,True,True,True,True,,0.0,0.0,0.0,2,3,0.45933660799999987,0.65,2.02,P2,지연·부분헤지,False,26602.0,2037,9270.0,57.802826,24867.02,24867.02,32657.788,430.20423,57.802826,110.762466,51835.201,47650.482,55441.249,22783.461,4126.986,-57.734,-0.0,75.912289,18.109464,67.530112,9.727286,0.0,0.0,0.0,0.0,0.0,430.20423,32657.788,7.720517,13.81511,12227.837,1534.895,10192.025,27649.188,66.478,-22783.461,-4184.039,164.097,100,True,37.939649
POSCO_KR,POSCO,KR,34.537,69.84605,DISCLOSED_PATH,DISCLOSED_PATH,PORT-96133A6427FE,CAND-44C957BBFA61A4,P1,PORT-96133A6427FE,430.20423,29693.364,69.021552,True,True,,0.0,2.0275124185786808e-05,True,True,True,True,,0.0,0.0,0.0,2,3,0.45933660799999987,0.65,2.02,P1,지연·현물조달,False,26602.0,2037,9270.0,71.179269,30621.623,30621.623,38712.788,430.20423,71.179269,107.43632,48545.684,46219.559,54310.725,15597.937,2377.189,51.064,-0.0,89.987,18.807731,76.586292,5.407023,0.0,0.0,0.0,0.0,0.0,430.20423,38712.788,9.151959,16.376536,12260.131,1534.895,9076.551,25542.345,0.0,-15597.937,-2403.521,209.158,100,True,61.839127
POSCO_KR,POSCO,KR,34.537,69.84605,ACCELERATED_15C,DISCLOSED_PATH,PORT-96133A6427FE,CAND-44C957BBFA61A4,P1,PORT-96133A6427FE,430.20423,24922.922,57.932769,True,True,,0.0,2.0275124185786808e-05,True,True,True,True,,0.0,0.0,0.0,2,3,0.45933660799999987,0.65,2.02,P1,지연·현물조달,False,26602.0,2037,9270.0,60.003198,25813.63,25813.63,34955.369,430.20423,60.003198,112.962838,51911.249,48597.091,57738.831,22783.461,3219.742,-94.416,0.0,81.252965,21.249767,67.706884,7.703686,0.0,0.0,0.0,0.0,0.0,430.20423,34955.369,8.263681,14.787048,13279.315,1534.895,10277.174,27174.01,0.0,-22783.461,-3489.649,-178.654,100,True,40.140021
POSCO_KR,POSCO,KR,34.537,69.84605,DISCLOSED_PATH,DISCLOSED_PATH,PORT-A620DB8F058C,CAND-1205E8D72A4654,P3,PORT-A620DB8F058C,434.951232,32983.849,75.833442,True,True,,0.0,2.0275124185786808e-05,True,True,True,True,,0.0,0.0,0.0,3,3,0.45933660799999987,0.65,2.02,P3,균형형 라이트헤지,False,26602.0,2035,9270.0,77.345064,33641.331,33641.331,39958.512,434.951232,77.345064,113.60799,53819.353,49413.935,55731.116,15772.604,4326.417,-79.001,0.0,91.868948,14.523884,87.473597,10.128533,0.0,0.0,0.0,0.0,0.0,434.951232,39958.512,9.446457,16.90351,14120.036,1610.686,8782.952,29094.221,217.093,-15772.604,-4587.687,176.634,100,True,68.004922
POSCO_KR,POSCO,KR,34.537,69.84605,ACCELERATED_15C,DISCLOSED_PATH,PORT-A620DB8F058C,CAND-1205E8D72A4654,P3,PORT-A620DB8F058C,434.951232,27648.537,63.566982,True,True,,0.0,2.0275124185786808e-05,True,True,True,True,,0.0,0.0,0.0,3,3,0.45933660799999987,0.65,2.02,P3,균형형 라이트헤지,False,26602.0,2035,9270.0,65.29053,28398.196,28398.196,35103.883,434.951232,65.29053,118.261221,57519.96,51437.864,58143.55,23039.667,6058.687,-23.408,-0.0,80.70763,15.4171,79.273927,13.983397,0.0,0.0,0.0,0.0,0.0,434.951232,35103.883,8.29879,14.849873,10351.885,1610.686,10413.692,34180.348,231.463,-23039.667,-5696.546,346.336,100,True,45.427353
POSCO_KR,POSCO,KR,34.537,69.84605,DISCLOSED_PATH,DISCLOSED_PATH,PORT-A620DB8F058C,CAND-0CC63FAC54D3C0,P2,PORT-A620DB8F058C,434.951232,33966.321,78.092252,True,True,,0.0,2.0275124185786808e-05,True,True,True,True,,0.0,0.0,0.0,3,3,0.45933660799999987,0.65,2.02,P2,지연·부분헤지,False,26602.0,2035,9270.0,79.962348,34779.722,34779.722,42676.908,434.951232,79.962348,116.225274,53854.421,50552.326,58449.512,15772.604,3210.708,-91.387,0.0,98.118834,18.156486,87.554222,7.591874,0.0,0.0,0.0,0.0,0.0,434.951232,42676.908,10.089103,18.053464,14568.273,1610.686,8691.25,28955.148,67.961,-15772.604,-3576.847,235.854,100,True,70.622206
POSCO_KR,POSCO,KR,34.537,69.84605,ACCELERATED_15C,DISCLOSED_PATH,PORT-A620DB8F058C,CAND-0CC63FAC54D3C0,P2,PORT-A620DB8F058C,434.951232,29139.23,66.994246,True,True,,0.0,2.0275124185786808e-05,True,True,True,True,,0.0,0.0,0.0,3,3,0.45933660799999987,0.65,2.02,P2,지연·부분헤지,False,26602.0,2035,9270.0,69.165857,30083.775,30083.775,38622.575,434.951232,69.165857,122.136548,57557.967,53123.442,61662.242,23039.667,4411.725,-22.8,0.0,88.797483,19.631626,79.361311,10.195454,0.0,0.0,0.0,0.0,0.0,434.951232,38622.575,9.130632,16.338373,9930.549,1610.686,10445.229,34545.444,72.11,-23039.667,-3829.054,348.478,100,True,49.30268
POSCO_KR,POSCO,KR,34.537,69.84605,DISCLOSED_PATH,DISCLOSED_PATH,PORT-A620DB8F058C,CAND-F5CF3CBE63EF2D,P1,PORT-A620DB8F058C,434.951232,34647.983,79.659466,True,True,,0.0,2.0275124185786808e-05,True,True,True,True,,0.0,0.0,0.0,3,3,0.45933660799999987,0.65,2.02,P1,지연·현물조달,False,26602.0,2035,9270.0,81.778286,35569.566,35569.566,44696.503,434.951232,81.778286,118.041212,53911.342,51342.171,60469.107,15772.604,2450.637,-118.534,0.0,102.762102,20.983816,87.68509,5.906804,0.0,0.0,0.0,0.0,0.0,434.951232,44696.503,10.566549,18.907806,14867.098,1610.686,8599.548,28862.433,0.0,-15772.604,-2915.35,317.756,100,True,72.438144
POSCO_KR,POSCO,KR,34.537,69.84605,ACCELERATED_15C,DISCLOSED_PATH,PORT-A620DB8F058C,CAND-F5CF3CBE63EF2D,P1,PORT-A620DB8F058C,434.951232,30159.483,69.339919,True,True,,0.0,2.0275124185786808e-05,True,True,True,True,,0.0,0.0,0.0,3,3,0.45933660799999987,0.65,2.02,P1,지연·현물조달,False,26602.0,2035,9270.0,71.810105,31233.894,31233.894,41225.159,434.951232,71.810105,124.780796,57619.985,54273.561,64264.826,23039.667,3322.52,-23.905,0.0,94.781105,22.971001,79.503897,7.693792,0.0,0.0,0.0,0.0,0.0,434.951232,41225.159,9.7459,17.439335,9649.658,1610.686,10476.767,34788.841,0.0,-23039.667,-2563.417,311.026,100,True,51.946928
POSCO_KR,POSCO,KR,34.537,69.84605,DISCLOSED_PATH,DISCLOSED_PATH,PORT-66E75B54664A,CAND-7D117A922A194C,P5,PORT-66E75B54664A,505.60626,45805.939,90.596068,True,True,,0.0,2.0275124185786808e-05,True,True,True,True,,0.0,0.0,0.0,3,3,0.5181043679999999,0.65,2.5,P5,조기 계약형 전환,False,30104.0,2036,9270.0,91.403891,46214.379,46214.379,49678.405,505.60626,91.403891,127.664697,74837.395,64548.07,68012.095,18333.69,10278.006,-11.319,0.0,98.255122,6.851231,111.754361,20.35047,0.0,0.0,0.0,0.0,0.0,505.60626,49678.405,11.744304,21.015283,14892.598,2046.417,10186.38,46462.353,1168.105,-18333.69,-10265.813,58.029,100,True,82.063749
POSCO_KR,POSCO,KR,34.537,69.84605,ACCELERATED_15C,DISCLOSED_PATH,PORT-66E75B54664A,CAND-7D117A922A194C,P5,PORT-66E75B54664A,505.60626,38239.862,75.631703,True,True,,0.0,2.0275124185786808e-05,True,True,True,True,,0.0,0.0,0.0,3,3,0.5181043679999999,0.65,2.5,P5,조기 계약형 전환,False,30104.0,2036,9270.0,76.376876,38616.627,38616.627,42149.676,505.60626,76.376876,129.169792,79992.291,65309.055,68842.104,26692.429,14716.328,33.093,-0.0,83.364624,6.987747,105.417726,29.04085,0.0,0.0,0.0,0.0,0.0,505.60626,42149.676,9.964462,17.830431,13915.667,2046.417,11653.327,51068.56,1252.055,-26692.429,-14631.396,4.426,100,True,56.513699
POSCO_KR,POSCO,KR,34.537,69.84605,DISCLOSED_PATH,DISCLOSED_PATH,PORT-66E75B54664A,CAND-00B5592B22DA24,P4,PORT-66E75B54664A,505.60626,47712.268,94.36645,True,True,,0.0,2.0275124185786808e-05,True,True,True,True,,0.0,0.0,0.0,3,3,0.5181043679999999,0.65,2.5,P4,균형형 전환,False,30104.0,2036,9270.0,95.607465,48339.733,48339.733,54175.436,505.60626,95.607465,131.868271,74582.452,66673.423,72509.127,18333.69,7872.192,-36.837,0.0,107.149457,11.541992,111.250128,15.642663,0.0,0.0,0.0,0.0,0.0,505.60626,54175.436,12.807432,22.917646,13540.635,2046.417,10591.156,47477.366,664.921,-18333.69,-7694.815,47.742,100,True,86.267323
POSCO_KR,POSCO,KR,34.537,69.84605,ACCELERATED_15C,DISCLOSED_PATH,PORT-66E75B54664A,CAND-00B5592B22DA24,P4,PORT-66E75B54664A,505.60626,41224.578,81.534944,True,True,,0.0,2.0275124185786808e-05,True,True,True,True,,0.0,0.0,0.0,3,3,0.5181043679999999,0.65,2.5,P4,균형형 전환,False,30104.0,2036,9270.0,82.961198,41945.701,41945.701,47922.576,505.60626,82.961198,135.754114,79780.99,68638.13,74615.004,26692.429,11207.839,64.978,0.0,94.782402,11.821203,104.999811,22.038612,0.0,0.0,0.0,0.0,0.0,505.60626,47922.576,11.329214,20.27252,13540.635,2046.417,11772.231,51735.672,711.767,-26692.429,-11019.501,-149.092,100,True,63.098021
POSCO_KR,POSCO,KR,34.537,69.84605,DISCLOSED_PATH,DISCLOSED_PATH,PORT-077F7C54FB04,CAND-DDC1E605504409,P3,PORT-077F7C54FB04,444.454229,42079.057,94.675795,True,True,,0.0,2.0275124185786808e-05,True,True,True,True,,0.0,0.0,0.0,3,3,0.5181043679999999,0.65,2.5,P3,균형형 라이트헤지,False,30104.0,2037,9270.0,96.713656,42984.793,42984.793,50340.242,444.454229,96.713656,132.968673,64485.171,59098.489,66453.938,16113.696,5462.114,75.432,-0.0,113.263052,16.549396,108.833423,12.119767,0.0,0.0,0.0,0.0,0.0,444.454229,50340.242,11.900766,21.295257,12636.684,1740.073,9083.792,40573.091,258.476,-16113.696,-5220.39,26.764,100,True,87.373514
POSCO_KR,POSCO,KR,34.537,69.84605,ACCELERATED_15C,DISCLOSED_PATH,PORT-077F7C54FB04,CAND-DDC1E605504409,P3,PORT-077F7C54FB04,444.454229,36961.099,83.160643,True,True,,0.0,2.0275124185786808e-05,True,True,True,True,,0.0,0.0,0.0,3,3,0.5181043679999999,0.65,2.5,P3,균형형 라이트헤지,False,30104.0,2037,9270.0,85.604922,38047.47,38047.47,45797.83,444.454229,85.604922,138.57883,69124.63,61591.947,69342.307,23544.477,7666.44,133.757,-0.0,103.042848,17.437926,102.553087,16.948164,0.0,0.0,0.0,0.0,0.0,444.454229,45797.83,10.82691,19.373696,16779.304,1740.073,10753.43,40100.028,275.943,-23544.477,-8059.231,2.4,100,True,65.741745
POSCO_KR,POSCO,KR,34.537,69.84605,DISCLOSED_PATH,DISCLOSED_PATH,PORT-077F7C54FB04,CAND-E3FBD935777392,P2,PORT-077F7C54FB04,444.454229,43357.284,97.55174,True,True,,0.0,2.0275124185786808e-05,True,True,True,True,,0.0,0.0,0.0,3,3,0.5181043679999999,0.65,2.5,P2,지연·부분헤지,False,30104.0,2037,9270.0,100.175118,44523.255,44523.255,53690.903,444.454229,100.175118,136.430136,64551.008,60636.951,69804.599,16113.696,3988.153,74.096,-0.0,120.801872,20.626754,108.981552,8.806434,0.0,0.0,0.0,0.0,0.0,444.454229,53690.903,12.692885,22.712676,12317.535,1740.073,9109.157,40979.555,80.028,-16113.696,-3620.493,31.096,100,True,90.834976
POSCO_KR,POSCO,KR,34.537,69.84605,ACCELERATED_15C,DISCLOSED_PATH,PORT-077F7C54FB04,CAND-E3FBD935777392,P2,PORT-077F7C54FB04,444.454229,38895.052,87.511941,True,True,,0.0,2.0275124185786808e-05,True,True,True,True,,0.0,0.0,0.0,3,3,0.5181043679999999,0.65,2.5,P2,지연·부분헤지,False,30104.0,2037,9270.0,90.530037,40236.458,40236.458,50170.157,444.454229,90.530037,143.503945,69149.063,63780.935,73714.634,23544.477,5503.711,135.583,0.0,112.880367,22.35033,102.60806,12.078022,0.0,0.0,0.0,0.0,0.0,444.454229,50170.157,11.860557,21.223307,17416.144,1740.073,10917.547,39725.601,84.993,-23544.477,-6225.456,122.033,100,True,70.66686
POSCO_KR,POSCO,KR,34.537,69.84605,DISCLOSED_PATH,DISCLOSED_PATH,PORT-077F7C54FB04,CAND-A6713428AA1463,P1,PORT-077F7C54FB04,444.454229,44242.217,99.542796,True,True,,0.0,2.0275124185786808e-05,True,True,True,True,,0.0,0.0,0.0,3,3,0.5181043679999999,0.65,2.5,P1,지연·현물조달,False,30104.0,2037,9270.0,102.604947,45603.203,45603.203,56148.823,444.454229,102.604947,138.859965,64606.296,61716.899,72262.519,16113.696,2986.959,97.561,-0.0,126.332072,23.727124,109.105948,6.501001,0.0,0.0,0.0,0.0,0.0,444.454229,56148.823,13.273954,23.752441,12104.77,1740.073,9134.522,41250.53,0.0,-16113.696,-2538.906,25.909,100,True,93.264805
POSCO_KR,POSCO,KR,34.537,69.84605,ACCELERATED_15C,DISCLOSED_PATH,PORT-077F7C54FB04,CAND-A6713428AA1463,P1,PORT-077F7C54FB04,444.454229,40216.743,90.48568,True,True,,0.0,2.0275124185786808e-05,True,True,True,True,,0.0,0.0,0.0,3,3,0.5181043679999999,0.65,2.5,P1,지연·현물조달,False,30104.0,2037,9270.0,93.973093,41766.739,41766.739,53368.643,444.454229,93.973093,146.947,69199.036,65311.216,76913.12,23544.477,4063.473,175.653,-0.0,120.076803,26.10371,102.720496,8.747403,0.0,0.0,0.0,0.0,0.0,444.454229,53368.643,12.6167,22.576351,17840.705,1740.073,11081.665,39475.984,0.0,-23544.477,-5036.361,209.152,100,True,74.109916
POSCO_KR,POSCO,KR,34.537,69.84605,DISCLOSED_PATH,DISCLOSED_PATH,PORT-0E469489028A,CAND-2F5D03A613EDBE,P1,PORT-0E469489028A,261.543846,2124.876,8.124359,True,True,,0.0,2.0275124185786808e-05,True,True,True,True,,0.0,0.0,0.0,2,3,0.2589598719999999,0.65,0.7399999999999999,P1,지연·현물조달,False,15097.0,2035,5768.0,9.340142,2442.857,2442.857,4285.372,261.543846,9.340142,45.617681,12617.954,11931.024,13773.539,9488.167,703.682,16.751,0.0,16.384907,7.044765,11.966587,2.626445,0.0,0.0,0.0,0.0,0.0,261.543846,4285.372,1.01309,1.812826,6394.783,901.658,5525.214,0.0,0.0,-9488.167,-852.053,-38.579,100,True,0.0
POSCO_KR,POSCO,KR,34.537,69.84605,ACCELERATED_15C,DISCLOSED_PATH,PORT-0E469489028A,CAND-2F5D03A613EDBE,P1,PORT-0E469489028A,261.543846,-1733.653,-6.628536,False,False,2035,19.084092670000008,-19.084092670000008,True,True,True,True,,0.0,0.0,0.0,2,3,0.2589598719999999,0.65,0.7399999999999999,P1,지연·현물조달,False,15097.0,2035,5768.0,-5.700682,-1490.978,-1490.978,491.46,261.543846,-5.700682,47.096,13359.979,12317.669,14300.107,13808.647,939.261,-103.049,0.0,1.879073,7.579755,-1.715461,3.985221,0.0,0.0,0.0,0.0,0.0,261.543846,491.46,0.116184,0.207901,6081.957,901.658,6437.972,0.0,0.0,-13808.647,-1099.072,-4.846,100,True,-25.563859
POSCO_KR,POSCO,KR,34.537,69.84605,DISCLOSED_PATH,DISCLOSED_PATH,PORT-41705C04BF44,CAND-63781C106D5099,P1,PORT-41705C04BF44,234.011233,2160.761,9.233578,True,True,,0.0,2.0275124185786808e-05,True,True,True,True,,0.0,0.0,0.0,2,3,0.2589598719999999,0.65,0.7399999999999999,P1,지연·현물조달,False,15097.0,2037,5768.0,10.747812,2515.109,2515.109,4179.714,234.011233,10.747812,46.964434,11669.802,10990.205,12654.811,8475.096,669.438,-10.159,0.0,17.86117,7.113358,13.651934,2.904123,0.0,0.0,0.0,0.0,0.0,234.011233,4179.714,0.988112,1.76813,5040.852,847.521,5690.539,0.0,0.0,-8475.096,-660.071,71.365,100,True,1.40767
POSCO_KR,POSCO,KR,34.537,69.84605,ACCELERATED_15C,DISCLOSED_PATH,PORT-41705C04BF44,CAND-63781C106D5099,P1,PORT-41705C04BF44,234.011233,-1300.659,-5.558105,False,False,2035,19.079746585000006,-19.079746585000006,True,True,True,True,,0.0,0.0,0.0,2,3,0.2589598719999999,0.65,0.7399999999999999,P1,지연·현물조달,False,15097.0,2037,5768.0,-4.159568,-973.386,-973.386,831.238,234.011233,-4.159568,48.498811,12289.832,11349.267,13153.891,12322.652,893.665,-46.9,-0.0,3.55213,7.711698,-0.140251,4.019317,0.0,0.0,0.0,0.0,0.0,234.011233,831.238,0.19651,0.351636,5684.454,847.521,5882.703,0.0,0.0,-12322.652,-1014.688,-50.723,100,True,-24.022745
POSCO_KR,POSCO,KR,34.537,69.84605,DISCLOSED_PATH,DISCLOSED_PATH,PORT-DE64C6FAC717,CAND-455C0CE17360E6,P1,PORT-DE64C6FAC717,184.421263,1943.402,10.537843,True,True,,0.0,2.0275124185786808e-05,True,True,True,True,,0.0,0.0,0.0,2,3,0.25895987200000004,0.65,0.7399999999999999,P1,지연·현물조달,False,15748.0,2037,5768.0,12.007338,2214.409,2214.409,3656.043,184.421263,12.007338,48.129584,9494.483,8876.119,10317.753,6661.71,641.432,23.068,-0.0,19.82441,7.817072,15.360336,3.352997,0.0,0.0,0.0,0.0,0.0,184.421263,3656.043,0.864313,1.546603,4518.879,715.17,4198.295,0.0,0.0,-6661.71,-556.022,-0.204,100,True,2.667196
POSCO_KR,POSCO,KR,34.537,69.84605,ACCELERATED_15C,DISCLOSED_PATH,PORT-DE64C6FAC717,CAND-455C0CE17360E6,P1,PORT-DE64C6FAC717,184.421263,-928.666,-5.035569,False,False,2030,16.324744844999994,-16.324744844999994,True,True,True,True,,0.0,0.0,0.0,2,3,0.25895987200000004,0.65,0.7399999999999999,P1,지연·현물조달,False,15748.0,2037,5768.0,-3.233417,-596.311,-596.311,734.621,184.421263,-3.233417,49.976876,10020.605,9216.799,10547.731,9813.109,856.355,52.549,-0.0,3.983388,7.216805,1.125117,4.358534,0.0,0.0,0.0,0.0,0.0,184.421263,734.621,0.173669,0.310764,5171.6,715.17,4237.87,0.0,0.0,-9813.109,-908.597,0.756,100,True,-23.096594
POSCO_KR,POSCO,KR,34.537,69.84605,DISCLOSED_PATH,DISCLOSED_PATH,PORT-CEF57596D771,CAND-9863577C4A48D7,P2,PORT-CEF57596D771,332.254237,12243.122,36.848655,True,True,,0.0,2.0275124185786808e-05,True,True,True,True,,0.0,0.0,0.0,2,3,0.367028224,0.65,1.38,P2,지연·부분헤지,False,20893.0,2037,9270.0,38.714735,12863.135,12863.135,16142.051,332.254237,38.714735,74.979528,26641.362,24912.266,28191.183,12049.131,1730.931,1.835,-0.0,48.583432,9.868697,43.918871,5.204136,0.0,0.0,0.0,0.0,0.0,332.254237,16142.051,3.816088,6.828516,8825.684,1148.337,8260.534,8372.61,37.005,-12049.131,-1791.405,59.501,100,True,29.374593
POSCO_KR,POSCO,KR,34.537,69.84605,ACCELERATED_15C,DISCLOSED_PATH,PORT-CEF57596D771,CAND-9863577C4A48D7,P2,PORT-CEF57596D771,332.254237,7840.345,23.597426,False,False,2035,6.843996639999997,-6.843996639999997,True,True,True,True,,0.0,0.0,0.0,2,3,0.367028224,0.65,1.38,P2,지연·부분헤지,False,20893.0,2037,9270.0,25.481841,8466.45,8466.45,12010.678,332.254237,25.481841,78.316545,28461.002,26021.004,29565.233,17554.554,2351.137,-88.862,-0.0,36.14906,10.667219,32.825609,7.343768,0.0,0.0,0.0,0.0,0.0,332.254237,12010.678,2.839404,5.080835,8102.765,1148.337,9006.705,9925.566,39.148,-17554.554,-2205.292,3.775,100,True,5.618664
POSCO_KR,POSCO,KR,34.537,69.84605,DISCLOSED_PATH,DISCLOSED_PATH,PORT-CEF57596D771,CAND-D474BBC66D4C3C,P1,PORT-CEF57596D771,332.254237,12423.527,37.391627,True,True,,0.0,2.0275124185786808e-05,True,True,True,True,,0.0,0.0,0.0,2,3,0.367028224,0.65,1.38,P1,지연·현물조달,False,20893.0,2037,9270.0,39.457978,13110.08,13110.08,16869.009,332.254237,39.457978,75.722771,26694.335,25159.212,28918.14,12049.131,1511.867,-23.256,-0.0,50.771388,11.31341,44.078306,4.620328,0.0,0.0,0.0,0.0,0.0,332.254237,16869.009,3.987945,7.136038,11698.137,1148.337,6832.895,7661.3,0.0,-12049.131,-2161.883,-19.574,100,True,30.117836
POSCO_KR,POSCO,KR,34.537,69.84605,ACCELERATED_15C,DISCLOSED_PATH,PORT-CEF57596D771,CAND-D474BBC66D4C3C,P1,PORT-CEF57596D771,332.254237,8118.002,24.433103,False,False,2035,6.843996639999997,-6.843996639999997,True,True,True,True,,0.0,0.0,0.0,2,3,0.367028224,0.65,1.38,P1,지연·현물조달,False,20893.0,2037,9270.0,26.531566,8815.225,8815.225,13014.051,332.254237,26.531566,79.36627,28523.949,26369.78,30568.605,17554.554,2040.622,-113.547,0.0,39.168954,12.637388,33.015064,6.483498,0.0,0.0,0.0,0.0,0.0,332.254237,13014.051,3.076608,5.505289,8069.284,1148.337,9091.493,9959.818,0.0,-17554.554,-1857.748,-41.405,100,True,6.668389
POSCO_KR,POSCO,KR,34.537,69.84605,DISCLOSED_PATH,DISCLOSED_PATH,PORT-802EEF341C7A,CAND-DA7B74C24222D6,P2,PORT-802EEF341C7A,326.164221,12389.835,37.986492,True,True,,0.0,2.0275124185786808e-05,True,True,True,True,,0.0,0.0,0.0,2,3,0.3670282239999999,0.65,1.3800000000000001,P2,지연·부분헤지,False,21792.0,2037,9270.0,40.163873,13100.018,13100.018,16319.826,326.164221,40.163873,76.365237,26699.365,24907.608,28127.415,11807.59,1788.664,-3.093,0.0,50.03561,9.871737,45.657292,5.493419,0.0,0.0,0.0,0.0,0.0,326.164221,16319.826,3.858115,6.903719,9076.699,1123.463,7596.15,9011.654,37.123,-11807.59,-1828.979,-108.502,100,True,30.823731
POSCO_KR,POSCO,KR,34.537,69.84605,ACCELERATED_15C,DISCLOSED_PATH,PORT-802EEF341C7A,CAND-DA7B74C24222D6,P2,PORT-802EEF341C7A,326.164221,8034.159,24.632251,False,False,2035,2.9289989600000013,-2.9289989600000013,True,True,True,True,,0.0,0.0,0.0,2,3,0.3670282239999999,0.65,1.3800000000000001,P2,지연·부분헤지,False,21792.0,2037,9270.0,26.615591,8681.054,8681.054,12433.567,326.164221,26.615591,79.476549,28431.394,25922.407,29674.92,17241.353,2443.675,-65.312,0.0,38.120572,11.504981,34.307995,7.692404,0.0,0.0,0.0,0.0,0.0,326.164221,12433.567,2.939377,5.259728,10347.28,1123.463,8017.72,9258.293,39.254,-17241.353,-2853.93,-9.673,100,True,6.752414
POSCO_KR,POSCO,KR,34.537,69.84605,DISCLOSED_PATH,DISCLOSED_PATH,PORT-802EEF341C7A,CAND-720A05CD8AE3E2,P1,PORT-802EEF341C7A,326.164221,12570.224,38.539554,True,True,,0.0,2.0275124185786808e-05,True,True,True,True,,0.0,0.0,0.0,2,3,0.3670282239999999,0.65,1.3800000000000001,P1,지연·현물조달,False,21792.0,2037,9270.0,41.034975,13384.141,13384.141,17151.136,326.164221,41.034975,77.236339,26787.64,25191.73,28958.726,11807.59,1554.631,-41.279,0.0,52.584358,11.549383,45.927939,4.892964,0.0,0.0,0.0,0.0,0.0,326.164221,17151.136,4.054642,7.255385,8094.452,1123.463,8276.253,8960.355,0.0,-11807.59,-1390.547,127.754,100,True,31.694833
POSCO_KR,POSCO,KR,34.537,69.84605,ACCELERATED_15C,DISCLOSED_PATH,PORT-802EEF341C7A,CAND-720A05CD8AE3E2,P1,PORT-802EEF341C7A,326.164221,8311.845,25.483621,False,False,2035,2.9289989600000013,-2.9289989600000013,True,True,True,True,,0.0,0.0,0.0,2,3,0.3670282239999999,0.65,1.3800000000000001,P1,지연·현물조달,False,21792.0,2037,9270.0,27.676822,9027.189,9027.189,13458.594,326.164221,27.676822,80.537779,28528.237,26268.542,30699.947,17241.353,2099.083,-160.612,0.0,41.263244,13.586423,34.60491,6.928089,0.0,0.0,0.0,0.0,0.0,326.164221,13458.594,3.181701,5.693342,7697.066,1123.463,8401.496,10899.195,0.0,-17241.353,-1850.632,-2.047,100,True,7.813645
POSCO_KR,POSCO,KR,34.537,69.84605,DISCLOSED_PATH,DISCLOSED_PATH,PORT-4FCB78A64B21,CAND-0BE357EA5504BE,P2,PORT-4FCB78A64B21,282.664267,12023.05,42.534735,True,True,,0.0,2.0275124185786808e-05,True,True,True,True,,0.0,0.0,0.0,2,3,0.3670282239999999,0.65,1.3800000000000001,P2,지연·부분헤지,False,21544.0,2037,9270.0,44.757085,12651.229,12651.229,15629.844,282.664267,44.757085,80.968754,24592.394,22886.974,25865.589,10235.745,1674.436,-30.984,0.0,55.29473,10.537645,50.790462,6.033377,0.0,0.0,0.0,0.0,0.0,282.664267,15629.844,3.694999,6.611839,6153.441,1015.986,6684.813,10318.55,34.019,-10235.745,-1341.108,21.272,100,True,35.416943
POSCO_KR,POSCO,KR,34.537,69.84605,ACCELERATED_15C,DISCLOSED_PATH,PORT-4FCB78A64B21,CAND-0BE357EA5504BE,P2,PORT-4FCB78A64B21,282.664267,8209.26,29.04244,False,False,2030,5.470451711490618,-5.470451711490618,True,True,True,True,,0.0,0.0,0.0,2,3,0.3670282239999999,0.65,1.3800000000000001,P2,지연·부분헤지,False,21544.0,2037,9270.0,30.977967,8756.364,8756.364,12186.62,282.664267,30.977967,84.203695,26239.4,23801.376,27231.632,15045.012,2288.919,-149.106,0.0,43.113409,12.135442,39.603127,8.62516,0.0,0.0,0.0,0.0,0.0,282.664267,12186.62,2.880998,5.155263,11003.457,1015.986,6196.95,8443.647,35.985,-15045.012,-2892.931,-1.719,100,True,11.11479
POSCO_KR,POSCO,KR,34.537,69.84605,DISCLOSED_PATH,DISCLOSED_PATH,PORT-4FCB78A64B21,CAND-F43ACAB6E7F085,P1,PORT-4FCB78A64B21,282.664267,12206.168,43.182564,True,True,,0.0,2.0275124185786808e-05,True,True,True,True,,0.0,0.0,0.0,2,3,0.3670282239999999,0.65,1.3800000000000001,P1,지연·현물조달,False,21544.0,2037,9270.0,45.877933,12968.052,12968.052,16401.657,282.664267,45.877933,82.089602,24625.877,23203.797,26637.402,10235.745,1443.007,20.927,-0.0,58.025222,12.147289,50.908919,5.030987,0.0,0.0,0.0,0.0,0.0,282.664267,16401.657,3.87746,6.938336,7312.295,1015.986,6267.915,9916.634,0.0,-10235.745,-1302.858,-6.174,100,True,36.537791
POSCO_KR,POSCO,KR,34.537,69.84605,ACCELERATED_15C,DISCLOSED_PATH,PORT-4FCB78A64B21,CAND-F43ACAB6E7F085,P1,PORT-4FCB78A64B21,282.664267,8489.995,30.035614,False,False,2030,5.470451711490618,-5.470451711490618,True,True,True,True,,0.0,0.0,0.0,2,3,0.3670282239999999,0.65,1.3800000000000001,P1,지연·현물조달,False,21544.0,2037,9270.0,32.069773,9064.979,9064.979,13148.324,282.664267,32.069773,85.295502,26275.536,24109.99,28193.335,15045.012,1948.724,-216.821,-0.0,46.515692,14.445919,39.730965,7.661192,0.0,0.0,0.0,0.0,0.0,282.664267,13148.324,3.108351,5.56209,9820.04,1015.986,6637.677,8923.412,0.0,-15045.012,-2304.366,17.241,100,True,12.206596
POSCO_KR,POSCO,KR,34.537,69.84605,DISCLOSED_PATH,DISCLOSED_PATH,PORT-D42DEB3BDB60,CAND-B90A406E3BDA97,P2,PORT-D42DEB3BDB60,364.533852,17040.505,46.746016,True,True,,0.0,2.0275124185786808e-05,True,True,True,True,,0.0,0.0,0.0,3,3,0.367028224,0.65,1.38,P2,지연·부분헤지,False,20893.0,2035,9270.0,48.64397,17732.374,17732.374,22248.292,364.533852,48.64397,84.955739,32900.938,30969.243,35485.161,13236.869,1972.585,40.89,0.0,61.03217,12.3882,53.943054,5.299084,0.0,0.0,0.0,0.0,0.0,364.533852,22248.292,5.259644,9.411618,11413.745,1278.266,7610.24,13051.52,43.788,-13236.869,-2427.163,-1.153,100,True,39.303828
POSCO_KR,POSCO,KR,34.537,69.84605,ACCELERATED_15C,DISCLOSED_PATH,PORT-D42DEB3BDB60,CAND-B90A406E3BDA97,P2,PORT-D42DEB3BDB60,364.533852,12464.679,34.193476,False,False,2040,6.849092049999999,-6.849092049999999,True,True,True,True,,0.0,0.0,0.0,3,3,0.367028224,0.65,1.38,P2,지연·부분헤지,False,20893.0,2035,9270.0,35.841733,13065.525,13065.525,18146.36,364.533852,35.841733,88.777161,35245.16,32362.28,37443.115,19296.755,2710.49,-172.389,-0.0,49.779628,13.937895,43.750132,7.908399,0.0,0.0,0.0,0.0,0.0,364.533852,18146.36,4.28992,7.676391,8254.691,1278.266,8986.317,16444.024,46.439,-19296.755,-2630.475,-16.982,100,True,15.978556
POSCO_KR,POSCO,KR,34.537,69.84605,DISCLOSED_PATH,DISCLOSED_PATH,PORT-58F96F629E32,CAND-149176B54DA5B1,P2,PORT-58F96F629E32,243.51423,11568.344,47.505822,True,True,,0.0,2.0275124185786808e-05,True,True,True,True,,0.0,0.0,0.0,2,3,0.3395077120000001,0.65,1.22,P2,지연·부분헤지,False,18599.0,2037,9270.0,50.021526,12180.953,12180.953,14902.492,243.51423,50.021526,86.225521,22457.936,20997.141,23718.68,8816.188,1437.478,-23.317,-0.0,61.197624,11.176099,56.020333,5.998807,0.0,0.0,0.0,0.0,0.0,243.51423,14902.492,3.523048,6.304149,6562.051,976.907,5043.692,9818.897,30.21,-8816.188,-1441.224,6.609,100,True,40.681384
POSCO_KR,POSCO,KR,34.537,69.84605,ACCELERATED_15C,DISCLOSED_PATH,PORT-58F96F629E32,CAND-149176B54DA5B1,P2,PORT-58F96F629E32,243.51423,8472.463,34.792476,False,False,2035,16.703997510000004,-16.703997510000004,True,True,True,True,,0.0,0.0,0.0,2,3,0.3395077120000001,0.65,1.22,P2,지연·부분헤지,False,18599.0,2037,9270.0,36.819134,8965.983,8965.983,12159.362,243.51423,36.819134,89.495571,23986.542,21793.445,24986.824,12827.462,1981.986,-211.111,-0.0,49.93286,13.113725,45.825166,9.006031,0.0,0.0,0.0,0.0,0.0,243.51423,12159.362,2.874554,5.143733,7379.285,976.907,5515.252,10074.786,31.934,-12827.462,-2170.625,-14.095,100,True,16.955957
POSCO_KR,POSCO,KR,34.537,69.84605,DISCLOSED_PATH,DISCLOSED_PATH,PORT-D42DEB3BDB60,CAND-12C017BA38B922,P1,PORT-D42DEB3BDB60,364.533852,17342.261,47.573801,True,True,,0.0,2.0275124185786808e-05,True,True,True,True,,0.0,0.0,0.0,3,3,0.367028224,0.65,1.38,P1,지연·현물조달,False,20893.0,2035,9270.0,49.646869,18097.965,18097.965,23369.066,364.533852,49.646869,85.958639,32972.766,31334.834,36605.936,13236.869,1605.827,-32.104,0.0,64.106711,14.459841,54.140092,4.493222,0.0,0.0,0.0,0.0,0.0,364.533852,23369.066,5.524602,9.885735,11744.386,1278.266,7488.131,12968.684,0.0,-13236.869,-2172.84,28.208,100,True,40.306727
POSCO_KR,POSCO,KR,34.537,69.84605,ACCELERATED_15C,DISCLOSED_PATH,PORT-D42DEB3BDB60,CAND-12C017BA38B922,P1,PORT-D42DEB3BDB60,364.533852,12921.569,35.446828,False,False,2040,6.849092049999999,-6.849092049999999,True,True,True,True,,0.0,0.0,0.0,3,3,0.367028224,0.65,1.38,P1,지연·현물조달,False,20893.0,2035,9270.0,37.423849,13642.26,13642.26,19521.888,364.533852,37.423849,90.359277,35346.198,32939.015,38818.643,19296.755,2170.081,-237.102,0.0,53.553017,16.129168,44.027303,6.603454,0.0,0.0,0.0,0.0,0.0,364.533852,19521.888,4.615103,8.258276,8190.449,1278.266,8944.328,16597.172,0.0,-19296.755,-2053.871,-17.329,100,True,17.560672
POSCO_KR,POSCO,KR,34.537,69.84605,DISCLOSED_PATH,DISCLOSED_PATH,PORT-58F96F629E32,CAND-92409F72DEE5B3,P1,PORT-58F96F629E32,243.51423,11754.995,48.272311,True,True,,0.0,2.0275124185786808e-05,True,True,True,True,,0.0,0.0,0.0,2,3,0.3395077120000001,0.65,1.22,P1,지연·현물조달,False,18599.0,2037,9270.0,51.076018,12437.737,12437.737,15620.594,243.51423,51.076018,87.280013,22519.017,21253.925,24436.782,8816.188,1223.674,-41.418,-0.0,64.146535,13.070517,56.271164,5.195146,0.0,0.0,0.0,0.0,0.0,243.51423,15620.594,3.692812,6.607925,6533.103,976.907,5007.733,9937.531,0.0,-8816.188,-1188.934,-12.415,100,True,41.735876
POSCO_KR,POSCO,KR,34.537,69.84605,ACCELERATED_15C,DISCLOSED_PATH,PORT-58F96F629E32,CAND-92409F72DEE5B3,P1,PORT-58F96F629E32,243.51423,8756.601,35.959299,False,False,2035,16.703997510000004,-16.703997510000004,True,True,True,True,,0.0,0.0,0.0,2,3,0.3395077120000001,0.65,1.22,P1,지연·현물조달,False,18599.0,2037,9270.0,38.194768,9300.969,9300.969,13074.681,243.51423,38.194768,90.871205,24038.539,22128.431,25902.143,12827.462,1656.939,-253.168,0.0,53.691651,15.496883,46.038694,7.843926,0.0,0.0,0.0,0.0,0.0,243.51423,13074.681,3.090941,5.530937,7452.492,976.907,5461.492,10125.619,0.0,-12827.462,-1858.86,-29.218,100,True,18.331591
POSCO_KR,POSCO,KR,34.537,69.84605,DISCLOSED_PATH,DISCLOSED_PATH,PORT-0DA980ACBA29,CAND-C5C95C9095B035,P2,PORT-0DA980ACBA29,365.583855,18887.64,51.664318,True,True,,0.0,2.0275124185786808e-05,True,True,True,True,,0.0,0.0,0.0,2,3,0.3670282239999999,0.65,1.38,P2,지연·부분헤지,False,19907.0,2032,6660.0,53.035072,19388.766,19388.766,24274.202,365.583855,53.035072,89.356463,34576.039,32667.28,37552.717,13278.514,1920.752,11.993,0.0,66.398452,13.363381,58.256197,5.221125,0.0,0.0,0.0,0.0,0.0,365.583855,24274.202,5.738582,10.268631,10079.233,1313.09,7915.207,15445.693,45.257,-13278.514,-2137.496,6.297,100,True,43.69493
POSCO_KR,POSCO,KR,34.537,69.84605,ACCELERATED_15C,DISCLOSED_PATH,PORT-0DA980ACBA29,CAND-C5C95C9095B035,P2,PORT-0DA980ACBA29,365.583855,14334.531,39.209968,False,False,2040,7.524091650000003,-7.524091650000003,True,True,True,True,,0.0,0.0,0.0,2,3,0.3670282239999999,0.65,1.38,P2,지연·부분헤지,False,19907.0,2032,6660.0,40.909593,14955.887,14955.887,20138.882,365.583855,40.909593,93.840693,36756.435,34306.642,39489.638,19350.756,2647.315,197.522,-0.0,55.086902,14.177309,47.610636,6.701043,0.0,0.0,0.0,0.0,0.0,365.583855,20138.882,4.760965,8.519281,6626.141,1313.09,9444.861,19184.9,47.935,-19350.756,-2231.537,-78.746,100,True,21.046416
POSCO_KR,POSCO,KR,34.537,69.84605,DISCLOSED_PATH,DISCLOSED_PATH,PORT-34425DFA5633,CAND-7D54A929A881B5,P2,PORT-34425DFA5633,330.911223,17221.64,52.043083,True,True,,0.0,2.0275124185786808e-05,True,True,True,True,,0.0,0.0,0.0,3,3,0.3670282239999999,0.65,1.3800000000000001,P2,지연·부분헤지,False,21792.0,2035,9270.0,54.420814,18008.458,18008.458,22295.026,330.911223,54.420814,90.630698,32061.844,29990.715,34277.283,11982.257,1993.34,-77.789,0.0,67.374643,12.953829,60.679678,6.258864,0.0,0.0,0.0,0.0,0.0,330.911223,22295.026,5.270692,9.431387,9615.227,1199.255,7025.005,14203.927,42.376,-11982.257,-2079.444,-15.631,100,True,45.080672
POSCO_KR,POSCO,KR,34.537,69.84605,ACCELERATED_15C,DISCLOSED_PATH,PORT-34425DFA5633,CAND-7D54A929A881B5,P2,PORT-34425DFA5633,330.911223,13089.916,39.557184,False,False,2040,2.9297482850000023,-2.9297482850000023,True,True,True,True,,0.0,0.0,0.0,3,3,0.3670282239999999,0.65,1.3800000000000001,P2,지연·부분헤지,False,21792.0,2035,9270.0,41.701459,13799.481,13799.481,18566.613,330.911223,41.701459,94.578357,34205.872,31297.04,36064.172,17497.559,2720.102,-188.73,-0.0,56.107535,14.406076,50.491828,8.790369,0.0,0.0,0.0,0.0,0.0,330.911223,18566.613,4.38927,7.85417,9615.227,1199.255,7826.301,15459.965,44.886,-17497.559,-2848.283,-0.312,100,True,21.838282
POSCO_KR,POSCO,KR,34.537,69.84605,DISCLOSED_PATH,DISCLOSED_PATH,PORT-0DA980ACBA29,CAND-3C2E939294CFA6,P1,PORT-0DA980ACBA29,365.583855,19248.016,52.650071,True,True,,0.0,2.0275124185786808e-05,True,True,True,True,,0.0,0.0,0.0,2,3,0.3670282239999999,0.65,1.38,P1,지연·현물조달,False,19907.0,2032,6660.0,54.225494,19823.965,19823.965,25464.542,365.583855,54.225494,90.546885,34600.101,33102.479,38743.056,13278.514,1479.255,-18.366,0.0,69.654449,15.428955,58.322013,4.096519,0.0,0.0,0.0,0.0,0.0,365.583855,25464.542,6.019986,10.772177,10283.133,1313.09,7856.905,15384.933,0.0,-13278.514,-1784.095,48.514,100,True,44.885352
POSCO_KR,POSCO,KR,34.537,69.84605,ACCELERATED_15C,DISCLOSED_PATH,PORT-0DA980ACBA29,CAND-3C2E939294CFA6,P1,PORT-0DA980ACBA29,365.583855,14877.424,40.69497,False,False,2040,7.524091650000003,-7.524091650000003,True,True,True,True,,0.0,0.0,0.0,2,3,0.3670282239999999,0.65,1.38,P1,지연·현물조달,False,19907.0,2032,6660.0,42.754592,15630.389,15630.389,21658.5,365.583855,42.754592,95.685692,36758.679,34981.144,41009.255,19350.756,1995.281,217.746,-0.0,59.243589,16.488997,47.616774,4.862182,0.0,0.0,0.0,0.0,0.0,365.583855,21658.5,5.120213,9.16212,9003.0,1313.09,9300.548,17564.829,0.0,-19350.756,-2113.355,-86.967,100,True,22.891415
POSCO_KR,POSCO,KR,34.537,69.84605,DISCLOSED_PATH,DISCLOSED_PATH,PORT-34425DFA5633,CAND-2775122CBD1438,P1,PORT-34425DFA5633,330.911223,17524.843,52.959349,True,True,,0.0,2.0275124185786808e-05,True,True,True,True,,0.0,0.0,0.0,3,3,0.3670282239999999,0.65,1.3800000000000001,P1,지연·현물조달,False,21792.0,2035,9270.0,55.686667,18427.343,18427.343,23363.642,330.911223,55.686667,91.896551,32122.127,30409.6,35345.899,11982.257,1645.332,-67.195,0.0,70.603958,14.91729,60.861853,5.175186,0.0,0.0,0.0,0.0,0.0,330.911223,23363.642,5.52332,9.88344,9708.242,1199.255,6989.792,14249.136,0.0,-11982.257,-1738.713,1.888,100,True,46.346525
POSCO_KR,POSCO,KR,34.537,69.84605,ACCELERATED_15C,DISCLOSED_PATH,PORT-34425DFA5633,CAND-2775122CBD1438,P1,PORT-34425DFA5633,330.911223,13548.406,40.942722,False,False,2040,2.9297482850000023,-2.9297482850000023,True,True,True,True,,0.0,0.0,0.0,3,3,0.3670282239999999,0.65,1.3800000000000001,P1,지연·현물조달,False,21792.0,2035,9270.0,43.343412,14342.821,14342.821,19917.112,330.911223,43.343412,96.22031,34275.317,31840.38,37414.671,17497.559,2222.067,-212.869,0.0,60.188687,16.845275,50.701689,7.358277,0.0,0.0,0.0,0.0,0.0,330.911223,19917.112,4.708537,8.425467,9708.242,1199.255,7786.431,15503.772,0.0,-17497.559,-2350.012,-7.308,100,True,23.480235
POSCO_KR,POSCO,KR,34.537,69.84605,DISCLOSED_PATH,DISCLOSED_PATH,PORT-B0374F687394,CAND-0F7926E25C7DDC,P2,PORT-B0374F687394,338.051243,18922.063,55.973948,True,True,,0.0,2.0275124185786808e-05,True,True,True,True,,0.0,0.0,0.0,2,3,0.3670282239999999,0.65,1.38,P2,지연·부분헤지,False,19907.0,2032,6660.0,57.184308,19331.226,19331.226,24173.723,338.051243,57.184308,93.467102,33359.524,31596.67,36439.167,12265.444,1891.0,128.147,-0.0,71.50905,14.324742,62.39906,5.214753,0.0,0.0,0.0,0.0,0.0,338.051243,24173.723,5.714828,10.226126,6757.752,1258.952,8562.241,16521.122,43.728,-12265.444,-1572.152,25.027,100,True,47.844166
POSCO_KR,POSCO,KR,34.537,69.84605,ACCELERATED_15C,DISCLOSED_PATH,PORT-B0374F687394,CAND-0F7926E25C7DDC,P2,PORT-B0374F687394,338.051243,14765.954,43.679633,False,False,2035,7.519745565000001,-7.519745565000001,True,True,True,True,,0.0,0.0,0.0,2,3,0.3670282239999999,0.65,1.38,P2,지연·부분헤지,False,19907.0,2032,6660.0,45.671554,15439.325,15439.325,20316.876,338.051243,45.671554,98.517863,35493.157,33304.086,38181.637,17864.761,2596.405,407.334,0.0,60.09999,14.428436,52.147115,6.475561,0.0,0.0,0.0,0.0,0.0,338.051243,20316.876,4.803044,8.594577,6444.474,1258.952,8502.773,19184.9,46.275,-17864.761,-2189.255,55.966,100,True,25.808377
POSCO_KR,POSCO,KR,34.537,69.84605,DISCLOSED_PATH,DISCLOSED_PATH,PORT-B0374F687394,CAND-688976C946D330,P1,PORT-B0374F687394,338.051243,19283.901,57.044313,True,True,,0.0,2.0275124185786808e-05,True,True,True,True,,0.0,0.0,0.0,2,3,0.3670282239999999,0.65,1.38,P1,지연·현물조달,False,19907.0,2032,6660.0,58.588411,19805.885,19805.885,25340.108,338.051243,58.588411,94.871205,33351.147,32071.329,37605.552,12265.444,1464.33,184.512,-0.0,74.959371,16.37096,62.374282,3.785871,0.0,0.0,0.0,0.0,0.0,338.051243,25340.108,5.990569,10.719538,6217.757,1258.952,7684.78,18002.82,0.0,-12265.444,-1077.002,-15.978,100,True,49.248269
POSCO_KR,POSCO,KR,34.537,69.84605,ACCELERATED_15C,DISCLOSED_PATH,PORT-B0374F687394,CAND-688976C946D330,P1,PORT-B0374F687394,338.051243,15310.418,45.290228,False,False,2035,7.519745565000001,-7.519745565000001,True,True,True,True,,0.0,0.0,0.0,2,3,0.3670282239999999,0.65,1.38,P1,지연·현물조달,False,19907.0,2032,6660.0,47.790584,16155.666,16155.666,21734.199,338.051243,47.790584,100.636893,35523.879,34020.427,39598.96,17864.761,1978.188,474.736,0.0,64.292617,16.502033,52.237992,4.447408,0.0,0.0,0.0,0.0,0.0,338.051243,21734.199,5.138108,9.194142,6217.757,1258.952,8536.237,19395.536,0.0,-17864.761,-1454.649,66.594,100,True,27.927407
POSCO_KR,POSCO,KR,34.537,69.84605,DISCLOSED_PATH,DISCLOSED_PATH,PORT-39601EAF8865,CAND-E5548226AF9F6B,P2,PORT-39601EAF8865,193.924259,11348.272,58.519093,True,True,,0.0,2.0275124185786808e-05,True,True,True,True,,0.0,0.0,0.0,2,3,0.33950771199999996,0.65,1.2200000000000002,P2,지연·부분헤지,False,19250.0,2037,9270.0,61.195072,11867.209,11867.209,14269.553,193.924259,61.195072,97.306086,20154.224,18870.011,21272.355,7002.802,1398.605,114.391,-0.0,73.583127,12.388055,67.817315,6.622243,0.0,0.0,0.0,0.0,0.0,193.924259,14269.553,3.373417,6.036399,5791.217,844.557,3663.818,9805.746,27.223,-7002.802,-1262.298,-0.252,100,True,51.85493
POSCO_KR,POSCO,KR,34.537,69.84605,ACCELERATED_15C,DISCLOSED_PATH,PORT-39601EAF8865,CAND-E5548226AF9F6B,P2,PORT-39601EAF8865,193.924259,8841.378,45.591914,False,False,2030,13.94899577,-13.94899577,True,True,True,True,,0.0,0.0,0.0,2,3,0.33950771199999996,0.65,1.2200000000000002,P2,지연·부분헤지,False,19250.0,2037,9270.0,47.780916,9265.879,9265.879,12040.101,193.924259,47.780916,100.986839,21539.411,19583.798,22358.02,10317.919,1934.705,-20.908,0.0,62.086615,14.305699,57.865335,10.084419,0.0,0.0,0.0,0.0,0.0,193.924259,12040.101,2.84636,5.093282,7555.767,844.557,3653.264,9647.168,28.772,-10317.919,-2145.805,0.075,100,True,27.917739
POSCO_KR,POSCO,KR,34.537,69.84605,DISCLOSED_PATH,DISCLOSED_PATH,PORT-CA761749FFB1,CAND-C8332513BB985B,P2,PORT-CA761749FFB1,287.411269,16854.855,58.643683,True,True,,0.0,2.0275124185786808e-05,True,True,True,True,,0.0,0.0,0.0,3,3,0.3670282239999999,0.65,1.3800000000000001,P2,지연·부분헤지,False,21544.0,2035,9270.0,61.187999,17586.12,17586.12,21519.14,287.411269,61.187999,97.409307,29899.268,27996.533,31929.552,10410.412,1912.695,9.959,-0.0,74.872289,13.684291,67.808254,6.620255,0.0,0.0,0.0,0.0,0.0,287.411269,21519.14,5.087267,9.103167,8918.392,1091.778,5882.462,14011.259,39.272,-10410.412,-1960.441,13.811,100,True,51.847857
POSCO_KR,POSCO,KR,34.537,69.84605,ACCELERATED_15C,DISCLOSED_PATH,PORT-CA761749FFB1,CAND-C8332513BB985B,P2,PORT-CA761749FFB1,287.411269,13265.017,46.153435,False,False,2030,5.470451711490618,-5.470451711490618,True,True,True,True,,0.0,0.0,0.0,3,3,0.3670282239999999,0.65,1.3800000000000001,P2,지연·부분헤지,False,21544.0,2035,9270.0,48.754576,14012.615,14012.615,18352.346,287.411269,48.754576,101.992633,32000.401,29313.832,33653.563,15301.218,2618.133,-68.435,-0.0,63.853953,15.099377,58.102047,9.347471,0.0,0.0,0.0,0.0,0.0,287.411269,18352.346,4.338616,7.763529,9457.249,1091.778,6592.466,14952.973,41.617,-15301.218,-2813.585,-8.667,100,True,28.891399
POSCO_KR,POSCO,KR,34.537,69.84605,DISCLOSED_PATH,DISCLOSED_PATH,PORT-8378A8ACBA64,CAND-CD94A69F094896,P2,PORT-8378A8ACBA64,275.793845,16365.727,59.340437,True,True,,0.0,2.0275124185786808e-05,True,True,True,True,,0.0,0.0,0.0,3,3,0.3395077120000001,0.65,1.22,P2,지연·부분헤지,False,18599.0,2035,9270.0,61.796401,17043.067,17043.067,21071.822,275.793845,61.796401,98.069603,28750.366,27046.993,31075.748,10003.926,1680.596,-22.777,-0.0,76.40425,14.607849,67.972656,6.176255,0.0,0.0,0.0,0.0,0.0,275.793845,21071.822,4.981518,8.913939,8500.362,1106.836,6890.758,12313.122,36.992,-10003.926,-1814.326,13.249,100,True,52.456259
POSCO_KR,POSCO,KR,34.537,69.84605,ACCELERATED_15C,DISCLOSED_PATH,PORT-8378A8ACBA64,CAND-CD94A69F094896,P2,PORT-8378A8ACBA64,275.793845,13096.798,47.487635,False,False,2040,16.709092920000007,-16.709092920000007,True,True,True,True,,0.0,0.0,0.0,3,3,0.3395077120000001,0.65,1.22,P2,지연·부분헤지,False,18599.0,2035,9270.0,49.999366,13789.517,13789.517,18173.331,275.793845,49.999366,102.827459,30727.394,28359.18,32742.994,14569.663,2314.624,-53.589,0.0,65.894623,15.895257,58.586263,8.586897,0.0,0.0,0.0,0.0,0.0,275.793845,18173.331,4.296296,7.687801,9964.712,1106.836,6029.892,14168.394,39.226,-14569.663,-2974.214,24.335,100,True,30.136189
POSCO_KR,POSCO,KR,34.537,69.84605,DISCLOSED_PATH,DISCLOSED_PATH,PORT-39601EAF8865,CAND-2EAFEFF65EF371,P1,PORT-39601EAF8865,193.924259,11537.636,59.495579,True,True,,0.0,2.0275124185786808e-05,True,True,True,True,,0.0,0.0,0.0,2,3,0.33950771199999996,0.65,1.2200000000000002,P1,지연·현물조달,False,19250.0,2037,9270.0,62.550492,12130.058,12130.058,14919.45,193.924259,62.550492,98.661506,20180.438,19132.86,21922.252,7002.802,1173.575,125.996,0.0,76.934419,14.383926,67.952489,5.401997,0.0,0.0,0.0,0.0,0.0,193.924259,14919.45,3.527057,6.311323,7673.867,844.557,3176.703,8785.89,0.0,-7002.802,-1370.817,22.659,100,True,53.21035
POSCO_KR,POSCO,KR,34.537,69.84605,ACCELERATED_15C,DISCLOSED_PATH,PORT-39601EAF8865,CAND-2EAFEFF65EF371,P1,PORT-39601EAF8865,193.924259,9128.594,47.072986,False,False,2030,13.94899577,-13.94899577,True,True,True,True,,0.0,0.0,0.0,2,3,0.33950771199999996,0.65,1.2200000000000002,P1,지연·현물조달,False,19250.0,2037,9270.0,49.765177,9650.675,9650.675,12866.982,193.924259,49.765177,102.9711,21570.039,19968.594,23184.901,10317.919,1592.405,-9.04,-0.0,66.350554,16.585377,58.023272,8.258095,0.0,0.0,0.0,0.0,0.0,193.924259,12866.982,3.04184,5.443075,6254.006,844.557,4509.485,9791.483,0.0,-10317.919,-1458.071,27.136,100,True,29.902
POSCO_KR,POSCO,KR,34.537,69.84605,DISCLOSED_PATH,DISCLOSED_PATH,PORT-CA761749FFB1,CAND-19C362AB4D3239,P1,PORT-CA761749FFB1,287.411269,17160.787,59.708122,True,True,,0.0,2.0275124185786808e-05,True,True,True,True,,0.0,0.0,0.0,3,3,0.3670282239999999,0.65,1.3800000000000001,P1,지연·현물조달,False,21544.0,2035,9270.0,62.607033,17993.967,17993.967,22533.542,287.411269,62.607033,98.828342,29986.505,28404.379,32943.954,10410.412,1535.211,-46.915,-0.0,78.401735,15.794702,68.11178,5.504747,0.0,0.0,0.0,0.0,0.0,287.411269,22533.542,5.327079,9.532286,7801.947,1091.778,6137.837,14814.257,0.0,-10410.412,-1446.874,5.433,100,True,53.266891
POSCO_KR,POSCO,KR,34.537,69.84605,ACCELERATED_15C,DISCLOSED_PATH,PORT-CA761749FFB1,CAND-19C362AB4D3239,P1,PORT-CA761749FFB1,287.411269,13726.556,47.759282,False,False,2030,5.470451711490618,-5.470451711490618,True,True,True,True,,0.0,0.0,0.0,3,3,0.3670282239999999,0.65,1.3800000000000001,P1,지연·현물조달,False,21544.0,2035,9270.0,50.745759,14584.903,14584.903,19652.466,287.411269,50.745759,103.983816,32069.515,29886.121,34953.684,15301.218,2076.851,-106.544,-0.0,68.377508,17.631748,58.342521,7.596761,0.0,0.0,0.0,0.0,0.0,287.411269,19652.466,4.645973,8.313514,9589.888,1091.778,6607.696,14940.449,0.0,-15301.218,-2349.038,5.348,100,True,30.882582
POSCO_KR,POSCO,KR,34.537,69.84605,DISCLOSED_PATH,DISCLOSED_PATH,PORT-7ED23B40E316,CAND-466C04961ED513,P2,PORT-7ED23B40E316,414.904229,13064.613,31.488261,True,False,,0.0,2.0275124185786808e-05,False,False,True,True,2035,4.530597659999998,0.0,0.0,2,3,0.3934020479999999,0.65,1.54,P2,지연·부분헤지,False,24086.0,2037,9270.0,33.238646,13790.855,13790.855,17478.193,414.904229,33.238646,69.48926,30844.041,28831.388,32518.726,15040.533,2050.464,37.811,-0.0,42.12585,8.887204,38.089533,4.850886,0.0,0.0,0.0,0.0,0.0,414.904229,17478.193,4.131961,7.393739,9893.68,1294.893,10516.193,8984.232,43.918,-15040.533,-1925.985,24.455,100,True,23.898504
POSCO_KR,POSCO,KR,34.537,69.84605,ACCELERATED_15C,DISCLOSED_PATH,PORT-7ED23B40E316,CAND-466C04961ED513,P2,PORT-7ED23B40E316,414.904229,7402.041,17.84036,True,True,,0.0,2.0275124185786808e-05,True,True,True,True,,0.0,0.0,0.0,2,3,0.3934020479999999,0.65,1.54,P2,지연·부분헤지,False,24086.0,2037,9270.0,19.863177,8241.316,8241.316,12210.032,414.904229,19.863177,72.811409,33002.412,30209.761,34178.477,21968.445,2790.333,-2.317,0.0,29.428555,9.565378,26.594008,6.730831,0.0,0.0,0.0,0.0,0.0,414.904229,12210.032,2.886532,5.165167,12882.562,1294.893,11828.353,7435.807,46.468,-21968.445,-3303.742,25.421,100,True,0.0
POSCO_KR,POSCO,KR,34.537,69.84605,DISCLOSED_PATH,DISCLOSED_PATH,PORT-7ED23B40E316,CAND-7BC738434560A6,P1,PORT-7ED23B40E316,414.904229,13238.755,31.907979,True,False,,0.0,2.0275124185786808e-05,False,False,True,True,2035,4.530597659999998,0.0,0.0,2,3,0.3934020479999999,0.65,1.54,P1,지연·현물조달,False,24086.0,2037,9270.0,33.91896,14073.12,14073.12,18352.85,414.904229,33.91896,70.169574,30921.694,29113.653,33393.383,15040.533,1845.798,37.757,-0.0,44.233942,10.314982,38.276691,4.357731,0.0,0.0,0.0,0.0,0.0,414.904229,18352.85,4.338735,7.763742,9850.404,1294.893,10644.057,9010.126,0.0,-15040.533,-1687.458,1.631,100,True,24.578818
POSCO_KR,POSCO,KR,34.537,69.84605,ACCELERATED_15C,DISCLOSED_PATH,PORT-7ED23B40E316,CAND-7BC738434560A6,P1,PORT-7ED23B40E316,414.904229,7673.246,18.494018,True,True,,0.0,2.0275124185786808e-05,True,True,True,True,,0.0,0.0,0.0,2,3,0.3934020479999999,0.65,1.54,P1,지연·현물조달,False,24086.0,2037,9270.0,20.624315,8557.116,8557.116,13288.682,414.904229,20.624315,73.572547,33061.28,30525.561,35257.128,21968.445,2488.322,-47.397,-0.0,32.028312,11.403997,26.735891,6.111576,0.0,0.0,0.0,0.0,0.0,414.904229,13288.682,3.141532,5.621465,14787.046,1294.893,9737.373,8345.912,0.0,-21968.445,-3647.058,7.395,100,True,0.761138
POSCO_KR,POSCO,KR,34.537,69.84605,DISCLOSED_PATH,DISCLOSED_PATH,PORT-7827D72F6A22,CAND-BEF797E7835E02,P2,PORT-7827D72F6A22,419.651231,17896.418,42.645933,True,False,,0.0,2.0275124185786808e-05,False,False,True,True,2037,3.1582950799999985,0.0,0.0,3,3,0.3934020479999999,0.65,1.54,P2,지연·부분헤지,False,24086.0,2035,9270.0,44.615728,18723.045,18723.045,23553.468,419.651231,44.615728,80.872503,36215.354,33938.246,38768.669,15215.2,2281.514,4.406,-0.0,56.126294,11.510566,50.04192,5.426192,0.0,0.0,0.0,0.0,0.0,419.651231,23553.468,5.568196,9.963742,7807.238,1370.685,10749.353,15762.136,49.172,-15215.2,-1775.984,-24.354,100,True,35.275586
POSCO_KR,POSCO,KR,34.537,69.84605,ACCELERATED_15C,DISCLOSED_PATH,PORT-7827D72F6A22,CAND-BEF797E7835E02,P2,PORT-7827D72F6A22,419.651231,12457.798,29.686075,True,True,,0.0,2.0275124185786808e-05,True,True,True,True,,0.0,0.0,0.0,3,3,0.3934020479999999,0.65,1.54,P2,지연·부분헤지,False,24086.0,2035,9270.0,31.8312,13358.002,13358.002,18539.641,419.651231,31.8312,84.791015,38678.858,35582.654,40764.293,22224.651,3111.0,14.795,-0.0,44.178689,12.34749,39.209242,7.378042,0.0,0.0,0.0,0.0,0.0,419.651231,18539.641,4.382894,7.84276,8911.626,1370.685,11183.192,16753.436,52.1,-22224.651,-2725.686,37.301,100,True,11.968023
POSCO_KR,POSCO,KR,34.537,69.84605,DISCLOSED_PATH,DISCLOSED_PATH,PORT-7827D72F6A22,CAND-BBFDE735F87B40,P1,PORT-7827D72F6A22,419.651231,18193.375,43.35356,True,False,,0.0,2.0275124185786808e-05,False,False,True,True,2037,3.1582950799999985,0.0,0.0,3,3,0.3934020479999999,0.65,1.54,P1,지연·현물조달,False,24086.0,2035,9270.0,45.67125,19165.996,19165.996,24704.478,419.651231,45.67125,81.928025,36292.113,34381.197,39919.678,15215.2,1920.51,9.594,-0.0,58.869071,13.197821,50.224832,4.553582,0.0,0.0,0.0,0.0,0.0,419.651231,24704.478,5.840302,10.450649,12859.782,1370.685,9019.157,13477.5,0.0,-15215.2,-2324.963,-20.964,100,True,36.331108
POSCO_KR,POSCO,KR,34.537,69.84605,ACCELERATED_15C,DISCLOSED_PATH,PORT-7827D72F6A22,CAND-BBFDE735F87B40,P1,PORT-7827D72F6A22,419.651231,12909.807,30.763182,True,True,,0.0,2.0275124185786808e-05,True,True,True,True,,0.0,0.0,0.0,3,3,0.3934020479999999,0.65,1.54,P1,지연·현물조달,False,24086.0,2035,9270.0,33.261896,13958.396,13958.396,19976.635,419.651231,33.261896,86.221711,38775.761,36183.047,42201.286,22224.651,2589.702,-3.011,0.0,47.602946,14.341049,39.440154,6.178258,0.0,0.0,0.0,0.0,0.0,419.651231,19976.635,4.722609,8.450646,14811.238,1370.685,9575.272,14068.694,0.0,-22224.651,-3656.877,14.035,100,True,13.398719
POSCO_KR,POSCO,KR,34.537,69.84605,DISCLOSED_PATH,DISCLOSED_PATH,PORT-08632101CCF5,CAND-2FCEDED2C189C1,P4,PORT-08632101CCF5,488.606259,30730.025,62.893229,True,False,,0.0,2.0275124185786808e-05,False,False,True,True,2036,0.0,0.0,0.063446895000002,3,3,0.459336608,0.65,2.02,P4,균형형 전환,False,27588.0,2036,9270.0,64.059557,31299.9,31299.9,35501.617,488.606259,64.059557,100.313999,54446.177,49014.048,53215.764,17714.147,5453.281,21.152,0.0,72.658948,8.599392,75.177157,11.117601,0.0,0.0,0.0,0.0,0.0,488.606259,35501.617,8.392817,15.018125,12151.268,1771.894,10935.912,29137.463,487.568,-17714.147,-5383.825,-86.232,100,True,54.719415
POSCO_KR,POSCO,KR,34.537,69.84605,ACCELERATED_15C,DISCLOSED_PATH,PORT-08632101CCF5,CAND-2FCEDED2C189C1,P4,PORT-08632101CCF5,488.606259,24223.062,49.575832,True,True,,0.0,2.0275124185786808e-05,True,True,True,True,,0.0,0.0,0.0,3,3,0.459336608,0.65,2.02,P4,균형형 전환,False,27588.0,2036,9270.0,50.817882,24829.935,24829.935,29238.65,488.606259,50.817882,103.601297,58338.872,50620.242,55028.957,25790.307,7695.885,-22.745,-0.0,59.840923,9.023042,66.615122,15.79724,0.0,0.0,0.0,0.0,0.0,488.606259,29238.65,6.91221,12.368724,15925.081,1771.894,11822.821,28672.804,522.273,-25790.307,-8080.956,-13.675,100,True,30.954705
POSCO_KR,POSCO,KR,34.537,69.84605,DISCLOSED_PATH,DISCLOSED_PATH,PORT-2038E8D6C481,CAND-9DAADB965AABF6,P2,PORT-2038E8D6C481,428.201226,29256.785,68.324851,True,False,,0.0,2.0275124185786808e-05,False,False,True,True,2029,4.583295980000006,0.04299987899999996,0.0,2,3,0.3934020479999999,0.65,1.5399999999999998,P2,지연·부분헤지,False,23372.0,2029,7380.0,69.742219,29863.704,29863.704,37560.005,428.201226,69.742219,106.005201,48099.048,45391.557,53087.858,15527.853,2658.265,-49.227,0.0,87.715782,17.973562,76.065161,6.322942,0.0,0.0,0.0,0.0,0.0,428.201226,37560.005,8.879434,15.888878,11114.432,1555.976,9233.245,25831.936,61.068,-15527.853,-2620.886,215.787,100,True,60.402077
POSCO_KR,POSCO,KR,34.537,69.84605,ACCELERATED_15C,DISCLOSED_PATH,PORT-2038E8D6C481,CAND-9DAADB965AABF6,P2,PORT-2038E8D6C481,428.201226,24038.613,56.138591,True,True,,0.0,2.0275124185786808e-05,True,True,True,True,,0.0,0.0,0.0,2,3,0.3934020479999999,0.65,1.5399999999999998,P2,지연·부분헤지,False,23372.0,2029,7380.0,57.284111,24529.127,24529.127,32875.512,428.201226,57.284111,110.196924,50908.946,47186.458,55532.843,22657.331,3681.374,-41.114,0.0,76.775847,19.491735,65.977426,8.693315,0.0,0.0,0.0,0.0,0.0,428.201226,32875.512,7.771989,13.907213,11471.072,1555.976,9675.843,28300.497,64.496,-22657.331,-3770.768,-110.659,100,True,37.420934
POSCO_KR,POSCO,KR,34.537,69.84605,DISCLOSED_PATH,DISCLOSED_PATH,PORT-2038E8D6C481,CAND-25E596C7BBF514,P1,PORT-2038E8D6C481,428.201226,29861.829,69.737841,True,False,,0.0,2.0275124185786808e-05,False,False,True,True,2029,4.583295980000006,0.04299987899999996,0.0,2,3,0.3934020479999999,0.65,1.5399999999999998,P1,지연·현물조달,False,23372.0,2029,7380.0,71.352709,30553.318,30553.318,39391.089,428.201226,71.352709,107.615691,48139.185,46081.171,54918.942,15527.853,1946.635,-111.38,-0.0,91.992005,20.639295,76.158896,4.806186,0.0,0.0,0.0,0.0,0.0,428.201226,39391.089,9.312314,16.663475,11172.683,1555.976,9215.363,25838.908,0.0,-15527.853,-1955.137,253.378,100,True,62.012567
POSCO_KR,POSCO,KR,34.537,69.84605,ACCELERATED_15C,DISCLOSED_PATH,PORT-2038E8D6C481,CAND-25E596C7BBF514,P1,PORT-2038E8D6C481,428.201226,24946.989,58.259966,True,True,,0.0,2.0275124185786808e-05,True,True,True,True,,0.0,0.0,0.0,2,3,0.3934020479999999,0.65,1.5399999999999998,P1,지연·현물조달,False,23372.0,2029,7380.0,59.578426,25511.555,25511.555,35327.159,428.201226,59.578426,112.491239,50898.249,48168.886,57984.49,22657.331,2624.625,-104.738,0.0,82.501302,22.922876,65.952446,6.374019,0.0,0.0,0.0,0.0,0.0,428.201226,35327.159,8.351574,14.944325,11573.903,1555.976,9544.61,28381.628,0.0,-22657.331,-2788.076,-99.154,100,True,39.715249
POSCO_KR,POSCO,KR,34.537,69.84605,DISCLOSED_PATH,DISCLOSED_PATH,PORT-C9ABA0ED93B4,CAND-13A3A87B46A419,P4,PORT-C9ABA0ED93B4,496.681253,41390.925,83.334985,True,False,,0.0,2.0275124185786808e-05,False,False,True,True,2028,0.030599310000003044,0.16799987899999996,0.25344701500000255,2,3,0.45933660799999987,0.65,2.02,P4,균형형 전환,False,26874.0,2036,9270.0,84.394674,41917.253,41917.253,47713.798,496.681253,84.394674,120.644361,66700.424,59921.792,65718.338,18004.54,6862.015,83.383,-0.0,96.065228,11.670554,98.042525,13.64785,0.0,0.0,0.0,0.0,0.0,496.681253,47713.798,11.279858,20.184202,12473.316,1961.418,10979.294,40713.354,595.859,-18004.54,-6694.127,-107.322,100,True,75.054532
POSCO_KR,POSCO,KR,34.537,69.84605,ACCELERATED_15C,DISCLOSED_PATH,PORT-C9ABA0ED93B4,CAND-13A3A87B46A419,P4,PORT-C9ABA0ED93B4,496.681253,34558.76,69.579352,True,True,,0.0,2.0275124185786808e-05,True,True,True,True,,0.0,0.0,0.0,2,3,0.45933660799999987,0.65,2.02,P4,균형형 전환,False,26874.0,2036,9270.0,70.746021,35138.222,35138.222,40916.866,496.681253,70.746021,123.458186,71004.496,61319.367,67098.011,26181.144,9753.354,68.224,0.0,82.380533,11.634512,90.245709,19.499688,0.0,0.0,0.0,0.0,0.0,496.681253,40916.866,9.673018,17.308919,12555.793,1961.418,11916.506,43790.271,634.378,-26181.144,-9565.527,26.527,100,True,50.882844
POSCO_KR,POSCO,KR,34.537,69.84605,DISCLOSED_PATH,DISCLOSED_PATH,PORT-13C60822C05B,CAND-27EB06146B7A52,P3,PORT-13C60822C05B,437.704222,37480.183,85.629018,True,False,,0.0,2.0275124185786808e-05,False,False,True,True,2029,0.0,0.04299987899999996,0.0,2,3,0.45933660799999987,0.65,2.02,P3,균형형 라이트헤지,False,26874.0,2037,9270.0,87.438494,38272.198,38272.198,44797.876,437.704222,87.438494,123.693443,58923.413,54141.142,60666.82,15868.945,4797.144,14.873,0.0,102.347369,14.908876,98.364299,10.925805,0.0,0.0,0.0,0.0,0.0,437.704222,44797.876,10.590514,18.950689,12845.748,1685.362,9437.989,34881.886,235.927,-15868.945,-4764.718,-181.051,100,True,78.098352
POSCO_KR,POSCO,KR,34.537,69.84605,ACCELERATED_15C,DISCLOSED_PATH,PORT-13C60822C05B,CAND-27EB06146B7A52,P3,PORT-13C60822C05B,437.704222,32023.823,73.163158,True,True,,0.0,2.0275124185786808e-05,True,True,True,True,,0.0,0.0,0.0,2,3,0.45933660799999987,0.65,2.02,P3,균형형 라이트헤지,False,26874.0,2037,9270.0,75.358174,32984.591,32984.591,39794.559,437.704222,75.358174,128.275508,62747.007,56146.732,62956.7,23162.141,6769.277,169.001,-0.0,90.916552,15.558379,90.437479,15.079305,0.0,0.0,0.0,0.0,0.0,437.704222,39794.559,9.407697,16.834154,12845.748,1685.362,10503.086,37570.906,250.661,-23162.141,-6693.509,-15.522,100,True,55.494997
POSCO_KR,POSCO,KR,34.537,69.84605,DISCLOSED_PATH,DISCLOSED_PATH,PORT-13C60822C05B,CAND-9F98CFC8518527,P2,PORT-13C60822C05B,437.704222,38647.747,88.296491,True,False,,0.0,2.0275124185786808e-05,False,False,True,True,2029,0.0,0.04299987899999996,0.0,2,3,0.45933660799999987,0.65,2.02,P2,지연·부분헤지,False,26874.0,2037,9270.0,90.557792,39637.528,39637.528,47785.534,437.704222,90.557792,126.812742,58990.817,55506.473,63654.479,15868.945,3467.085,-17.259,0.0,109.173117,18.615325,98.518292,7.9605,0.0,0.0,0.0,0.0,0.0,437.704222,47785.534,11.296817,20.214548,11619.927,1685.362,9678.919,35427.586,73.135,-15868.945,-3196.806,218.349,100,True,81.21765
POSCO_KR,POSCO,KR,34.537,69.84605,ACCELERATED_15C,DISCLOSED_PATH,PORT-13C60822C05B,CAND-9F98CFC8518527,P2,PORT-13C60822C05B,437.704222,33794.436,77.208384,True,True,,0.0,2.0275124185786808e-05,True,True,True,True,,0.0,0.0,0.0,2,3,0.45933660799999987,0.65,2.02,P2,지연·부분헤지,False,26874.0,2037,9270.0,80.002576,35017.465,35017.465,43679.022,437.704222,80.002576,132.919911,62773.352,58179.606,66841.163,23162.141,4785.917,192.171,0.0,99.791183,19.788607,90.497668,10.495092,0.0,0.0,0.0,0.0,0.0,437.704222,43679.022,10.32601,18.477385,12927.748,1685.362,10580.777,37647.564,77.379,-23162.141,-4740.197,0.973,100,True,60.139399
POSCO_KR,POSCO,KR,34.537,69.84605,DISCLOSED_PATH,DISCLOSED_PATH,PORT-C68307188813,CAND-717F18DFAF78F1,P4,PORT-C68307188813,501.427506,46098.554,91.934633,True,False,,0.0,2.0275124185786808e-05,False,False,True,True,2028,0.0,0.16799987899999996,0.25374674500000083,3,3,0.45933660799999987,0.65,2.02,P4,균형형 전환,False,26874.0,2034,9270.0,93.440478,46853.626,46853.626,52787.897,501.427506,93.440478,129.696551,72493.139,65033.418,70967.689,18179.792,7476.525,16.804,-0.0,105.275233,11.834754,108.317447,14.876968,0.0,0.0,0.0,0.0,0.0,501.427506,52787.897,12.479408,22.33068,15152.97,2041.369,10000.873,45211.653,644.249,-18179.792,-7715.878,-301.819,100,True,84.100336
POSCO_KR,POSCO,KR,34.537,69.84605,ACCELERATED_15C,DISCLOSED_PATH,PORT-C68307188813,CAND-717F18DFAF78F1,P4,PORT-C68307188813,501.427506,39286.211,78.348736,True,True,,0.0,2.0275124185786808e-05,True,True,True,True,,0.0,0.0,0.0,3,3,0.45933660799999987,0.65,2.02,P4,균형형 전환,False,26874.0,2034,9270.0,79.469751,39848.319,39848.319,45910.901,501.427506,79.469751,132.19244,77052.206,66284.925,72347.507,26436.606,10656.287,-110.994,-0.0,91.560395,12.090645,100.943006,21.473255,0.0,0.0,0.0,0.0,0.0,501.427506,45910.901,10.853641,19.421528,13800.441,2041.369,11450.792,48715.776,686.108,-26436.606,-10609.631,200.07,100,True,59.606574
POSCO_KR,POSCO,KR,34.537,69.84605,DISCLOSED_PATH,DISCLOSED_PATH,PORT-13C60822C05B,CAND-78797020DAE1ED,P1,PORT-13C60822C05B,437.704222,39456.063,90.143208,True,False,,0.0,2.0275124185786808e-05,False,False,True,True,2029,0.0,0.04299987899999996,0.0,2,3,0.45933660799999987,0.65,2.02,P1,지연·현물조달,False,26874.0,2037,9270.0,92.792744,40615.776,40615.776,49993.961,437.704222,92.792744,129.047694,59067.213,56484.721,65862.905,15868.945,2537.043,-45.449,0.0,114.218594,21.42585,98.69283,5.900085,0.0,0.0,0.0,0.0,0.0,437.704222,49993.961,11.818903,21.148771,12982.415,1685.362,9587.514,35002.39,0.0,-15868.945,-2536.671,-236.29,100,True,83.452602
POSCO_KR,POSCO,KR,34.537,69.84605,ACCELERATED_15C,DISCLOSED_PATH,PORT-13C60822C05B,CAND-78797020DAE1ED,P1,PORT-13C60822C05B,437.704222,35004.249,79.972381,True,True,,0.0,2.0275124185786808e-05,True,True,True,True,,0.0,0.0,0.0,2,3,0.45933660799999987,0.65,2.02,P1,지연·현물조달,False,26874.0,2037,9270.0,83.269736,36447.515,36447.515,46536.858,437.704222,83.269736,136.187071,62861.833,59609.656,69698.999,23162.141,3440.381,188.204,-0.0,106.320331,23.050596,90.699815,7.430079,0.0,0.0,0.0,0.0,0.0,437.704222,46536.858,11.001621,19.686325,11511.117,1685.362,10933.622,38568.651,0.0,-23162.141,-3064.532,-24.563,100,True,63.406559
POSCO_KR,POSCO,KR,34.537,69.84605,DISCLOSED_PATH,DISCLOSED_PATH,PORT-26982033AA0F,CAND-014834EFF571CA,P2,PORT-26982033AA0F,150.693902,17024.587,112.974623,False,False,2040,12.619087010000001,-12.619087010000001,True,True,True,True,,0.0,0.0,0.0,2,3,0.3107906560000001,0.65,1.06,P2,지연·부분헤지,False,14172.0,2032,6660.0,116.074988,17491.793,17491.793,20866.202,150.693902,116.074988,152.455522,24140.114,22974.118,26348.527,5482.325,1200.151,34.154,-0.0,138.467463,22.392475,123.812501,7.737513,0.0,0.0,0.0,0.0,0.0,150.693902,20866.202,4.932908,8.826957,3933.94,887.627,2381.414,16933.935,28.444,-5482.325,-1104.926,-86.317,100,True,106.734846
POSCO_KR,POSCO,KR,34.537,69.84605,ACCELERATED_15C,DISCLOSED_PATH,PORT-26982033AA0F,CAND-014834EFF571CA,P2,PORT-26982033AA0F,150.693902,15580.055,103.388754,False,False,2030,32.319087010000004,-32.319087010000004,True,True,True,True,,0.0,0.0,0.0,2,3,0.3107906560000001,0.65,1.06,P2,지연·부분헤지,False,14172.0,2032,6660.0,107.034713,16129.479,16129.479,19748.757,150.693902,107.034713,160.211587,25777.42,24142.909,27762.188,8013.431,1683.774,49.263,-0.0,131.052134,24.01742,117.881278,10.846565,0.0,0.0,0.0,0.0,0.0,150.693902,19748.757,4.668737,8.354248,3933.94,887.627,2656.335,18284.159,30.132,-8013.431,-1552.14,-97.144,100,True,87.171536
POSCO_KR,POSCO,KR,34.537,69.84605,DISCLOSED_PATH,DISCLOSED_PATH,PORT-3D4DF75A91D4,CAND-022C4C9D65C291,P2,PORT-3D4DF75A91D4,247.593892,32068.846,129.521958,True,True,,0.0,2.0275124185786808e-05,True,True,True,True,,0.0,0.0,0.0,3,3,0.41130035200000004,0.65,1.6999999999999997,P2,지연·부분헤지,False,20867.0,2035,9270.0,133.459487,33043.754,33043.754,39341.882,247.593892,133.459487,169.766865,44478.165,42033.239,48331.368,8989.485,2529.339,84.412,0.0,158.896821,25.437334,143.334231,9.874745,0.0,0.0,0.0,0.0,0.0,247.593892,39341.882,9.300681,16.642659,8048.523,1239.361,4272.579,30860.493,52.677,-8989.485,-2427.731,-12.665,100,True,124.119345
POSCO_KR,POSCO,KR,34.537,69.84605,ACCELERATED_15C,DISCLOSED_PATH,PORT-3D4DF75A91D4,CAND-022C4C9D65C291,P2,PORT-3D4DF75A91D4,247.593892,29953.33,120.977663,False,False,2030,16.16908871,-16.16908871,True,True,True,True,,0.0,0.0,0.0,3,3,0.41130035200000004,0.65,1.6999999999999997,P2,지연·부분헤지,False,20867.0,2035,9270.0,124.678235,30869.569,30869.569,37886.242,247.593892,124.678235,177.944239,47615.462,44057.907,51074.58,13188.337,3524.711,-32.844,-0.0,153.017678,28.339443,139.046745,14.368511,0.0,0.0,0.0,0.0,0.0,247.593892,37886.242,8.956558,16.026885,9124.956,1239.361,4520.822,32706.871,55.967,-13188.337,-3598.202,8.131,100,True,104.815058
POSCO_KR,POSCO,KR,34.537,69.84605,DISCLOSED_PATH,DISCLOSED_PATH,PORT-2E4122B1D61A,CAND-03F5DDC22322D9,P1,PORT-2E4122B1D61A,305.733857,44650.094,146.04236,True,False,,0.0,2.0275124185786808e-05,False,False,True,True,2029,0.0,0.04299987899999996,0.0,2,3,0.41130035200000004,0.65,1.7,P1,지연·현물조달,False,19502.0,2029,7380.0,149.11816,45590.47,45590.47,57345.418,305.733857,149.11816,185.475025,58385.614,56705.995,68460.943,11115.524,1833.836,154.216,0.0,187.566463,38.448302,154.611892,5.493731,0.0,0.0,0.0,0.0,0.0,305.733857,57345.418,13.556836,24.258633,7379.598,1557.003,5600.297,43711.85,0.0,-11115.524,-1488.375,-54.378,100,True,139.778018
POSCO_KR,POSCO,KR,34.537,69.84605,ACCELERATED_15C,DISCLOSED_PATH,PORT-2E4122B1D61A,CAND-03F5DDC22322D9,P1,PORT-2E4122B1D61A,305.733857,42653.182,139.510823,False,False,2035,19.399090750000003,-19.399090750000003,True,True,True,True,,0.0,0.0,0.0,2,3,0.41130035200000004,0.65,1.7,P1,지연·현물조달,False,19502.0,2029,7380.0,143.189146,43777.77,43777.77,56341.082,305.733857,143.189146,195.949282,62133.142,59908.33,72471.642,16130.56,2501.621,276.809,0.0,184.281462,41.092316,150.466102,7.276956,0.0,0.0,0.0,0.0,0.0,305.733857,56341.082,13.319405,23.833772,7379.598,1557.003,6189.79,46826.191,0.0,-16130.56,-2030.523,-13.729,100,True,123.325969
POSCO_KR,POSCO,KR,34.537,69.84605,DISCLOSED_PATH,DISCLOSED_PATH,PORT-C07B5FF15869,CAND-0792E2DF105A73,P5,PORT-C07B5FF15869,362.346302,44516.622,122.856566,True,True,,0.0,2.0275124185786808e-05,True,True,True,True,,0.0,0.0,0.0,3,3,0.49715238399999995,0.65,2.34,P5,조기 계약형 전환,False,27562.0,2036,9270.0,124.1272,44977.032,44977.032,48160.797,362.346302,124.1272,160.41519,68000.228,58125.851,61309.616,13148.819,9874.377,0.0,0.0,132.913727,8.786526,151.378415,27.251214,0.0,0.0,0.0,0.0,0.0,362.346302,48160.797,11.385531,20.373294,12696.43,1735.149,6078.201,46462.353,1058.081,-13148.819,-9876.765,-27.599,100,True,114.787058
POSCO_KR,POSCO,KR,34.537,69.84605,ACCELERATED_15C,DISCLOSED_PATH,PORT-C07B5FF15869,CAND-0792E2DF105A73,P5,PORT-C07B5FF15869,362.346302,38890.511,107.329676,False,False,2030,5.470451711490618,-5.470451711490618,True,True,True,True,,0.0,0.0,0.0,3,3,0.49715238399999995,0.65,2.34,P5,조기 계약형 전환,False,27562.0,2036,9270.0,108.634793,39363.416,39363.416,42495.41,362.346302,108.634793,161.823619,72798.752,58636.19,61768.185,19272.774,14168.183,5.621,0.0,117.278444,8.643651,147.720503,39.08571,0.0,0.0,0.0,0.0,0.0,362.346302,42495.41,10.046196,17.976686,12696.43,1735.149,6812.739,50418.749,1134.859,-19272.774,-14179.334,17.597,100,True,88.771616
POSCO_KR,POSCO,KR,34.537,69.84605,DISCLOSED_PATH,DISCLOSED_PATH,PORT-92AEBEABC7A8,CAND-0A4190A420448F,P1,PORT-92AEBEABC7A8,232.293891,16309.673,70.211374,True,True,,0.0,2.0275124185786808e-05,True,True,True,True,,0.0,0.0,0.0,3,3,0.33950771199999996,0.65,1.2199999999999998,P1,지연·현물조달,False,18351.0,2035,9270.0,73.397122,17049.703,17049.703,21304.009,232.293891,73.397122,109.696317,26724.597,25481.784,29736.09,8432.081,1234.771,-8.041,-0.0,91.711448,18.314326,78.747297,5.350174,0.0,0.0,0.0,0.0,0.0,232.293891,21304.009,5.036409,9.012161,5846.594,999.359,4903.15,14734.845,0.0,-8432.081,-1025.561,23.397,100,True,64.05698
POSCO_KR,POSCO,KR,34.537,69.84605,ACCELERATED_15C,DISCLOSED_PATH,PORT-92AEBEABC7A8,CAND-0A4190A420448F,P1,PORT-92AEBEABC7A8,232.293891,13738.317,59.141966,False,False,2030,17.86908886,-17.86908886,True,True,True,True,,0.0,0.0,0.0,3,3,0.33950771199999996,0.65,1.2199999999999998,P1,지연·현물조달,False,18351.0,2035,9270.0,62.615702,14545.245,14545.245,19230.29,232.293891,62.615702,115.881509,28549.427,26918.566,31603.611,12373.321,1677.377,46.517,-0.0,82.784311,20.168609,69.636379,7.020677,0.0,0.0,0.0,0.0,0.0,232.293891,19230.29,4.546168,8.134922,8602.587,999.359,4745.573,14671.489,0.0,-12373.321,-2150.565,50.124,100,True,42.752525
POSCO_KR,POSCO,KR,34.537,69.84605,DISCLOSED_PATH,DISCLOSED_PATH,PORT-7DC46150E6EE,CAND-0B0DF7CC24CCF4,P3,PORT-7DC46150E6EE,388.383849,43029.809,110.791963,True,False,,0.0,2.0275124185786808e-05,False,False,True,True,2029,0.0,0.04299987899999996,0.0,2,3,0.43582950399999987,0.65,1.8599999999999999,P3,균형형 라이트헤지,False,22695.0,2029,7380.0,112.501757,43693.865,43693.865,52214.36,388.383849,112.501757,148.82388,62598.959,57800.791,66321.286,14106.926,4971.799,173.631,0.0,134.44009,21.938333,124.855946,12.354189,0.0,0.0,0.0,0.0,0.0,388.383849,52214.36,12.34382,22.088059,10737.631,1703.559,7750.745,42254.073,246.718,-14106.926,-4880.36,-11.574,100,True,103.161615
POSCO_KR,POSCO,KR,34.537,69.84605,ACCELERATED_15C,DISCLOSED_PATH,PORT-7DC46150E6EE,CAND-0B0DF7CC24CCF4,P3,PORT-7DC46150E6EE,388.383849,38554.208,99.268311,False,False,2040,5.624092200000003,-5.624092200000003,True,True,True,True,,0.0,0.0,0.0,2,3,0.43582950399999987,0.65,1.8599999999999999,P3,균형형 라이트헤지,False,22695.0,2029,7380.0,101.137401,39280.133,39280.133,48020.079,388.383849,101.137401,154.034686,66634.274,59824.584,68564.53,20544.451,7040.668,230.979,0.0,123.640772,22.503371,118.670801,17.5334,0.0,0.0,0.0,0.0,0.0,388.383849,48020.079,11.352265,20.313767,10737.631,1703.559,8653.817,45414.854,262.16,-20544.451,-6917.883,-29.555,100,True,81.274224
POSCO_KR,POSCO,KR,34.537,69.84605,DISCLOSED_PATH,DISCLOSED_PATH,PORT-531039DEA968,CAND-0CC93D992FF190,P3,PORT-531039DEA968,297.964268,27272.823,91.530514,True,True,,0.0,2.0275124185786808e-05,True,True,True,True,,0.0,0.0,0.0,2,3,0.43582950399999987,0.65,1.86,P3,균형형 라이트헤지,False,24060.0,2037,9270.0,93.647812,27903.702,27903.702,32794.826,297.964268,93.647812,129.870776,42273.985,38696.851,43587.975,10793.149,3611.66,34.525,0.0,110.06295,16.415138,105.653057,12.005245,0.0,0.0,0.0,0.0,0.0,297.964268,32794.826,7.752914,13.873081,10025.219,1255.988,5556.017,25281.263,169.544,-10793.149,-3541.462,-49.719,100,True,84.30767
POSCO_KR,POSCO,KR,34.537,69.84605,ACCELERATED_15C,DISCLOSED_PATH,PORT-531039DEA968,CAND-0CC93D992FF190,P3,PORT-531039DEA968,297.964268,23648.405,79.366581,False,False,2030,5.470451711490618,-5.470451711490618,True,True,True,True,,0.0,0.0,0.0,2,3,0.43582950399999987,0.65,1.86,P3,균형형 라이트헤지,False,24060.0,2037,9270.0,81.726339,24351.529,24351.529,29535.229,297.964268,81.726339,134.95429,45164.773,40211.556,45395.256,15860.027,5022.892,69.675,0.0,99.123391,17.397052,98.349866,16.623527,0.0,0.0,0.0,0.0,0.0,297.964268,29535.229,6.982324,12.494185,10025.219,1255.988,6238.459,27427.721,180.728,-15860.027,-4971.11,54.552,100,True,61.863162
POSCO_KR,POSCO,KR,34.537,69.84605,DISCLOSED_PATH,DISCLOSED_PATH,PORT-1CB3B12B9B60,CAND-0D9DBFAFAC1A93,P2,PORT-1CB3B12B9B60,453.004224,54717.65,120.788388,True,False,,0.0,2.0275124185786808e-05,False,False,True,True,2029,0.0,0.04299987899999996,0.0,2,3,0.5181043679999999,0.65,2.5,P2,지연·부분헤지,False,29390.0,2037,9270.0,123.839053,56099.614,56099.614,66944.545,453.004224,123.839053,160.09997,77077.314,72525.963,83370.893,16426.349,4364.793,-186.558,0.0,147.779074,23.940021,133.886092,10.047038,0.0,0.0,0.0,0.0,0.0,453.004224,66944.545,15.826134,28.319318,16456.074,1925.364,8884.537,50283.744,91.924,-16426.349,-4752.128,-363.552,100,True,114.498911
POSCO_KR,POSCO,KR,34.537,69.84605,ACCELERATED_15C,DISCLOSED_PATH,PORT-1CB3B12B9B60,CAND-0D9DBFAFAC1A93,P2,PORT-1CB3B12B9B60,453.004224,50475.868,111.424718,True,True,,0.0,2.0275124185786808e-05,True,True,True,True,,0.0,0.0,0.0,2,3,0.5181043679999999,0.65,2.5,P2,지연·부분헤지,False,29390.0,2037,9270.0,115.081341,52132.333,52132.333,63342.377,453.004224,115.081341,168.010553,82248.808,76109.49,87319.533,23977.157,6107.036,-32.283,0.0,139.827342,24.746001,128.633793,13.552452,0.0,0.0,0.0,0.0,0.0,453.004224,63342.377,14.974557,26.795505,16456.074,1925.364,9939.134,54339.651,97.389,-23977.157,-6598.761,-49.36,100,True,95.218164
POSCO_KR,POSCO,KR,34.537,69.84605,DISCLOSED_PATH,DISCLOSED_PATH,PORT-9341B5E9E1AE,CAND-11A200804B1E4C,P1,PORT-9341B5E9E1AE,190.511279,1796.705,9.430965,False,False,2035,0.5397425250000012,-0.5397425250000012,True,True,True,True,,0.0,0.0,0.0,2,3,0.25895987200000004,0.65,0.74,P1,지연·현물조달,False,14849.0,2037,5768.0,10.976123,2091.075,2091.075,3269.539,190.511279,10.976123,47.211519,9581.911,8994.327,10172.791,6903.252,581.841,-5.744,0.0,17.16192,6.185797,14.060372,3.084249,0.0,0.0,0.0,0.0,0.0,190.511279,3269.539,0.772941,1.383102,4836.259,740.044,4021.464,0.0,0.0,-6903.252,-619.067,15.626,100,True,1.635981
POSCO_KR,POSCO,KR,34.537,69.84605,ACCELERATED_15C,DISCLOSED_PATH,PORT-9341B5E9E1AE,CAND-11A200804B1E4C,P1,PORT-9341B5E9E1AE,190.511279,-1122.509,-5.892089,False,False,2030,20.239742525,-20.239742525,True,True,True,True,,0.0,0.0,0.0,2,3,0.25895987200000004,0.65,0.74,P1,지연·현물조달,False,14849.0,2037,5768.0,-4.358099,-830.267,-830.267,433.175,190.511279,-4.358099,48.795241,10130.811,9296.044,10559.485,10126.311,776.722,-58.045,0.0,2.273748,6.631847,0.023621,4.38172,0.0,0.0,0.0,0.0,0.0,190.511279,433.175,0.102405,0.183244,4836.259,740.044,4535.251,0.0,0.0,-10126.311,-826.514,11.004,100,True,-24.221276
POSCO_KR,POSCO,KR,34.537,69.84605,DISCLOSED_PATH,DISCLOSED_PATH,PORT-2E4122B1D61A,CAND-1452ABFC21BA3C,P3,PORT-2E4122B1D61A,305.733857,42196.952,138.018577,True,False,,0.0,2.0275124185786808e-05,False,False,True,True,2029,0.0,0.04299987899999996,0.0,2,3,0.41130035200000004,0.65,1.7,P3,균형형 라이트헤지,False,19502.0,2029,7380.0,140.093199,42831.234,42831.234,50936.854,305.733857,140.093199,176.450064,58421.917,53946.759,62052.378,11115.524,4628.873,153.715,0.0,166.605211,26.512012,154.730632,14.637432,0.0,0.0,0.0,0.0,0.0,305.733857,50936.854,12.041809,21.54764,7782.287,1557.003,5548.197,43224.317,227.38,-11115.524,-4368.967,-23.458,100,True,130.753057
POSCO_KR,POSCO,KR,34.537,69.84605,ACCELERATED_15C,DISCLOSED_PATH,PORT-2E4122B1D61A,CAND-1452ABFC21BA3C,P3,PORT-2E4122B1D61A,305.733857,38980.686,127.498755,False,False,2035,19.399090750000003,-19.399090750000003,True,True,True,True,,0.0,0.0,0.0,2,3,0.41130035200000004,0.65,1.7,P3,균형형 라이트헤지,False,19502.0,2029,7380.0,129.819365,39690.175,39690.175,48101.723,305.733857,129.819365,182.579501,62164.963,55820.735,64232.283,16130.56,6547.969,203.742,0.0,157.332011,27.512646,150.570182,20.750817,0.0,0.0,0.0,0.0,0.0,305.733857,48101.723,11.371566,20.348304,7782.287,1557.003,6134.549,46334.517,241.602,-16130.56,-6234.675,5.452,100,True,109.956188
POSCO_KR,POSCO,KR,34.537,69.84605,DISCLOSED_PATH,DISCLOSED_PATH,PORT-A7B7FDCF1108,CAND-16671384F832DB,P4,PORT-A7B7FDCF1108,414.706243,56329.185,135.829122,True,False,,0.0,2.0275124185786808e-05,False,False,True,True,2028,0.0,0.16799987899999996,0.0,3,3,0.49715238399999995,0.65,2.34,P4,균형형 전환,False,28082.0,2036,9270.0,137.991219,57225.82,57225.82,63001.925,414.706243,137.991219,174.196946,81124.465,72240.561,78016.666,15014.741,8888.285,4.381,0.0,151.919403,13.928184,159.41338,21.422161,0.0,0.0,0.0,0.0,0.0,414.706243,63001.925,14.894072,26.651485,13946.186,2011.581,7374.508,57063.444,717.272,-15014.741,-8888.841,16.411,100,True,128.651077
POSCO_KR,POSCO,KR,34.537,69.84605,ACCELERATED_15C,DISCLOSED_PATH,PORT-A7B7FDCF1108,CAND-16671384F832DB,P4,PORT-A7B7FDCF1108,414.706243,51046.418,123.090546,True,True,,0.0,2.0275124185786808e-05,True,True,True,True,,0.0,0.0,0.0,3,3,0.49715238399999995,0.65,2.34,P4,균형형 전환,False,28082.0,2036,9270.0,125.12083,51888.389,51888.389,57889.479,414.706243,125.12083,177.777988,86504.675,73725.642,79726.732,21837.252,12697.202,-81.832,0.0,139.591531,14.470701,155.935493,30.814664,0.0,0.0,0.0,0.0,0.0,414.706243,57889.479,13.685456,24.488785,13951.33,2011.581,8187.669,61383.322,765.32,-21837.252,-12684.69,111.11,100,True,105.257653
POSCO_KR,POSCO,KR,34.537,69.84605,DISCLOSED_PATH,DISCLOSED_PATH,PORT-F7156CC53AF8,CAND-16DADA55DF87CF,P2,PORT-F7156CC53AF8,353.711217,42804.775,121.016165,True,False,,0.0,2.0275124185786808e-05,False,False,True,True,2029,0.0,0.04299987899999996,0.0,3,3,0.43582950399999987,0.65,1.86,P2,지연·부분헤지,False,24580.0,2035,9270.0,123.969,43849.226,43849.226,52460.245,353.711217,123.969,160.186876,60236.915,56659.895,65270.914,12810.669,3356.67,-220.35,0.0,148.313774,24.344774,134.081827,10.112827,0.0,0.0,0.0,0.0,0.0,353.711217,52460.245,12.401949,22.192075,12035.153,1589.724,6706.387,39887.407,71.592,-12810.669,-3401.988,-228.382,100,True,114.628858
POSCO_KR,POSCO,KR,34.537,69.84605,ACCELERATED_15C,DISCLOSED_PATH,PORT-F7156CC53AF8,CAND-16DADA55DF87CF,P2,PORT-F7156CC53AF8,353.711217,39482.311,111.623012,False,False,2040,1.029748835000003,-1.029748835000003,True,True,True,True,,0.0,0.0,0.0,3,3,0.43582950399999987,0.65,1.86,P2,지연·부분헤지,False,24580.0,2035,9270.0,114.515724,40505.496,40505.496,49950.312,353.711217,114.515724,167.358986,64012.343,59196.751,68641.567,18691.255,4685.744,-129.848,0.0,141.217778,26.702054,128.1302,13.614475,0.0,0.0,0.0,0.0,0.0,353.711217,49950.312,11.808584,21.130307,10298.208,1589.724,7510.111,44021.055,75.798,-18691.255,-4349.26,51.115,100,True,94.652547
POSCO_KR,POSCO,KR,34.537,69.84605,DISCLOSED_PATH,DISCLOSED_PATH,PORT-0EE037EBD6C8,CAND-19A0EC6A18A011,P1,PORT-0EE037EBD6C8,387.333846,43559.568,112.460009,True,False,,0.0,2.0275124185786808e-05,False,False,True,True,2029,0.0,0.04299987899999996,0.0,3,3,0.435829504,0.65,1.8599999999999999,P1,지연·현물조달,False,23681.0,2035,9270.0,114.427539,44321.659,44321.659,54834.091,387.333846,114.427539,150.740609,60648.364,58386.94,68899.372,14065.281,2280.716,19.292,-0.0,141.568034,27.140495,120.265975,5.838436,0.0,0.0,0.0,0.0,0.0,387.333846,54834.091,12.963142,23.196275,11400.762,1668.735,7689.582,39923.093,0.0,-14065.281,-2269.701,-25.532,100,True,105.087397
POSCO_KR,POSCO,KR,34.537,69.84605,ACCELERATED_15C,DISCLOSED_PATH,PORT-0EE037EBD6C8,CAND-19A0EC6A18A011,P1,PORT-0EE037EBD6C8,387.333846,40252.571,103.922164,False,False,2040,4.949092600000004,-4.949092600000004,True,True,True,True,,0.0,0.0,0.0,3,3,0.435829504,0.65,1.8599999999999999,P1,지연·현물조달,False,23681.0,2035,9270.0,106.417675,41219.167,41219.167,52914.349,387.333846,106.417675,159.318941,64587.86,61709.618,73404.799,20490.451,3101.951,223.709,0.0,136.611735,30.19406,113.848581,7.430907,0.0,0.0,0.0,0.0,0.0,387.333846,52914.349,12.509302,22.384173,11400.762,1668.735,8581.333,43139.153,0.0,-20490.451,-3086.564,6.199,100,True,86.554498
POSCO_KR,POSCO,KR,34.537,69.84605,DISCLOSED_PATH,DISCLOSED_PATH,PORT-15CB4F8207C5,CAND-1F4761E26DC6B1,P2,PORT-15CB4F8207C5,312.214267,42315.721,135.534232,True,True,,0.0,2.0275124185786808e-05,True,True,True,True,,0.0,0.0,0.0,3,3,0.49715238399999995,0.65,2.34,P2,지연·부분헤지,False,27562.0,2037,9270.0,138.592938,43270.692,43270.692,51628.953,312.214267,138.592938,174.814562,58408.978,54579.6,62937.861,11308.908,3597.325,-232.053,0.0,165.36385,26.770912,150.858161,12.265223,0.0,0.0,0.0,0.0,0.0,312.214267,51628.953,12.205426,21.840416,16053.503,1461.166,4741.207,36604.957,70.128,-11308.908,-4333.656,-17.705,100,True,129.252796
POSCO_KR,POSCO,KR,34.537,69.84605,ACCELERATED_15C,DISCLOSED_PATH,PORT-15CB4F8207C5,CAND-1F4761E26DC6B1,P2,PORT-15CB4F8207C5,312.214267,39702.272,127.163541,False,False,2030,5.470451711490618,-5.470451711490618,True,True,True,True,,0.0,0.0,0.0,3,3,0.49715238399999995,0.65,2.34,P2,지연·부분헤지,False,27562.0,2037,9270.0,130.270925,40672.441,40672.441,49860.183,312.214267,130.270925,183.506939,62438.032,57293.485,66481.227,16621.043,4980.014,-164.534,0.0,159.698607,29.427682,146.748545,16.47762,0.0,0.0,0.0,0.0,0.0,312.214267,49860.183,11.787277,21.09218,11547.887,1461.166,5993.468,43133.528,74.51,-16621.043,-4819.414,-97.66,100,True,110.407748
NIPPON_STEEL_JP,Nippon Steel,JP,34.3,72.6,DISCLOSED_PATH,DISCLOSED_PATH,PORT-6742936593A9,CAND-7400D0EA735D98,P3,PORT-6742936593A9,454.753949,36270.549,79.758623,True,True,,0.0,3.446647212967946e-06,True,True,True,True,,0.0,0.0,0.0,2,2,0.47641018879999986,0.65,2.16,P3,균형형 라이트헤지,False,29348.0,2034,8019.0,81.862475,37227.284,37227.284,44056.374,454.753949,81.862475,116.871957,58914.546,53147.984,59977.074,15920.7,5742.656,-23.907,0.0,96.879585,15.01711,94.543097,12.680621,0.0,0.0,0.0,0.0,0.0,454.753949,44056.374,4.482002,8.208324,14386.521,1232.202,16492.817,26715.975,242.595,-15920.7,-5909.386,-12.741,100,True,59.154259
NIPPON_STEEL_JP,Nippon Steel,JP,34.3,72.6,ACCELERATED_15C,DISCLOSED_PATH,PORT-6742936593A9,CAND-7400D0EA735D98,P3,PORT-6742936593A9,454.753949,31092.014,68.371069,True,True,,0.0,3.446647212967946e-06,True,True,True,True,,0.0,0.0,0.0,2,2,0.47641018879999986,0.65,2.16,P3,균형형 라이트헤지,False,29348.0,2034,8019.0,70.522939,32070.585,32070.585,39499.685,454.753949,70.522939,122.181933,63147.395,55562.716,62991.816,23492.132,7561.367,-23.312,0.0,86.859465,16.336526,87.201581,16.678643,0.0,0.0,0.0,0.0,0.0,454.753949,39499.685,4.018435,7.359349,15244.41,1232.202,17984.788,28648.575,259.354,-23492.132,-7918.683,112.072,100,True,36.720123
NIPPON_STEEL_JP,Nippon Steel,JP,34.3,72.6,DISCLOSED_PATH,DISCLOSED_PATH,PORT-6742936593A9,CAND-F6184286A4322F,P2,PORT-6742936593A9,454.753949,37375.086,82.187491,True,True,,0.0,3.446647212967946e-06,True,True,True,True,,0.0,0.0,0.0,2,2,0.47641018879999986,0.65,2.16,P2,지연·부분헤지,False,29348.0,2034,8019.0,84.852699,38587.1,38587.1,47160.313,454.753949,84.852699,119.862181,58976.813,54507.8,63081.013,15920.7,4434.573,-34.44,-0.0,103.705121,18.852422,94.680021,9.827321,0.0,0.0,0.0,0.0,0.0,454.753949,47160.313,4.797776,8.786632,14677.203,1232.202,16666.801,26559.711,77.272,-15920.7,-4719.875,14.487,100,True,62.144483
NIPPON_STEEL_JP,Nippon Steel,JP,34.3,72.6,ACCELERATED_15C,DISCLOSED_PATH,PORT-6742936593A9,CAND-F6184286A4322F,P2,PORT-6742936593A9,454.753949,32776.213,72.074609,True,True,,0.0,3.446647212967946e-06,True,True,True,True,,0.0,0.0,0.0,2,2,0.47641018879999986,0.65,2.16,P2,지연·부분헤지,False,29348.0,2034,8019.0,74.778728,34005.922,34005.922,43501.343,454.753949,74.778728,126.437722,63222.339,57498.053,66993.475,23492.132,5628.179,-96.106,0.0,95.659077,20.880349,87.366382,12.587655,0.0,0.0,0.0,0.0,0.0,454.753949,43501.343,4.425537,8.104914,16714.349,1232.202,19379.307,26896.15,82.225,-23492.132,-6595.165,-211.014,100,True,40.975912
NIPPON_STEEL_JP,Nippon Steel,JP,34.3,72.6,DISCLOSED_PATH,DISCLOSED_PATH,PORT-6742936593A9,CAND-18F73BD54A9F34,P1,PORT-6742936593A9,454.753949,38138.549,83.866339,True,True,,0.0,3.446647212967946e-06,True,True,True,True,,0.0,0.0,0.0,2,2,0.47641018879999986,0.65,2.16,P1,지연·현물조달,False,29348.0,2034,8019.0,86.961561,39546.113,39546.113,49504.792,454.753949,86.961561,121.971042,59032.406,55466.813,65425.492,15920.7,3526.685,-38.908,0.0,108.86061,21.899049,94.802269,7.840708,0.0,0.0,0.0,0.0,0.0,454.753949,49504.792,5.036287,9.223441,16058.836,1232.202,16611.415,25799.381,0.0,-15920.7,-4234.934,-0.086,100,True,64.253345
NIPPON_STEEL_JP,Nippon Steel,JP,34.3,72.6,ACCELERATED_15C,DISCLOSED_PATH,PORT-6742936593A9,CAND-18F73BD54A9F34,P1,PORT-6742936593A9,454.753949,33926.565,74.604223,True,True,,0.0,3.446647212967946e-06,True,True,True,True,,0.0,0.0,0.0,2,2,0.47641018879999986,0.65,2.16,P1,지연·현물조달,False,29348.0,2034,8019.0,77.731868,35348.874,35348.874,46508.022,454.753949,77.731868,129.390862,63362.276,58841.006,70000.153,23492.132,4319.536,-201.734,-0.0,102.270738,24.53887,87.674102,9.942234,0.0,0.0,0.0,0.0,0.0,454.753949,46508.022,4.731416,8.665101,17162.78,1232.202,19747.65,26547.63,0.0,-23492.132,-5583.435,-265.821,100,True,43.929052
NIPPON_STEEL_JP,Nippon Steel,JP,34.3,72.6,DISCLOSED_PATH,DISCLOSED_PATH,PORT-9E76B3BFF9FF,CAND-EBD30C485CEFDA,P2,PORT-9E76B3BFF9FF,456.103943,40161.86,88.054182,True,True,,0.0,3.446647212967946e-06,True,True,True,True,,0.0,0.0,0.0,2,2,0.47641018879999986,0.65,2.16,P2,지연·부분헤지,False,28936.6,2032,6930.0,90.676995,41358.135,41358.135,50190.782,456.103943,90.676995,125.688545,61356.277,57327.041,66159.688,15968.906,4517.197,487.961,0.0,110.042421,19.365426,99.511026,8.834031,0.0,0.0,0.0,0.0,0.0,456.103943,50190.782,5.106076,9.351251,10899.954,1264.395,15932.429,32801.618,80.025,-15968.906,-3906.635,255.256,100,True,67.968779
NIPPON_STEEL_JP,Nippon Steel,JP,34.3,72.6,ACCELERATED_15C,DISCLOSED_PATH,PORT-9E76B3BFF9FF,CAND-EBD30C485CEFDA,P2,PORT-9E76B3BFF9FF,456.103943,35619.4,78.094918,True,True,,0.0,3.446647212967946e-06,True,True,True,True,,0.0,0.0,0.0,2,2,0.47641018879999986,0.65,2.16,P2,지연·부분헤지,False,28936.6,2032,6930.0,81.049015,36966.775,36966.775,46483.157,456.103943,81.049015,132.702423,65857.682,60526.098,70042.48,23559.323,5775.676,444.092,-0.0,101.913517,20.864502,92.73842,11.689406,0.0,0.0,0.0,0.0,0.0,456.103943,46483.157,4.728886,8.660468,17045.989,1264.395,16792.783,32407.834,85.094,-23559.323,-6852.267,-217.729,100,True,47.246199
NIPPON_STEEL_JP,Nippon Steel,JP,34.3,72.6,DISCLOSED_PATH,DISCLOSED_PATH,PORT-9E76B3BFF9FF,CAND-C1AAA9A0078119,P1,PORT-9E76B3BFF9FF,456.103943,41012.769,89.919787,True,True,,0.0,3.446647212967946e-06,True,True,True,True,,0.0,0.0,0.0,2,2,0.47641018879999986,0.65,2.16,P1,지연·현물조달,False,28936.6,2032,6930.0,93.065781,42447.67,42447.67,52660.539,456.103943,93.065781,128.077331,61407.898,58416.576,68629.445,15968.906,3511.247,519.925,-0.0,115.45732,22.391539,99.624203,6.558422,0.0,0.0,0.0,0.0,0.0,456.103943,52660.539,5.357332,9.811401,11519.82,1264.395,16442.023,32536.319,0.0,-15968.906,-3050.117,-295.864,100,True,70.357565
NIPPON_STEEL_JP,Nippon Steel,JP,34.3,72.6,ACCELERATED_15C,DISCLOSED_PATH,PORT-9E76B3BFF9FF,CAND-C1AAA9A0078119,P1,PORT-9E76B3BFF9FF,456.103943,36907.411,80.918861,True,True,,0.0,3.446647212967946e-06,True,True,True,True,,0.0,0.0,0.0,2,2,0.47641018879999986,0.65,2.16,P1,지연·현물조달,False,28936.6,2032,6930.0,84.336931,38466.407,38466.407,49670.14,456.103943,84.336931,135.990339,65905.932,62025.73,73229.463,23559.323,4295.868,415.665,-0.0,108.900921,24.56399,92.844207,8.507276,0.0,0.0,0.0,0.0,0.0,456.103943,49670.14,5.053109,9.254248,10630.502,1264.395,17632.574,35798.115,0.0,-23559.323,-3461.705,161.848,100,True,50.534115
NIPPON_STEEL_JP,Nippon Steel,JP,34.3,72.6,DISCLOSED_PATH,DISCLOSED_PATH,PORT-00B029BF7478,CAND-EF9F86F64A1C2A,P3,PORT-00B029BF7478,459.478949,42624.951,92.768018,True,True,,0.0,3.446647212967946e-06,True,True,True,True,,0.0,0.0,0.0,2,2,0.5333221247999997,0.65,2.6399999999999997,P3,균형형 라이트헤지,False,32153.0,2034,8019.0,94.856316,43584.48,43584.48,51717.488,459.478949,94.856316,129.862028,66552.696,59668.868,67801.875,16084.388,6620.976,-262.852,0.0,112.556816,17.700501,109.83813,14.981815,0.0,0.0,0.0,0.0,0.0,459.478949,51717.488,5.261392,9.635698,15960.288,1294.782,14702.152,34510.35,271.931,-16084.388,-6913.553,-157.082,100,True,72.1481
NIPPON_STEEL_JP,Nippon Steel,JP,34.3,72.6,ACCELERATED_15C,DISCLOSED_PATH,PORT-00B029BF7478,CAND-EF9F86F64A1C2A,P3,PORT-00B029BF7478,459.478949,37612.255,81.858493,True,True,,0.0,3.446647212967946e-06,True,True,True,True,,0.0,0.0,0.0,2,2,0.5333221247999997,0.65,2.6399999999999997,P3,균형형 라이트헤지,False,32153.0,2034,8019.0,83.923817,38561.227,38561.227,47204.452,459.478949,83.923817,135.584818,71367.411,62298.37,70941.595,23737.143,8802.971,-266.071,-0.0,102.734744,18.810927,103.661482,19.737665,0.0,0.0,0.0,0.0,0.0,459.478949,47204.452,4.802266,8.794856,11779.542,1294.782,17414.771,39463.968,290.94,-23737.143,-8033.749,88.115,100,True,50.121001
NIPPON_STEEL_JP,Nippon Steel,JP,34.3,72.6,DISCLOSED_PATH,DISCLOSED_PATH,PORT-00B029BF7478,CAND-BCE0067D428D60,P2,PORT-00B029BF7478,459.478949,43972.256,95.700264,True,True,,0.0,3.446647212967946e-06,True,True,True,True,,0.0,0.0,0.0,2,2,0.5333221247999997,0.65,2.6399999999999997,P2,지연·부분헤지,False,32153.0,2034,8019.0,98.321642,45176.725,45176.725,55374.655,459.478949,98.321642,133.327354,66637.174,61261.112,71459.043,16084.388,5072.895,-303.167,-0.0,120.516196,22.194554,110.021985,11.700343,0.0,0.0,0.0,0.0,0.0,459.478949,55374.655,5.633448,10.31708,14500.039,1294.782,14992.771,35177.504,85.879,-16084.388,-4977.051,187.189,100,True,75.613426
NIPPON_STEEL_JP,Nippon Steel,JP,34.3,72.6,ACCELERATED_15C,DISCLOSED_PATH,PORT-00B029BF7478,CAND-BCE0067D428D60,P2,PORT-00B029BF7478,459.478949,39677.474,86.353193,True,True,,0.0,3.446647212967946e-06,True,True,True,True,,0.0,0.0,0.0,2,2,0.5333221247999997,0.65,2.6399999999999997,P2,지연·부분헤지,False,32153.0,2034,8019.0,89.044451,40914.051,40914.051,51922.71,459.478949,89.044451,140.705452,71519.675,64651.193,75659.852,23737.143,6528.828,-339.654,0.0,113.003457,23.959006,103.992866,14.948415,0.0,0.0,0.0,0.0,0.0,459.478949,51922.71,5.28227,9.673933,17243.605,1294.782,17917.649,35256.931,91.425,-23737.143,-7150.729,-2.469,100,True,55.241635
NIPPON_STEEL_JP,Nippon Steel,JP,34.3,72.6,DISCLOSED_PATH,DISCLOSED_PATH,PORT-00B029BF7478,CAND-F940A5016FE44E,P1,PORT-00B029BF7478,459.478949,44901.773,97.723243,True,True,,0.0,3.446647212967946e-06,True,True,True,True,,0.0,0.0,0.0,2,2,0.5333221247999997,0.65,2.6399999999999997,P1,지연·현물조달,False,32153.0,2034,8019.0,100.633964,46239.188,46239.188,58059.019,459.478949,100.633964,135.639676,66872.855,62323.576,74143.407,16084.388,3995.001,-554.278,-0.0,126.358388,25.724424,110.534916,9.900952,0.0,0.0,0.0,0.0,0.0,459.478949,58059.019,5.906538,10.817215,14496.873,1294.782,14903.766,35354.68,0.0,-16084.388,-3918.858,192.332,100,True,77.925748
NIPPON_STEEL_JP,Nippon Steel,JP,34.3,72.6,ACCELERATED_15C,DISCLOSED_PATH,PORT-00B029BF7478,CAND-F940A5016FE44E,P1,PORT-00B029BF7478,459.478949,41085.871,89.418396,True,True,,0.0,3.446647212967946e-06,True,True,True,True,,0.0,0.0,0.0,2,2,0.5333221247999997,0.65,2.6399999999999997,P1,지연·현물조달,False,32153.0,2034,8019.0,92.651249,42571.298,42571.298,55388.99,459.478949,92.651249,144.31225,71691.822,66308.441,79126.132,23737.143,4927.899,-455.483,0.0,120.547393,27.896144,104.367523,11.716274,0.0,0.0,0.0,0.0,0.0,459.478949,55388.99,5.634906,10.31975,10723.455,1294.782,17556.226,40369.649,0.0,-23737.143,-3562.415,-73.256,100,True,58.848433
NIPPON_STEEL_JP,Nippon Steel,JP,34.3,72.6,DISCLOSED_PATH,DISCLOSED_PATH,PORT-05EE518306D9,CAND-1F99EBB5AE8665,P3,PORT-05EE518306D9,460.828943,45283.626,98.265585,True,True,,0.0,3.446647212967946e-06,True,True,True,True,,0.0,0.0,0.0,2,2,0.5333221247999997,0.65,2.6399999999999997,P3,균형형 라이트헤지,False,31741.6,2038,7425.0,100.546728,46334.842,46334.842,54381.159,460.828943,100.546728,135.554498,69027.873,62467.436,70513.752,16132.594,6820.833,260.396,0.0,118.007255,17.460528,114.782893,14.236166,0.0,0.0,0.0,0.0,0.0,460.828943,54381.159,5.532377,10.131977,12582.067,1326.975,15653.01,38961.833,282.513,-16132.594,-6361.057,22.095,100,True,77.838512
NIPPON_STEEL_JP,Nippon Steel,JP,34.3,72.6,ACCELERATED_15C,DISCLOSED_PATH,PORT-05EE518306D9,CAND-1F99EBB5AE8665,P3,PORT-05EE518306D9,460.828943,40251.786,87.346479,True,True,,0.0,3.446647212967946e-06,True,True,True,True,,0.0,0.0,0.0,2,2,0.5333221247999997,0.65,2.6399999999999997,P3,균형형 라이트헤지,False,31741.6,2038,7425.0,89.874499,41416.77,41416.77,49771.289,460.828943,89.874499,141.529966,74232.694,65221.104,73575.623,23804.334,9137.891,126.302,0.0,108.003826,18.129327,109.429671,19.555172,0.0,0.0,0.0,0.0,0.0,460.828943,49771.289,5.063399,9.273093,12582.067,1326.975,17299.612,42494.907,301.965,-23804.334,-8612.685,-171.737,100,True,56.071683
NIPPON_STEEL_JP,Nippon Steel,JP,34.3,72.6,DISCLOSED_PATH,DISCLOSED_PATH,PORT-05EE518306D9,CAND-7BA4793B4CD2AC,P2,PORT-05EE518306D9,460.828943,46759.03,101.467217,True,True,,0.0,3.446647212967946e-06,True,True,True,True,,0.0,0.0,0.0,2,2,0.5333221247999997,0.65,2.6399999999999997,P2,지연·부분헤지,False,31741.6,2038,7425.0,104.432476,48125.507,48125.507,58144.691,460.828943,104.432476,139.440246,68995.73,64258.101,74277.284,16132.594,5140.022,402.394,-0.0,126.174129,21.741654,114.713142,10.280666,0.0,0.0,0.0,0.0,0.0,460.828943,58144.691,5.915253,10.833176,12316.205,1326.975,15730.729,39346.917,88.632,-16132.594,-4523.006,-28.351,100,True,81.72426
NIPPON_STEEL_JP,Nippon Steel,JP,34.3,72.6,ACCELERATED_15C,DISCLOSED_PATH,PORT-05EE518306D9,CAND-7BA4793B4CD2AC,P2,PORT-05EE518306D9,460.828943,42520.661,92.269944,True,True,,0.0,3.446647212967946e-06,True,True,True,True,,0.0,0.0,0.0,2,2,0.5333221247999997,0.65,2.6399999999999997,P2,지연·부분헤지,False,31741.6,2038,7425.0,95.64106,44074.168,44074.168,54622.288,460.828943,95.64106,147.296527,74250.228,67878.503,78426.622,23804.334,6624.504,252.779,-0.0,118.530506,22.889446,109.467721,13.826661,0.0,0.0,0.0,0.0,0.0,460.828943,54622.288,5.556907,10.176903,14496.505,1326.975,16485.507,41798.26,94.294,-23804.334,-6565.106,242.067,100,True,61.838244
NIPPON_STEEL_JP,Nippon Steel,JP,34.3,72.6,DISCLOSED_PATH,DISCLOSED_PATH,PORT-5DE4D9A04480,CAND-C51D410B54BFD5,P3,PORT-5DE4D9A04480,461.703943,46880.712,101.538471,True,True,,0.0,3.446647212967946e-06,True,True,True,True,,0.0,0.0,0.0,2,2,0.47641018879999986,0.65,2.16,P3,균형형 라이트헤지,False,29609.8,2034,8019.0,103.626372,47844.705,47844.705,56017.165,461.703943,103.626372,138.641929,70688.266,64011.525,72183.985,16166.82,6704.972,28.232,0.0,121.327022,17.70065,118.087459,14.461086,0.0,0.0,0.0,0.0,0.0,461.703943,56017.165,5.698813,10.436788,12935.346,1353.028,16592.317,39307.028,286.916,-16166.82,-6536.706,73.596,100,True,80.918156
NIPPON_STEEL_JP,Nippon Steel,JP,34.3,72.6,ACCELERATED_15C,DISCLOSED_PATH,PORT-5DE4D9A04480,CAND-C51D410B54BFD5,P3,PORT-5DE4D9A04480,461.703943,41879.213,90.705772,True,True,,0.0,3.446647212967946e-06,True,True,True,True,,0.0,0.0,0.0,2,2,0.47641018879999986,0.65,2.16,P3,균형형 라이트헤지,False,29609.8,2034,8019.0,93.274795,43065.341,43065.341,51572.999,461.703943,93.274795,144.936763,75592.823,66917.875,75425.533,23852.534,9023.908,348.96,0.0,111.701448,18.426652,112.063778,18.788983,0.0,0.0,0.0,0.0,0.0,461.703943,51572.999,5.246693,9.608777,12278.833,1353.028,17596.409,44057.257,306.624,-23852.534,-8639.804,-34.472,100,True,59.471979
NIPPON_STEEL_JP,Nippon Steel,JP,34.3,72.6,DISCLOSED_PATH,DISCLOSED_PATH,PORT-05EE518306D9,CAND-CA2E4138D9BC07,P1,PORT-05EE518306D9,460.828943,47775.994,103.67403,True,True,,0.0,3.446647212967946e-06,True,True,True,True,,0.0,0.0,0.0,2,2,0.5333221247999997,0.65,2.6399999999999997,P1,지연·현물조달,False,31741.6,2038,7425.0,107.196895,49399.432,49399.432,60924.475,460.828943,107.196895,142.204666,69009.594,65532.026,77057.068,16132.594,3956.359,478.79,0.0,132.206268,25.009373,114.743229,7.546333,0.0,0.0,0.0,0.0,0.0,460.828943,60924.475,6.19805,11.351089,12048.977,1326.975,15787.505,39650.976,0.0,-16132.594,-3247.777,-34.632,100,True,84.488679
NIPPON_STEEL_JP,Nippon Steel,JP,34.3,72.6,ACCELERATED_15C,DISCLOSED_PATH,PORT-05EE518306D9,CAND-CA2E4138D9BC07,P1,PORT-05EE518306D9,460.828943,44066.717,95.624891,True,True,,0.0,3.446647212967946e-06,True,True,True,True,,0.0,0.0,0.0,2,2,0.5333221247999997,0.65,2.6399999999999997,P1,지연·현물조달,False,31741.6,2038,7425.0,99.628784,45911.827,45911.827,58187.105,460.828943,99.628784,151.284251,74303.409,69716.162,81991.439,23804.334,4872.065,284.817,0.0,126.266169,26.637385,109.583123,9.954338,0.0,0.0,0.0,0.0,0.0,460.828943,58187.105,5.919568,10.841079,14501.815,1326.975,16396.165,42009.368,0.0,-23804.334,-4842.119,323.958,100,True,65.825968
NIPPON_STEEL_JP,Nippon Steel,JP,34.3,72.6,DISCLOSED_PATH,DISCLOSED_PATH,PORT-5DE4D9A04480,CAND-33480771F67BD6,P2,PORT-5DE4D9A04480,461.703943,48461.555,104.962402,True,True,,0.0,3.446647212967946e-06,True,True,True,True,,0.0,0.0,0.0,2,2,0.47641018879999986,0.65,2.16,P2,지연·부분헤지,False,29609.8,2034,8019.0,107.675799,49714.341,49714.341,59960.728,461.703943,107.675799,142.691356,70733.477,65881.162,76127.549,16166.82,4953.545,101.23,0.0,129.868348,22.192548,118.185381,10.509582,0.0,0.0,0.0,0.0,0.0,461.703943,59960.728,6.100005,11.17153,12777.549,1353.028,16860.986,39360.825,89.284,-16166.82,-4665.146,104.635,100,True,84.967583
NIPPON_STEEL_JP,Nippon Steel,JP,34.3,72.6,ACCELERATED_15C,DISCLOSED_PATH,PORT-5DE4D9A04480,CAND-33480771F67BD6,P2,PORT-5DE4D9A04480,461.703943,44313.955,95.979155,True,True,,0.0,3.446647212967946e-06,True,True,True,True,,0.0,0.0,0.0,2,2,0.47641018879999986,0.65,2.16,P2,지연·부분헤지,False,29609.8,2034,8019.0,99.432178,45908.229,45908.229,56758.668,461.703943,99.432178,151.094146,75598.317,69760.763,80611.202,23852.534,6404.84,567.286,0.0,122.933037,23.500859,112.075679,12.643501,0.0,0.0,0.0,0.0,0.0,461.703943,56758.668,5.774248,10.574941,11188.28,1353.028,17270.805,45413.942,95.013,-23852.534,-5574.638,14.333,100,True,65.629362
NIPPON_STEEL_JP,Nippon Steel,JP,34.3,72.6,DISCLOSED_PATH,DISCLOSED_PATH,PORT-5DE4D9A04480,CAND-1D35A6D7D808A4,P1,PORT-5DE4D9A04480,461.703943,49550.401,107.320723,True,True,,0.0,3.446647212967946e-06,True,True,True,True,,0.0,0.0,0.0,2,2,0.47641018879999986,0.65,2.16,P1,지연·현물조달,False,29609.8,2034,8019.0,110.619528,51073.472,51073.472,62885.517,461.703943,110.619528,145.635084,70832.727,67240.292,79052.337,16166.82,3660.236,67.802,-0.0,136.203119,25.583591,118.400346,7.780819,0.0,0.0,0.0,0.0,0.0,461.703943,62885.517,6.397553,11.716459,12672.352,1353.028,17129.656,39396.689,0.0,-16166.82,-3407.86,96.427,100,True,87.911312
NIPPON_STEEL_JP,Nippon Steel,JP,34.3,72.6,ACCELERATED_15C,DISCLOSED_PATH,PORT-5DE4D9A04480,CAND-1D35A6D7D808A4,P1,PORT-5DE4D9A04480,461.703943,45971.96,99.570214,True,True,,0.0,3.446647212967946e-06,True,True,True,True,,0.0,0.0,0.0,2,2,0.47641018879999986,0.65,2.16,P1,지연·현물조달,False,29609.8,2034,8019.0,103.774968,47913.312,47913.312,60587.155,461.703943,103.774968,155.436936,75651.016,71765.846,84439.689,23852.534,4504.072,618.902,-0.0,131.225119,27.450151,112.189818,8.41485,0.0,0.0,0.0,0.0,0.0,461.703943,60587.155,6.163733,11.288242,10884.423,1353.028,17332.995,45749.096,0.0,-23852.534,-3564.02,10.324,100,True,69.972152
NIPPON_STEEL_JP,Nippon Steel,JP,34.3,72.6,DISCLOSED_PATH,DISCLOSED_PATH,PORT-7F141003EFD9,CAND-3DE8D6197F9834,P3,PORT-7F141003EFD9,466.428943,53235.115,114.133387,True,True,,0.0,3.446647212967946e-06,True,True,True,True,,0.0,0.0,0.0,2,2,0.5333221247999997,0.65,2.6399999999999997,P3,균형형 라이트헤지,False,32414.8,2034,8019.0,116.876236,54514.459,54514.459,63064.058,466.428943,116.876236,151.888018,78083.765,70844.968,79394.567,16330.508,7636.087,397.29,-0.0,135.206143,18.329907,132.39585,15.519614,0.0,0.0,0.0,0.0,0.0,466.428943,63064.058,6.415717,11.749724,13687.647,1415.609,15731.5,46954.163,316.253,-16330.508,-7280.457,20.253,100,True,94.16802
NIPPON_STEEL_JP,Nippon Steel,JP,34.3,72.6,ACCELERATED_15C,DISCLOSED_PATH,PORT-7F141003EFD9,CAND-3DE8D6197F9834,P3,PORT-7F141003EFD9,466.428943,48399.453,103.765973,True,True,,0.0,3.446647212967946e-06,True,True,True,True,,0.0,0.0,0.0,2,2,0.5333221247999997,0.65,2.6399999999999997,P3,균형형 라이트헤지,False,32414.8,2034,8019.0,107.15745,49981.336,49981.336,58782.416,466.428943,107.15745,158.821365,84023.631,74078.881,82879.961,24097.545,10306.006,361.257,0.0,126.026518,18.869068,128.478488,21.321038,0.0,0.0,0.0,0.0,0.0,466.428943,58782.416,5.980131,10.951993,13214.958,1415.609,17012.751,51970.083,338.211,-24097.545,-9853.473,-19.257,100,True,73.354634
NIPPON_STEEL_JP,Nippon Steel,JP,34.3,72.6,DISCLOSED_PATH,DISCLOSED_PATH,PORT-7F141003EFD9,CAND-C4C9319CE1829D,P2,PORT-7F141003EFD9,466.428943,55058.726,118.043115,True,True,,0.0,3.446647212967946e-06,True,True,True,True,,0.0,0.0,0.0,2,2,0.5333221247999997,0.65,2.6399999999999997,P2,지연·부분헤지,False,32414.8,2034,8019.0,121.576367,56706.736,56706.736,67426.822,466.428943,121.576367,156.588149,78034.209,73037.245,83757.33,16330.508,5569.125,572.16,0.0,144.559686,22.983319,132.289606,10.713239,0.0,0.0,0.0,0.0,0.0,466.428943,67426.822,6.859555,12.562568,13380.736,1415.609,15855.087,47320.262,97.891,-16330.508,-5062.051,29.711,100,True,98.868151
NIPPON_STEEL_JP,Nippon Steel,JP,34.3,72.6,ACCELERATED_15C,DISCLOSED_PATH,PORT-7F141003EFD9,CAND-C4C9319CE1829D,P2,PORT-7F141003EFD9,466.428943,51215.216,109.802825,True,True,,0.0,3.446647212967946e-06,True,True,True,True,,0.0,0.0,0.0,2,2,0.5333221247999997,0.65,2.6399999999999997,P2,지연·부분헤지,False,32414.8,2034,8019.0,114.09171,53215.676,53215.676,64550.281,466.428943,114.09171,165.755625,84034.2,77313.221,88647.826,24097.545,7233.469,512.49,-0.0,138.392529,24.300819,128.501149,14.409439,0.0,0.0,0.0,0.0,0.0,466.428943,64550.281,6.566915,12.026628,12798.965,1415.609,17077.395,52541.771,104.213,-24097.545,-6487.529,-137.204,100,True,80.288894
NIPPON_STEEL_JP,Nippon Steel,JP,34.3,72.6,DISCLOSED_PATH,DISCLOSED_PATH,PORT-93BA44A86FDE,CAND-D862A4AE5F72FA,P3,PORT-93BA44A86FDE,468.703944,56196.179,119.896962,True,True,,0.0,3.446647212967946e-06,True,True,True,True,,0.0,0.0,0.0,2,2,0.5333221247999999,0.65,2.6399999999999997,P3,균형형 라이트헤지,False,31966.0,2034,8019.0,122.609929,57467.757,57467.757,67365.458,468.703944,122.609929,157.624221,81322.912,73879.094,83776.795,16411.337,7825.137,381.319,0.0,143.727098,21.117169,138.491634,15.881705,0.0,0.0,0.0,0.0,0.0,468.703944,67365.458,6.853312,12.551135,13513.628,1451.027,15615.572,50765.362,328.09,-16411.337,-7505.253,-289.331,100,True,99.901713
NIPPON_STEEL_JP,Nippon Steel,JP,34.3,72.6,ACCELERATED_15C,DISCLOSED_PATH,PORT-93BA44A86FDE,CAND-D862A4AE5F72FA,P3,PORT-93BA44A86FDE,468.703944,51476.554,109.82744,True,True,,0.0,3.446647212967946e-06,True,True,True,True,,0.0,0.0,0.0,2,2,0.5333221247999999,0.65,2.6399999999999997,P3,균형형 라이트헤지,False,31966.0,2034,8019.0,112.346019,52657.022,52657.022,63362.076,468.703944,112.346019,164.015416,87544.669,76874.672,87579.725,24217.65,10619.618,-50.379,0.0,135.18571,22.839691,135.110916,22.764897,0.0,0.0,0.0,0.0,0.0,468.703944,63362.076,6.446035,11.805249,13107.126,1451.027,16913.641,55271.797,351.084,-24217.65,-10138.197,-81.806,100,True,78.543203
NIPPON_STEEL_JP,Nippon Steel,JP,34.3,72.6,DISCLOSED_PATH,DISCLOSED_PATH,PORT-7F141003EFD9,CAND-7F68777647A3B1,P1,PORT-7F141003EFD9,466.428943,56313.625,120.733557,True,True,,0.0,3.446647212967946e-06,True,True,True,True,,0.0,0.0,0.0,2,2,0.5333221247999997,0.65,2.6399999999999997,P1,지연·현물조달,False,32414.8,2034,8019.0,124.914967,58263.956,58263.956,70640.161,466.428943,124.914967,159.926749,78077.975,74594.464,86970.67,16330.508,4113.614,630.104,0.0,151.448923,26.533956,132.383437,7.468469,0.0,0.0,0.0,0.0,0.0,466.428943,70640.161,7.186459,13.161259,13176.129,1415.609,15978.674,47564.328,0.0,-16330.508,-3566.495,26.22,100,True,102.206751
NIPPON_STEEL_JP,Nippon Steel,JP,34.3,72.6,ACCELERATED_15C,DISCLOSED_PATH,PORT-7F141003EFD9,CAND-7F68777647A3B1,P1,PORT-7F141003EFD9,466.428943,53131.266,113.91074,True,True,,0.0,3.446647212967946e-06,True,True,True,True,,0.0,0.0,0.0,2,2,0.5333221247999997,0.65,2.6399999999999997,P1,지연·현물조달,False,32414.8,2034,8019.0,118.833112,55427.203,55427.203,68780.431,466.428943,118.833112,170.497027,84127.337,79524.748,92877.977,24097.545,5079.688,477.099,-0.0,147.461757,28.628645,128.70083,9.867718,0.0,0.0,0.0,0.0,0.0,466.428943,68780.431,6.997263,12.814765,21210.364,1415.609,16264.836,47504.46,0.0,-24097.545,-7141.27,270.75,100,True,85.030296
NIPPON_STEEL_JP,Nippon Steel,JP,34.3,72.6,DISCLOSED_PATH,DISCLOSED_PATH,PORT-93BA44A86FDE,CAND-505DC50EEE65AA,P2,PORT-93BA44A86FDE,468.703944,58159.645,124.086101,True,True,,0.0,3.446647212967946e-06,True,True,True,True,,0.0,0.0,0.0,2,2,0.5333221247999999,0.65,2.6399999999999997,P2,지연·부분헤지,False,31966.0,2034,8019.0,127.583001,59798.656,59798.656,72217.72,468.703944,127.583001,162.597293,81258.72,76209.993,88629.057,16411.337,5631.806,583.08,0.0,154.079608,26.496607,138.354677,10.771676,0.0,0.0,0.0,0.0,0.0,468.703944,72217.72,7.346949,13.45518,13187.555,1451.027,15736.153,51212.425,100.963,-16411.337,-5115.539,-362.59,100,True,104.874785
NIPPON_STEEL_JP,Nippon Steel,JP,34.3,72.6,ACCELERATED_15C,DISCLOSED_PATH,PORT-93BA44A86FDE,CAND-505DC50EEE65AA,P2,PORT-93BA44A86FDE,468.703944,54511.067,116.301704,True,True,,0.0,3.446647212967946e-06,True,True,True,True,,0.0,0.0,0.0,2,2,0.5333221247999999,0.65,2.6399999999999997,P2,지연·부분헤지,False,31966.0,2034,8019.0,119.614606,56063.838,56063.838,69813.257,468.703944,119.614606,171.284003,87540.339,80281.488,94030.907,24217.65,7314.032,55.18,-0.0,148.949583,29.334976,135.101678,15.487072,0.0,0.0,0.0,0.0,0.0,468.703944,69813.257,7.102335,13.007195,12489.659,1451.027,16961.887,55637.104,107.558,-24217.65,-6506.855,141.108,100,True,85.81179
NIPPON_STEEL_JP,Nippon Steel,JP,34.3,72.6,DISCLOSED_PATH,DISCLOSED_PATH,PORT-93BA44A86FDE,CAND-0B64D3C56ED2FD,P1,PORT-93BA44A86FDE,468.703944,59510.078,126.967309,True,True,,0.0,3.446647212967946e-06,True,True,True,True,,0.0,0.0,0.0,2,2,0.5333221247999999,0.65,2.6399999999999997,P1,지연·현물조달,False,31966.0,2034,8019.0,130.951173,61377.331,61377.331,75773.837,468.703944,130.951173,165.965466,81295.436,77788.668,92185.174,16411.337,4078.503,571.736,0.0,161.666737,30.715564,138.433012,7.481839,0.0,0.0,0.0,0.0,0.0,468.703944,75773.837,7.708725,14.117735,20989.103,1451.027,14714.086,46686.042,0.0,-16411.337,-5700.506,-351.082,100,True,108.242957
NIPPON_STEEL_JP,Nippon Steel,JP,34.3,72.6,ACCELERATED_15C,DISCLOSED_PATH,PORT-93BA44A86FDE,CAND-0B64D3C56ED2FD,P1,PORT-93BA44A86FDE,468.703944,56575.087,120.705378,True,True,,0.0,3.446647212967946e-06,True,True,True,True,,0.0,0.0,0.0,2,2,0.5333221247999999,0.65,2.6399999999999997,P1,지연·현물조달,False,31966.0,2034,8019.0,124.737689,58465.047,58465.047,74526.643,468.703944,124.737689,176.407086,87626.482,82682.697,98744.293,24217.65,5037.603,93.818,-0.0,159.005794,34.268105,135.285467,10.547777,0.0,0.0,0.0,0.0,0.0,468.703944,74526.643,7.581844,13.885365,12185.04,1451.027,17026.059,55951.527,0.0,-24217.65,-4088.092,157.137,100,True,90.934873
NIPPON_STEEL_JP,Nippon Steel,JP,34.3,72.6,DISCLOSED_PATH,DISCLOSED_PATH,PORT-7CA9F3BA0776,CAND-EBFD77804A64A5,P3,PORT-7CA9F3BA0776,473.428944,62550.582,132.122428,True,True,,0.0,3.446647212967946e-06,True,True,True,True,,0.0,0.0,0.0,2,2,0.5840479807999999,0.65,3.12,P3,균형형 라이트헤지,False,34771.0,2034,8019.0,135.391755,64098.376,64098.376,74498.457,473.428944,135.391755,170.402341,89440.273,80673.4,91073.482,16575.025,8735.082,-31.791,0.0,157.359321,21.967566,153.909577,18.517822,0.0,0.0,0.0,0.0,0.0,473.428944,74498.457,7.578976,13.880114,21039.402,1513.607,14654.616,52639.728,357.426,-16575.025,-9702.837,171.457,100,True,112.683539
NIPPON_STEEL_JP,Nippon Steel,JP,34.3,72.6,ACCELERATED_15C,DISCLOSED_PATH,PORT-7CA9F3BA0776,CAND-EBFD77804A64A5,P3,PORT-7CA9F3BA0776,473.428944,57996.795,122.503695,True,True,,0.0,3.446647212967946e-06,True,True,True,True,,0.0,0.0,0.0,2,2,0.5840479807999999,0.65,3.12,P3,균형형 라이트헤지,False,34771.0,2034,8019.0,126.28019,59784.697,59784.697,70571.492,473.428944,126.28019,177.95143,96213.432,84247.358,95034.153,24462.661,11896.396,-69.679,0.0,149.064592,22.784402,151.555523,25.275334,0.0,0.0,0.0,0.0,0.0,473.428944,70571.492,7.179473,13.148465,17209.013,1513.607,17275.438,59916.214,382.671,-24462.661,-12104.116,54.532,100,True,92.477374
NIPPON_STEEL_JP,Nippon Steel,JP,34.3,72.6,DISCLOSED_PATH,DISCLOSED_PATH,PORT-7CA9F3BA0776,CAND-BF06102F6003FE,P2,PORT-7CA9F3BA0776,473.428944,64756.815,136.782544,True,True,,0.0,3.446647212967946e-06,True,True,True,True,,0.0,0.0,0.0,2,2,0.5840479807999999,0.65,3.12,P2,지연·부분헤지,False,34771.0,2034,8019.0,140.786064,66652.198,66652.198,79797.757,473.428944,140.786064,175.79665,89504.963,83227.222,96372.781,16575.025,6240.609,-37.131,0.0,168.552763,27.766699,154.046217,13.260153,0.0,0.0,0.0,0.0,0.0,473.428944,79797.757,8.118092,14.867448,22127.324,1513.607,14608.656,52244.539,109.569,-16575.025,-7631.794,255.321,100,True,118.077848
NIPPON_STEEL_JP,Nippon Steel,JP,34.3,72.6,ACCELERATED_15C,DISCLOSED_PATH,PORT-7CA9F3BA0776,CAND-BF06102F6003FE,P2,PORT-7CA9F3BA0776,473.428944,61412.328,129.718153,True,True,,0.0,3.446647212967946e-06,True,True,True,True,,0.0,0.0,0.0,2,2,0.5840479807999999,0.65,3.12,P2,지연·부분헤지,False,34771.0,2034,8019.0,134.512921,63682.31,63682.31,77604.87,473.428944,134.512921,186.184162,96385.127,88144.971,102067.531,24462.661,8246.415,6.259,0.0,163.92084,29.407919,151.918186,17.405265,0.0,0.0,0.0,0.0,0.0,473.428944,77604.87,7.895002,14.458882,17412.998,1513.607,17464.974,59995.179,116.758,-24462.661,-8440.842,82.296,100,True,100.710105
NIPPON_STEEL_JP,Nippon Steel,JP,34.3,72.6,DISCLOSED_PATH,DISCLOSED_PATH,PORT-7CA9F3BA0776,CAND-7431CBC596FC03,P1,PORT-7CA9F3BA0776,473.428944,66273.303,139.985744,True,True,,0.0,3.446647212967946e-06,True,True,True,True,,0.0,0.0,0.0,2,2,0.5840479807999999,0.65,3.12,P1,지연·현물조달,False,34771.0,2034,8019.0,144.688624,68499.782,68499.782,83660.983,473.428944,144.688624,179.69921,89627.803,85074.807,100236.008,16575.025,4538.924,-14.071,0.0,176.712861,32.024237,154.305686,9.617063,0.0,0.0,0.0,0.0,0.0,473.428944,83660.983,8.511111,15.587222,17548.989,1513.607,16066.74,55054.995,0.0,-16575.025,-4826.159,-283.365,100,True,121.980408
NIPPON_STEEL_JP,Nippon Steel,JP,34.3,72.6,ACCELERATED_15C,DISCLOSED_PATH,PORT-7CA9F3BA0776,CAND-7431CBC596FC03,P1,PORT-7CA9F3BA0776,473.428944,63734.393,134.622932,True,True,,0.0,3.446647212967946e-06,True,True,True,True,,0.0,0.0,0.0,2,2,0.5840479807999999,0.65,3.12,P1,지연·현물조달,False,34771.0,2034,8019.0,140.203508,66376.399,66376.399,82719.92,473.428944,140.203508,191.874749,96589.282,90839.06,107182.581,24462.661,5629.198,-121.024,0.0,174.7251,34.521592,152.349412,12.145904,0.0,0.0,0.0,0.0,0.0,473.428944,82719.92,8.415373,15.411888,17548.989,1513.607,17654.511,60047.823,0.0,-24462.661,-5996.216,70.346,100,True,106.400692
NIPPON_STEEL_JP,Nippon Steel,JP,34.3,72.6,DISCLOSED_PATH,DISCLOSED_PATH,PORT-7DCD4991144C,CAND-FCEB78D7C5F4C6,P1,PORT-7DCD4991144C,313.643967,6683.267,21.30845,True,True,,0.0,3.446647212967946e-06,True,True,True,True,,0.0,0.0,0.0,2,2,0.28236113919999994,0.65,0.88,P1,지연·현물조달,False,19427.1,2029,6160.0,22.720809,7126.245,7126.245,10362.482,313.643967,22.720809,57.696334,19945.241,18096.107,21332.344,10969.862,1679.41,-169.723,-0.0,33.038996,10.318187,28.616455,5.895646,0.0,0.0,0.0,0.0,0.0,313.643967,10362.482,1.05421,1.930677,8645.283,721.269,10738.426,0.0,0.0,-10969.862,-2023.316,14.445,100,True,0.012593
NIPPON_STEEL_JP,Nippon Steel,JP,34.3,72.6,ACCELERATED_15C,DISCLOSED_PATH,PORT-7DCD4991144C,CAND-FCEB78D7C5F4C6,P1,PORT-7DCD4991144C,313.643967,2332.517,7.43683,False,False,2035,14.544997934999998,-14.544997934999998,True,True,True,True,,0.0,0.0,0.0,2,2,0.28236113919999994,0.65,0.88,P1,지연·현물조달,False,19427.1,2029,6160.0,9.005728,2824.592,2824.592,6144.582,313.643967,9.005728,60.474955,21101.776,18967.605,22287.594,16143.013,2015.292,-118.879,-0.0,19.590945,10.585217,15.810168,6.80444,0.0,0.0,0.0,0.0,0.0,313.643967,6144.582,0.625109,1.144822,7070.63,721.269,13245.802,0.0,0.0,-16143.013,-1983.563,-86.534,100,True,-24.797088
NIPPON_STEEL_JP,Nippon Steel,JP,34.3,72.6,DISCLOSED_PATH,DISCLOSED_PATH,PORT-5CFD50239439,CAND-87B9435721978E,P1,PORT-5CFD50239439,321.473932,6865.237,21.355503,True,True,,0.0,3.446647212967946e-06,True,True,True,True,,0.0,0.0,0.0,2,2,0.28236113919999994,0.65,0.88,P1,지연·현물조달,False,19052.0,2029,6160.0,22.708216,7300.099,7300.099,11067.001,321.473932,22.708216,57.701587,20383.977,18549.556,22316.458,11249.456,1668.955,-165.466,0.0,34.425813,11.717597,28.414498,5.706282,0.0,0.0,0.0,0.0,0.0,321.473932,11067.001,1.125883,2.061939,7124.109,744.264,12350.937,0.0,0.0,-11249.456,-1668.495,-1.259,100,True,0.0
NIPPON_STEEL_JP,Nippon Steel,JP,34.3,72.6,ACCELERATED_15C,DISCLOSED_PATH,PORT-5CFD50239439,CAND-87B9435721978E,P1,PORT-5CFD50239439,321.473932,2434.553,7.573095,False,False,2035,15.995002139999997,-15.995002139999997,True,True,True,True,,0.0,0.0,0.0,2,2,0.28236113919999994,0.65,0.88,P1,지연·현물조달,False,19052.0,2029,6160.0,9.151723,2942.04,2942.04,6865.839,321.473932,9.151723,60.579606,21491.503,19474.764,23398.563,16532.724,2002.746,-13.993,0.0,21.357373,12.205651,15.425135,6.273412,0.0,0.0,0.0,0.0,0.0,321.473932,6865.839,0.698485,1.279203,7124.109,744.264,13639.905,0.0,0.0,-16532.724,-2002.194,-31.32,100,True,-24.651093
NIPPON_STEEL_JP,Nippon Steel,JP,34.3,72.6,DISCLOSED_PATH,DISCLOSED_PATH,PORT-032FE0BDCFB5,CAND-23459FF23C9DCD,P1,PORT-032FE0BDCFB5,326.198932,13628.462,41.779602,True,True,,0.0,3.446647212967946e-06,True,True,True,True,,0.0,0.0,0.0,2,2,0.3603653631999999,0.65,1.3599999999999999,P1,지연·현물조달,False,21857.0,2038,7425.0,44.047304,14368.183,14368.183,18410.795,326.198932,44.047304,79.035598,27824.844,25781.328,29823.939,11413.144,2132.203,88.687,0.0,56.440389,12.393086,50.311936,6.264632,0.0,0.0,0.0,0.0,0.0,326.198932,18410.795,1.872992,3.430191,8747.156,806.845,12884.333,5467.017,0.0,-11413.144,-2116.239,-7.784,100,True,21.339088
NIPPON_STEEL_JP,Nippon Steel,JP,34.3,72.6,ACCELERATED_15C,DISCLOSED_PATH,PORT-032FE0BDCFB5,CAND-23459FF23C9DCD,P1,PORT-032FE0BDCFB5,326.198932,9593.859,29.411067,False,False,2035,14.420002140000001,-14.420002140000001,True,True,True,True,,0.0,0.0,0.0,2,2,0.3603653631999999,0.65,1.3599999999999999,P1,지연·현물조달,False,21857.0,2038,7425.0,31.706969,10342.779,10342.779,14776.305,326.198932,31.706969,83.141027,29760.939,27120.514,31554.04,16777.735,2598.061,-42.364,0.0,45.298447,13.591478,39.801493,8.094524,0.0,0.0,0.0,0.0,0.0,326.198932,14776.305,1.503243,2.753034,8747.156,806.845,14118.229,6023.539,0.0,-16777.735,-2572.035,-3.219,100,True,-2.095847
NIPPON_STEEL_JP,Nippon Steel,JP,34.3,72.6,DISCLOSED_PATH,DISCLOSED_PATH,PORT-85B082834E97,CAND-7F997B0F0381A1,P1,PORT-85B082834E97,318.368967,13446.491,42.235558,True,True,,0.0,3.446647212967946e-06,True,True,True,True,,0.0,0.0,0.0,2,2,0.3603653631999999,0.65,1.3599999999999999,P1,지연·현물조달,False,22232.1,2038,7425.0,44.298092,14103.138,14103.138,18090.205,318.368967,44.298092,79.26868,27243.475,25236.688,29223.755,11133.55,2152.7,145.912,0.0,56.821507,12.523416,50.601431,6.303339,0.0,0.0,0.0,0.0,0.0,318.368967,18090.205,1.840377,3.37046,9353.07,783.85,12193.432,5158.713,0.0,-11133.55,-2288.211,35.834,100,True,21.589876
NIPPON_STEEL_JP,Nippon Steel,JP,34.3,72.6,ACCELERATED_15C,DISCLOSED_PATH,PORT-85B082834E97,CAND-7F997B0F0381A1,P1,PORT-85B082834E97,318.368967,9491.823,29.813907,False,False,2035,12.969997935000002,-12.969997935000002,True,True,True,True,,0.0,0.0,0.0,2,2,0.3603653631999999,0.65,1.3599999999999999,P1,지연·현물조달,False,22232.1,2038,7425.0,31.940517,10168.87,10168.87,14668.312,318.368967,31.940517,83.415458,29099.9,26556.893,31056.336,16388.024,2619.392,76.386,-0.0,46.073311,14.132794,39.928126,7.987609,0.0,0.0,0.0,0.0,0.0,318.368967,14668.312,1.492256,2.732914,6549.561,783.85,12827.253,8363.4,0.0,-16388.024,-1986.223,19.052,100,True,-1.862299
NIPPON_STEEL_JP,Nippon Steel,JP,34.3,72.6,DISCLOSED_PATH,DISCLOSED_PATH,PORT-833EEC5002A6,CAND-9EF16DBB46004F,P1,PORT-833EEC5002A6,369.073938,17893.893,48.483221,True,True,,0.0,3.446647212967946e-06,True,True,True,True,,0.0,0.0,0.0,2,2,0.3870168063999999,0.65,1.52,P1,지연·현물조달,False,23556.5,2036,6237.0,50.090698,18487.171,18487.171,23793.608,369.073938,50.090698,85.076015,33948.569,31399.34,36705.777,12912.169,2475.54,-73.688,0.0,64.468405,14.377707,56.997793,6.907095,0.0,0.0,0.0,0.0,0.0,369.073938,23793.608,2.420603,4.433085,9127.807,912.261,13455.765,10324.569,0.0,-12912.169,-2320.046,-101.016,100,True,27.382482
NIPPON_STEEL_JP,Nippon Steel,JP,34.3,72.6,ACCELERATED_15C,DISCLOSED_PATH,PORT-833EEC5002A6,CAND-9EF16DBB46004F,P1,PORT-833EEC5002A6,369.073938,13527.603,36.652825,False,False,2035,9.707756491632594,-9.707756491632594,True,True,True,True,,0.0,0.0,0.0,2,2,0.3870168063999999,0.65,1.52,P1,지연·현물조달,False,23556.5,2036,6237.0,38.414154,14177.663,14177.663,20067.636,369.073938,38.414154,89.936377,36233.131,33193.173,39083.146,19015.51,3004.3,-35.657,-0.0,54.372943,15.958789,46.650872,8.236718,0.0,0.0,0.0,0.0,0.0,369.073938,20067.636,2.041547,3.738884,11730.559,912.261,13733.886,10499.981,0.0,-19015.51,-3570.832,-112.681,100,True,4.611338
NIPPON_STEEL_JP,Nippon Steel,JP,34.3,72.6,DISCLOSED_PATH,DISCLOSED_PATH,PORT-10D90F59290D,CAND-BF076556907246,P1,PORT-10D90F59290D,361.243973,17711.923,49.030362,True,True,,0.0,3.446647212967946e-06,True,True,True,True,,0.0,0.0,0.0,2,2,0.3870168063999999,0.65,1.52,P1,지연·현물조달,False,23931.6,2036,6237.0,51.438615,18581.89,18581.89,23695.092,361.243973,51.438615,86.408263,33708.72,31214.464,36327.667,12632.575,2462.748,-31.508,0.0,65.593044,14.15443,58.343245,6.90463,0.0,0.0,0.0,0.0,0.0,361.243973,23695.092,2.410581,4.41473,9382.378,889.266,12535.523,10831.872,0.0,-12632.575,-2409.109,-15.467,100,True,28.730399
NIPPON_STEEL_JP,Nippon Steel,JP,34.3,72.6,ACCELERATED_15C,DISCLOSED_PATH,PORT-10D90F59290D,CAND-BF076556907246,P1,PORT-10D90F59290D,361.243973,13425.567,37.164819,False,False,2035,8.257752286632595,-8.257752286632595,True,True,True,True,,0.0,0.0,0.0,2,2,0.3870168063999999,0.65,1.52,P1,지연·현물조달,False,23931.6,2036,6237.0,39.456995,14253.602,14253.602,19973.041,361.243973,39.456995,91.017159,36016.586,32879.4,38598.84,18625.799,2996.17,-141.016,-0.0,55.289617,15.832622,48.14139,8.684395,0.0,0.0,0.0,0.0,0.0,361.243973,19973.041,2.031924,3.721259,10659.938,889.266,14824.843,9721.979,0.0,-18625.799,-3242.636,26.009,100,True,5.654179
NIPPON_STEEL_JP,Nippon Steel,JP,34.3,72.6,DISCLOSED_PATH,DISCLOSED_PATH,PORT-20A3A9F442CD,CAND-E6E6E810AB390A,P1,PORT-20A3A9F442CD,341.668938,16882.994,49.413313,True,True,,0.0,3.446647212967946e-06,True,True,True,True,,0.0,0.0,0.0,2,2,0.3603653631999999,0.65,1.36,P1,지연·현물조달,False,20999.0,2036,6237.0,50.884545,17385.668,17385.668,22552.966,341.668938,50.884545,85.897325,31495.152,29348.448,34515.746,11962.779,2064.114,-82.59,-0.0,66.008244,15.123699,57.167539,6.282994,0.0,0.0,0.0,0.0,0.0,341.668938,22552.966,2.294388,4.201936,7715.134,867.561,12484.362,10324.569,0.0,-11962.779,-1909.916,-133.262,100,True,28.176329
NIPPON_STEEL_JP,Nippon Steel,JP,34.3,72.6,ACCELERATED_15C,DISCLOSED_PATH,PORT-20A3A9F442CD,CAND-E6E6E810AB390A,P1,PORT-20A3A9F442CD,341.668938,12932.884,37.852093,False,False,2035,15.61000095,-15.61000095,True,True,True,True,,0.0,0.0,0.0,2,2,0.3603653631999999,0.65,1.36,P1,지연·현물조달,False,20999.0,2036,6237.0,39.433193,13473.097,13473.097,19172.378,341.668938,39.433193,90.928791,33615.525,31067.544,36766.824,17594.446,2514.907,-33.075,0.0,56.113903,16.68071,46.890651,7.457457,0.0,0.0,0.0,0.0,0.0,341.668938,19172.378,1.95047,3.572084,8551.474,867.561,13959.613,10029.419,0.0,-17594.446,-2528.842,188.318,100,True,5.630377
NIPPON_STEEL_JP,Nippon Steel,JP,34.3,72.6,DISCLOSED_PATH,DISCLOSED_PATH,PORT-FFBC6AEA16BA,CAND-D5FFDB7EE708DF,P1,PORT-FFBC6AEA16BA,333.838973,16701.024,50.027183,True,True,,0.0,3.446647212967946e-06,True,True,True,True,,0.0,0.0,0.0,2,2,0.3603653631999999,0.65,1.36,P1,지연·현물조달,False,21374.1,2036,6237.0,52.32813,17469.169,17469.169,22333.017,333.838973,52.32813,87.324598,31239.661,29152.354,34016.202,11683.185,2079.337,-7.969,0.0,66.897574,14.569444,58.580565,6.252435,0.0,0.0,0.0,0.0,0.0,333.838973,22333.017,2.272012,4.160956,8184.328,844.566,11389.371,10831.872,0.0,-11683.185,-2061.288,-36.495,100,True,29.619914
NIPPON_STEEL_JP,Nippon Steel,JP,34.3,72.6,ACCELERATED_15C,DISCLOSED_PATH,PORT-FFBC6AEA16BA,CAND-D5FFDB7EE708DF,P1,PORT-FFBC6AEA16BA,333.838973,12830.848,38.434244,False,False,2035,14.159996745,-14.159996745,True,True,True,True,,0.0,0.0,0.0,2,2,0.3603653631999999,0.65,1.36,P1,지연·현물조달,False,21374.1,2036,6237.0,40.689024,13583.582,13583.582,19049.809,333.838973,40.689024,92.225053,33397.606,30788.317,36254.544,17204.735,2531.488,-77.801,-0.0,57.062867,16.373843,48.505036,7.816012,0.0,0.0,0.0,0.0,0.0,333.838973,19049.809,1.938001,3.549248,8937.835,844.566,13441.269,10029.419,0.0,-17204.735,-2663.445,198.673,100,True,6.886208
NIPPON_STEEL_JP,Nippon Steel,JP,34.3,72.6,DISCLOSED_PATH,DISCLOSED_PATH,PORT-A38E7AB93504,CAND-7C97E5CB4322B2,P3,PORT-A38E7AB93504,373.798938,23602.895,63.143292,True,True,,0.0,3.446647212967946e-06,True,True,True,True,,0.0,0.0,0.0,2,2,0.45364541439999984,0.65,2.0,P3,균형형 라이트헤지,False,26361.5,2038,7425.0,65.034057,24309.662,24309.662,29023.224,373.798938,65.034057,100.015047,41402.323,37385.518,42099.08,13075.857,4156.255,139.45,0.0,77.643944,12.609886,75.779955,10.745897,0.0,0.0,0.0,0.0,0.0,373.798938,29023.224,2.952629,5.407436,12077.619,974.842,13986.275,14459.884,174.699,-13075.857,-4319.381,31.58,100,True,42.325841
NIPPON_STEEL_JP,Nippon Steel,JP,34.3,72.6,ACCELERATED_15C,DISCLOSED_PATH,PORT-A38E7AB93504,CAND-7C97E5CB4322B2,P3,PORT-A38E7AB93504,373.798938,19115.251,51.137789,False,False,2035,9.707756491632594,-9.707756491632594,True,True,True,True,,0.0,0.0,0.0,2,2,0.45364541439999984,0.65,2.0,P3,균형형 라이트헤지,False,26361.5,2038,7425.0,53.268572,19911.736,19911.736,24908.418,373.798938,53.268572,104.794992,44407.864,39172.257,44168.939,19260.521,5385.548,149.941,0.0,66.635872,13.3673,67.275053,14.006481,0.0,0.0,0.0,0.0,0.0,373.798938,24908.418,2.534016,4.64079,12409.041,974.842,13770.109,17578.334,186.407,-19260.521,-5730.849,-15.627,100,True,19.465756
NIPPON_STEEL_JP,Nippon Steel,JP,34.3,72.6,DISCLOSED_PATH,DISCLOSED_PATH,PORT-92BAA222AC4A,CAND-D42C7F372720F7,P3,PORT-92BAA222AC4A,365.968973,23427.961,64.016249,True,True,,0.0,3.446647212967946e-06,True,True,True,True,,0.0,0.0,0.0,2,2,0.45364541439999984,0.65,2.0,P3,균형형 라이트헤지,False,26736.6,2038,7425.0,66.05916,24175.603,24175.603,28627.957,365.968973,66.05916,101.02459,41294.566,36971.865,41424.219,12796.263,4202.924,-119.776,0.0,78.225092,12.165932,77.870817,11.811658,0.0,0.0,0.0,0.0,0.0,365.968973,28627.957,2.912417,5.333792,13502.927,951.847,13978.34,13001.401,172.859,-12796.263,-4612.389,-23.12,100,True,43.350944
NIPPON_STEEL_JP,Nippon Steel,JP,34.3,72.6,ACCELERATED_15C,DISCLOSED_PATH,PORT-92BAA222AC4A,CAND-D42C7F372720F7,P3,PORT-92BAA222AC4A,365.968973,19011.589,51.948637,False,False,2035,8.257752286632595,-8.257752286632595,True,True,True,True,,0.0,0.0,0.0,2,2,0.45364541439999984,0.65,2.0,P3,균형형 라이트헤지,False,26736.6,2038,7425.0,53.982901,19756.067,19756.067,24676.401,365.968973,53.982901,105.546861,44090.38,38626.876,43547.21,18870.81,5427.025,-36.478,-0.0,67.427576,13.444675,68.911772,14.928871,0.0,0.0,0.0,0.0,0.0,365.968973,24676.401,2.510412,4.597562,10141.671,951.847,14546.912,17899.711,184.449,-18870.81,-5034.962,-62.75,100,True,20.180085
NIPPON_STEEL_JP,Nippon Steel,JP,34.3,72.6,DISCLOSED_PATH,DISCLOSED_PATH,PORT-A38E7AB93504,CAND-67842A89ECECE4,P2,PORT-A38E7AB93504,373.798938,24224.913,64.807336,True,True,,0.0,3.446647212967946e-06,True,True,True,True,,0.0,0.0,0.0,2,2,0.45364541439999984,0.65,2.0,P2,지연·부분헤지,False,26361.5,2038,7425.0,67.145953,25099.086,25099.086,31031.093,373.798938,67.145953,102.126942,41414.269,38174.943,44106.95,13075.857,3431.238,191.912,-0.0,83.015466,15.869513,75.811913,8.66596,0.0,0.0,0.0,0.0,0.0,373.798938,31031.093,3.156897,5.781531,12338.216,974.842,14183.141,14236.335,57.076,-13075.857,-3665.209,50.542,100,True,44.437737
NIPPON_STEEL_JP,Nippon Steel,JP,34.3,72.6,ACCELERATED_15C,DISCLOSED_PATH,PORT-A38E7AB93504,CAND-67842A89ECECE4,P2,PORT-A38E7AB93504,373.798938,20047.34,53.631344,False,False,2035,9.707756491632594,-9.707756491632594,True,True,True,True,,0.0,0.0,0.0,2,2,0.45364541439999984,0.65,2.0,P2,지연·부분헤지,False,26361.5,2038,7425.0,56.366661,21069.798,21069.798,27389.143,373.798938,56.366661,107.893081,44444.0,40330.319,46649.664,19260.521,4304.29,190.609,0.0,73.272393,16.905732,67.371723,11.005063,0.0,0.0,0.0,0.0,0.0,373.798938,27389.143,2.786389,5.102984,12746.12,974.842,13639.224,17669.234,60.592,-19260.521,-4737.923,-21.77,100,True,22.563845
NIPPON_STEEL_JP,Nippon Steel,JP,34.3,72.6,DISCLOSED_PATH,DISCLOSED_PATH,PORT-9961527CE1F4,CAND-59D7A6AFC21669,P2,PORT-9961527CE1F4,407.153943,26605.266,65.344489,True,True,,0.0,3.446647212967946e-06,True,True,True,True,,0.0,0.0,0.0,2,2,0.3870168063999999,0.65,1.52,P2,지연·부분헤지,False,24843.5,2034,8019.0,67.433129,27455.664,27455.664,33505.843,407.153943,67.433129,102.451794,45204.826,41713.652,47763.83,14257.988,3393.248,-97.926,0.0,82.292811,14.859682,76.007709,8.57458,0.0,0.0,0.0,0.0,0.0,407.153943,33505.843,3.408661,6.242611,13206.553,1064.205,14114.872,17535.62,60.853,-14257.988,-3979.287,-289.163,100,True,44.724913
NIPPON_STEEL_JP,Nippon Steel,JP,34.3,72.6,ACCELERATED_15C,DISCLOSED_PATH,PORT-9961527CE1F4,CAND-59D7A6AFC21669,P2,PORT-9961527CE1F4,407.153943,22084.982,54.242339,False,False,2040,3.7550006099999997,-3.7550006099999997,True,True,True,True,,0.0,0.0,0.0,2,2,0.3870168063999999,0.65,1.52,P2,지연·부분헤지,False,24843.5,2034,8019.0,56.081739,22833.901,22833.901,29632.074,407.153943,56.081739,107.682235,48366.231,43843.246,50641.42,21009.345,4260.667,-262.317,-0.0,72.778552,16.696814,67.190521,11.108782,0.0,0.0,0.0,0.0,0.0,407.153943,29632.074,3.01457,5.520874,13206.553,1064.205,15503.144,19040.296,64.655,-21009.345,-4989.346,-46.259,100,True,22.278923
NIPPON_STEEL_JP,Nippon Steel,JP,34.3,72.6,DISCLOSED_PATH,DISCLOSED_PATH,PORT-92BAA222AC4A,CAND-73FBF939F237E6,P2,PORT-92BAA222AC4A,365.968973,24045.865,65.704656,True,True,,0.0,3.446647212967946e-06,True,True,True,True,,0.0,0.0,0.0,2,2,0.45364541439999984,0.65,2.0,P2,지연·부분헤지,False,26736.6,2038,7425.0,68.194542,24957.087,24957.087,30576.718,365.968973,68.194542,103.159972,41370.822,37753.349,43372.98,12796.263,3441.954,-175.52,0.0,83.550027,15.355485,78.079187,9.884645,0.0,0.0,0.0,0.0,0.0,365.968973,30576.718,3.110671,5.696874,14077.431,951.847,14277.376,12486.155,56.479,-12796.263,-4087.899,-8.039,100,True,45.486326
NIPPON_STEEL_JP,Nippon Steel,JP,34.3,72.6,ACCELERATED_15C,DISCLOSED_PATH,PORT-92BAA222AC4A,CAND-73FBF939F237E6,P2,PORT-92BAA222AC4A,365.968973,19944.765,54.498513,False,False,2035,8.257752286632595,-8.257752286632595,True,True,True,True,,0.0,0.0,0.0,2,2,0.45364541439999984,0.65,2.0,P2,지연·부분헤지,False,26736.6,2038,7425.0,57.208327,20936.473,20936.473,27129.959,365.968973,57.208327,108.772288,44185.101,39807.283,46000.768,18870.81,4331.87,-45.949,0.0,74.131854,16.923527,69.170595,11.962267,0.0,0.0,0.0,0.0,0.0,365.968973,27129.959,2.760021,5.054694,8582.12,951.847,14328.634,19402.762,59.955,-18870.81,-3557.106,39.07,100,True,23.405511
NIPPON_STEEL_JP,Nippon Steel,JP,34.3,72.6,DISCLOSED_PATH,DISCLOSED_PATH,PORT-A38E7AB93504,CAND-E305EEE782C913,P1,PORT-A38E7AB93504,373.798938,24657.118,65.963584,True,True,,0.0,3.446647212967946e-06,True,True,True,True,,0.0,0.0,0.0,2,2,0.45364541439999984,0.65,2.0,P1,지연·현물조달,False,26361.5,2038,7425.0,68.732617,25692.179,25692.179,32610.082,373.798938,68.732617,103.713607,41500.191,38768.036,45685.939,13075.857,2914.024,181.87,0.0,87.239633,18.507016,76.041773,7.309155,0.0,0.0,0.0,0.0,0.0,373.798938,32610.082,3.317532,6.075718,12511.948,974.842,14380.006,14087.302,0.0,-13075.857,-3236.73,50.669,100,True,46.024401
NIPPON_STEEL_JP,Nippon Steel,JP,34.3,72.6,ACCELERATED_15C,DISCLOSED_PATH,PORT-A38E7AB93504,CAND-E305EEE782C913,P1,PORT-A38E7AB93504,373.798938,20686.909,55.342342,False,False,2035,9.707756491632594,-9.707756491632594,True,True,True,True,,0.0,0.0,0.0,2,2,0.45364541439999984,0.65,2.0,P1,지연·현물조달,False,26361.5,2038,7425.0,58.491988,21864.243,21864.243,29256.766,373.798938,58.491988,110.018408,44531.198,41124.764,48517.287,19260.521,3569.928,163.494,0.0,78.268724,19.776736,67.604999,9.113011,0.0,0.0,0.0,0.0,0.0,373.798938,29256.766,2.976388,5.450948,11265.276,974.842,15008.772,17439.114,0.0,-19260.521,-3551.736,-11.503,100,True,24.689172
NIPPON_STEEL_JP,Nippon Steel,JP,34.3,72.6,DISCLOSED_PATH,DISCLOSED_PATH,PORT-9961527CE1F4,CAND-B22DEBDE0F4599,P1,PORT-9961527CE1F4,407.153943,27109.893,66.583889,True,True,,0.0,3.446647212967946e-06,True,True,True,True,,0.0,0.0,0.0,2,2,0.3870168063999999,0.65,1.52,P1,지연·현물조달,False,24843.5,2034,8019.0,68.909118,28056.619,28056.619,35141.428,407.153943,68.909118,103.927783,45258.337,42314.607,49399.416,14257.988,2757.747,-185.983,0.0,86.30993,17.400812,76.139136,7.230018,0.0,0.0,0.0,0.0,0.0,407.153943,35141.428,3.575055,6.547344,11304.262,1064.205,14028.529,18486.815,0.0,-14257.988,-2892.118,322.915,100,True,46.200902
NIPPON_STEEL_JP,Nippon Steel,JP,34.3,72.6,ACCELERATED_15C,DISCLOSED_PATH,PORT-9961527CE1F4,CAND-B22DEBDE0F4599,P1,PORT-9961527CE1F4,407.153943,22833.515,56.08079,False,False,2040,3.7550006099999997,-3.7550006099999997,True,True,True,True,,0.0,0.0,0.0,2,2,0.3870168063999999,0.65,1.52,P1,지연·현물조달,False,24843.5,2034,8019.0,58.239536,23712.457,23712.457,31682.543,407.153943,58.239536,109.840032,48434.076,44721.802,52691.888,21009.345,3360.916,-351.358,-0.0,77.814653,19.575118,67.357153,9.117618,0.0,0.0,0.0,0.0,0.0,407.153943,31682.543,3.223171,5.902905,13528.959,1064.205,15441.692,18975.541,0.0,-21009.345,-4290.689,2.096,100,True,24.43672
NIPPON_STEEL_JP,Nippon Steel,JP,34.3,72.6,DISCLOSED_PATH,DISCLOSED_PATH,PORT-92BAA222AC4A,CAND-62B732F24FF616,P1,PORT-92BAA222AC4A,365.968973,24475.147,66.877656,True,True,,0.0,3.446647212967946e-06,True,True,True,True,,0.0,0.0,0.0,2,2,0.45364541439999984,0.65,2.0,P1,지연·현물조달,False,26736.6,2038,7425.0,69.741372,25523.178,25523.178,32166.532,365.968973,69.741372,104.706802,41454.098,38319.441,44962.795,12796.263,2912.25,-222.407,-0.0,87.894151,18.152779,78.306736,8.565364,0.0,0.0,0.0,0.0,0.0,365.968973,32166.532,3.272409,5.993079,12170.68,951.847,11793.26,16556.987,0.0,-12796.263,-3209.922,56.588,100,True,47.033156
NIPPON_STEEL_JP,Nippon Steel,JP,34.3,72.6,ACCELERATED_15C,DISCLOSED_PATH,PORT-92BAA222AC4A,CAND-62B732F24FF616,P1,PORT-92BAA222AC4A,365.968973,20584.873,56.24759,False,False,2035,8.257752286632595,-8.257752286632595,True,True,True,True,,0.0,0.0,0.0,2,2,0.45364541439999984,0.65,2.0,P1,지연·현물조달,False,26736.6,2038,7425.0,59.592686,21809.074,21809.074,29104.414,365.968973,59.592686,111.156647,44280.798,40679.884,47975.224,18870.81,3566.538,-34.376,0.0,79.526999,19.934313,69.432083,9.839397,0.0,0.0,0.0,0.0,0.0,365.968973,29104.414,2.960889,5.422563,9806.387,951.847,14837.115,18158.337,0.0,-18870.81,-3051.77,-22.032,100,True,25.78987
NIPPON_STEEL_JP,Nippon Steel,JP,34.3,72.6,DISCLOSED_PATH,DISCLOSED_PATH,PORT-4025A7B6BA3A,CAND-54996F21D43414,P2,PORT-4025A7B6BA3A,379.748943,25591.241,67.389893,True,True,,0.0,3.446647212967946e-06,True,True,True,True,,0.0,0.0,0.0,2,2,0.3603653631999999,0.65,1.36,P2,지연·부분헤지,False,22286.0,2034,8019.0,69.87795,26536.078,26536.078,32206.636,379.748943,69.87795,104.92373,42851.886,39844.676,45515.234,13308.598,3001.645,-5.565,0.0,84.810338,14.932387,77.796893,7.918943,0.0,0.0,0.0,0.0,0.0,379.748943,32206.636,3.276488,6.000551,10151.517,1019.504,13367.783,17998.302,56.787,-13308.598,-3152.273,403.055,100,True,47.169734
NIPPON_STEEL_JP,Nippon Steel,JP,34.3,72.6,ACCELERATED_15C,DISCLOSED_PATH,PORT-4025A7B6BA3A,CAND-54996F21D43414,P2,PORT-4025A7B6BA3A,379.748943,21486.892,56.581834,False,False,2040,12.890000609999998,-12.890000609999998,True,True,True,True,,0.0,0.0,0.0,2,2,0.3603653631999999,0.65,1.36,P2,지연·부분헤지,False,22286.0,2034,8019.0,58.665327,22278.096,22278.096,28691.655,379.748943,58.665327,110.247517,45907.57,41866.378,48279.937,19588.282,3790.041,-251.151,-0.0,75.554272,16.888945,69.307075,10.641747,0.0,0.0,0.0,0.0,0.0,379.748943,28691.655,2.918898,5.34566,7996.186,1019.504,15214.933,20665.21,60.394,-19588.282,-3313.617,223.769,100,True,24.862511
NIPPON_STEEL_JP,Nippon Steel,JP,34.3,72.6,DISCLOSED_PATH,DISCLOSED_PATH,PORT-4025A7B6BA3A,CAND-0CCB31C64DEB2F,P1,PORT-4025A7B6BA3A,379.748943,26098.994,68.726969,True,True,,0.0,3.446647212967946e-06,True,True,True,True,,0.0,0.0,0.0,2,2,0.3603653631999999,0.65,1.36,P1,지연·현물조달,False,22286.0,2034,8019.0,71.521845,27160.345,27160.345,33784.186,379.748943,71.521845,106.567626,42918.67,40468.943,47092.784,13308.598,2426.764,-22.963,0.0,88.96453,17.442685,77.972758,6.450913,0.0,0.0,0.0,0.0,0.0,379.748943,33784.186,3.436978,6.294471,10251.426,1019.504,13364.798,17997.526,0.0,-13308.598,-2614.257,449.946,100,True,48.813629
NIPPON_STEEL_JP,Nippon Steel,JP,34.3,72.6,ACCELERATED_15C,DISCLOSED_PATH,PORT-4025A7B6BA3A,CAND-0CCB31C64DEB2F,P1,PORT-4025A7B6BA3A,379.748943,22238.796,58.561839,False,False,2040,12.890000609999998,-12.890000609999998,True,True,True,True,,0.0,0.0,0.0,2,2,0.3603653631999999,0.65,1.36,P1,지연·현물조달,False,22286.0,2034,8019.0,61.003274,23165.929,23165.929,30680.503,379.748943,61.003274,112.585463,45984.225,42754.211,50268.785,19588.282,2967.42,-262.595,0.0,80.791544,19.78827,69.508933,8.505658,0.0,0.0,0.0,0.0,0.0,379.748943,30680.503,3.12123,5.716211,7826.679,1019.504,15303.837,20781.001,0.0,-19588.282,-2381.732,204.922,100,True,27.200458
NIPPON_STEEL_JP,Nippon Steel,JP,34.3,72.6,DISCLOSED_PATH,DISCLOSED_PATH,PORT-00A7244DC13E,CAND-43ED54F71B5B31,P2,PORT-00A7244DC13E,366.843974,25748.39,70.188942,True,True,,0.0,3.446647212967946e-06,True,True,True,True,,0.0,0.0,0.0,2,2,0.3870168063999999,0.65,1.52,P2,지연·부분헤지,False,24604.8,2034,8019.0,72.653777,26652.6,26652.6,32388.18,366.843974,72.653777,107.629107,42882.716,39483.089,45218.67,12830.489,3220.415,-179.211,0.0,88.288708,15.634931,81.921004,9.267227,0.0,0.0,0.0,0.0,0.0,366.843974,32388.18,3.294958,6.034375,11095.662,977.9,13138.051,17574.78,57.131,-12830.489,-3376.206,15.771,100,True,49.945561
NIPPON_STEEL_JP,Nippon Steel,JP,34.3,72.6,ACCELERATED_15C,DISCLOSED_PATH,PORT-00A7244DC13E,CAND-43ED54F71B5B31,P2,PORT-00A7244DC13E,366.843974,21738.058,59.256959,False,False,2035,6.457752061632604,-6.457752061632604,True,True,True,True,,0.0,0.0,0.0,2,2,0.3870168063999999,0.65,1.52,P2,지연·부분헤지,False,24604.8,2034,8019.0,61.431487,22535.771,22535.771,28994.5,366.843974,61.431487,113.003848,45724.387,41454.78,47913.509,18919.01,4072.676,-196.93,-0.0,79.037688,17.606201,73.070239,11.638753,0.0,0.0,0.0,0.0,0.0,366.843974,28994.5,2.949707,5.402084,9038.977,977.9,14144.722,20959.302,60.675,-18919.01,-3722.373,-4.422,100,True,27.628671
NIPPON_STEEL_JP,Nippon Steel,JP,34.3,72.6,DISCLOSED_PATH,DISCLOSED_PATH,PORT-00A7244DC13E,CAND-450CB289C8C9D2,P1,PORT-00A7244DC13E,366.843974,26249.554,71.555092,True,True,,0.0,3.446647212967946e-06,True,True,True,True,,0.0,0.0,0.0,2,2,0.3870168063999999,0.65,1.52,P1,지연·현물조달,False,24604.8,2034,8019.0,74.389219,27289.237,27289.237,33968.242,366.843974,74.389219,109.364549,42980.125,40119.726,46798.732,12830.489,2617.135,-243.263,0.0,92.595885,18.206666,82.186536,7.797317,0.0,0.0,0.0,0.0,0.0,366.843974,33968.242,3.455703,6.328763,11210.306,977.9,13248.466,17526.946,0.0,-12830.489,-2838.579,-5.313,100,True,51.681003
NIPPON_STEEL_JP,Nippon Steel,JP,34.3,72.6,ACCELERATED_15C,DISCLOSED_PATH,PORT-00A7244DC13E,CAND-450CB289C8C9D2,P1,PORT-00A7244DC13E,366.843974,22490.116,61.307033,False,False,2035,6.457752061632604,-6.457752061632604,True,True,True,True,,0.0,0.0,0.0,2,2,0.3870168063999999,0.65,1.52,P1,지연·현물조달,False,24604.8,2034,8019.0,63.928575,23451.812,23451.812,30990.116,366.843974,63.928575,115.500936,45810.57,42370.822,49909.125,18919.01,3198.442,-241.306,-0.0,84.477647,20.549072,73.30517,9.376595,0.0,0.0,0.0,0.0,0.0,366.843974,30990.116,3.152728,5.773896,8896.535,977.9,14206.193,21107.77,0.0,-18919.01,-2806.267,-11.308,100,True,30.125759
NIPPON_STEEL_JP,Nippon Steel,JP,34.3,72.6,DISCLOSED_PATH,DISCLOSED_PATH,PORT-792EEE640306,CAND-0E307C2CAB5D7A,P2,PORT-792EEE640306,339.438974,24734.365,72.86837,True,True,,0.0,3.446647212967946e-06,True,True,True,True,,0.0,0.0,0.0,2,2,0.3603653631999999,0.65,1.36,P2,지연·부분헤지,False,22047.3,2034,8019.0,75.372402,25584.331,25584.331,31088.974,339.438974,75.372402,110.374568,40419.271,37465.43,42970.074,11881.1,2859.384,-94.456,0.0,91.589288,16.216886,84.074526,8.702125,0.0,0.0,0.0,0.0,0.0,339.438974,31088.974,3.162785,5.792315,9742.367,933.199,12295.61,17574.78,53.065,-11881.1,-2982.573,-151.017,100,True,52.664186
NIPPON_STEEL_JP,Nippon Steel,JP,34.3,72.6,ACCELERATED_15C,DISCLOSED_PATH,PORT-792EEE640306,CAND-0E307C2CAB5D7A,P2,PORT-792EEE640306,339.438974,21139.968,62.279141,False,False,2035,13.759996694999998,-13.759996694999998,True,True,True,True,,0.0,0.0,0.0,2,2,0.3603653631999999,0.65,1.36,P2,지연·부분헤지,False,22047.3,2034,8019.0,64.50722,21896.265,21896.265,28054.08,339.438974,64.50722,116.056829,43147.759,39394.211,45552.026,17497.946,3632.514,-121.035,-0.0,82.648376,18.141156,75.565316,11.058096,0.0,0.0,0.0,0.0,0.0,339.438974,28054.08,2.854035,5.226871,8170.183,933.199,12352.009,21197.228,56.414,-17497.946,-3392.942,78.118,100,True,30.704404
NIPPON_STEEL_JP,Nippon Steel,JP,34.3,72.6,DISCLOSED_PATH,DISCLOSED_PATH,PORT-0650AB6C64AE,CAND-BB1980A1B6CB5D,P1,PORT-0650AB6C64AE,408.503937,29984.113,73.399815,True,True,,0.0,3.446647212967946e-06,True,True,True,True,,0.0,0.0,0.0,2,2,0.3870168063999999,0.65,1.52,P1,지연·현물조달,False,24432.1,2032,6930.0,76.368521,31196.841,31196.841,38950.874,408.503937,76.368521,111.389465,48058.97,45503.035,53257.067,14306.193,2710.679,154.743,0.0,95.350057,18.981536,82.625341,6.25682,0.0,0.0,0.0,0.0,0.0,408.503937,38950.874,3.962602,7.257097,10680.222,1096.398,14387.081,21930.14,0.0,-14306.193,-2726.386,135.58,100,True,53.660305
NIPPON_STEEL_JP,Nippon Steel,JP,34.3,72.6,ACCELERATED_15C,DISCLOSED_PATH,PORT-0650AB6C64AE,CAND-BB1980A1B6CB5D,P1,PORT-0650AB6C64AE,408.503937,25814.361,63.192442,False,False,2040,4.005001334999999,-4.005001334999999,True,True,True,True,,0.0,0.0,0.0,2,2,0.3870168063999999,0.65,1.52,P1,지연·현물조달,False,24432.1,2032,6930.0,66.302293,27084.748,27084.748,35451.161,408.503937,66.302293,117.896746,51295.855,48161.285,56527.698,21076.537,3306.568,171.998,-0.0,86.782912,20.480619,73.975585,7.673292,0.0,0.0,0.0,0.0,0.0,408.503937,35451.161,3.606565,6.605052,12157.389,1096.398,15732.439,23117.239,0.0,-21076.537,-3781.786,-160.393,100,True,32.499477
NIPPON_STEEL_JP,Nippon Steel,JP,34.3,72.6,DISCLOSED_PATH,DISCLOSED_PATH,PORT-792EEE640306,CAND-51563CC4DFE733,P1,PORT-792EEE640306,339.438974,25238.655,74.354028,True,True,,0.0,3.446647212967946e-06,True,True,True,True,,0.0,0.0,0.0,2,2,0.3603653631999999,0.65,1.36,P1,지연·현물조달,False,22047.3,2034,8019.0,77.257407,26224.175,26224.175,32609.551,339.438974,77.257407,112.259574,40511.269,38105.274,44490.65,11881.1,2261.388,-144.607,0.0,96.068964,18.811558,84.345558,7.088151,0.0,0.0,0.0,0.0,0.0,339.438974,32609.551,3.317478,6.075619,9847.232,933.199,12435.718,17526.946,0.0,-11881.1,-2442.848,-194.972,100,True,54.549191
NIPPON_STEEL_JP,Nippon Steel,JP,34.3,72.6,ACCELERATED_15C,DISCLOSED_PATH,PORT-792EEE640306,CAND-51563CC4DFE733,P1,PORT-792EEE640306,339.438974,21895.397,64.504665,False,False,2035,13.759996694999998,-13.759996694999998,True,True,True,True,,0.0,0.0,0.0,2,2,0.3603653631999999,0.65,1.36,P1,지연·현물조달,False,22047.3,2034,8019.0,67.04955,22759.23,22759.23,29988.076,339.438974,67.04955,118.599158,43231.646,40257.177,47486.022,17497.946,2766.014,-208.455,0.0,88.346002,21.296452,75.812449,8.762899,0.0,0.0,0.0,0.0,0.0,339.438974,29988.076,3.050787,5.587202,12084.998,933.199,12093.089,18975.541,0.0,-17497.946,-3787.632,-42.018,100,True,33.246734
NIPPON_STEEL_JP,Nippon Steel,JP,34.3,72.6,DISCLOSED_PATH,DISCLOSED_PATH,PORT-760BEDA2ECE0,CAND-478F19D65CB3E6,P2,PORT-760BEDA2ECE0,326.243969,24676.661,75.638673,True,True,,0.0,3.446647212967946e-06,True,True,True,True,,0.0,0.0,0.0,2,2,0.3603653631999999,0.65,1.36,P2,지연·부분헤지,False,22456.5,2034,8019.0,78.161076,25499.58,25499.58,30867.344,326.243969,78.161076,113.141933,39898.429,36911.873,42279.637,11412.293,2871.39,-115.166,0.0,94.614297,16.45322,87.31544,9.154364,0.0,0.0,0.0,0.0,0.0,326.243969,30867.344,3.140238,5.751022,9775.412,907.901,11694.304,17574.78,52.39,-11412.293,-2990.689,-102.225,100,True,55.45286
NIPPON_STEEL_JP,Nippon Steel,JP,34.3,72.6,ACCELERATED_15C,DISCLOSED_PATH,PORT-760BEDA2ECE0,CAND-478F19D65CB3E6,P2,PORT-760BEDA2ECE0,326.243969,21243.94,65.116729,False,False,2035,12.74499771,-12.74499771,True,True,True,True,,0.0,0.0,0.0,2,2,0.3603653631999999,0.65,1.36,P2,지연·부분헤지,False,22456.5,2034,8019.0,67.416947,21994.372,21994.372,27990.272,326.243969,67.416947,118.916257,42560.603,38795.712,44791.612,16801.339,3655.67,-109.222,0.0,85.795524,18.378577,78.957059,11.540111,0.0,0.0,0.0,0.0,0.0,326.243969,27990.272,2.847544,5.214983,9775.412,907.901,12814.302,19073.012,55.649,-16801.339,-3784.086,-46.479,100,True,33.614131
NIPPON_STEEL_JP,Nippon Steel,JP,34.3,72.6,DISCLOSED_PATH,DISCLOSED_PATH,PORT-160DD6C4A97F,CAND-97FAAFFD87E907,P1,PORT-160DD6C4A97F,442.153947,19641.24,44.421722,True,False,,0.0,3.446647212967946e-06,False,False,True,True,2034,4.469999115000004,0.0,0.0,2,2,0.41255777279999983,0.65,1.68,P1,지연·현물조달,False,26318.6,2036,6237.0,46.112531,20388.838,20388.838,26523.068,442.153947,46.112531,81.119046,38775.848,35867.107,42001.337,15478.269,2972.63,63.889,-0.0,59.986049,13.873518,52.691102,6.578571,0.0,0.0,0.0,0.0,0.0,442.153947,26523.068,2.69828,4.941622,11728.165,1045.57,17497.134,8385.504,0.0,-15478.269,-3011.432,222.165,100,True,23.404315
NIPPON_STEEL_JP,Nippon Steel,JP,34.3,72.6,ACCELERATED_15C,DISCLOSED_PATH,PORT-160DD6C4A97F,CAND-97FAAFFD87E907,P1,PORT-160DD6C4A97F,442.153947,14258.889,32.248699,True,True,,0.0,3.446647212967946e-06,True,True,True,True,,0.0,0.0,0.0,2,2,0.41255777279999983,0.65,1.68,P1,지연·현물조달,False,26318.6,2036,6237.0,33.802816,14946.049,14946.049,21868.401,442.153947,33.802816,85.445022,41545.442,37779.854,44702.206,22833.805,3607.093,-158.496,0.0,49.458794,15.655978,42.319281,8.516465,0.0,0.0,0.0,0.0,0.0,442.153947,21868.401,2.224745,4.074392,10470.675,1045.57,17616.456,11894.893,0.0,-22833.805,-3320.198,72.458,100,True,0.0
NIPPON_STEEL_JP,Nippon Steel,JP,34.3,72.6,DISCLOSED_PATH,DISCLOSED_PATH,PORT-0ACD636A8AEE,CAND-32B1C4DEC95227,P3,PORT-0ACD636A8AEE,446.878947,25357.995,56.744663,True,False,,0.0,3.446647212967946e-06,False,False,True,True,2034,3.3599990099999992,0.0,0.0,2,2,0.47641018879999986,0.65,2.16,P3,균형형 라이트헤지,False,29123.6,2038,7425.0,58.318177,26061.166,26061.166,31382.032,446.878947,58.318177,93.320848,46448.063,41703.122,47023.989,15641.957,4701.981,-42.96,0.0,70.224906,11.906729,68.936132,10.617955,0.0,0.0,0.0,0.0,0.0,446.878947,31382.032,3.192599,5.846915,13033.872,1108.15,16346.843,15756.6,197.018,-15641.957,-4700.501,-38.86,100,True,35.609961
NIPPON_STEEL_JP,Nippon Steel,JP,34.3,72.6,ACCELERATED_15C,DISCLOSED_PATH,PORT-0ACD636A8AEE,CAND-32B1C4DEC95227,P3,PORT-0ACD636A8AEE,446.878947,19867.245,44.457778,True,True,,0.0,3.446647212967946e-06,True,True,True,True,,0.0,0.0,0.0,2,2,0.47641018879999986,0.65,2.16,P3,균형형 라이트헤지,False,29123.6,2038,7425.0,46.203557,20647.397,20647.397,26368.961,446.878947,46.203557,97.848004,49746.486,43726.213,49447.777,23078.816,6003.597,-16.677,0.0,59.006944,12.803387,59.675379,13.471821,0.0,0.0,0.0,0.0,0.0,446.878947,26368.961,2.682602,4.91291,13033.872,1108.15,18011.017,17360.294,210.235,-23078.816,-6012.515,15.16,100,True,12.400741
NIPPON_STEEL_JP,Nippon Steel,JP,34.3,72.6,DISCLOSED_PATH,DISCLOSED_PATH,PORT-0ACD636A8AEE,CAND-2E3E235F5F3F44,P2,PORT-0ACD636A8AEE,446.878947,25974.471,58.124177,True,False,,0.0,3.446647212967946e-06,False,False,True,True,2034,3.3599990099999992,0.0,0.0,2,2,0.47641018879999986,0.65,2.16,P2,지연·부분헤지,False,29123.6,2038,7425.0,60.111321,26862.484,26862.484,33538.724,446.878947,60.111321,95.113993,46498.78,42504.441,49180.681,15641.957,3920.945,-73.394,0.0,75.051028,14.939707,69.049624,8.938302,0.0,0.0,0.0,0.0,0.0,446.878947,33538.724,3.412006,6.248738,11881.294,1108.15,15750.063,17367.645,64.942,-15641.957,-3708.739,41.086,100,True,37.403105
NIPPON_STEEL_JP,Nippon Steel,JP,34.3,72.6,ACCELERATED_15C,DISCLOSED_PATH,PORT-0ACD636A8AEE,CAND-2E3E235F5F3F44,P2,PORT-0ACD636A8AEE,446.878947,20785.807,46.513282,True,True,,0.0,3.446647212967946e-06,True,True,True,True,,0.0,0.0,0.0,2,2,0.47641018879999986,0.65,2.16,P2,지연·부분헤지,False,29123.6,2038,7425.0,48.808019,21811.276,21811.276,28994.51,446.878947,48.808019,100.452466,49804.508,44890.092,52073.326,23078.816,4921.202,6.786,0.0,64.882247,16.074228,59.805217,10.997197,0.0,0.0,0.0,0.0,0.0,446.878947,28994.51,2.949708,5.402086,16181.637,1108.15,19782.331,13623.219,68.961,-23078.816,-5831.778,-42.428,100,True,15.005203
NIPPON_STEEL_JP,Nippon Steel,JP,34.3,72.6,DISCLOSED_PATH,DISCLOSED_PATH,PORT-0ACD636A8AEE,CAND-8A32EE77ABBE07,P1,PORT-0ACD636A8AEE,446.878947,26404.464,59.086391,True,False,,0.0,3.446647212967946e-06,False,False,True,True,2034,3.3599990099999992,0.0,0.0,2,2,0.47641018879999986,0.65,2.16,P1,지연·현물조달,False,29123.6,2038,7425.0,61.422387,27448.372,27448.372,35285.729,446.878947,61.422387,96.425058,46608.252,43090.328,50927.686,15641.957,3400.315,-117.61,0.0,78.960375,17.537988,69.294595,7.872208,0.0,0.0,0.0,0.0,0.0,446.878947,35285.729,3.589735,6.574229,13179.854,1108.15,16479.62,15816.256,0.0,-15641.957,-3453.84,-39.712,100,True,38.714171
NIPPON_STEEL_JP,Nippon Steel,JP,34.3,72.6,ACCELERATED_15C,DISCLOSED_PATH,PORT-0ACD636A8AEE,CAND-8A32EE77ABBE07,P1,PORT-0ACD636A8AEE,446.878947,21418.195,47.928405,True,True,,0.0,3.446647212967946e-06,True,True,True,True,,0.0,0.0,0.0,2,2,0.47641018879999986,0.65,2.16,P1,지연·현물조달,False,29123.6,2038,7425.0,50.632051,22626.398,22626.398,31012.633,446.878947,50.632051,102.276497,49858.323,45705.213,54091.449,23078.816,4161.564,8.454,0.0,69.398286,18.766235,59.925641,9.293591,0.0,0.0,0.0,0.0,0.0,446.878947,31012.633,3.155018,5.778091,13179.854,1108.15,18150.5,17439.114,0.0,-23078.816,-4218.751,46.346,100,True,16.829235
NIPPON_STEEL_JP,Nippon Steel,JP,34.3,72.6,DISCLOSED_PATH,DISCLOSED_PATH,PORT-1411E33E415A,CAND-0902F4B4859A1C,P2,PORT-1411E33E415A,447.753948,27676.996,61.812958,True,False,,0.0,3.446647212967946e-06,False,False,True,True,2036,3.2699989650000028,0.0,0.0,2,2,0.41255777279999983,0.65,1.68,P2,지연·부분헤지,False,26991.8,2034,8019.0,63.762821,28550.055,28550.055,35026.679,447.753948,63.762821,98.773531,48365.855,44226.238,50702.863,15676.183,3731.049,-408.567,-0.0,78.227517,14.464695,73.008114,9.245293,0.0,0.0,0.0,0.0,0.0,447.753948,35026.679,3.563381,6.525965,14677.31,1134.203,15333.022,17535.62,65.594,-15676.183,-4406.973,-112.538,100,True,41.054605
NIPPON_STEEL_JP,Nippon Steel,JP,34.3,72.6,ACCELERATED_15C,DISCLOSED_PATH,PORT-1411E33E415A,CAND-0902F4B4859A1C,P2,PORT-1411E33E415A,447.753948,22579.1,50.427473,True,True,,0.0,3.446647212967946e-06,True,True,True,True,,0.0,0.0,0.0,2,2,0.41255777279999983,0.65,1.68,P2,지연·부분헤지,False,26991.8,2034,8019.0,52.154162,23352.232,23352.232,30636.302,447.753948,52.154162,103.805333,51518.645,46479.248,53763.318,23127.016,4670.504,-368.893,0.0,68.422181,16.26802,63.408998,11.254836,0.0,0.0,0.0,0.0,0.0,447.753948,30636.302,3.116733,5.707975,10393.42,1134.203,18476.21,20665.21,69.68,-23127.016,-4152.676,-106.8,100,True,18.351346
NIPPON_STEEL_JP,Nippon Steel,JP,34.3,72.6,DISCLOSED_PATH,DISCLOSED_PATH,PORT-1411E33E415A,CAND-009A19D2863AA5,P1,PORT-1411E33E415A,447.753948,28178.871,62.933831,True,False,,0.0,3.446647212967946e-06,False,False,True,True,2036,3.2699989650000028,0.0,0.0,2,2,0.41255777279999983,0.65,1.68,P1,지연·현물조달,False,26991.8,2034,8019.0,65.082917,29141.133,29141.133,36747.55,447.753948,65.082917,100.093627,48456.87,44817.317,52423.734,15676.183,3076.847,-562.706,-0.0,82.070857,16.98794,73.211385,8.128467,0.0,0.0,0.0,0.0,0.0,447.753948,36747.55,3.738451,6.846587,15034.546,1134.203,15221.221,17483.434,0.0,-15676.183,-3941.548,-114.54,100,True,42.374701
NIPPON_STEEL_JP,Nippon Steel,JP,34.3,72.6,ACCELERATED_15C,DISCLOSED_PATH,PORT-1411E33E415A,CAND-009A19D2863AA5,P1,PORT-1411E33E415A,447.753948,23323.438,52.089855,True,True,,0.0,3.446647212967946e-06,True,True,True,True,,0.0,0.0,0.0,2,2,0.41255777279999983,0.65,1.68,P1,지연·현물조달,False,26991.8,2034,8019.0,54.154138,24247.729,24247.729,32773.823,447.753948,54.154138,105.805309,51578.702,47374.745,55900.839,23127.016,3750.096,-453.861,0.0,73.196056,19.041918,63.543127,9.388989,0.0,0.0,0.0,0.0,0.0,447.753948,32773.823,3.33419,6.106226,10215.17,1134.203,18628.687,20781.001,0.0,-23127.016,-3213.852,-170.465,100,True,20.351322
NIPPON_STEEL_JP,Nippon Steel,JP,34.3,72.6,DISCLOSED_PATH,DISCLOSED_PATH,PORT-28AC80454322,CAND-BE3632C0C6EBCB,P1,PORT-28AC80454322,449.103942,31053.092,69.144554,True,False,,0.0,3.446647212967946e-06,False,False,True,True,2036,4.0200011400000015,0.0,0.0,2,2,0.41255777279999983,0.65,1.68,P1,지연·현물조달,False,26580.4,2032,6930.0,71.757005,32226.354,32226.354,40273.608,449.103942,71.757005,106.769812,50990.767,47950.743,55997.998,15724.389,3082.294,42.271,-0.0,89.675473,17.918467,78.526092,6.769087,0.0,0.0,0.0,0.0,0.0,449.103942,40273.608,4.097168,7.503541,9329.885,1166.396,16266.255,23709.692,0.0,-15724.389,-2415.672,-105.814,100,True,49.048789
NIPPON_STEEL_JP,Nippon Steel,JP,34.3,72.6,ACCELERATED_15C,DISCLOSED_PATH,PORT-28AC80454322,CAND-BE3632C0C6EBCB,P1,PORT-28AC80454322,449.103942,26304.285,58.570594,True,True,,0.0,3.446647212967946e-06,True,True,True,True,,0.0,0.0,0.0,2,2,0.41255777279999983,0.65,1.68,P1,지연·현물조달,False,26580.4,2032,6930.0,61.763474,27738.219,27738.219,36406.431,449.103942,61.763474,113.408996,54261.654,50932.427,59600.639,23194.208,3753.854,424.627,0.0,81.064599,19.301126,69.176517,7.413044,0.0,0.0,0.0,0.0,0.0,449.103942,36406.431,3.703748,6.783032,9329.885,1166.396,17939.511,25595.684,0.0,-23194.208,-2937.633,-161.417,100,True,27.960658
NIPPON_STEEL_JP,Nippon Steel,JP,34.3,72.6,DISCLOSED_PATH,DISCLOSED_PATH,PORT-42FD0857B83C,CAND-4C03DDE7A8F948,P3,PORT-42FD0857B83C,452.478948,33309.485,73.615546,True,False,,0.0,3.446647212967946e-06,False,False,True,True,2036,0.39999896500000176,0.0,0.0,2,2,0.47641018879999986,0.65,2.16,P3,균형형 라이트헤지,False,29796.8,2034,8019.0,75.476291,34151.433,34151.433,40598.507,452.478948,75.476291,110.483161,55507.318,49991.304,56438.378,15839.871,5542.39,26.376,0.0,89.724632,14.248341,87.666945,12.190653,0.0,0.0,0.0,0.0,0.0,452.478948,40598.507,4.130221,7.564075,12069.61,1196.784,16389.611,25259.682,230.757,-15839.871,-5194.721,39.581,100,True,52.768075
NIPPON_STEEL_JP,Nippon Steel,JP,34.3,72.6,ACCELERATED_15C,DISCLOSED_PATH,PORT-42FD0857B83C,CAND-4C03DDE7A8F948,P3,PORT-42FD0857B83C,452.478948,28014.913,61.91429,True,True,,0.0,3.446647212967946e-06,True,True,True,True,,0.0,0.0,0.0,2,2,0.47641018879999986,0.65,2.16,P3,균형형 라이트헤지,False,29796.8,2034,8019.0,64.003824,28960.383,28960.383,35932.494,452.478948,64.003824,115.657115,59452.564,52332.41,59304.521,23372.027,7242.103,121.948,-0.0,79.41252,15.408696,79.739704,15.73588,0.0,0.0,0.0,0.0,0.0,452.478948,35932.494,3.655532,6.694731,15957.734,1196.784,19128.217,23569.884,246.48,-23372.027,-7720.141,-46.549,100,True,30.201008
NIPPON_STEEL_JP,Nippon Steel,JP,34.3,72.6,DISCLOSED_PATH,DISCLOSED_PATH,PORT-42FD0857B83C,CAND-91BB5A02A7A61F,P2,PORT-42FD0857B83C,452.478948,34274.166,75.747538,True,False,,0.0,3.446647212967946e-06,False,False,True,True,2036,0.39999896500000176,0.0,0.0,2,2,0.47641018879999986,0.65,2.16,P2,지연·부분헤지,False,29796.8,2034,8019.0,78.16574,35368.352,35368.352,43437.05,452.478948,78.16574,113.172609,55565.108,51208.223,59276.921,15839.871,4352.921,-3.965,-0.0,95.997946,17.832206,87.794663,9.628924,0.0,0.0,0.0,0.0,0.0,452.478948,43437.05,4.418996,8.092935,11804.624,1196.784,16519.643,25493.436,74.201,-15839.871,-3936.242,55.778,100,True,55.457524
NIPPON_STEEL_JP,Nippon Steel,JP,34.3,72.6,ACCELERATED_15C,DISCLOSED_PATH,PORT-42FD0857B83C,CAND-91BB5A02A7A61F,P2,PORT-42FD0857B83C,452.478948,29480.361,65.153001,True,True,,0.0,3.446647212967946e-06,True,True,True,True,,0.0,0.0,0.0,2,2,0.47641018879999986,0.65,2.16,P2,지연·부분헤지,False,29796.8,2034,8019.0,67.547586,30563.861,30563.861,39554.319,452.478948,67.547586,119.200878,59486.161,53935.888,62926.346,23372.027,5510.776,-39.498,-0.0,87.416927,19.869341,79.813955,12.266369,0.0,0.0,0.0,0.0,0.0,452.478948,39554.319,4.023993,7.369528,16590.007,1196.784,19497.508,23016.425,78.88,-23372.027,-6384.354,-59.363,100,True,33.74477
NIPPON_STEEL_JP,Nippon Steel,JP,34.3,72.6,DISCLOSED_PATH,DISCLOSED_PATH,PORT-42FD0857B83C,CAND-C0EAED81BD41EE,P1,PORT-42FD0857B83C,452.478948,34942.096,77.223694,True,False,,0.0,3.446647212967946e-06,False,False,True,True,2036,0.39999896500000176,0.0,0.0,2,2,0.47641018879999986,0.65,2.16,P1,지연·현물조달,False,29796.8,2034,8019.0,80.134052,36258.972,36258.972,45594.638,452.478948,80.134052,115.140921,55603.919,52098.843,61434.509,15839.871,3567.431,62.354,-0.0,100.766319,20.632267,87.880438,7.746385,0.0,0.0,0.0,0.0,0.0,452.478948,45594.638,4.638494,8.494924,11627.966,1196.784,16649.675,25649.272,0.0,-15839.871,-3083.833,58.979,100,True,57.425836
NIPPON_STEEL_JP,Nippon Steel,JP,34.3,72.6,ACCELERATED_15C,DISCLOSED_PATH,PORT-42FD0857B83C,CAND-C0EAED81BD41EE,P1,PORT-42FD0857B83C,452.478948,30482.744,67.368315,True,True,,0.0,3.446647212967946e-06,True,True,True,True,,0.0,0.0,0.0,2,2,0.47641018879999986,0.65,2.16,P1,지연·현물조달,False,29796.8,2034,8019.0,70.109566,31723.103,31723.103,42297.378,452.478948,70.109566,121.762858,59525.238,55095.13,65669.405,23372.027,4372.372,-57.736,0.0,93.479217,23.369651,79.900317,9.790751,0.0,0.0,0.0,0.0,0.0,452.478948,42297.378,4.303053,7.880598,11678.863,1196.784,17092.934,28828.633,0.0,-23372.027,-3807.026,104.942,100,True,36.30675
NIPPON_STEEL_JP,Nippon Steel,JP,34.3,72.6,DISCLOSED_PATH,DISCLOSED_PATH,PORT-3391EE4132D6,CAND-61C6F8AE75933E,P3,PORT-3391EE4132D6,453.828942,35968.159,79.254882,True,False,,0.0,3.446647212967946e-06,False,False,True,True,2036,1.1500011400000005,0.0,0.0,2,2,0.47641018879999986,0.65,2.16,P3,균형형 라이트헤지,False,29385.4,2038,7425.0,81.074448,36793.931,36793.931,43171.388,453.828942,81.074448,116.083403,58105.027,52682.008,59059.465,15888.077,5743.38,320.36,0.0,95.127005,14.052558,93.023927,11.949479,0.0,0.0,0.0,0.0,0.0,453.828942,43171.388,4.391969,8.043439,12046.304,1228.977,16942.054,27635.226,241.339,-15888.077,-5413.961,2.069,100,True,58.366232
NIPPON_STEEL_JP,Nippon Steel,JP,34.3,72.6,ACCELERATED_15C,DISCLOSED_PATH,PORT-3391EE4132D6,CAND-61C6F8AE75933E,P3,PORT-3391EE4132D6,453.828942,30654.444,67.546252,True,True,,0.0,3.446647212967946e-06,True,True,True,True,,0.0,0.0,0.0,2,2,0.47641018879999986,0.65,2.16,P3,균형형 라이트헤지,False,29385.4,2038,7425.0,69.349344,31472.739,31472.739,38540.254,453.828942,69.349344,120.997039,62268.105,54911.958,61979.473,23439.219,7551.172,195.025,-0.0,84.922425,15.573081,85.558418,16.209074,0.0,0.0,0.0,0.0,0.0,453.828942,38540.254,3.920829,7.180593,11386.657,1228.977,17613.005,31464.054,257.505,-23439.219,-7037.537,-0.704,100,True,35.546528
NIPPON_STEEL_JP,Nippon Steel,JP,34.3,72.6,DISCLOSED_PATH,DISCLOSED_PATH,PORT-3391EE4132D6,CAND-45605758418B60,P2,PORT-3391EE4132D6,453.828942,37060.94,81.662796,True,False,,0.0,3.446647212967946e-06,False,False,True,True,2036,1.1500011400000005,0.0,0.0,2,2,0.47641018879999986,0.65,2.16,P2,지연·부분헤지,False,29385.4,2038,7425.0,84.02333,38132.219,38132.219,46133.081,453.828942,84.02333,119.032286,58070.487,54020.296,62021.159,15888.077,4473.04,422.849,0.0,101.653017,17.629687,92.947817,8.924487,0.0,0.0,0.0,0.0,0.0,453.828942,46133.081,4.693272,8.595244,11792.402,1228.977,17209.352,27738.596,76.953,-15888.077,-4022.936,-3.048,100,True,61.315114
NIPPON_STEEL_JP,Nippon Steel,JP,34.3,72.6,ACCELERATED_15C,DISCLOSED_PATH,PORT-3391EE4132D6,CAND-45605758418B60,P2,PORT-3391EE4132D6,453.828942,32323.548,71.224078,True,True,,0.0,3.446647212967946e-06,True,True,True,True,,0.0,0.0,0.0,2,2,0.47641018879999986,0.65,2.16,P2,지연·부분헤지,False,29385.4,2038,7425.0,73.672233,33434.592,33434.592,42399.952,453.828942,73.672233,125.319928,62257.039,56873.81,65839.171,23439.219,5697.882,314.653,0.0,93.427166,19.754933,85.534035,11.861802,0.0,0.0,0.0,0.0,0.0,453.828942,42399.952,4.313488,7.899709,11792.402,1228.977,18850.83,30047.099,81.75,-23439.219,-5153.461,26.213,100,True,39.869417
NIPPON_STEEL_JP,Nippon Steel,JP,34.3,72.6,DISCLOSED_PATH,DISCLOSED_PATH,PORT-3391EE4132D6,CAND-185224D49A1B91,P1,PORT-3391EE4132D6,453.828942,37816.316,83.327247,True,False,,0.0,3.446647212967946e-06,False,False,True,True,2036,1.1500011400000005,0.0,0.0,2,2,0.47641018879999986,0.65,2.16,P1,지연·현물조달,False,29385.4,2038,7425.0,86.152399,39098.452,39098.452,48435.625,453.828942,86.152399,121.161354,58128.199,54986.529,64323.702,15888.077,3530.301,388.631,0.0,106.72661,20.574212,93.074986,6.922587,0.0,0.0,0.0,0.0,0.0,453.828942,48435.625,4.927517,9.02424,13742.664,1228.977,15610.052,28047.67,0.0,-15888.077,-3650.875,8.041,100,True,63.444183
NIPPON_STEEL_JP,Nippon Steel,JP,34.3,72.6,ACCELERATED_15C,DISCLOSED_PATH,PORT-3391EE4132D6,CAND-185224D49A1B91,P1,PORT-3391EE4132D6,453.828942,33463.591,73.736132,True,True,,0.0,3.446647212967946e-06,True,True,True,True,,0.0,0.0,0.0,2,2,0.47641018879999986,0.65,2.16,P1,지연·현물조달,False,29385.4,2038,7425.0,76.831135,34868.193,34868.193,45359.117,453.828942,76.831135,128.47883,62321.936,58307.411,68798.336,23439.219,4333.282,318.757,0.0,99.947609,23.116473,85.677034,8.845899,0.0,0.0,0.0,0.0,0.0,453.828942,45359.117,4.614534,8.451044,10709.776,1228.977,17742.04,32122.556,0.0,-23439.219,-3493.647,-2.29,100,True,43.028319
NIPPON_STEEL_JP,Nippon Steel,JP,34.3,72.6,DISCLOSED_PATH,DISCLOSED_PATH,PORT-D74D023C0D05,CAND-1FF01FDB28F13A,P4,PORT-D74D023C0D05,521.418946,49114.443,94.193822,True,False,,0.0,3.446647212967946e-06,False,False,True,True,2028,0.4799982000000007,0.0,0.5400000000000009,2,2,0.5333221247999997,0.65,2.6399999999999997,P4,균형형 전환,False,32153.0,2033,8019.0,95.691438,49895.329,49895.329,56450.237,521.418946,95.691438,130.65562,77244.47,68126.316,74681.225,18230.987,9314.934,196.78,-0.0,108.262728,12.57129,113.178632,17.487194,0.0,0.0,0.0,0.0,0.0,521.418946,56450.237,5.742871,10.517476,18161.738,1522.1,17710.222,39902.892,701.932,-18230.987,-9822.68,-49.887,100,True,72.983222
NIPPON_STEEL_JP,Nippon Steel,JP,34.3,72.6,ACCELERATED_15C,DISCLOSED_PATH,PORT-D74D023C0D05,CAND-1FF01FDB28F13A,P4,PORT-D74D023C0D05,521.418946,42713.381,81.917585,True,True,,0.0,3.446647212967946e-06,True,True,True,True,,0.0,0.0,0.0,2,2,0.5333221247999997,0.65,2.6399999999999997,P4,균형형 전환,False,32153.0,2033,8019.0,83.64088,43611.94,43611.94,50404.186,521.418946,83.64088,135.055473,83089.281,70420.483,77212.729,26808.543,12731.518,62.72,0.0,96.667346,13.026466,107.937654,24.296773,0.0,0.0,0.0,0.0,0.0,521.418946,50404.186,5.127786,9.391011,14705.323,1522.1,20585.459,45329.332,753.268,-26808.543,-12536.97,61.97,100,True,49.838064
NIPPON_STEEL_JP,Nippon Steel,JP,34.3,72.6,DISCLOSED_PATH,DISCLOSED_PATH,PORT-34AD95AD1263,CAND-CDFE2587E5584F,P4,PORT-34AD95AD1263,522.518939,51527.28,98.613229,True,False,,0.0,3.446647212967946e-06,False,False,True,True,2028,0.0,0.0,0.5400000000000009,2,2,0.5333221247999997,0.65,2.6399999999999997,P4,균형형 전환,False,31741.6,2037,7425.0,100.118791,52313.965,52313.965,58808.089,522.518939,100.118791,135.082992,80423.512,70583.421,77077.546,18269.457,9653.578,-186.512,0.0,112.547287,12.428496,118.950819,18.832027,0.0,0.0,0.0,0.0,0.0,522.518939,58808.089,5.982743,10.956777,16010.459,1552.928,18006.158,43964.941,726.27,-18269.457,-9730.298,52.964,100,True,77.410575
NIPPON_STEEL_JP,Nippon Steel,JP,34.3,72.6,ACCELERATED_15C,DISCLOSED_PATH,PORT-34AD95AD1263,CAND-CDFE2587E5584F,P4,PORT-34AD95AD1263,522.518939,45000.915,86.123031,True,True,,0.0,3.446647212967946e-06,True,True,True,True,,0.0,0.0,0.0,2,2,0.5333221247999997,0.65,2.6399999999999997,P4,균형형 전환,False,31741.6,2037,7425.0,87.342137,45637.921,45637.921,52549.288,522.518939,87.342137,138.746462,86006.908,72497.654,79409.021,26859.733,13338.274,-170.98,0.0,100.569155,13.227018,113.196232,25.854095,0.0,0.0,0.0,0.0,0.0,522.518939,52549.288,5.346014,9.790674,16010.459,1552.928,19774.914,47791.189,778.267,-26859.733,-13369.792,-40.312,100,True,53.539321
NIPPON_STEEL_JP,Nippon Steel,JP,34.3,72.6,DISCLOSED_PATH,DISCLOSED_PATH,PORT-7DC6DDA55D96,CAND-004C84C918F9F0,P2,PORT-7DC6DDA55D96,209.368973,20043.231,95.731622,False,False,2030,4.807752286632599,-4.807752286632599,True,True,True,True,,0.0,0.0,0.0,2,2,0.4298908671999999,0.65,1.84,P2,지연·부분헤지,False,23326.6,2038,7425.0,98.976676,20722.645,20722.645,25113.238,209.368973,98.976676,133.947907,30458.089,28044.536,32435.129,7321.891,2544.577,131.024,0.0,119.947277,20.970601,110.504424,11.527748,0.0,0.0,0.0,0.0,0.0,209.368973,25113.238,2.554853,4.678951,6401.173,621.563,6178.266,16894.173,40.164,-7321.891,-2086.089,-4.714,100,True,76.26846
NIPPON_STEEL_JP,Nippon Steel,JP,34.3,72.6,ACCELERATED_15C,DISCLOSED_PATH,PORT-7DC6DDA55D96,CAND-004C84C918F9F0,P2,PORT-7DC6DDA55D96,209.368973,17931.869,85.647215,False,False,2030,21.3077522866326,-21.3077522866326,True,True,True,True,,0.0,0.0,0.0,2,2,0.4298908671999999,0.65,1.84,P2,지연·부분헤지,False,23326.6,2038,7425.0,88.767431,18585.146,18585.146,23327.186,209.368973,88.767431,140.768997,32754.69,29472.66,34214.7,10887.514,3284.946,2.917,0.0,111.416631,22.649199,104.443248,15.675816,0.0,0.0,0.0,0.0,0.0,209.368973,23327.186,2.373152,4.346184,6938.405,621.563,6577.515,18054.887,42.651,-10887.514,-2797.06,34.7,100,True,54.964615
NIPPON_STEEL_JP,Nippon Steel,JP,34.3,72.6,DISCLOSED_PATH,DISCLOSED_PATH,PORT-91584DA203D9,CAND-005FE12044C08C,P2,PORT-91584DA203D9,223.148943,21588.607,96.745279,False,False,2030,8.940000609999998,-8.940000609999998,True,True,True,True,,0.0,0.0,0.0,2,2,0.3325551616000001,0.65,1.2,P2,지연·부분헤지,False,18876.0,2034,8019.0,99.402801,22181.63,22181.63,27133.611,223.148943,99.402801,134.510412,32199.149,30015.856,34967.837,7834.226,2131.908,-51.385,0.0,121.59417,22.191369,109.186817,9.784016,0.0,0.0,0.0,0.0,0.0,223.148943,27133.611,2.760393,5.055375,7003.024,689.22,6102.423,18438.663,40.472,-7834.226,-2195.637,-62.308,100,True,76.694585
NIPPON_STEEL_JP,Nippon Steel,JP,34.3,72.6,ACCELERATED_15C,DISCLOSED_PATH,PORT-91584DA203D9,CAND-005FE12044C08C,P2,PORT-91584DA203D9,223.148943,19473.996,87.26905,False,False,2030,25.94000061,-25.94000061,True,True,True,True,,0.0,0.0,0.0,2,2,0.3325551616000001,0.65,1.2,P2,지연·부분헤지,False,18876.0,2034,8019.0,90.218227,20132.102,20132.102,25499.718,223.148943,90.218227,142.223791,34478.679,31737.089,37104.705,11604.987,2773.943,32.352,0.0,114.272189,24.053962,102.504151,12.285923,0.0,0.0,0.0,0.0,0.0,223.148943,25499.718,2.594171,4.750957,7003.024,689.22,6759.652,20067.169,43.09,-11604.987,-2859.242,34.177,100,True,56.415411
JFE_STEEL_JP,JFE Steel,JP,21.95,45.3,DISCLOSED_PATH,DISCLOSED_PATH,PORT-51A2628EF9C2,CAND-E8FAD9BDD034A5,P3,PORT-51A2628EF9C2,328.220861,40363.359,122.976215,True,True,,0.0,1.265341119704999e-05,True,True,True,True,,0.0,0.0,0.0,3,3,0.41232239999999987,0.65,1.78,P3,균형형 라이트헤지,False,20429.2,2033,9930.8,126.062898,41376.473,41376.473,48510.223,328.220861,126.062898,161.102416,58144.829,52877.174,60010.924,11500.701,5448.408,180.753,0.0,147.797502,21.734603,142.112015,16.049117,0.0,0.0,0.0,0.0,0.0,328.220861,48510.223,13.451149,16.792517,8713.983,975.493,10712.854,37440.118,232.76,-11500.701,-5205.619,7.584,100,True,16.424068
JFE_STEEL_JP,JFE Steel,JP,21.95,45.3,ACCELERATED_15C,DISCLOSED_PATH,PORT-51A2628EF9C2,CAND-E8FAD9BDD034A5,P3,PORT-51A2628EF9C2,328.220861,37182.414,113.284736,True,True,,0.0,1.265341119704999e-05,True,True,True,True,,0.0,0.0,0.0,3,3,0.41232239999999987,0.65,1.78,P3,균형형 라이트헤지,False,20429.2,2033,9930.8,116.763933,38324.359,38324.359,45849.806,328.220861,116.763933,168.438236,62643.284,55284.943,62810.39,16960.584,7460.224,101.883,0.0,139.691933,22.928,139.182805,22.418872,0.0,0.0,0.0,0.0,0.0,328.220861,45849.806,12.713456,15.871575,9800.035,975.493,11802.381,39906.54,249.432,-16960.584,-7465.765,16.828,100,True,28.16017
JFE_STEEL_JP,JFE Steel,JP,21.95,45.3,DISCLOSED_PATH,DISCLOSED_PATH,PORT-51A2628EF9C2,CAND-F4B6AD5FB08D71,P2,PORT-51A2628EF9C2,328.220861,41807.514,127.376163,True,True,,0.0,1.265341119704999e-05,True,True,True,True,,0.0,0.0,0.0,3,3,0.41232239999999987,0.65,1.78,P2,지연·부분헤지,False,20429.2,2033,9930.8,131.346246,43110.578,43110.578,52059.142,328.220861,131.346246,166.385764,58137.807,54611.279,63559.842,11500.701,3850.739,324.211,0.0,158.610094,27.263848,142.090622,10.744376,0.0,0.0,0.0,0.0,0.0,328.220861,52059.142,14.43521,18.021027,8442.134,975.493,10764.63,37797.108,71.146,-11500.701,-3448.318,9.086,100,True,21.707416
JFE_STEEL_JP,JFE Steel,JP,21.95,45.3,ACCELERATED_15C,DISCLOSED_PATH,PORT-51A2628EF9C2,CAND-F4B6AD5FB08D71,P2,PORT-51A2628EF9C2,328.220861,39413.198,120.081332,True,True,,0.0,1.265341119704999e-05,True,True,True,True,,0.0,0.0,0.0,3,3,0.41232239999999987,0.65,1.78,P2,지연·부분헤지,False,20429.2,2033,9930.8,124.493455,40861.349,40861.349,50554.591,328.220861,124.493455,176.167758,62682.322,57821.933,67515.175,16960.584,5067.746,207.357,0.0,154.026137,29.532682,139.301742,14.808287,0.0,0.0,0.0,0.0,0.0,328.220861,50554.591,14.018021,17.500205,9778.814,975.493,11860.639,40121.907,75.909,-16960.584,-4981.539,-9.289,100,True,35.889692
JFE_STEEL_JP,JFE Steel,JP,21.95,45.3,DISCLOSED_PATH,DISCLOSED_PATH,PORT-51A2628EF9C2,CAND-FCDB7C1BD7991A,P1,PORT-51A2628EF9C2,328.220861,42800.358,130.401089,True,True,,0.0,1.265341119704999e-05,True,True,True,True,,0.0,0.0,0.0,3,3,0.41232239999999987,0.65,1.78,P1,지연·현물조달,False,20429.2,2033,9930.8,135.05977,44329.434,44329.434,54645.248,328.220861,135.05977,170.099288,58165.912,55830.135,66145.949,11500.701,2720.705,384.928,0.0,166.489261,31.429491,142.176249,7.11648,0.0,0.0,0.0,0.0,0.0,328.220861,54645.248,15.152298,18.916245,8260.902,975.493,10816.405,38035.102,0.0,-11500.701,-2262.027,4.26,100,True,25.42094
JFE_STEEL_JP,JFE Steel,JP,21.95,45.3,ACCELERATED_15C,DISCLOSED_PATH,PORT-51A2628EF9C2,CAND-FCDB7C1BD7991A,P1,PORT-51A2628EF9C2,328.220861,40930.073,124.702838,True,True,,0.0,1.265341119704999e-05,True,True,True,True,,0.0,0.0,0.0,3,3,0.41232239999999987,0.65,1.78,P1,지연·현물조달,False,20429.2,2033,9930.8,129.914122,42640.525,42640.525,53978.721,328.220861,129.914122,181.588425,62753.814,59601.109,70939.305,16960.584,3366.026,213.321,0.0,164.458531,34.544408,139.51956,9.605438,0.0,0.0,0.0,0.0,0.0,328.220861,53978.721,14.96748,18.685517,8260.902,975.493,11907.082,41257.805,0.0,-16960.584,-2808.846,8.673,100,True,41.310359
JFE_STEEL_JP,JFE Steel,JP,21.95,45.3,DISCLOSED_PATH,DISCLOSED_PATH,PORT-CCD4397FA6D4,CAND-A735954AF09420,P3,PORT-CCD4397FA6D4,281.895878,30284.795,107.432556,True,True,,0.0,1.265341119704999e-05,True,True,True,True,,0.0,0.0,0.0,2,3,0.3119871999999999,0.65,1.1400000000000001,P3,균형형 라이트헤지,False,16139.2,2033,9930.8,109.63883,30906.734,30906.734,36225.654,281.895878,109.63883,144.696193,44648.747,40789.26,46108.18,9882.526,4085.266,225.78,-0.0,128.507214,18.868384,123.330007,13.691177,0.0,0.0,0.0,0.0,0.0,281.895878,36225.654,10.044824,12.540035,7368.809,811.996,10414.24,25892.797,179.991,-9882.526,-3974.298,95.726,100,True,0.0
JFE_STEEL_JP,JFE Steel,JP,21.95,45.3,ACCELERATED_15C,DISCLOSED_PATH,PORT-CCD4397FA6D4,CAND-A735954AF09420,P3,PORT-CCD4397FA6D4,281.895878,27384.963,97.145666,False,False,2040,5.28499579,-5.28499579,True,True,True,True,,0.0,0.0,0.0,2,3,0.3119871999999999,0.65,1.1400000000000001,P3,균형형 라이트헤지,False,16139.2,2033,9930.8,99.104422,27937.128,27937.128,33681.372,281.895878,99.104422,150.699012,47956.758,42481.43,48225.674,14544.302,5517.655,42.327,0.0,119.481604,20.377182,118.527648,19.423227,0.0,0.0,0.0,0.0,0.0,281.895878,33681.372,9.339333,11.659295,8676.92,811.996,10097.467,28570.692,192.633,-14544.302,-5798.158,-70.12,100,True,10.500659
JFE_STEEL_JP,JFE Steel,JP,21.95,45.3,DISCLOSED_PATH,DISCLOSED_PATH,PORT-CCD4397FA6D4,CAND-0B566F19FFC9A2,P2,PORT-CCD4397FA6D4,281.895878,31362.25,111.25473,True,True,,0.0,1.265341119704999e-05,True,True,True,True,,0.0,0.0,0.0,2,3,0.3119871999999999,0.65,1.1400000000000001,P2,지연·부분헤지,False,16139.2,2033,9930.8,114.063928,32154.151,32154.151,38829.901,281.895878,114.063928,149.121291,44618.775,42036.677,48712.427,9882.526,2802.896,220.799,0.0,137.745545,23.681617,123.223685,9.159757,0.0,0.0,0.0,0.0,0.0,281.895878,38829.901,10.766942,13.441533,5975.644,811.996,10250.827,27482.666,55.271,-9882.526,-2408.732,-130.993,100,True,4.425098
JFE_STEEL_JP,JFE Steel,JP,21.95,45.3,ACCELERATED_15C,DISCLOSED_PATH,PORT-CCD4397FA6D4,CAND-0B566F19FFC9A2,P2,PORT-CCD4397FA6D4,281.895878,29040.327,103.01792,False,False,2040,5.28499579,-5.28499579,True,True,True,True,,0.0,0.0,0.0,2,3,0.3119871999999999,0.65,1.1400000000000001,P2,지연·부분헤지,False,16139.2,2033,9930.8,105.600076,29768.226,29768.226,37108.477,281.895878,105.600076,157.194666,47939.942,44312.528,51652.78,14544.302,3699.641,72.228,0.0,131.63895,26.038874,118.467996,12.86792,0.0,0.0,0.0,0.0,0.0,281.895878,37108.477,10.289618,12.845637,8945.88,811.996,10090.829,28545.071,58.914,-14544.302,-4095.026,-45.135,100,True,16.996313
JFE_STEEL_JP,JFE Steel,JP,21.95,45.3,DISCLOSED_PATH,DISCLOSED_PATH,PORT-CCD4397FA6D4,CAND-321A1FBBC2D640,P1,PORT-CCD4397FA6D4,281.895878,32103.489,113.884208,True,True,,0.0,1.265341119704999e-05,True,True,True,True,,0.0,0.0,0.0,2,3,0.3119871999999999,0.65,1.1400000000000001,P1,지연·현물조달,False,16139.2,2033,9930.8,117.37468,33087.439,33087.439,40735.915,281.895878,117.37468,152.432043,44699.629,42969.965,50618.441,9882.526,1992.804,263.14,0.0,144.506955,27.132275,123.510506,6.135825,0.0,0.0,0.0,0.0,0.0,281.895878,40735.915,11.295451,14.101328,7313.956,811.996,10925.981,25717.924,0.0,-9882.526,-1943.448,143.555,100,True,7.73585
JFE_STEEL_JP,JFE Steel,JP,21.95,45.3,ACCELERATED_15C,DISCLOSED_PATH,PORT-CCD4397FA6D4,CAND-321A1FBBC2D640,P1,PORT-CCD4397FA6D4,281.895878,30166.609,107.013304,False,False,2040,5.28499579,-5.28499579,True,True,True,True,,0.0,0.0,0.0,2,3,0.3119871999999999,0.65,1.1400000000000001,P1,지연·현물조달,False,16139.2,2033,9930.8,110.075906,31029.944,31029.944,39610.951,281.895878,110.075906,161.670497,48036.977,45574.247,54155.254,14544.302,2464.437,1.706,-0.0,140.516249,30.440343,118.812219,8.736313,0.0,0.0,0.0,0.0,0.0,281.895878,39610.951,10.983516,13.711905,5470.2,811.996,10336.808,30689.972,0.0,-14544.302,-1744.705,9.976,100,True,21.472143
JFE_STEEL_JP,JFE Steel,JP,21.95,45.3,DISCLOSED_PATH,DISCLOSED_PATH,PORT-E5F3D5116135,CAND-FC0AA3F9FE37C6,P3,PORT-E5F3D5116135,321.408363,31315.689,97.432714,True,False,,0.0,1.265341119704999e-05,False,False,True,True,2036,0.004998229999999992,0.0,0.0,2,3,0.3406543999999999,0.65,1.3,P3,균형형 라이트헤지,False,18185.2,2033,9930.8,99.362745,31936.017,31936.017,37575.757,321.408363,99.362745,134.404565,47445.736,43198.751,48838.491,11262.734,4408.924,161.94,0.0,116.909705,17.54696,112.576417,13.213672,0.0,0.0,0.0,0.0,0.0,321.408363,37575.757,10.419187,13.007393,7371.896,880.119,10950.562,27828.048,192.832,-11262.734,-4082.442,57.735,100,True,-10.276085
JFE_STEEL_JP,JFE Steel,JP,21.95,45.3,ACCELERATED_15C,DISCLOSED_PATH,PORT-E5F3D5116135,CAND-FC0AA3F9FE37C6,P3,PORT-E5F3D5116135,321.408363,27857.175,86.672217,True,True,,0.0,1.265341119704999e-05,True,True,True,True,,0.0,0.0,0.0,2,3,0.3406543999999999,0.65,1.3,P3,균형형 라이트헤지,False,18185.2,2033,9930.8,88.603763,28477.99,28477.99,34529.945,321.408363,88.603763,140.267784,50952.226,45083.239,51135.194,16605.249,5952.861,83.874,0.0,107.433251,18.829488,106.863981,18.260218,0.0,0.0,0.0,0.0,0.0,321.408363,34529.945,9.57463,11.953041,7371.896,880.119,12073.438,30192.178,206.305,-16605.249,-5564.068,-76.629,100,True,0.0
JFE_STEEL_JP,JFE Steel,JP,21.95,45.3,DISCLOSED_PATH,DISCLOSED_PATH,PORT-E5F3D5116135,CAND-E72109958C3B57,P2,PORT-E5F3D5116135,321.408363,32387.753,100.768233,True,False,,0.0,1.265341119704999e-05,False,False,True,True,2036,0.004998229999999992,0.0,0.0,2,3,0.3406543999999999,0.65,1.3,P2,지연·부분헤지,False,18185.2,2033,9930.8,103.227761,33178.266,33178.266,40253.736,321.408363,103.227761,138.269581,47431.038,44441.0,51516.47,11262.734,3144.113,154.076,0.0,125.24172,22.013959,112.530686,9.302925,0.0,0.0,0.0,0.0,0.0,321.408363,40253.736,11.16175,13.934414,7077.693,880.119,10993.7,28110.175,59.835,-11262.734,-2733.647,53.124,100,True,-6.411069
JFE_STEEL_JP,JFE Steel,JP,21.95,45.3,ACCELERATED_15C,DISCLOSED_PATH,PORT-E5F3D5116135,CAND-E72109958C3B57,P2,PORT-E5F3D5116135,321.408363,29504.994,91.799087,True,True,,0.0,1.265341119704999e-05,True,True,True,True,,0.0,0.0,0.0,2,3,0.3406543999999999,0.65,1.3,P2,지연·부분헤지,False,18185.2,2033,9930.8,94.422928,30348.319,30348.319,38029.069,321.408363,94.422928,146.08695,50946.118,46953.567,54634.318,16605.249,4091.752,99.202,0.0,118.320099,23.897171,106.844977,12.422048,0.0,0.0,0.0,0.0,0.0,321.408363,38029.069,10.544884,13.164314,7353.333,880.119,12008.251,30224.004,63.755,-16605.249,-3679.032,103.136,100,True,5.819165
JFE_STEEL_JP,JFE Steel,JP,21.95,45.3,DISCLOSED_PATH,DISCLOSED_PATH,PORT-E5F3D5116135,CAND-E280945A557960,P1,PORT-E5F3D5116135,321.408363,33126.209,103.065795,True,False,,0.0,1.265341119704999e-05,False,False,True,True,2036,0.004998229999999992,0.0,0.0,2,3,0.3406543999999999,0.65,1.3,P1,지연·현물조달,False,18185.2,2033,9930.8,105.898306,34036.601,34036.601,42236.157,321.408363,105.898306,140.940125,47473.755,45299.335,53498.89,11262.734,2320.862,146.442,0.0,131.409638,25.511332,112.663592,6.765286,0.0,0.0,0.0,0.0,0.0,321.408363,42236.157,11.711445,14.620658,6881.559,880.119,11036.838,28298.259,0.0,-11262.734,-1822.244,24.804,100,True,-3.740524
JFE_STEEL_JP,JFE Steel,JP,21.95,45.3,ACCELERATED_15C,DISCLOSED_PATH,PORT-E5F3D5116135,CAND-E280945A557960,P1,PORT-E5F3D5116135,321.408363,30627.226,95.290696,True,True,,0.0,1.265341119704999e-05,True,True,True,True,,0.0,0.0,0.0,2,3,0.3406543999999999,0.65,1.3,P1,지연·현물조달,False,18185.2,2033,9930.8,98.492536,31656.325,31656.325,40609.629,321.408363,98.492536,150.156557,50969.209,48261.573,57214.877,16605.249,2853.521,145.885,-0.0,126.34901,27.856474,106.91682,8.424285,0.0,0.0,0.0,0.0,0.0,321.408363,40609.629,11.260434,14.057612,7191.654,880.119,12037.575,30393.472,0.0,-16605.249,-2367.51,126.263,100,True,9.888773
JFE_STEEL_JP,JFE Steel,JP,21.95,45.3,DISCLOSED_PATH,DISCLOSED_PATH,PORT-2883A9539B06,CAND-AE1C3F48385E3F,P5,PORT-2883A9539B06,367.500849,43076.746,117.215365,True,False,,0.0,1.265341119704999e-05,False,False,True,True,2028,0.0,0.0,0.9619987720000003,3,3,0.41232239999999987,0.65,1.78,P5,조기 계약형 전환,False,20429.2,2032,9930.8,118.696375,43621.019,43621.019,46814.12,367.500849,118.696375,153.685624,67101.49,56479.597,59672.699,12858.579,10605.794,-16.099,-0.0,127.385068,8.688692,147.599419,28.903043,0.0,0.0,0.0,0.0,0.0,367.500849,46814.12,12.980845,16.205386,10495.446,1129.437,11852.616,42611.157,1059.504,-12858.579,-10678.363,9.8,100,True,9.057545
JFE_STEEL_JP,JFE Steel,JP,21.95,45.3,ACCELERATED_15C,DISCLOSED_PATH,PORT-2883A9539B06,CAND-AE1C3F48385E3F,P5,PORT-2883A9539B06,367.500849,37367.085,101.678907,True,True,,0.0,1.265341119704999e-05,True,True,True,True,,0.0,0.0,0.0,3,3,0.41232239999999987,0.65,1.78,P5,조기 계약형 전환,False,20429.2,2032,9930.8,103.126369,37899.028,37899.028,41018.043,367.500849,103.126369,154.520803,72010.968,56786.526,59905.541,18887.498,15189.713,-34.728,0.0,111.613465,8.487096,144.553325,41.426956,0.0,0.0,0.0,0.0,0.0,367.500849,41018.043,11.373681,14.19899,11516.892,1129.437,13060.948,45292.389,1138.13,-18887.498,-15362.848,11.579,100,True,14.522606
JFE_STEEL_JP,JFE Steel,JP,21.95,45.3,DISCLOSED_PATH,DISCLOSED_PATH,PORT-2883A9539B06,CAND-942FF71D4F4188,P4,PORT-2883A9539B06,367.500849,45230.214,123.075128,True,False,,0.0,1.265341119704999e-05,False,False,True,True,2028,0.0,0.0,0.9619987720000003,3,3,0.41232239999999987,0.65,1.78,P4,균형형 전환,False,20429.2,2032,9930.8,125.506373,46123.699,46123.699,51485.186,367.500849,125.506373,160.495622,67053.621,58982.277,64343.765,12858.579,8035.737,-35.607,-0.0,140.095422,14.589048,147.469162,21.962789,0.0,0.0,0.0,0.0,0.0,367.500849,51485.186,14.276061,17.822344,10520.901,1129.437,11796.482,43012.287,600.911,-12858.579,-8079.935,2.194,100,True,15.867543
JFE_STEEL_JP,JFE Steel,JP,21.95,45.3,ACCELERATED_15C,DISCLOSED_PATH,PORT-2883A9539B06,CAND-942FF71D4F4188,P4,PORT-2883A9539B06,367.500849,40788.202,110.988047,True,True,,0.0,1.265341119704999e-05,True,True,True,True,,0.0,0.0,0.0,3,3,0.41232239999999987,0.65,1.78,P4,균형형 전환,False,20429.2,2032,9930.8,113.41519,41680.179,41680.179,47237.083,367.500849,113.41519,164.809624,71988.671,60567.677,66124.581,18887.498,11245.965,-175.029,0.0,128.535983,15.120794,144.492653,31.077463,0.0,0.0,0.0,0.0,0.0,367.500849,47237.083,13.098126,16.351801,9889.523,1129.437,13247.279,46812.568,644.815,-18887.498,-11211.687,55.743,100,True,24.811427
JFE_STEEL_JP,JFE Steel,JP,21.95,45.3,DISCLOSED_PATH,DISCLOSED_PATH,PORT-E3494C854A0D,CAND-F1788FF7DCC7F6,P2,PORT-E3494C854A0D,323.808372,38846.247,119.966777,True,False,,0.0,1.265341119704999e-05,False,False,True,True,2029,1.6549952300000008,0.07400003299999997,0.18199837200000069,2,3,0.3406543999999999,0.65,1.3,P2,지연·부분헤지,False,17287.6,2029,7326.0,121.116963,39218.687,39218.687,49973.222,323.808372,121.116963,156.14695,53924.971,50561.69,61316.225,11343.003,3347.072,-16.209,0.0,154.329617,33.212654,131.503603,10.38664,0.0,0.0,0.0,0.0,0.0,323.808372,49973.222,13.856816,17.298955,8661.506,955.146,9971.515,34336.337,66.201,-11343.003,-3342.748,-86.267,100,True,11.478133
JFE_STEEL_JP,JFE Steel,JP,21.95,45.3,ACCELERATED_15C,DISCLOSED_PATH,PORT-E3494C854A0D,CAND-F1788FF7DCC7F6,P2,PORT-E3494C854A0D,323.808372,35953.415,111.032999,True,True,,0.0,1.265341119704999e-05,True,True,True,True,,0.0,0.0,0.0,2,3,0.3406543999999999,0.65,1.3,P2,지연·부분헤지,False,17287.6,2029,7326.0,112.008913,36269.424,36269.424,47673.837,323.808372,112.008913,163.601759,57374.188,52975.619,64380.033,16706.195,4415.996,17.427,0.0,147.228551,35.219637,125.592778,13.583864,0.0,0.0,0.0,0.0,0.0,323.808372,47673.837,13.219232,16.50299,8661.506,955.146,10963.413,36627.599,70.231,-16706.195,-4383.613,81.337,100,True,23.40515
JFE_STEEL_JP,JFE Steel,JP,21.95,45.3,DISCLOSED_PATH,DISCLOSED_PATH,PORT-E3494C854A0D,CAND-25BA0666383526,P1,PORT-E3494C854A0D,323.808372,39789.406,122.879484,True,False,,0.0,1.265341119704999e-05,False,False,True,True,2029,1.6549952300000008,0.07400003299999997,0.18199837200000069,2,3,0.3406543999999999,0.65,1.3,P1,지연·현물조달,False,17287.6,2029,7326.0,124.19379,40214.989,40214.989,52653.556,323.808372,124.19379,159.223777,53913.389,51557.992,63996.559,11343.003,2259.607,-95.79,0.0,162.607147,38.413357,131.467837,7.274047,0.0,0.0,0.0,0.0,0.0,323.808372,52653.556,14.600032,18.226792,9092.58,955.146,11141.702,32688.795,0.0,-11343.003,-2402.48,82.25,100,True,14.55496
JFE_STEEL_JP,JFE Steel,JP,21.95,45.3,ACCELERATED_15C,DISCLOSED_PATH,PORT-E3494C854A0D,CAND-25BA0666383526,P1,PORT-E3494C854A0D,323.808372,37395.542,115.486644,True,True,,0.0,1.265341119704999e-05,True,True,True,True,,0.0,0.0,0.0,2,3,0.3406543999999999,0.65,1.3,P1,지연·현물조달,False,17287.6,2029,7326.0,116.597688,37755.307,37755.307,51117.021,323.808372,116.597688,168.190533,57364.161,54461.503,67823.217,16706.195,2775.356,-127.303,-0.0,157.861951,41.264264,125.561812,8.964124,0.0,0.0,0.0,0.0,0.0,323.808372,51117.021,14.173974,17.694898,8682.621,955.146,10844.366,36720.759,0.0,-16706.195,-2836.971,95.582,100,True,27.993925
JFE_STEEL_JP,JFE Steel,JP,21.95,45.3,DISCLOSED_PATH,DISCLOSED_PATH,PORT-0FD37D80B1EA,CAND-FA1953D51D82F3,P3,PORT-0FD37D80B1EA,330.620869,46521.877,140.710649,True,False,,0.0,1.265341119704999e-05,False,False,True,True,2029,0.0,0.07400003299999997,0.18199837200000069,3,3,0.41232239999999987,0.65,1.78,P3,균형형 라이트헤지,False,19531.6,2029,7326.0,142.084979,46976.259,46976.259,56224.517,330.620869,142.084979,177.112924,64411.37,58557.229,67805.487,11580.97,5991.436,137.295,0.0,170.057375,27.972396,159.791486,17.706508,0.0,0.0,0.0,0.0,0.0,330.620869,56224.517,15.590205,19.462932,9196.138,1050.519,10537.694,43533.825,257.206,-11580.97,-5772.835,-245.319,100,True,32.446149
JFE_STEEL_JP,JFE Steel,JP,21.95,45.3,ACCELERATED_15C,DISCLOSED_PATH,PORT-0FD37D80B1EA,CAND-FA1953D51D82F3,P3,PORT-0FD37D80B1EA,330.620869,43157.607,130.535035,True,True,,0.0,1.265341119704999e-05,True,True,True,True,,0.0,0.0,0.0,3,3,0.41232239999999987,0.65,1.78,P3,균형형 라이트헤지,False,19531.6,2029,7326.0,132.351304,43758.103,43758.103,52942.267,330.620869,132.351304,183.955823,68802.502,60819.634,70003.798,17061.531,8310.257,327.389,0.0,160.129842,27.778537,156.496387,24.145082,0.0,0.0,0.0,0.0,0.0,330.620869,52942.267,14.680087,18.326733,9196.138,1050.519,11606.928,46816.967,274.293,-17061.531,-8012.624,-112.587,100,True,43.747541
JFE_STEEL_JP,JFE Steel,JP,21.95,45.3,DISCLOSED_PATH,DISCLOSED_PATH,PORT-0FD37D80B1EA,CAND-1D1CB9506368C0,P2,PORT-0FD37D80B1EA,330.620869,48266.007,145.985968,True,False,,0.0,1.265341119704999e-05,False,False,True,True,2029,0.0,0.07400003299999997,0.18199837200000069,3,3,0.41232239999999987,0.65,1.78,P2,지연·부분헤지,False,19531.6,2029,7326.0,147.761437,48853.015,48853.015,60466.75,330.620869,147.761437,182.789383,64339.585,60433.985,72047.72,11580.97,4017.711,112.11,-0.0,182.888485,35.127048,159.574365,11.812928,0.0,0.0,0.0,0.0,0.0,330.620869,60466.75,16.766512,20.931442,9071.138,1050.519,10594.668,43714.761,77.512,-11580.97,-3768.771,-305.843,100,True,38.122607
JFE_STEEL_JP,JFE Steel,JP,21.95,45.3,ACCELERATED_15C,DISCLOSED_PATH,PORT-0FD37D80B1EA,CAND-1D1CB9506368C0,P2,PORT-0FD37D80B1EA,330.620869,45861.619,138.713623,True,True,,0.0,1.265341119704999e-05,True,True,True,True,,0.0,0.0,0.0,3,3,0.41232239999999987,0.65,1.78,P2,지연·부분헤지,False,19531.6,2029,7326.0,141.114058,46655.253,46655.253,58499.279,330.620869,141.114058,192.718577,68714.153,63716.784,75560.81,17061.531,5339.846,342.477,0.0,176.937648,35.823589,156.229163,15.115104,0.0,0.0,0.0,0.0,0.0,330.620869,58499.279,16.220962,20.250373,9071.138,1050.519,11667.033,46996.346,82.385,-17061.531,-5009.037,-141.602,100,True,52.510295
JFE_STEEL_JP,JFE Steel,JP,21.95,45.3,DISCLOSED_PATH,DISCLOSED_PATH,PORT-0FD37D80B1EA,CAND-D31DAEDCB107AF,P1,PORT-0FD37D80B1EA,330.620869,49463.555,149.608084,True,False,,0.0,1.265341119704999e-05,False,False,True,True,2029,0.0,0.07400003299999997,0.18199837200000069,3,3,0.41232239999999987,0.65,1.78,P1,지연·현물조달,False,19531.6,2029,7326.0,151.744071,50169.757,50169.757,63507.804,330.620869,151.744071,186.772017,64334.525,61750.727,75088.774,11580.97,2642.197,58.398,-0.0,192.086496,40.342425,159.55906,7.814989,0.0,0.0,0.0,0.0,0.0,330.620869,63507.804,17.609751,21.984147,8987.805,1050.519,10651.641,43835.385,0.0,-11580.97,-2428.202,-346.422,100,True,42.105241
JFE_STEEL_JP,JFE Steel,JP,21.95,45.3,ACCELERATED_15C,DISCLOSED_PATH,PORT-0FD37D80B1EA,CAND-D31DAEDCB107AF,P1,PORT-0FD37D80B1EA,330.620869,47698.388,144.269139,True,True,,0.0,1.265341119704999e-05,True,True,True,True,,0.0,0.0,0.0,3,3,0.41232239999999987,0.65,1.78,P1,지연·현물조달,False,19531.6,2029,7326.0,147.177121,48659.828,48659.828,62554.638,330.620869,147.177121,198.78164,68719.116,65721.358,79616.169,17061.531,3272.642,274.885,0.0,189.203538,42.026418,156.244175,9.067054,0.0,0.0,0.0,0.0,0.0,330.620869,62554.638,17.345452,21.654195,8987.805,1050.519,11727.138,47115.933,0.0,-17061.531,-3001.729,-158.307,100,True,58.573358
JFE_STEEL_JP,JFE Steel,JP,21.95,45.3,DISCLOSED_PATH,DISCLOSED_PATH,PORT-7C1FC602A00B,CAND-B38C1D7FD5CCAE,P3,PORT-7C1FC602A00B,341.808365,62575.093,183.070688,True,False,,0.0,1.265341119704999e-05,False,False,True,True,2029,0.0,0.07400003299999997,0.0,2,3,0.41232239999999987,0.65,1.78,P3,균형형 라이트헤지,False,20952.8,2033,9930.8,186.595273,63779.825,63779.825,75254.168,341.808365,186.595273,221.632071,83208.268,75755.696,87230.039,11975.871,7607.059,154.486,0.0,220.164795,33.569522,208.398638,21.803365,0.0,0.0,0.0,0.0,0.0,341.808365,75254.168,20.866839,26.050321,11788.196,1229.487,10006.494,60167.446,325.324,-11975.871,-7736.638,-24.613,100,True,76.956443
JFE_STEEL_JP,JFE Steel,JP,21.95,45.3,ACCELERATED_15C,DISCLOSED_PATH,PORT-7C1FC602A00B,CAND-B38C1D7FD5CCAE,P3,PORT-7C1FC602A00B,341.808365,59582.638,174.315915,True,True,,0.0,1.265341119704999e-05,True,True,True,True,,0.0,0.0,0.0,2,3,0.41232239999999987,0.65,1.78,P3,균형형 라이트헤지,False,20952.8,2033,9930.8,177.94776,60824.033,60824.033,72510.705,341.808365,177.94776,229.570891,89089.816,78469.251,90155.923,17645.218,10656.554,35.989,0.0,212.138475,34.190715,209.019454,31.071694,0.0,0.0,0.0,0.0,0.0,341.808365,72510.705,20.106118,25.100632,9140.094,1229.487,11004.588,67004.067,347.381,-17645.218,-10187.02,-69.345,100,True,89.343997
JFE_STEEL_JP,JFE Steel,JP,21.95,45.3,DISCLOSED_PATH,DISCLOSED_PATH,PORT-7C1FC602A00B,CAND-3DE74006E308F9,P2,PORT-7C1FC602A00B,341.808365,65023.006,190.232343,True,False,,0.0,1.265341119704999e-05,False,False,True,True,2029,0.0,0.07400003299999997,0.0,2,3,0.41232239999999987,0.65,1.78,P2,지연·부분헤지,False,20952.8,2033,9930.8,194.696898,66549.028,66549.028,80966.713,341.808365,194.696898,229.733695,83210.599,78524.899,92942.583,11975.871,4860.337,174.636,0.0,236.877505,42.180607,208.405458,13.708561,0.0,0.0,0.0,0.0,0.0,341.808365,80966.713,22.450841,28.027801,8738.386,1229.487,10030.91,62704.285,96.209,-11975.871,-4274.268,-0.11,100,True,85.058068
JFE_STEEL_JP,JFE Steel,JP,21.95,45.3,ACCELERATED_15C,DISCLOSED_PATH,PORT-7C1FC602A00B,CAND-3DE74006E308F9,P2,PORT-7C1FC602A00B,341.808365,63393.476,185.464964,True,True,,0.0,1.265341119704999e-05,True,True,True,True,,0.0,0.0,0.0,2,3,0.41232239999999987,0.65,1.78,P2,지연·부분헤지,False,20952.8,2033,9930.8,190.136402,64990.213,64990.213,80036.726,341.808365,190.136402,241.759533,89123.078,82635.431,97681.944,17645.218,6621.813,134.166,-0.0,234.156721,44.020319,209.116765,18.980363,0.0,0.0,0.0,0.0,0.0,341.808365,80036.726,22.19297,27.705873,11997.589,1229.487,11136.16,65125.109,102.392,-17645.218,-6829.965,-125.341,100,True,101.532639
JFE_STEEL_JP,JFE Steel,JP,21.95,45.3,DISCLOSED_PATH,DISCLOSED_PATH,PORT-7C1FC602A00B,CAND-11566829CB83FF,P1,PORT-7C1FC602A00B,341.808365,66701.442,195.142802,True,False,,0.0,1.265341119704999e-05,False,False,True,True,2029,0.0,0.07400003299999997,0.0,2,3,0.41232239999999987,0.65,1.78,P1,지연·현물조달,False,20952.8,2033,9930.8,200.330857,68474.763,68474.763,85068.869,341.808365,200.330857,235.367654,83285.504,80450.633,97044.74,11975.871,3015.577,180.707,0.0,248.878839,48.547983,208.624599,8.293743,0.0,0.0,0.0,0.0,0.0,341.808365,85068.869,23.588307,29.447822,12137.185,1229.487,10112.431,60286.992,0.0,-11975.871,-3342.344,26.882,100,True,90.692027
JFE_STEEL_JP,JFE Steel,JP,21.95,45.3,ACCELERATED_15C,DISCLOSED_PATH,PORT-7C1FC602A00B,CAND-11566829CB83FF,P1,PORT-7C1FC602A00B,341.808365,65979.02,193.029272,True,True,,0.0,1.265341119704999e-05,True,True,True,True,,0.0,0.0,0.0,2,3,0.41232239999999987,0.65,1.78,P1,지연·현물조달,False,20952.8,2033,9930.8,198.347845,67796.952,67796.952,85411.21,341.808365,198.347845,249.970976,89235.675,85442.171,103056.428,17645.218,3752.629,-40.876,0.0,249.880397,51.532552,209.446181,11.098336,0.0,0.0,0.0,0.0,0.0,341.808365,85411.21,23.683233,29.566329,12137.185,1229.487,11202.284,65195.904,0.0,-17645.218,-4157.396,-165.293,100,True,109.744082
JFE_STEEL_JP,JFE Steel,JP,21.95,45.3,DISCLOSED_PATH,DISCLOSED_PATH,PORT-04FFFE8075F6,CAND-12D758CC621EDD,P3,PORT-04FFFE8075F6,348.620862,71622.763,205.446003,True,False,,0.0,1.265341119704999e-05,False,False,True,True,2029,0.0,0.07400003299999997,0.0,3,3,0.47620039999999997,0.65,2.2600000000000002,P3,균형형 라이트헤지,False,23196.8,2033,9930.8,210.271402,73304.997,73304.997,85158.632,348.620862,210.271402,245.306131,94195.389,85518.835,97372.469,12213.837,8683.608,7.054,0.0,244.272908,34.001507,235.159626,24.888225,0.0,0.0,0.0,0.0,0.0,348.620862,85158.632,23.613197,29.478895,13013.727,1324.86,9630.616,70244.124,365.252,-12213.837,-8856.537,-203.207,100,True,100.632572
JFE_STEEL_JP,JFE Steel,JP,21.95,45.3,ACCELERATED_15C,DISCLOSED_PATH,PORT-04FFFE8075F6,CAND-12D758CC621EDD,P3,PORT-04FFFE8075F6,348.620862,68907.876,197.658498,True,True,,0.0,1.265341119704999e-05,True,True,True,True,,0.0,0.0,0.0,3,3,0.47620039999999997,0.65,2.2600000000000002,P3,균형형 라이트헤지,False,23196.8,2033,9930.8,202.345726,70541.941,70541.941,83051.145,348.620862,202.345726,253.979336,100919.505,88542.495,101051.698,18000.554,12309.295,-67.715,0.0,238.227695,35.881969,237.848505,35.502779,0.0,0.0,0.0,0.0,0.0,348.620862,83051.145,23.028822,28.749358,14995.384,1324.86,10381.804,74431.088,390.507,-18000.554,-12974.91,-6.237,100,True,113.741963
JFE_STEEL_JP,JFE Steel,JP,21.95,45.3,DISCLOSED_PATH,DISCLOSED_PATH,PORT-04FFFE8075F6,CAND-2384C3F783562D,P2,PORT-04FFFE8075F6,348.620862,74442.767,213.535032,True,False,,0.0,1.265341119704999e-05,False,False,True,True,2029,0.0,0.07400003299999997,0.0,3,3,0.47620039999999997,0.65,2.2600000000000002,P2,지연·부분헤지,False,23196.8,2033,9930.8,219.573171,76547.788,76547.788,91529.003,348.620862,219.573171,254.6079,94312.096,88761.626,103742.84,12213.837,5562.028,11.557,-0.0,262.54597,42.9728,235.494394,15.921223,0.0,0.0,0.0,0.0,0.0,348.620862,91529.003,25.379604,31.684091,12745.074,1324.86,9645.003,70334.094,107.521,-12213.837,-5646.936,252.01,100,True,109.934341
JFE_STEEL_JP,JFE Steel,JP,21.95,45.3,ACCELERATED_15C,DISCLOSED_PATH,PORT-04FFFE8075F6,CAND-2384C3F783562D,P2,PORT-04FFFE8075F6,348.620862,73301.68,210.261885,True,True,,0.0,1.265341119704999e-05,True,True,True,True,,0.0,0.0,0.0,3,3,0.47620039999999997,0.65,2.2600000000000002,P2,지연·부분헤지,False,23196.8,2033,9930.8,216.125885,75345.992,75345.992,91646.492,348.620862,216.125885,267.759495,101049.923,93346.546,109647.045,18000.554,7543.338,-160.04,0.0,262.882981,46.757097,238.222604,22.09672,0.0,0.0,0.0,0.0,0.0,348.620862,91646.492,25.412182,31.724762,15657.539,1324.86,10367.215,74393.532,114.546,-18000.554,-8551.299,40.153,100,True,127.522122
JFE_STEEL_JP,JFE Steel,JP,21.95,45.3,DISCLOSED_PATH,DISCLOSED_PATH,PORT-04FFFE8075F6,CAND-65F7157232C73A,P1,PORT-04FFFE8075F6,348.620862,76375.591,219.079233,True,False,,0.0,1.265341119704999e-05,False,False,True,True,2029,0.0,0.07400003299999997,0.0,3,3,0.47620039999999997,0.65,2.2600000000000002,P1,지연·현물조달,False,23196.8,2033,9930.8,225.991898,78785.49,78785.49,96118.188,348.620862,225.991898,261.026627,94467.357,90999.328,108332.025,12213.837,3395.963,-72.067,0.0,275.709799,49.717901,235.939753,9.947854,0.0,0.0,0.0,0.0,0.0,348.620862,96118.188,26.652115,33.272704,13355.143,1324.86,9694.61,70643.313,0.0,-12213.837,-3732.827,-285.771,100,True,116.353068
JFE_STEEL_JP,JFE Steel,JP,21.95,45.3,ACCELERATED_15C,DISCLOSED_PATH,PORT-04FFFE8075F6,CAND-65F7157232C73A,P1,PORT-04FFFE8075F6,348.620862,76281.866,218.810388,True,True,,0.0,1.265341119704999e-05,True,True,True,True,,0.0,0.0,0.0,3,3,0.47620039999999997,0.65,2.2600000000000002,P1,지연·현물조달,False,23196.8,2033,9930.8,225.495653,78612.489,78612.489,97827.965,348.620862,225.495653,277.129263,101221.197,96613.043,115828.518,18000.554,4245.577,-362.577,0.0,280.614201,55.118548,238.713893,13.21824,0.0,0.0,0.0,0.0,0.0,348.620862,97827.965,27.12621,33.864568,16098.976,1324.86,10352.626,74368.495,0.0,-18000.554,-5624.582,92.668,100,True,136.89189
JFE_STEEL_JP,JFE Steel,JP,21.95,45.3,DISCLOSED_PATH,DISCLOSED_PATH,PORT-48EB0158352D,CAND-0C103CAC9E9685,P1,PORT-48EB0158352D,209.90085,39796.76,189.597896,False,False,2030,3.1659880174124027,-3.1659880174124027,True,True,True,True,,0.0,0.0,0.0,3,3,0.3867712,0.65,1.62,P1,지연·현물조달,False,17905.8,2033,9930.8,195.726463,41083.151,41083.151,50751.756,209.90085,195.726463,230.812116,50608.71,48447.659,58116.265,7364.508,2080.994,-80.057,0.0,241.78919,46.062726,206.022043,10.29558,0.0,0.0,0.0,0.0,0.0,209.90085,50751.756,14.072692,17.568456,8886.761,725.944,5080.761,36014.523,0.0,-7364.508,-2339.056,78.726,100,True,86.087633
JFE_STEEL_JP,JFE Steel,JP,21.95,45.3,ACCELERATED_15C,DISCLOSED_PATH,PORT-48EB0158352D,CAND-0C103CAC9E9685,P1,PORT-48EB0158352D,209.90085,39441.617,187.905941,False,False,2030,8.975988017412405,-8.975988017412405,True,True,True,True,,0.0,0.0,0.0,3,3,0.3867712,0.65,1.62,P1,지연·현물조달,False,17905.8,2033,9930.8,194.243095,40771.791,40771.791,51519.721,209.90085,194.243095,246.309395,54475.621,51700.551,62448.482,10928.761,2601.771,-173.298,0.0,245.447893,51.204797,207.463954,13.220859,0.0,0.0,0.0,0.0,0.0,209.90085,51519.721,14.285637,17.834298,7755.658,725.944,5761.61,40128.718,0.0,-10928.761,-2562.599,-108.781,100,True,105.639332
JFE_STEEL_JP,JFE Steel,JP,21.95,45.3,DISCLOSED_PATH,DISCLOSED_PATH,PORT-4FBC33F20EEF,CAND-156DBD688B285D,P2,PORT-4FBC33F20EEF,191.900857,12636.257,65.847842,False,False,2030,3.1659880174124027,-3.1659880174124027,True,True,True,True,,0.0,0.0,0.0,3,3,0.3119871999999999,0.65,1.1400000000000001,P2,지연·부분헤지,False,14240.6,2033,6265.6,67.858174,13022.042,13022.042,16114.529,191.900857,67.858174,102.936917,21410.616,19753.683,22846.17,6731.641,1659.305,2.371,0.0,83.973202,16.115029,76.492494,8.634321,0.0,0.0,0.0,0.0,0.0,191.900857,16114.529,4.468315,5.578278,6118.48,451.604,5783.514,9278.208,28.897,-6731.641,-1822.275,-84.745,100,True,-41.780656
JFE_STEEL_JP,JFE Steel,JP,21.95,45.3,ACCELERATED_15C,DISCLOSED_PATH,PORT-4FBC33F20EEF,CAND-156DBD688B285D,P2,PORT-4FBC33F20EEF,191.900857,10479.776,54.610365,False,False,2030,8.975988017412405,-8.975988017412405,True,True,True,True,,0.0,0.0,0.0,3,3,0.3119871999999999,0.65,1.1400000000000001,P2,지연·부분헤지,False,14240.6,2033,6265.6,56.433374,10829.613,10829.613,14209.563,191.900857,56.433374,108.490138,22976.766,20819.351,24199.3,9989.738,2107.677,-49.737,0.0,74.046374,17.612999,67.675716,11.242342,0.0,0.0,0.0,0.0,0.0,191.900857,14209.563,3.940096,4.918846,5646.383,451.604,6253.641,10497.669,30.76,-9989.738,-2141.54,80.834,100,True,-32.170389
JFE_STEEL_JP,JFE Steel,JP,21.95,45.3,DISCLOSED_PATH,DISCLOSED_PATH,PORT-408F044D6828,CAND-27DEF6B976065D,P3,PORT-408F044D6828,302.295879,61544.198,203.589273,True,False,,0.0,1.265341119704999e-05,False,False,True,True,2029,0.0,0.07400003299999997,0.0,2,3,0.3867712,0.65,1.62,P3,균형형 라이트헤지,False,18906.8,2033,9930.8,207.016128,62580.122,62580.122,74212.237,302.295879,207.016128,242.066764,80256.03,73175.785,84807.9,10595.663,7286.313,206.068,0.0,245.495365,38.479237,230.437701,23.421573,0.0,0.0,0.0,0.0,0.0,302.295879,74212.237,20.577927,25.689642,10424.817,1161.363,8243.305,60167.446,312.483,-10595.663,-7326.253,192.624,100,True,97.377298
JFE_STEEL_JP,JFE Steel,JP,21.95,45.3,ACCELERATED_15C,DISCLOSED_PATH,PORT-408F044D6828,CAND-27DEF6B976065D,P3,PORT-408F044D6828,302.295879,59110.425,195.53831,False,False,2040,3.584995639999999,-3.584995639999999,True,True,True,True,,0.0,0.0,0.0,2,3,0.3867712,0.65,1.62,P3,균형형 라이트헤지,False,18906.8,2033,9930.8,199.364198,60266.976,60266.976,71887.372,302.295879,199.364198,250.91724,85940.189,75851.248,87471.644,15584.272,10250.955,162.014,-0.0,237.804672,38.440474,232.73859,33.374392,0.0,0.0,0.0,0.0,0.0,302.295879,71887.372,19.933278,24.884856,10424.817,1161.363,9092.937,65018.917,333.709,-15584.272,-10371.082,190.586,100,True,110.760435
JFE_STEEL_JP,JFE Steel,JP,21.95,45.3,DISCLOSED_PATH,DISCLOSED_PATH,PORT-844170813924,CAND-2AFD85912C485D,P5,PORT-844170813924,381.425854,64412.851,168.873846,True,False,,0.0,1.265341119704999e-05,False,False,True,True,2028,0.0,0.174000033,0.33399759199999934,2,3,0.41232239999999987,0.65,1.78,P5,조기 계약형 전환,False,20952.8,2032,9930.8,169.776631,64757.197,64757.197,70380.667,381.425854,169.776631,204.752413,93620.483,78097.864,83721.334,13340.667,15599.611,76.992,0.0,184.519917,14.743286,210.472926,40.696294,0.0,0.0,0.0,0.0,0.0,381.425854,70380.667,19.515491,24.363288,11836.89,1401.633,11259.08,67616.271,1482.615,-13340.667,-15591.983,93.357,100,True,60.137801
JFE_STEEL_JP,JFE Steel,JP,21.95,45.3,ACCELERATED_15C,DISCLOSED_PATH,PORT-844170813924,CAND-2AFD85912C485D,P5,PORT-844170813924,381.425854,57321.593,150.282399,True,False,,0.0,1.265341119704999e-05,False,False,True,True,2028,0.0,0.02400003300000003,0.0,2,3,0.41232239999999987,0.65,1.78,P5,조기 계약형 전환,False,20952.8,2032,9930.8,151.290882,57706.254,57706.254,63219.305,381.425854,151.290882,202.607896,99977.992,77279.89,82792.941,19573.636,22711.83,13.728,0.0,165.744678,14.453796,210.799439,59.508557,0.0,0.0,0.0,0.0,0.0,381.425854,63219.305,17.529754,21.884279,11836.89,1401.633,12388.387,72741.121,1584.13,-19573.636,-22734.595,62.323,100,True,62.687119
JFE_STEEL_JP,JFE Steel,JP,21.95,45.3,DISCLOSED_PATH,DISCLOSED_PATH,PORT-9D97003767D5,CAND-2DF8CF21E8720D,P1,PORT-9D97003767D5,263.895884,5191.453,19.672352,True,False,,0.0,1.265341119704999e-05,False,False,True,True,2033,4.44999748,0.0,0.8619984320000018,2,3,0.22808320000000004,0.65,0.66,P1,지연·현물조달,False,12474.0,2033,6265.6,21.004751,5543.067,5543.067,8274.264,263.895884,21.004751,56.05516,16024.423,14792.726,17523.922,9249.659,1238.319,6.622,0.0,31.354273,10.349522,25.672112,4.66736,0.0,0.0,0.0,0.0,0.0,263.895884,8274.264,2.294328,2.864256,3996.075,537.655,11162.256,0.0,0.0,-9249.659,-960.895,57.635,100,True,-88.634079
JFE_STEEL_JP,JFE Steel,JP,21.95,45.3,ACCELERATED_15C,DISCLOSED_PATH,PORT-9D97003767D5,CAND-2DF8CF21E8720D,P1,PORT-9D97003767D5,263.895884,1583.131,5.999076,False,False,2040,7.534994939999997,-7.534994939999997,False,False,True,True,2033,1.249997480000001,0.0,0.0,2,3,0.22808320000000004,0.65,0.66,P1,지연·현물조달,False,12474.0,2033,6265.6,7.340747,1937.193,1937.193,4722.535,263.895884,7.340747,58.896229,16942.558,15542.472,18327.815,13605.28,1486.954,86.868,-0.0,17.895448,10.554701,12.646192,5.305446,0.0,0.0,0.0,0.0,0.0,263.895884,4722.535,1.309487,1.634774,6979.789,537.655,10109.746,0.0,0.0,-13605.28,-2035.967,-48.75,100,True,-81.263016
JFE_STEEL_JP,JFE Steel,JP,21.95,45.3,DISCLOSED_PATH,DISCLOSED_PATH,PORT-4FBC33F20EEF,CAND-3785968E4E1C91,P1,PORT-4FBC33F20EEF,191.900857,12884.723,67.142604,False,False,2030,3.1659880174124027,-3.1659880174124027,True,True,True,True,,0.0,0.0,0.0,3,3,0.3119871999999999,0.65,1.1400000000000001,P1,지연·현물조달,False,14240.6,2033,6265.6,69.405508,13318.976,13318.976,16988.969,191.900857,69.405508,104.484251,21443.829,20050.617,23720.61,6731.641,1358.099,-35.113,0.0,88.52993,19.124422,76.665568,7.26006,0.0,0.0,0.0,0.0,0.0,191.900857,16988.969,4.710783,5.880978,5668.828,451.604,5596.158,9638.138,0.0,-6731.641,-1399.527,95.416,100,True,-40.233322
JFE_STEEL_JP,JFE Steel,JP,21.95,45.3,ACCELERATED_15C,DISCLOSED_PATH,PORT-4FBC33F20EEF,CAND-3785968E4E1C91,P1,PORT-4FBC33F20EEF,191.900857,10858.139,56.582024,False,False,2030,8.975988017412405,-8.975988017412405,True,True,True,True,,0.0,0.0,0.0,3,3,0.3119871999999999,0.65,1.1400000000000001,P1,지연·현물조달,False,14240.6,2033,6265.6,58.635271,11252.159,11252.159,15291.21,191.900857,58.635271,110.692036,23000.089,21241.897,25280.948,9989.738,1666.269,-91.923,0.0,79.682866,21.047595,67.797255,9.161983,0.0,0.0,0.0,0.0,0.0,191.900857,15291.21,4.240021,5.293274,6468.262,451.604,6376.639,10042.091,0.0,-9989.738,-2012.874,-83.825,100,True,-29.968492
JFE_STEEL_JP,JFE Steel,JP,21.95,45.3,DISCLOSED_PATH,DISCLOSED_PATH,PORT-29DB1A43C5DD,CAND-3BDAECB8DA1A89,P4,PORT-29DB1A43C5DD,239.320837,41865.782,174.935799,False,False,2030,3.1659880174124027,-3.1659880174124027,True,True,True,True,,0.0,0.0,0.0,3,3,0.3867712,0.65,1.62,P4,균형형 전환,False,17905.8,2032,9930.8,178.236936,42655.813,42655.813,47770.438,239.320837,178.236936,213.341295,58322.973,51057.017,56171.642,8401.204,7290.061,24.106,-0.0,199.60835,21.371414,208.597667,30.360731,0.0,0.0,0.0,0.0,0.0,239.320837,47770.438,13.246018,16.53643,9758.186,850.934,5839.273,41708.87,518.955,-8401.204,-7566.875,-52.326,100,True,68.598106
JFE_STEEL_JP,JFE Steel,JP,21.95,45.3,ACCELERATED_15C,DISCLOSED_PATH,PORT-29DB1A43C5DD,CAND-3BDAECB8DA1A89,P4,PORT-29DB1A43C5DD,239.320837,38962.103,162.802803,False,False,2030,8.975988017412405,-8.975988017412405,True,True,True,True,,0.0,0.0,0.0,3,3,0.3867712,0.65,1.62,P4,균형형 전환,False,17905.8,2032,9930.8,166.084635,39747.514,39747.514,44985.19,239.320837,166.084635,218.025708,62713.813,52178.095,57415.771,12430.581,10478.11,-57.608,0.0,187.970217,21.885581,210.10804,44.023405,0.0,0.0,0.0,0.0,0.0,239.320837,44985.19,12.473711,15.572276,8427.971,850.934,6690.689,46348.52,557.6,-12430.581,-10552.548,-145.07,100,True,77.480872
JFE_STEEL_JP,JFE Steel,JP,21.95,45.3,DISCLOSED_PATH,DISCLOSED_PATH,PORT-48EB0158352D,CAND-44218B07FC843F,P2,PORT-48EB0158352D,209.90085,38813.017,184.911193,False,False,2030,3.1659880174124027,-3.1659880174124027,True,True,True,True,,0.0,0.0,0.0,3,3,0.3867712,0.65,1.62,P2,지연·부분헤지,False,17905.8,2033,9930.8,190.224378,39928.259,39928.259,48312.398,209.90085,190.224378,225.310031,50525.842,47292.767,55676.906,7364.508,3190.523,-42.552,0.0,230.167709,39.943331,205.627247,15.40287,0.0,0.0,0.0,0.0,0.0,209.90085,48312.398,13.396295,16.724037,10541.269,725.944,4876.434,34894.432,58.905,-7364.508,-3848.197,43.98,100,True,80.585548
JFE_STEEL_JP,JFE Steel,JP,21.95,45.3,ACCELERATED_15C,DISCLOSED_PATH,PORT-48EB0158352D,CAND-44218B07FC843F,P2,PORT-48EB0158352D,209.90085,37919.837,180.655948,False,False,2030,8.975988017412405,-8.975988017412405,True,True,True,True,,0.0,0.0,0.0,3,3,0.3867712,0.65,1.62,P2,지연·부분헤지,False,17905.8,2033,9930.8,186.096242,39061.759,39061.759,48232.714,209.90085,186.096242,238.162541,54379.683,49990.52,59161.474,10928.761,4302.15,-87.013,0.0,229.788082,43.691841,207.006889,20.910647,0.0,0.0,0.0,0.0,0.0,209.90085,48232.714,13.3742,16.696453,7766.703,725.944,5735.429,39998.817,62.92,-10928.761,-4213.251,-86.043,100,True,97.492479
JFE_STEEL_JP,JFE Steel,JP,21.95,45.3,DISCLOSED_PATH,DISCLOSED_PATH,PORT-3776FB32D8CF,CAND-4D77DB7422B451,P2,PORT-3776FB32D8CF,284.295886,37820.744,133.033032,True,False,,0.0,1.265341119704999e-05,False,False,True,True,2029,0.0,0.07400003299999997,0.18199837200000069,2,3,0.3119871999999999,0.65,1.1400000000000001,P2,지연·부분헤지,False,15241.6,2029,7326.0,134.503787,38238.873,38238.873,48651.822,284.295886,134.503787,169.547541,51242.341,48201.668,58614.617,9962.795,3001.294,-39.378,0.0,171.130939,36.627153,145.199236,10.695449,0.0,0.0,0.0,0.0,0.0,284.295886,48651.822,13.490412,16.841534,7280.686,887.022,8740.447,34336.337,61.637,-9962.795,-2940.919,-163.542,100,True,24.864957
JFE_STEEL_JP,JFE Steel,JP,21.95,45.3,ACCELERATED_15C,DISCLOSED_PATH,PORT-3776FB32D8CF,CAND-4D77DB7422B451,P2,PORT-3776FB32D8CF,284.295886,35488.747,124.830323,False,False,2040,5.83499479,-5.83499479,True,True,True,True,,0.0,0.0,0.0,2,3,0.3119871999999999,0.65,1.1400000000000001,P2,지연·부분헤지,False,15241.6,2029,7326.0,125.958871,35809.589,35809.589,47115.38,284.295886,125.958871,177.47298,54409.259,50454.838,61760.629,14645.249,3985.856,31.435,0.0,165.726563,39.767692,139.868398,13.909527,0.0,0.0,0.0,0.0,0.0,284.295886,47115.38,13.06438,16.309672,7665.006,887.022,9825.502,35929.784,65.39,-14645.249,-4007.08,89.213,100,True,37.355108
JFE_STEEL_JP,JFE Steel,JP,21.95,45.3,DISCLOSED_PATH,DISCLOSED_PATH,PORT-33091F63E785,CAND-53E6B469D62558,P1,PORT-33091F63E785,303.40837,6214.172,20.481216,True,False,,0.0,1.265341119704999e-05,False,False,True,True,2033,6.754995679999997,0.0,0.8619984320000018,2,3,0.2602464,0.65,0.82,P1,지연·현물조달,False,14520.0,2033,6265.6,21.970122,6665.919,6665.919,9846.845,303.40837,21.970122,57.004971,18909.086,17295.785,20476.711,10629.866,1563.418,-49.883,0.0,32.454098,10.483976,27.287379,5.317257,0.0,0.0,0.0,0.0,0.0,303.40837,9846.845,2.730381,3.408628,6614.896,605.779,11773.996,0.0,0.0,-10629.866,-1649.505,-49.38,100,True,-87.668708
JFE_STEEL_JP,JFE Steel,JP,21.95,45.3,ACCELERATED_15C,DISCLOSED_PATH,PORT-33091F63E785,CAND-53E6B469D62558,P1,PORT-33091F63E785,303.40837,2043.749,6.735967,True,False,,0.0,1.265341119704999e-05,False,False,True,True,2033,2.754995679999997,0.0,0.0,2,3,0.2602464,0.65,0.82,P1,지연·현물조달,False,14520.0,2033,6265.6,8.125576,2465.368,2465.368,5827.532,303.40837,8.125576,59.759701,20213.946,18131.593,21493.758,15666.226,1877.099,-205.254,-0.0,19.206892,11.081316,14.988778,6.863202,0.0,0.0,0.0,0.0,0.0,303.40837,5827.532,1.615886,2.017285,7619.415,605.779,12210.194,0.0,0.0,-15666.226,-2280.178,-23.616,100,True,-80.478187
JFE_STEEL_JP,JFE Steel,JP,21.95,45.3,DISCLOSED_PATH,DISCLOSED_PATH,PORT-29DB1A43C5DD,CAND-56A2BE8D3222E8,P5,PORT-29DB1A43C5DD,239.320837,39714.2,165.945435,False,False,2030,3.1659880174124027,-3.1659880174124027,True,True,True,True,,0.0,0.0,0.0,3,3,0.3867712,0.65,1.62,P5,조기 계약형 전환,False,17905.8,2032,9930.8,167.815352,40161.711,40161.711,43174.533,239.320837,167.815352,202.91971,58388.693,48562.915,51575.737,8401.204,9838.801,13.023,0.0,180.404403,12.589051,208.872279,41.056927,0.0,0.0,0.0,0.0,0.0,239.320837,43174.533,11.971643,14.94549,8262.671,850.934,5976.281,42353.11,918.767,-8401.204,-9830.261,31.414,100,True,58.176522
JFE_STEEL_JP,JFE Steel,JP,21.95,45.3,ACCELERATED_15C,DISCLOSED_PATH,PORT-29DB1A43C5DD,CAND-56A2BE8D3222E8,P5,PORT-29DB1A43C5DD,239.320837,35510.293,148.379443,False,False,2030,8.975988017412405,-8.975988017412405,True,True,True,True,,0.0,0.0,0.0,3,3,0.3867712,0.65,1.62,P5,조기 계약형 전환,False,17905.8,2032,9930.8,150.286071,35966.588,35966.588,38879.717,239.320837,150.286071,202.227144,62748.717,48397.169,51310.298,12430.581,14372.306,20.758,0.0,162.458555,12.172484,210.253887,59.967816,0.0,0.0,0.0,0.0,0.0,239.320837,38879.717,10.780756,13.458778,7412.62,850.934,6700.31,46686.635,988.191,-12430.581,-14278.112,36.591,100,True,61.682308
JFE_STEEL_JP,JFE Steel,JP,21.95,45.3,DISCLOSED_PATH,DISCLOSED_PATH,PORT-BFE68456F5A9,CAND-5B53A6D662B077,P2,PORT-BFE68456F5A9,87.500896,10216.715,116.761265,False,False,2030,11.118342749412001,-11.118342749412001,True,True,True,True,,0.0,0.0,0.0,3,3,0.28207360000000015,0.65,0.9799999999999999,P2,지연·부분헤지,False,10898.8,2036,5940.0,121.548739,10635.624,10635.624,12675.495,87.500896,121.548739,156.531344,14737.891,13696.633,15736.504,3061.009,1023.497,-17.761,0.0,144.861316,23.312578,133.448712,11.899973,0.0,0.0,0.0,0.0,0.0,87.500896,12675.495,3.514722,4.387806,3022.671,255.646,1601.927,9676.504,18.02,-3061.009,-886.009,7.874,100,True,11.909909
JFE_STEEL_JP,JFE Steel,JP,21.95,45.3,ACCELERATED_15C,DISCLOSED_PATH,PORT-BFE68456F5A9,CAND-5B53A6D662B077,P2,PORT-BFE68456F5A9,87.500896,9480.135,108.343288,False,False,2030,21.618342749412,-21.618342749412,True,True,True,True,,0.0,0.0,0.0,3,3,0.28207360000000015,0.65,0.9799999999999999,P2,지연·부분헤지,False,10898.8,2036,5940.0,113.377227,9920.609,9920.609,12060.292,87.500896,113.377227,165.301325,15871.805,14464.014,16603.697,4543.405,1346.386,-61.404,0.0,137.830497,24.453271,129.466098,16.088871,0.0,0.0,0.0,0.0,0.0,87.500896,12060.292,3.344136,4.174845,4383.067,255.646,1630.892,9834.478,19.173,-4543.405,-1633.146,-26.096,100,True,24.773464
JFE_STEEL_JP,JFE Steel,JP,21.95,45.3,DISCLOSED_PATH,DISCLOSED_PATH,PORT-6E49C004BA31,CAND-6740F2BE1999AB,P2,PORT-6E49C004BA31,163.575867,28367.753,173.422604,False,False,2030,4.8049966600000005,-4.8049966600000005,True,True,True,True,,0.0,0.0,0.0,2,3,0.28207360000000015,0.65,0.9799999999999999,P2,지연·부분헤지,False,13615.8,2033,9930.8,178.372821,29177.489,29177.489,34919.613,163.575867,178.372821,213.502293,37009.011,34923.823,40665.947,5746.334,2151.83,66.641,0.0,213.47656,35.103739,191.120352,12.747531,0.0,0.0,0.0,0.0,0.0,163.575867,34919.613,9.682679,12.08793,6587.673,562.447,3732.182,26372.46,43.03,-5746.334,-2440.295,66.326,100,True,68.733991
JFE_STEEL_JP,JFE Steel,JP,21.95,45.3,ACCELERATED_15C,DISCLOSED_PATH,PORT-6E49C004BA31,CAND-6740F2BE1999AB,P2,PORT-6E49C004BA31,163.575867,27546.966,168.404829,False,False,2030,15.14499666,-15.14499666,True,True,True,True,,0.0,0.0,0.0,2,3,0.28207360000000015,0.65,0.9799999999999999,P2,지연·부분헤지,False,13615.8,2033,9930.8,172.544598,28224.132,28224.132,34637.063,163.575867,172.544598,224.584541,39767.139,36736.611,43149.542,8512.479,2918.362,-112.166,-0.0,211.749227,39.204629,191.07134,18.526741,0.0,0.0,0.0,0.0,0.0,163.575867,34637.063,9.604332,11.990122,6341.422,562.447,4198.203,28825.066,45.925,-8512.479,-3159.503,-76.95,100,True,83.940835
JFE_STEEL_JP,JFE Steel,JP,21.95,45.3,DISCLOSED_PATH,DISCLOSED_PATH,PORT-7BA11C62DF95,CAND-68030B11D579DF,P1,PORT-7BA11C62DF95,219.408411,37370.872,170.325612,False,False,2040,0.6424927599999997,-0.6424927599999997,False,False,True,True,2029,0.0,0.07400003299999997,0.0,2,3,0.3119871999999999,0.65,1.1400000000000001,P1,지연·현물조달,False,13945.8,2029,7326.0,172.228191,37788.314,37788.314,48547.41,219.408411,172.228191,207.196639,47140.787,45460.685,56219.781,7672.372,1660.756,-19.346,0.0,221.265035,49.036843,179.885608,7.657416,0.0,0.0,0.0,0.0,0.0,219.408411,48547.41,13.46146,16.80539,5860.119,759.188,6341.603,34358.449,0.0,-7672.372,-1500.199,-358.475,100,True,62.589361
JFE_STEEL_JP,JFE Steel,JP,21.95,45.3,ACCELERATED_15C,DISCLOSED_PATH,PORT-7BA11C62DF95,CAND-68030B11D579DF,P1,PORT-7BA11C62DF95,219.408411,36405.97,165.92787,False,False,2035,10.98249276,-10.98249276,True,True,True,True,,0.0,0.0,0.0,2,3,0.3119871999999999,0.65,1.1400000000000001,P1,지연·현물조달,False,13945.8,2029,7326.0,168.057471,36873.223,36873.223,48410.478,219.408411,168.057471,219.376665,50104.439,48133.085,59670.341,11259.863,2062.035,90.681,0.0,220.640939,52.583468,177.04233,8.984859,0.0,0.0,0.0,0.0,0.0,219.408411,48410.478,13.423491,16.757989,6722.813,759.188,6468.383,36720.759,0.0,-11259.863,-2154.199,-383.859,100,True,79.453708
JFE_STEEL_JP,JFE Steel,JP,21.95,45.3,DISCLOSED_PATH,DISCLOSED_PATH,PORT-E123D45B71CC,CAND-74F6415EBB9977,P3,PORT-E123D45B71CC,226.220909,44097.644,194.931779,True,False,,0.0,1.265341119704999e-05,False,False,True,True,2029,0.0,0.07400003299999997,0.0,3,3,0.3867712,0.65,1.62,P3,균형형 라이트헤지,False,16189.8,2029,7326.0,196.334001,44414.856,44414.856,53599.332,226.220909,196.334001,231.301319,57409.134,52325.195,61509.67,7910.338,5315.271,231.331,0.0,236.93359,40.599589,218.807343,22.473342,0.0,0.0,0.0,0.0,0.0,226.220909,53599.332,14.862282,18.554186,6993.447,854.562,6090.601,43117.675,226.209,-7910.338,-5083.988,126.689,100,True,86.695171
JFE_STEEL_JP,JFE Steel,JP,21.95,45.3,ACCELERATED_15C,DISCLOSED_PATH,PORT-E123D45B71CC,CAND-74F6415EBB9977,P3,PORT-E123D45B71CC,226.220909,42138.891,186.273194,False,False,2035,10.058341729412,-10.058341729412,True,True,True,True,,0.0,0.0,0.0,3,3,0.3867712,0.65,1.62,P3,균형형 라이트헤지,False,16189.8,2029,7326.0,188.085958,42548.976,42548.976,51524.072,226.220909,188.085958,239.430453,61415.298,54164.175,63139.27,11615.198,7477.596,226.472,0.0,227.759991,39.674033,220.139244,32.053286,0.0,0.0,0.0,0.0,0.0,226.220909,51524.072,14.286843,17.835805,8906.45,854.562,6410.677,45414.194,241.166,-11615.198,-7687.597,24.723,100,True,99.482195
JFE_STEEL_JP,JFE Steel,JP,21.95,45.3,DISCLOSED_PATH,DISCLOSED_PATH,PORT-0032610F15CE,CAND-8143AC9B1B780D,P5,PORT-0032610F15CE,334.010871,63227.786,189.298588,True,False,,0.0,1.265341119704999e-05,False,False,True,True,2028,0.0,0.174000033,0.28199871200000004,2,3,0.3867712,0.65,1.62,P5,조기 계약형 전환,False,18906.8,2032,9930.8,190.204426,63530.346,63530.346,69108.302,334.010871,190.204426,225.171575,90377.671,75209.754,80787.71,11679.408,15222.102,54.185,0.0,206.904349,16.699923,235.615872,45.411446,0.0,0.0,0.0,0.0,0.0,334.010871,69108.302,19.162684,23.922841,10152.878,1317.557,9295.731,68067.595,1430.25,-11679.408,-15161.761,107.505,100,True,80.565596
JFE_STEEL_JP,JFE Steel,JP,21.95,45.3,ACCELERATED_15C,DISCLOSED_PATH,PORT-0032610F15CE,CAND-8143AC9B1B780D,P5,PORT-0032610F15CE,334.010871,56785.216,170.010083,False,False,2040,3.584995639999999,-3.584995639999999,False,False,True,True,2028,0.0,0.02400003300000003,0.0,2,3,0.3867712,0.65,1.62,P5,조기 계약형 전환,False,18906.8,2032,9930.8,170.973024,57106.849,57106.849,62388.822,334.010871,170.973024,222.157936,96487.943,74203.166,79485.139,17096.317,22270.552,-14.225,0.0,186.786801,15.813776,237.691742,66.718717,0.0,0.0,0.0,0.0,0.0,334.010871,62388.822,17.299474,21.596795,10118.713,1317.557,10264.621,73119.177,1527.921,-17096.317,-22263.623,118.8,100,True,82.369261
JFE_STEEL_JP,JFE Steel,JP,21.95,45.3,DISCLOSED_PATH,DISCLOSED_PATH,PORT-844170813924,CAND-81AEAF431DDC0A,P4,PORT-844170813924,381.425854,67951.044,178.150075,True,False,,0.0,1.265341119704999e-05,False,False,True,True,2028,0.0,0.174000033,0.33399759199999934,2,3,0.41232239999999987,0.65,1.78,P4,균형형 전환,False,20952.8,2032,9930.8,179.731367,68554.19,68554.19,78054.325,381.425854,179.731367,214.707149,93256.863,81894.857,91394.992,13340.667,11446.11,84.105,0.0,204.638265,24.906898,209.519608,29.788241,0.0,0.0,0.0,0.0,0.0,381.425854,78054.325,21.64328,27.019636,11990.155,1401.633,11312.299,67557.36,836.06,-13340.667,-11448.643,245.993,100,True,70.092537
JFE_STEEL_JP,JFE Steel,JP,21.95,45.3,ACCELERATED_15C,DISCLOSED_PATH,PORT-844170813924,CAND-81AEAF431DDC0A,P4,PORT-844170813924,381.425854,62971.904,165.096055,True,False,,0.0,1.265341119704999e-05,False,False,True,True,2028,0.0,0.02400003300000003,0.0,2,3,0.41232239999999987,0.65,1.78,P4,균형형 전환,False,20952.8,2032,9930.8,166.861118,63645.145,63645.145,73290.931,381.425854,166.861118,218.178132,99624.935,83218.78,92864.567,19573.636,16463.443,57.288,-0.0,192.149877,25.288758,209.873815,43.012696,0.0,0.0,0.0,0.0,0.0,381.425854,73290.931,20.322463,25.370718,11990.155,1401.633,12458.525,72720.274,892.623,-19573.636,-16442.969,198.539,100,True,78.257355
JFE_STEEL_JP,JFE Steel,JP,21.95,45.3,DISCLOSED_PATH,DISCLOSED_PATH,PORT-25A7E18292F6,CAND-82646489D4D4D1,P2,PORT-25A7E18292F6,310.220867,15630.754,50.385889,True,False,,0.0,1.265341119704999e-05,False,False,True,True,2033,4.44999748,0.0,0.8619984320000018,3,3,0.3406543999999999,0.65,1.3,P2,지연·부분헤지,False,16764.0,2033,6265.6,51.987305,16127.547,16127.547,20373.025,310.220867,51.987305,87.019872,29349.723,26995.38,31240.859,10867.833,2315.46,-38.883,0.0,65.672647,13.685341,59.576553,7.589247,0.0,0.0,0.0,0.0,0.0,310.220867,20373.025,5.649131,7.052418,9054.81,701.152,10581.346,9288.994,41.138,-10867.833,-2625.426,-46.633,100,True,-57.651525
JFE_STEEL_JP,JFE Steel,JP,21.95,45.3,ACCELERATED_15C,DISCLOSED_PATH,PORT-25A7E18292F6,CAND-82646489D4D4D1,P2,PORT-25A7E18292F6,310.220867,11973.137,38.595524,True,False,,0.0,1.265341119704999e-05,False,False,True,True,2033,1.249997480000001,0.0,0.0,3,3,0.3406543999999999,0.65,1.3,P2,지연·부분헤지,False,16764.0,2033,6265.6,40.195053,12469.344,12469.344,17061.429,310.220867,40.195053,91.840713,31430.472,28490.906,33082.99,16021.561,2877.779,-61.788,-0.0,54.997682,14.802628,49.670775,9.475721,0.0,0.0,0.0,0.0,0.0,310.220867,17061.429,4.730875,5.906061,6813.751,701.152,12716.068,10892.321,43.749,-16021.561,-2654.105,-22.03,100,True,-48.40871
JFE_STEEL_JP,JFE Steel,JP,21.95,45.3,DISCLOSED_PATH,DISCLOSED_PATH,PORT-0032610F15CE,CAND-8A107782070451,P4,PORT-0032610F15CE,334.010871,66779.822,199.933078,True,False,,0.0,1.265341119704999e-05,False,False,True,True,2028,0.0,0.174000033,0.28199871200000004,2,3,0.3867712,0.65,1.62,P4,균형형 전환,False,18906.8,2032,9930.8,201.408263,67272.549,67272.549,76576.195,334.010871,201.408263,236.375413,89997.872,78951.957,88255.604,11679.408,11101.831,55.916,0.0,229.262584,27.854321,234.478788,33.070525,0.0,0.0,0.0,0.0,0.0,334.010871,76576.195,21.233417,26.50796,10097.763,1317.557,9293.41,68266.582,805.281,-11679.408,-10970.018,141.382,100,True,91.769433
JFE_STEEL_JP,JFE Steel,JP,21.95,45.3,ACCELERATED_15C,DISCLOSED_PATH,PORT-0032610F15CE,CAND-8A107782070451,P4,PORT-0032610F15CE,334.010871,62456.153,186.988384,False,False,2040,3.584995639999999,-3.584995639999999,False,False,True,True,2028,0.0,0.02400003300000003,0.0,2,3,0.3867712,0.65,1.62,P4,균형형 전환,False,18906.8,2032,9930.8,188.649368,63010.94,63010.94,72365.186,334.010871,188.649368,239.834279,96112.053,80107.257,89461.503,17096.317,16029.574,24.778,0.0,216.655183,28.005815,236.56636,47.916992,0.0,0.0,0.0,0.0,0.0,334.010871,72365.186,20.065768,25.050258,10726.196,1317.557,10244.031,73217.439,859.648,-17096.317,-16102.817,-154.798,100,True,100.045605
JFE_STEEL_JP,JFE Steel,JP,21.95,45.3,DISCLOSED_PATH,DISCLOSED_PATH,PORT-1741394F78A8,CAND-8A2CE57122B1A0,P1,PORT-1741394F78A8,199.008409,3795.639,19.072755,False,False,2035,2.3424929100000007,-2.3424929100000007,False,False,True,True,2036,0.004998229999999992,0.0,0.0,2,3,0.22808320000000004,0.65,0.66,P1,지연·현물조달,False,11178.2,2029,4558.4,20.30839,4041.54,4041.54,6280.512,199.008409,20.30839,55.277942,12052.489,11000.775,13239.746,6959.235,958.0,-93.714,-0.0,31.559026,11.250636,25.593162,5.284772,0.0,0.0,0.0,0.0,0.0,199.008409,6280.512,1.741491,2.17409,4612.187,409.821,7028.726,0.0,0.0,-6959.235,-1068.073,18.115,100,True,-89.33044
JFE_STEEL_JP,JFE Steel,JP,21.95,45.3,ACCELERATED_15C,DISCLOSED_PATH,PORT-1741394F78A8,CAND-8A2CE57122B1A0,P1,PORT-1741394F78A8,199.008409,1054.177,5.297148,False,False,2035,12.68249291,-12.68249291,True,True,True,True,,0.0,0.0,0.0,2,3,0.22808320000000004,0.65,0.66,P1,지연·현물조달,False,11178.2,2029,4558.4,6.32242,1258.215,1258.215,3708.018,199.008409,6.32242,57.676497,12781.919,11478.108,13927.911,10219.893,1150.397,-153.414,0.0,18.632467,12.310047,12.873956,6.551536,0.0,0.0,0.0,0.0,0.0,199.008409,3708.018,1.028177,1.283584,4612.187,409.821,7751.628,0.0,0.0,-10219.893,-1282.532,-12.997,100,True,-82.281343
JFE_STEEL_JP,JFE Steel,JP,21.95,45.3,DISCLOSED_PATH,DISCLOSED_PATH,PORT-E123D45B71CC,CAND-8DC42B3C7EA2DB,P2,PORT-E123D45B71CC,226.220909,45846.466,202.66237,True,False,,0.0,1.265341119704999e-05,False,False,True,True,2029,0.0,0.07400003299999997,0.0,3,3,0.3867712,0.65,1.62,P2,지연·부분헤지,False,16189.8,2029,7326.0,204.488179,46259.502,46259.502,57782.895,226.220909,204.488179,239.455497,57308.151,54169.84,65693.233,7910.338,3394.0,255.689,-0.0,255.426853,50.938673,218.360952,13.872772,0.0,0.0,0.0,0.0,0.0,226.220909,57782.895,16.02232,20.002387,6862.636,854.562,6126.314,43215.381,66.636,-7910.338,-3115.36,159.671,100,True,94.849349
JFE_STEEL_JP,JFE Steel,JP,21.95,45.3,ACCELERATED_15C,DISCLOSED_PATH,PORT-E123D45B71CC,CAND-8DC42B3C7EA2DB,P2,PORT-E123D45B71CC,226.220909,44861.978,198.310483,False,False,2035,10.058341729412,-10.058341729412,True,True,True,True,,0.0,0.0,0.0,3,3,0.3867712,0.65,1.62,P2,지연·부분헤지,False,16189.8,2029,7326.0,200.581199,45375.661,45375.661,56926.45,226.220909,200.581199,251.925694,61294.738,56990.859,68541.649,11615.198,4576.609,272.731,0.0,251.640976,51.059778,219.606311,19.025112,0.0,0.0,0.0,0.0,0.0,226.220909,56926.45,15.784841,19.705916,9217.102,854.562,6390.382,45313.019,70.799,-11615.198,-4927.991,72.988,100,True,111.977436
JFE_STEEL_JP,JFE Steel,JP,21.95,45.3,DISCLOSED_PATH,DISCLOSED_PATH,PORT-576B945395C2,CAND-8F0E9CFE80824D,P6,PORT-576B945395C2,417.556839,76190.532,182.46745,True,False,,0.0,1.265341119704999e-05,False,False,True,True,2028,0.0,0.3089998460000001,1.281998712,3,3,0.47620039999999997,0.65,2.2600000000000002,P6,조기 고헤지,False,23196.8,2031,9930.8,182.801654,76330.081,76330.081,78928.543,417.556839,182.801654,217.791301,115804.896,90940.247,93538.709,14610.167,24862.36,-2.289,0.0,189.024668,6.223014,242.349592,59.547939,0.0,0.0,0.0,0.0,0.0,417.556839,78928.543,21.885687,27.322259,13458.8,1645.095,11729.975,85754.992,3311.961,-14610.167,-24875.556,-85.021,100,True,73.162824
JFE_STEEL_JP,JFE Steel,JP,21.95,45.3,ACCELERATED_15C,DISCLOSED_PATH,PORT-576B945395C2,CAND-8F0E9CFE80824D,P6,PORT-576B945395C2,417.556839,65416.232,156.664258,True,False,,0.0,1.265341119704999e-05,False,False,True,True,2028,0.0,0.02899984600000005,0.0,3,3,0.47620039999999997,0.65,2.2600000000000002,P6,조기 고헤지,False,23196.8,2031,9930.8,156.99415,65553.981,65553.981,67941.321,417.556839,156.99415,208.280995,123677.819,86969.154,89356.494,21415.173,36712.189,3.524,-0.0,162.711552,5.717401,244.907128,87.912977,0.0,0.0,0.0,0.0,0.0,417.556839,67941.321,18.839097,23.518873,13458.8,1645.095,12869.521,92317.036,3541.497,-21415.173,-36767.621,-95.175,100,True,68.390387
JFE_STEEL_JP,JFE Steel,JP,21.95,45.3,DISCLOSED_PATH,DISCLOSED_PATH,PORT-36B22CA0D026,CAND-94E38421D8FAE7,P1,PORT-36B22CA0D026,159.495924,2772.919,17.385515,False,False,2035,10.244990009999999,-10.244990009999999,True,True,True,True,,0.0,0.0,0.0,2,3,0.19452160000000007,0.65,0.5,P1,지연·현물조달,False,9132.2,2029,4558.4,18.54131,2957.263,2957.263,4875.709,159.495924,18.54131,53.52043,9273.439,8536.29,10454.736,5579.027,612.35,-124.798,-0.0,30.56949,12.028179,23.163049,4.621739,0.0,0.0,0.0,0.0,0.0,159.495924,4875.709,1.35196,1.687797,3616.671,341.697,5336.554,0.0,0.0,-5579.027,-760.233,1.601,100,True,-91.09752
JFE_STEEL_JP,JFE Steel,JP,21.95,45.3,ACCELERATED_15C,DISCLOSED_PATH,PORT-36B22CA0D026,CAND-94E38421D8FAE7,P1,PORT-36B22CA0D026,159.495924,593.56,3.721473,False,False,2035,20.58499001,-20.58499001,True,True,True,True,,0.0,0.0,0.0,2,3,0.19452160000000007,0.65,0.5,P1,지연·현물조달,False,9132.2,2029,4558.4,4.67875,746.242,746.242,2813.901,159.495924,4.67875,55.83333,9781.067,8905.189,10972.848,8158.947,735.812,-140.067,0.0,17.642463,12.963713,10.170294,5.491544,0.0,0.0,0.0,0.0,0.0,159.495924,2813.901,0.780252,0.974073,3616.671,341.697,5861.263,0.0,0.0,-8158.947,-913.128,-1.315,100,True,-83.925013
JFE_STEEL_JP,JFE Steel,JP,21.95,45.3,DISCLOSED_PATH,DISCLOSED_PATH,PORT-6E49C004BA31,CAND-953F1AFEF37202,P1,PORT-6E49C004BA31,163.575867,29099.891,177.898434,False,False,2030,4.8049966600000005,-4.8049966600000005,True,True,True,True,,0.0,0.0,0.0,2,3,0.28207360000000015,0.65,0.9799999999999999,P1,지연·현물조달,False,13615.8,2033,9930.8,183.607668,30033.784,30033.784,36666.8,163.575867,183.607668,218.73714,37045.748,35780.117,42413.134,5746.334,1374.819,109.188,-0.0,224.157763,40.550094,191.344939,7.737271,0.0,0.0,0.0,0.0,0.0,163.575867,36666.8,10.167147,12.692745,6726.82,562.447,3724.538,26367.465,0.0,-5746.334,-1703.099,101.946,100,True,73.968838
JFE_STEEL_JP,JFE Steel,JP,21.95,45.3,ACCELERATED_15C,DISCLOSED_PATH,PORT-6E49C004BA31,CAND-953F1AFEF37202,P1,PORT-6E49C004BA31,163.575867,28678.153,175.320197,False,False,2030,15.14499666,-15.14499666,True,True,True,True,,0.0,0.0,0.0,2,3,0.28207360000000015,0.65,0.9799999999999999,P1,지연·현물조달,False,13615.8,2033,9930.8,180.202638,29476.803,29476.803,36999.159,163.575867,180.202638,232.242581,39813.984,37989.282,45511.637,8512.479,1719.093,-105.609,0.0,226.189591,45.986954,191.35772,11.155082,0.0,0.0,0.0,0.0,0.0,163.575867,36999.159,10.259305,12.807795,6449.788,562.447,4200.531,28839.096,0.0,-8512.479,-2008.337,-54.245,100,True,91.598875
JFE_STEEL_JP,JFE Steel,JP,21.95,45.3,DISCLOSED_PATH,DISCLOSED_PATH,PORT-48EB0158352D,CAND-AFB45421E864E1,P3,PORT-48EB0158352D,209.90085,37378.72,178.077983,False,False,2030,3.1659880174124027,-3.1659880174124027,True,True,True,True,,0.0,0.0,0.0,3,3,0.3867712,0.65,1.62,P3,균형형 라이트헤지,False,17905.8,2033,9930.8,182.345454,38274.466,38274.466,44921.142,209.90085,182.345454,217.431107,50459.411,45638.974,52285.65,7364.508,4766.721,-53.716,0.0,214.011241,31.665787,205.310759,22.965305,0.0,0.0,0.0,0.0,0.0,209.90085,44921.142,12.455951,15.550104,10037.605,725.944,4902.926,35021.221,197.565,-7364.508,-5254.433,8.144,100,True,72.706624
JFE_STEEL_JP,JFE Steel,JP,21.95,45.3,ACCELERATED_15C,DISCLOSED_PATH,PORT-48EB0158352D,CAND-AFB45421E864E1,P3,PORT-48EB0158352D,209.90085,35677.345,169.972368,False,False,2030,8.975988017412405,-8.975988017412405,True,True,True,True,,0.0,0.0,0.0,3,3,0.3867712,0.65,1.62,P3,균형형 라이트헤지,False,17905.8,2033,9930.8,174.203428,36565.448,36565.448,43660.821,209.90085,174.203428,226.269727,54308.775,47494.208,54589.582,10928.761,6720.597,-93.97,0.0,208.006882,33.803455,206.669076,32.465648,0.0,0.0,0.0,0.0,0.0,209.90085,43660.821,12.106483,15.113826,7783.27,725.944,5709.248,39803.965,211.992,-10928.761,-6679.113,-61.098,100,True,85.599665
JFE_STEEL_JP,JFE Steel,JP,21.95,45.3,DISCLOSED_PATH,DISCLOSED_PATH,PORT-263958B6D89F,CAND-B210B35AD45FF1,P1,PORT-263958B6D89F,80.688399,792.04,9.816037,False,False,2030,12.202493780000001,-12.202493780000001,True,True,True,True,,0.0,0.0,0.0,2,3,0.19452160000000007,0.65,0.5,P1,지연·현물조달,False,8654.8,2036,3696.0,11.583109,934.623,934.623,1408.703,80.688399,11.583109,46.570078,4085.275,3757.665,4231.745,2823.042,335.849,8.238,-0.0,17.458555,5.875445,15.6433,4.060191,0.0,0.0,0.0,0.0,0.0,80.688399,1408.703,0.390612,0.487643,1808.803,160.273,2085.158,0.0,0.0,-2823.042,-292.539,-4.03,100,True,-98.055721
JFE_STEEL_JP,JFE Steel,JP,21.95,45.3,ACCELERATED_15C,DISCLOSED_PATH,PORT-263958B6D89F,CAND-B210B35AD45FF1,P1,PORT-263958B6D89F,80.688399,-434.279,-5.382174,False,False,2030,22.54249378,-22.54249378,True,True,True,True,,0.0,0.0,0.0,2,3,0.19452160000000007,0.65,0.5,P1,지연·현물조달,False,8654.8,2036,3696.0,-3.687428,-297.533,-297.533,242.661,80.688399,-3.687428,48.216807,4309.32,3890.537,4430.731,4188.07,403.859,-14.924,0.0,3.007386,6.694813,1.502698,5.190126,0.0,0.0,0.0,0.0,0.0,80.688399,242.661,0.067286,0.084001,2511.136,160.273,1722.276,0.0,0.0,-4188.07,-498.914,-4.233,100,True,-92.291191
JFE_STEEL_JP,JFE Steel,JP,21.95,45.3,DISCLOSED_PATH,DISCLOSED_PATH,PORT-7F45069F34E3,CAND-B4CBF9F7B55581,P3,PORT-7F45069F34E3,203.088353,28331.05,139.501106,False,False,2030,3.1659880174124027,-3.1659880174124027,True,True,True,True,,0.0,0.0,0.0,2,3,0.3119871999999999,0.65,1.1400000000000001,P3,균형형 라이트헤지,False,15661.8,2033,9930.8,142.921871,29025.767,29025.767,33933.496,203.088353,142.921871,178.012714,39894.47,36152.309,41060.038,7126.542,3707.178,-34.984,-0.0,167.087357,24.165486,161.348144,18.426273,0.0,0.0,0.0,0.0,0.0,203.088353,33933.496,9.409244,11.746572,7696.12,630.571,5107.567,26620.92,157.638,-7126.542,-3949.6,-110.906,100,True,33.283041
JFE_STEEL_JP,JFE Steel,JP,21.95,45.3,ACCELERATED_15C,DISCLOSED_PATH,PORT-7F45069F34E3,CAND-B4CBF9F7B55581,P3,PORT-7F45069F34E3,203.088353,26352.106,129.756857,False,False,2030,8.975988017412405,-8.975988017412405,True,True,True,True,,0.0,0.0,0.0,2,3,0.3119871999999999,0.65,1.1400000000000001,P3,균형형 라이트헤지,False,15661.8,2033,9930.8,133.223172,27056.075,27056.075,32278.782,203.088353,133.223172,185.28635,42771.498,37629.5,42852.207,10573.425,5130.328,-11.67,-0.0,158.939603,25.716431,158.542193,25.319021,0.0,0.0,0.0,0.0,0.0,203.088353,32278.782,8.950417,11.173768,5519.653,630.571,6364.545,29761.69,168.866,-10573.425,-4856.595,40.768,100,True,44.619409
JFE_STEEL_JP,JFE Steel,JP,21.95,45.3,DISCLOSED_PATH,DISCLOSED_PATH,PORT-25A7E18292F6,CAND-BC3B7FD8701906,P1,PORT-25A7E18292F6,310.220867,15888.322,51.21616,True,False,,0.0,1.265341119704999e-05,False,False,True,True,2033,4.44999748,0.0,0.8619984320000018,3,3,0.3406543999999999,0.65,1.3,P1,지연·현물조달,False,16764.0,2033,6265.6,52.981106,16435.845,16435.845,21396.618,310.220867,52.981106,88.013673,29381.428,27303.678,32264.451,10867.833,1971.561,-106.189,0.0,68.972207,15.991101,59.678753,6.697647,0.0,0.0,0.0,0.0,0.0,310.220867,21396.618,5.932957,7.406749,6727.5,701.152,11578.966,10048.013,0.0,-10867.833,-1774.214,22.26,100,True,-56.657724
JFE_STEEL_JP,JFE Steel,JP,21.95,45.3,ACCELERATED_15C,DISCLOSED_PATH,PORT-25A7E18292F6,CAND-BC3B7FD8701906,P1,PORT-25A7E18292F6,310.220867,12346.595,39.799369,True,False,,0.0,1.265341119704999e-05,False,False,True,True,2033,1.249997480000001,0.0,0.0,3,3,0.3406543999999999,0.65,1.3,P1,지연·현물조달,False,16764.0,2033,6265.6,41.690224,12933.178,12933.178,18349.758,310.220867,41.690224,93.335884,31499.975,28954.739,34371.32,16021.561,2408.108,-137.129,-0.0,59.150626,17.460401,49.894818,8.204594,0.0,0.0,0.0,0.0,0.0,310.220867,18349.758,5.08811,6.352035,7759.741,701.152,11823.804,11098.203,0.0,-16021.561,-2475.267,47.106,100,True,-46.913539
JFE_STEEL_JP,JFE Steel,JP,21.95,45.3,DISCLOSED_PATH,DISCLOSED_PATH,PORT-BFE68456F5A9,CAND-BD5FC0B8045E4C,P1,PORT-BFE68456F5A9,87.500896,10466.189,119.612369,False,False,2030,11.118342749412001,-11.118342749412001,True,True,True,True,,0.0,0.0,0.0,3,3,0.28207360000000015,0.65,0.9799999999999999,P1,지연·현물조달,False,10898.8,2036,5940.0,125.087753,10945.29,10945.29,13286.735,87.500896,125.087753,160.070358,14772.694,14006.3,16347.744,3061.009,723.981,-42.413,0.0,151.846842,26.759089,133.846448,8.758695,0.0,0.0,0.0,0.0,0.0,87.500896,13286.735,3.68421,4.599396,2989.341,255.646,1625.349,9725.254,0.0,-3061.009,-587.519,-1.772,100,True,15.448923
JFE_STEEL_JP,JFE Steel,JP,21.95,45.3,ACCELERATED_15C,DISCLOSED_PATH,PORT-BFE68456F5A9,CAND-BD5FC0B8045E4C,P1,PORT-BFE68456F5A9,87.500896,9868.567,112.78247,False,False,2030,21.618342749412,-21.618342749412,True,True,True,True,,0.0,0.0,0.0,3,3,0.28207360000000015,0.65,0.9799999999999999,P1,지연·현물조달,False,10898.8,2036,5940.0,118.401341,10360.223,10360.223,12868.25,87.500896,118.401341,170.325439,15916.622,14903.629,17411.655,4543.405,905.501,-107.492,0.0,147.064208,28.662867,129.978288,11.576947,0.0,0.0,0.0,0.0,0.0,87.500896,12868.25,3.56817,4.454531,3820.097,255.646,1683.503,10219.627,0.0,-4543.405,-1094.227,18.982,100,True,29.797578
JFE_STEEL_JP,JFE Steel,JP,21.95,45.3,DISCLOSED_PATH,DISCLOSED_PATH,PORT-1C641A2E58FD,CAND-BD69BDF77D11F9,P2,PORT-1C641A2E58FD,205.820907,13211.212,64.187903,False,False,2035,1.2583418794120007,-1.2583418794120007,True,True,True,True,,0.0,0.0,0.0,3,3,0.3119871999999999,0.65,1.1400000000000001,P2,지연·부분헤지,False,13422.2,2036,5940.0,67.033012,13796.795,13796.795,16720.889,205.820907,67.033012,102.001285,22697.872,20993.997,23918.09,7197.202,1684.949,-18.926,0.0,81.239991,14.206979,75.311447,8.278436,0.0,0.0,0.0,0.0,0.0,205.820907,16720.889,4.636449,5.788178,5970.342,505.194,7430.645,8813.734,30.261,-7197.202,-1771.67,15.491,100,True,-42.605818
JFE_STEEL_JP,JFE Steel,JP,21.95,45.3,ACCELERATED_15C,DISCLOSED_PATH,PORT-1C641A2E58FD,CAND-BD69BDF77D11F9,P2,PORT-1C641A2E58FD,205.820907,10973.496,53.31575,False,False,2035,11.758341879412,-11.758341879412,True,True,True,True,,0.0,0.0,0.0,3,3,0.3119871999999999,0.65,1.1400000000000001,P2,지연·부분헤지,False,13422.2,2036,5940.0,55.90789,11507.013,11507.013,14822.864,205.820907,55.90789,107.288622,24262.123,22082.241,25398.092,10575.229,2133.877,-46.004,-0.0,72.01826,16.11037,66.499046,10.591155,0.0,0.0,0.0,0.0,0.0,205.820907,14822.864,4.110155,5.131149,5911.283,505.194,8288.209,9528.499,32.162,-10575.229,-2194.362,11.255,100,True,-32.695873
JFE_STEEL_JP,JFE Steel,JP,21.95,45.3,DISCLOSED_PATH,DISCLOSED_PATH,PORT-1C641A2E58FD,CAND-C535F3B5D7A55A,P1,PORT-1C641A2E58FD,205.820907,13469.788,65.444215,False,False,2035,1.2583418794120007,-1.2583418794120007,True,True,True,True,,0.0,0.0,0.0,3,3,0.3119871999999999,0.65,1.1400000000000001,P1,지연·현물조달,False,13422.2,2036,5940.0,68.70687,14141.31,14141.31,17568.152,205.820907,68.70687,103.675144,22747.575,21338.512,24765.353,7197.202,1363.864,-45.199,-0.0,85.356497,16.649626,75.552932,6.846061,0.0,0.0,0.0,0.0,0.0,205.820907,17568.152,4.871382,6.08147,6050.855,505.194,7521.838,8766.621,0.0,-7197.202,-1506.691,0.695,100,True,-40.93196
JFE_STEEL_JP,JFE Steel,JP,21.95,45.3,ACCELERATED_15C,DISCLOSED_PATH,PORT-1C641A2E58FD,CAND-C535F3B5D7A55A,P1,PORT-1C641A2E58FD,205.820907,11357.023,55.179152,False,False,2035,11.758341879412,-11.758341879412,True,True,True,True,,0.0,0.0,0.0,3,3,0.3119871999999999,0.65,1.1400000000000001,P1,지연·현물조달,False,13422.2,2036,5940.0,58.184618,11975.611,11975.611,15889.538,205.820907,58.184618,109.565349,24333.435,22550.84,26464.767,10575.229,1673.408,-109.187,0.0,77.200798,19.01618,66.845523,8.660905,0.0,0.0,0.0,0.0,0.0,205.820907,15889.538,4.405928,5.500394,6585.597,505.194,7201.625,10218.726,0.0,-10575.229,-1963.381,3.077,100,True,-30.419145
JFE_STEEL_JP,JFE Steel,JP,21.95,45.3,DISCLOSED_PATH,DISCLOSED_PATH,PORT-E123D45B71CC,CAND-C973F96EA1BC5C,P1,PORT-E123D45B71CC,226.220909,47045.021,207.960534,True,False,,0.0,1.265341119704999e-05,False,False,True,True,2029,0.0,0.07400003299999997,0.0,3,3,0.3867712,0.65,1.62,P1,지연·현물조달,False,16189.8,2029,7326.0,210.145625,47539.334,47539.334,60771.04,226.220909,210.145625,245.112942,57276.997,55449.673,68681.378,7910.338,2079.275,251.95,-0.0,268.635822,58.490197,218.223236,8.077611,0.0,0.0,0.0,0.0,0.0,226.220909,60771.04,16.850887,21.036776,6775.429,854.562,6162.026,43280.519,0.0,-7910.338,-1803.374,180.51,100,True,100.506795
JFE_STEEL_JP,JFE Steel,JP,21.95,45.3,ACCELERATED_15C,DISCLOSED_PATH,PORT-E123D45B71CC,CAND-C973F96EA1BC5C,P1,PORT-E123D45B71CC,226.220909,46708.817,206.474357,False,False,2035,10.058341729412,-10.058341729412,True,True,True,True,,0.0,0.0,0.0,3,3,0.3867712,0.65,1.62,P1,지연·현물조달,False,16189.8,2029,7326.0,209.076744,47297.531,47297.531,60780.468,226.220909,209.076744,260.421239,61267.323,58912.729,72395.666,11615.198,2599.591,244.998,-0.0,268.677499,59.600755,219.485124,10.408381,0.0,0.0,0.0,0.0,0.0,226.220909,60780.468,16.853502,21.04004,9424.204,854.562,6370.086,45245.569,0.0,-11615.198,-3108.707,127.016,100,True,120.472981
JFE_STEEL_JP,JFE Steel,JP,21.95,45.3,DISCLOSED_PATH,DISCLOSED_PATH,PORT-D5A2DA370FDA,CAND-CB30BCF3D9CF92,P1,PORT-D5A2DA370FDA,185.08836,3210.574,17.34617,False,False,2030,3.1659880174124027,-3.1659880174124027,False,False,True,True,2036,1.6549952300000008,0.0,0.0,2,3,0.22808320000000004,0.65,0.6599999999999999,P1,지연·현물조달,False,11996.6,2033,6265.6,18.44345,3413.668,3413.668,5015.921,185.08836,18.44345,53.527634,10895.009,9907.342,11509.595,6493.674,958.994,-28.673,0.0,27.100144,8.656695,23.77964,5.33619,0.0,0.0,0.0,0.0,0.0,185.08836,5015.921,1.390839,1.736334,3902.435,356.231,6548.543,0.0,0.0,-6493.674,-907.833,7.966,100,True,-91.19538
JFE_STEEL_JP,JFE Steel,JP,21.95,45.3,ACCELERATED_15C,DISCLOSED_PATH,PORT-D5A2DA370FDA,CAND-CB30BCF3D9CF92,P1,PORT-D5A2DA370FDA,185.08836,555.293,3.000149,False,False,2030,9.492498710000003,-9.492498710000003,True,True,True,True,,0.0,0.0,0.0,2,3,0.22808320000000004,0.65,0.6599999999999999,P1,지연·현물조달,False,11996.6,2033,6265.6,4.197049,776.825,776.825,2497.276,185.08836,4.197049,56.250037,11561.758,10411.227,12131.678,9634.402,1151.639,1.109,-0.0,13.492344,9.295295,10.413165,6.216116,0.0,0.0,0.0,0.0,0.0,185.08836,2497.276,0.692457,0.864468,4211.337,356.231,6984.641,0.0,0.0,-9634.402,-1134.446,-6.536,100,True,-84.406714
JFE_STEEL_JP,JFE Steel,JP,21.95,45.3,DISCLOSED_PATH,DISCLOSED_PATH,PORT-408F044D6828,CAND-CBE864A3B5E624,P2,PORT-408F044D6828,302.295879,63997.503,211.704848,True,False,,0.0,1.265341119704999e-05,False,False,True,True,2029,0.0,0.07400003299999997,0.0,2,3,0.3867712,0.65,1.62,P2,지연·부분헤지,False,18906.8,2033,9930.8,216.057438,65313.273,65313.273,79939.823,302.295879,216.057438,251.108074,80220.469,75908.936,90535.486,10595.663,4548.371,236.838,0.0,264.442317,48.384879,230.320063,14.262625,0.0,0.0,0.0,0.0,0.0,302.295879,79939.823,22.1661,27.672329,10581.588,1161.363,8246.106,60239.174,91.645,-10595.663,-4679.404,268.465,100,True,106.418608
JFE_STEEL_JP,JFE Steel,JP,21.95,45.3,ACCELERATED_15C,DISCLOSED_PATH,PORT-408F044D6828,CAND-CBE864A3B5E624,P2,PORT-408F044D6828,302.295879,62928.809,208.169588,False,False,2040,3.584995639999999,-3.584995639999999,True,True,True,True,,0.0,0.0,0.0,2,3,0.3867712,0.65,1.62,P2,지연·부분헤지,False,18906.8,2033,9930.8,212.968929,64379.63,64379.63,79385.369,302.295879,212.968929,264.52197,85922.952,79963.902,94969.641,15584.272,6245.224,286.174,0.0,262.608175,49.639246,232.681571,19.712642,0.0,0.0,0.0,0.0,0.0,302.295879,79385.369,22.012358,27.480396,10581.588,1161.363,9102.605,65125.109,97.551,-15584.272,-6335.177,230.864,100,True,124.365166
JFE_STEEL_JP,JFE Steel,JP,21.95,45.3,DISCLOSED_PATH,DISCLOSED_PATH,PORT-6E49C004BA31,CAND-DF57CBE06564A4,P3,PORT-6E49C004BA31,163.575867,27300.156,166.895985,False,False,2030,4.8049966600000005,-4.8049966600000005,True,True,True,True,,0.0,0.0,0.0,2,3,0.28207360000000015,0.65,0.9799999999999999,P3,균형형 라이트헤지,False,13615.8,2033,9930.8,170.818158,27941.728,27941.728,32494.401,163.575867,170.818158,205.947629,37006.966,33688.062,38240.735,5746.334,3373.517,54.612,0.0,198.650338,27.832181,191.107853,20.289695,0.0,0.0,0.0,0.0,0.0,163.575867,32494.401,9.010204,11.248408,6378.952,562.447,3739.826,26379.953,144.796,-5746.334,-3553.761,35.849,100,True,61.179328
JFE_STEEL_JP,JFE Steel,JP,21.95,45.3,ACCELERATED_15C,DISCLOSED_PATH,PORT-6E49C004BA31,CAND-DF57CBE06564A4,P3,PORT-6E49C004BA31,163.575867,25879.894,158.213398,False,False,2030,15.14499666,-15.14499666,True,True,True,True,,0.0,0.0,0.0,2,3,0.28207360000000015,0.65,0.9799999999999999,P3,균형형 라이트헤지,False,13615.8,2033,9930.8,161.477066,26413.751,26413.751,31353.441,163.575867,161.477066,213.517009,39744.262,34926.23,39865.92,8512.479,4729.561,-88.471,0.0,191.675225,30.198158,190.931484,29.454418,0.0,0.0,0.0,0.0,0.0,163.575867,31353.441,8.693833,10.853448,6378.952,562.447,4136.461,28570.692,155.194,-8512.479,-4952.823,75.307,100,True,72.873303
JFE_STEEL_JP,JFE Steel,JP,21.95,45.3,DISCLOSED_PATH,DISCLOSED_PATH,PORT-408F044D6828,CAND-DFCA23D16E81A2,P1,PORT-408F044D6828,302.295879,65678.722,217.26635,True,False,,0.0,1.265341119704999e-05,False,False,True,True,2029,0.0,0.07400003299999997,0.0,2,3,0.3867712,0.65,1.62,P1,지연·현물조달,False,18906.8,2033,9930.8,222.320013,67206.424,67206.424,84045.202,302.295879,222.320013,257.370649,80262.373,77802.087,94640.865,10595.663,2688.207,227.921,0.0,278.022983,55.70297,230.458682,8.138669,0.0,0.0,0.0,0.0,0.0,302.295879,84045.202,23.304459,29.093465,10686.101,1161.363,8248.907,60286.992,0.0,-10595.663,-2921.062,339.785,100,True,112.681183
JFE_STEEL_JP,JFE Steel,JP,21.95,45.3,ACCELERATED_15C,DISCLOSED_PATH,PORT-408F044D6828,CAND-DFCA23D16E81A2,P1,PORT-408F044D6828,302.295879,65518.403,216.73601,False,False,2040,3.584995639999999,-3.584995639999999,True,True,True,True,,0.0,0.0,0.0,2,3,0.3867712,0.65,1.62,P1,지연·현물조달,False,18906.8,2033,9930.8,222.210857,67173.426,67173.426,84742.885,302.295879,222.210857,273.763898,85983.411,82757.698,100327.157,15584.272,3360.865,135.152,0.0,280.330929,58.120072,232.881571,10.670714,0.0,0.0,0.0,0.0,0.0,302.295879,84742.885,23.497916,29.334978,10686.101,1161.363,9112.272,65195.904,0.0,-15584.272,-3651.857,253.915,100,True,133.607094
JFE_STEEL_JP,JFE Steel,JP,21.95,45.3,DISCLOSED_PATH,DISCLOSED_PATH,PORT-7F45069F34E3,CAND-DFD36ABEC37623,P1,PORT-7F45069F34E3,203.088353,30122.61,148.322688,False,False,2030,3.1659880174124027,-3.1659880174124027,True,True,True,True,,0.0,0.0,0.0,2,3,0.3119871999999999,0.65,1.1400000000000001,P1,지연·현물조달,False,15661.8,2033,9930.8,153.271654,31127.688,31127.688,38293.646,203.088353,153.271654,188.362497,39997.728,38254.229,45420.188,7126.542,1700.037,-43.463,0.0,188.556586,35.284932,161.856583,8.584929,0.0,0.0,0.0,0.0,0.0,203.088353,38293.646,10.618247,13.255901,5656.921,630.571,5718.448,27590.228,0.0,-7126.542,-1454.82,112.88,100,True,43.632824
JFE_STEEL_JP,JFE Steel,JP,21.95,45.3,ACCELERATED_15C,DISCLOSED_PATH,PORT-7F45069F34E3,CAND-DFD36ABEC37623,P1,PORT-7F45069F34E3,203.088353,29138.77,143.478295,False,False,2030,8.975988017412405,-8.975988017412405,True,True,True,True,,0.0,0.0,0.0,2,3,0.3119871999999999,0.65,1.1400000000000001,P1,지연·현물조달,False,15661.8,2033,9930.8,148.884502,30236.708,30236.708,38118.273,203.088353,148.884502,200.947679,42854.024,40810.133,48691.698,10573.425,2105.024,61.134,0.0,187.693051,38.80855,158.948547,10.064045,0.0,0.0,0.0,0.0,0.0,203.088353,38118.273,10.569619,13.195193,5100.349,630.571,6564.219,30115.988,0.0,-10573.425,-1622.599,21.603,100,True,60.280739
JFE_STEEL_JP,JFE Steel,JP,21.95,45.3,DISCLOSED_PATH,DISCLOSED_PATH,PORT-49F18FB13125,CAND-E142C0366C78ED,P4,PORT-49F18FB13125,369.350858,50838.56,137.643,True,False,,0.0,1.265341119704999e-05,False,False,True,True,2028,0.14999703000000153,0.174000033,1.1819983720000007,3,3,0.41232239999999987,0.65,1.78,P4,균형형 전환,False,19531.6,2028,7326.0,138.38945,51114.262,51114.262,58980.96,369.350858,138.38945,173.355868,72869.839,64029.139,71895.836,12914.877,8846.478,5.778,0.0,159.688162,21.298712,162.325229,23.93578,0.0,0.0,0.0,0.0,0.0,369.350858,58980.96,16.354525,20.417114,10972.235,1201.692,11910.969,48149.747,657.316,-12914.877,-8843.74,-19.08,100,True,28.75062
JFE_STEEL_JP,JFE Steel,JP,21.95,45.3,ACCELERATED_15C,DISCLOSED_PATH,PORT-49F18FB13125,CAND-E142C0366C78ED,P4,PORT-49F18FB13125,369.350858,45969.413,124.460015,True,False,,0.0,1.265341119704999e-05,False,False,True,True,2028,0.0,0.02400003300000003,0.0,3,3,0.41232239999999987,0.65,1.78,P4,균형형 전환,False,19531.6,2028,7326.0,124.990391,46165.308,46165.308,54158.759,369.350858,124.990391,176.290091,77594.106,65112.896,73106.347,18947.588,12534.783,53.573,0.0,146.63228,21.641889,158.782677,33.792286,0.0,0.0,0.0,0.0,0.0,369.350858,54158.759,15.017402,18.747839,10120.282,1201.692,12897.95,52610.671,701.233,-18947.588,-12355.43,-63.5,100,True,36.386628
JFE_STEEL_JP,JFE Steel,JP,21.95,45.3,DISCLOSED_PATH,DISCLOSED_PATH,PORT-B91429E42CEB,CAND-E1C48D333700EA,P7,PORT-B91429E42CEB,445.512827,80332.44,180.314539,True,False,,0.0,1.265341119704999e-05,False,False,True,True,2028,0.0,0.4689998460000001,2.281998712,3,3,0.47620039999999997,0.65,2.2600000000000002,P7,완전 수소·계약형,False,23196.8,2030,9930.8,180.365031,80354.935,80354.935,81282.129,445.512827,180.365031,215.344192,125875.596,95938.6,96865.794,15583.665,29936.997,0.0,-0.0,182.446214,2.081183,247.561741,67.196711,0.0,0.0,0.0,0.0,0.0,445.512827,81282.129,22.538301,28.136987,13643.357,1777.766,12666.163,92666.168,5113.755,-15583.665,-29934.373,5.763,100,True,70.726201
JFE_STEEL_JP,JFE Steel,JP,21.95,45.3,ACCELERATED_15C,DISCLOSED_PATH,PORT-B91429E42CEB,CAND-E1C48D333700EA,P7,PORT-B91429E42CEB,445.512827,67071.669,150.549356,True,False,,0.0,1.265341119704999e-05,False,False,True,True,2028,0.0,0.26899984600000015,0.28199871200000004,3,3,0.47620039999999997,0.65,2.2600000000000002,P7,완전 수소·계약형,False,23196.8,2030,9930.8,150.607599,67097.617,67097.617,67897.422,445.512827,150.607599,201.780697,134325.2,89895.889,90695.694,22798.272,44429.311,0.0,0.0,152.402845,1.795246,250.333821,99.726222,0.0,0.0,0.0,0.0,0.0,445.512827,67897.422,18.826925,23.503677,13643.357,1777.766,13865.202,99568.078,5462.182,-22798.272,-44427.823,7.128,100,True,62.003836
JFE_STEEL_JP,JFE Steel,JP,21.95,45.3,DISCLOSED_PATH,DISCLOSED_PATH,PORT-7BA11C62DF95,CAND-E2E67FC7600525,P2,PORT-7BA11C62DF95,219.408411,36426.705,166.022372,False,False,2040,0.6424927599999997,-0.6424927599999997,False,False,True,True,2029,0.0,0.07400003299999997,0.0,2,3,0.3119871999999999,0.65,1.1400000000000001,P2,지연·부분헤지,False,13945.8,2029,7326.0,167.66247,36786.556,36786.556,46107.867,219.408411,167.66247,202.630918,47152.284,44458.928,53780.239,7672.372,2717.432,24.076,0.0,210.146306,42.483835,179.93801,12.275539,0.0,0.0,0.0,0.0,0.0,219.408411,46107.867,12.785012,15.960907,7241.097,759.188,5853.718,33087.658,55.324,-7672.372,-2842.264,304.206,100,True,58.02364
JFE_STEEL_JP,JFE Steel,JP,21.95,45.3,ACCELERATED_15C,DISCLOSED_PATH,PORT-7BA11C62DF95,CAND-E2E67FC7600525,P2,PORT-7BA11C62DF95,219.408411,34953.774,159.309178,False,False,2035,10.98249276,-10.98249276,True,True,True,True,,0.0,0.0,0.0,2,3,0.3119871999999999,0.65,1.1400000000000001,P2,지연·부분헤지,False,13945.8,2029,7326.0,161.144828,35356.531,35356.531,45229.496,219.408411,161.144828,212.464022,50110.935,46616.394,56489.359,11259.863,3654.014,159.472,0.0,206.142946,44.998118,177.071936,15.927108,0.0,0.0,0.0,0.0,0.0,219.408411,45229.496,12.541453,15.656846,6127.253,759.188,6874.57,35929.784,58.645,-11259.863,-3470.621,337.574,100,True,72.541065
JFE_STEEL_JP,JFE Steel,JP,21.95,45.3,DISCLOSED_PATH,DISCLOSED_PATH,PORT-4577AB24CD05,CAND-E5C3BE482793EF,P4,PORT-4577AB24CD05,389.600851,78510.322,201.51476,True,False,,0.0,1.265341119704999e-05,False,False,True,True,2028,0.0,0.174000033,0.28199871200000004,3,3,0.47620039999999997,0.65,2.2600000000000002,P4,균형형 전환,False,23196.8,2032,9930.8,203.905607,79441.798,79441.798,89036.026,389.600851,203.905607,238.882665,106055.499,93068.889,102663.118,13627.091,13172.742,186.133,0.0,228.531395,24.625789,237.23872,33.333114,0.0,0.0,0.0,0.0,0.0,389.600851,89036.026,24.688339,30.821111,10862.343,1519.341,11115.461,81573.249,948.178,-13627.091,-12848.331,-101.351,100,True,94.266777
JFE_STEEL_JP,JFE Steel,JP,21.95,45.3,ACCELERATED_15C,DISCLOSED_PATH,PORT-4577AB24CD05,CAND-E5C3BE482793EF,P4,PORT-4577AB24CD05,389.600851,73594.491,188.897151,True,False,,0.0,1.265341119704999e-05,False,False,True,True,2028,0.0,0.02400003300000003,0.0,3,3,0.47620039999999997,0.65,2.2600000000000002,P4,균형형 전환,False,23196.8,2032,9930.8,191.148571,74471.646,74471.646,84035.888,389.600851,191.148571,242.485111,113473.289,94472.405,104036.647,20000.76,18967.421,-33.462,-0.0,215.697393,24.548822,239.918699,48.770129,0.0,0.0,0.0,0.0,0.0,389.600851,84035.888,23.301877,29.090241,12542.493,1519.341,12001.073,86470.669,1013.895,-20000.76,-19004.717,-70.349,100,True,102.544808
JFE_STEEL_JP,JFE Steel,JP,21.95,45.3,DISCLOSED_PATH,DISCLOSED_PATH,PORT-A7F00CD0D5D9,CAND-E97F5B55830909,P1,PORT-A7F00CD0D5D9,145.575874,2187.854,15.028963,False,False,2030,7.054995810000001,-7.054995810000001,True,True,True,True,,0.0,0.0,0.0,2,3,0.19452160000000007,0.65,0.5,P1,지연·현물조달,False,9950.6,2033,6265.6,15.61234,2272.78,2272.78,3532.728,145.575874,15.61234,50.738121,8089.807,7386.246,8646.194,5113.466,634.992,-68.569,-0.0,24.267262,8.654922,20.445289,4.832948,0.0,0.0,0.0,0.0,0.0,145.575874,3532.728,0.979572,1.222905,3415.901,288.107,4373.958,0.0,0.0,-5113.466,-708.68,16.961,100,True,-94.02649
JFE_STEEL_JP,JFE Steel,JP,21.95,45.3,ACCELERATED_15C,DISCLOSED_PATH,PORT-A7F00CD0D5D9,CAND-E97F5B55830909,P1,PORT-A7F00CD0D5D9,145.575874,94.675,0.650351,False,False,2030,17.39499581,-17.39499581,True,True,True,True,,0.0,0.0,0.0,2,3,0.19452160000000007,0.65,0.5,P1,지연·현물조달,False,9950.6,2033,6265.6,1.183944,172.354,172.354,1527.464,145.575874,1.183944,53.208059,8574.559,7745.81,9100.92,7573.456,762.902,-65.848,-0.0,10.492565,9.30862,6.876849,5.692904,0.0,0.0,0.0,0.0,0.0,145.575874,1527.464,0.423543,0.528754,3323.488,288.107,4980.6,0.0,0.0,-7573.456,-839.132,-7.253,100,True,-87.419819
KOBE_STEEL_JP,Kobe Steel,JP,5.96,14.3,DISCLOSED_PATH,DISCLOSED_PATH,PORT-1144EBE63B41,CAND-4D158AE8BC3521,P3,PORT-1144EBE63B41,102.391093,14716.433,143.727666,True,True,,0.0,9.990856690045291e-05,True,True,True,True,,0.0,0.0,0.0,1,1,0.28332,0.6,1.06,P3,균형형 라이트헤지,False,5037.34,2029,3118.5,144.854682,14831.829,14831.829,17965.751,102.391093,144.854682,179.777232,20221.954,18407.587,21541.509,3575.758,1820.708,6.342,-0.0,175.462048,30.607366,162.574643,17.719961,0.0,0.0,0.0,0.0,0.0,102.391093,17965.751,6.945508,16.850011,3229.159,260.812,2655.346,13968.513,79.798,-3575.758,-1887.134,101.095,100,True,91.706639
KOBE_STEEL_JP,Kobe Steel,JP,5.96,14.3,ACCELERATED_15C,DISCLOSED_PATH,PORT-1144EBE63B41,CAND-4D158AE8BC3521,P3,PORT-1144EBE63B41,102.391093,13664.434,133.453347,True,True,,0.0,9.990856690045291e-05,True,True,True,True,,0.0,0.0,0.0,1,1,0.28332,0.6,1.06,P3,균형형 라이트헤지,False,5037.34,2029,3118.5,134.780812,13800.355,13800.355,17014.087,102.391093,134.780812,185.999554,21554.243,19044.698,22258.43,5244.343,2515.296,5.751,0.0,166.16765,31.386838,159.290217,24.509405,0.0,0.0,0.0,0.0,0.0,102.391093,17014.087,6.577598,15.957449,2421.228,260.812,2954.095,15880.155,84.877,-5244.343,-2439.802,-116.667,100,True,10.545874
KOBE_STEEL_JP,Kobe Steel,JP,5.96,14.3,DISCLOSED_PATH,DISCLOSED_PATH,PORT-1144EBE63B41,CAND-C9EAFC0F482485,P2,PORT-1144EBE63B41,102.391093,15293.987,149.368332,True,True,,0.0,9.990856690045291e-05,True,True,True,True,,0.0,0.0,0.0,1,1,0.28332,0.6,1.06,P2,지연·부분헤지,False,5037.34,2029,3118.5,150.789404,15439.492,15439.492,19388.928,102.391093,150.789404,185.711953,20206.866,19015.25,22964.686,3575.758,1167.527,-24.089,-0.0,189.361473,38.572069,162.427288,11.637884,0.0,0.0,0.0,0.0,0.0,102.391093,19388.928,7.495704,18.184803,2513.381,260.812,2621.081,14567.515,23.628,-3575.758,-1102.763,131.596,100,True,97.641361
KOBE_STEEL_JP,Kobe Steel,JP,5.96,14.3,ACCELERATED_15C,DISCLOSED_PATH,PORT-1144EBE63B41,CAND-C9EAFC0F482485,P2,PORT-1144EBE63B41,102.391093,14552.066,142.122383,True,True,,0.0,9.990856690045291e-05,True,True,True,True,,0.0,0.0,0.0,1,1,0.28332,0.6,1.06,P2,지연·부분헤지,False,5037.34,2029,3118.5,143.900979,14734.179,14734.179,18860.772,102.391093,143.900979,195.119721,21538.949,19978.522,24105.115,5244.343,1555.565,-4.863,0.0,184.203247,40.302267,159.140858,15.239878,0.0,0.0,0.0,0.0,0.0,102.391093,18860.772,7.29152,17.689447,2379.693,260.812,2968.173,15950.95,25.061,-5244.343,-1453.669,-152.499,100,True,19.666041
KOBE_STEEL_JP,Kobe Steel,JP,5.96,14.3,DISCLOSED_PATH,DISCLOSED_PATH,PORT-1144EBE63B41,CAND-DCD679F188D852,P1,PORT-1144EBE63B41,102.391093,15690.435,153.240232,True,True,,0.0,9.990856690045291e-05,True,True,True,True,,0.0,0.0,0.0,1,1,0.28332,0.6,1.06,P1,지연·현물조달,False,5037.34,2029,3118.5,154.917637,15862.186,15862.186,20415.634,102.391093,154.917637,189.840187,20213.85,19437.944,23991.392,3575.758,725.315,-50.591,-0.0,199.388768,44.47113,162.495504,7.577866,0.0,0.0,0.0,0.0,0.0,102.391093,20415.634,7.892626,19.147747,2502.402,260.812,2620.136,14576.575,0.0,-3575.758,-675.965,153.984,100,True,101.769594
KOBE_STEEL_JP,Kobe Steel,JP,5.96,14.3,ACCELERATED_15C,DISCLOSED_PATH,PORT-1144EBE63B41,CAND-DCD679F188D852,P1,PORT-1144EBE63B41,102.391093,15154.803,148.009,True,True,,0.0,9.990856690045291e-05,True,True,True,True,,0.0,0.0,0.0,1,1,0.28332,0.6,1.06,P1,지연·현물조달,False,5037.34,2029,3118.5,150.147703,15373.787,15373.787,20205.348,102.391093,150.147703,201.366445,21545.424,20618.13,25449.691,5244.343,896.297,-30.997,0.0,197.335013,47.18731,159.204096,9.056393,0.0,0.0,0.0,0.0,0.0,102.391093,20205.348,7.81133,18.95052,2352.003,260.812,2982.251,15998.147,0.0,-5244.343,-793.657,-181.425,100,True,25.912765
KOBE_STEEL_JP,Kobe Steel,JP,5.96,14.3,DISCLOSED_PATH,DISCLOSED_PATH,PORT-9862FC05DA24,CAND-314B41E5534D98,P3,PORT-9862FC05DA24,105.301092,18546.646,176.129668,True,True,,0.0,9.990856690045291e-05,True,True,True,True,,0.0,0.0,0.0,1,1,0.3612199999999999,0.6,1.54,P3,균형형 라이트헤지,False,6178.04,2029,3118.5,178.34337,18779.752,18779.752,22169.43,105.301092,178.34337,213.262505,24669.937,22456.775,25846.453,3677.023,2270.339,57.177,0.0,210.533713,32.190343,199.360835,21.017465,0.0,0.0,0.0,0.0,0.0,105.301092,22169.43,8.570638,20.792625,2979.841,300.432,2613.601,18761.421,96.846,-3677.023,-2194.681,-100.685,100,True,125.195327
KOBE_STEEL_JP,Kobe Steel,JP,5.96,14.3,ACCELERATED_15C,DISCLOSED_PATH,PORT-9862FC05DA24,CAND-314B41E5534D98,P3,PORT-9862FC05DA24,105.301092,17627.204,167.398115,True,True,,0.0,9.990856690045291e-05,True,True,True,True,,0.0,0.0,0.0,1,1,0.3612199999999999,0.6,1.54,P3,균형형 라이트헤지,False,6178.04,2029,3118.5,169.345978,17832.316,17832.316,21343.525,105.301092,169.345978,220.587057,26426.671,23228.058,26739.266,5395.742,3158.439,-40.174,0.0,202.690441,33.344463,199.721855,30.375876,0.0,0.0,0.0,0.0,0.0,105.301092,21343.525,8.251346,20.018012,2974.921,300.432,2824.394,20055.97,103.303,-5395.742,-3058.122,27.159,100,True,45.11104
KOBE_STEEL_JP,Kobe Steel,JP,5.96,14.3,DISCLOSED_PATH,DISCLOSED_PATH,PORT-9862FC05DA24,CAND-CE22CF7F8F72DA,P2,PORT-9862FC05DA24,105.301092,19272.91,183.02669,True,True,,0.0,9.990856690045291e-05,True,True,True,True,,0.0,0.0,0.0,1,1,0.3612199999999999,0.6,1.54,P2,지연·부분헤지,False,6178.04,2029,3118.5,185.839279,19569.079,19569.079,23827.934,105.301092,185.839279,220.758413,24653.386,23246.102,27504.957,3677.023,1464.224,56.941,-0.0,226.283826,40.444547,199.203657,13.364378,0.0,0.0,0.0,0.0,0.0,105.301092,23827.934,9.211811,22.34813,4041.276,300.432,2472.007,18179.123,28.499,-3677.023,-1651.059,-124.177,100,True,132.691236
KOBE_STEEL_JP,Kobe Steel,JP,5.96,14.3,ACCELERATED_15C,DISCLOSED_PATH,PORT-9862FC05DA24,CAND-CE22CF7F8F72DA,P2,PORT-9862FC05DA24,105.301092,18743.254,177.996762,True,True,,0.0,9.990856690045291e-05,True,True,True,True,,0.0,0.0,0.0,1,1,0.3612199999999999,0.6,1.54,P2,지연·부분헤지,False,6178.04,2029,3118.5,180.428299,18999.297,18999.297,23516.719,105.301092,180.428299,231.669377,26419.109,24395.038,28912.46,5395.742,1974.103,-49.967,-0.0,223.328344,42.900045,199.65004,19.221741,0.0,0.0,0.0,0.0,0.0,105.301092,23516.719,9.091496,22.056242,2922.703,300.432,2838.611,20115.953,30.296,-5395.742,-1829.411,16.455,100,True,56.193361
KOBE_STEEL_JP,Kobe Steel,JP,5.96,14.3,DISCLOSED_PATH,DISCLOSED_PATH,PORT-9862FC05DA24,CAND-B3597FD7767497,P1,PORT-9862FC05DA24,105.301092,19771.105,187.757835,True,True,,0.0,9.990856690045291e-05,True,True,True,True,,0.0,0.0,0.0,1,1,0.3612199999999999,0.6,1.54,P1,지연·현물조달,False,6178.04,2029,3118.5,190.951651,20107.417,20107.417,25014.766,105.301092,190.951651,225.870785,24660.9,23784.44,28691.789,3677.023,912.587,36.127,-0.0,237.554672,46.603021,199.275022,8.323371,0.0,0.0,0.0,0.0,0.0,105.301092,25014.766,9.670637,23.461256,2887.89,300.432,2599.111,18674.326,0.0,-3677.023,-807.592,130.273,100,True,137.803608
KOBE_STEEL_JP,Kobe Steel,JP,5.96,14.3,ACCELERATED_15C,DISCLOSED_PATH,PORT-9862FC05DA24,CAND-B3597FD7767497,P1,PORT-9862FC05DA24,105.301092,19500.781,185.19068,True,True,,0.0,9.990856690045291e-05,True,True,True,True,,0.0,0.0,0.0,1,1,0.3612199999999999,0.6,1.54,P1,지연·현물조달,False,6178.04,2029,3118.5,187.962483,19792.655,19792.655,25075.335,105.301092,187.962483,239.203562,26435.551,25188.396,30471.076,5395.742,1140.836,-106.318,0.0,238.129864,50.167381,199.806183,11.8437,0.0,0.0,0.0,0.0,0.0,105.301092,25075.335,9.694053,23.518063,4146.286,300.432,2699.5,19492.51,0.0,-5395.742,-1449.44,-0.892,100,True,63.727545
KOBE_STEEL_JP,Kobe Steel,JP,5.96,14.3,DISCLOSED_PATH,DISCLOSED_PATH,PORT-8384667F6B8E,CAND-9DD8DD0C56A40D,P3,PORT-8384667F6B8E,96.451092,4978.625,51.618125,True,True,,0.0,9.990856690045291e-05,True,True,True,True,,0.0,0.0,0.0,1,1,0.28332,0.6,1.06,P3,균형형 라이트헤지,False,4999.94,2037,3019.5,53.148043,5126.187,5126.187,6181.858,96.451092,53.148043,88.063641,9406.868,8493.834,9549.505,3367.648,909.679,-3.355,-0.0,64.093186,10.945143,62.614334,9.466291,0.0,0.0,0.0,0.0,0.0,96.451092,6181.858,2.389889,5.797941,1861.935,148.869,2986.828,4280.162,39.463,-3367.648,-811.486,-11.937,100,True,0.0
KOBE_STEEL_JP,Kobe Steel,JP,5.96,14.3,ACCELERATED_15C,DISCLOSED_PATH,PORT-8384667F6B8E,CAND-9DD8DD0C56A40D,P3,PORT-8384667F6B8E,96.451092,3812.491,39.527711,False,False,2035,0.6138637290849003,-0.6138637290849003,True,True,True,True,,0.0,0.0,0.0,1,1,0.28332,0.6,1.06,P3,균형형 라이트헤지,False,4999.94,2037,3019.5,41.157995,3969.734,3969.734,5112.76,96.451092,41.157995,92.42313,10052.338,8914.312,10057.338,4944.578,1180.528,42.502,-0.0,53.008836,11.850842,52.95699,11.798996,0.0,0.0,0.0,0.0,0.0,96.451092,5112.76,1.976578,4.795239,2319.361,148.869,3521.132,4020.23,42.197,-4944.578,-1139.942,2.464,100,True,-83.076943
KOBE_STEEL_JP,Kobe Steel,JP,5.96,14.3,DISCLOSED_PATH,DISCLOSED_PATH,PORT-8384667F6B8E,CAND-7F0A690E87B72D,P2,PORT-8384667F6B8E,96.451092,5119.663,53.080408,True,True,,0.0,9.990856690045291e-05,True,True,True,True,,0.0,0.0,0.0,1,1,0.28332,0.6,1.06,P2,지연·부분헤지,False,4999.94,2037,3019.5,55.027596,5307.472,5307.472,6624.036,96.451092,55.027596,89.943194,9429.617,8675.119,9991.684,3367.648,734.893,-19.604,0.0,68.677671,13.650075,62.850189,7.822593,0.0,0.0,0.0,0.0,0.0,96.451092,6624.036,2.560834,6.212659,2468.565,148.869,3218.619,3568.842,12.756,-3367.648,-764.779,22.248,100,True,1.879553
KOBE_STEEL_JP,Kobe Steel,JP,5.96,14.3,ACCELERATED_15C,DISCLOSED_PATH,PORT-8384667F6B8E,CAND-7F0A690E87B72D,P2,PORT-8384667F6B8E,96.451092,4027.512,41.757041,False,False,2035,0.6138637290849003,-0.6138637290849003,True,True,True,True,,0.0,0.0,0.0,1,1,0.28332,0.6,1.06,P2,지연·부분헤지,False,4999.94,2037,3019.5,43.861126,4230.453,4230.453,5668.814,96.451092,43.861126,95.126261,10055.711,9175.032,10613.392,4944.578,929.091,48.412,0.0,58.773974,14.912848,52.99196,9.130834,0.0,0.0,0.0,0.0,0.0,96.451092,5668.814,2.191547,5.316759,2584.022,148.869,3034.895,4420.232,13.571,-4944.578,-1028.036,1.478,100,True,-80.373812
KOBE_STEEL_JP,Kobe Steel,JP,5.96,14.3,DISCLOSED_PATH,DISCLOSED_PATH,PORT-8384667F6B8E,CAND-D80CE96AA3B5C1,P1,PORT-8384667F6B8E,96.451092,5217.907,54.098993,True,True,,0.0,9.990856690045291e-05,True,True,True,True,,0.0,0.0,0.0,1,1,0.28332,0.6,1.06,P1,지연·현물조달,False,4999.94,2037,3019.5,56.463191,5445.936,5445.936,6971.361,96.451092,56.463191,91.378788,9447.326,8813.584,10339.009,3367.648,617.655,-16.087,0.0,72.278719,15.815529,63.033791,6.570601,0.0,0.0,0.0,0.0,0.0,96.451092,6971.361,2.695108,6.538414,1712.596,148.869,3006.909,4425.114,0.0,-3367.648,-454.993,-24.911,100,True,3.315148
KOBE_STEEL_JP,Kobe Steel,JP,5.96,14.3,ACCELERATED_15C,DISCLOSED_PATH,PORT-8384667F6B8E,CAND-D80CE96AA3B5C1,P1,PORT-8384667F6B8E,96.451092,4175.21,43.288359,False,False,2035,0.6138637290849003,-0.6138637290849003,True,True,True,True,,0.0,0.0,0.0,1,1,0.28332,0.6,1.06,P1,지연·현물조달,False,4999.94,2037,3019.5,45.718207,4409.571,4409.571,6099.859,96.451092,45.718207,96.983342,10082.567,9354.149,11044.437,4944.578,758.929,30.511,0.0,63.243026,17.52482,53.27041,7.552203,0.0,0.0,0.0,0.0,0.0,96.451092,6099.859,2.358188,5.721035,2111.471,148.869,3364.441,4420.94,0.0,-4944.578,-682.193,-9.378,100,True,-78.516731
KOBE_STEEL_JP,Kobe Steel,JP,5.96,14.3,DISCLOSED_PATH,DISCLOSED_PATH,PORT-8A59F01B884D,CAND-B51B2DE2F2D28C,P4,PORT-8A59F01B884D,114.781594,15757.538,137.282794,True,False,,0.0,9.990856690045291e-05,False,False,True,True,2028,0.0,0.012250011000000005,0.0,1,1,0.28332,0.6,1.06,P4,균형형 전환,False,5037.34,2028,3118.5,138.060484,15846.802,15846.802,18195.147,114.781594,138.060484,172.875399,22547.94,19842.914,22191.259,3996.111,2685.318,-19.708,-0.0,158.51973,20.459246,161.627206,23.566722,0.0,0.0,0.0,0.0,0.0,114.781594,18195.147,7.034192,17.065161,3300.257,294.906,2890.013,15917.917,202.912,-3996.111,-2767.97,4.877,100,True,84.912441
KOBE_STEEL_JP,Kobe Steel,JP,5.96,14.3,ACCELERATED_15C,DISCLOSED_PATH,PORT-8A59F01B884D,CAND-B51B2DE2F2D28C,P4,PORT-8A59F01B884D,114.781594,14200.239,123.715296,True,True,,0.0,9.990856690045291e-05,True,True,True,True,,0.0,0.0,0.0,1,1,0.28332,0.6,1.06,P4,균형형 전환,False,5037.34,2028,3118.5,124.234938,14259.884,14259.884,16634.887,114.781594,124.234938,175.062435,23918.729,20093.945,22468.948,5834.061,3813.678,-11.106,0.0,144.926432,20.691494,157.557215,33.322278,0.0,0.0,0.0,0.0,0.0,114.781594,16634.887,6.431,15.601798,2910.924,294.906,3238.225,17265.409,215.704,-5834.061,-3829.902,-1.32,100,True,0.0
KOBE_STEEL_JP,Kobe Steel,JP,5.96,14.3,DISCLOSED_PATH,DISCLOSED_PATH,PORT-F194BB679477,CAND-0E9003448A63C3,P7,PORT-F194BB679477,131.48782,19837.419,150.868867,True,False,,0.0,9.990856690045291e-05,False,False,True,True,2028,0.0,0.012250011000000005,0.0,1,1,0.3612199999999999,0.6,1.54,P7,완전 수소·계약형,False,6178.04,2028,3118.5,151.024925,19857.938,19857.938,20068.767,131.48782,151.024925,185.917572,31844.247,24445.896,24656.725,4587.958,7398.351,0.0,-0.0,152.628331,1.603406,207.291358,56.266433,0.0,0.0,0.0,0.0,0.0,131.48782,20068.767,7.758528,18.822421,3546.054,384.34,3200.302,23413.407,1295.513,-4587.958,-7397.071,3.35,100,True,97.876882
KOBE_STEEL_JP,Kobe Steel,JP,5.96,14.3,ACCELERATED_15C,DISCLOSED_PATH,PORT-F194BB679477,CAND-0E9003448A63C3,P7,PORT-F194BB679477,131.48782,16410.005,124.802469,True,True,,0.0,9.990856690045291e-05,True,True,True,True,,0.0,0.0,0.0,1,1,0.3612199999999999,0.6,1.54,P7,완전 수소·계약형,False,6178.04,2028,3118.5,124.938396,16427.877,16427.877,16609.759,131.48782,124.938396,175.963829,33988.155,23137.1,23318.982,6709.223,10851.054,0.0,-0.0,126.321655,1.383259,207.463562,82.525166,0.0,0.0,0.0,0.0,0.0,131.48782,16609.759,6.421285,15.578231,3546.054,384.34,3504.648,25169.077,1384.082,-6709.223,-10851.149,0.048,100,True,0.703458
KOBE_STEEL_JP,Kobe Steel,JP,5.96,14.3,DISCLOSED_PATH,DISCLOSED_PATH,PORT-6AF097B8F6F8,CAND-C9A7A01CF97824,P6,PORT-6AF097B8F6F8,124.953456,19282.898,154.320643,True,False,,0.0,9.990856690045291e-05,False,False,True,True,2028,0.0,0.012250011000000005,0.0,1,1,0.3612199999999999,0.6,1.54,P6,조기 고헤지,False,6178.04,2028,3118.5,154.618102,19320.066,19320.066,20059.887,124.953456,154.618102,189.475409,29968.967,23675.607,24415.428,4355.541,6293.359,0.0,0.0,160.538876,5.920774,204.983731,50.365629,0.0,0.0,0.0,0.0,0.0,124.953456,20059.887,7.755095,18.814093,3534.735,364.57,3032.395,22177.282,858.939,-4355.541,-6294.075,1.762,100,True,101.470059
KOBE_STEEL_JP,Kobe Steel,JP,5.96,14.3,ACCELERATED_15C,DISCLOSED_PATH,PORT-6AF097B8F6F8,CAND-C9A7A01CF97824,P6,PORT-6AF097B8F6F8,124.953456,16389.379,131.163871,True,True,,0.0,9.990856690045291e-05,True,True,True,True,,0.0,0.0,0.0,1,1,0.3612199999999999,0.6,1.54,P6,조기 고헤지,False,6178.04,2028,3118.5,131.450042,16425.137,16425.137,17072.225,124.953456,131.450042,182.412658,31983.783,22793.092,23440.18,6367.955,9190.69,0.0,0.0,136.628672,5.178629,205.002953,73.552911,0.0,0.0,0.0,0.0,0.0,124.953456,17072.225,6.600073,16.011976,3486.197,364.57,3324.87,23888.35,917.559,-6367.955,-9190.15,1.696,100,True,7.215104
KOBE_STEEL_JP,Kobe Steel,JP,5.96,14.3,DISCLOSED_PATH,DISCLOSED_PATH,PORT-0095E30DB97C,CAND-DDE822F7D41D2E,P5,PORT-0095E30DB97C,118.419093,19329.235,163.227356,True,False,,0.0,9.990856690045291e-05,False,False,True,True,2028,0.0,0.012250011000000005,0.0,1,1,0.3612199999999999,0.6,1.54,P5,조기 계약형 전환,False,6178.04,2028,3118.5,163.848142,19402.748,19402.748,21068.98,118.419093,163.848142,198.66662,28231.133,23525.921,25192.152,4123.173,4697.977,-7.235,0.0,177.918772,14.070631,203.581703,39.733561,0.0,0.0,0.0,0.0,0.0,118.419093,21068.98,8.145207,19.760517,3626.9,345.83,2869.144,20967.755,447.573,-4123.173,-4713.079,-18.203,100,True,110.700099
KOBE_STEEL_JP,Kobe Steel,JP,5.96,14.3,ACCELERATED_15C,DISCLOSED_PATH,PORT-0095E30DB97C,CAND-DDE822F7D41D2E,P5,PORT-0095E30DB97C,118.419093,17219.924,145.415098,True,True,,0.0,9.990856690045291e-05,True,True,True,True,,0.0,0.0,0.0,1,1,0.3612199999999999,0.6,1.54,P5,조기 계약형 전환,False,6178.04,2028,3118.5,146.015116,17290.978,17290.978,18894.443,118.419093,146.015116,196.883524,30114.347,23314.768,24918.234,6023.791,6799.579,0.0,0.0,159.555718,13.540602,203.434732,57.419616,0.0,0.0,0.0,0.0,0.0,118.419093,18894.443,7.304538,17.721028,3626.9,345.83,3140.767,22530.003,477.943,-6023.791,-6804.04,-2.635,100,True,21.780178
KOBE_STEEL_JP,Kobe Steel,JP,5.96,14.3,DISCLOSED_PATH,DISCLOSED_PATH,PORT-0095E30DB97C,CAND-352C3A40240600,P4,PORT-0095E30DB97C,118.419093,20394.844,172.225976,True,False,,0.0,9.990856690045291e-05,False,False,True,True,2028,0.0,0.012250011000000005,0.0,1,1,0.3612199999999999,0.6,1.54,P4,균형형 전환,False,6178.04,2028,3118.5,173.162193,20505.71,20505.71,23300.89,118.419093,173.162193,207.980671,28069.951,24628.882,27424.063,4123.173,3459.046,17.977,0.0,196.766332,23.604139,202.220589,29.058396,0.0,0.0,0.0,0.0,0.0,118.419093,23300.89,9.008058,21.853818,2785.328,345.83,2948.117,21610.475,252.15,-4123.173,-3309.664,-3.354,100,True,120.01415
KOBE_STEEL_JP,Kobe Steel,JP,5.96,14.3,ACCELERATED_15C,DISCLOSED_PATH,PORT-0095E30DB97C,CAND-352C3A40240600,P4,PORT-0095E30DB97C,118.419093,18902.043,159.619897,True,True,,0.0,9.990856690045291e-05,True,True,True,True,,0.0,0.0,0.0,1,1,0.3612199999999999,0.6,1.54,P4,균형형 전환,False,6178.04,2028,3118.5,160.587282,19016.6,19016.6,21819.486,118.419093,160.587282,211.45569,29942.617,25040.391,27843.276,6023.791,4920.497,18.271,-0.0,184.256485,23.669203,201.984543,41.397261,0.0,0.0,0.0,0.0,0.0,118.419093,21819.486,8.435351,20.464414,3151.128,345.83,3169.17,22904.795,269.054,-6023.791,-4829.952,30.367,100,True,36.352344
KOBE_STEEL_JP,Kobe Steel,JP,5.96,14.3,DISCLOSED_PATH,DISCLOSED_PATH,PORT-3DA05887C62D,CAND-17BC99375C7C5C,P1,PORT-3DA05887C62D,93.541093,1137.237,12.157617,True,False,,0.0,9.990856690045291e-05,False,False,True,True,2037,0.9639992259999994,0.0,0.0,1,1,0.19591999999999998,0.6,0.58,P1,지연·현물조달,False,3859.24,2029,1940.4,13.388617,1252.386,1252.386,2169.585,93.541093,13.388617,48.307843,4953.986,4518.768,5435.968,3266.383,419.71,-15.508,0.0,23.193927,9.80531,18.041311,4.652693,0.0,0.0,0.0,0.0,0.0,93.541093,2169.585,0.838755,2.034846,1629.192,109.248,3184.008,0.0,0.0,-3266.383,-406.403,2.724,100,True,-39.759426
KOBE_STEEL_JP,Kobe Steel,JP,5.96,14.3,ACCELERATED_15C,DISCLOSED_PATH,PORT-3DA05887C62D,CAND-17BC99375C7C5C,P1,PORT-3DA05887C62D,93.541093,-170.768,-1.825594,False,False,2035,0.6138637290849003,-0.6138637290849003,True,True,True,True,,0.0,0.0,0.0,1,1,0.19591999999999998,0.6,0.58,P1,지연·현물조달,False,3859.24,2029,1940.4,-0.50074,-46.84,-46.84,911.67,93.541093,-0.50074,50.740694,5266.599,4746.34,5704.85,4793.18,503.817,-16.443,0.0,9.746201,10.246941,5.061086,5.561826,0.0,0.0,0.0,0.0,0.0,93.541093,911.67,0.352449,0.855052,1721.529,109.248,3427.791,0.0,0.0,-4793.18,-515.581,3.353,100,True,-124.735678
KOBE_STEEL_JP,Kobe Steel,JP,5.96,14.3,DISCLOSED_PATH,DISCLOSED_PATH,PORT-5EAB84C29074,CAND-202E0A81514742,P2,PORT-5EAB84C29074,85.5131,14825.492,173.371009,False,False,2040,0.1489979539999986,-0.1489979539999986,True,True,True,True,,0.0,0.0,0.0,1,1,0.25216000000000005,0.6,0.8999999999999999,P2,지연·부분헤지,False,3997.29,2029,3118.5,175.729755,15027.196,15027.196,18952.606,85.5131,175.729755,210.676697,19013.657,18015.617,21941.027,2988.421,994.455,-3.584,-0.0,221.633944,45.904189,187.40094,11.671185,0.0,0.0,0.0,0.0,0.0,85.5131,18952.606,7.327023,17.775578,1884.596,232.512,2067.624,14863.55,21.578,-2988.421,-937.758,-116.484,100,True,122.581712
KOBE_STEEL_JP,Kobe Steel,JP,5.96,14.3,ACCELERATED_15C,DISCLOSED_PATH,PORT-5EAB84C29074,CAND-202E0A81514742,P2,PORT-5EAB84C29074,85.5131,14326.694,167.538008,False,False,2040,3.128997953999999,-3.128997953999999,True,True,True,True,,0.0,0.0,0.0,1,1,0.25216000000000005,0.6,0.8999999999999999,P2,지연·부분헤지,False,3997.29,2029,3118.5,170.220394,14556.073,14556.073,18662.798,85.5131,170.220394,221.279603,20217.301,18922.305,23029.029,4366.231,1347.815,52.818,-0.0,218.244903,48.024509,185.364233,15.143839,0.0,0.0,0.0,0.0,0.0,85.5131,18662.798,7.214984,17.503769,2080.323,232.512,2187.691,15587.185,22.892,-4366.231,-1331.726,143.428,100,True,45.985456
KOBE_STEEL_JP,Kobe Steel,JP,5.96,14.3,DISCLOSED_PATH,DISCLOSED_PATH,PORT-661396C334A7,CAND-20911E55FBB215,P3,PORT-661396C334A7,45.121088,3682.591,81.615735,False,False,2030,3.7213640190848984,-3.7213640190848984,True,True,True,True,,0.0,0.0,0.0,1,1,0.25216000000000005,0.6,0.8999999999999999,P3,균형형 라이트헤지,False,3925.79,2037,3019.5,82.72568,3732.673,3732.673,4535.545,45.121088,82.72568,117.593411,5950.323,5305.943,6108.815,1573.27,631.179,-13.201,-0.0,100.519407,17.793727,97.00681,14.28113,0.0,0.0,0.0,0.0,0.0,45.121088,4535.545,1.753429,4.253871,1477.87,40.609,569.686,3829.281,24.282,-1573.27,-636.78,0.994,100,True,29.577637
KOBE_STEEL_JP,Kobe Steel,JP,5.96,14.3,ACCELERATED_15C,DISCLOSED_PATH,PORT-661396C334A7,CAND-20911E55FBB215,P3,PORT-661396C334A7,45.121088,3163.697,70.1157,False,False,2030,4.891364019084899,-4.891364019084899,True,True,True,True,,0.0,0.0,0.0,1,1,0.25216000000000005,0.6,0.8999999999999999,P3,균형형 라이트헤지,False,3925.79,2037,3019.5,71.320231,3218.046,3218.046,4078.095,45.121088,71.320231,122.910993,6396.05,5545.878,6405.927,2327.831,852.118,1.945,-0.0,90.381139,19.060908,90.162252,18.842022,0.0,0.0,0.0,0.0,0.0,45.121088,4078.095,1.57658,3.82483,1219.087,40.609,677.766,4373.175,26.042,-2327.831,-794.731,3.93,100,True,-52.914707
KOBE_STEEL_JP,Kobe Steel,JP,5.96,14.3,DISCLOSED_PATH,DISCLOSED_PATH,PORT-661396C334A7,CAND-344C7E39FA18A3,P1,PORT-661396C334A7,45.121088,3926.654,87.024798,False,False,2030,3.7213640190848984,-3.7213640190848984,True,True,True,True,,0.0,0.0,0.0,1,1,0.25216000000000005,0.6,0.8999999999999999,P1,지연·현물조달,False,3925.79,2037,3019.5,88.735792,4003.855,4003.855,5166.418,45.121088,88.735792,123.603523,5964.147,5577.125,6739.688,1573.27,352.438,-34.584,0.0,114.501191,25.7654,97.313185,8.577394,0.0,0.0,0.0,0.0,0.0,45.121088,5166.418,1.997323,4.845564,1514.303,40.609,566.147,3823.94,0.0,-1573.27,-378.97,11.097,100,True,35.587749
KOBE_STEEL_JP,Kobe Steel,JP,5.96,14.3,ACCELERATED_15C,DISCLOSED_PATH,PORT-661396C334A7,CAND-344C7E39FA18A3,P1,PORT-661396C334A7,45.121088,3540.297,78.462134,False,False,2030,4.891364019084899,-4.891364019084899,True,True,True,True,,0.0,0.0,0.0,1,1,0.25216000000000005,0.6,0.8999999999999999,P1,지연·현물조달,False,3925.79,2037,3019.5,80.34569,3625.285,3625.285,4924.95,45.121088,80.34569,131.936452,6398.728,5953.116,7252.781,2327.831,440.651,-4.961,0.0,109.149625,28.803935,90.221599,9.875909,0.0,0.0,0.0,0.0,0.0,45.121088,4924.95,1.903972,4.619092,1155.988,40.609,690.333,4420.94,0.0,-2327.831,-349.315,-5.438,100,True,-43.889248
KOBE_STEEL_JP,Kobe Steel,JP,5.96,14.3,DISCLOSED_PATH,DISCLOSED_PATH,PORT-ED997010A5D3,CAND-7994EC1E34FADB,P4,PORT-ED997010A5D3,93.684102,15219.838,162.45913,False,False,2040,0.1489979539999986,-0.1489979539999986,False,False,True,True,2028,0.0,0.012250011000000005,0.0,1,1,0.25216000000000005,0.6,0.8999999999999999,P4,균형형 전환,False,3997.29,2028,3118.5,163.376066,15305.74,15305.74,17548.857,93.684102,163.376066,198.164855,21071.367,18564.897,20808.014,3259.156,2505.062,-1.408,0.0,187.319481,23.943415,190.130553,26.754487,0.0,0.0,0.0,0.0,0.0,93.684102,17548.857,6.784338,16.459008,2205.564,258.532,2192.563,16204.009,188.977,-3259.156,-2492.935,8.186,100,True,110.228023
KOBE_STEEL_JP,Kobe Steel,JP,5.96,14.3,ACCELERATED_15C,DISCLOSED_PATH,PORT-ED997010A5D3,CAND-7994EC1E34FADB,P4,PORT-ED997010A5D3,93.684102,13960.332,149.01495,False,False,2040,3.128997953999999,-3.128997953999999,True,True,True,True,,0.0,0.0,0.0,1,1,0.25216000000000005,0.6,0.8999999999999999,P4,균형형 전환,False,3997.29,2028,3118.5,149.820857,14035.832,14035.832,16261.437,93.684102,149.820857,200.348419,22371.308,18769.462,20995.067,4733.629,3603.798,1.951,0.0,173.577341,23.756484,188.26758,38.446723,0.0,0.0,0.0,0.0,0.0,93.684102,16261.437,6.286625,15.251541,2105.746,258.532,2431.371,17353.178,200.782,-4733.629,-3572.588,-7.559,100,True,25.585919
KOBE_STEEL_JP,Kobe Steel,JP,5.96,14.3,DISCLOSED_PATH,DISCLOSED_PATH,PORT-5EAB84C29074,CAND-88A58A95717947,P1,PORT-5EAB84C29074,85.5131,15223.673,178.027382,False,False,2040,0.1489979539999986,-0.1489979539999986,True,True,True,True,,0.0,0.0,0.0,1,1,0.25216000000000005,0.6,0.8999999999999999,P1,지연·현물조달,False,3997.29,2029,3118.5,180.743401,15455.928,15455.928,19984.434,85.5131,180.743401,215.690342,19020.383,18444.35,22972.856,2988.421,562.202,-13.831,-0.0,233.700267,52.956867,187.479596,6.736195,0.0,0.0,0.0,0.0,0.0,85.5131,19984.434,7.725925,18.743326,2499.653,232.512,2018.307,14503.425,0.0,-2988.421,-675.689,-133.858,100,True,127.595358
KOBE_STEEL_JP,Kobe Steel,JP,5.96,14.3,ACCELERATED_15C,DISCLOSED_PATH,PORT-5EAB84C29074,CAND-88A58A95717947,P1,PORT-5EAB84C29074,85.5131,14931.22,174.607399,False,False,2040,3.128997953999999,-3.128997953999999,True,True,True,True,,0.0,0.0,0.0,1,1,0.25216000000000005,0.6,0.8999999999999999,P1,지연·현물조달,False,3997.29,2029,3118.5,177.726175,15197.916,15197.916,20011.897,85.5131,177.726175,228.785385,20218.44,19564.147,24378.129,4366.231,702.854,48.561,0.0,234.021422,56.295248,185.37755,7.651375,0.0,0.0,0.0,0.0,0.0,85.5131,20011.897,7.736542,18.769084,2083.593,232.512,2190.554,15593.964,0.0,-4366.231,-702.562,166.087,100,True,53.491237
KOBE_STEEL_JP,Kobe Steel,JP,5.96,14.3,DISCLOSED_PATH,DISCLOSED_PATH,PORT-5EAB84C29074,CAND-8D7AF2E68805C6,P3,PORT-5EAB84C29074,85.5131,14244.764,166.579905,False,False,2040,0.1489979539999986,-0.1489979539999986,True,True,True,True,,0.0,0.0,0.0,1,1,0.25216000000000005,0.6,0.8999999999999999,P3,균형형 라이트헤지,False,3997.29,2029,3118.5,168.448791,14404.578,14404.578,17520.086,85.5131,168.448791,203.395733,19025.72,17393.0,20508.508,2988.421,1659.531,26.811,0.0,204.881901,36.433109,187.542009,19.093218,0.0,0.0,0.0,0.0,0.0,85.5131,17520.086,6.773215,16.432024,1916.39,232.512,2053.725,14800.62,74.057,-2988.421,-1594.198,-90.106,100,True,115.300748
KOBE_STEEL_JP,Kobe Steel,JP,5.96,14.3,ACCELERATED_15C,DISCLOSED_PATH,PORT-5EAB84C29074,CAND-8D7AF2E68805C6,P3,PORT-5EAB84C29074,85.5131,13435.753,157.119237,False,False,2040,3.128997953999999,-3.128997953999999,True,True,True,True,,0.0,0.0,0.0,1,1,0.25216000000000005,0.6,0.8999999999999999,P3,균형형 라이트헤지,False,3997.29,2029,3118.5,159.168856,13611.022,13611.022,16789.43,85.5131,159.168856,210.228066,20240.962,17977.254,21155.661,4366.231,2320.891,57.183,-0.0,196.33752,37.168663,185.640918,26.472062,0.0,0.0,0.0,0.0,0.0,85.5131,16789.43,6.490746,15.746744,2075.419,232.512,2184.828,15577.018,78.779,-4366.231,-2279.702,108.401,100,True,34.933918
KOBE_STEEL_JP,Kobe Steel,JP,5.96,14.3,DISCLOSED_PATH,DISCLOSED_PATH,PORT-661396C334A7,CAND-9D068D97FB272C,P2,PORT-661396C334A7,45.121088,3827.194,84.820518,False,False,2030,3.7213640190848984,-3.7213640190848984,True,True,True,True,,0.0,0.0,0.0,1,1,0.25216000000000005,0.6,0.8999999999999999,P2,지연·부분헤지,False,3925.79,2037,3019.5,86.256143,3891.971,3891.971,4901.587,45.121088,86.256143,121.123875,5957.291,5465.241,6474.857,1573.27,464.228,-27.822,0.0,108.631848,22.375705,97.161244,10.905101,0.0,0.0,0.0,0.0,0.0,45.121088,4901.587,1.89494,4.59718,1499.73,40.609,567.917,3826.076,7.479,-1573.27,-481.558,4.988,100,True,33.1081
KOBE_STEEL_JP,Kobe Steel,JP,5.96,14.3,ACCELERATED_15C,DISCLOSED_PATH,PORT-661396C334A7,CAND-9D068D97FB272C,P2,PORT-661396C334A7,45.121088,3387.857,75.083668,False,False,2030,4.891364019084899,-4.891364019084899,True,True,True,True,,0.0,0.0,0.0,1,1,0.25216000000000005,0.6,0.8999999999999999,P2,지연·부분헤지,False,3925.79,2037,3019.5,76.661754,3459.062,3459.062,4569.381,45.121088,76.661754,128.252516,6395.038,5786.893,6897.212,2327.831,608.714,0.569,0.0,101.269302,24.607548,90.139828,13.478074,0.0,0.0,0.0,0.0,0.0,45.121088,4569.381,1.76651,4.285605,1181.227,40.609,684.049,4401.834,7.969,-2327.831,-528.393,-0.403,100,True,-47.573184
KOBE_STEEL_JP,Kobe Steel,JP,5.96,14.3,DISCLOSED_PATH,DISCLOSED_PATH,PORT-D7B02E3224C4,CAND-B928C0FFDA3842,P1,PORT-D7B02E3224C4,76.663099,670.475,8.745735,False,False,2040,0.886498003999999,-0.886498003999999,True,True,True,True,,0.0,0.0,0.0,1,1,0.1609600000000001,0.6,0.42000000000000004,P1,지연·현물조달,False,2819.19,2029,1940.4,9.893573,758.472,758.472,1564.289,76.663099,9.893573,44.839276,3719.07,3437.518,4243.335,2679.046,258.808,-22.744,-0.0,20.404721,10.511148,13.566164,3.672591,0.0,0.0,0.0,0.0,0.0,76.663099,1564.289,0.60475,1.467141,1295.092,80.948,2372.222,0.0,0.0,-2679.046,-303.353,-7.39,100,True,-43.25447
KOBE_STEEL_JP,Kobe Steel,JP,5.96,14.3,ACCELERATED_15C,DISCLOSED_PATH,PORT-D7B02E3224C4,CAND-B928C0FFDA3842,P1,PORT-D7B02E3224C4,76.663099,-394.351,-5.143954,False,False,2035,3.8664980039999994,-3.8664980039999994,True,True,True,True,,0.0,0.0,0.0,1,1,0.1609600000000001,0.6,0.42000000000000004,P1,지연·현물조달,False,2819.19,2029,1940.4,-4.209668,-322.726,-322.726,556.314,76.663099,-4.209668,46.858813,3930.382,3592.342,4471.382,3915.068,310.733,-27.307,-0.0,7.25661,11.466278,0.199751,4.409419,0.0,0.0,0.0,0.0,0.0,76.663099,556.314,0.215069,0.521765,1295.092,80.948,2580.418,0.0,0.0,-3915.068,-364.234,0.119,100,True,-128.444606
KOBE_STEEL_JP,Kobe Steel,JP,5.96,14.3,DISCLOSED_PATH,DISCLOSED_PATH,PORT-0CA13428C264,CAND-E9169FB41B03EE,P1,PORT-0CA13428C264,42.211089,-154.017,-3.648723,False,False,2030,3.7213640190848984,-3.7213640190848984,True,True,True,True,,0.0,0.0,0.0,1,1,0.1609600000000001,0.6,0.42000000000000004,P1,지연·현물조달,False,2785.09,2037,1878.8,-2.702106,-114.059,-114.059,140.664,42.211089,-2.702106,32.170366,1527.536,1357.946,1612.669,1472.005,162.507,-7.083,0.0,3.332404,6.034509,1.315558,4.017664,0.0,0.0,0.0,0.0,0.0,42.211089,140.664,0.05438,0.131929,756.39,0.988,757.541,0.0,0.0,-1472.005,-157.885,0.912,100,True,-55.850149
KOBE_STEEL_JP,Kobe Steel,JP,5.96,14.3,ACCELERATED_15C,DISCLOSED_PATH,PORT-0CA13428C264,CAND-E9169FB41B03EE,P1,PORT-0CA13428C264,42.211089,-805.681,-19.086944,False,False,2030,4.891364019084899,-4.891364019084899,True,True,True,True,,0.0,0.0,0.0,1,1,0.1609600000000001,0.6,0.42000000000000004,P1,지연·현물조달,False,2785.09,2037,1878.8,-18.334872,-773.935,-773.935,-516.59,42.211089,-18.334872,33.225815,1615.054,1402.498,1659.842,2176.433,195.175,-17.381,0.0,-12.238265,6.096608,-13.29933,5.035542,0.0,0.0,0.0,0.0,0.0,42.211089,-516.59,-0.199712,-0.484508,917.775,0.988,718.653,0.0,0.0,-2176.433,-239.25,4.331,100,True,-142.56981
KOBE_STEEL_JP,Kobe Steel,JP,5.96,14.3,DISCLOSED_PATH,DISCLOSED_PATH,PORT-B0BA3BE7A418,CAND-F3EC79559B1773,P1,PORT-B0BA3BE7A418,25.333096,-620.778,-24.504632,False,False,2030,5.163998293999999,-5.163998293999999,True,True,True,True,,0.0,0.0,0.0,1,1,0.12448000000000004,0.6,0.26,P1,지연·현물조달,False,1745.04,2029,866.25,-24.250607,-614.343,-614.343,-549.523,25.333096,-24.250607,10.670838,271.472,270.325,335.146,884.668,1.196,0.05,0.0,-21.691884,2.558723,-24.205342,0.045265,0.0,0.0,0.0,0.0,0.0,25.333096,-549.523,-0.212444,-0.515395,236.032,-27.312,61.401,0.0,0.0,-884.668,-1.304,1.509,100,True,-77.39865
KOBE_STEEL_JP,Kobe Steel,JP,5.96,14.3,ACCELERATED_15C,DISCLOSED_PATH,PORT-B0BA3BE7A418,CAND-F3EC79559B1773,P1,PORT-B0BA3BE7A418,25.333096,-1029.264,-40.629229,False,False,2030,8.143998294,-8.143998294,True,True,True,True,,0.0,0.0,0.0,1,1,0.12448000000000004,0.6,0.26,P1,지연·현물조달,False,1745.04,2029,866.25,-40.360114,-1022.447,-1022.447,-957.03,25.333096,-40.360114,10.889883,277.575,275.874,341.291,1298.321,1.595,-0.106,0.0,-37.777849,2.582265,-40.292968,0.067145,0.0,0.0,0.0,0.0,0.0,25.333096,-957.03,-0.369985,-0.897595,236.032,-27.312,67.294,0.0,0.0,-1298.321,-1.739,1.6,100,True,-164.595052
