candidate_id,company_id,company_name,template_plan_id,template_plan_name,physical_portfolio_id,origin_scenario_id,facility_action_count,earliest_transition_year,latest_transition_year,bf_reline_capacity_share,scrap_eaf_capacity_share,h2_dri_eaf_capacity_share,renewable_eaf_capacity_share,ppa_share,hydrogen_contract_share,fixed_epc_share,ccfd_share,contract_premium_pct,common_avoided_emissions_mtco2,action_signature,data_status,source_note
CAND-00B5592B22DA24,POSCO_KR,POSCO,P4,균형형 전환,PORT-66E75B54664A,DISCLOSED_PATH,5,2028,2036,0.0,0.219251,0.748663,0.032086,0.5,0.45,0.5,0.4,0.02,505.60626,POS-GWY-E:H2_DRI_EAF:2036|POS-GWY-EAF:EAF_RENEWABLE:2032|POS-GWY-W:H2_DRI_EAF:2034|POS-POH-N:SCRAP_EAF:2028|POS-POH-S:H2_DRI_EAF:2031,model_generated_candidate,"Generated from disclosed-path facility calendar, technology set and template contracting assumptions; not a company-announced project"
CAND-014834EFF571CA,POSCO_KR,POSCO,P2,지연·부분헤지,PORT-26982033AA0F,DISCLOSED_PATH,5,2029,2037,0.770053,0.0,0.197861,0.032086,0.15,0.1,0.2,0.1,0.01,150.693902,POS-GWY-E:BF_RELINE:2037|POS-GWY-EAF:EAF_RENEWABLE:2033|POS-GWY-W:BF_RELINE:2035|POS-POH-N:BF_RELINE:2029|POS-POH-S:H2_DRI_EAF:2032,model_generated_candidate,"Generated from disclosed-path facility calendar, technology set and template contracting assumptions; not a company-announced project"
CAND-022C4C9D65C291,POSCO_KR,POSCO,P2,지연·부분헤지,PORT-3D4DF75A91D4,DISCLOSED_PATH,5,2029,2037,0.494652,0.0,0.473262,0.032086,0.15,0.1,0.2,0.1,0.01,247.593892,POS-GWY-E:BF_RELINE:2037|POS-GWY-EAF:EAF_RENEWABLE:2033|POS-GWY-W:H2_DRI_EAF:2035|POS-POH-N:BF_RELINE:2029|POS-POH-S:H2_DRI_EAF:2032,model_generated_candidate,"Generated from disclosed-path facility calendar, technology set and template contracting assumptions; not a company-announced project"
CAND-03F5DDC22322D9,POSCO_KR,POSCO,P1,지연·현물조달,PORT-2E4122B1D61A,DISCLOSED_PATH,5,2029,2037,0.550802,0.0,0.417112,0.032086,0.0,0.0,0.1,0.0,0.0,305.733857,POS-GWY-E:BF_RELINE:2037|POS-GWY-EAF:EAF_RENEWABLE:2033|POS-GWY-W:BF_RELINE:2035|POS-POH-N:H2_DRI_EAF:2029|POS-POH-S:H2_DRI_EAF:2032,model_generated_candidate,"Generated from disclosed-path facility calendar, technology set and template contracting assumptions; not a company-announced project"
CAND-0792E2DF105A73,POSCO_KR,POSCO,P5,조기 계약형 전환,PORT-C07B5FF15869,DISCLOSED_PATH,5,2028,2036,0.219251,0.0,0.748663,0.032086,0.7,0.65,0.65,0.6,0.025,362.346302,POS-GWY-E:H2_DRI_EAF:2036|POS-GWY-EAF:EAF_RENEWABLE:2032|POS-GWY-W:H2_DRI_EAF:2034|POS-POH-N:BF_RELINE:2028|POS-POH-S:H2_DRI_EAF:2031,model_generated_candidate,"Generated from disclosed-path facility calendar, technology set and template contracting assumptions; not a company-announced project"
CAND-0A4190A420448F,POSCO_KR,POSCO,P1,지연·현물조달,PORT-92AEBEABC7A8,DISCLOSED_PATH,5,2029,2037,0.494652,0.197861,0.275401,0.032086,0.0,0.0,0.1,0.0,0.0,232.293891,POS-GWY-E:BF_RELINE:2037|POS-GWY-EAF:EAF_RENEWABLE:2033|POS-GWY-W:H2_DRI_EAF:2035|POS-POH-N:BF_RELINE:2029|POS-POH-S:SCRAP_EAF:2032,model_generated_candidate,"Generated from disclosed-path facility calendar, technology set and template contracting assumptions; not a company-announced project"
CAND-0B0DF7CC24CCF4,POSCO_KR,POSCO,P3,균형형 라이트헤지,PORT-7DC46150E6EE,DISCLOSED_PATH,5,2029,2037,0.275401,0.275401,0.417112,0.032086,0.3,0.25,0.35,0.25,0.015,388.383849,POS-GWY-E:BF_RELINE:2037|POS-GWY-EAF:EAF_RENEWABLE:2033|POS-GWY-W:SCRAP_EAF:2035|POS-POH-N:H2_DRI_EAF:2029|POS-POH-S:H2_DRI_EAF:2032,model_generated_candidate,"Generated from disclosed-path facility calendar, technology set and template contracting assumptions; not a company-announced project"
CAND-0BE357EA5504BE,POSCO_KR,POSCO,P2,지연·부분헤지,PORT-4FCB78A64B21,DISCLOSED_PATH,5,2029,2037,0.219251,0.473262,0.275401,0.032086,0.15,0.1,0.2,0.1,0.01,282.664267,POS-GWY-E:H2_DRI_EAF:2037|POS-GWY-EAF:EAF_RENEWABLE:2033|POS-GWY-W:SCRAP_EAF:2035|POS-POH-N:BF_RELINE:2029|POS-POH-S:SCRAP_EAF:2032,model_generated_candidate,"Generated from disclosed-path facility calendar, technology set and template contracting assumptions; not a company-announced project"
CAND-0CC63FAC54D3C0,POSCO_KR,POSCO,P2,지연·부분헤지,PORT-A620DB8F058C,DISCLOSED_PATH,5,2029,2037,0.0,0.494652,0.473262,0.032086,0.15,0.1,0.2,0.1,0.01,434.951232,POS-GWY-E:SCRAP_EAF:2037|POS-GWY-EAF:EAF_RENEWABLE:2033|POS-GWY-W:H2_DRI_EAF:2035|POS-POH-N:SCRAP_EAF:2029|POS-POH-S:H2_DRI_EAF:2032,model_generated_candidate,"Generated from disclosed-path facility calendar, technology set and template contracting assumptions; not a company-announced project"
CAND-0CC93D992FF190,POSCO_KR,POSCO,P3,균형형 라이트헤지,PORT-531039DEA968,DISCLOSED_PATH,5,2029,2037,0.219251,0.275401,0.473262,0.032086,0.3,0.25,0.35,0.25,0.015,297.964268,POS-GWY-E:H2_DRI_EAF:2037|POS-GWY-EAF:EAF_RENEWABLE:2033|POS-GWY-W:SCRAP_EAF:2035|POS-POH-N:BF_RELINE:2029|POS-POH-S:H2_DRI_EAF:2032,model_generated_candidate,"Generated from disclosed-path facility calendar, technology set and template contracting assumptions; not a company-announced project"
CAND-0D9DBFAFAC1A93,POSCO_KR,POSCO,P2,지연·부분헤지,PORT-1CB3B12B9B60,DISCLOSED_PATH,5,2029,2037,0.0,0.275401,0.692513,0.032086,0.15,0.1,0.2,0.1,0.01,453.004224,POS-GWY-E:H2_DRI_EAF:2037|POS-GWY-EAF:EAF_RENEWABLE:2033|POS-GWY-W:SCRAP_EAF:2035|POS-POH-N:H2_DRI_EAF:2029|POS-POH-S:H2_DRI_EAF:2032,model_generated_candidate,"Generated from disclosed-path facility calendar, technology set and template contracting assumptions; not a company-announced project"
CAND-0F7926E25C7DDC,POSCO_KR,POSCO,P2,지연·부분헤지,PORT-B0374F687394,DISCLOSED_PATH,5,2029,2037,0.275401,0.494652,0.197861,0.032086,0.15,0.1,0.2,0.1,0.01,338.051243,POS-GWY-E:SCRAP_EAF:2037|POS-GWY-EAF:EAF_RENEWABLE:2033|POS-GWY-W:BF_RELINE:2035|POS-POH-N:SCRAP_EAF:2029|POS-POH-S:H2_DRI_EAF:2032,model_generated_candidate,"Generated from disclosed-path facility calendar, technology set and template contracting assumptions; not a company-announced project"
CAND-11A200804B1E4C,POSCO_KR,POSCO,P1,지연·현물조달,PORT-9341B5E9E1AE,DISCLOSED_PATH,5,2029,2037,0.494652,0.473262,0.0,0.032086,0.0,0.0,0.1,0.0,0.0,190.511279,POS-GWY-E:SCRAP_EAF:2037|POS-GWY-EAF:EAF_RENEWABLE:2033|POS-GWY-W:BF_RELINE:2035|POS-POH-N:BF_RELINE:2029|POS-POH-S:SCRAP_EAF:2032,model_generated_candidate,"Generated from disclosed-path facility calendar, technology set and template contracting assumptions; not a company-announced project"
CAND-1205E8D72A4654,POSCO_KR,POSCO,P3,균형형 라이트헤지,PORT-A620DB8F058C,DISCLOSED_PATH,5,2029,2037,0.0,0.494652,0.473262,0.032086,0.3,0.25,0.35,0.25,0.015,434.951232,POS-GWY-E:SCRAP_EAF:2037|POS-GWY-EAF:EAF_RENEWABLE:2033|POS-GWY-W:H2_DRI_EAF:2035|POS-POH-N:SCRAP_EAF:2029|POS-POH-S:H2_DRI_EAF:2032,model_generated_candidate,"Generated from disclosed-path facility calendar, technology set and template contracting assumptions; not a company-announced project"
CAND-12C017BA38B922,POSCO_KR,POSCO,P1,지연·현물조달,PORT-D42DEB3BDB60,DISCLOSED_PATH,5,2029,2037,0.275401,0.417112,0.275401,0.032086,0.0,0.0,0.1,0.0,0.0,364.533852,POS-GWY-E:BF_RELINE:2037|POS-GWY-EAF:EAF_RENEWABLE:2033|POS-GWY-W:H2_DRI_EAF:2035|POS-POH-N:SCRAP_EAF:2029|POS-POH-S:SCRAP_EAF:2032,model_generated_candidate,"Generated from disclosed-path facility calendar, technology set and template contracting assumptions; not a company-announced project"
CAND-13A3A87B46A419,POSCO_KR,POSCO,P4,균형형 전환,PORT-C9ABA0ED93B4,DISCLOSED_PATH,5,2028,2036,0.0,0.473262,0.494652,0.032086,0.5,0.45,0.5,0.4,0.02,496.681253,POS-GWY-E:H2_DRI_EAF:2036|POS-GWY-EAF:EAF_RENEWABLE:2032|POS-GWY-W:SCRAP_EAF:2034|POS-POH-N:H2_DRI_EAF:2028|POS-POH-S:SCRAP_EAF:2031,model_generated_candidate,"Generated from disclosed-path facility calendar, technology set and template contracting assumptions; not a company-announced project"
CAND-1452ABFC21BA3C,POSCO_KR,POSCO,P3,균형형 라이트헤지,PORT-2E4122B1D61A,DISCLOSED_PATH,5,2029,2037,0.550802,0.0,0.417112,0.032086,0.3,0.25,0.35,0.25,0.015,305.733857,POS-GWY-E:BF_RELINE:2037|POS-GWY-EAF:EAF_RENEWABLE:2033|POS-GWY-W:BF_RELINE:2035|POS-POH-N:H2_DRI_EAF:2029|POS-POH-S:H2_DRI_EAF:2032,model_generated_candidate,"Generated from disclosed-path facility calendar, technology set and template contracting assumptions; not a company-announced project"
CAND-149176B54DA5B1,POSCO_KR,POSCO,P2,지연·부분헤지,PORT-58F96F629E32,DISCLOSED_PATH,5,2029,2037,0.473262,0.219251,0.275401,0.032086,0.15,0.1,0.2,0.1,0.01,243.51423,POS-GWY-E:H2_DRI_EAF:2037|POS-GWY-EAF:EAF_RENEWABLE:2033|POS-GWY-W:BF_RELINE:2035|POS-POH-N:SCRAP_EAF:2029|POS-POH-S:BF_RELINE:2032,model_generated_candidate,"Generated from disclosed-path facility calendar, technology set and template contracting assumptions; not a company-announced project"
CAND-16671384F832DB,POSCO_KR,POSCO,P4,균형형 전환,PORT-A7B7FDCF1108,DISCLOSED_PATH,5,2028,2036,0.197861,0.0,0.770053,0.032086,0.5,0.45,0.5,0.4,0.02,414.706243,POS-GWY-E:H2_DRI_EAF:2036|POS-GWY-EAF:EAF_RENEWABLE:2032|POS-GWY-W:H2_DRI_EAF:2034|POS-POH-N:H2_DRI_EAF:2028|POS-POH-S:BF_RELINE:2031,model_generated_candidate,"Generated from disclosed-path facility calendar, technology set and template contracting assumptions; not a company-announced project"
CAND-16DADA55DF87CF,POSCO_KR,POSCO,P2,지연·부분헤지,PORT-F7156CC53AF8,DISCLOSED_PATH,5,2029,2037,0.197861,0.275401,0.494652,0.032086,0.15,0.1,0.2,0.1,0.01,353.711217,POS-GWY-E:SCRAP_EAF:2037|POS-GWY-EAF:EAF_RENEWABLE:2033|POS-GWY-W:H2_DRI_EAF:2035|POS-POH-N:H2_DRI_EAF:2029|POS-POH-S:BF_RELINE:2032,model_generated_candidate,"Generated from disclosed-path facility calendar, technology set and template contracting assumptions; not a company-announced project"
CAND-19A0EC6A18A011,POSCO_KR,POSCO,P1,지연·현물조달,PORT-0EE037EBD6C8,DISCLOSED_PATH,5,2029,2037,0.275401,0.197861,0.494652,0.032086,0.0,0.0,0.1,0.0,0.0,387.333846,POS-GWY-E:BF_RELINE:2037|POS-GWY-EAF:EAF_RENEWABLE:2033|POS-GWY-W:H2_DRI_EAF:2035|POS-POH-N:H2_DRI_EAF:2029|POS-POH-S:SCRAP_EAF:2032,model_generated_candidate,"Generated from disclosed-path facility calendar, technology set and template contracting assumptions; not a company-announced project"
CAND-19C362AB4D3239,POSCO_KR,POSCO,P1,지연·현물조달,PORT-CA761749FFB1,DISCLOSED_PATH,5,2029,2037,0.219251,0.473262,0.275401,0.032086,0.0,0.0,0.1,0.0,0.0,287.411269,POS-GWY-E:SCRAP_EAF:2037|POS-GWY-EAF:EAF_RENEWABLE:2033|POS-GWY-W:H2_DRI_EAF:2035|POS-POH-N:BF_RELINE:2029|POS-POH-S:SCRAP_EAF:2032,model_generated_candidate,"Generated from disclosed-path facility calendar, technology set and template contracting assumptions; not a company-announced project"
CAND-1F4761E26DC6B1,POSCO_KR,POSCO,P2,지연·부분헤지,PORT-15CB4F8207C5,DISCLOSED_PATH,5,2029,2037,0.219251,0.0,0.748663,0.032086,0.15,0.1,0.2,0.1,0.01,312.214267,POS-GWY-E:H2_DRI_EAF:2037|POS-GWY-EAF:EAF_RENEWABLE:2033|POS-GWY-W:H2_DRI_EAF:2035|POS-POH-N:BF_RELINE:2029|POS-POH-S:H2_DRI_EAF:2032,model_generated_candidate,"Generated from disclosed-path facility calendar, technology set and template contracting assumptions; not a company-announced project"
CAND-1FADD59D3B21C5,POSCO_KR,POSCO,P4,균형형 전환,PORT-121CD1CE83BA,DISCLOSED_PATH,5,2028,2036,0.197861,0.275401,0.494652,0.032086,0.5,0.45,0.5,0.4,0.02,398.081245,POS-GWY-E:H2_DRI_EAF:2036|POS-GWY-EAF:EAF_RENEWABLE:2032|POS-GWY-W:SCRAP_EAF:2034|POS-POH-N:H2_DRI_EAF:2028|POS-POH-S:BF_RELINE:2031,model_generated_candidate,"Generated from disclosed-path facility calendar, technology set and template contracting assumptions; not a company-announced project"
CAND-219E2C98DF5995,POSCO_KR,POSCO,P2,지연·부분헤지,PORT-7DC46150E6EE,DISCLOSED_PATH,5,2029,2037,0.275401,0.275401,0.417112,0.032086,0.15,0.1,0.2,0.1,0.01,388.383849,POS-GWY-E:BF_RELINE:2037|POS-GWY-EAF:EAF_RENEWABLE:2033|POS-GWY-W:SCRAP_EAF:2035|POS-POH-N:H2_DRI_EAF:2029|POS-POH-S:H2_DRI_EAF:2032,model_generated_candidate,"Generated from disclosed-path facility calendar, technology set and template contracting assumptions; not a company-announced project"
CAND-22439B2EE07AD0,POSCO_KR,POSCO,P2,지연·부분헤지,PORT-0EE037EBD6C8,DISCLOSED_PATH,5,2029,2037,0.275401,0.197861,0.494652,0.032086,0.15,0.1,0.2,0.1,0.01,387.333846,POS-GWY-E:BF_RELINE:2037|POS-GWY-EAF:EAF_RENEWABLE:2033|POS-GWY-W:H2_DRI_EAF:2035|POS-POH-N:H2_DRI_EAF:2029|POS-POH-S:SCRAP_EAF:2032,model_generated_candidate,"Generated from disclosed-path facility calendar, technology set and template contracting assumptions; not a company-announced project"
CAND-2326AF763A3588,POSCO_KR,POSCO,P2,지연·부분헤지,PORT-81FCB4F2E5A2,DISCLOSED_PATH,5,2029,2037,0.197861,0.219251,0.550802,0.032086,0.15,0.1,0.2,0.1,0.01,340.414219,POS-GWY-E:H2_DRI_EAF:2037|POS-GWY-EAF:EAF_RENEWABLE:2033|POS-GWY-W:H2_DRI_EAF:2035|POS-POH-N:SCRAP_EAF:2029|POS-POH-S:BF_RELINE:2032,model_generated_candidate,"Generated from disclosed-path facility calendar, technology set and template contracting assumptions; not a company-announced project"
CAND-246A81370ACBB0,POSCO_KR,POSCO,P2,지연·부분헤지,PORT-CD2F629A3E6E,DISCLOSED_PATH,5,2029,2037,0.275401,0.473262,0.219251,0.032086,0.15,0.1,0.2,0.1,0.01,345.551235,POS-GWY-E:SCRAP_EAF:2037|POS-GWY-EAF:EAF_RENEWABLE:2033|POS-GWY-W:BF_RELINE:2035|POS-POH-N:H2_DRI_EAF:2029|POS-POH-S:SCRAP_EAF:2032,model_generated_candidate,"Generated from disclosed-path facility calendar, technology set and template contracting assumptions; not a company-announced project"
CAND-2568A716EEF6E8,POSCO_KR,POSCO,P1,지연·현물조달,PORT-F833A94324B4,DISCLOSED_PATH,5,2029,2037,0.494652,0.197861,0.275401,0.032086,0.0,0.0,0.1,0.0,0.0,200.014276,POS-GWY-E:H2_DRI_EAF:2037|POS-GWY-EAF:EAF_RENEWABLE:2033|POS-GWY-W:BF_RELINE:2035|POS-POH-N:BF_RELINE:2029|POS-POH-S:SCRAP_EAF:2032,model_generated_candidate,"Generated from disclosed-path facility calendar, technology set and template contracting assumptions; not a company-announced project"
CAND-25E596C7BBF514,POSCO_KR,POSCO,P1,지연·현물조달,PORT-2038E8D6C481,DISCLOSED_PATH,5,2029,2037,0.0,0.748663,0.219251,0.032086,0.0,0.0,0.1,0.0,0.0,428.201226,POS-GWY-E:SCRAP_EAF:2037|POS-GWY-EAF:EAF_RENEWABLE:2033|POS-GWY-W:SCRAP_EAF:2035|POS-POH-N:H2_DRI_EAF:2029|POS-POH-S:SCRAP_EAF:2032,model_generated_candidate,"Generated from disclosed-path facility calendar, technology set and template contracting assumptions; not a company-announced project"
CAND-26D54185A83CF5,POSCO_KR,POSCO,P3,균형형 라이트헤지,PORT-81FCB4F2E5A2,DISCLOSED_PATH,5,2029,2037,0.197861,0.219251,0.550802,0.032086,0.3,0.25,0.35,0.25,0.015,340.414219,POS-GWY-E:H2_DRI_EAF:2037|POS-GWY-EAF:EAF_RENEWABLE:2033|POS-GWY-W:H2_DRI_EAF:2035|POS-POH-N:SCRAP_EAF:2029|POS-POH-S:BF_RELINE:2032,model_generated_candidate,"Generated from disclosed-path facility calendar, technology set and template contracting assumptions; not a company-announced project"
CAND-2712C702DDAE02,POSCO_KR,POSCO,P1,지연·현물조달,PORT-7DC46150E6EE,DISCLOSED_PATH,5,2029,2037,0.275401,0.275401,0.417112,0.032086,0.0,0.0,0.1,0.0,0.0,388.383849,POS-GWY-E:BF_RELINE:2037|POS-GWY-EAF:EAF_RENEWABLE:2033|POS-GWY-W:SCRAP_EAF:2035|POS-POH-N:H2_DRI_EAF:2029|POS-POH-S:H2_DRI_EAF:2032,model_generated_candidate,"Generated from disclosed-path facility calendar, technology set and template contracting assumptions; not a company-announced project"
CAND-2775122CBD1438,POSCO_KR,POSCO,P1,지연·현물조달,PORT-34425DFA5633,DISCLOSED_PATH,5,2029,2037,0.197861,0.494652,0.275401,0.032086,0.0,0.0,0.1,0.0,0.0,330.911223,POS-GWY-E:SCRAP_EAF:2037|POS-GWY-EAF:EAF_RENEWABLE:2033|POS-GWY-W:H2_DRI_EAF:2035|POS-POH-N:SCRAP_EAF:2029|POS-POH-S:BF_RELINE:2032,model_generated_candidate,"Generated from disclosed-path facility calendar, technology set and template contracting assumptions; not a company-announced project"
CAND-27EB06146B7A52,POSCO_KR,POSCO,P3,균형형 라이트헤지,PORT-13C60822C05B,DISCLOSED_PATH,5,2029,2037,0.0,0.473262,0.494652,0.032086,0.3,0.25,0.35,0.25,0.015,437.704222,POS-GWY-E:H2_DRI_EAF:2037|POS-GWY-EAF:EAF_RENEWABLE:2033|POS-GWY-W:SCRAP_EAF:2035|POS-POH-N:H2_DRI_EAF:2029|POS-POH-S:SCRAP_EAF:2032,model_generated_candidate,"Generated from disclosed-path facility calendar, technology set and template contracting assumptions; not a company-announced project"
CAND-2A6D4478832AD4,POSCO_KR,POSCO,P1,지연·현물조달,PORT-92CC472C5A75,DISCLOSED_PATH,5,2029,2037,0.0,0.770053,0.197861,0.032086,0.0,0.0,0.1,0.0,0.0,420.701234,POS-GWY-E:SCRAP_EAF:2037|POS-GWY-EAF:EAF_RENEWABLE:2033|POS-GWY-W:SCRAP_EAF:2035|POS-POH-N:SCRAP_EAF:2029|POS-POH-S:H2_DRI_EAF:2032,model_generated_candidate,"Generated from disclosed-path facility calendar, technology set and template contracting assumptions; not a company-announced project"
CAND-2B083F97838C06,POSCO_KR,POSCO,P2,지연·부분헤지,PORT-0442454A7656,DISCLOSED_PATH,5,2029,2037,0.473262,0.275401,0.219251,0.032086,0.15,0.1,0.2,0.1,0.01,256.811227,POS-GWY-E:SCRAP_EAF:2037|POS-GWY-EAF:EAF_RENEWABLE:2033|POS-GWY-W:BF_RELINE:2035|POS-POH-N:H2_DRI_EAF:2029|POS-POH-S:BF_RELINE:2032,model_generated_candidate,"Generated from disclosed-path facility calendar, technology set and template contracting assumptions; not a company-announced project"
CAND-2B5676B6D45C1A,POSCO_KR,POSCO,P1,지연·현물조달,PORT-C84CC20B372A,DISCLOSED_PATH,5,2029,2037,0.550802,0.417112,0.0,0.032086,0.0,0.0,0.1,0.0,0.0,267.633863,POS-GWY-E:BF_RELINE:2037|POS-GWY-EAF:EAF_RENEWABLE:2033|POS-GWY-W:BF_RELINE:2035|POS-POH-N:SCRAP_EAF:2029|POS-POH-S:SCRAP_EAF:2032,model_generated_candidate,"Generated from disclosed-path facility calendar, technology set and template contracting assumptions; not a company-announced project"
CAND-2DFF873B7DBA5A,POSCO_KR,POSCO,P1,지연·현물조달,PORT-914DDED0291C,DISCLOSED_PATH,5,2029,2037,0.0,0.550802,0.417112,0.032086,0.0,0.0,0.1,0.0,0.0,443.501227,POS-GWY-E:SCRAP_EAF:2037|POS-GWY-EAF:EAF_RENEWABLE:2033|POS-GWY-W:SCRAP_EAF:2035|POS-POH-N:H2_DRI_EAF:2029|POS-POH-S:H2_DRI_EAF:2032,model_generated_candidate,"Generated from disclosed-path facility calendar, technology set and template contracting assumptions; not a company-announced project"
CAND-2E3979656A2F4C,POSCO_KR,POSCO,P1,지연·현물조달,PORT-BC271EDDCEA1,DISCLOSED_PATH,5,2029,2037,0.473262,0.275401,0.219251,0.032086,0.0,0.0,0.1,0.0,0.0,284.343839,POS-GWY-E:BF_RELINE:2037|POS-GWY-EAF:EAF_RENEWABLE:2033|POS-GWY-W:SCRAP_EAF:2035|POS-POH-N:H2_DRI_EAF:2029|POS-POH-S:BF_RELINE:2032,model_generated_candidate,"Generated from disclosed-path facility calendar, technology set and template contracting assumptions; not a company-announced project"
CAND-2EAFEFF65EF371,POSCO_KR,POSCO,P1,지연·현물조달,PORT-39601EAF8865,DISCLOSED_PATH,5,2029,2037,0.417112,0.275401,0.275401,0.032086,0.0,0.0,0.1,0.0,0.0,193.924259,POS-GWY-E:H2_DRI_EAF:2037|POS-GWY-EAF:EAF_RENEWABLE:2033|POS-GWY-W:SCRAP_EAF:2035|POS-POH-N:BF_RELINE:2029|POS-POH-S:BF_RELINE:2032,model_generated_candidate,"Generated from disclosed-path facility calendar, technology set and template contracting assumptions; not a company-announced project"
CAND-2F5D03A613EDBE,POSCO_KR,POSCO,P1,지연·현물조달,PORT-0E469489028A,DISCLOSED_PATH,5,2029,2037,0.473262,0.494652,0.0,0.032086,0.0,0.0,0.1,0.0,0.0,261.543846,POS-GWY-E:BF_RELINE:2037|POS-GWY-EAF:EAF_RENEWABLE:2033|POS-GWY-W:SCRAP_EAF:2035|POS-POH-N:SCRAP_EAF:2029|POS-POH-S:BF_RELINE:2032,model_generated_candidate,"Generated from disclosed-path facility calendar, technology set and template contracting assumptions; not a company-announced project"
CAND-2FCEDED2C189C1,POSCO_KR,POSCO,P4,균형형 전환,PORT-08632101CCF5,DISCLOSED_PATH,5,2028,2036,0.0,0.417112,0.550802,0.032086,0.5,0.45,0.5,0.4,0.02,488.606259,POS-GWY-E:H2_DRI_EAF:2036|POS-GWY-EAF:EAF_RENEWABLE:2032|POS-GWY-W:H2_DRI_EAF:2034|POS-POH-N:SCRAP_EAF:2028|POS-POH-S:SCRAP_EAF:2031,model_generated_candidate,"Generated from disclosed-path facility calendar, technology set and template contracting assumptions; not a company-announced project"
CAND-33464B9BFCF5F1,POSCO_KR,POSCO,P2,지연·부분헤지,PORT-88B20AD20AAC,DISCLOSED_PATH,5,2029,2037,0.275401,0.0,0.692513,0.032086,0.15,0.1,0.2,0.1,0.01,402.633847,POS-GWY-E:BF_RELINE:2037|POS-GWY-EAF:EAF_RENEWABLE:2033|POS-GWY-W:H2_DRI_EAF:2035|POS-POH-N:H2_DRI_EAF:2029|POS-POH-S:H2_DRI_EAF:2032,model_generated_candidate,"Generated from disclosed-path facility calendar, technology set and template contracting assumptions; not a company-announced project"
CAND-34EC5D94896BC9,POSCO_KR,POSCO,P1,지연·현물조달,PORT-560F313069EA,DISCLOSED_PATH,5,2029,2037,0.0,0.473262,0.494652,0.032086,0.0,0.0,0.1,0.0,0.0,442.451224,POS-GWY-E:SCRAP_EAF:2037|POS-GWY-EAF:EAF_RENEWABLE:2033|POS-GWY-W:H2_DRI_EAF:2035|POS-POH-N:H2_DRI_EAF:2029|POS-POH-S:SCRAP_EAF:2032,model_generated_candidate,"Generated from disclosed-path facility calendar, technology set and template contracting assumptions; not a company-announced project"
CAND-3507880EF33BF0,POSCO_KR,POSCO,P1,지연·현물조달,PORT-F28B31921945,DISCLOSED_PATH,5,2029,2037,0.275401,0.692513,0.0,0.032086,0.0,0.0,0.1,0.0,0.0,322.751241,POS-GWY-E:SCRAP_EAF:2037|POS-GWY-EAF:EAF_RENEWABLE:2033|POS-GWY-W:BF_RELINE:2035|POS-POH-N:SCRAP_EAF:2029|POS-POH-S:SCRAP_EAF:2032,model_generated_candidate,"Generated from disclosed-path facility calendar, technology set and template contracting assumptions; not a company-announced project"
CAND-3628A7B8A49C9B,POSCO_KR,POSCO,P2,지연·부분헤지,PORT-582BD7A8624A,DISCLOSED_PATH,5,2029,2037,0.692513,0.0,0.275401,0.032086,0.15,0.1,0.2,0.1,0.01,143.553883,POS-GWY-E:BF_RELINE:2037|POS-GWY-EAF:EAF_RENEWABLE:2033|POS-GWY-W:H2_DRI_EAF:2035|POS-POH-N:BF_RELINE:2029|POS-POH-S:BF_RELINE:2032,model_generated_candidate,"Generated from disclosed-path facility calendar, technology set and template contracting assumptions; not a company-announced project"
CAND-368B9DEAF0CA93,POSCO_KR,POSCO,P5,조기 계약형 전환,PORT-1319BCCBA344,DISCLOSED_PATH,5,2028,2036,0.275401,0.0,0.692513,0.032086,0.7,0.65,0.65,0.6,0.025,449.530784,POS-GWY-E:BF_RELINE:2036|POS-GWY-EAF:EAF_RENEWABLE:2032|POS-GWY-W:H2_DRI_EAF:2034|POS-POH-N:H2_DRI_EAF:2028|POS-POH-S:H2_DRI_EAF:2031,model_generated_candidate,"Generated from disclosed-path facility calendar, technology set and template contracting assumptions; not a company-announced project"
CAND-3C2E939294CFA6,POSCO_KR,POSCO,P1,지연·현물조달,PORT-0DA980ACBA29,DISCLOSED_PATH,5,2029,2037,0.275401,0.494652,0.197861,0.032086,0.0,0.0,0.1,0.0,0.0,365.583855,POS-GWY-E:BF_RELINE:2037|POS-GWY-EAF:EAF_RENEWABLE:2033|POS-GWY-W:SCRAP_EAF:2035|POS-POH-N:SCRAP_EAF:2029|POS-POH-S:H2_DRI_EAF:2032,model_generated_candidate,"Generated from disclosed-path facility calendar, technology set and template contracting assumptions; not a company-announced project"
CAND-3C7B4652F1639B,POSCO_KR,POSCO,P2,지연·부분헤지,PORT-C86521A83E05,DISCLOSED_PATH,5,2029,2037,0.748663,0.0,0.219251,0.032086,0.15,0.1,0.2,0.1,0.01,201.693848,POS-GWY-E:BF_RELINE:2037|POS-GWY-EAF:EAF_RENEWABLE:2033|POS-GWY-W:BF_RELINE:2035|POS-POH-N:H2_DRI_EAF:2029|POS-POH-S:BF_RELINE:2032,model_generated_candidate,"Generated from disclosed-path facility calendar, technology set and template contracting assumptions; not a company-announced project"
CAND-3D473BA95B905B,POSCO_KR,POSCO,P2,지연·부분헤지,PORT-5EADC2E7AC5E,DISCLOSED_PATH,5,2029,2037,0.550802,0.197861,0.219251,0.032086,0.15,0.1,0.2,0.1,0.01,290.433856,POS-GWY-E:BF_RELINE:2037|POS-GWY-EAF:EAF_RENEWABLE:2033|POS-GWY-W:BF_RELINE:2035|POS-POH-N:H2_DRI_EAF:2029|POS-POH-S:SCRAP_EAF:2032,model_generated_candidate,"Generated from disclosed-path facility calendar, technology set and template contracting assumptions; not a company-announced project"
CAND-3E6ECFFBE0F7B4,POSCO_KR,POSCO,P3,균형형 라이트헤지,PORT-0EE037EBD6C8,DISCLOSED_PATH,5,2029,2037,0.275401,0.197861,0.494652,0.032086,0.3,0.25,0.35,0.25,0.015,387.333846,POS-GWY-E:BF_RELINE:2037|POS-GWY-EAF:EAF_RENEWABLE:2033|POS-GWY-W:H2_DRI_EAF:2035|POS-POH-N:H2_DRI_EAF:2029|POS-POH-S:SCRAP_EAF:2032,model_generated_candidate,"Generated from disclosed-path facility calendar, technology set and template contracting assumptions; not a company-announced project"
CAND-3EF3401E681A60,POSCO_KR,POSCO,P2,지연·부분헤지,PORT-92CC472C5A75,DISCLOSED_PATH,5,2029,2037,0.0,0.770053,0.197861,0.032086,0.15,0.1,0.2,0.1,0.01,420.701234,POS-GWY-E:SCRAP_EAF:2037|POS-GWY-EAF:EAF_RENEWABLE:2033|POS-GWY-W:SCRAP_EAF:2035|POS-POH-N:SCRAP_EAF:2029|POS-POH-S:H2_DRI_EAF:2032,model_generated_candidate,"Generated from disclosed-path facility calendar, technology set and template contracting assumptions; not a company-announced project"
CAND-40BFDB12501E80,POSCO_KR,POSCO,P2,지연·부분헤지,PORT-39D02858EAF7,DISCLOSED_PATH,5,2029,2037,0.197861,0.550802,0.219251,0.032086,0.15,0.1,0.2,0.1,0.01,339.461218,POS-GWY-E:SCRAP_EAF:2037|POS-GWY-EAF:EAF_RENEWABLE:2033|POS-GWY-W:SCRAP_EAF:2035|POS-POH-N:H2_DRI_EAF:2029|POS-POH-S:BF_RELINE:2032,model_generated_candidate,"Generated from disclosed-path facility calendar, technology set and template contracting assumptions; not a company-announced project"
CAND-41EB575A6CCF22,POSCO_KR,POSCO,P3,균형형 라이트헤지,PORT-E80F0DA86082,DISCLOSED_PATH,5,2029,2037,0.473262,0.0,0.494652,0.032086,0.3,0.25,0.35,0.25,0.015,298.593838,POS-GWY-E:BF_RELINE:2037|POS-GWY-EAF:EAF_RENEWABLE:2033|POS-GWY-W:H2_DRI_EAF:2035|POS-POH-N:H2_DRI_EAF:2029|POS-POH-S:BF_RELINE:2032,model_generated_candidate,"Generated from disclosed-path facility calendar, technology set and template contracting assumptions; not a company-announced project"
CAND-42754835C7B93E,POSCO_KR,POSCO,P2,지연·부분헤지,PORT-531039DEA968,DISCLOSED_PATH,5,2029,2037,0.219251,0.275401,0.473262,0.032086,0.15,0.1,0.2,0.1,0.01,297.964268,POS-GWY-E:H2_DRI_EAF:2037|POS-GWY-EAF:EAF_RENEWABLE:2033|POS-GWY-W:SCRAP_EAF:2035|POS-POH-N:BF_RELINE:2029|POS-POH-S:H2_DRI_EAF:2032,model_generated_candidate,"Generated from disclosed-path facility calendar, technology set and template contracting assumptions; not a company-announced project"
CAND-43D21D2C670699,POSCO_KR,POSCO,P5,조기 계약형 전환,PORT-58026D3E7D92,DISCLOSED_PATH,5,2028,2036,0.0,0.0,0.967914,0.032086,0.7,0.65,0.65,0.6,0.025,530.306253,POS-GWY-E:H2_DRI_EAF:2036|POS-GWY-EAF:EAF_RENEWABLE:2032|POS-GWY-W:H2_DRI_EAF:2034|POS-POH-N:H2_DRI_EAF:2028|POS-POH-S:H2_DRI_EAF:2031,model_generated_candidate,"Generated from disclosed-path facility calendar, technology set and template contracting assumptions; not a company-announced project"
CAND-445D4D8D2CDA89,POSCO_KR,POSCO,P1,지연·현물조달,PORT-D611F29113B4,DISCLOSED_PATH,5,2029,2037,0.197861,0.275401,0.494652,0.032086,0.0,0.0,0.1,0.0,0.0,348.964214,POS-GWY-E:H2_DRI_EAF:2037|POS-GWY-EAF:EAF_RENEWABLE:2033|POS-GWY-W:SCRAP_EAF:2035|POS-POH-N:H2_DRI_EAF:2029|POS-POH-S:BF_RELINE:2032,model_generated_candidate,"Generated from disclosed-path facility calendar, technology set and template contracting assumptions; not a company-announced project"
CAND-44C957BBFA61A4,POSCO_KR,POSCO,P1,지연·현물조달,PORT-96133A6427FE,DISCLOSED_PATH,5,2029,2037,0.0,0.494652,0.473262,0.032086,0.0,0.0,0.1,0.0,0.0,430.20423,POS-GWY-E:H2_DRI_EAF:2037|POS-GWY-EAF:EAF_RENEWABLE:2033|POS-GWY-W:SCRAP_EAF:2035|POS-POH-N:SCRAP_EAF:2029|POS-POH-S:H2_DRI_EAF:2032,model_generated_candidate,"Generated from disclosed-path facility calendar, technology set and template contracting assumptions; not a company-announced project"
CAND-455C0CE17360E6,POSCO_KR,POSCO,P1,지연·현물조달,PORT-DE64C6FAC717,DISCLOSED_PATH,5,2029,2037,0.417112,0.550802,0.0,0.032086,0.0,0.0,0.1,0.0,0.0,184.421263,POS-GWY-E:SCRAP_EAF:2037|POS-GWY-EAF:EAF_RENEWABLE:2033|POS-GWY-W:SCRAP_EAF:2035|POS-POH-N:BF_RELINE:2029|POS-POH-S:BF_RELINE:2032,model_generated_candidate,"Generated from disclosed-path facility calendar, technology set and template contracting assumptions; not a company-announced project"
CAND-4566ECD06C16F8,POSCO_KR,POSCO,P3,균형형 라이트헤지,PORT-83A899345F31,DISCLOSED_PATH,5,2029,2037,0.494652,0.0,0.473262,0.032086,0.3,0.25,0.35,0.25,0.015,215.314277,POS-GWY-E:H2_DRI_EAF:2037|POS-GWY-EAF:EAF_RENEWABLE:2033|POS-GWY-W:BF_RELINE:2035|POS-POH-N:BF_RELINE:2029|POS-POH-S:H2_DRI_EAF:2032,model_generated_candidate,"Generated from disclosed-path facility calendar, technology set and template contracting assumptions; not a company-announced project"
CAND-4578ACD5570D76,POSCO_KR,POSCO,P3,균형형 라이트헤지,PORT-1CB3B12B9B60,DISCLOSED_PATH,5,2029,2037,0.0,0.275401,0.692513,0.032086,0.3,0.25,0.35,0.25,0.015,453.004224,POS-GWY-E:H2_DRI_EAF:2037|POS-GWY-EAF:EAF_RENEWABLE:2033|POS-GWY-W:SCRAP_EAF:2035|POS-POH-N:H2_DRI_EAF:2029|POS-POH-S:H2_DRI_EAF:2032,model_generated_candidate,"Generated from disclosed-path facility calendar, technology set and template contracting assumptions; not a company-announced project"
CAND-466C04961ED513,POSCO_KR,POSCO,P2,지연·부분헤지,PORT-7ED23B40E316,DISCLOSED_PATH,5,2029,2037,0.0,0.692513,0.275401,0.032086,0.15,0.1,0.2,0.1,0.01,414.904229,POS-GWY-E:H2_DRI_EAF:2037|POS-GWY-EAF:EAF_RENEWABLE:2033|POS-GWY-W:SCRAP_EAF:2035|POS-POH-N:SCRAP_EAF:2029|POS-POH-S:SCRAP_EAF:2032,model_generated_candidate,"Generated from disclosed-path facility calendar, technology set and template contracting assumptions; not a company-announced project"
CAND-47D6E186F11A0E,POSCO_KR,POSCO,P1,지연·현물조달,PORT-7DE802DADA23,DISCLOSED_PATH,5,2029,2037,0.692513,0.275401,0.0,0.032086,0.0,0.0,0.1,0.0,0.0,129.303884,POS-GWY-E:BF_RELINE:2037|POS-GWY-EAF:EAF_RENEWABLE:2033|POS-GWY-W:SCRAP_EAF:2035|POS-POH-N:BF_RELINE:2029|POS-POH-S:BF_RELINE:2032,model_generated_candidate,"Generated from disclosed-path facility calendar, technology set and template contracting assumptions; not a company-announced project"
CAND-48164C66BCCAA6,POSCO_KR,POSCO,P1,지연·현물조달,PORT-81FCB4F2E5A2,DISCLOSED_PATH,5,2029,2037,0.197861,0.219251,0.550802,0.032086,0.0,0.0,0.1,0.0,0.0,340.414219,POS-GWY-E:H2_DRI_EAF:2037|POS-GWY-EAF:EAF_RENEWABLE:2033|POS-GWY-W:H2_DRI_EAF:2035|POS-POH-N:SCRAP_EAF:2029|POS-POH-S:BF_RELINE:2032,model_generated_candidate,"Generated from disclosed-path facility calendar, technology set and template contracting assumptions; not a company-announced project"
CAND-4AB131FFD4690A,POSCO_KR,POSCO,P3,균형형 라이트헤지,PORT-2E81D74D4102,DISCLOSED_PATH,5,2029,2037,0.197861,0.0,0.770053,0.032086,0.3,0.25,0.35,0.25,0.015,363.214213,POS-GWY-E:H2_DRI_EAF:2037|POS-GWY-EAF:EAF_RENEWABLE:2033|POS-GWY-W:H2_DRI_EAF:2035|POS-POH-N:H2_DRI_EAF:2029|POS-POH-S:BF_RELINE:2032,model_generated_candidate,"Generated from disclosed-path facility calendar, technology set and template contracting assumptions; not a company-announced project"
CAND-4B229E76ADED64,POSCO_KR,POSCO,P5,조기 계약형 전환,PORT-A7B7FDCF1108,DISCLOSED_PATH,5,2028,2036,0.197861,0.0,0.770053,0.032086,0.7,0.65,0.65,0.6,0.025,414.706243,POS-GWY-E:H2_DRI_EAF:2036|POS-GWY-EAF:EAF_RENEWABLE:2032|POS-GWY-W:H2_DRI_EAF:2034|POS-POH-N:H2_DRI_EAF:2028|POS-POH-S:BF_RELINE:2031,model_generated_candidate,"Generated from disclosed-path facility calendar, technology set and template contracting assumptions; not a company-announced project"
CAND-4EEFF7014AA338,POSCO_KR,POSCO,P1,지연·현물조달,PORT-53B67D8C8444,DISCLOSED_PATH,5,2029,2037,0.417112,0.275401,0.275401,0.032086,0.0,0.0,0.1,0.0,0.0,198.671261,POS-GWY-E:SCRAP_EAF:2037|POS-GWY-EAF:EAF_RENEWABLE:2033|POS-GWY-W:H2_DRI_EAF:2035|POS-POH-N:BF_RELINE:2029|POS-POH-S:BF_RELINE:2032,model_generated_candidate,"Generated from disclosed-path facility calendar, technology set and template contracting assumptions; not a company-announced project"
CAND-4EF614D30D6D91,POSCO_KR,POSCO,P2,지연·부분헤지,PORT-96133A6427FE,DISCLOSED_PATH,5,2029,2037,0.0,0.494652,0.473262,0.032086,0.15,0.1,0.2,0.1,0.01,430.20423,POS-GWY-E:H2_DRI_EAF:2037|POS-GWY-EAF:EAF_RENEWABLE:2033|POS-GWY-W:SCRAP_EAF:2035|POS-POH-N:SCRAP_EAF:2029|POS-POH-S:H2_DRI_EAF:2032,model_generated_candidate,"Generated from disclosed-path facility calendar, technology set and template contracting assumptions; not a company-announced project"
CAND-53345843430514,POSCO_KR,POSCO,P3,균형형 라이트헤지,PORT-21F188D80A9F,DISCLOSED_PATH,5,2029,2037,0.275401,0.275401,0.417112,0.032086,0.3,0.25,0.35,0.25,0.015,360.851236,POS-GWY-E:SCRAP_EAF:2037|POS-GWY-EAF:EAF_RENEWABLE:2033|POS-GWY-W:BF_RELINE:2035|POS-POH-N:H2_DRI_EAF:2029|POS-POH-S:H2_DRI_EAF:2032,model_generated_candidate,"Generated from disclosed-path facility calendar, technology set and template contracting assumptions; not a company-announced project"
CAND-59840642E9A31E,POSCO_KR,POSCO,P3,균형형 라이트헤지,PORT-4EF0EAC87C10,DISCLOSED_PATH,5,2029,2037,0.275401,0.0,0.692513,0.032086,0.3,0.25,0.35,0.25,0.015,370.354232,POS-GWY-E:H2_DRI_EAF:2037|POS-GWY-EAF:EAF_RENEWABLE:2033|POS-GWY-W:BF_RELINE:2035|POS-POH-N:H2_DRI_EAF:2029|POS-POH-S:H2_DRI_EAF:2032,model_generated_candidate,"Generated from disclosed-path facility calendar, technology set and template contracting assumptions; not a company-announced project"
CAND-59922918D7864B,POSCO_KR,POSCO,P1,지연·현물조달,PORT-F0FD6CB66057,DISCLOSED_PATH,5,2029,2037,0.275401,0.692513,0.0,0.032086,0.0,0.0,0.1,0.0,0.0,350.283854,POS-GWY-E:BF_RELINE:2037|POS-GWY-EAF:EAF_RENEWABLE:2033|POS-GWY-W:SCRAP_EAF:2035|POS-POH-N:SCRAP_EAF:2029|POS-POH-S:SCRAP_EAF:2032,model_generated_candidate,"Generated from disclosed-path facility calendar, technology set and template contracting assumptions; not a company-announced project"
CAND-59D8E58B43BE95,POSCO_KR,POSCO,P2,지연·부분헤지,PORT-F833A94324B4,DISCLOSED_PATH,5,2029,2037,0.494652,0.197861,0.275401,0.032086,0.15,0.1,0.2,0.1,0.01,200.014276,POS-GWY-E:H2_DRI_EAF:2037|POS-GWY-EAF:EAF_RENEWABLE:2033|POS-GWY-W:BF_RELINE:2035|POS-POH-N:BF_RELINE:2029|POS-POH-S:SCRAP_EAF:2032,model_generated_candidate,"Generated from disclosed-path facility calendar, technology set and template contracting assumptions; not a company-announced project"
CAND-5A38E9B2121618,POSCO_KR,POSCO,P3,균형형 라이트헤지,PORT-E6131070E165,DISCLOSED_PATH,5,2029,2037,0.219251,0.275401,0.473262,0.032086,0.3,0.25,0.35,0.25,0.015,302.711271,POS-GWY-E:SCRAP_EAF:2037|POS-GWY-EAF:EAF_RENEWABLE:2033|POS-GWY-W:H2_DRI_EAF:2035|POS-POH-N:BF_RELINE:2029|POS-POH-S:H2_DRI_EAF:2032,model_generated_candidate,"Generated from disclosed-path facility calendar, technology set and template contracting assumptions; not a company-announced project"
CAND-5BEF4156D87882,POSCO_KR,POSCO,P1,지연·현물조달,PORT-14B830249181,DISCLOSED_PATH,5,2029,2037,0.550802,0.219251,0.197861,0.032086,0.0,0.0,0.1,0.0,0.0,282.933864,POS-GWY-E:BF_RELINE:2037|POS-GWY-EAF:EAF_RENEWABLE:2033|POS-GWY-W:BF_RELINE:2035|POS-POH-N:SCRAP_EAF:2029|POS-POH-S:H2_DRI_EAF:2032,model_generated_candidate,"Generated from disclosed-path facility calendar, technology set and template contracting assumptions; not a company-announced project"
CAND-5CF529473B6C8A,POSCO_KR,POSCO,P2,지연·부분헤지,PORT-53B67D8C8444,DISCLOSED_PATH,5,2029,2037,0.417112,0.275401,0.275401,0.032086,0.15,0.1,0.2,0.1,0.01,198.671261,POS-GWY-E:SCRAP_EAF:2037|POS-GWY-EAF:EAF_RENEWABLE:2033|POS-GWY-W:H2_DRI_EAF:2035|POS-POH-N:BF_RELINE:2029|POS-POH-S:BF_RELINE:2032,model_generated_candidate,"Generated from disclosed-path facility calendar, technology set and template contracting assumptions; not a company-announced project"
CAND-5CFC64B9F431FB,POSCO_KR,POSCO,P4,균형형 전환,PORT-0A659009CEAA,DISCLOSED_PATH,5,2028,2036,0.0,0.275401,0.692513,0.032086,0.5,0.45,0.5,0.4,0.02,518.427508,POS-GWY-E:SCRAP_EAF:2036|POS-GWY-EAF:EAF_RENEWABLE:2032|POS-GWY-W:H2_DRI_EAF:2034|POS-POH-N:H2_DRI_EAF:2028|POS-POH-S:H2_DRI_EAF:2031,model_generated_candidate,"Generated from disclosed-path facility calendar, technology set and template contracting assumptions; not a company-announced project"
CAND-5D4BA5AE2C12A1,POSCO_KR,POSCO,P3,균형형 라이트헤지,PORT-914DDED0291C,DISCLOSED_PATH,5,2029,2037,0.0,0.550802,0.417112,0.032086,0.3,0.25,0.35,0.25,0.015,443.501227,POS-GWY-E:SCRAP_EAF:2037|POS-GWY-EAF:EAF_RENEWABLE:2033|POS-GWY-W:SCRAP_EAF:2035|POS-POH-N:H2_DRI_EAF:2029|POS-POH-S:H2_DRI_EAF:2032,model_generated_candidate,"Generated from disclosed-path facility calendar, technology set and template contracting assumptions; not a company-announced project"
CAND-5EDB484CD5BE5A,POSCO_KR,POSCO,P2,지연·부분헤지,PORT-76FA0E81D10C,DISCLOSED_PATH,5,2029,2037,0.0,0.197861,0.770053,0.032086,0.15,0.1,0.2,0.1,0.01,451.954221,POS-GWY-E:H2_DRI_EAF:2037|POS-GWY-EAF:EAF_RENEWABLE:2033|POS-GWY-W:H2_DRI_EAF:2035|POS-POH-N:H2_DRI_EAF:2029|POS-POH-S:SCRAP_EAF:2032,model_generated_candidate,"Generated from disclosed-path facility calendar, technology set and template contracting assumptions; not a company-announced project"
CAND-61FF84233D41BD,POSCO_KR,POSCO,P1,지연·현물조달,PORT-C4223BE01DD1,DISCLOSED_PATH,5,2029,2037,0.692513,0.0,0.275401,0.032086,0.0,0.0,0.1,0.0,0.0,111.274268,POS-GWY-E:H2_DRI_EAF:2037|POS-GWY-EAF:EAF_RENEWABLE:2033|POS-GWY-W:BF_RELINE:2035|POS-POH-N:BF_RELINE:2029|POS-POH-S:BF_RELINE:2032,model_generated_candidate,"Generated from disclosed-path facility calendar, technology set and template contracting assumptions; not a company-announced project"
CAND-6339E6B83A8408,POSCO_KR,POSCO,P3,균형형 라이트헤지,PORT-8826D0B469EE,DISCLOSED_PATH,5,2029,2037,0.0,0.417112,0.550802,0.032086,0.3,0.25,0.35,0.25,0.015,429.154227,POS-GWY-E:H2_DRI_EAF:2037|POS-GWY-EAF:EAF_RENEWABLE:2033|POS-GWY-W:H2_DRI_EAF:2035|POS-POH-N:SCRAP_EAF:2029|POS-POH-S:SCRAP_EAF:2032,model_generated_candidate,"Generated from disclosed-path facility calendar, technology set and template contracting assumptions; not a company-announced project"
CAND-63418967481534,POSCO_KR,POSCO,P3,균형형 라이트헤지,PORT-88B20AD20AAC,DISCLOSED_PATH,5,2029,2037,0.275401,0.0,0.692513,0.032086,0.3,0.25,0.35,0.25,0.015,402.633847,POS-GWY-E:BF_RELINE:2037|POS-GWY-EAF:EAF_RENEWABLE:2033|POS-GWY-W:H2_DRI_EAF:2035|POS-POH-N:H2_DRI_EAF:2029|POS-POH-S:H2_DRI_EAF:2032,model_generated_candidate,"Generated from disclosed-path facility calendar, technology set and template contracting assumptions; not a company-announced project"
CAND-63781C106D5099,POSCO_KR,POSCO,P1,지연·현물조달,PORT-41705C04BF44,DISCLOSED_PATH,5,2029,2037,0.473262,0.494652,0.0,0.032086,0.0,0.0,0.1,0.0,0.0,234.011233,POS-GWY-E:SCRAP_EAF:2037|POS-GWY-EAF:EAF_RENEWABLE:2033|POS-GWY-W:BF_RELINE:2035|POS-POH-N:SCRAP_EAF:2029|POS-POH-S:BF_RELINE:2032,model_generated_candidate,"Generated from disclosed-path facility calendar, technology set and template contracting assumptions; not a company-announced project"
CAND-6518C659D069E2,POSCO_KR,POSCO,P2,지연·부분헤지,PORT-14B830249181,DISCLOSED_PATH,5,2029,2037,0.550802,0.219251,0.197861,0.032086,0.15,0.1,0.2,0.1,0.01,282.933864,POS-GWY-E:BF_RELINE:2037|POS-GWY-EAF:EAF_RENEWABLE:2033|POS-GWY-W:BF_RELINE:2035|POS-POH-N:SCRAP_EAF:2029|POS-POH-S:H2_DRI_EAF:2032,model_generated_candidate,"Generated from disclosed-path facility calendar, technology set and template contracting assumptions; not a company-announced project"
CAND-6521638C73C96E,POSCO_KR,POSCO,P1,지연·현물조달,PORT-26982033AA0F,DISCLOSED_PATH,5,2029,2037,0.770053,0.0,0.197861,0.032086,0.0,0.0,0.1,0.0,0.0,150.693902,POS-GWY-E:BF_RELINE:2037|POS-GWY-EAF:EAF_RENEWABLE:2033|POS-GWY-W:BF_RELINE:2035|POS-POH-N:BF_RELINE:2029|POS-POH-S:H2_DRI_EAF:2032,model_generated_candidate,"Generated from disclosed-path facility calendar, technology set and template contracting assumptions; not a company-announced project"
CAND-658DE1AE1D4472,POSCO_KR,POSCO,P2,지연·부분헤지,PORT-2E81D74D4102,DISCLOSED_PATH,5,2029,2037,0.197861,0.0,0.770053,0.032086,0.15,0.1,0.2,0.1,0.01,363.214213,POS-GWY-E:H2_DRI_EAF:2037|POS-GWY-EAF:EAF_RENEWABLE:2033|POS-GWY-W:H2_DRI_EAF:2035|POS-POH-N:H2_DRI_EAF:2029|POS-POH-S:BF_RELINE:2032,model_generated_candidate,"Generated from disclosed-path facility calendar, technology set and template contracting assumptions; not a company-announced project"
CAND-665091FC3F8349,POSCO_KR,POSCO,P2,지연·부분헤지,PORT-E80F0DA86082,DISCLOSED_PATH,5,2029,2037,0.473262,0.0,0.494652,0.032086,0.15,0.1,0.2,0.1,0.01,298.593838,POS-GWY-E:BF_RELINE:2037|POS-GWY-EAF:EAF_RENEWABLE:2033|POS-GWY-W:H2_DRI_EAF:2035|POS-POH-N:H2_DRI_EAF:2029|POS-POH-S:BF_RELINE:2032,model_generated_candidate,"Generated from disclosed-path facility calendar, technology set and template contracting assumptions; not a company-announced project"
CAND-666CF68419F683,POSCO_KR,POSCO,P1,지연·현물조달,PORT-CB1C741D93E4,DISCLOSED_PATH,5,2029,2037,0.494652,0.275401,0.197861,0.032086,0.0,0.0,0.1,0.0,0.0,205.811281,POS-GWY-E:SCRAP_EAF:2037|POS-GWY-EAF:EAF_RENEWABLE:2033|POS-GWY-W:BF_RELINE:2035|POS-POH-N:BF_RELINE:2029|POS-POH-S:H2_DRI_EAF:2032,model_generated_candidate,"Generated from disclosed-path facility calendar, technology set and template contracting assumptions; not a company-announced project"
CAND-66CDAFCF347183,POSCO_KR,POSCO,P3,균형형 라이트헤지,PORT-76FA0E81D10C,DISCLOSED_PATH,5,2029,2037,0.0,0.197861,0.770053,0.032086,0.3,0.25,0.35,0.25,0.015,451.954221,POS-GWY-E:H2_DRI_EAF:2037|POS-GWY-EAF:EAF_RENEWABLE:2033|POS-GWY-W:H2_DRI_EAF:2035|POS-POH-N:H2_DRI_EAF:2029|POS-POH-S:SCRAP_EAF:2032,model_generated_candidate,"Generated from disclosed-path facility calendar, technology set and template contracting assumptions; not a company-announced project"
CAND-6839D626EADAFC,POSCO_KR,POSCO,P4,균형형 전환,PORT-DB628D74218D,DISCLOSED_PATH,5,2028,2036,0.197861,0.275401,0.494652,0.032086,0.5,0.45,0.5,0.4,0.02,402.827497,POS-GWY-E:SCRAP_EAF:2036|POS-GWY-EAF:EAF_RENEWABLE:2032|POS-GWY-W:H2_DRI_EAF:2034|POS-POH-N:H2_DRI_EAF:2028|POS-POH-S:BF_RELINE:2031,model_generated_candidate,"Generated from disclosed-path facility calendar, technology set and template contracting assumptions; not a company-announced project"
CAND-688976C946D330,POSCO_KR,POSCO,P1,지연·현물조달,PORT-B0374F687394,DISCLOSED_PATH,5,2029,2037,0.275401,0.494652,0.197861,0.032086,0.0,0.0,0.1,0.0,0.0,338.051243,POS-GWY-E:SCRAP_EAF:2037|POS-GWY-EAF:EAF_RENEWABLE:2033|POS-GWY-W:BF_RELINE:2035|POS-POH-N:SCRAP_EAF:2029|POS-POH-S:H2_DRI_EAF:2032,model_generated_candidate,"Generated from disclosed-path facility calendar, technology set and template contracting assumptions; not a company-announced project"
CAND-69F1DFA349467C,POSCO_KR,POSCO,P3,균형형 라이트헤지,PORT-26296F7EE75E,DISCLOSED_PATH,5,2029,2037,0.275401,0.219251,0.473262,0.032086,0.3,0.25,0.35,0.25,0.015,379.833854,POS-GWY-E:BF_RELINE:2037|POS-GWY-EAF:EAF_RENEWABLE:2033|POS-GWY-W:H2_DRI_EAF:2035|POS-POH-N:SCRAP_EAF:2029|POS-POH-S:H2_DRI_EAF:2032,model_generated_candidate,"Generated from disclosed-path facility calendar, technology set and template contracting assumptions; not a company-announced project"
CAND-6D164CFC3612B5,POSCO_KR,POSCO,P2,지연·부분헤지,PORT-560F313069EA,DISCLOSED_PATH,5,2029,2037,0.0,0.473262,0.494652,0.032086,0.15,0.1,0.2,0.1,0.01,442.451224,POS-GWY-E:SCRAP_EAF:2037|POS-GWY-EAF:EAF_RENEWABLE:2033|POS-GWY-W:H2_DRI_EAF:2035|POS-POH-N:H2_DRI_EAF:2029|POS-POH-S:SCRAP_EAF:2032,model_generated_candidate,"Generated from disclosed-path facility calendar, technology set and template contracting assumptions; not a company-announced project"
CAND-6D999800E74100,POSCO_KR,POSCO,P4,균형형 전환,PORT-DDCBA267CA97,DISCLOSED_PATH,5,2028,2036,0.417112,0.0,0.550802,0.032086,0.5,0.45,0.5,0.4,0.02,246.746291,POS-GWY-E:H2_DRI_EAF:2036|POS-GWY-EAF:EAF_RENEWABLE:2032|POS-GWY-W:H2_DRI_EAF:2034|POS-POH-N:BF_RELINE:2028|POS-POH-S:BF_RELINE:2031,model_generated_candidate,"Generated from disclosed-path facility calendar, technology set and template contracting assumptions; not a company-announced project"
CAND-6F266E2E22C934,POSCO_KR,POSCO,P1,지연·현물조달,PORT-DD503298C431,DISCLOSED_PATH,5,2029,2037,0.275401,0.473262,0.219251,0.032086,0.0,0.0,0.1,0.0,0.0,373.083847,POS-GWY-E:BF_RELINE:2037|POS-GWY-EAF:EAF_RENEWABLE:2033|POS-GWY-W:SCRAP_EAF:2035|POS-POH-N:H2_DRI_EAF:2029|POS-POH-S:SCRAP_EAF:2032,model_generated_candidate,"Generated from disclosed-path facility calendar, technology set and template contracting assumptions; not a company-announced project"
CAND-6F9108023CEB49,POSCO_KR,POSCO,P1,지연·현물조달,PORT-10A72D7ED2CE,DISCLOSED_PATH,5,2029,2037,0.0,0.967914,0.0,0.032086,0.0,0.0,0.1,0.0,0.0,405.401232,POS-GWY-E:SCRAP_EAF:2037|POS-GWY-EAF:EAF_RENEWABLE:2033|POS-GWY-W:SCRAP_EAF:2035|POS-POH-N:SCRAP_EAF:2029|POS-POH-S:SCRAP_EAF:2032,model_generated_candidate,"Generated from disclosed-path facility calendar, technology set and template contracting assumptions; not a company-announced project"
CAND-7096B3C8E1DB90,POSCO_KR,POSCO,P1,지연·현물조달,PORT-2E6F921B196A,DISCLOSED_PATH,5,2029,2037,0.275401,0.219251,0.473262,0.032086,0.0,0.0,0.1,0.0,0.0,347.554239,POS-GWY-E:H2_DRI_EAF:2037|POS-GWY-EAF:EAF_RENEWABLE:2033|POS-GWY-W:BF_RELINE:2035|POS-POH-N:SCRAP_EAF:2029|POS-POH-S:H2_DRI_EAF:2032,model_generated_candidate,"Generated from disclosed-path facility calendar, technology set and template contracting assumptions; not a company-announced project"
CAND-70F15009F2C939,POSCO_KR,POSCO,P4,균형형 전환,PORT-E6018DC71718,DISCLOSED_PATH,5,2028,2036,0.219251,0.197861,0.550802,0.032086,0.5,0.45,0.5,0.4,0.02,345.3463,POS-GWY-E:H2_DRI_EAF:2036|POS-GWY-EAF:EAF_RENEWABLE:2032|POS-GWY-W:H2_DRI_EAF:2034|POS-POH-N:BF_RELINE:2028|POS-POH-S:SCRAP_EAF:2031,model_generated_candidate,"Generated from disclosed-path facility calendar, technology set and template contracting assumptions; not a company-announced project"
CAND-7142A6F8E3E0F0,POSCO_KR,POSCO,P1,지연·현물조달,PORT-21F188D80A9F,DISCLOSED_PATH,5,2029,2037,0.275401,0.275401,0.417112,0.032086,0.0,0.0,0.1,0.0,0.0,360.851236,POS-GWY-E:SCRAP_EAF:2037|POS-GWY-EAF:EAF_RENEWABLE:2033|POS-GWY-W:BF_RELINE:2035|POS-POH-N:H2_DRI_EAF:2029|POS-POH-S:H2_DRI_EAF:2032,model_generated_candidate,"Generated from disclosed-path facility calendar, technology set and template contracting assumptions; not a company-announced project"
CAND-717F18DFAF78F1,POSCO_KR,POSCO,P4,균형형 전환,PORT-C68307188813,DISCLOSED_PATH,5,2028,2036,0.0,0.473262,0.494652,0.032086,0.5,0.45,0.5,0.4,0.02,501.427506,POS-GWY-E:SCRAP_EAF:2036|POS-GWY-EAF:EAF_RENEWABLE:2032|POS-GWY-W:H2_DRI_EAF:2034|POS-POH-N:H2_DRI_EAF:2028|POS-POH-S:SCRAP_EAF:2031,model_generated_candidate,"Generated from disclosed-path facility calendar, technology set and template contracting assumptions; not a company-announced project"
CAND-720A05CD8AE3E2,POSCO_KR,POSCO,P1,지연·현물조달,PORT-802EEF341C7A,DISCLOSED_PATH,5,2029,2037,0.197861,0.494652,0.275401,0.032086,0.0,0.0,0.1,0.0,0.0,326.164221,POS-GWY-E:H2_DRI_EAF:2037|POS-GWY-EAF:EAF_RENEWABLE:2033|POS-GWY-W:SCRAP_EAF:2035|POS-POH-N:SCRAP_EAF:2029|POS-POH-S:BF_RELINE:2032,model_generated_candidate,"Generated from disclosed-path facility calendar, technology set and template contracting assumptions; not a company-announced project"
CAND-740ECD279950BF,POSCO_KR,POSCO,P1,지연·현물조달,PORT-C86521A83E05,DISCLOSED_PATH,5,2029,2037,0.748663,0.0,0.219251,0.032086,0.0,0.0,0.1,0.0,0.0,201.693848,POS-GWY-E:BF_RELINE:2037|POS-GWY-EAF:EAF_RENEWABLE:2033|POS-GWY-W:BF_RELINE:2035|POS-POH-N:H2_DRI_EAF:2029|POS-POH-S:BF_RELINE:2032,model_generated_candidate,"Generated from disclosed-path facility calendar, technology set and template contracting assumptions; not a company-announced project"
CAND-768E1E0177B559,POSCO_KR,POSCO,P1,지연·현물조달,PORT-39D02858EAF7,DISCLOSED_PATH,5,2029,2037,0.197861,0.550802,0.219251,0.032086,0.0,0.0,0.1,0.0,0.0,339.461218,POS-GWY-E:SCRAP_EAF:2037|POS-GWY-EAF:EAF_RENEWABLE:2033|POS-GWY-W:SCRAP_EAF:2035|POS-POH-N:H2_DRI_EAF:2029|POS-POH-S:BF_RELINE:2032,model_generated_candidate,"Generated from disclosed-path facility calendar, technology set and template contracting assumptions; not a company-announced project"
CAND-78797020DAE1ED,POSCO_KR,POSCO,P1,지연·현물조달,PORT-13C60822C05B,DISCLOSED_PATH,5,2029,2037,0.0,0.473262,0.494652,0.032086,0.0,0.0,0.1,0.0,0.0,437.704222,POS-GWY-E:H2_DRI_EAF:2037|POS-GWY-EAF:EAF_RENEWABLE:2033|POS-GWY-W:SCRAP_EAF:2035|POS-POH-N:H2_DRI_EAF:2029|POS-POH-S:SCRAP_EAF:2032,model_generated_candidate,"Generated from disclosed-path facility calendar, technology set and template contracting assumptions; not a company-announced project"
CAND-78AFB726B7A88B,POSCO_KR,POSCO,P4,균형형 전환,PORT-58026D3E7D92,DISCLOSED_PATH,5,2028,2036,0.0,0.0,0.967914,0.032086,0.5,0.45,0.5,0.4,0.02,530.306253,POS-GWY-E:H2_DRI_EAF:2036|POS-GWY-EAF:EAF_RENEWABLE:2032|POS-GWY-W:H2_DRI_EAF:2034|POS-POH-N:H2_DRI_EAF:2028|POS-POH-S:H2_DRI_EAF:2031,model_generated_candidate,"Generated from disclosed-path facility calendar, technology set and template contracting assumptions; not a company-announced project"
CAND-78E6429AC7E94B,POSCO_KR,POSCO,P4,균형형 전환,PORT-E5B2C8C93808,DISCLOSED_PATH,5,2028,2036,0.473262,0.0,0.494652,0.032086,0.5,0.45,0.5,0.4,0.02,333.930774,POS-GWY-E:BF_RELINE:2036|POS-GWY-EAF:EAF_RENEWABLE:2032|POS-GWY-W:H2_DRI_EAF:2034|POS-POH-N:H2_DRI_EAF:2028|POS-POH-S:BF_RELINE:2031,model_generated_candidate,"Generated from disclosed-path facility calendar, technology set and template contracting assumptions; not a company-announced project"
CAND-792D113D5F79C5,POSCO_KR,POSCO,P1,지연·현물조달,PORT-33B2B6D2E85D,DISCLOSED_PATH,5,2029,2037,0.0,0.0,0.967914,0.032086,0.0,0.0,0.1,0.0,0.0,467.254222,POS-GWY-E:H2_DRI_EAF:2037|POS-GWY-EAF:EAF_RENEWABLE:2033|POS-GWY-W:H2_DRI_EAF:2035|POS-POH-N:H2_DRI_EAF:2029|POS-POH-S:H2_DRI_EAF:2032,model_generated_candidate,"Generated from disclosed-path facility calendar, technology set and template contracting assumptions; not a company-announced project"
CAND-7B31F93CD51072,POSCO_KR,POSCO,P2,지연·부분헤지,PORT-9D42DCC7C1C0,DISCLOSED_PATH,5,2029,2037,0.275401,0.197861,0.494652,0.032086,0.15,0.1,0.2,0.1,0.01,355.054231,POS-GWY-E:H2_DRI_EAF:2037|POS-GWY-EAF:EAF_RENEWABLE:2033|POS-GWY-W:BF_RELINE:2035|POS-POH-N:H2_DRI_EAF:2029|POS-POH-S:SCRAP_EAF:2032,model_generated_candidate,"Generated from disclosed-path facility calendar, technology set and template contracting assumptions; not a company-announced project"
CAND-7BC738434560A6,POSCO_KR,POSCO,P1,지연·현물조달,PORT-7ED23B40E316,DISCLOSED_PATH,5,2029,2037,0.0,0.692513,0.275401,0.032086,0.0,0.0,0.1,0.0,0.0,414.904229,POS-GWY-E:H2_DRI_EAF:2037|POS-GWY-EAF:EAF_RENEWABLE:2033|POS-GWY-W:SCRAP_EAF:2035|POS-POH-N:SCRAP_EAF:2029|POS-POH-S:SCRAP_EAF:2032,model_generated_candidate,"Generated from disclosed-path facility calendar, technology set and template contracting assumptions; not a company-announced project"
CAND-7C8A83E5E3D601,POSCO_KR,POSCO,P2,지연·부분헤지,PORT-A362C9C2347F,DISCLOSED_PATH,5,2029,2037,0.219251,0.197861,0.550802,0.032086,0.15,0.1,0.2,0.1,0.01,296.914266,POS-GWY-E:H2_DRI_EAF:2037|POS-GWY-EAF:EAF_RENEWABLE:2033|POS-GWY-W:H2_DRI_EAF:2035|POS-POH-N:BF_RELINE:2029|POS-POH-S:SCRAP_EAF:2032,model_generated_candidate,"Generated from disclosed-path facility calendar, technology set and template contracting assumptions; not a company-announced project"
CAND-7D117A922A194C,POSCO_KR,POSCO,P5,조기 계약형 전환,PORT-66E75B54664A,DISCLOSED_PATH,5,2028,2036,0.0,0.219251,0.748663,0.032086,0.7,0.65,0.65,0.6,0.025,505.60626,POS-GWY-E:H2_DRI_EAF:2036|POS-GWY-EAF:EAF_RENEWABLE:2032|POS-GWY-W:H2_DRI_EAF:2034|POS-POH-N:SCRAP_EAF:2028|POS-POH-S:H2_DRI_EAF:2031,model_generated_candidate,"Generated from disclosed-path facility calendar, technology set and template contracting assumptions; not a company-announced project"
CAND-7D54A929A881B5,POSCO_KR,POSCO,P2,지연·부분헤지,PORT-34425DFA5633,DISCLOSED_PATH,5,2029,2037,0.197861,0.494652,0.275401,0.032086,0.15,0.1,0.2,0.1,0.01,330.911223,POS-GWY-E:SCRAP_EAF:2037|POS-GWY-EAF:EAF_RENEWABLE:2033|POS-GWY-W:H2_DRI_EAF:2035|POS-POH-N:SCRAP_EAF:2029|POS-POH-S:BF_RELINE:2032,model_generated_candidate,"Generated from disclosed-path facility calendar, technology set and template contracting assumptions; not a company-announced project"
CAND-82137032DA556B,POSCO_KR,POSCO,P3,균형형 라이트헤지,PORT-560F313069EA,DISCLOSED_PATH,5,2029,2037,0.0,0.473262,0.494652,0.032086,0.3,0.25,0.35,0.25,0.015,442.451224,POS-GWY-E:SCRAP_EAF:2037|POS-GWY-EAF:EAF_RENEWABLE:2033|POS-GWY-W:H2_DRI_EAF:2035|POS-POH-N:H2_DRI_EAF:2029|POS-POH-S:SCRAP_EAF:2032,model_generated_candidate,"Generated from disclosed-path facility calendar, technology set and template contracting assumptions; not a company-announced project"
CAND-82FF2AA13BA34C,POSCO_KR,POSCO,P2,지연·부분헤지,PORT-8826D0B469EE,DISCLOSED_PATH,5,2029,2037,0.0,0.417112,0.550802,0.032086,0.15,0.1,0.2,0.1,0.01,429.154227,POS-GWY-E:H2_DRI_EAF:2037|POS-GWY-EAF:EAF_RENEWABLE:2033|POS-GWY-W:H2_DRI_EAF:2035|POS-POH-N:SCRAP_EAF:2029|POS-POH-S:SCRAP_EAF:2032,model_generated_candidate,"Generated from disclosed-path facility calendar, technology set and template contracting assumptions; not a company-announced project"
CAND-83ED3699C29971,POSCO_KR,POSCO,P1,지연·현물조달,PORT-B12C0B3A9BF6,DISCLOSED_PATH,5,2029,2037,0.473262,0.0,0.494652,0.032086,0.0,0.0,0.1,0.0,0.0,266.314223,POS-GWY-E:H2_DRI_EAF:2037|POS-GWY-EAF:EAF_RENEWABLE:2033|POS-GWY-W:BF_RELINE:2035|POS-POH-N:H2_DRI_EAF:2029|POS-POH-S:BF_RELINE:2032,model_generated_candidate,"Generated from disclosed-path facility calendar, technology set and template contracting assumptions; not a company-announced project"
CAND-8500444D836C3B,POSCO_KR,POSCO,P3,균형형 라이트헤지,PORT-A362C9C2347F,DISCLOSED_PATH,5,2029,2037,0.219251,0.197861,0.550802,0.032086,0.3,0.25,0.35,0.25,0.015,296.914266,POS-GWY-E:H2_DRI_EAF:2037|POS-GWY-EAF:EAF_RENEWABLE:2033|POS-GWY-W:H2_DRI_EAF:2035|POS-POH-N:BF_RELINE:2029|POS-POH-S:SCRAP_EAF:2032,model_generated_candidate,"Generated from disclosed-path facility calendar, technology set and template contracting assumptions; not a company-announced project"
CAND-85CCFBCC423AC6,POSCO_KR,POSCO,P1,지연·현물조달,PORT-CD2F629A3E6E,DISCLOSED_PATH,5,2029,2037,0.275401,0.473262,0.219251,0.032086,0.0,0.0,0.1,0.0,0.0,345.551235,POS-GWY-E:SCRAP_EAF:2037|POS-GWY-EAF:EAF_RENEWABLE:2033|POS-GWY-W:BF_RELINE:2035|POS-POH-N:H2_DRI_EAF:2029|POS-POH-S:SCRAP_EAF:2032,model_generated_candidate,"Generated from disclosed-path facility calendar, technology set and template contracting assumptions; not a company-announced project"
CAND-85F3946F134CF3,POSCO_KR,POSCO,P2,지연·부분헤지,PORT-83A899345F31,DISCLOSED_PATH,5,2029,2037,0.494652,0.0,0.473262,0.032086,0.15,0.1,0.2,0.1,0.01,215.314277,POS-GWY-E:H2_DRI_EAF:2037|POS-GWY-EAF:EAF_RENEWABLE:2033|POS-GWY-W:BF_RELINE:2035|POS-POH-N:BF_RELINE:2029|POS-POH-S:H2_DRI_EAF:2032,model_generated_candidate,"Generated from disclosed-path facility calendar, technology set and template contracting assumptions; not a company-announced project"
CAND-86531E25156197,POSCO_KR,POSCO,P1,지연·현물조달,PORT-F7156CC53AF8,DISCLOSED_PATH,5,2029,2037,0.197861,0.275401,0.494652,0.032086,0.0,0.0,0.1,0.0,0.0,353.711217,POS-GWY-E:SCRAP_EAF:2037|POS-GWY-EAF:EAF_RENEWABLE:2033|POS-GWY-W:H2_DRI_EAF:2035|POS-POH-N:H2_DRI_EAF:2029|POS-POH-S:BF_RELINE:2032,model_generated_candidate,"Generated from disclosed-path facility calendar, technology set and template contracting assumptions; not a company-announced project"
CAND-87C97266879F75,POSCO_KR,POSCO,P1,지연·현물조달,PORT-AD0B41B0F73F,DISCLOSED_PATH,5,2029,2037,0.417112,0.0,0.550802,0.032086,0.0,0.0,0.1,0.0,0.0,208.174258,POS-GWY-E:H2_DRI_EAF:2037|POS-GWY-EAF:EAF_RENEWABLE:2033|POS-GWY-W:H2_DRI_EAF:2035|POS-POH-N:BF_RELINE:2029|POS-POH-S:BF_RELINE:2032,model_generated_candidate,"Generated from disclosed-path facility calendar, technology set and template contracting assumptions; not a company-announced project"
CAND-88EF081DB56A53,POSCO_KR,POSCO,P3,균형형 라이트헤지,PORT-15CB4F8207C5,DISCLOSED_PATH,5,2029,2037,0.219251,0.0,0.748663,0.032086,0.3,0.25,0.35,0.25,0.015,312.214267,POS-GWY-E:H2_DRI_EAF:2037|POS-GWY-EAF:EAF_RENEWABLE:2033|POS-GWY-W:H2_DRI_EAF:2035|POS-POH-N:BF_RELINE:2029|POS-POH-S:H2_DRI_EAF:2032,model_generated_candidate,"Generated from disclosed-path facility calendar, technology set and template contracting assumptions; not a company-announced project"
CAND-89035CDCA8B1B8,POSCO_KR,POSCO,P1,지연·현물조달,PORT-582BD7A8624A,DISCLOSED_PATH,5,2029,2037,0.692513,0.0,0.275401,0.032086,0.0,0.0,0.1,0.0,0.0,143.553883,POS-GWY-E:BF_RELINE:2037|POS-GWY-EAF:EAF_RENEWABLE:2033|POS-GWY-W:H2_DRI_EAF:2035|POS-POH-N:BF_RELINE:2029|POS-POH-S:BF_RELINE:2032,model_generated_candidate,"Generated from disclosed-path facility calendar, technology set and template contracting assumptions; not a company-announced project"
CAND-8C5643F3C49FCD,POSCO_KR,POSCO,P1,지연·현물조달,PORT-76FA0E81D10C,DISCLOSED_PATH,5,2029,2037,0.0,0.197861,0.770053,0.032086,0.0,0.0,0.1,0.0,0.0,451.954221,POS-GWY-E:H2_DRI_EAF:2037|POS-GWY-EAF:EAF_RENEWABLE:2033|POS-GWY-W:H2_DRI_EAF:2035|POS-POH-N:H2_DRI_EAF:2029|POS-POH-S:SCRAP_EAF:2032,model_generated_candidate,"Generated from disclosed-path facility calendar, technology set and template contracting assumptions; not a company-announced project"
CAND-8F4A05F7777C25,POSCO_KR,POSCO,P2,지연·부분헤지,PORT-4EF0EAC87C10,DISCLOSED_PATH,5,2029,2037,0.275401,0.0,0.692513,0.032086,0.15,0.1,0.2,0.1,0.01,370.354232,POS-GWY-E:H2_DRI_EAF:2037|POS-GWY-EAF:EAF_RENEWABLE:2033|POS-GWY-W:BF_RELINE:2035|POS-POH-N:H2_DRI_EAF:2029|POS-POH-S:H2_DRI_EAF:2032,model_generated_candidate,"Generated from disclosed-path facility calendar, technology set and template contracting assumptions; not a company-announced project"
CAND-8F7D749DB935D5,POSCO_KR,POSCO,P1,지연·현물조달,PORT-6B1E9B74730C,DISCLOSED_PATH,5,2029,2037,0.0,0.275401,0.692513,0.032086,0.0,0.0,0.1,0.0,0.0,457.751226,POS-GWY-E:SCRAP_EAF:2037|POS-GWY-EAF:EAF_RENEWABLE:2033|POS-GWY-W:H2_DRI_EAF:2035|POS-POH-N:H2_DRI_EAF:2029|POS-POH-S:H2_DRI_EAF:2032,model_generated_candidate,"Generated from disclosed-path facility calendar, technology set and template contracting assumptions; not a company-announced project"
CAND-90EDE709002A4D,POSCO_KR,POSCO,P1,지연·현물조달,PORT-A362C9C2347F,DISCLOSED_PATH,5,2029,2037,0.219251,0.197861,0.550802,0.032086,0.0,0.0,0.1,0.0,0.0,296.914266,POS-GWY-E:H2_DRI_EAF:2037|POS-GWY-EAF:EAF_RENEWABLE:2033|POS-GWY-W:H2_DRI_EAF:2035|POS-POH-N:BF_RELINE:2029|POS-POH-S:SCRAP_EAF:2032,model_generated_candidate,"Generated from disclosed-path facility calendar, technology set and template contracting assumptions; not a company-announced project"
CAND-914376A043BEEB,POSCO_KR,POSCO,P4,균형형 전환,PORT-CE86444A20D7,DISCLOSED_PATH,5,2028,2036,0.0,0.275401,0.692513,0.032086,0.5,0.45,0.5,0.4,0.02,513.681255,POS-GWY-E:H2_DRI_EAF:2036|POS-GWY-EAF:EAF_RENEWABLE:2032|POS-GWY-W:SCRAP_EAF:2034|POS-POH-N:H2_DRI_EAF:2028|POS-POH-S:H2_DRI_EAF:2031,model_generated_candidate,"Generated from disclosed-path facility calendar, technology set and template contracting assumptions; not a company-announced project"
CAND-916F45330732D4,POSCO_KR,POSCO,P2,지연·부분헤지,PORT-2E6F921B196A,DISCLOSED_PATH,5,2029,2037,0.275401,0.219251,0.473262,0.032086,0.15,0.1,0.2,0.1,0.01,347.554239,POS-GWY-E:H2_DRI_EAF:2037|POS-GWY-EAF:EAF_RENEWABLE:2033|POS-GWY-W:BF_RELINE:2035|POS-POH-N:SCRAP_EAF:2029|POS-POH-S:H2_DRI_EAF:2032,model_generated_candidate,"Generated from disclosed-path facility calendar, technology set and template contracting assumptions; not a company-announced project"
CAND-921D50D4015721,POSCO_KR,POSCO,P3,균형형 라이트헤지,PORT-96133A6427FE,DISCLOSED_PATH,5,2029,2037,0.0,0.494652,0.473262,0.032086,0.3,0.25,0.35,0.25,0.015,430.20423,POS-GWY-E:H2_DRI_EAF:2037|POS-GWY-EAF:EAF_RENEWABLE:2033|POS-GWY-W:SCRAP_EAF:2035|POS-POH-N:SCRAP_EAF:2029|POS-POH-S:H2_DRI_EAF:2032,model_generated_candidate,"Generated from disclosed-path facility calendar, technology set and template contracting assumptions; not a company-announced project"
CAND-92409F72DEE5B3,POSCO_KR,POSCO,P1,지연·현물조달,PORT-58F96F629E32,DISCLOSED_PATH,5,2029,2037,0.473262,0.219251,0.275401,0.032086,0.0,0.0,0.1,0.0,0.0,243.51423,POS-GWY-E:H2_DRI_EAF:2037|POS-GWY-EAF:EAF_RENEWABLE:2033|POS-GWY-W:BF_RELINE:2035|POS-POH-N:SCRAP_EAF:2029|POS-POH-S:BF_RELINE:2032,model_generated_candidate,"Generated from disclosed-path facility calendar, technology set and template contracting assumptions; not a company-announced project"
CAND-9863577C4A48D7,POSCO_KR,POSCO,P2,지연·부분헤지,PORT-CEF57596D771,DISCLOSED_PATH,5,2029,2037,0.275401,0.417112,0.275401,0.032086,0.15,0.1,0.2,0.1,0.01,332.254237,POS-GWY-E:H2_DRI_EAF:2037|POS-GWY-EAF:EAF_RENEWABLE:2033|POS-GWY-W:BF_RELINE:2035|POS-POH-N:SCRAP_EAF:2029|POS-POH-S:SCRAP_EAF:2032,model_generated_candidate,"Generated from disclosed-path facility calendar, technology set and template contracting assumptions; not a company-announced project"
CAND-98E8D5EC0E3C50,POSCO_KR,POSCO,P1,지연·현물조달,PORT-996B6D7E1DE9,DISCLOSED_PATH,5,2029,2037,0.494652,0.473262,0.0,0.032086,0.0,0.0,0.1,0.0,0.0,218.043892,POS-GWY-E:BF_RELINE:2037|POS-GWY-EAF:EAF_RENEWABLE:2033|POS-GWY-W:SCRAP_EAF:2035|POS-POH-N:BF_RELINE:2029|POS-POH-S:SCRAP_EAF:2032,model_generated_candidate,"Generated from disclosed-path facility calendar, technology set and template contracting assumptions; not a company-announced project"
CAND-99F4F9A34CAEE6,POSCO_KR,POSCO,P1,지연·현물조달,PORT-8378A8ACBA64,DISCLOSED_PATH,5,2029,2037,0.473262,0.219251,0.275401,0.032086,0.0,0.0,0.1,0.0,0.0,275.793845,POS-GWY-E:BF_RELINE:2037|POS-GWY-EAF:EAF_RENEWABLE:2033|POS-GWY-W:H2_DRI_EAF:2035|POS-POH-N:SCRAP_EAF:2029|POS-POH-S:BF_RELINE:2032,model_generated_candidate,"Generated from disclosed-path facility calendar, technology set and template contracting assumptions; not a company-announced project"
CAND-9B48DBA6EAEDA0,POSCO_KR,POSCO,P2,지연·부분헤지,PORT-B12C0B3A9BF6,DISCLOSED_PATH,5,2029,2037,0.473262,0.0,0.494652,0.032086,0.15,0.1,0.2,0.1,0.01,266.314223,POS-GWY-E:H2_DRI_EAF:2037|POS-GWY-EAF:EAF_RENEWABLE:2033|POS-GWY-W:BF_RELINE:2035|POS-POH-N:H2_DRI_EAF:2029|POS-POH-S:BF_RELINE:2032,model_generated_candidate,"Generated from disclosed-path facility calendar, technology set and template contracting assumptions; not a company-announced project"
CAND-9BEB6D3152CE89,POSCO_KR,POSCO,P3,균형형 라이트헤지,PORT-2E6F921B196A,DISCLOSED_PATH,5,2029,2037,0.275401,0.219251,0.473262,0.032086,0.3,0.25,0.35,0.25,0.015,347.554239,POS-GWY-E:H2_DRI_EAF:2037|POS-GWY-EAF:EAF_RENEWABLE:2033|POS-GWY-W:BF_RELINE:2035|POS-POH-N:SCRAP_EAF:2029|POS-POH-S:H2_DRI_EAF:2032,model_generated_candidate,"Generated from disclosed-path facility calendar, technology set and template contracting assumptions; not a company-announced project"
CAND-9BED272538D02C,POSCO_KR,POSCO,P1,지연·현물조달,PORT-4EF0EAC87C10,DISCLOSED_PATH,5,2029,2037,0.275401,0.0,0.692513,0.032086,0.0,0.0,0.1,0.0,0.0,370.354232,POS-GWY-E:H2_DRI_EAF:2037|POS-GWY-EAF:EAF_RENEWABLE:2033|POS-GWY-W:BF_RELINE:2035|POS-POH-N:H2_DRI_EAF:2029|POS-POH-S:H2_DRI_EAF:2032,model_generated_candidate,"Generated from disclosed-path facility calendar, technology set and template contracting assumptions; not a company-announced project"
CAND-9C99C87FEE92BF,POSCO_KR,POSCO,P2,지연·부분헤지,PORT-2E4122B1D61A,DISCLOSED_PATH,5,2029,2037,0.550802,0.0,0.417112,0.032086,0.15,0.1,0.2,0.1,0.01,305.733857,POS-GWY-E:BF_RELINE:2037|POS-GWY-EAF:EAF_RENEWABLE:2033|POS-GWY-W:BF_RELINE:2035|POS-POH-N:H2_DRI_EAF:2029|POS-POH-S:H2_DRI_EAF:2032,model_generated_candidate,"Generated from disclosed-path facility calendar, technology set and template contracting assumptions; not a company-announced project"
CAND-9DAADB965AABF6,POSCO_KR,POSCO,P2,지연·부분헤지,PORT-2038E8D6C481,DISCLOSED_PATH,5,2029,2037,0.0,0.748663,0.219251,0.032086,0.15,0.1,0.2,0.1,0.01,428.201226,POS-GWY-E:SCRAP_EAF:2037|POS-GWY-EAF:EAF_RENEWABLE:2033|POS-GWY-W:SCRAP_EAF:2035|POS-POH-N:H2_DRI_EAF:2029|POS-POH-S:SCRAP_EAF:2032,model_generated_candidate,"Generated from disclosed-path facility calendar, technology set and template contracting assumptions; not a company-announced project"
CAND-9F98CFC8518527,POSCO_KR,POSCO,P2,지연·부분헤지,PORT-13C60822C05B,DISCLOSED_PATH,5,2029,2037,0.0,0.473262,0.494652,0.032086,0.15,0.1,0.2,0.1,0.01,437.704222,POS-GWY-E:H2_DRI_EAF:2037|POS-GWY-EAF:EAF_RENEWABLE:2033|POS-GWY-W:SCRAP_EAF:2035|POS-POH-N:H2_DRI_EAF:2029|POS-POH-S:SCRAP_EAF:2032,model_generated_candidate,"Generated from disclosed-path facility calendar, technology set and template contracting assumptions; not a company-announced project"
CAND-A15B0F01B5DA8C,POSCO_KR,POSCO,P1,지연·현물조달,PORT-0D4A544AE375,DISCLOSED_PATH,5,2029,2037,0.219251,0.748663,0.0,0.032086,0.0,0.0,0.1,0.0,0.0,273.161271,POS-GWY-E:SCRAP_EAF:2037|POS-GWY-EAF:EAF_RENEWABLE:2033|POS-GWY-W:SCRAP_EAF:2035|POS-POH-N:BF_RELINE:2029|POS-POH-S:SCRAP_EAF:2032,model_generated_candidate,"Generated from disclosed-path facility calendar, technology set and template contracting assumptions; not a company-announced project"
CAND-A1C7828D41E114,POSCO_KR,POSCO,P4,균형형 전환,PORT-05FAA05BFDD3,DISCLOSED_PATH,5,2028,2036,0.275401,0.197861,0.494652,0.032086,0.5,0.45,0.5,0.4,0.02,432.530783,POS-GWY-E:BF_RELINE:2036|POS-GWY-EAF:EAF_RENEWABLE:2032|POS-GWY-W:H2_DRI_EAF:2034|POS-POH-N:H2_DRI_EAF:2028|POS-POH-S:SCRAP_EAF:2031,model_generated_candidate,"Generated from disclosed-path facility calendar, technology set and template contracting assumptions; not a company-announced project"
CAND-A36B688F4C8F7D,POSCO_KR,POSCO,P2,지연·부분헤지,PORT-F9D381E1D5CF,DISCLOSED_PATH,5,2029,2037,0.494652,0.275401,0.197861,0.032086,0.15,0.1,0.2,0.1,0.01,233.343894,POS-GWY-E:BF_RELINE:2037|POS-GWY-EAF:EAF_RENEWABLE:2033|POS-GWY-W:SCRAP_EAF:2035|POS-POH-N:BF_RELINE:2029|POS-POH-S:H2_DRI_EAF:2032,model_generated_candidate,"Generated from disclosed-path facility calendar, technology set and template contracting assumptions; not a company-announced project"
CAND-A45D581D319D09,POSCO_KR,POSCO,P1,지연·현물조달,PORT-D0DAEC56F25D,DISCLOSED_PATH,5,2029,2037,0.219251,0.550802,0.197861,0.032086,0.0,0.0,0.1,0.0,0.0,288.461272,POS-GWY-E:SCRAP_EAF:2037|POS-GWY-EAF:EAF_RENEWABLE:2033|POS-GWY-W:SCRAP_EAF:2035|POS-POH-N:BF_RELINE:2029|POS-POH-S:H2_DRI_EAF:2032,model_generated_candidate,"Generated from disclosed-path facility calendar, technology set and template contracting assumptions; not a company-announced project"
CAND-A4622F23133C58,POSCO_KR,POSCO,P3,균형형 라이트헤지,PORT-B12C0B3A9BF6,DISCLOSED_PATH,5,2029,2037,0.473262,0.0,0.494652,0.032086,0.3,0.25,0.35,0.25,0.015,266.314223,POS-GWY-E:H2_DRI_EAF:2037|POS-GWY-EAF:EAF_RENEWABLE:2033|POS-GWY-W:BF_RELINE:2035|POS-POH-N:H2_DRI_EAF:2029|POS-POH-S:BF_RELINE:2032,model_generated_candidate,"Generated from disclosed-path facility calendar, technology set and template contracting assumptions; not a company-announced project"
CAND-A6713428AA1463,POSCO_KR,POSCO,P1,지연·현물조달,PORT-077F7C54FB04,DISCLOSED_PATH,5,2029,2037,0.0,0.219251,0.748663,0.032086,0.0,0.0,0.1,0.0,0.0,444.454229,POS-GWY-E:H2_DRI_EAF:2037|POS-GWY-EAF:EAF_RENEWABLE:2033|POS-GWY-W:H2_DRI_EAF:2035|POS-POH-N:SCRAP_EAF:2029|POS-POH-S:H2_DRI_EAF:2032,model_generated_candidate,"Generated from disclosed-path facility calendar, technology set and template contracting assumptions; not a company-announced project"
CAND-A853E02DE26A10,POSCO_KR,POSCO,P1,지연·현물조달,PORT-531039DEA968,DISCLOSED_PATH,5,2029,2037,0.219251,0.275401,0.473262,0.032086,0.0,0.0,0.1,0.0,0.0,297.964268,POS-GWY-E:H2_DRI_EAF:2037|POS-GWY-EAF:EAF_RENEWABLE:2033|POS-GWY-W:SCRAP_EAF:2035|POS-POH-N:BF_RELINE:2029|POS-POH-S:H2_DRI_EAF:2032,model_generated_candidate,"Generated from disclosed-path facility calendar, technology set and template contracting assumptions; not a company-announced project"
CAND-A8CC673AA50AD2,POSCO_KR,POSCO,P2,지연·부분헤지,PORT-914DDED0291C,DISCLOSED_PATH,5,2029,2037,0.0,0.550802,0.417112,0.032086,0.15,0.1,0.2,0.1,0.01,443.501227,POS-GWY-E:SCRAP_EAF:2037|POS-GWY-EAF:EAF_RENEWABLE:2033|POS-GWY-W:SCRAP_EAF:2035|POS-POH-N:H2_DRI_EAF:2029|POS-POH-S:H2_DRI_EAF:2032,model_generated_candidate,"Generated from disclosed-path facility calendar, technology set and template contracting assumptions; not a company-announced project"
CAND-A8E004FB8423DE,POSCO_KR,POSCO,P2,지연·부분헤지,PORT-DD503298C431,DISCLOSED_PATH,5,2029,2037,0.275401,0.473262,0.219251,0.032086,0.15,0.1,0.2,0.1,0.01,373.083847,POS-GWY-E:BF_RELINE:2037|POS-GWY-EAF:EAF_RENEWABLE:2033|POS-GWY-W:SCRAP_EAF:2035|POS-POH-N:H2_DRI_EAF:2029|POS-POH-S:SCRAP_EAF:2032,model_generated_candidate,"Generated from disclosed-path facility calendar, technology set and template contracting assumptions; not a company-announced project"
CAND-ACA578EEE84E9A,POSCO_KR,POSCO,P1,지연·현물조달,PORT-E6131070E165,DISCLOSED_PATH,5,2029,2037,0.219251,0.275401,0.473262,0.032086,0.0,0.0,0.1,0.0,0.0,302.711271,POS-GWY-E:SCRAP_EAF:2037|POS-GWY-EAF:EAF_RENEWABLE:2033|POS-GWY-W:H2_DRI_EAF:2035|POS-POH-N:BF_RELINE:2029|POS-POH-S:H2_DRI_EAF:2032,model_generated_candidate,"Generated from disclosed-path facility calendar, technology set and template contracting assumptions; not a company-announced project"
CAND-B0648BA410E4CF,POSCO_KR,POSCO,P1,지연·현물조달,PORT-561630EF7FDF,DISCLOSED_PATH,5,2029,2037,0.197861,0.770053,0.0,0.032086,0.0,0.0,0.1,0.0,0.0,316.661225,POS-GWY-E:SCRAP_EAF:2037|POS-GWY-EAF:EAF_RENEWABLE:2033|POS-GWY-W:SCRAP_EAF:2035|POS-POH-N:SCRAP_EAF:2029|POS-POH-S:BF_RELINE:2032,model_generated_candidate,"Generated from disclosed-path facility calendar, technology set and template contracting assumptions; not a company-announced project"
CAND-B146287CA6941A,POSCO_KR,POSCO,P4,균형형 전환,PORT-A5B0D936D425,DISCLOSED_PATH,5,2028,2036,0.275401,0.0,0.692513,0.032086,0.5,0.45,0.5,0.4,0.02,417.256265,POS-GWY-E:H2_DRI_EAF:2036|POS-GWY-EAF:EAF_RENEWABLE:2032|POS-GWY-W:BF_RELINE:2034|POS-POH-N:H2_DRI_EAF:2028|POS-POH-S:H2_DRI_EAF:2031,model_generated_candidate,"Generated from disclosed-path facility calendar, technology set and template contracting assumptions; not a company-announced project"
CAND-B2EDDC06AAF874,POSCO_KR,POSCO,P5,조기 계약형 전환,PORT-A5B0D936D425,DISCLOSED_PATH,5,2028,2036,0.275401,0.0,0.692513,0.032086,0.7,0.65,0.65,0.6,0.025,417.256265,POS-GWY-E:H2_DRI_EAF:2036|POS-GWY-EAF:EAF_RENEWABLE:2032|POS-GWY-W:BF_RELINE:2034|POS-POH-N:H2_DRI_EAF:2028|POS-POH-S:H2_DRI_EAF:2031,model_generated_candidate,"Generated from disclosed-path facility calendar, technology set and template contracting assumptions; not a company-announced project"
CAND-B345087C8ADFC4,POSCO_KR,POSCO,P3,균형형 라이트헤지,PORT-D611F29113B4,DISCLOSED_PATH,5,2029,2037,0.197861,0.275401,0.494652,0.032086,0.3,0.25,0.35,0.25,0.015,348.964214,POS-GWY-E:H2_DRI_EAF:2037|POS-GWY-EAF:EAF_RENEWABLE:2033|POS-GWY-W:SCRAP_EAF:2035|POS-POH-N:H2_DRI_EAF:2029|POS-POH-S:BF_RELINE:2032,model_generated_candidate,"Generated from disclosed-path facility calendar, technology set and template contracting assumptions; not a company-announced project"
CAND-B4104B648B4ACE,POSCO_KR,POSCO,P1,지연·현물조달,PORT-D4A9EE612029,DISCLOSED_PATH,5,2029,2037,0.748663,0.219251,0.0,0.032086,0.0,0.0,0.1,0.0,0.0,178.893855,POS-GWY-E:BF_RELINE:2037|POS-GWY-EAF:EAF_RENEWABLE:2033|POS-GWY-W:BF_RELINE:2035|POS-POH-N:SCRAP_EAF:2029|POS-POH-S:BF_RELINE:2032,model_generated_candidate,"Generated from disclosed-path facility calendar, technology set and template contracting assumptions; not a company-announced project"
CAND-B5C2D2B0DC779E,POSCO_KR,POSCO,P1,지연·현물조달,PORT-26296F7EE75E,DISCLOSED_PATH,5,2029,2037,0.275401,0.219251,0.473262,0.032086,0.0,0.0,0.1,0.0,0.0,379.833854,POS-GWY-E:BF_RELINE:2037|POS-GWY-EAF:EAF_RENEWABLE:2033|POS-GWY-W:H2_DRI_EAF:2035|POS-POH-N:SCRAP_EAF:2029|POS-POH-S:H2_DRI_EAF:2032,model_generated_candidate,"Generated from disclosed-path facility calendar, technology set and template contracting assumptions; not a company-announced project"
CAND-B791C9607E5C3F,POSCO_KR,POSCO,P4,균형형 전환,PORT-C07B5FF15869,DISCLOSED_PATH,5,2028,2036,0.219251,0.0,0.748663,0.032086,0.5,0.45,0.5,0.4,0.02,362.346302,POS-GWY-E:H2_DRI_EAF:2036|POS-GWY-EAF:EAF_RENEWABLE:2032|POS-GWY-W:H2_DRI_EAF:2034|POS-POH-N:BF_RELINE:2028|POS-POH-S:H2_DRI_EAF:2031,model_generated_candidate,"Generated from disclosed-path facility calendar, technology set and template contracting assumptions; not a company-announced project"
CAND-B90A406E3BDA97,POSCO_KR,POSCO,P2,지연·부분헤지,PORT-D42DEB3BDB60,DISCLOSED_PATH,5,2029,2037,0.275401,0.417112,0.275401,0.032086,0.15,0.1,0.2,0.1,0.01,364.533852,POS-GWY-E:BF_RELINE:2037|POS-GWY-EAF:EAF_RENEWABLE:2033|POS-GWY-W:H2_DRI_EAF:2035|POS-POH-N:SCRAP_EAF:2029|POS-POH-S:SCRAP_EAF:2032,model_generated_candidate,"Generated from disclosed-path facility calendar, technology set and template contracting assumptions; not a company-announced project"
CAND-B9AA08137725E8,POSCO_KR,POSCO,P3,균형형 라이트헤지,PORT-9D42DCC7C1C0,DISCLOSED_PATH,5,2029,2037,0.275401,0.197861,0.494652,0.032086,0.3,0.25,0.35,0.25,0.015,355.054231,POS-GWY-E:H2_DRI_EAF:2037|POS-GWY-EAF:EAF_RENEWABLE:2033|POS-GWY-W:BF_RELINE:2035|POS-POH-N:H2_DRI_EAF:2029|POS-POH-S:SCRAP_EAF:2032,model_generated_candidate,"Generated from disclosed-path facility calendar, technology set and template contracting assumptions; not a company-announced project"
CAND-BBFDE735F87B40,POSCO_KR,POSCO,P1,지연·현물조달,PORT-7827D72F6A22,DISCLOSED_PATH,5,2029,2037,0.0,0.692513,0.275401,0.032086,0.0,0.0,0.1,0.0,0.0,419.651231,POS-GWY-E:SCRAP_EAF:2037|POS-GWY-EAF:EAF_RENEWABLE:2033|POS-GWY-W:H2_DRI_EAF:2035|POS-POH-N:SCRAP_EAF:2029|POS-POH-S:SCRAP_EAF:2032,model_generated_candidate,"Generated from disclosed-path facility calendar, technology set and template contracting assumptions; not a company-announced project"
CAND-BC621CB3478171,POSCO_KR,POSCO,P3,균형형 라이트헤지,PORT-33B2B6D2E85D,DISCLOSED_PATH,5,2029,2037,0.0,0.0,0.967914,0.032086,0.3,0.25,0.35,0.25,0.015,467.254222,POS-GWY-E:H2_DRI_EAF:2037|POS-GWY-EAF:EAF_RENEWABLE:2033|POS-GWY-W:H2_DRI_EAF:2035|POS-POH-N:H2_DRI_EAF:2029|POS-POH-S:H2_DRI_EAF:2032,model_generated_candidate,"Generated from disclosed-path facility calendar, technology set and template contracting assumptions; not a company-announced project"
CAND-BEF797E7835E02,POSCO_KR,POSCO,P2,지연·부분헤지,PORT-7827D72F6A22,DISCLOSED_PATH,5,2029,2037,0.0,0.692513,0.275401,0.032086,0.15,0.1,0.2,0.1,0.01,419.651231,POS-GWY-E:SCRAP_EAF:2037|POS-GWY-EAF:EAF_RENEWABLE:2033|POS-GWY-W:H2_DRI_EAF:2035|POS-POH-N:SCRAP_EAF:2029|POS-POH-S:SCRAP_EAF:2032,model_generated_candidate,"Generated from disclosed-path facility calendar, technology set and template contracting assumptions; not a company-announced project"
CAND-BFD90FA7155576,POSCO_KR,POSCO,P2,지연·부분헤지,PORT-BC271EDDCEA1,DISCLOSED_PATH,5,2029,2037,0.473262,0.275401,0.219251,0.032086,0.15,0.1,0.2,0.1,0.01,284.343839,POS-GWY-E:BF_RELINE:2037|POS-GWY-EAF:EAF_RENEWABLE:2033|POS-GWY-W:SCRAP_EAF:2035|POS-POH-N:H2_DRI_EAF:2029|POS-POH-S:BF_RELINE:2032,model_generated_candidate,"Generated from disclosed-path facility calendar, technology set and template contracting assumptions; not a company-announced project"
CAND-C1C1B450F58ADF,POSCO_KR,POSCO,P2,지연·부분헤지,PORT-D0DAEC56F25D,DISCLOSED_PATH,5,2029,2037,0.219251,0.550802,0.197861,0.032086,0.15,0.1,0.2,0.1,0.01,288.461272,POS-GWY-E:SCRAP_EAF:2037|POS-GWY-EAF:EAF_RENEWABLE:2033|POS-GWY-W:SCRAP_EAF:2035|POS-POH-N:BF_RELINE:2029|POS-POH-S:H2_DRI_EAF:2032,model_generated_candidate,"Generated from disclosed-path facility calendar, technology set and template contracting assumptions; not a company-announced project"
CAND-C33FE91CFE6911,POSCO_KR,POSCO,P1,지연·현물조달,PORT-E80F0DA86082,DISCLOSED_PATH,5,2029,2037,0.473262,0.0,0.494652,0.032086,0.0,0.0,0.1,0.0,0.0,298.593838,POS-GWY-E:BF_RELINE:2037|POS-GWY-EAF:EAF_RENEWABLE:2033|POS-GWY-W:H2_DRI_EAF:2035|POS-POH-N:H2_DRI_EAF:2029|POS-POH-S:BF_RELINE:2032,model_generated_candidate,"Generated from disclosed-path facility calendar, technology set and template contracting assumptions; not a company-announced project"
CAND-C5B0E1C7A7F11A,POSCO_KR,POSCO,P1,지연·현물조달,PORT-1CB3B12B9B60,DISCLOSED_PATH,5,2029,2037,0.0,0.275401,0.692513,0.032086,0.0,0.0,0.1,0.0,0.0,453.004224,POS-GWY-E:H2_DRI_EAF:2037|POS-GWY-EAF:EAF_RENEWABLE:2033|POS-GWY-W:SCRAP_EAF:2035|POS-POH-N:H2_DRI_EAF:2029|POS-POH-S:H2_DRI_EAF:2032,model_generated_candidate,"Generated from disclosed-path facility calendar, technology set and template contracting assumptions; not a company-announced project"
CAND-C5C95C9095B035,POSCO_KR,POSCO,P2,지연·부분헤지,PORT-0DA980ACBA29,DISCLOSED_PATH,5,2029,2037,0.275401,0.494652,0.197861,0.032086,0.15,0.1,0.2,0.1,0.01,365.583855,POS-GWY-E:BF_RELINE:2037|POS-GWY-EAF:EAF_RENEWABLE:2033|POS-GWY-W:SCRAP_EAF:2035|POS-POH-N:SCRAP_EAF:2029|POS-POH-S:H2_DRI_EAF:2032,model_generated_candidate,"Generated from disclosed-path facility calendar, technology set and template contracting assumptions; not a company-announced project"
CAND-C64BDCC5AC00A1,POSCO_KR,POSCO,P4,균형형 전환,PORT-55C806ADE1CE,DISCLOSED_PATH,5,2028,2036,0.0,0.197861,0.770053,0.032086,0.5,0.45,0.5,0.4,0.02,513.306251,POS-GWY-E:H2_DRI_EAF:2036|POS-GWY-EAF:EAF_RENEWABLE:2032|POS-GWY-W:H2_DRI_EAF:2034|POS-POH-N:H2_DRI_EAF:2028|POS-POH-S:SCRAP_EAF:2031,model_generated_candidate,"Generated from disclosed-path facility calendar, technology set and template contracting assumptions; not a company-announced project"
CAND-C8332513BB985B,POSCO_KR,POSCO,P2,지연·부분헤지,PORT-CA761749FFB1,DISCLOSED_PATH,5,2029,2037,0.219251,0.473262,0.275401,0.032086,0.15,0.1,0.2,0.1,0.01,287.411269,POS-GWY-E:SCRAP_EAF:2037|POS-GWY-EAF:EAF_RENEWABLE:2033|POS-GWY-W:H2_DRI_EAF:2035|POS-POH-N:BF_RELINE:2029|POS-POH-S:SCRAP_EAF:2032,model_generated_candidate,"Generated from disclosed-path facility calendar, technology set and template contracting assumptions; not a company-announced project"
CAND-C87A358483487F,POSCO_KR,POSCO,P5,조기 계약형 전환,PORT-0A659009CEAA,DISCLOSED_PATH,5,2028,2036,0.0,0.275401,0.692513,0.032086,0.7,0.65,0.65,0.6,0.025,518.427508,POS-GWY-E:SCRAP_EAF:2036|POS-GWY-EAF:EAF_RENEWABLE:2032|POS-GWY-W:H2_DRI_EAF:2034|POS-POH-N:H2_DRI_EAF:2028|POS-POH-S:H2_DRI_EAF:2031,model_generated_candidate,"Generated from disclosed-path facility calendar, technology set and template contracting assumptions; not a company-announced project"
CAND-C91F49A4372D16,POSCO_KR,POSCO,P3,균형형 라이트헤지,PORT-AD0B41B0F73F,DISCLOSED_PATH,5,2029,2037,0.417112,0.0,0.550802,0.032086,0.3,0.25,0.35,0.25,0.015,208.174258,POS-GWY-E:H2_DRI_EAF:2037|POS-GWY-EAF:EAF_RENEWABLE:2033|POS-GWY-W:H2_DRI_EAF:2035|POS-POH-N:BF_RELINE:2029|POS-POH-S:BF_RELINE:2032,model_generated_candidate,"Generated from disclosed-path facility calendar, technology set and template contracting assumptions; not a company-announced project"
CAND-C9724A8933A429,POSCO_KR,POSCO,P1,지연·현물조달,PORT-8826D0B469EE,DISCLOSED_PATH,5,2029,2037,0.0,0.417112,0.550802,0.032086,0.0,0.0,0.1,0.0,0.0,429.154227,POS-GWY-E:H2_DRI_EAF:2037|POS-GWY-EAF:EAF_RENEWABLE:2033|POS-GWY-W:H2_DRI_EAF:2035|POS-POH-N:SCRAP_EAF:2029|POS-POH-S:SCRAP_EAF:2032,model_generated_candidate,"Generated from disclosed-path facility calendar, technology set and template contracting assumptions; not a company-announced project"
CAND-C97B39B7D1F044,POSCO_KR,POSCO,P5,조기 계약형 전환,PORT-CE86444A20D7,DISCLOSED_PATH,5,2028,2036,0.0,0.275401,0.692513,0.032086,0.7,0.65,0.65,0.6,0.025,513.681255,POS-GWY-E:H2_DRI_EAF:2036|POS-GWY-EAF:EAF_RENEWABLE:2032|POS-GWY-W:SCRAP_EAF:2034|POS-POH-N:H2_DRI_EAF:2028|POS-POH-S:H2_DRI_EAF:2031,model_generated_candidate,"Generated from disclosed-path facility calendar, technology set and template contracting assumptions; not a company-announced project"
CAND-CD94A69F094896,POSCO_KR,POSCO,P2,지연·부분헤지,PORT-8378A8ACBA64,DISCLOSED_PATH,5,2029,2037,0.473262,0.219251,0.275401,0.032086,0.15,0.1,0.2,0.1,0.01,275.793845,POS-GWY-E:BF_RELINE:2037|POS-GWY-EAF:EAF_RENEWABLE:2033|POS-GWY-W:H2_DRI_EAF:2035|POS-POH-N:SCRAP_EAF:2029|POS-POH-S:BF_RELINE:2032,model_generated_candidate,"Generated from disclosed-path facility calendar, technology set and template contracting assumptions; not a company-announced project"
CAND-CFB41383097552,POSCO_KR,POSCO,P1,지연·현물조달,PORT-83A899345F31,DISCLOSED_PATH,5,2029,2037,0.494652,0.0,0.473262,0.032086,0.0,0.0,0.1,0.0,0.0,215.314277,POS-GWY-E:H2_DRI_EAF:2037|POS-GWY-EAF:EAF_RENEWABLE:2033|POS-GWY-W:BF_RELINE:2035|POS-POH-N:BF_RELINE:2029|POS-POH-S:H2_DRI_EAF:2032,model_generated_candidate,"Generated from disclosed-path facility calendar, technology set and template contracting assumptions; not a company-announced project"
CAND-D1485F524AADCE,POSCO_KR,POSCO,P1,지연·현물조달,PORT-0442454A7656,DISCLOSED_PATH,5,2029,2037,0.473262,0.275401,0.219251,0.032086,0.0,0.0,0.1,0.0,0.0,256.811227,POS-GWY-E:SCRAP_EAF:2037|POS-GWY-EAF:EAF_RENEWABLE:2033|POS-GWY-W:BF_RELINE:2035|POS-POH-N:H2_DRI_EAF:2029|POS-POH-S:BF_RELINE:2032,model_generated_candidate,"Generated from disclosed-path facility calendar, technology set and template contracting assumptions; not a company-announced project"
CAND-D2B7941001DB32,POSCO_KR,POSCO,P3,균형형 라이트헤지,PORT-6B1E9B74730C,DISCLOSED_PATH,5,2029,2037,0.0,0.275401,0.692513,0.032086,0.3,0.25,0.35,0.25,0.015,457.751226,POS-GWY-E:SCRAP_EAF:2037|POS-GWY-EAF:EAF_RENEWABLE:2033|POS-GWY-W:H2_DRI_EAF:2035|POS-POH-N:H2_DRI_EAF:2029|POS-POH-S:H2_DRI_EAF:2032,model_generated_candidate,"Generated from disclosed-path facility calendar, technology set and template contracting assumptions; not a company-announced project"
CAND-D474BBC66D4C3C,POSCO_KR,POSCO,P1,지연·현물조달,PORT-CEF57596D771,DISCLOSED_PATH,5,2029,2037,0.275401,0.417112,0.275401,0.032086,0.0,0.0,0.1,0.0,0.0,332.254237,POS-GWY-E:H2_DRI_EAF:2037|POS-GWY-EAF:EAF_RENEWABLE:2033|POS-GWY-W:BF_RELINE:2035|POS-POH-N:SCRAP_EAF:2029|POS-POH-S:SCRAP_EAF:2032,model_generated_candidate,"Generated from disclosed-path facility calendar, technology set and template contracting assumptions; not a company-announced project"
CAND-D67549EC3DAD21,POSCO_KR,POSCO,P1,지연·현물조달,PORT-9D42DCC7C1C0,DISCLOSED_PATH,5,2029,2037,0.275401,0.197861,0.494652,0.032086,0.0,0.0,0.1,0.0,0.0,355.054231,POS-GWY-E:H2_DRI_EAF:2037|POS-GWY-EAF:EAF_RENEWABLE:2033|POS-GWY-W:BF_RELINE:2035|POS-POH-N:H2_DRI_EAF:2029|POS-POH-S:SCRAP_EAF:2032,model_generated_candidate,"Generated from disclosed-path facility calendar, technology set and template contracting assumptions; not a company-announced project"
CAND-D69D7DFF336D6C,POSCO_KR,POSCO,P2,지연·부분헤지,PORT-E6131070E165,DISCLOSED_PATH,5,2029,2037,0.219251,0.275401,0.473262,0.032086,0.15,0.1,0.2,0.1,0.01,302.711271,POS-GWY-E:SCRAP_EAF:2037|POS-GWY-EAF:EAF_RENEWABLE:2033|POS-GWY-W:H2_DRI_EAF:2035|POS-POH-N:BF_RELINE:2029|POS-POH-S:H2_DRI_EAF:2032,model_generated_candidate,"Generated from disclosed-path facility calendar, technology set and template contracting assumptions; not a company-announced project"
CAND-D6DE27D2AACFF9,POSCO_KR,POSCO,P1,지연·현물조달,PORT-2E81D74D4102,DISCLOSED_PATH,5,2029,2037,0.197861,0.0,0.770053,0.032086,0.0,0.0,0.1,0.0,0.0,363.214213,POS-GWY-E:H2_DRI_EAF:2037|POS-GWY-EAF:EAF_RENEWABLE:2033|POS-GWY-W:H2_DRI_EAF:2035|POS-POH-N:H2_DRI_EAF:2029|POS-POH-S:BF_RELINE:2032,model_generated_candidate,"Generated from disclosed-path facility calendar, technology set and template contracting assumptions; not a company-announced project"
CAND-D74025CA23BAFB,POSCO_KR,POSCO,P2,지연·부분헤지,PORT-21F188D80A9F,DISCLOSED_PATH,5,2029,2037,0.275401,0.275401,0.417112,0.032086,0.15,0.1,0.2,0.1,0.01,360.851236,POS-GWY-E:SCRAP_EAF:2037|POS-GWY-EAF:EAF_RENEWABLE:2033|POS-GWY-W:BF_RELINE:2035|POS-POH-N:H2_DRI_EAF:2029|POS-POH-S:H2_DRI_EAF:2032,model_generated_candidate,"Generated from disclosed-path facility calendar, technology set and template contracting assumptions; not a company-announced project"
CAND-D7D86A6D194EE1,POSCO_KR,POSCO,P1,지연·현물조달,PORT-531165783112,DISCLOSED_PATH,5,2029,2037,0.967914,0.0,0.0,0.032086,0.0,0.0,0.1,0.0,0.0,46.653893,POS-GWY-E:BF_RELINE:2037|POS-GWY-EAF:EAF_RENEWABLE:2033|POS-GWY-W:BF_RELINE:2035|POS-POH-N:BF_RELINE:2029|POS-POH-S:BF_RELINE:2032,model_generated_candidate,"Generated from disclosed-path facility calendar, technology set and template contracting assumptions; not a company-announced project"
CAND-D7E236596BE226,POSCO_KR,POSCO,P4,균형형 전환,PORT-236900EEEBC1,DISCLOSED_PATH,5,2028,2036,0.275401,0.197861,0.494652,0.032086,0.5,0.45,0.5,0.4,0.02,400.256263,POS-GWY-E:H2_DRI_EAF:2036|POS-GWY-EAF:EAF_RENEWABLE:2032|POS-GWY-W:BF_RELINE:2034|POS-POH-N:H2_DRI_EAF:2028|POS-POH-S:SCRAP_EAF:2031,model_generated_candidate,"Generated from disclosed-path facility calendar, technology set and template contracting assumptions; not a company-announced project"
CAND-DA7B74C24222D6,POSCO_KR,POSCO,P2,지연·부분헤지,PORT-802EEF341C7A,DISCLOSED_PATH,5,2029,2037,0.197861,0.494652,0.275401,0.032086,0.15,0.1,0.2,0.1,0.01,326.164221,POS-GWY-E:H2_DRI_EAF:2037|POS-GWY-EAF:EAF_RENEWABLE:2033|POS-GWY-W:SCRAP_EAF:2035|POS-POH-N:SCRAP_EAF:2029|POS-POH-S:BF_RELINE:2032,model_generated_candidate,"Generated from disclosed-path facility calendar, technology set and template contracting assumptions; not a company-announced project"
CAND-DB38AF78A7E4E6,POSCO_KR,POSCO,P1,지연·현물조달,PORT-88B20AD20AAC,DISCLOSED_PATH,5,2029,2037,0.275401,0.0,0.692513,0.032086,0.0,0.0,0.1,0.0,0.0,402.633847,POS-GWY-E:BF_RELINE:2037|POS-GWY-EAF:EAF_RENEWABLE:2033|POS-GWY-W:H2_DRI_EAF:2035|POS-POH-N:H2_DRI_EAF:2029|POS-POH-S:H2_DRI_EAF:2032,model_generated_candidate,"Generated from disclosed-path facility calendar, technology set and template contracting assumptions; not a company-announced project"
CAND-DDC1E605504409,POSCO_KR,POSCO,P3,균형형 라이트헤지,PORT-077F7C54FB04,DISCLOSED_PATH,5,2029,2037,0.0,0.219251,0.748663,0.032086,0.3,0.25,0.35,0.25,0.015,444.454229,POS-GWY-E:H2_DRI_EAF:2037|POS-GWY-EAF:EAF_RENEWABLE:2033|POS-GWY-W:H2_DRI_EAF:2035|POS-POH-N:SCRAP_EAF:2029|POS-POH-S:H2_DRI_EAF:2032,model_generated_candidate,"Generated from disclosed-path facility calendar, technology set and template contracting assumptions; not a company-announced project"
CAND-DE7FE9241AB524,POSCO_KR,POSCO,P6,조기 고헤지,PORT-73B2FF1A66A0,DISCLOSED_PATH,5,2028,2035,0.0,0.0,0.967914,0.032086,0.9,0.85,0.85,0.8,0.035,579.10271,POS-GWY-E:H2_DRI_EAF:2035|POS-GWY-EAF:EAF_RENEWABLE:2031|POS-GWY-W:H2_DRI_EAF:2033|POS-POH-N:H2_DRI_EAF:2028|POS-POH-S:H2_DRI_EAF:2030,model_generated_candidate,"Generated from disclosed-path facility calendar, technology set and template contracting assumptions; not a company-announced project"
CAND-DE9309DF1A915F,POSCO_KR,POSCO,P1,지연·현물조달,PORT-4A149C9E09A6,DISCLOSED_PATH,5,2029,2037,0.770053,0.197861,0.0,0.032086,0.0,0.0,0.1,0.0,0.0,135.393901,POS-GWY-E:BF_RELINE:2037|POS-GWY-EAF:EAF_RENEWABLE:2033|POS-GWY-W:BF_RELINE:2035|POS-POH-N:BF_RELINE:2029|POS-POH-S:SCRAP_EAF:2032,model_generated_candidate,"Generated from disclosed-path facility calendar, technology set and template contracting assumptions; not a company-announced project"
CAND-E1C93EC68C3F78,POSCO_KR,POSCO,P3,균형형 라이트헤지,PORT-F7156CC53AF8,DISCLOSED_PATH,5,2029,2037,0.197861,0.275401,0.494652,0.032086,0.3,0.25,0.35,0.25,0.015,353.711217,POS-GWY-E:SCRAP_EAF:2037|POS-GWY-EAF:EAF_RENEWABLE:2033|POS-GWY-W:H2_DRI_EAF:2035|POS-POH-N:H2_DRI_EAF:2029|POS-POH-S:BF_RELINE:2032,model_generated_candidate,"Generated from disclosed-path facility calendar, technology set and template contracting assumptions; not a company-announced project"
CAND-E1E4062A820CB2,POSCO_KR,POSCO,P2,지연·부분헤지,PORT-CB1C741D93E4,DISCLOSED_PATH,5,2029,2037,0.494652,0.275401,0.197861,0.032086,0.15,0.1,0.2,0.1,0.01,205.811281,POS-GWY-E:SCRAP_EAF:2037|POS-GWY-EAF:EAF_RENEWABLE:2033|POS-GWY-W:BF_RELINE:2035|POS-POH-N:BF_RELINE:2029|POS-POH-S:H2_DRI_EAF:2032,model_generated_candidate,"Generated from disclosed-path facility calendar, technology set and template contracting assumptions; not a company-announced project"
CAND-E3D21E7EA7F4E3,POSCO_KR,POSCO,P2,지연·부분헤지,PORT-D611F29113B4,DISCLOSED_PATH,5,2029,2037,0.197861,0.275401,0.494652,0.032086,0.15,0.1,0.2,0.1,0.01,348.964214,POS-GWY-E:H2_DRI_EAF:2037|POS-GWY-EAF:EAF_RENEWABLE:2033|POS-GWY-W:SCRAP_EAF:2035|POS-POH-N:H2_DRI_EAF:2029|POS-POH-S:BF_RELINE:2032,model_generated_candidate,"Generated from disclosed-path facility calendar, technology set and template contracting assumptions; not a company-announced project"
CAND-E3FBD935777392,POSCO_KR,POSCO,P2,지연·부분헤지,PORT-077F7C54FB04,DISCLOSED_PATH,5,2029,2037,0.0,0.219251,0.748663,0.032086,0.15,0.1,0.2,0.1,0.01,444.454229,POS-GWY-E:H2_DRI_EAF:2037|POS-GWY-EAF:EAF_RENEWABLE:2033|POS-GWY-W:H2_DRI_EAF:2035|POS-POH-N:SCRAP_EAF:2029|POS-POH-S:H2_DRI_EAF:2032,model_generated_candidate,"Generated from disclosed-path facility calendar, technology set and template contracting assumptions; not a company-announced project"
CAND-E5548226AF9F6B,POSCO_KR,POSCO,P2,지연·부분헤지,PORT-39601EAF8865,DISCLOSED_PATH,5,2029,2037,0.417112,0.275401,0.275401,0.032086,0.15,0.1,0.2,0.1,0.01,193.924259,POS-GWY-E:H2_DRI_EAF:2037|POS-GWY-EAF:EAF_RENEWABLE:2033|POS-GWY-W:SCRAP_EAF:2035|POS-POH-N:BF_RELINE:2029|POS-POH-S:BF_RELINE:2032,model_generated_candidate,"Generated from disclosed-path facility calendar, technology set and template contracting assumptions; not a company-announced project"
CAND-E559018C830DAA,POSCO_KR,POSCO,P1,지연·현물조달,PORT-3F728D80E223,DISCLOSED_PATH,5,2029,2037,0.692513,0.275401,0.0,0.032086,0.0,0.0,0.1,0.0,0.0,101.771272,POS-GWY-E:SCRAP_EAF:2037|POS-GWY-EAF:EAF_RENEWABLE:2033|POS-GWY-W:BF_RELINE:2035|POS-POH-N:BF_RELINE:2029|POS-POH-S:BF_RELINE:2032,model_generated_candidate,"Generated from disclosed-path facility calendar, technology set and template contracting assumptions; not a company-announced project"
CAND-E67FF3DBC26B61,POSCO_KR,POSCO,P4,균형형 전환,PORT-C0D11BD0A05D,DISCLOSED_PATH,5,2028,2036,0.473262,0.0,0.494652,0.032086,0.5,0.45,0.5,0.4,0.02,301.656255,POS-GWY-E:H2_DRI_EAF:2036|POS-GWY-EAF:EAF_RENEWABLE:2032|POS-GWY-W:BF_RELINE:2034|POS-POH-N:H2_DRI_EAF:2028|POS-POH-S:BF_RELINE:2031,model_generated_candidate,"Generated from disclosed-path facility calendar, technology set and template contracting assumptions; not a company-announced project"
CAND-E80F9FC4F58DCF,POSCO_KR,POSCO,P2,지연·부분헤지,PORT-92AEBEABC7A8,DISCLOSED_PATH,5,2029,2037,0.494652,0.197861,0.275401,0.032086,0.15,0.1,0.2,0.1,0.01,232.293891,POS-GWY-E:BF_RELINE:2037|POS-GWY-EAF:EAF_RENEWABLE:2033|POS-GWY-W:H2_DRI_EAF:2035|POS-POH-N:BF_RELINE:2029|POS-POH-S:SCRAP_EAF:2032,model_generated_candidate,"Generated from disclosed-path facility calendar, technology set and template contracting assumptions; not a company-announced project"
CAND-EA994FAA1EB0A0,POSCO_KR,POSCO,P2,지연·부분헤지,PORT-C4223BE01DD1,DISCLOSED_PATH,5,2029,2037,0.692513,0.0,0.275401,0.032086,0.15,0.1,0.2,0.1,0.01,111.274268,POS-GWY-E:H2_DRI_EAF:2037|POS-GWY-EAF:EAF_RENEWABLE:2033|POS-GWY-W:BF_RELINE:2035|POS-POH-N:BF_RELINE:2029|POS-POH-S:BF_RELINE:2032,model_generated_candidate,"Generated from disclosed-path facility calendar, technology set and template contracting assumptions; not a company-announced project"
CAND-EAC5EE1AD3A200,POSCO_KR,POSCO,P2,지연·부분헤지,PORT-26296F7EE75E,DISCLOSED_PATH,5,2029,2037,0.275401,0.219251,0.473262,0.032086,0.15,0.1,0.2,0.1,0.01,379.833854,POS-GWY-E:BF_RELINE:2037|POS-GWY-EAF:EAF_RENEWABLE:2033|POS-GWY-W:H2_DRI_EAF:2035|POS-POH-N:SCRAP_EAF:2029|POS-POH-S:H2_DRI_EAF:2032,model_generated_candidate,"Generated from disclosed-path facility calendar, technology set and template contracting assumptions; not a company-announced project"
CAND-ED17B04E3C0E09,POSCO_KR,POSCO,P1,지연·현물조달,PORT-F9D381E1D5CF,DISCLOSED_PATH,5,2029,2037,0.494652,0.275401,0.197861,0.032086,0.0,0.0,0.1,0.0,0.0,233.343894,POS-GWY-E:BF_RELINE:2037|POS-GWY-EAF:EAF_RENEWABLE:2033|POS-GWY-W:SCRAP_EAF:2035|POS-POH-N:BF_RELINE:2029|POS-POH-S:H2_DRI_EAF:2032,model_generated_candidate,"Generated from disclosed-path facility calendar, technology set and template contracting assumptions; not a company-announced project"
CAND-EDE77722CE9CF9,POSCO_KR,POSCO,P1,지연·현물조달,PORT-5EADC2E7AC5E,DISCLOSED_PATH,5,2029,2037,0.550802,0.197861,0.219251,0.032086,0.0,0.0,0.1,0.0,0.0,290.433856,POS-GWY-E:BF_RELINE:2037|POS-GWY-EAF:EAF_RENEWABLE:2033|POS-GWY-W:BF_RELINE:2035|POS-POH-N:H2_DRI_EAF:2029|POS-POH-S:SCRAP_EAF:2032,model_generated_candidate,"Generated from disclosed-path facility calendar, technology set and template contracting assumptions; not a company-announced project"
CAND-EF1C9537729AFF,POSCO_KR,POSCO,P7,완전 수소·계약형,PORT-47C5D429DB2E,DISCLOSED_PATH,5,2028,2034,0.0,0.0,0.967914,0.032086,1.0,0.95,0.95,0.9,0.045,627.899166,POS-GWY-E:H2_DRI_EAF:2034|POS-GWY-EAF:EAF_RENEWABLE:2030|POS-GWY-W:H2_DRI_EAF:2032|POS-POH-N:H2_DRI_EAF:2028|POS-POH-S:H2_DRI_EAF:2029,model_generated_candidate,"Generated from disclosed-path facility calendar, technology set and template contracting assumptions; not a company-announced project"
CAND-EF8712CA11DF4A,POSCO_KR,POSCO,P3,균형형 라이트헤지,PORT-3D4DF75A91D4,DISCLOSED_PATH,5,2029,2037,0.494652,0.0,0.473262,0.032086,0.3,0.25,0.35,0.25,0.015,247.593892,POS-GWY-E:BF_RELINE:2037|POS-GWY-EAF:EAF_RENEWABLE:2033|POS-GWY-W:H2_DRI_EAF:2035|POS-POH-N:BF_RELINE:2029|POS-POH-S:H2_DRI_EAF:2032,model_generated_candidate,"Generated from disclosed-path facility calendar, technology set and template contracting assumptions; not a company-announced project"
CAND-EFE989E1EF6644,POSCO_KR,POSCO,P1,지연·현물조달,PORT-15CB4F8207C5,DISCLOSED_PATH,5,2029,2037,0.219251,0.0,0.748663,0.032086,0.0,0.0,0.1,0.0,0.0,312.214267,POS-GWY-E:H2_DRI_EAF:2037|POS-GWY-EAF:EAF_RENEWABLE:2033|POS-GWY-W:H2_DRI_EAF:2035|POS-POH-N:BF_RELINE:2029|POS-POH-S:H2_DRI_EAF:2032,model_generated_candidate,"Generated from disclosed-path facility calendar, technology set and template contracting assumptions; not a company-announced project"
CAND-F43ACAB6E7F085,POSCO_KR,POSCO,P1,지연·현물조달,PORT-4FCB78A64B21,DISCLOSED_PATH,5,2029,2037,0.219251,0.473262,0.275401,0.032086,0.0,0.0,0.1,0.0,0.0,282.664267,POS-GWY-E:H2_DRI_EAF:2037|POS-GWY-EAF:EAF_RENEWABLE:2033|POS-GWY-W:SCRAP_EAF:2035|POS-POH-N:BF_RELINE:2029|POS-POH-S:SCRAP_EAF:2032,model_generated_candidate,"Generated from disclosed-path facility calendar, technology set and template contracting assumptions; not a company-announced project"
CAND-F5B1EB66366312,POSCO_KR,POSCO,P2,지연·부분헤지,PORT-6B1E9B74730C,DISCLOSED_PATH,5,2029,2037,0.0,0.275401,0.692513,0.032086,0.15,0.1,0.2,0.1,0.01,457.751226,POS-GWY-E:SCRAP_EAF:2037|POS-GWY-EAF:EAF_RENEWABLE:2033|POS-GWY-W:H2_DRI_EAF:2035|POS-POH-N:H2_DRI_EAF:2029|POS-POH-S:H2_DRI_EAF:2032,model_generated_candidate,"Generated from disclosed-path facility calendar, technology set and template contracting assumptions; not a company-announced project"
CAND-F5CF3CBE63EF2D,POSCO_KR,POSCO,P1,지연·현물조달,PORT-A620DB8F058C,DISCLOSED_PATH,5,2029,2037,0.0,0.494652,0.473262,0.032086,0.0,0.0,0.1,0.0,0.0,434.951232,POS-GWY-E:SCRAP_EAF:2037|POS-GWY-EAF:EAF_RENEWABLE:2033|POS-GWY-W:H2_DRI_EAF:2035|POS-POH-N:SCRAP_EAF:2029|POS-POH-S:H2_DRI_EAF:2032,model_generated_candidate,"Generated from disclosed-path facility calendar, technology set and template contracting assumptions; not a company-announced project"
CAND-F7A9C6DDA351A4,POSCO_KR,POSCO,P1,지연·현물조달,PORT-3D4DF75A91D4,DISCLOSED_PATH,5,2029,2037,0.494652,0.0,0.473262,0.032086,0.0,0.0,0.1,0.0,0.0,247.593892,POS-GWY-E:BF_RELINE:2037|POS-GWY-EAF:EAF_RENEWABLE:2033|POS-GWY-W:H2_DRI_EAF:2035|POS-POH-N:BF_RELINE:2029|POS-POH-S:H2_DRI_EAF:2032,model_generated_candidate,"Generated from disclosed-path facility calendar, technology set and template contracting assumptions; not a company-announced project"
CAND-F7E323CFBAE2EF,POSCO_KR,POSCO,P5,조기 계약형 전환,PORT-55C806ADE1CE,DISCLOSED_PATH,5,2028,2036,0.0,0.197861,0.770053,0.032086,0.7,0.65,0.65,0.6,0.025,513.306251,POS-GWY-E:H2_DRI_EAF:2036|POS-GWY-EAF:EAF_RENEWABLE:2032|POS-GWY-W:H2_DRI_EAF:2034|POS-POH-N:H2_DRI_EAF:2028|POS-POH-S:SCRAP_EAF:2031,model_generated_candidate,"Generated from disclosed-path facility calendar, technology set and template contracting assumptions; not a company-announced project"
CAND-FA7B8394F05343,POSCO_KR,POSCO,P2,지연·부분헤지,PORT-33B2B6D2E85D,DISCLOSED_PATH,5,2029,2037,0.0,0.0,0.967914,0.032086,0.15,0.1,0.2,0.1,0.01,467.254222,POS-GWY-E:H2_DRI_EAF:2037|POS-GWY-EAF:EAF_RENEWABLE:2033|POS-GWY-W:H2_DRI_EAF:2035|POS-POH-N:H2_DRI_EAF:2029|POS-POH-S:H2_DRI_EAF:2032,model_generated_candidate,"Generated from disclosed-path facility calendar, technology set and template contracting assumptions; not a company-announced project"
CAND-FB38E29238A35A,POSCO_KR,POSCO,P4,균형형 전환,PORT-BF13F3843418,DISCLOSED_PATH,5,2028,2036,0.197861,0.219251,0.550802,0.032086,0.5,0.45,0.5,0.4,0.02,390.00625,POS-GWY-E:H2_DRI_EAF:2036|POS-GWY-EAF:EAF_RENEWABLE:2032|POS-GWY-W:H2_DRI_EAF:2034|POS-POH-N:SCRAP_EAF:2028|POS-POH-S:BF_RELINE:2031,model_generated_candidate,"Generated from disclosed-path facility calendar, technology set and template contracting assumptions; not a company-announced project"
CAND-FD711AF265BB17,POSCO_KR,POSCO,P2,지연·부분헤지,PORT-AD0B41B0F73F,DISCLOSED_PATH,5,2029,2037,0.417112,0.0,0.550802,0.032086,0.15,0.1,0.2,0.1,0.01,208.174258,POS-GWY-E:H2_DRI_EAF:2037|POS-GWY-EAF:EAF_RENEWABLE:2033|POS-GWY-W:H2_DRI_EAF:2035|POS-POH-N:BF_RELINE:2029|POS-POH-S:BF_RELINE:2032,model_generated_candidate,"Generated from disclosed-path facility calendar, technology set and template contracting assumptions; not a company-announced project"
CAND-FF148D6EFA33D4,POSCO_KR,POSCO,P4,균형형 전환,PORT-1319BCCBA344,DISCLOSED_PATH,5,2028,2036,0.275401,0.0,0.692513,0.032086,0.5,0.45,0.5,0.4,0.02,449.530784,POS-GWY-E:BF_RELINE:2036|POS-GWY-EAF:EAF_RENEWABLE:2032|POS-GWY-W:H2_DRI_EAF:2034|POS-POH-N:H2_DRI_EAF:2028|POS-POH-S:H2_DRI_EAF:2031,model_generated_candidate,"Generated from disclosed-path facility calendar, technology set and template contracting assumptions; not a company-announced project"
CAND-004C84C918F9F0,NIPPON_STEEL_JP,Nippon Steel,P2,지연·부분헤지,PORT-7DC6DDA55D96,DISCLOSED_PATH,5,2029,2038,0.437018,0.208226,0.354756,0.0,0.15,0.1,0.2,0.1,0.01,209.368973,NS-EAST:SCRAP_EAF:2034|NS-KANSAI:H2_DRI_EAF:2036|NS-KYUSHU:BF_RELINE:2029|NS-NAGOYA:BF_RELINE:2032|NS-SETOUCHI:H2_DRI_EAF:2038,model_generated_candidate,"Generated from disclosed-path facility calendar, technology set and template contracting assumptions; not a company-announced project"
CAND-005FE12044C08C,NIPPON_STEEL_JP,Nippon Steel,P2,지연·부분헤지,PORT-91584DA203D9,DISCLOSED_PATH,5,2029,2038,0.611825,0.179949,0.208226,0.0,0.15,0.1,0.2,0.1,0.01,223.148943,NS-EAST:H2_DRI_EAF:2034|NS-KANSAI:BF_RELINE:2036|NS-KYUSHU:BF_RELINE:2029|NS-NAGOYA:SCRAP_EAF:2032|NS-SETOUCHI:BF_RELINE:2038,model_generated_candidate,"Generated from disclosed-path facility calendar, technology set and template contracting assumptions; not a company-announced project"
CAND-0072E209CF0979,NIPPON_STEEL_JP,Nippon Steel,P3,균형형 라이트헤지,PORT-2D5B38A00FC3,DISCLOSED_PATH,5,2029,2038,0.372751,0.208226,0.419023,0.0,0.3,0.25,0.35,0.25,0.015,360.838973,NS-EAST:SCRAP_EAF:2034|NS-KANSAI:H2_DRI_EAF:2036|NS-KYUSHU:H2_DRI_EAF:2029|NS-NAGOYA:BF_RELINE:2032|NS-SETOUCHI:BF_RELINE:2038,model_generated_candidate,"Generated from disclosed-path facility calendar, technology set and template contracting assumptions; not a company-announced project"
CAND-009A19D2863AA5,NIPPON_STEEL_JP,Nippon Steel,P1,지연·현물조달,PORT-1411E33E415A,DISCLOSED_PATH,5,2029,2038,0.0,0.791774,0.208226,0.0,0.0,0.0,0.1,0.0,0.0,447.753948,NS-EAST:H2_DRI_EAF:2034|NS-KANSAI:SCRAP_EAF:2036|NS-KYUSHU:SCRAP_EAF:2029|NS-NAGOYA:SCRAP_EAF:2032|NS-SETOUCHI:SCRAP_EAF:2038,model_generated_candidate,"Generated from disclosed-path facility calendar, technology set and template contracting assumptions; not a company-announced project"
CAND-010C6570E9C0CB,NIPPON_STEEL_JP,Nippon Steel,P2,지연·부분헤지,PORT-AA677CCE073D,DISCLOSED_PATH,5,2029,2038,0.534704,0.0,0.465296,0.0,0.15,0.1,0.2,0.1,0.01,325.838969,NS-EAST:H2_DRI_EAF:2034|NS-KANSAI:BF_RELINE:2036|NS-KYUSHU:H2_DRI_EAF:2029|NS-NAGOYA:BF_RELINE:2032|NS-SETOUCHI:BF_RELINE:2038,model_generated_candidate,"Generated from disclosed-path facility calendar, technology set and template contracting assumptions; not a company-announced project"
CAND-019751624D6B83,NIPPON_STEEL_JP,Nippon Steel,P1,지연·현물조달,PORT-6A7794E0A685,DISCLOSED_PATH,5,2029,2038,0.192802,0.550129,0.257069,0.0,0.0,0.0,0.1,0.0,0.0,434.748946,NS-EAST:SCRAP_EAF:2034|NS-KANSAI:SCRAP_EAF:2036|NS-KYUSHU:H2_DRI_EAF:2029|NS-NAGOYA:SCRAP_EAF:2032|NS-SETOUCHI:BF_RELINE:2038,model_generated_candidate,"Generated from disclosed-path facility calendar, technology set and template contracting assumptions; not a company-announced project"
CAND-01DA862CD3F2DB,NIPPON_STEEL_JP,Nippon Steel,P1,지연·현물조달,PORT-0B5EB1BCB507,DISCLOSED_PATH,5,2029,2038,0.0,0.580977,0.419023,0.0,0.0,0.0,0.1,0.0,0.0,469.153947,NS-EAST:SCRAP_EAF:2034|NS-KANSAI:H2_DRI_EAF:2036|NS-KYUSHU:H2_DRI_EAF:2029|NS-NAGOYA:SCRAP_EAF:2032|NS-SETOUCHI:SCRAP_EAF:2038,model_generated_candidate,"Generated from disclosed-path facility calendar, technology set and template contracting assumptions; not a company-announced project"
CAND-01E162B32B2ECC,NIPPON_STEEL_JP,Nippon Steel,P1,지연·현물조달,PORT-5B10574DEFA3,DISCLOSED_PATH,5,2029,2038,0.401028,0.419023,0.179949,0.0,0.0,0.0,0.1,0.0,0.0,348.618932,NS-EAST:BF_RELINE:2034|NS-KANSAI:SCRAP_EAF:2036|NS-KYUSHU:SCRAP_EAF:2029|NS-NAGOYA:H2_DRI_EAF:2032|NS-SETOUCHI:BF_RELINE:2038,model_generated_candidate,"Generated from disclosed-path facility calendar, technology set and template contracting assumptions; not a company-announced project"
CAND-02256CEB115C76,NIPPON_STEEL_JP,Nippon Steel,P1,지연·현물조달,PORT-935DD1DF4D42,DISCLOSED_PATH,5,2029,2038,0.562982,0.437018,0.0,0.0,0.0,0.0,0.1,0.0,0.0,294.068932,NS-EAST:BF_RELINE:2034|NS-KANSAI:BF_RELINE:2036|NS-KYUSHU:SCRAP_EAF:2029|NS-NAGOYA:SCRAP_EAF:2032|NS-SETOUCHI:BF_RELINE:2038,model_generated_candidate,"Generated from disclosed-path facility calendar, technology set and template contracting assumptions; not a company-announced project"
CAND-02373467C77DA5,NIPPON_STEEL_JP,Nippon Steel,P3,균형형 라이트헤지,PORT-17AB13B46286,DISCLOSED_PATH,5,2029,2038,0.179949,0.37018,0.449871,0.0,0.3,0.25,0.35,0.25,0.015,385.968972,NS-EAST:SCRAP_EAF:2034|NS-KANSAI:SCRAP_EAF:2036|NS-KYUSHU:H2_DRI_EAF:2029|NS-NAGOYA:BF_RELINE:2032|NS-SETOUCHI:H2_DRI_EAF:2038,model_generated_candidate,"Generated from disclosed-path facility calendar, technology set and template contracting assumptions; not a company-announced project"
CAND-03000935E928CE,NIPPON_STEEL_JP,Nippon Steel,P4,균형형 전환,PORT-1180A2563183,DISCLOSED_PATH,5,2028,2037,0.208226,0.257069,0.534704,0.0,0.5,0.45,0.5,0.4,0.02,438.998928,NS-EAST:BF_RELINE:2033|NS-KANSAI:H2_DRI_EAF:2035|NS-KYUSHU:SCRAP_EAF:2028|NS-NAGOYA:H2_DRI_EAF:2031|NS-SETOUCHI:H2_DRI_EAF:2037,model_generated_candidate,"Generated from disclosed-path facility calendar, technology set and template contracting assumptions; not a company-announced project"
CAND-035B76153DEBD7,NIPPON_STEEL_JP,Nippon Steel,P2,지연·부분헤지,PORT-64904F869F44,DISCLOSED_PATH,5,2029,2038,0.257069,0.161954,0.580977,0.0,0.15,0.1,0.2,0.1,0.01,309.828943,NS-EAST:H2_DRI_EAF:2034|NS-KANSAI:SCRAP_EAF:2036|NS-KYUSHU:BF_RELINE:2029|NS-NAGOYA:H2_DRI_EAF:2032|NS-SETOUCHI:H2_DRI_EAF:2038,model_generated_candidate,"Generated from disclosed-path facility calendar, technology set and template contracting assumptions; not a company-announced project"
CAND-03C75206A5BBB6,NIPPON_STEEL_JP,Nippon Steel,P4,균형형 전환,PORT-74466739FC81,DISCLOSED_PATH,5,2028,2037,0.0,0.372751,0.627249,0.0,0.5,0.45,0.5,0.4,0.02,544.368946,NS-EAST:H2_DRI_EAF:2033|NS-KANSAI:H2_DRI_EAF:2035|NS-KYUSHU:H2_DRI_EAF:2028|NS-NAGOYA:SCRAP_EAF:2031|NS-SETOUCHI:SCRAP_EAF:2037,model_generated_candidate,"Generated from disclosed-path facility calendar, technology set and template contracting assumptions; not a company-announced project"
CAND-0458D0D0BAF9BF,NIPPON_STEEL_JP,Nippon Steel,P2,지연·부분헤지,PORT-11E9ABA45603,DISCLOSED_PATH,5,2029,2038,0.372751,0.0,0.627249,0.0,0.15,0.1,0.2,0.1,0.01,373.438975,NS-EAST:H2_DRI_EAF:2034|NS-KANSAI:H2_DRI_EAF:2036|NS-KYUSHU:H2_DRI_EAF:2029|NS-NAGOYA:BF_RELINE:2032|NS-SETOUCHI:BF_RELINE:2038,model_generated_candidate,"Generated from disclosed-path facility calendar, technology set and template contracting assumptions; not a company-announced project"
CAND-064368175F3762,NIPPON_STEEL_JP,Nippon Steel,P2,지연·부분헤지,PORT-622372E22AA3,DISCLOSED_PATH,5,2029,2038,0.401028,0.257069,0.341902,0.0,0.15,0.1,0.2,0.1,0.01,355.618933,NS-EAST:BF_RELINE:2034|NS-KANSAI:H2_DRI_EAF:2036|NS-KYUSHU:SCRAP_EAF:2029|NS-NAGOYA:H2_DRI_EAF:2032|NS-SETOUCHI:BF_RELINE:2038,model_generated_candidate,"Generated from disclosed-path facility calendar, technology set and template contracting assumptions; not a company-announced project"
CAND-0652A8BE4BDF4B,NIPPON_STEEL_JP,Nippon Steel,P6,조기 고헤지,PORT-D858126FADAB,DISCLOSED_PATH,5,2028,2036,0.161954,0.0,0.838046,0.0,0.9,0.85,0.85,0.8,0.035,548.019367,NS-EAST:H2_DRI_EAF:2032|NS-KANSAI:BF_RELINE:2034|NS-KYUSHU:H2_DRI_EAF:2028|NS-NAGOYA:H2_DRI_EAF:2030|NS-SETOUCHI:H2_DRI_EAF:2036,model_generated_candidate,"Generated from disclosed-path facility calendar, technology set and template contracting assumptions; not a company-announced project"
CAND-069240F6BC3FE5,NIPPON_STEEL_JP,Nippon Steel,P2,지연·부분헤지,PORT-BA0215B7029E,DISCLOSED_PATH,5,2029,2038,0.192802,0.419023,0.388175,0.0,0.15,0.1,0.2,0.1,0.01,434.298943,NS-EAST:H2_DRI_EAF:2034|NS-KANSAI:SCRAP_EAF:2036|NS-KYUSHU:SCRAP_EAF:2029|NS-NAGOYA:H2_DRI_EAF:2032|NS-SETOUCHI:BF_RELINE:2038,model_generated_candidate,"Generated from disclosed-path facility calendar, technology set and template contracting assumptions; not a company-announced project"
CAND-06F729AB8DF62F,NIPPON_STEEL_JP,Nippon Steel,P2,지연·부분헤지,PORT-203CD7D2B6DE,DISCLOSED_PATH,5,2029,2038,0.37018,0.257069,0.372751,0.0,0.15,0.1,0.2,0.1,0.01,340.148927,NS-EAST:BF_RELINE:2034|NS-KANSAI:BF_RELINE:2036|NS-KYUSHU:SCRAP_EAF:2029|NS-NAGOYA:H2_DRI_EAF:2032|NS-SETOUCHI:H2_DRI_EAF:2038,model_generated_candidate,"Generated from disclosed-path facility calendar, technology set and template contracting assumptions; not a company-announced project"
CAND-072B5F40582886,NIPPON_STEEL_JP,Nippon Steel,P2,지연·부분헤지,PORT-888EB63E71B0,DISCLOSED_PATH,5,2029,2038,0.354756,0.0,0.645244,0.0,0.15,0.1,0.2,0.1,0.01,420.698938,NS-EAST:H2_DRI_EAF:2034|NS-KANSAI:BF_RELINE:2036|NS-KYUSHU:H2_DRI_EAF:2029|NS-NAGOYA:H2_DRI_EAF:2032|NS-SETOUCHI:BF_RELINE:2038,model_generated_candidate,"Generated from disclosed-path facility calendar, technology set and template contracting assumptions; not a company-announced project"
CAND-081E268D7ED08C,NIPPON_STEEL_JP,Nippon Steel,P1,지연·현물조달,PORT-A01C697020EC,DISCLOSED_PATH,5,2029,2038,0.161954,0.208226,0.62982,0.0,0.0,0.0,0.1,0.0,0.0,440.228937,NS-EAST:SCRAP_EAF:2034|NS-KANSAI:BF_RELINE:2036|NS-KYUSHU:H2_DRI_EAF:2029|NS-NAGOYA:H2_DRI_EAF:2032|NS-SETOUCHI:H2_DRI_EAF:2038,model_generated_candidate,"Generated from disclosed-path facility calendar, technology set and template contracting assumptions; not a company-announced project"
CAND-089E2BD050DF1C,NIPPON_STEEL_JP,Nippon Steel,P1,지연·현물조달,PORT-FBD236D8DF23,DISCLOSED_PATH,5,2029,2038,0.179949,0.208226,0.611825,0.0,0.0,0.0,0.1,0.0,0.0,392.968973,NS-EAST:SCRAP_EAF:2034|NS-KANSAI:H2_DRI_EAF:2036|NS-KYUSHU:H2_DRI_EAF:2029|NS-NAGOYA:BF_RELINE:2032|NS-SETOUCHI:H2_DRI_EAF:2038,model_generated_candidate,"Generated from disclosed-path facility calendar, technology set and template contracting assumptions; not a company-announced project"
CAND-08FB98F6306D32,NIPPON_STEEL_JP,Nippon Steel,P1,지연·현물조달,PORT-113D08C18DF3,DISCLOSED_PATH,5,2029,2038,0.257069,0.372751,0.37018,0.0,0.0,0.0,0.1,0.0,0.0,298.153949,NS-EAST:H2_DRI_EAF:2034|NS-KANSAI:H2_DRI_EAF:2036|NS-KYUSHU:BF_RELINE:2029|NS-NAGOYA:SCRAP_EAF:2032|NS-SETOUCHI:SCRAP_EAF:2038,model_generated_candidate,"Generated from disclosed-path facility calendar, technology set and template contracting assumptions; not a company-announced project"
CAND-0902F4B4859A1C,NIPPON_STEEL_JP,Nippon Steel,P2,지연·부분헤지,PORT-1411E33E415A,DISCLOSED_PATH,5,2029,2038,0.0,0.791774,0.208226,0.0,0.15,0.1,0.2,0.1,0.01,447.753948,NS-EAST:H2_DRI_EAF:2034|NS-KANSAI:SCRAP_EAF:2036|NS-KYUSHU:SCRAP_EAF:2029|NS-NAGOYA:SCRAP_EAF:2032|NS-SETOUCHI:SCRAP_EAF:2038,model_generated_candidate,"Generated from disclosed-path facility calendar, technology set and template contracting assumptions; not a company-announced project"
CAND-0923EF4E75623D,NIPPON_STEEL_JP,Nippon Steel,P3,균형형 라이트헤지,PORT-2B4B7B3B418B,DISCLOSED_PATH,5,2029,2038,0.401028,0.161954,0.437018,0.0,0.3,0.25,0.35,0.25,0.015,375.618932,NS-EAST:BF_RELINE:2034|NS-KANSAI:SCRAP_EAF:2036|NS-KYUSHU:H2_DRI_EAF:2029|NS-NAGOYA:H2_DRI_EAF:2032|NS-SETOUCHI:BF_RELINE:2038,model_generated_candidate,"Generated from disclosed-path facility calendar, technology set and template contracting assumptions; not a company-announced project"
CAND-094FFDD52C1869,NIPPON_STEEL_JP,Nippon Steel,P4,균형형 전환,PORT-F68D0B8FD06D,DISCLOSED_PATH,5,2028,2037,0.37018,0.0,0.62982,0.0,0.5,0.45,0.5,0.4,0.02,411.128921,NS-EAST:BF_RELINE:2033|NS-KANSAI:BF_RELINE:2035|NS-KYUSHU:H2_DRI_EAF:2028|NS-NAGOYA:H2_DRI_EAF:2031|NS-SETOUCHI:H2_DRI_EAF:2037,model_generated_candidate,"Generated from disclosed-path facility calendar, technology set and template contracting assumptions; not a company-announced project"
CAND-09ED6F5483D950,NIPPON_STEEL_JP,Nippon Steel,P2,지연·부분헤지,PORT-8186E2E8AA48,DISCLOSED_PATH,5,2029,2038,0.0,0.208226,0.791774,0.0,0.15,0.1,0.2,0.1,0.01,487.828943,NS-EAST:SCRAP_EAF:2034|NS-KANSAI:H2_DRI_EAF:2036|NS-KYUSHU:H2_DRI_EAF:2029|NS-NAGOYA:H2_DRI_EAF:2032|NS-SETOUCHI:H2_DRI_EAF:2038,model_generated_candidate,"Generated from disclosed-path facility calendar, technology set and template contracting assumptions; not a company-announced project"
CAND-0A9D6D24794C44,NIPPON_STEEL_JP,Nippon Steel,P1,지연·현물조달,PORT-D7554D828762,DISCLOSED_PATH,5,2029,2038,0.37018,0.0,0.62982,0.0,0.0,0.0,0.1,0.0,0.0,367.148927,NS-EAST:BF_RELINE:2034|NS-KANSAI:BF_RELINE:2036|NS-KYUSHU:H2_DRI_EAF:2029|NS-NAGOYA:H2_DRI_EAF:2032|NS-SETOUCHI:H2_DRI_EAF:2038,model_generated_candidate,"Generated from disclosed-path facility calendar, technology set and template contracting assumptions; not a company-announced project"
CAND-0AB20C594215B4,NIPPON_STEEL_JP,Nippon Steel,P2,지연·부분헤지,PORT-ABD3A701F29B,DISCLOSED_PATH,5,2029,2038,0.449871,0.179949,0.37018,0.0,0.15,0.1,0.2,0.1,0.01,270.748949,NS-EAST:H2_DRI_EAF:2034|NS-KANSAI:H2_DRI_EAF:2036|NS-KYUSHU:BF_RELINE:2029|NS-NAGOYA:SCRAP_EAF:2032|NS-SETOUCHI:BF_RELINE:2038,model_generated_candidate,"Generated from disclosed-path facility calendar, technology set and template contracting assumptions; not a company-announced project"
CAND-0ABBFD56965BF3,NIPPON_STEEL_JP,Nippon Steel,P5,조기 계약형 전환,PORT-C942BD99A66C,DISCLOSED_PATH,5,2028,2037,0.0,0.257069,0.742931,0.0,0.7,0.65,0.65,0.6,0.025,536.918941,NS-EAST:H2_DRI_EAF:2033|NS-KANSAI:H2_DRI_EAF:2035|NS-KYUSHU:SCRAP_EAF:2028|NS-NAGOYA:H2_DRI_EAF:2031|NS-SETOUCHI:H2_DRI_EAF:2037,model_generated_candidate,"Generated from disclosed-path facility calendar, technology set and template contracting assumptions; not a company-announced project"
CAND-0B0D78C6056B63,NIPPON_STEEL_JP,Nippon Steel,P5,조기 계약형 전환,PORT-5998FE391D77,DISCLOSED_PATH,5,2028,2037,0.257069,0.0,0.742931,0.0,0.7,0.65,0.65,0.6,0.025,367.268941,NS-EAST:H2_DRI_EAF:2033|NS-KANSAI:H2_DRI_EAF:2035|NS-KYUSHU:BF_RELINE:2028|NS-NAGOYA:H2_DRI_EAF:2031|NS-SETOUCHI:H2_DRI_EAF:2037,model_generated_candidate,"Generated from disclosed-path facility calendar, technology set and template contracting assumptions; not a company-announced project"
CAND-0B64D3C56ED2FD,NIPPON_STEEL_JP,Nippon Steel,P1,지연·현물조달,PORT-93BA44A86FDE,DISCLOSED_PATH,5,2029,2038,0.0,0.449871,0.550129,0.0,0.0,0.0,0.1,0.0,0.0,468.703944,NS-EAST:H2_DRI_EAF:2034|NS-KANSAI:H2_DRI_EAF:2036|NS-KYUSHU:SCRAP_EAF:2029|NS-NAGOYA:H2_DRI_EAF:2032|NS-SETOUCHI:SCRAP_EAF:2038,model_generated_candidate,"Generated from disclosed-path facility calendar, technology set and template contracting assumptions; not a company-announced project"
CAND-0CCB31C64DEB2F,NIPPON_STEEL_JP,Nippon Steel,P1,지연·현물조달,PORT-4025A7B6BA3A,DISCLOSED_PATH,5,2029,2038,0.354756,0.437018,0.208226,0.0,0.0,0.0,0.1,0.0,0.0,379.748943,NS-EAST:H2_DRI_EAF:2034|NS-KANSAI:BF_RELINE:2036|NS-KYUSHU:SCRAP_EAF:2029|NS-NAGOYA:SCRAP_EAF:2032|NS-SETOUCHI:BF_RELINE:2038,model_generated_candidate,"Generated from disclosed-path facility calendar, technology set and template contracting assumptions; not a company-announced project"
CAND-0CF78073F05A91,NIPPON_STEEL_JP,Nippon Steel,P2,지연·부분헤지,PORT-66671902C8C2,DISCLOSED_PATH,5,2029,2038,0.161954,0.465296,0.372751,0.0,0.15,0.1,0.2,0.1,0.01,413.228937,NS-EAST:SCRAP_EAF:2034|NS-KANSAI:BF_RELINE:2036|NS-KYUSHU:SCRAP_EAF:2029|NS-NAGOYA:H2_DRI_EAF:2032|NS-SETOUCHI:H2_DRI_EAF:2038,model_generated_candidate,"Generated from disclosed-path facility calendar, technology set and template contracting assumptions; not a company-announced project"
CAND-0D23866328E8C6,NIPPON_STEEL_JP,Nippon Steel,P1,지연·현물조달,PORT-64904F869F44,DISCLOSED_PATH,5,2029,2038,0.257069,0.161954,0.580977,0.0,0.0,0.0,0.1,0.0,0.0,309.828943,NS-EAST:H2_DRI_EAF:2034|NS-KANSAI:SCRAP_EAF:2036|NS-KYUSHU:BF_RELINE:2029|NS-NAGOYA:H2_DRI_EAF:2032|NS-SETOUCHI:H2_DRI_EAF:2038,model_generated_candidate,"Generated from disclosed-path facility calendar, technology set and template contracting assumptions; not a company-announced project"
CAND-0D920B994893D6,NIPPON_STEEL_JP,Nippon Steel,P1,지연·현물조달,PORT-1DC8D35FFDC5,DISCLOSED_PATH,5,2029,2038,0.0,0.161954,0.838046,0.0,0.0,0.0,0.1,0.0,0.0,493.428943,NS-EAST:H2_DRI_EAF:2034|NS-KANSAI:SCRAP_EAF:2036|NS-KYUSHU:H2_DRI_EAF:2029|NS-NAGOYA:H2_DRI_EAF:2032|NS-SETOUCHI:H2_DRI_EAF:2038,model_generated_candidate,"Generated from disclosed-path facility calendar, technology set and template contracting assumptions; not a company-announced project"
CAND-0DB7DE82F03739,NIPPON_STEEL_JP,Nippon Steel,P1,지연·현물조달,PORT-23A278D911DA,DISCLOSED_PATH,5,2029,2038,0.645244,0.0,0.354756,0.0,0.0,0.0,0.1,0.0,0.0,136.288964,NS-EAST:BF_RELINE:2034|NS-KANSAI:H2_DRI_EAF:2036|NS-KYUSHU:BF_RELINE:2029|NS-NAGOYA:BF_RELINE:2032|NS-SETOUCHI:H2_DRI_EAF:2038,model_generated_candidate,"Generated from disclosed-path facility calendar, technology set and template contracting assumptions; not a company-announced project"
CAND-0DBC59D9266EF3,NIPPON_STEEL_JP,Nippon Steel,P2,지연·부분헤지,PORT-D71AD7929180,DISCLOSED_PATH,5,2029,2038,0.372751,0.161954,0.465296,0.0,0.15,0.1,0.2,0.1,0.01,366.438974,NS-EAST:H2_DRI_EAF:2034|NS-KANSAI:SCRAP_EAF:2036|NS-KYUSHU:H2_DRI_EAF:2029|NS-NAGOYA:BF_RELINE:2032|NS-SETOUCHI:BF_RELINE:2038,model_generated_candidate,"Generated from disclosed-path facility calendar, technology set and template contracting assumptions; not a company-announced project"
CAND-0E307C2CAB5D7A,NIPPON_STEEL_JP,Nippon Steel,P2,지연·부분헤지,PORT-792EEE640306,DISCLOSED_PATH,5,2029,2038,0.372751,0.419023,0.208226,0.0,0.15,0.1,0.2,0.1,0.01,339.438974,NS-EAST:H2_DRI_EAF:2034|NS-KANSAI:SCRAP_EAF:2036|NS-KYUSHU:SCRAP_EAF:2029|NS-NAGOYA:BF_RELINE:2032|NS-SETOUCHI:BF_RELINE:2038,model_generated_candidate,"Generated from disclosed-path facility calendar, technology set and template contracting assumptions; not a company-announced project"
CAND-0E50065F955C2D,NIPPON_STEEL_JP,Nippon Steel,P2,지연·부분헤지,PORT-EFA421F0E7E7,DISCLOSED_PATH,5,2029,2038,0.354756,0.179949,0.465296,0.0,0.15,0.1,0.2,0.1,0.01,406.748943,NS-EAST:H2_DRI_EAF:2034|NS-KANSAI:BF_RELINE:2036|NS-KYUSHU:H2_DRI_EAF:2029|NS-NAGOYA:SCRAP_EAF:2032|NS-SETOUCHI:BF_RELINE:2038,model_generated_candidate,"Generated from disclosed-path facility calendar, technology set and template contracting assumptions; not a company-announced project"
CAND-0FEEC747FEAF1C,NIPPON_STEEL_JP,Nippon Steel,P3,균형형 라이트헤지,PORT-4F64F793369E,DISCLOSED_PATH,5,2029,2038,0.341902,0.257069,0.401028,0.0,0.3,0.25,0.35,0.25,0.015,330.968969,NS-EAST:H2_DRI_EAF:2034|NS-KANSAI:BF_RELINE:2036|NS-KYUSHU:SCRAP_EAF:2029|NS-NAGOYA:BF_RELINE:2032|NS-SETOUCHI:H2_DRI_EAF:2038,model_generated_candidate,"Generated from disclosed-path facility calendar, technology set and template contracting assumptions; not a company-announced project"
CAND-0FF819D46D0444,NIPPON_STEEL_JP,Nippon Steel,P1,지연·현물조달,PORT-8186E2E8AA48,DISCLOSED_PATH,5,2029,2038,0.0,0.208226,0.791774,0.0,0.0,0.0,0.1,0.0,0.0,487.828943,NS-EAST:SCRAP_EAF:2034|NS-KANSAI:H2_DRI_EAF:2036|NS-KYUSHU:H2_DRI_EAF:2029|NS-NAGOYA:H2_DRI_EAF:2032|NS-SETOUCHI:H2_DRI_EAF:2038,model_generated_candidate,"Generated from disclosed-path facility calendar, technology set and template contracting assumptions; not a company-announced project"
CAND-10057B6A696CE2,NIPPON_STEEL_JP,Nippon Steel,P4,균형형 전환,PORT-CBAD3A6BFB45,DISCLOSED_PATH,5,2028,2037,0.161954,0.192802,0.645244,0.0,0.5,0.45,0.5,0.4,0.02,502.748934,NS-EAST:H2_DRI_EAF:2033|NS-KANSAI:BF_RELINE:2035|NS-KYUSHU:H2_DRI_EAF:2028|NS-NAGOYA:H2_DRI_EAF:2031|NS-SETOUCHI:SCRAP_EAF:2037,model_generated_candidate,"Generated from disclosed-path facility calendar, technology set and template contracting assumptions; not a company-announced project"
CAND-100B5DC6ACF53C,NIPPON_STEEL_JP,Nippon Steel,P1,지연·현물조달,PORT-57863E458EC6,DISCLOSED_PATH,5,2029,2038,0.437018,0.401028,0.161954,0.0,0.0,0.0,0.1,0.0,0.0,204.643973,NS-EAST:SCRAP_EAF:2034|NS-KANSAI:H2_DRI_EAF:2036|NS-KYUSHU:BF_RELINE:2029|NS-NAGOYA:BF_RELINE:2032|NS-SETOUCHI:SCRAP_EAF:2038,model_generated_candidate,"Generated from disclosed-path facility calendar, technology set and template contracting assumptions; not a company-announced project"
CAND-124947277ECC5B,NIPPON_STEEL_JP,Nippon Steel,P2,지연·부분헤지,PORT-D3FE55E7A8A2,DISCLOSED_PATH,5,2029,2038,0.401028,0.179949,0.419023,0.0,0.15,0.1,0.2,0.1,0.01,368.668938,NS-EAST:BF_RELINE:2034|NS-KANSAI:H2_DRI_EAF:2036|NS-KYUSHU:H2_DRI_EAF:2029|NS-NAGOYA:SCRAP_EAF:2032|NS-SETOUCHI:BF_RELINE:2038,model_generated_candidate,"Generated from disclosed-path facility calendar, technology set and template contracting assumptions; not a company-announced project"
CAND-125BA60303F2AE,NIPPON_STEEL_JP,Nippon Steel,P2,지연·부분헤지,PORT-7CC9F6AA7C42,DISCLOSED_PATH,5,2029,2038,0.192802,0.161954,0.645244,0.0,0.15,0.1,0.2,0.1,0.01,461.298943,NS-EAST:H2_DRI_EAF:2034|NS-KANSAI:SCRAP_EAF:2036|NS-KYUSHU:H2_DRI_EAF:2029|NS-NAGOYA:H2_DRI_EAF:2032|NS-SETOUCHI:BF_RELINE:2038,model_generated_candidate,"Generated from disclosed-path facility calendar, technology set and template contracting assumptions; not a company-announced project"
CAND-13001F4A0B3139,NIPPON_STEEL_JP,Nippon Steel,P2,지연·부분헤지,PORT-B8A913DFD01F,DISCLOSED_PATH,5,2029,2038,0.534704,0.208226,0.257069,0.0,0.15,0.1,0.2,0.1,0.01,313.238967,NS-EAST:SCRAP_EAF:2034|NS-KANSAI:BF_RELINE:2036|NS-KYUSHU:H2_DRI_EAF:2029|NS-NAGOYA:BF_RELINE:2032|NS-SETOUCHI:BF_RELINE:2038,model_generated_candidate,"Generated from disclosed-path facility calendar, technology set and template contracting assumptions; not a company-announced project"
CAND-1305DA8742D124,NIPPON_STEEL_JP,Nippon Steel,P4,균형형 전환,PORT-C942BD99A66C,DISCLOSED_PATH,5,2028,2037,0.0,0.257069,0.742931,0.0,0.5,0.45,0.5,0.4,0.02,536.918941,NS-EAST:H2_DRI_EAF:2033|NS-KANSAI:H2_DRI_EAF:2035|NS-KYUSHU:SCRAP_EAF:2028|NS-NAGOYA:H2_DRI_EAF:2031|NS-SETOUCHI:H2_DRI_EAF:2037,model_generated_candidate,"Generated from disclosed-path facility calendar, technology set and template contracting assumptions; not a company-announced project"
CAND-1366C02035CC2F,NIPPON_STEEL_JP,Nippon Steel,P3,균형형 라이트헤지,PORT-FA425C592A46,DISCLOSED_PATH,5,2029,2038,0.179949,0.0,0.820051,0.0,0.3,0.25,0.35,0.25,0.015,405.568975,NS-EAST:H2_DRI_EAF:2034|NS-KANSAI:H2_DRI_EAF:2036|NS-KYUSHU:H2_DRI_EAF:2029|NS-NAGOYA:BF_RELINE:2032|NS-SETOUCHI:H2_DRI_EAF:2038,model_generated_candidate,"Generated from disclosed-path facility calendar, technology set and template contracting assumptions; not a company-announced project"
CAND-14082960930F71,NIPPON_STEEL_JP,Nippon Steel,P3,균형형 라이트헤지,PORT-BF29E8561588,DISCLOSED_PATH,5,2029,2038,0.192802,0.37018,0.437018,0.0,0.3,0.25,0.35,0.25,0.015,448.698942,NS-EAST:SCRAP_EAF:2034|NS-KANSAI:SCRAP_EAF:2036|NS-KYUSHU:H2_DRI_EAF:2029|NS-NAGOYA:H2_DRI_EAF:2032|NS-SETOUCHI:BF_RELINE:2038,model_generated_candidate,"Generated from disclosed-path facility calendar, technology set and template contracting assumptions; not a company-announced project"
CAND-1440E48BD4C94D,NIPPON_STEEL_JP,Nippon Steel,P3,균형형 라이트헤지,PORT-FD23B75EC9FF,DISCLOSED_PATH,5,2029,2038,0.192802,0.179949,0.627249,0.0,0.3,0.25,0.35,0.25,0.015,454.348949,NS-EAST:H2_DRI_EAF:2034|NS-KANSAI:H2_DRI_EAF:2036|NS-KYUSHU:H2_DRI_EAF:2029|NS-NAGOYA:SCRAP_EAF:2032|NS-SETOUCHI:BF_RELINE:2038,model_generated_candidate,"Generated from disclosed-path facility calendar, technology set and template contracting assumptions; not a company-announced project"
CAND-145CE7F633033C,NIPPON_STEEL_JP,Nippon Steel,P2,지연·부분헤지,PORT-060F7B7B1610,DISCLOSED_PATH,5,2029,2038,0.465296,0.0,0.534704,0.0,0.15,0.1,0.2,0.1,0.01,231.148933,NS-EAST:BF_RELINE:2034|NS-KANSAI:H2_DRI_EAF:2036|NS-KYUSHU:BF_RELINE:2029|NS-NAGOYA:H2_DRI_EAF:2032|NS-SETOUCHI:H2_DRI_EAF:2038,model_generated_candidate,"Generated from disclosed-path facility calendar, technology set and template contracting assumptions; not a company-announced project"
CAND-152EED3AC4382F,NIPPON_STEEL_JP,Nippon Steel,P2,지연·부분헤지,PORT-ED90F4FED395,DISCLOSED_PATH,5,2029,2038,0.388175,0.0,0.611825,0.0,0.15,0.1,0.2,0.1,0.01,319.888964,NS-EAST:BF_RELINE:2034|NS-KANSAI:H2_DRI_EAF:2036|NS-KYUSHU:H2_DRI_EAF:2029|NS-NAGOYA:BF_RELINE:2032|NS-SETOUCHI:H2_DRI_EAF:2038,model_generated_candidate,"Generated from disclosed-path facility calendar, technology set and template contracting assumptions; not a company-announced project"
CAND-152F14CE9BB3BA,NIPPON_STEEL_JP,Nippon Steel,P1,지연·현물조달,PORT-C07487E0AC50,DISCLOSED_PATH,5,2029,2038,0.550129,0.257069,0.192802,0.0,0.0,0.0,0.1,0.0,0.0,245.288958,NS-EAST:BF_RELINE:2034|NS-KANSAI:BF_RELINE:2036|NS-KYUSHU:SCRAP_EAF:2029|NS-NAGOYA:BF_RELINE:2032|NS-SETOUCHI:H2_DRI_EAF:2038,model_generated_candidate,"Generated from disclosed-path facility calendar, technology set and template contracting assumptions; not a company-announced project"
CAND-158A9D225E0A90,NIPPON_STEEL_JP,Nippon Steel,P2,지연·부분헤지,PORT-D248600EA55E,DISCLOSED_PATH,5,2029,2038,0.257069,0.179949,0.562982,0.0,0.15,0.1,0.2,0.1,0.01,302.878949,NS-EAST:H2_DRI_EAF:2034|NS-KANSAI:H2_DRI_EAF:2036|NS-KYUSHU:BF_RELINE:2029|NS-NAGOYA:SCRAP_EAF:2032|NS-SETOUCHI:H2_DRI_EAF:2038,model_generated_candidate,"Generated from disclosed-path facility calendar, technology set and template contracting assumptions; not a company-announced project"
CAND-160C0C0D8ADF0F,NIPPON_STEEL_JP,Nippon Steel,P3,균형형 라이트헤지,PORT-EF8B17A58845,DISCLOSED_PATH,5,2029,2038,0.161954,0.257069,0.580977,0.0,0.3,0.25,0.35,0.25,0.015,425.828938,NS-EAST:H2_DRI_EAF:2034|NS-KANSAI:BF_RELINE:2036|NS-KYUSHU:SCRAP_EAF:2029|NS-NAGOYA:H2_DRI_EAF:2032|NS-SETOUCHI:H2_DRI_EAF:2038,model_generated_candidate,"Generated from disclosed-path facility calendar, technology set and template contracting assumptions; not a company-announced project"
CAND-166A18196187E3,NIPPON_STEEL_JP,Nippon Steel,P3,균형형 라이트헤지,PORT-265CE4378B75,DISCLOSED_PATH,5,2029,2038,0.0,0.0,1.0,0.0,0.3,0.25,0.35,0.25,0.015,500.428944,NS-EAST:H2_DRI_EAF:2034|NS-KANSAI:H2_DRI_EAF:2036|NS-KYUSHU:H2_DRI_EAF:2029|NS-NAGOYA:H2_DRI_EAF:2032|NS-SETOUCHI:H2_DRI_EAF:2038,model_generated_candidate,"Generated from disclosed-path facility calendar, technology set and template contracting assumptions; not a company-announced project"
CAND-168311E17D8522,NIPPON_STEEL_JP,Nippon Steel,P2,지연·부분헤지,PORT-238A2183FB78,DISCLOSED_PATH,5,2029,2038,0.449871,0.0,0.550129,0.0,0.15,0.1,0.2,0.1,0.01,284.698944,NS-EAST:H2_DRI_EAF:2034|NS-KANSAI:H2_DRI_EAF:2036|NS-KYUSHU:BF_RELINE:2029|NS-NAGOYA:H2_DRI_EAF:2032|NS-SETOUCHI:BF_RELINE:2038,model_generated_candidate,"Generated from disclosed-path facility calendar, technology set and template contracting assumptions; not a company-announced project"
CAND-16FAC10B00819B,NIPPON_STEEL_JP,Nippon Steel,P1,지연·현물조달,PORT-308D82D12417,DISCLOSED_PATH,5,2029,2038,0.627249,0.0,0.372751,0.0,0.0,0.0,0.1,0.0,0.0,183.548927,NS-EAST:BF_RELINE:2034|NS-KANSAI:BF_RELINE:2036|NS-KYUSHU:BF_RELINE:2029|NS-NAGOYA:H2_DRI_EAF:2032|NS-SETOUCHI:H2_DRI_EAF:2038,model_generated_candidate,"Generated from disclosed-path facility calendar, technology set and template contracting assumptions; not a company-announced project"
CAND-1775647062724F,NIPPON_STEEL_JP,Nippon Steel,P4,균형형 전환,PORT-9FA69A5377EE,DISCLOSED_PATH,5,2028,2037,0.0,0.192802,0.807198,0.0,0.5,0.45,0.5,0.4,0.02,559.868941,NS-EAST:H2_DRI_EAF:2033|NS-KANSAI:H2_DRI_EAF:2035|NS-KYUSHU:H2_DRI_EAF:2028|NS-NAGOYA:H2_DRI_EAF:2031|NS-SETOUCHI:SCRAP_EAF:2037,model_generated_candidate,"Generated from disclosed-path facility calendar, technology set and template contracting assumptions; not a company-announced project"
CAND-185224D49A1B91,NIPPON_STEEL_JP,Nippon Steel,P1,지연·현물조달,PORT-3391EE4132D6,DISCLOSED_PATH,5,2029,2038,0.0,0.627249,0.372751,0.0,0.0,0.0,0.1,0.0,0.0,453.828942,NS-EAST:SCRAP_EAF:2034|NS-KANSAI:SCRAP_EAF:2036|NS-KYUSHU:SCRAP_EAF:2029|NS-NAGOYA:H2_DRI_EAF:2032|NS-SETOUCHI:H2_DRI_EAF:2038,model_generated_candidate,"Generated from disclosed-path facility calendar, technology set and template contracting assumptions; not a company-announced project"
CAND-186ADF680F8028,NIPPON_STEEL_JP,Nippon Steel,P2,지연·부분헤지,PORT-CAD9747A9822,DISCLOSED_PATH,5,2029,2038,0.192802,0.208226,0.598972,0.0,0.15,0.1,0.2,0.1,0.01,455.698943,NS-EAST:SCRAP_EAF:2034|NS-KANSAI:H2_DRI_EAF:2036|NS-KYUSHU:H2_DRI_EAF:2029|NS-NAGOYA:H2_DRI_EAF:2032|NS-SETOUCHI:BF_RELINE:2038,model_generated_candidate,"Generated from disclosed-path facility calendar, technology set and template contracting assumptions; not a company-announced project"
CAND-18F73BD54A9F34,NIPPON_STEEL_JP,Nippon Steel,P1,지연·현물조달,PORT-6742936593A9,DISCLOSED_PATH,5,2029,2038,0.0,0.62982,0.37018,0.0,0.0,0.0,0.1,0.0,0.0,454.753949,NS-EAST:H2_DRI_EAF:2034|NS-KANSAI:H2_DRI_EAF:2036|NS-KYUSHU:SCRAP_EAF:2029|NS-NAGOYA:SCRAP_EAF:2032|NS-SETOUCHI:SCRAP_EAF:2038,model_generated_candidate,"Generated from disclosed-path facility calendar, technology set and template contracting assumptions; not a company-announced project"
CAND-191E6659B87969,NIPPON_STEEL_JP,Nippon Steel,P1,지연·현물조달,PORT-8569972CFEA8,DISCLOSED_PATH,5,2029,2038,0.838046,0.161954,0.0,0.0,0.0,0.0,0.1,0.0,0.0,97.158963,NS-EAST:BF_RELINE:2034|NS-KANSAI:SCRAP_EAF:2036|NS-KYUSHU:BF_RELINE:2029|NS-NAGOYA:BF_RELINE:2032|NS-SETOUCHI:BF_RELINE:2038,model_generated_candidate,"Generated from disclosed-path facility calendar, technology set and template contracting assumptions; not a company-announced project"
CAND-1A4B437DAC293C,NIPPON_STEEL_JP,Nippon Steel,P3,균형형 라이트헤지,PORT-66671902C8C2,DISCLOSED_PATH,5,2029,2038,0.161954,0.465296,0.372751,0.0,0.3,0.25,0.35,0.25,0.015,413.228937,NS-EAST:SCRAP_EAF:2034|NS-KANSAI:BF_RELINE:2036|NS-KYUSHU:SCRAP_EAF:2029|NS-NAGOYA:H2_DRI_EAF:2032|NS-SETOUCHI:H2_DRI_EAF:2038,model_generated_candidate,"Generated from disclosed-path facility calendar, technology set and template contracting assumptions; not a company-announced project"
CAND-1AF611AA57CF04,NIPPON_STEEL_JP,Nippon Steel,P3,균형형 라이트헤지,PORT-6595376D3E3B,DISCLOSED_PATH,5,2029,2038,0.0,0.37018,0.62982,0.0,0.3,0.25,0.35,0.25,0.015,480.828942,NS-EAST:SCRAP_EAF:2034|NS-KANSAI:SCRAP_EAF:2036|NS-KYUSHU:H2_DRI_EAF:2029|NS-NAGOYA:H2_DRI_EAF:2032|NS-SETOUCHI:H2_DRI_EAF:2038,model_generated_candidate,"Generated from disclosed-path facility calendar, technology set and template contracting assumptions; not a company-announced project"
CAND-1C30EFEDE2D431,NIPPON_STEEL_JP,Nippon Steel,P3,균형형 라이트헤지,PORT-523FC992190F,DISCLOSED_PATH,5,2029,2038,0.208226,0.192802,0.598972,0.0,0.3,0.25,0.35,0.25,0.015,410.023933,NS-EAST:BF_RELINE:2034|NS-KANSAI:H2_DRI_EAF:2036|NS-KYUSHU:H2_DRI_EAF:2029|NS-NAGOYA:H2_DRI_EAF:2032|NS-SETOUCHI:SCRAP_EAF:2038,model_generated_candidate,"Generated from disclosed-path facility calendar, technology set and template contracting assumptions; not a company-announced project"
CAND-1D35A6D7D808A4,NIPPON_STEEL_JP,Nippon Steel,P1,지연·현물조달,PORT-5DE4D9A04480,DISCLOSED_PATH,5,2029,2038,0.0,0.611825,0.388175,0.0,0.0,0.0,0.1,0.0,0.0,461.703943,NS-EAST:H2_DRI_EAF:2034|NS-KANSAI:SCRAP_EAF:2036|NS-KYUSHU:SCRAP_EAF:2029|NS-NAGOYA:H2_DRI_EAF:2032|NS-SETOUCHI:SCRAP_EAF:2038,model_generated_candidate,"Generated from disclosed-path facility calendar, technology set and template contracting assumptions; not a company-announced project"
CAND-1D845A52406140,NIPPON_STEEL_JP,Nippon Steel,P1,지연·현물조달,PORT-685CF3088EF5,DISCLOSED_PATH,5,2029,2038,0.341902,0.0,0.658098,0.0,0.0,0.0,0.1,0.0,0.0,357.968969,NS-EAST:H2_DRI_EAF:2034|NS-KANSAI:BF_RELINE:2036|NS-KYUSHU:H2_DRI_EAF:2029|NS-NAGOYA:BF_RELINE:2032|NS-SETOUCHI:H2_DRI_EAF:2038,model_generated_candidate,"Generated from disclosed-path facility calendar, technology set and template contracting assumptions; not a company-announced project"
CAND-1DE687875EB017,NIPPON_STEEL_JP,Nippon Steel,P1,지연·현물조달,PORT-58EC79466F54,DISCLOSED_PATH,5,2029,2038,0.354756,0.645244,0.0,0.0,0.0,0.0,0.1,0.0,0.0,367.148941,NS-EAST:SCRAP_EAF:2034|NS-KANSAI:BF_RELINE:2036|NS-KYUSHU:SCRAP_EAF:2029|NS-NAGOYA:SCRAP_EAF:2032|NS-SETOUCHI:BF_RELINE:2038,model_generated_candidate,"Generated from disclosed-path facility calendar, technology set and template contracting assumptions; not a company-announced project"
CAND-1E30974890E511,NIPPON_STEEL_JP,Nippon Steel,P1,지연·현물조달,PORT-8B1E1EFB8523,DISCLOSED_PATH,5,2029,2038,0.62982,0.37018,0.0,0.0,0.0,0.0,0.1,0.0,0.0,170.238972,NS-EAST:SCRAP_EAF:2034|NS-KANSAI:SCRAP_EAF:2036|NS-KYUSHU:BF_RELINE:2029|NS-NAGOYA:BF_RELINE:2032|NS-SETOUCHI:BF_RELINE:2038,model_generated_candidate,"Generated from disclosed-path facility calendar, technology set and template contracting assumptions; not a company-announced project"
CAND-1EE312CC735A27,NIPPON_STEEL_JP,Nippon Steel,P2,지연·부분헤지,PORT-2680632EAC61,DISCLOSED_PATH,5,2029,2038,0.208226,0.372751,0.419023,0.0,0.15,0.1,0.2,0.1,0.01,396.073938,NS-EAST:BF_RELINE:2034|NS-KANSAI:H2_DRI_EAF:2036|NS-KYUSHU:H2_DRI_EAF:2029|NS-NAGOYA:SCRAP_EAF:2032|NS-SETOUCHI:SCRAP_EAF:2038,model_generated_candidate,"Generated from disclosed-path facility calendar, technology set and template contracting assumptions; not a company-announced project"
CAND-1F17FB731DF3AF,NIPPON_STEEL_JP,Nippon Steel,P2,지연·부분헤지,PORT-C8F6A070F6D3,DISCLOSED_PATH,5,2029,2038,0.257069,0.354756,0.388175,0.0,0.15,0.1,0.2,0.1,0.01,305.103943,NS-EAST:H2_DRI_EAF:2034|NS-KANSAI:SCRAP_EAF:2036|NS-KYUSHU:BF_RELINE:2029|NS-NAGOYA:H2_DRI_EAF:2032|NS-SETOUCHI:SCRAP_EAF:2038,model_generated_candidate,"Generated from disclosed-path facility calendar, technology set and template contracting assumptions; not a company-announced project"
CAND-1F99EBB5AE8665,NIPPON_STEEL_JP,Nippon Steel,P3,균형형 라이트헤지,PORT-05EE518306D9,DISCLOSED_PATH,5,2029,2038,0.0,0.465296,0.534704,0.0,0.3,0.25,0.35,0.25,0.015,460.828943,NS-EAST:SCRAP_EAF:2034|NS-KANSAI:H2_DRI_EAF:2036|NS-KYUSHU:SCRAP_EAF:2029|NS-NAGOYA:H2_DRI_EAF:2032|NS-SETOUCHI:H2_DRI_EAF:2038,model_generated_candidate,"Generated from disclosed-path facility calendar, technology set and template contracting assumptions; not a company-announced project"
CAND-1FF01FDB28F13A,NIPPON_STEEL_JP,Nippon Steel,P4,균형형 전환,PORT-D74D023C0D05,DISCLOSED_PATH,5,2028,2037,0.0,0.437018,0.562982,0.0,0.5,0.45,0.5,0.4,0.02,521.418946,NS-EAST:H2_DRI_EAF:2033|NS-KANSAI:H2_DRI_EAF:2035|NS-KYUSHU:SCRAP_EAF:2028|NS-NAGOYA:SCRAP_EAF:2031|NS-SETOUCHI:H2_DRI_EAF:2037,model_generated_candidate,"Generated from disclosed-path facility calendar, technology set and template contracting assumptions; not a company-announced project"
CAND-208710C12A7387,NIPPON_STEEL_JP,Nippon Steel,P1,지연·현물조달,PORT-8F73C471E8F1,DISCLOSED_PATH,5,2029,2038,0.37018,0.179949,0.449871,0.0,0.0,0.0,0.1,0.0,0.0,353.198932,NS-EAST:BF_RELINE:2034|NS-KANSAI:BF_RELINE:2036|NS-KYUSHU:H2_DRI_EAF:2029|NS-NAGOYA:SCRAP_EAF:2032|NS-SETOUCHI:H2_DRI_EAF:2038,model_generated_candidate,"Generated from disclosed-path facility calendar, technology set and template contracting assumptions; not a company-announced project"
CAND-209838C3DCFD32,NIPPON_STEEL_JP,Nippon Steel,P2,지연·부분헤지,PORT-65D55D48FAB7,DISCLOSED_PATH,5,2029,2038,0.388175,0.192802,0.419023,0.0,0.15,0.1,0.2,0.1,0.01,315.163964,NS-EAST:BF_RELINE:2034|NS-KANSAI:H2_DRI_EAF:2036|NS-KYUSHU:H2_DRI_EAF:2029|NS-NAGOYA:BF_RELINE:2032|NS-SETOUCHI:SCRAP_EAF:2038,model_generated_candidate,"Generated from disclosed-path facility calendar, technology set and template contracting assumptions; not a company-announced project"
CAND-20DF636FB8303B,NIPPON_STEEL_JP,Nippon Steel,P3,균형형 라이트헤지,PORT-4028F2B5FE7E,DISCLOSED_PATH,5,2029,2038,0.257069,0.208226,0.534704,0.0,0.3,0.25,0.35,0.25,0.015,304.228943,NS-EAST:SCRAP_EAF:2034|NS-KANSAI:H2_DRI_EAF:2036|NS-KYUSHU:BF_RELINE:2029|NS-NAGOYA:H2_DRI_EAF:2032|NS-SETOUCHI:H2_DRI_EAF:2038,model_generated_candidate,"Generated from disclosed-path facility calendar, technology set and template contracting assumptions; not a company-announced project"
CAND-219BA403F56DC0,NIPPON_STEEL_JP,Nippon Steel,P3,균형형 라이트헤지,PORT-CAD9747A9822,DISCLOSED_PATH,5,2029,2038,0.192802,0.208226,0.598972,0.0,0.3,0.25,0.35,0.25,0.015,455.698943,NS-EAST:SCRAP_EAF:2034|NS-KANSAI:H2_DRI_EAF:2036|NS-KYUSHU:H2_DRI_EAF:2029|NS-NAGOYA:H2_DRI_EAF:2032|NS-SETOUCHI:BF_RELINE:2038,model_generated_candidate,"Generated from disclosed-path facility calendar, technology set and template contracting assumptions; not a company-announced project"
CAND-22AE26960A4F70,NIPPON_STEEL_JP,Nippon Steel,P1,지연·현물조달,PORT-A76189D31032,DISCLOSED_PATH,5,2029,2038,0.0,0.807198,0.192802,0.0,0.0,0.0,0.1,0.0,0.0,439.878946,NS-EAST:SCRAP_EAF:2034|NS-KANSAI:SCRAP_EAF:2036|NS-KYUSHU:SCRAP_EAF:2029|NS-NAGOYA:SCRAP_EAF:2032|NS-SETOUCHI:H2_DRI_EAF:2038,model_generated_candidate,"Generated from disclosed-path facility calendar, technology set and template contracting assumptions; not a company-announced project"
CAND-22E40E506E2CF9,NIPPON_STEEL_JP,Nippon Steel,P1,지연·현물조달,PORT-C391DB151B1A,DISCLOSED_PATH,5,2029,2038,0.161954,0.645244,0.192802,0.0,0.0,0.0,0.1,0.0,0.0,399.278941,NS-EAST:SCRAP_EAF:2034|NS-KANSAI:BF_RELINE:2036|NS-KYUSHU:SCRAP_EAF:2029|NS-NAGOYA:SCRAP_EAF:2032|NS-SETOUCHI:H2_DRI_EAF:2038,model_generated_candidate,"Generated from disclosed-path facility calendar, technology set and template contracting assumptions; not a company-announced project"
CAND-22E48147553E1B,NIPPON_STEEL_JP,Nippon Steel,P3,균형형 라이트헤지,PORT-FBD236D8DF23,DISCLOSED_PATH,5,2029,2038,0.179949,0.208226,0.611825,0.0,0.3,0.25,0.35,0.25,0.015,392.968973,NS-EAST:SCRAP_EAF:2034|NS-KANSAI:H2_DRI_EAF:2036|NS-KYUSHU:H2_DRI_EAF:2029|NS-NAGOYA:BF_RELINE:2032|NS-SETOUCHI:H2_DRI_EAF:2038,model_generated_candidate,"Generated from disclosed-path facility calendar, technology set and template contracting assumptions; not a company-announced project"
CAND-23459FF23C9DCD,NIPPON_STEEL_JP,Nippon Steel,P1,지연·현물조달,PORT-032FE0BDCFB5,DISCLOSED_PATH,5,2029,2038,0.37018,0.437018,0.192802,0.0,0.0,0.0,0.1,0.0,0.0,326.198932,NS-EAST:BF_RELINE:2034|NS-KANSAI:BF_RELINE:2036|NS-KYUSHU:SCRAP_EAF:2029|NS-NAGOYA:SCRAP_EAF:2032|NS-SETOUCHI:H2_DRI_EAF:2038,model_generated_candidate,"Generated from disclosed-path facility calendar, technology set and template contracting assumptions; not a company-announced project"
CAND-237358A2DB4199,NIPPON_STEEL_JP,Nippon Steel,P4,균형형 전환,PORT-07101E93CF4E,DISCLOSED_PATH,5,2028,2037,0.0,0.419023,0.580977,0.0,0.5,0.45,0.5,0.4,0.02,528.51894,NS-EAST:H2_DRI_EAF:2033|NS-KANSAI:SCRAP_EAF:2035|NS-KYUSHU:SCRAP_EAF:2028|NS-NAGOYA:H2_DRI_EAF:2031|NS-SETOUCHI:H2_DRI_EAF:2037,model_generated_candidate,"Generated from disclosed-path facility calendar, technology set and template contracting assumptions; not a company-announced project"
CAND-23E7E433182399,NIPPON_STEEL_JP,Nippon Steel,P4,균형형 전환,PORT-6ED16D34EBBA,DISCLOSED_PATH,5,2028,2037,0.179949,0.161954,0.658098,0.0,0.5,0.45,0.5,0.4,0.02,452.368974,NS-EAST:H2_DRI_EAF:2033|NS-KANSAI:SCRAP_EAF:2035|NS-KYUSHU:H2_DRI_EAF:2028|NS-NAGOYA:BF_RELINE:2031|NS-SETOUCHI:H2_DRI_EAF:2037,model_generated_candidate,"Generated from disclosed-path facility calendar, technology set and template contracting assumptions; not a company-announced project"
CAND-24A45D1624B14F,NIPPON_STEEL_JP,Nippon Steel,P6,조기 고헤지,PORT-47CAFB63A94E,DISCLOSED_PATH,5,2028,2036,0.0,0.192802,0.807198,0.0,0.9,0.85,0.85,0.8,0.035,606.784375,NS-EAST:H2_DRI_EAF:2032|NS-KANSAI:H2_DRI_EAF:2034|NS-KYUSHU:H2_DRI_EAF:2028|NS-NAGOYA:H2_DRI_EAF:2030|NS-SETOUCHI:SCRAP_EAF:2036,model_generated_candidate,"Generated from disclosed-path facility calendar, technology set and template contracting assumptions; not a company-announced project"
CAND-24F5A4F20C649C,NIPPON_STEEL_JP,Nippon Steel,P1,지연·현물조달,PORT-888EB63E71B0,DISCLOSED_PATH,5,2029,2038,0.354756,0.0,0.645244,0.0,0.0,0.0,0.1,0.0,0.0,420.698938,NS-EAST:H2_DRI_EAF:2034|NS-KANSAI:BF_RELINE:2036|NS-KYUSHU:H2_DRI_EAF:2029|NS-NAGOYA:H2_DRI_EAF:2032|NS-SETOUCHI:BF_RELINE:2038,model_generated_candidate,"Generated from disclosed-path facility calendar, technology set and template contracting assumptions; not a company-announced project"
CAND-250DE3ED2B41A6,NIPPON_STEEL_JP,Nippon Steel,P3,균형형 라이트헤지,PORT-C0BD308C7501,DISCLOSED_PATH,5,2029,2038,0.419023,0.179949,0.401028,0.0,0.3,0.25,0.35,0.25,0.015,255.278943,NS-EAST:H2_DRI_EAF:2034|NS-KANSAI:BF_RELINE:2036|NS-KYUSHU:BF_RELINE:2029|NS-NAGOYA:SCRAP_EAF:2032|NS-SETOUCHI:H2_DRI_EAF:2038,model_generated_candidate,"Generated from disclosed-path facility calendar, technology set and template contracting assumptions; not a company-announced project"
CAND-2525F1CBA6CD74,NIPPON_STEEL_JP,Nippon Steel,P1,지연·현물조달,PORT-DED2476419C0,DISCLOSED_PATH,5,2029,2038,0.658098,0.179949,0.161954,0.0,0.0,0.0,0.1,0.0,0.0,185.068938,NS-EAST:BF_RELINE:2034|NS-KANSAI:H2_DRI_EAF:2036|NS-KYUSHU:BF_RELINE:2029|NS-NAGOYA:SCRAP_EAF:2032|NS-SETOUCHI:BF_RELINE:2038,model_generated_candidate,"Generated from disclosed-path facility calendar, technology set and template contracting assumptions; not a company-announced project"
CAND-2589DCEE777BE6,NIPPON_STEEL_JP,Nippon Steel,P3,균형형 라이트헤지,PORT-7DC7D2B7A26E,DISCLOSED_PATH,5,2029,2038,0.465296,0.179949,0.354756,0.0,0.3,0.25,0.35,0.25,0.015,217.198938,NS-EAST:BF_RELINE:2034|NS-KANSAI:H2_DRI_EAF:2036|NS-KYUSHU:BF_RELINE:2029|NS-NAGOYA:SCRAP_EAF:2032|NS-SETOUCHI:H2_DRI_EAF:2038,model_generated_candidate,"Generated from disclosed-path facility calendar, technology set and template contracting assumptions; not a company-announced project"
CAND-2592C4A012BC02,NIPPON_STEEL_JP,Nippon Steel,P3,균형형 라이트헤지,PORT-65D55D48FAB7,DISCLOSED_PATH,5,2029,2038,0.388175,0.192802,0.419023,0.0,0.3,0.25,0.35,0.25,0.015,315.163964,NS-EAST:BF_RELINE:2034|NS-KANSAI:H2_DRI_EAF:2036|NS-KYUSHU:H2_DRI_EAF:2029|NS-NAGOYA:BF_RELINE:2032|NS-SETOUCHI:SCRAP_EAF:2038,model_generated_candidate,"Generated from disclosed-path facility calendar, technology set and template contracting assumptions; not a company-announced project"
CAND-263FA88B0DC7CD,NIPPON_STEEL_JP,Nippon Steel,P4,균형형 전환,PORT-784097DC6F17,DISCLOSED_PATH,5,2028,2037,0.192802,0.257069,0.550129,0.0,0.5,0.45,0.5,0.4,0.02,494.078941,NS-EAST:H2_DRI_EAF:2033|NS-KANSAI:H2_DRI_EAF:2035|NS-KYUSHU:SCRAP_EAF:2028|NS-NAGOYA:H2_DRI_EAF:2031|NS-SETOUCHI:BF_RELINE:2037,model_generated_candidate,"Generated from disclosed-path facility calendar, technology set and template contracting assumptions; not a company-announced project"
CAND-2698BE677BA7B4,NIPPON_STEEL_JP,Nippon Steel,P1,지연·현물조달,PORT-06AD5B3BFC32,DISCLOSED_PATH,5,2029,2038,0.257069,0.562982,0.179949,0.0,0.0,0.0,0.1,0.0,0.0,292.503942,NS-EAST:SCRAP_EAF:2034|NS-KANSAI:SCRAP_EAF:2036|NS-KYUSHU:BF_RELINE:2029|NS-NAGOYA:H2_DRI_EAF:2032|NS-SETOUCHI:SCRAP_EAF:2038,model_generated_candidate,"Generated from disclosed-path facility calendar, technology set and template contracting assumptions; not a company-announced project"
CAND-26DA5ADD4A88E6,NIPPON_STEEL_JP,Nippon Steel,P3,균형형 라이트헤지,PORT-AA17EC0396DF,DISCLOSED_PATH,5,2029,2038,0.161954,0.437018,0.401028,0.0,0.3,0.25,0.35,0.25,0.015,411.878943,NS-EAST:H2_DRI_EAF:2034|NS-KANSAI:BF_RELINE:2036|NS-KYUSHU:SCRAP_EAF:2029|NS-NAGOYA:SCRAP_EAF:2032|NS-SETOUCHI:H2_DRI_EAF:2038,model_generated_candidate,"Generated from disclosed-path facility calendar, technology set and template contracting assumptions; not a company-announced project"
CAND-278851115D0D1C,NIPPON_STEEL_JP,Nippon Steel,P2,지연·부분헤지,PORT-20A2D678A278,DISCLOSED_PATH,5,2029,2038,0.0,0.354756,0.645244,0.0,0.15,0.1,0.2,0.1,0.01,488.703943,NS-EAST:H2_DRI_EAF:2034|NS-KANSAI:SCRAP_EAF:2036|NS-KYUSHU:H2_DRI_EAF:2029|NS-NAGOYA:H2_DRI_EAF:2032|NS-SETOUCHI:SCRAP_EAF:2038,model_generated_candidate,"Generated from disclosed-path facility calendar, technology set and template contracting assumptions; not a company-announced project"
CAND-29C30D2E9FA1DE,NIPPON_STEEL_JP,Nippon Steel,P4,균형형 전환,PORT-DC48B7EC80A2,DISCLOSED_PATH,5,2028,2037,0.0,0.208226,0.791774,0.0,0.5,0.45,0.5,0.4,0.02,551.768939,NS-EAST:SCRAP_EAF:2033|NS-KANSAI:H2_DRI_EAF:2035|NS-KYUSHU:H2_DRI_EAF:2028|NS-NAGOYA:H2_DRI_EAF:2031|NS-SETOUCHI:H2_DRI_EAF:2037,model_generated_candidate,"Generated from disclosed-path facility calendar, technology set and template contracting assumptions; not a company-announced project"
CAND-2AD4473206AF0B,NIPPON_STEEL_JP,Nippon Steel,P3,균형형 라이트헤지,PORT-C84D6A8C133A,DISCLOSED_PATH,5,2029,2038,0.550129,0.0,0.449871,0.0,0.3,0.25,0.35,0.25,0.015,272.288958,NS-EAST:BF_RELINE:2034|NS-KANSAI:BF_RELINE:2036|NS-KYUSHU:H2_DRI_EAF:2029|NS-NAGOYA:BF_RELINE:2032|NS-SETOUCHI:H2_DRI_EAF:2038,model_generated_candidate,"Generated from disclosed-path facility calendar, technology set and template contracting assumptions; not a company-announced project"
CAND-2B06EEF01C226E,NIPPON_STEEL_JP,Nippon Steel,P1,지연·현물조달,PORT-060F7B7B1610,DISCLOSED_PATH,5,2029,2038,0.465296,0.0,0.534704,0.0,0.0,0.0,0.1,0.0,0.0,231.148933,NS-EAST:BF_RELINE:2034|NS-KANSAI:H2_DRI_EAF:2036|NS-KYUSHU:BF_RELINE:2029|NS-NAGOYA:H2_DRI_EAF:2032|NS-SETOUCHI:H2_DRI_EAF:2038,model_generated_candidate,"Generated from disclosed-path facility calendar, technology set and template contracting assumptions; not a company-announced project"
CAND-2B0C0B4A02AA29,NIPPON_STEEL_JP,Nippon Steel,P3,균형형 라이트헤지,PORT-4B5687E526DA,DISCLOSED_PATH,5,2029,2038,0.465296,0.161954,0.372751,0.0,0.3,0.25,0.35,0.25,0.015,224.148932,NS-EAST:BF_RELINE:2034|NS-KANSAI:SCRAP_EAF:2036|NS-KYUSHU:BF_RELINE:2029|NS-NAGOYA:H2_DRI_EAF:2032|NS-SETOUCHI:H2_DRI_EAF:2038,model_generated_candidate,"Generated from disclosed-path facility calendar, technology set and template contracting assumptions; not a company-announced project"
CAND-2D4275A1A87901,NIPPON_STEEL_JP,Nippon Steel,P1,지연·현물조달,PORT-7CC9F6AA7C42,DISCLOSED_PATH,5,2029,2038,0.192802,0.161954,0.645244,0.0,0.0,0.0,0.1,0.0,0.0,461.298943,NS-EAST:H2_DRI_EAF:2034|NS-KANSAI:SCRAP_EAF:2036|NS-KYUSHU:H2_DRI_EAF:2029|NS-NAGOYA:H2_DRI_EAF:2032|NS-SETOUCHI:BF_RELINE:2038,model_generated_candidate,"Generated from disclosed-path facility calendar, technology set and template contracting assumptions; not a company-announced project"
CAND-2DB3DA11F18C0B,NIPPON_STEEL_JP,Nippon Steel,P2,지연·부분헤지,PORT-FD7D021B62CB,DISCLOSED_PATH,5,2029,2038,0.257069,0.388175,0.354756,0.0,0.15,0.1,0.2,0.1,0.01,290.278947,NS-EAST:SCRAP_EAF:2034|NS-KANSAI:H2_DRI_EAF:2036|NS-KYUSHU:BF_RELINE:2029|NS-NAGOYA:SCRAP_EAF:2032|NS-SETOUCHI:H2_DRI_EAF:2038,model_generated_candidate,"Generated from disclosed-path facility calendar, technology set and template contracting assumptions; not a company-announced project"
CAND-2DEBC8763F0F23,NIPPON_STEEL_JP,Nippon Steel,P1,지연·현물조달,PORT-F62C0446471A,DISCLOSED_PATH,5,2029,2038,0.465296,0.534704,0.0,0.0,0.0,0.0,0.1,0.0,0.0,205.473937,NS-EAST:BF_RELINE:2034|NS-KANSAI:SCRAP_EAF:2036|NS-KYUSHU:BF_RELINE:2029|NS-NAGOYA:SCRAP_EAF:2032|NS-SETOUCHI:SCRAP_EAF:2038,model_generated_candidate,"Generated from disclosed-path facility calendar, technology set and template contracting assumptions; not a company-announced project"
CAND-2E3E235F5F3F44,NIPPON_STEEL_JP,Nippon Steel,P2,지연·부분헤지,PORT-0ACD636A8AEE,DISCLOSED_PATH,5,2029,2038,0.0,0.645244,0.354756,0.0,0.15,0.1,0.2,0.1,0.01,446.878947,NS-EAST:SCRAP_EAF:2034|NS-KANSAI:H2_DRI_EAF:2036|NS-KYUSHU:SCRAP_EAF:2029|NS-NAGOYA:SCRAP_EAF:2032|NS-SETOUCHI:H2_DRI_EAF:2038,model_generated_candidate,"Generated from disclosed-path facility calendar, technology set and template contracting assumptions; not a company-announced project"
CAND-2E3ED87CCF5A2D,NIPPON_STEEL_JP,Nippon Steel,P2,지연·부분헤지,PORT-6595376D3E3B,DISCLOSED_PATH,5,2029,2038,0.0,0.37018,0.62982,0.0,0.15,0.1,0.2,0.1,0.01,480.828942,NS-EAST:SCRAP_EAF:2034|NS-KANSAI:SCRAP_EAF:2036|NS-KYUSHU:H2_DRI_EAF:2029|NS-NAGOYA:H2_DRI_EAF:2032|NS-SETOUCHI:H2_DRI_EAF:2038,model_generated_candidate,"Generated from disclosed-path facility calendar, technology set and template contracting assumptions; not a company-announced project"
CAND-2E55262F36E739,NIPPON_STEEL_JP,Nippon Steel,P1,지연·현물조달,PORT-2B4B7B3B418B,DISCLOSED_PATH,5,2029,2038,0.401028,0.161954,0.437018,0.0,0.0,0.0,0.1,0.0,0.0,375.618932,NS-EAST:BF_RELINE:2034|NS-KANSAI:SCRAP_EAF:2036|NS-KYUSHU:H2_DRI_EAF:2029|NS-NAGOYA:H2_DRI_EAF:2032|NS-SETOUCHI:BF_RELINE:2038,model_generated_candidate,"Generated from disclosed-path facility calendar, technology set and template contracting assumptions; not a company-announced project"
CAND-2F283E1A1F6910,NIPPON_STEEL_JP,Nippon Steel,P2,지연·부분헤지,PORT-057E98E0E9FE,DISCLOSED_PATH,5,2029,2038,0.388175,0.354756,0.257069,0.0,0.15,0.1,0.2,0.1,0.01,308.163963,NS-EAST:BF_RELINE:2034|NS-KANSAI:SCRAP_EAF:2036|NS-KYUSHU:H2_DRI_EAF:2029|NS-NAGOYA:BF_RELINE:2032|NS-SETOUCHI:SCRAP_EAF:2038,model_generated_candidate,"Generated from disclosed-path facility calendar, technology set and template contracting assumptions; not a company-announced project"
CAND-31390EC55355BC,NIPPON_STEEL_JP,Nippon Steel,P1,지연·현물조달,PORT-BE01C0E85B02,DISCLOSED_PATH,5,2029,2038,0.208226,0.341902,0.449871,0.0,0.0,0.0,0.1,0.0,0.0,393.798937,NS-EAST:BF_RELINE:2034|NS-KANSAI:SCRAP_EAF:2036|NS-KYUSHU:H2_DRI_EAF:2029|NS-NAGOYA:SCRAP_EAF:2032|NS-SETOUCHI:H2_DRI_EAF:2038,model_generated_candidate,"Generated from disclosed-path facility calendar, technology set and template contracting assumptions; not a company-announced project"
CAND-3194B472DF5DEB,NIPPON_STEEL_JP,Nippon Steel,P6,조기 고헤지,PORT-973ADE455C53,DISCLOSED_PATH,5,2028,2036,0.0,0.179949,0.820051,0.0,0.9,0.85,0.85,0.8,0.035,597.609381,NS-EAST:H2_DRI_EAF:2032|NS-KANSAI:H2_DRI_EAF:2034|NS-KYUSHU:H2_DRI_EAF:2028|NS-NAGOYA:SCRAP_EAF:2030|NS-SETOUCHI:H2_DRI_EAF:2036,model_generated_candidate,"Generated from disclosed-path facility calendar, technology set and template contracting assumptions; not a company-announced project"
CAND-32B1C4DEC95227,NIPPON_STEEL_JP,Nippon Steel,P3,균형형 라이트헤지,PORT-0ACD636A8AEE,DISCLOSED_PATH,5,2029,2038,0.0,0.645244,0.354756,0.0,0.3,0.25,0.35,0.25,0.015,446.878947,NS-EAST:SCRAP_EAF:2034|NS-KANSAI:H2_DRI_EAF:2036|NS-KYUSHU:SCRAP_EAF:2029|NS-NAGOYA:SCRAP_EAF:2032|NS-SETOUCHI:H2_DRI_EAF:2038,model_generated_candidate,"Generated from disclosed-path facility calendar, technology set and template contracting assumptions; not a company-announced project"
CAND-32DE0C06BF2435,NIPPON_STEEL_JP,Nippon Steel,P3,균형형 라이트헤지,PORT-7DC6DDA55D96,DISCLOSED_PATH,5,2029,2038,0.437018,0.208226,0.354756,0.0,0.3,0.25,0.35,0.25,0.015,209.368973,NS-EAST:SCRAP_EAF:2034|NS-KANSAI:H2_DRI_EAF:2036|NS-KYUSHU:BF_RELINE:2029|NS-NAGOYA:BF_RELINE:2032|NS-SETOUCHI:H2_DRI_EAF:2038,model_generated_candidate,"Generated from disclosed-path facility calendar, technology set and template contracting assumptions; not a company-announced project"
CAND-33480771F67BD6,NIPPON_STEEL_JP,Nippon Steel,P2,지연·부분헤지,PORT-5DE4D9A04480,DISCLOSED_PATH,5,2029,2038,0.0,0.611825,0.388175,0.0,0.15,0.1,0.2,0.1,0.01,461.703943,NS-EAST:H2_DRI_EAF:2034|NS-KANSAI:SCRAP_EAF:2036|NS-KYUSHU:SCRAP_EAF:2029|NS-NAGOYA:H2_DRI_EAF:2032|NS-SETOUCHI:SCRAP_EAF:2038,model_generated_candidate,"Generated from disclosed-path facility calendar, technology set and template contracting assumptions; not a company-announced project"
CAND-34D323983B26A7,NIPPON_STEEL_JP,Nippon Steel,P4,균형형 전환,PORT-98EBE3980CE1,DISCLOSED_PATH,5,2028,2037,0.208226,0.161954,0.62982,0.0,0.5,0.45,0.5,0.4,0.02,459.848927,NS-EAST:BF_RELINE:2033|NS-KANSAI:SCRAP_EAF:2035|NS-KYUSHU:H2_DRI_EAF:2028|NS-NAGOYA:H2_DRI_EAF:2031|NS-SETOUCHI:H2_DRI_EAF:2037,model_generated_candidate,"Generated from disclosed-path facility calendar, technology set and template contracting assumptions; not a company-announced project"
CAND-358032C0E0A6C1,NIPPON_STEEL_JP,Nippon Steel,P3,균형형 라이트헤지,PORT-AC68D0606F7A,DISCLOSED_PATH,5,2029,2038,0.37018,0.192802,0.437018,0.0,0.3,0.25,0.35,0.25,0.015,362.423927,NS-EAST:BF_RELINE:2034|NS-KANSAI:BF_RELINE:2036|NS-KYUSHU:H2_DRI_EAF:2029|NS-NAGOYA:H2_DRI_EAF:2032|NS-SETOUCHI:SCRAP_EAF:2038,model_generated_candidate,"Generated from disclosed-path facility calendar, technology set and template contracting assumptions; not a company-announced project"
CAND-363910C02980BC,NIPPON_STEEL_JP,Nippon Steel,P5,조기 계약형 전환,PORT-6D0E22B33B6B,DISCLOSED_PATH,5,2028,2037,0.341902,0.0,0.658098,0.0,0.7,0.65,0.65,0.6,0.025,403.648968,NS-EAST:H2_DRI_EAF:2033|NS-KANSAI:BF_RELINE:2035|NS-KYUSHU:H2_DRI_EAF:2028|NS-NAGOYA:BF_RELINE:2031|NS-SETOUCHI:H2_DRI_EAF:2037,model_generated_candidate,"Generated from disclosed-path facility calendar, technology set and template contracting assumptions; not a company-announced project"
CAND-368459B36ED0AE,NIPPON_STEEL_JP,Nippon Steel,P1,지연·현물조달,PORT-6F42E9590CB3,DISCLOSED_PATH,5,2029,2038,0.354756,0.257069,0.388175,0.0,0.0,0.0,0.1,0.0,0.0,393.698938,NS-EAST:H2_DRI_EAF:2034|NS-KANSAI:BF_RELINE:2036|NS-KYUSHU:SCRAP_EAF:2029|NS-NAGOYA:H2_DRI_EAF:2032|NS-SETOUCHI:BF_RELINE:2038,model_generated_candidate,"Generated from disclosed-path facility calendar, technology set and template contracting assumptions; not a company-announced project"
CAND-36C10F1CCA9429,NIPPON_STEEL_JP,Nippon Steel,P1,지연·현물조달,PORT-EB022BB10102,DISCLOSED_PATH,5,2029,2038,0.449871,0.208226,0.341902,0.0,0.0,0.0,0.1,0.0,0.0,272.098943,NS-EAST:SCRAP_EAF:2034|NS-KANSAI:H2_DRI_EAF:2036|NS-KYUSHU:BF_RELINE:2029|NS-NAGOYA:H2_DRI_EAF:2032|NS-SETOUCHI:BF_RELINE:2038,model_generated_candidate,"Generated from disclosed-path facility calendar, technology set and template contracting assumptions; not a company-announced project"
CAND-36D1F9F283C10F,NIPPON_STEEL_JP,Nippon Steel,P4,균형형 전환,PORT-7AACF23AFCC7,DISCLOSED_PATH,5,2028,2037,0.208226,0.192802,0.598972,0.0,0.5,0.45,0.5,0.4,0.02,461.948928,NS-EAST:BF_RELINE:2033|NS-KANSAI:H2_DRI_EAF:2035|NS-KYUSHU:H2_DRI_EAF:2028|NS-NAGOYA:H2_DRI_EAF:2031|NS-SETOUCHI:SCRAP_EAF:2037,model_generated_candidate,"Generated from disclosed-path facility calendar, technology set and template contracting assumptions; not a company-announced project"
CAND-375ABE94B32849,NIPPON_STEEL_JP,Nippon Steel,P3,균형형 라이트헤지,PORT-6BA9841BAB7B,DISCLOSED_PATH,5,2029,2038,0.179949,0.401028,0.419023,0.0,0.3,0.25,0.35,0.25,0.015,388.243973,NS-EAST:SCRAP_EAF:2034|NS-KANSAI:H2_DRI_EAF:2036|NS-KYUSHU:H2_DRI_EAF:2029|NS-NAGOYA:BF_RELINE:2032|NS-SETOUCHI:SCRAP_EAF:2038,model_generated_candidate,"Generated from disclosed-path facility calendar, technology set and template contracting assumptions; not a company-announced project"
CAND-37873F4AEC24E8,NIPPON_STEEL_JP,Nippon Steel,P6,조기 고헤지,PORT-155D5351606D,DISCLOSED_PATH,5,2028,2036,0.0,0.161954,0.838046,0.0,0.9,0.85,0.85,0.8,0.035,604.859374,NS-EAST:H2_DRI_EAF:2032|NS-KANSAI:SCRAP_EAF:2034|NS-KYUSHU:H2_DRI_EAF:2028|NS-NAGOYA:H2_DRI_EAF:2030|NS-SETOUCHI:H2_DRI_EAF:2036,model_generated_candidate,"Generated from disclosed-path facility calendar, technology set and template contracting assumptions; not a company-announced project"
CAND-3846B6C1209CCD,NIPPON_STEEL_JP,Nippon Steel,P2,지연·부분헤지,PORT-1C358B09C3EE,DISCLOSED_PATH,5,2029,2038,0.208226,0.161954,0.62982,0.0,0.15,0.1,0.2,0.1,0.01,407.748932,NS-EAST:BF_RELINE:2034|NS-KANSAI:SCRAP_EAF:2036|NS-KYUSHU:H2_DRI_EAF:2029|NS-NAGOYA:H2_DRI_EAF:2032|NS-SETOUCHI:H2_DRI_EAF:2038,model_generated_candidate,"Generated from disclosed-path facility calendar, technology set and template contracting assumptions; not a company-announced project"
CAND-39C36DFE530062,NIPPON_STEEL_JP,Nippon Steel,P5,조기 계약형 전환,PORT-216E4B3158C6,DISCLOSED_PATH,5,2028,2037,0.0,0.179949,0.820051,0.0,0.7,0.65,0.65,0.6,0.025,550.668946,NS-EAST:H2_DRI_EAF:2033|NS-KANSAI:H2_DRI_EAF:2035|NS-KYUSHU:H2_DRI_EAF:2028|NS-NAGOYA:SCRAP_EAF:2031|NS-SETOUCHI:H2_DRI_EAF:2037,model_generated_candidate,"Generated from disclosed-path facility calendar, technology set and template contracting assumptions; not a company-announced project"
CAND-39EC71DC072D56,NIPPON_STEEL_JP,Nippon Steel,P1,지연·현물조달,PORT-C6368C8F5DC9,DISCLOSED_PATH,5,2029,2038,0.534704,0.257069,0.208226,0.0,0.0,0.0,0.1,0.0,0.0,298.838969,NS-EAST:H2_DRI_EAF:2034|NS-KANSAI:BF_RELINE:2036|NS-KYUSHU:SCRAP_EAF:2029|NS-NAGOYA:BF_RELINE:2032|NS-SETOUCHI:BF_RELINE:2038,model_generated_candidate,"Generated from disclosed-path facility calendar, technology set and template contracting assumptions; not a company-announced project"
CAND-3A45E4027685EB,NIPPON_STEEL_JP,Nippon Steel,P2,지연·부분헤지,PORT-43EF81127474,DISCLOSED_PATH,5,2029,2038,0.208226,0.0,0.791774,0.0,0.15,0.1,0.2,0.1,0.01,414.748933,NS-EAST:BF_RELINE:2034|NS-KANSAI:H2_DRI_EAF:2036|NS-KYUSHU:H2_DRI_EAF:2029|NS-NAGOYA:H2_DRI_EAF:2032|NS-SETOUCHI:H2_DRI_EAF:2038,model_generated_candidate,"Generated from disclosed-path facility calendar, technology set and template contracting assumptions; not a company-announced project"
CAND-3AE3E6B076254D,NIPPON_STEEL_JP,Nippon Steel,P1,지연·현물조달,PORT-91584DA203D9,DISCLOSED_PATH,5,2029,2038,0.611825,0.179949,0.208226,0.0,0.0,0.0,0.1,0.0,0.0,223.148943,NS-EAST:H2_DRI_EAF:2034|NS-KANSAI:BF_RELINE:2036|NS-KYUSHU:BF_RELINE:2029|NS-NAGOYA:SCRAP_EAF:2032|NS-SETOUCHI:BF_RELINE:2038,model_generated_candidate,"Generated from disclosed-path facility calendar, technology set and template contracting assumptions; not a company-announced project"
CAND-3B1DF64F26A1C8,NIPPON_STEEL_JP,Nippon Steel,P2,지연·부분헤지,PORT-807501AD1AFE,DISCLOSED_PATH,5,2029,2038,0.161954,0.580977,0.257069,0.0,0.15,0.1,0.2,0.1,0.01,421.553941,NS-EAST:SCRAP_EAF:2034|NS-KANSAI:BF_RELINE:2036|NS-KYUSHU:H2_DRI_EAF:2029|NS-NAGOYA:SCRAP_EAF:2032|NS-SETOUCHI:SCRAP_EAF:2038,model_generated_candidate,"Generated from disclosed-path facility calendar, technology set and template contracting assumptions; not a company-announced project"
CAND-3B85ADC4F785D9,NIPPON_STEEL_JP,Nippon Steel,P1,지연·현물조달,PORT-36D98C3CB76E,DISCLOSED_PATH,5,2029,2038,0.627249,0.372751,0.0,0.0,0.0,0.0,0.1,0.0,0.0,164.873932,NS-EAST:BF_RELINE:2034|NS-KANSAI:BF_RELINE:2036|NS-KYUSHU:BF_RELINE:2029|NS-NAGOYA:SCRAP_EAF:2032|NS-SETOUCHI:SCRAP_EAF:2038,model_generated_candidate,"Generated from disclosed-path facility calendar, technology set and template contracting assumptions; not a company-announced project"
CAND-3C25CEC2C8DCA6,NIPPON_STEEL_JP,Nippon Steel,P1,지연·현물조달,PORT-4B5687E526DA,DISCLOSED_PATH,5,2029,2038,0.465296,0.161954,0.372751,0.0,0.0,0.0,0.1,0.0,0.0,224.148932,NS-EAST:BF_RELINE:2034|NS-KANSAI:SCRAP_EAF:2036|NS-KYUSHU:BF_RELINE:2029|NS-NAGOYA:H2_DRI_EAF:2032|NS-SETOUCHI:H2_DRI_EAF:2038,model_generated_candidate,"Generated from disclosed-path facility calendar, technology set and template contracting assumptions; not a company-announced project"
CAND-3D1DE2FB90560C,NIPPON_STEEL_JP,Nippon Steel,P1,지연·현물조달,PORT-5ADA91EDF97F,DISCLOSED_PATH,5,2029,2038,0.419023,0.208226,0.372751,0.0,0.0,0.0,0.1,0.0,0.0,256.628937,NS-EAST:SCRAP_EAF:2034|NS-KANSAI:BF_RELINE:2036|NS-KYUSHU:BF_RELINE:2029|NS-NAGOYA:H2_DRI_EAF:2032|NS-SETOUCHI:H2_DRI_EAF:2038,model_generated_candidate,"Generated from disclosed-path facility calendar, technology set and template contracting assumptions; not a company-announced project"
CAND-3D2EF5278D6CC4,NIPPON_STEEL_JP,Nippon Steel,P1,지연·현물조달,PORT-9D6D0AEF4524,DISCLOSED_PATH,5,2029,2038,0.0,0.372751,0.627249,0.0,0.0,0.0,0.1,0.0,0.0,481.753949,NS-EAST:H2_DRI_EAF:2034|NS-KANSAI:H2_DRI_EAF:2036|NS-KYUSHU:H2_DRI_EAF:2029|NS-NAGOYA:SCRAP_EAF:2032|NS-SETOUCHI:SCRAP_EAF:2038,model_generated_candidate,"Generated from disclosed-path facility calendar, technology set and template contracting assumptions; not a company-announced project"
CAND-3DAE6A1DA025A3,NIPPON_STEEL_JP,Nippon Steel,P3,균형형 라이트헤지,PORT-4FC217565C3B,DISCLOSED_PATH,5,2029,2038,0.341902,0.208226,0.449871,0.0,0.3,0.25,0.35,0.25,0.015,345.368967,NS-EAST:SCRAP_EAF:2034|NS-KANSAI:BF_RELINE:2036|NS-KYUSHU:H2_DRI_EAF:2029|NS-NAGOYA:BF_RELINE:2032|NS-SETOUCHI:H2_DRI_EAF:2038,model_generated_candidate,"Generated from disclosed-path facility calendar, technology set and template contracting assumptions; not a company-announced project"
CAND-3DE8D6197F9834,NIPPON_STEEL_JP,Nippon Steel,P3,균형형 라이트헤지,PORT-7F141003EFD9,DISCLOSED_PATH,5,2029,2038,0.0,0.419023,0.580977,0.0,0.3,0.25,0.35,0.25,0.015,466.428943,NS-EAST:H2_DRI_EAF:2034|NS-KANSAI:SCRAP_EAF:2036|NS-KYUSHU:SCRAP_EAF:2029|NS-NAGOYA:H2_DRI_EAF:2032|NS-SETOUCHI:H2_DRI_EAF:2038,model_generated_candidate,"Generated from disclosed-path facility calendar, technology set and template contracting assumptions; not a company-announced project"
CAND-3E867AE3AC41B1,NIPPON_STEEL_JP,Nippon Steel,P2,지연·부분헤지,PORT-EDF18767D12A,DISCLOSED_PATH,5,2029,2038,0.179949,0.161954,0.658098,0.0,0.15,0.1,0.2,0.1,0.01,398.568974,NS-EAST:H2_DRI_EAF:2034|NS-KANSAI:SCRAP_EAF:2036|NS-KYUSHU:H2_DRI_EAF:2029|NS-NAGOYA:BF_RELINE:2032|NS-SETOUCHI:H2_DRI_EAF:2038,model_generated_candidate,"Generated from disclosed-path facility calendar, technology set and template contracting assumptions; not a company-announced project"
CAND-3E96EFC81809D0,NIPPON_STEEL_JP,Nippon Steel,P1,지연·현물조달,PORT-413ECF7F1B83,DISCLOSED_PATH,5,2029,2038,0.257069,0.534704,0.208226,0.0,0.0,0.0,0.1,0.0,0.0,291.153948,NS-EAST:H2_DRI_EAF:2034|NS-KANSAI:SCRAP_EAF:2036|NS-KYUSHU:BF_RELINE:2029|NS-NAGOYA:SCRAP_EAF:2032|NS-SETOUCHI:SCRAP_EAF:2038,model_generated_candidate,"Generated from disclosed-path facility calendar, technology set and template contracting assumptions; not a company-announced project"
CAND-3EA33E7BC29133,NIPPON_STEEL_JP,Nippon Steel,P1,지연·현물조달,PORT-E7B35CB7C0D2,DISCLOSED_PATH,5,2029,2038,0.192802,0.465296,0.341902,0.0,0.0,0.0,0.1,0.0,0.0,428.698943,NS-EAST:SCRAP_EAF:2034|NS-KANSAI:H2_DRI_EAF:2036|NS-KYUSHU:SCRAP_EAF:2029|NS-NAGOYA:H2_DRI_EAF:2032|NS-SETOUCHI:BF_RELINE:2038,model_generated_candidate,"Generated from disclosed-path facility calendar, technology set and template contracting assumptions; not a company-announced project"
CAND-3F0E54D196E84E,NIPPON_STEEL_JP,Nippon Steel,P1,지연·현물조달,PORT-BA0215B7029E,DISCLOSED_PATH,5,2029,2038,0.192802,0.419023,0.388175,0.0,0.0,0.0,0.1,0.0,0.0,434.298943,NS-EAST:H2_DRI_EAF:2034|NS-KANSAI:SCRAP_EAF:2036|NS-KYUSHU:SCRAP_EAF:2029|NS-NAGOYA:H2_DRI_EAF:2032|NS-SETOUCHI:BF_RELINE:2038,model_generated_candidate,"Generated from disclosed-path facility calendar, technology set and template contracting assumptions; not a company-announced project"
CAND-40AB86DD5DFE65,NIPPON_STEEL_JP,Nippon Steel,P3,균형형 라이트헤지,PORT-243FA04FE940,DISCLOSED_PATH,5,2029,2038,0.62982,0.0,0.37018,0.0,0.3,0.25,0.35,0.25,0.015,189.838975,NS-EAST:H2_DRI_EAF:2034|NS-KANSAI:H2_DRI_EAF:2036|NS-KYUSHU:BF_RELINE:2029|NS-NAGOYA:BF_RELINE:2032|NS-SETOUCHI:BF_RELINE:2038,model_generated_candidate,"Generated from disclosed-path facility calendar, technology set and template contracting assumptions; not a company-announced project"
CAND-40F4CBA7C91A01,NIPPON_STEEL_JP,Nippon Steel,P1,지연·현물조달,PORT-5ACD5D586F5E,DISCLOSED_PATH,5,2029,2038,0.192802,0.627249,0.179949,0.0,0.0,0.0,0.1,0.0,0.0,421.698942,NS-EAST:SCRAP_EAF:2034|NS-KANSAI:SCRAP_EAF:2036|NS-KYUSHU:SCRAP_EAF:2029|NS-NAGOYA:H2_DRI_EAF:2032|NS-SETOUCHI:BF_RELINE:2038,model_generated_candidate,"Generated from disclosed-path facility calendar, technology set and template contracting assumptions; not a company-announced project"
CAND-41147A86C6CC6A,NIPPON_STEEL_JP,Nippon Steel,P2,지연·부분헤지,PORT-38535C2DEC41,DISCLOSED_PATH,5,2029,2038,0.341902,0.192802,0.465296,0.0,0.15,0.1,0.2,0.1,0.01,353.243969,NS-EAST:H2_DRI_EAF:2034|NS-KANSAI:BF_RELINE:2036|NS-KYUSHU:H2_DRI_EAF:2029|NS-NAGOYA:BF_RELINE:2032|NS-SETOUCHI:SCRAP_EAF:2038,model_generated_candidate,"Generated from disclosed-path facility calendar, technology set and template contracting assumptions; not a company-announced project"
CAND-4283B64732024A,NIPPON_STEEL_JP,Nippon Steel,P3,균형형 라이트헤지,PORT-D71AD7929180,DISCLOSED_PATH,5,2029,2038,0.372751,0.161954,0.465296,0.0,0.3,0.25,0.35,0.25,0.015,366.438974,NS-EAST:H2_DRI_EAF:2034|NS-KANSAI:SCRAP_EAF:2036|NS-KYUSHU:H2_DRI_EAF:2029|NS-NAGOYA:BF_RELINE:2032|NS-SETOUCHI:BF_RELINE:2038,model_generated_candidate,"Generated from disclosed-path facility calendar, technology set and template contracting assumptions; not a company-announced project"
CAND-42EB7DBE6A04AD,NIPPON_STEEL_JP,Nippon Steel,P2,지연·부분헤지,PORT-17AB13B46286,DISCLOSED_PATH,5,2029,2038,0.179949,0.37018,0.449871,0.0,0.15,0.1,0.2,0.1,0.01,385.968972,NS-EAST:SCRAP_EAF:2034|NS-KANSAI:SCRAP_EAF:2036|NS-KYUSHU:H2_DRI_EAF:2029|NS-NAGOYA:BF_RELINE:2032|NS-SETOUCHI:H2_DRI_EAF:2038,model_generated_candidate,"Generated from disclosed-path facility calendar, technology set and template contracting assumptions; not a company-announced project"
CAND-43633E7456CA0E,NIPPON_STEEL_JP,Nippon Steel,P2,지연·부분헤지,PORT-01174EA2B96D,DISCLOSED_PATH,5,2029,2038,0.580977,0.161954,0.257069,0.0,0.15,0.1,0.2,0.1,0.01,280.758963,NS-EAST:BF_RELINE:2034|NS-KANSAI:SCRAP_EAF:2036|NS-KYUSHU:H2_DRI_EAF:2029|NS-NAGOYA:BF_RELINE:2032|NS-SETOUCHI:BF_RELINE:2038,model_generated_candidate,"Generated from disclosed-path facility calendar, technology set and template contracting assumptions; not a company-announced project"
CAND-43ED54F71B5B31,NIPPON_STEEL_JP,Nippon Steel,P2,지연·부분헤지,PORT-00A7244DC13E,DISCLOSED_PATH,5,2029,2038,0.179949,0.611825,0.208226,0.0,0.15,0.1,0.2,0.1,0.01,366.843974,NS-EAST:H2_DRI_EAF:2034|NS-KANSAI:SCRAP_EAF:2036|NS-KYUSHU:SCRAP_EAF:2029|NS-NAGOYA:BF_RELINE:2032|NS-SETOUCHI:SCRAP_EAF:2038,model_generated_candidate,"Generated from disclosed-path facility calendar, technology set and template contracting assumptions; not a company-announced project"
CAND-450CB289C8C9D2,NIPPON_STEEL_JP,Nippon Steel,P1,지연·현물조달,PORT-00A7244DC13E,DISCLOSED_PATH,5,2029,2038,0.179949,0.611825,0.208226,0.0,0.0,0.0,0.1,0.0,0.0,366.843974,NS-EAST:H2_DRI_EAF:2034|NS-KANSAI:SCRAP_EAF:2036|NS-KYUSHU:SCRAP_EAF:2029|NS-NAGOYA:BF_RELINE:2032|NS-SETOUCHI:SCRAP_EAF:2038,model_generated_candidate,"Generated from disclosed-path facility calendar, technology set and template contracting assumptions; not a company-announced project"
CAND-45269D03AA5CA4,NIPPON_STEEL_JP,Nippon Steel,P2,지연·부분헤지,PORT-5B51FD1C8E45,DISCLOSED_PATH,5,2029,2038,0.179949,0.257069,0.562982,0.0,0.15,0.1,0.2,0.1,0.01,378.568975,NS-EAST:H2_DRI_EAF:2034|NS-KANSAI:H2_DRI_EAF:2036|NS-KYUSHU:SCRAP_EAF:2029|NS-NAGOYA:BF_RELINE:2032|NS-SETOUCHI:H2_DRI_EAF:2038,model_generated_candidate,"Generated from disclosed-path facility calendar, technology set and template contracting assumptions; not a company-announced project"
CAND-45605758418B60,NIPPON_STEEL_JP,Nippon Steel,P2,지연·부분헤지,PORT-3391EE4132D6,DISCLOSED_PATH,5,2029,2038,0.0,0.627249,0.372751,0.0,0.15,0.1,0.2,0.1,0.01,453.828942,NS-EAST:SCRAP_EAF:2034|NS-KANSAI:SCRAP_EAF:2036|NS-KYUSHU:SCRAP_EAF:2029|NS-NAGOYA:H2_DRI_EAF:2032|NS-SETOUCHI:H2_DRI_EAF:2038,model_generated_candidate,"Generated from disclosed-path facility calendar, technology set and template contracting assumptions; not a company-announced project"
CAND-458D573EF94374,NIPPON_STEEL_JP,Nippon Steel,P3,균형형 라이트헤지,PORT-203CD7D2B6DE,DISCLOSED_PATH,5,2029,2038,0.37018,0.257069,0.372751,0.0,0.3,0.25,0.35,0.25,0.015,340.148927,NS-EAST:BF_RELINE:2034|NS-KANSAI:BF_RELINE:2036|NS-KYUSHU:SCRAP_EAF:2029|NS-NAGOYA:H2_DRI_EAF:2032|NS-SETOUCHI:H2_DRI_EAF:2038,model_generated_candidate,"Generated from disclosed-path facility calendar, technology set and template contracting assumptions; not a company-announced project"
CAND-45B8770EDB8FD9,NIPPON_STEEL_JP,Nippon Steel,P1,지연·현물조달,PORT-203CD7D2B6DE,DISCLOSED_PATH,5,2029,2038,0.37018,0.257069,0.372751,0.0,0.0,0.0,0.1,0.0,0.0,340.148927,NS-EAST:BF_RELINE:2034|NS-KANSAI:BF_RELINE:2036|NS-KYUSHU:SCRAP_EAF:2029|NS-NAGOYA:H2_DRI_EAF:2032|NS-SETOUCHI:H2_DRI_EAF:2038,model_generated_candidate,"Generated from disclosed-path facility calendar, technology set and template contracting assumptions; not a company-announced project"
CAND-461B72F0CEA54E,NIPPON_STEEL_JP,Nippon Steel,P2,지연·부분헤지,PORT-1B8D3CFF1438,DISCLOSED_PATH,5,2029,2038,0.437018,0.354756,0.208226,0.0,0.15,0.1,0.2,0.1,0.01,210.243974,NS-EAST:H2_DRI_EAF:2034|NS-KANSAI:SCRAP_EAF:2036|NS-KYUSHU:BF_RELINE:2029|NS-NAGOYA:BF_RELINE:2032|NS-SETOUCHI:SCRAP_EAF:2038,model_generated_candidate,"Generated from disclosed-path facility calendar, technology set and template contracting assumptions; not a company-announced project"
CAND-46F2941C6CF6C6,NIPPON_STEEL_JP,Nippon Steel,P1,지연·현물조달,PORT-43EF81127474,DISCLOSED_PATH,5,2029,2038,0.208226,0.0,0.791774,0.0,0.0,0.0,0.1,0.0,0.0,414.748933,NS-EAST:BF_RELINE:2034|NS-KANSAI:H2_DRI_EAF:2036|NS-KYUSHU:H2_DRI_EAF:2029|NS-NAGOYA:H2_DRI_EAF:2032|NS-SETOUCHI:H2_DRI_EAF:2038,model_generated_candidate,"Generated from disclosed-path facility calendar, technology set and template contracting assumptions; not a company-announced project"
CAND-475B4C4008FC43,NIPPON_STEEL_JP,Nippon Steel,P2,지연·부분헤지,PORT-9D6D0AEF4524,DISCLOSED_PATH,5,2029,2038,0.0,0.372751,0.627249,0.0,0.15,0.1,0.2,0.1,0.01,481.753949,NS-EAST:H2_DRI_EAF:2034|NS-KANSAI:H2_DRI_EAF:2036|NS-KYUSHU:H2_DRI_EAF:2029|NS-NAGOYA:SCRAP_EAF:2032|NS-SETOUCHI:SCRAP_EAF:2038,model_generated_candidate,"Generated from disclosed-path facility calendar, technology set and template contracting assumptions; not a company-announced project"
CAND-478F19D65CB3E6,NIPPON_STEEL_JP,Nippon Steel,P2,지연·부분헤지,PORT-760BEDA2ECE0,DISCLOSED_PATH,5,2029,2038,0.341902,0.449871,0.208226,0.0,0.15,0.1,0.2,0.1,0.01,326.243969,NS-EAST:H2_DRI_EAF:2034|NS-KANSAI:BF_RELINE:2036|NS-KYUSHU:SCRAP_EAF:2029|NS-NAGOYA:BF_RELINE:2032|NS-SETOUCHI:SCRAP_EAF:2038,model_generated_candidate,"Generated from disclosed-path facility calendar, technology set and template contracting assumptions; not a company-announced project"
CAND-48692414D1937D,NIPPON_STEEL_JP,Nippon Steel,P1,지연·현물조달,PORT-01174EA2B96D,DISCLOSED_PATH,5,2029,2038,0.580977,0.161954,0.257069,0.0,0.0,0.0,0.1,0.0,0.0,280.758963,NS-EAST:BF_RELINE:2034|NS-KANSAI:SCRAP_EAF:2036|NS-KYUSHU:H2_DRI_EAF:2029|NS-NAGOYA:BF_RELINE:2032|NS-SETOUCHI:BF_RELINE:2038,model_generated_candidate,"Generated from disclosed-path facility calendar, technology set and template contracting assumptions; not a company-announced project"
CAND-48727E7FC8B5D8,NIPPON_STEEL_JP,Nippon Steel,P4,균형형 전환,PORT-EE44ED4FFBEB,DISCLOSED_PATH,5,2028,2037,0.0,0.161954,0.838046,0.0,0.5,0.45,0.5,0.4,0.02,557.76894,NS-EAST:H2_DRI_EAF:2033|NS-KANSAI:SCRAP_EAF:2035|NS-KYUSHU:H2_DRI_EAF:2028|NS-NAGOYA:H2_DRI_EAF:2031|NS-SETOUCHI:H2_DRI_EAF:2037,model_generated_candidate,"Generated from disclosed-path facility calendar, technology set and template contracting assumptions; not a company-announced project"
CAND-49EB68E4BD9CC3,NIPPON_STEEL_JP,Nippon Steel,P2,지연·부분헤지,PORT-5DB1AD1FC339,DISCLOSED_PATH,5,2029,2038,0.192802,0.598972,0.208226,0.0,0.15,0.1,0.2,0.1,0.01,420.348948,NS-EAST:H2_DRI_EAF:2034|NS-KANSAI:SCRAP_EAF:2036|NS-KYUSHU:SCRAP_EAF:2029|NS-NAGOYA:SCRAP_EAF:2032|NS-SETOUCHI:BF_RELINE:2038,model_generated_candidate,"Generated from disclosed-path facility calendar, technology set and template contracting assumptions; not a company-announced project"
CAND-4A1336B870088D,NIPPON_STEEL_JP,Nippon Steel,P1,지연·현물조달,PORT-6C2F1FF45B21,DISCLOSED_PATH,5,2029,2038,0.192802,0.0,0.807198,0.0,0.0,0.0,0.1,0.0,0.0,468.298944,NS-EAST:H2_DRI_EAF:2034|NS-KANSAI:H2_DRI_EAF:2036|NS-KYUSHU:H2_DRI_EAF:2029|NS-NAGOYA:H2_DRI_EAF:2032|NS-SETOUCHI:BF_RELINE:2038,model_generated_candidate,"Generated from disclosed-path facility calendar, technology set and template contracting assumptions; not a company-announced project"
CAND-4BC0291BD7FA17,NIPPON_STEEL_JP,Nippon Steel,P3,균형형 라이트헤지,PORT-BF563B54E502,DISCLOSED_PATH,5,2029,2038,0.208226,0.419023,0.372751,0.0,0.3,0.25,0.35,0.25,0.015,380.748932,NS-EAST:BF_RELINE:2034|NS-KANSAI:SCRAP_EAF:2036|NS-KYUSHU:SCRAP_EAF:2029|NS-NAGOYA:H2_DRI_EAF:2032|NS-SETOUCHI:H2_DRI_EAF:2038,model_generated_candidate,"Generated from disclosed-path facility calendar, technology set and template contracting assumptions; not a company-announced project"
CAND-4BC8A2CAA234D6,NIPPON_STEEL_JP,Nippon Steel,P4,균형형 전환,PORT-64B5F1E39CEC,DISCLOSED_PATH,5,2028,2037,0.257069,0.179949,0.562982,0.0,0.5,0.45,0.5,0.4,0.02,351.768946,NS-EAST:H2_DRI_EAF:2033|NS-KANSAI:H2_DRI_EAF:2035|NS-KYUSHU:BF_RELINE:2028|NS-NAGOYA:SCRAP_EAF:2031|NS-SETOUCHI:H2_DRI_EAF:2037,model_generated_candidate,"Generated from disclosed-path facility calendar, technology set and template contracting assumptions; not a company-announced project"
CAND-4BFFEE58983053,NIPPON_STEEL_JP,Nippon Steel,P2,지연·부분헤지,PORT-80CDBDD324C3,DISCLOSED_PATH,5,2029,2038,0.580977,0.0,0.419023,0.0,0.15,0.1,0.2,0.1,0.01,287.758964,NS-EAST:BF_RELINE:2034|NS-KANSAI:H2_DRI_EAF:2036|NS-KYUSHU:H2_DRI_EAF:2029|NS-NAGOYA:BF_RELINE:2032|NS-SETOUCHI:BF_RELINE:2038,model_generated_candidate,"Generated from disclosed-path facility calendar, technology set and template contracting assumptions; not a company-announced project"
CAND-4C03DDE7A8F948,NIPPON_STEEL_JP,Nippon Steel,P3,균형형 라이트헤지,PORT-42FD0857B83C,DISCLOSED_PATH,5,2029,2038,0.0,0.598972,0.401028,0.0,0.3,0.25,0.35,0.25,0.015,452.478948,NS-EAST:H2_DRI_EAF:2034|NS-KANSAI:SCRAP_EAF:2036|NS-KYUSHU:SCRAP_EAF:2029|NS-NAGOYA:SCRAP_EAF:2032|NS-SETOUCHI:H2_DRI_EAF:2038,model_generated_candidate,"Generated from disclosed-path facility calendar, technology set and template contracting assumptions; not a company-announced project"
CAND-4C72EAD1F6BB27,NIPPON_STEEL_JP,Nippon Steel,P5,조기 계약형 전환,PORT-AB392CF8B393,DISCLOSED_PATH,5,2028,2037,0.161954,0.179949,0.658098,0.0,0.7,0.65,0.65,0.6,0.025,493.548939,NS-EAST:H2_DRI_EAF:2033|NS-KANSAI:BF_RELINE:2035|NS-KYUSHU:H2_DRI_EAF:2028|NS-NAGOYA:SCRAP_EAF:2031|NS-SETOUCHI:H2_DRI_EAF:2037,model_generated_candidate,"Generated from disclosed-path facility calendar, technology set and template contracting assumptions; not a company-announced project"
CAND-4CA11613563791,NIPPON_STEEL_JP,Nippon Steel,P3,균형형 라이트헤지,PORT-F8E2822A3FA6,DISCLOSED_PATH,5,2029,2038,0.161954,0.0,0.838046,0.0,0.3,0.25,0.35,0.25,0.015,452.828938,NS-EAST:H2_DRI_EAF:2034|NS-KANSAI:BF_RELINE:2036|NS-KYUSHU:H2_DRI_EAF:2029|NS-NAGOYA:H2_DRI_EAF:2032|NS-SETOUCHI:H2_DRI_EAF:2038,model_generated_candidate,"Generated from disclosed-path facility calendar, technology set and template contracting assumptions; not a company-announced project"
CAND-4CD33B1BCD8A31,NIPPON_STEEL_JP,Nippon Steel,P2,지연·부분헤지,PORT-C6368C8F5DC9,DISCLOSED_PATH,5,2029,2038,0.534704,0.257069,0.208226,0.0,0.15,0.1,0.2,0.1,0.01,298.838969,NS-EAST:H2_DRI_EAF:2034|NS-KANSAI:BF_RELINE:2036|NS-KYUSHU:SCRAP_EAF:2029|NS-NAGOYA:BF_RELINE:2032|NS-SETOUCHI:BF_RELINE:2038,model_generated_candidate,"Generated from disclosed-path facility calendar, technology set and template contracting assumptions; not a company-announced project"
CAND-4CE0AD3BCC1840,NIPPON_STEEL_JP,Nippon Steel,P2,지연·부분헤지,PORT-DC98E399B19F,DISCLOSED_PATH,5,2029,2038,0.179949,0.449871,0.37018,0.0,0.15,0.1,0.2,0.1,0.01,373.843975,NS-EAST:H2_DRI_EAF:2034|NS-KANSAI:H2_DRI_EAF:2036|NS-KYUSHU:SCRAP_EAF:2029|NS-NAGOYA:BF_RELINE:2032|NS-SETOUCHI:SCRAP_EAF:2038,model_generated_candidate,"Generated from disclosed-path facility calendar, technology set and template contracting assumptions; not a company-announced project"
CAND-4CE4B30069A059,NIPPON_STEEL_JP,Nippon Steel,P1,지연·현물조달,PORT-292714C1359A,DISCLOSED_PATH,5,2029,2038,0.550129,0.449871,0.0,0.0,0.0,0.0,0.1,0.0,0.0,240.563958,NS-EAST:BF_RELINE:2034|NS-KANSAI:BF_RELINE:2036|NS-KYUSHU:SCRAP_EAF:2029|NS-NAGOYA:BF_RELINE:2032|NS-SETOUCHI:SCRAP_EAF:2038,model_generated_candidate,"Generated from disclosed-path facility calendar, technology set and template contracting assumptions; not a company-announced project"
CAND-4CEBE052A6C990,NIPPON_STEEL_JP,Nippon Steel,P1,지연·현물조달,PORT-5DB1AD1FC339,DISCLOSED_PATH,5,2029,2038,0.192802,0.598972,0.208226,0.0,0.0,0.0,0.1,0.0,0.0,420.348948,NS-EAST:H2_DRI_EAF:2034|NS-KANSAI:SCRAP_EAF:2036|NS-KYUSHU:SCRAP_EAF:2029|NS-NAGOYA:SCRAP_EAF:2032|NS-SETOUCHI:BF_RELINE:2038,model_generated_candidate,"Generated from disclosed-path facility calendar, technology set and template contracting assumptions; not a company-announced project"
CAND-4CFD4D6142962A,NIPPON_STEEL_JP,Nippon Steel,P1,지연·현물조달,PORT-40A36EE0C770,DISCLOSED_PATH,5,2029,2038,0.354756,0.388175,0.257069,0.0,0.0,0.0,0.1,0.0,0.0,394.148941,NS-EAST:SCRAP_EAF:2034|NS-KANSAI:BF_RELINE:2036|NS-KYUSHU:H2_DRI_EAF:2029|NS-NAGOYA:SCRAP_EAF:2032|NS-SETOUCHI:BF_RELINE:2038,model_generated_candidate,"Generated from disclosed-path facility calendar, technology set and template contracting assumptions; not a company-announced project"
CAND-4D211E7CAB3825,NIPPON_STEEL_JP,Nippon Steel,P2,지연·부분헤지,PORT-9F881B0E6E71,DISCLOSED_PATH,5,2029,2038,0.449871,0.161954,0.388175,0.0,0.15,0.1,0.2,0.1,0.01,277.698943,NS-EAST:H2_DRI_EAF:2034|NS-KANSAI:SCRAP_EAF:2036|NS-KYUSHU:BF_RELINE:2029|NS-NAGOYA:H2_DRI_EAF:2032|NS-SETOUCHI:BF_RELINE:2038,model_generated_candidate,"Generated from disclosed-path facility calendar, technology set and template contracting assumptions; not a company-announced project"
CAND-4D44526A065D58,NIPPON_STEEL_JP,Nippon Steel,P3,균형형 라이트헤지,PORT-DC98E399B19F,DISCLOSED_PATH,5,2029,2038,0.179949,0.449871,0.37018,0.0,0.3,0.25,0.35,0.25,0.015,373.843975,NS-EAST:H2_DRI_EAF:2034|NS-KANSAI:H2_DRI_EAF:2036|NS-KYUSHU:SCRAP_EAF:2029|NS-NAGOYA:BF_RELINE:2032|NS-SETOUCHI:SCRAP_EAF:2038,model_generated_candidate,"Generated from disclosed-path facility calendar, technology set and template contracting assumptions; not a company-announced project"
CAND-4DD44A5CE98A95,NIPPON_STEEL_JP,Nippon Steel,P1,지연·현물조달,PORT-FD23B75EC9FF,DISCLOSED_PATH,5,2029,2038,0.192802,0.179949,0.627249,0.0,0.0,0.0,0.1,0.0,0.0,454.348949,NS-EAST:H2_DRI_EAF:2034|NS-KANSAI:H2_DRI_EAF:2036|NS-KYUSHU:H2_DRI_EAF:2029|NS-NAGOYA:SCRAP_EAF:2032|NS-SETOUCHI:BF_RELINE:2038,model_generated_candidate,"Generated from disclosed-path facility calendar, technology set and template contracting assumptions; not a company-announced project"
CAND-4E354DAC9A3C4A,NIPPON_STEEL_JP,Nippon Steel,P1,지연·현물조달,PORT-057E98E0E9FE,DISCLOSED_PATH,5,2029,2038,0.388175,0.354756,0.257069,0.0,0.0,0.0,0.1,0.0,0.0,308.163963,NS-EAST:BF_RELINE:2034|NS-KANSAI:SCRAP_EAF:2036|NS-KYUSHU:H2_DRI_EAF:2029|NS-NAGOYA:BF_RELINE:2032|NS-SETOUCHI:SCRAP_EAF:2038,model_generated_candidate,"Generated from disclosed-path facility calendar, technology set and template contracting assumptions; not a company-announced project"
CAND-4F3CAD52F7B49E,NIPPON_STEEL_JP,Nippon Steel,P2,지연·부분헤지,PORT-7DC7D2B7A26E,DISCLOSED_PATH,5,2029,2038,0.465296,0.179949,0.354756,0.0,0.15,0.1,0.2,0.1,0.01,217.198938,NS-EAST:BF_RELINE:2034|NS-KANSAI:H2_DRI_EAF:2036|NS-KYUSHU:BF_RELINE:2029|NS-NAGOYA:SCRAP_EAF:2032|NS-SETOUCHI:H2_DRI_EAF:2038,model_generated_candidate,"Generated from disclosed-path facility calendar, technology set and template contracting assumptions; not a company-announced project"
CAND-4F6F048F138B19,NIPPON_STEEL_JP,Nippon Steel,P1,지연·현물조달,PORT-131AD380D64C,DISCLOSED_PATH,5,2029,2038,0.598972,0.208226,0.192802,0.0,0.0,0.0,0.1,0.0,0.0,161.768967,NS-EAST:SCRAP_EAF:2034|NS-KANSAI:BF_RELINE:2036|NS-KYUSHU:BF_RELINE:2029|NS-NAGOYA:BF_RELINE:2032|NS-SETOUCHI:H2_DRI_EAF:2038,model_generated_candidate,"Generated from disclosed-path facility calendar, technology set and template contracting assumptions; not a company-announced project"
CAND-4FB5B92CE0FD50,NIPPON_STEEL_JP,Nippon Steel,P3,균형형 라이트헤지,PORT-ABD3A701F29B,DISCLOSED_PATH,5,2029,2038,0.449871,0.179949,0.37018,0.0,0.3,0.25,0.35,0.25,0.015,270.748949,NS-EAST:H2_DRI_EAF:2034|NS-KANSAI:H2_DRI_EAF:2036|NS-KYUSHU:BF_RELINE:2029|NS-NAGOYA:SCRAP_EAF:2032|NS-SETOUCHI:BF_RELINE:2038,model_generated_candidate,"Generated from disclosed-path facility calendar, technology set and template contracting assumptions; not a company-announced project"
CAND-4FFB0EBE3EFF24,NIPPON_STEEL_JP,Nippon Steel,P1,지연·현물조달,PORT-7D16A7A4E51A,DISCLOSED_PATH,5,2029,2038,0.0,0.192802,0.807198,0.0,0.0,0.0,0.1,0.0,0.0,495.703944,NS-EAST:H2_DRI_EAF:2034|NS-KANSAI:H2_DRI_EAF:2036|NS-KYUSHU:H2_DRI_EAF:2029|NS-NAGOYA:H2_DRI_EAF:2032|NS-SETOUCHI:SCRAP_EAF:2038,model_generated_candidate,"Generated from disclosed-path facility calendar, technology set and template contracting assumptions; not a company-announced project"
CAND-505DC50EEE65AA,NIPPON_STEEL_JP,Nippon Steel,P2,지연·부분헤지,PORT-93BA44A86FDE,DISCLOSED_PATH,5,2029,2038,0.0,0.449871,0.550129,0.0,0.15,0.1,0.2,0.1,0.01,468.703944,NS-EAST:H2_DRI_EAF:2034|NS-KANSAI:H2_DRI_EAF:2036|NS-KYUSHU:SCRAP_EAF:2029|NS-NAGOYA:H2_DRI_EAF:2032|NS-SETOUCHI:SCRAP_EAF:2038,model_generated_candidate,"Generated from disclosed-path facility calendar, technology set and template contracting assumptions; not a company-announced project"
CAND-506C73B3FD20D2,NIPPON_STEEL_JP,Nippon Steel,P1,지연·현물조달,PORT-5B51FD1C8E45,DISCLOSED_PATH,5,2029,2038,0.179949,0.257069,0.562982,0.0,0.0,0.0,0.1,0.0,0.0,378.568975,NS-EAST:H2_DRI_EAF:2034|NS-KANSAI:H2_DRI_EAF:2036|NS-KYUSHU:SCRAP_EAF:2029|NS-NAGOYA:BF_RELINE:2032|NS-SETOUCHI:H2_DRI_EAF:2038,model_generated_candidate,"Generated from disclosed-path facility calendar, technology set and template contracting assumptions; not a company-announced project"
CAND-50D7DB544C9D03,NIPPON_STEEL_JP,Nippon Steel,P1,지연·현물조달,PORT-C7C771297A75,DISCLOSED_PATH,5,2029,2038,0.179949,0.562982,0.257069,0.0,0.0,0.0,0.1,0.0,0.0,381.243972,NS-EAST:SCRAP_EAF:2034|NS-KANSAI:SCRAP_EAF:2036|NS-KYUSHU:H2_DRI_EAF:2029|NS-NAGOYA:BF_RELINE:2032|NS-SETOUCHI:SCRAP_EAF:2038,model_generated_candidate,"Generated from disclosed-path facility calendar, technology set and template contracting assumptions; not a company-announced project"
CAND-50EC6484EBC411,NIPPON_STEEL_JP,Nippon Steel,P2,지연·부분헤지,PORT-413ECF7F1B83,DISCLOSED_PATH,5,2029,2038,0.257069,0.534704,0.208226,0.0,0.15,0.1,0.2,0.1,0.01,291.153948,NS-EAST:H2_DRI_EAF:2034|NS-KANSAI:SCRAP_EAF:2036|NS-KYUSHU:BF_RELINE:2029|NS-NAGOYA:SCRAP_EAF:2032|NS-SETOUCHI:SCRAP_EAF:2038,model_generated_candidate,"Generated from disclosed-path facility calendar, technology set and template contracting assumptions; not a company-announced project"
CAND-51563CC4DFE733,NIPPON_STEEL_JP,Nippon Steel,P1,지연·현물조달,PORT-792EEE640306,DISCLOSED_PATH,5,2029,2038,0.372751,0.419023,0.208226,0.0,0.0,0.0,0.1,0.0,0.0,339.438974,NS-EAST:H2_DRI_EAF:2034|NS-KANSAI:SCRAP_EAF:2036|NS-KYUSHU:SCRAP_EAF:2029|NS-NAGOYA:BF_RELINE:2032|NS-SETOUCHI:BF_RELINE:2038,model_generated_candidate,"Generated from disclosed-path facility calendar, technology set and template contracting assumptions; not a company-announced project"
CAND-51A83347F26C31,NIPPON_STEEL_JP,Nippon Steel,P4,균형형 전환,PORT-5D7C953F7435,DISCLOSED_PATH,5,2028,2037,0.208226,0.179949,0.611825,0.0,0.5,0.45,0.5,0.4,0.02,452.748933,NS-EAST:BF_RELINE:2033|NS-KANSAI:H2_DRI_EAF:2035|NS-KYUSHU:H2_DRI_EAF:2028|NS-NAGOYA:SCRAP_EAF:2031|NS-SETOUCHI:H2_DRI_EAF:2037,model_generated_candidate,"Generated from disclosed-path facility calendar, technology set and template contracting assumptions; not a company-announced project"
CAND-5209302C3A1D10,NIPPON_STEEL_JP,Nippon Steel,P3,균형형 라이트헤지,PORT-17F0017D3D64,DISCLOSED_PATH,5,2029,2038,0.257069,0.0,0.742931,0.0,0.3,0.25,0.35,0.25,0.015,316.828944,NS-EAST:H2_DRI_EAF:2034|NS-KANSAI:H2_DRI_EAF:2036|NS-KYUSHU:BF_RELINE:2029|NS-NAGOYA:H2_DRI_EAF:2032|NS-SETOUCHI:H2_DRI_EAF:2038,model_generated_candidate,"Generated from disclosed-path facility calendar, technology set and template contracting assumptions; not a company-announced project"
CAND-5216AE6B68085D,NIPPON_STEEL_JP,Nippon Steel,P2,지연·부분헤지,PORT-F8E2822A3FA6,DISCLOSED_PATH,5,2029,2038,0.161954,0.0,0.838046,0.0,0.15,0.1,0.2,0.1,0.01,452.828938,NS-EAST:H2_DRI_EAF:2034|NS-KANSAI:BF_RELINE:2036|NS-KYUSHU:H2_DRI_EAF:2029|NS-NAGOYA:H2_DRI_EAF:2032|NS-SETOUCHI:H2_DRI_EAF:2038,model_generated_candidate,"Generated from disclosed-path facility calendar, technology set and template contracting assumptions; not a company-announced project"
CAND-5258E8B1C7751F,NIPPON_STEEL_JP,Nippon Steel,P3,균형형 라이트헤지,PORT-7CC9F6AA7C42,DISCLOSED_PATH,5,2029,2038,0.192802,0.161954,0.645244,0.0,0.3,0.25,0.35,0.25,0.015,461.298943,NS-EAST:H2_DRI_EAF:2034|NS-KANSAI:SCRAP_EAF:2036|NS-KYUSHU:H2_DRI_EAF:2029|NS-NAGOYA:H2_DRI_EAF:2032|NS-SETOUCHI:BF_RELINE:2038,model_generated_candidate,"Generated from disclosed-path facility calendar, technology set and template contracting assumptions; not a company-announced project"
CAND-525AB88CB2D30F,NIPPON_STEEL_JP,Nippon Steel,P2,지연·부분헤지,PORT-872DBBAC9225,DISCLOSED_PATH,5,2029,2038,0.562982,0.0,0.437018,0.0,0.15,0.1,0.2,0.1,0.01,335.018927,NS-EAST:BF_RELINE:2034|NS-KANSAI:BF_RELINE:2036|NS-KYUSHU:H2_DRI_EAF:2029|NS-NAGOYA:H2_DRI_EAF:2032|NS-SETOUCHI:BF_RELINE:2038,model_generated_candidate,"Generated from disclosed-path facility calendar, technology set and template contracting assumptions; not a company-announced project"
CAND-53CCC206EADA40,NIPPON_STEEL_JP,Nippon Steel,P1,지연·현물조달,PORT-CBCBCB9AA3AA,DISCLOSED_PATH,5,2029,2038,0.658098,0.341902,0.0,0.0,0.0,0.0,0.1,0.0,0.0,178.068937,NS-EAST:BF_RELINE:2034|NS-KANSAI:SCRAP_EAF:2036|NS-KYUSHU:BF_RELINE:2029|NS-NAGOYA:SCRAP_EAF:2032|NS-SETOUCHI:BF_RELINE:2038,model_generated_candidate,"Generated from disclosed-path facility calendar, technology set and template contracting assumptions; not a company-announced project"
CAND-53E302C90863B4,NIPPON_STEEL_JP,Nippon Steel,P1,지연·현물조달,PORT-A2A3E35D3296,DISCLOSED_PATH,5,2029,2038,0.0,0.341902,0.658098,0.0,0.0,0.0,0.1,0.0,0.0,479.478948,NS-EAST:H2_DRI_EAF:2034|NS-KANSAI:SCRAP_EAF:2036|NS-KYUSHU:H2_DRI_EAF:2029|NS-NAGOYA:SCRAP_EAF:2032|NS-SETOUCHI:H2_DRI_EAF:2038,model_generated_candidate,"Generated from disclosed-path facility calendar, technology set and template contracting assumptions; not a company-announced project"
CAND-5400A4381FFFDF,NIPPON_STEEL_JP,Nippon Steel,P2,지연·부분헤지,PORT-E7B35CB7C0D2,DISCLOSED_PATH,5,2029,2038,0.192802,0.465296,0.341902,0.0,0.15,0.1,0.2,0.1,0.01,428.698943,NS-EAST:SCRAP_EAF:2034|NS-KANSAI:H2_DRI_EAF:2036|NS-KYUSHU:SCRAP_EAF:2029|NS-NAGOYA:H2_DRI_EAF:2032|NS-SETOUCHI:BF_RELINE:2038,model_generated_candidate,"Generated from disclosed-path facility calendar, technology set and template contracting assumptions; not a company-announced project"
CAND-544391766DEEBC,NIPPON_STEEL_JP,Nippon Steel,P2,지연·부분헤지,PORT-E014E041276B,DISCLOSED_PATH,5,2029,2038,0.161954,0.401028,0.437018,0.0,0.15,0.1,0.2,0.1,0.01,435.503937,NS-EAST:SCRAP_EAF:2034|NS-KANSAI:BF_RELINE:2036|NS-KYUSHU:H2_DRI_EAF:2029|NS-NAGOYA:H2_DRI_EAF:2032|NS-SETOUCHI:SCRAP_EAF:2038,model_generated_candidate,"Generated from disclosed-path facility calendar, technology set and template contracting assumptions; not a company-announced project"
CAND-54996F21D43414,NIPPON_STEEL_JP,Nippon Steel,P2,지연·부분헤지,PORT-4025A7B6BA3A,DISCLOSED_PATH,5,2029,2038,0.354756,0.437018,0.208226,0.0,0.15,0.1,0.2,0.1,0.01,379.748943,NS-EAST:H2_DRI_EAF:2034|NS-KANSAI:BF_RELINE:2036|NS-KYUSHU:SCRAP_EAF:2029|NS-NAGOYA:SCRAP_EAF:2032|NS-SETOUCHI:BF_RELINE:2038,model_generated_candidate,"Generated from disclosed-path facility calendar, technology set and template contracting assumptions; not a company-announced project"
CAND-551928243AF94B,NIPPON_STEEL_JP,Nippon Steel,P2,지연·부분헤지,PORT-B0CFD4776966,DISCLOSED_PATH,5,2029,2038,0.658098,0.0,0.341902,0.0,0.15,0.1,0.2,0.1,0.01,199.018933,NS-EAST:BF_RELINE:2034|NS-KANSAI:H2_DRI_EAF:2036|NS-KYUSHU:BF_RELINE:2029|NS-NAGOYA:H2_DRI_EAF:2032|NS-SETOUCHI:BF_RELINE:2038,model_generated_candidate,"Generated from disclosed-path facility calendar, technology set and template contracting assumptions; not a company-announced project"
CAND-5580CE18070E3B,NIPPON_STEEL_JP,Nippon Steel,P1,지연·현물조달,PORT-F755AF5EA3AF,DISCLOSED_PATH,5,2029,2038,0.645244,0.354756,0.0,0.0,0.0,0.0,0.1,0.0,0.0,124.563963,NS-EAST:BF_RELINE:2034|NS-KANSAI:SCRAP_EAF:2036|NS-KYUSHU:BF_RELINE:2029|NS-NAGOYA:BF_RELINE:2032|NS-SETOUCHI:SCRAP_EAF:2038,model_generated_candidate,"Generated from disclosed-path facility calendar, technology set and template contracting assumptions; not a company-announced project"
CAND-564146D90748E4,NIPPON_STEEL_JP,Nippon Steel,P3,균형형 라이트헤지,PORT-9D11099D9A8A,DISCLOSED_PATH,5,2029,2038,0.208226,0.354756,0.437018,0.0,0.3,0.25,0.35,0.25,0.015,403.023932,NS-EAST:BF_RELINE:2034|NS-KANSAI:SCRAP_EAF:2036|NS-KYUSHU:H2_DRI_EAF:2029|NS-NAGOYA:H2_DRI_EAF:2032|NS-SETOUCHI:SCRAP_EAF:2038,model_generated_candidate,"Generated from disclosed-path facility calendar, technology set and template contracting assumptions; not a company-announced project"
CAND-56D751E1AA590E,NIPPON_STEEL_JP,Nippon Steel,P1,지연·현물조달,PORT-69314E914B25,DISCLOSED_PATH,5,2029,2038,0.820051,0.0,0.179949,0.0,0.0,0.0,0.1,0.0,0.0,151.418927,NS-EAST:BF_RELINE:2034|NS-KANSAI:BF_RELINE:2036|NS-KYUSHU:BF_RELINE:2029|NS-NAGOYA:H2_DRI_EAF:2032|NS-SETOUCHI:BF_RELINE:2038,model_generated_candidate,"Generated from disclosed-path facility calendar, technology set and template contracting assumptions; not a company-announced project"
CAND-56D880A541D9D5,NIPPON_STEEL_JP,Nippon Steel,P3,균형형 라이트헤지,PORT-113D08C18DF3,DISCLOSED_PATH,5,2029,2038,0.257069,0.372751,0.37018,0.0,0.3,0.25,0.35,0.25,0.015,298.153949,NS-EAST:H2_DRI_EAF:2034|NS-KANSAI:H2_DRI_EAF:2036|NS-KYUSHU:BF_RELINE:2029|NS-NAGOYA:SCRAP_EAF:2032|NS-SETOUCHI:SCRAP_EAF:2038,model_generated_candidate,"Generated from disclosed-path facility calendar, technology set and template contracting assumptions; not a company-announced project"
CAND-57307C5D92DD64,NIPPON_STEEL_JP,Nippon Steel,P3,균형형 라이트헤지,PORT-238A2183FB78,DISCLOSED_PATH,5,2029,2038,0.449871,0.0,0.550129,0.0,0.3,0.25,0.35,0.25,0.015,284.698944,NS-EAST:H2_DRI_EAF:2034|NS-KANSAI:H2_DRI_EAF:2036|NS-KYUSHU:BF_RELINE:2029|NS-NAGOYA:H2_DRI_EAF:2032|NS-SETOUCHI:BF_RELINE:2038,model_generated_candidate,"Generated from disclosed-path facility calendar, technology set and template contracting assumptions; not a company-announced project"
CAND-58905D6BFFF627,NIPPON_STEEL_JP,Nippon Steel,P5,조기 계약형 전환,PORT-BF3853971191,DISCLOSED_PATH,5,2028,2037,0.192802,0.0,0.807198,0.0,0.7,0.65,0.65,0.6,0.025,523.328941,NS-EAST:H2_DRI_EAF:2033|NS-KANSAI:H2_DRI_EAF:2035|NS-KYUSHU:H2_DRI_EAF:2028|NS-NAGOYA:H2_DRI_EAF:2031|NS-SETOUCHI:BF_RELINE:2037,model_generated_candidate,"Generated from disclosed-path facility calendar, technology set and template contracting assumptions; not a company-announced project"
CAND-59D7A6AFC21669,NIPPON_STEEL_JP,Nippon Steel,P2,지연·부분헤지,PORT-9961527CE1F4,DISCLOSED_PATH,5,2029,2038,0.161954,0.62982,0.208226,0.0,0.15,0.1,0.2,0.1,0.01,407.153943,NS-EAST:H2_DRI_EAF:2034|NS-KANSAI:BF_RELINE:2036|NS-KYUSHU:SCRAP_EAF:2029|NS-NAGOYA:SCRAP_EAF:2032|NS-SETOUCHI:SCRAP_EAF:2038,model_generated_candidate,"Generated from disclosed-path facility calendar, technology set and template contracting assumptions; not a company-announced project"
CAND-59E45A27538305,NIPPON_STEEL_JP,Nippon Steel,P1,지연·현물조달,PORT-A6C1B550A321,DISCLOSED_PATH,5,2029,2038,0.598972,0.192802,0.208226,0.0,0.0,0.0,0.1,0.0,0.0,169.643969,NS-EAST:H2_DRI_EAF:2034|NS-KANSAI:BF_RELINE:2036|NS-KYUSHU:BF_RELINE:2029|NS-NAGOYA:BF_RELINE:2032|NS-SETOUCHI:SCRAP_EAF:2038,model_generated_candidate,"Generated from disclosed-path facility calendar, technology set and template contracting assumptions; not a company-announced project"
CAND-5B45790D807995,NIPPON_STEEL_JP,Nippon Steel,P1,지연·현물조달,PORT-0FC525186C6D,DISCLOSED_PATH,5,2029,2038,0.208226,0.449871,0.341902,0.0,0.0,0.0,0.1,0.0,0.0,383.023933,NS-EAST:BF_RELINE:2034|NS-KANSAI:H2_DRI_EAF:2036|NS-KYUSHU:SCRAP_EAF:2029|NS-NAGOYA:H2_DRI_EAF:2032|NS-SETOUCHI:SCRAP_EAF:2038,model_generated_candidate,"Generated from disclosed-path facility calendar, technology set and template contracting assumptions; not a company-announced project"
CAND-5B47564B07D4BB,NIPPON_STEEL_JP,Nippon Steel,P3,균형형 라이트헤지,PORT-C3B77CB55FA1,DISCLOSED_PATH,5,2029,2038,0.192802,0.257069,0.550129,0.0,0.3,0.25,0.35,0.25,0.015,441.298944,NS-EAST:H2_DRI_EAF:2034|NS-KANSAI:H2_DRI_EAF:2036|NS-KYUSHU:SCRAP_EAF:2029|NS-NAGOYA:H2_DRI_EAF:2032|NS-SETOUCHI:BF_RELINE:2038,model_generated_candidate,"Generated from disclosed-path facility calendar, technology set and template contracting assumptions; not a company-announced project"
CAND-5B71658ADF559B,NIPPON_STEEL_JP,Nippon Steel,P2,지연·부분헤지,PORT-A01C697020EC,DISCLOSED_PATH,5,2029,2038,0.161954,0.208226,0.62982,0.0,0.15,0.1,0.2,0.1,0.01,440.228937,NS-EAST:SCRAP_EAF:2034|NS-KANSAI:BF_RELINE:2036|NS-KYUSHU:H2_DRI_EAF:2029|NS-NAGOYA:H2_DRI_EAF:2032|NS-SETOUCHI:H2_DRI_EAF:2038,model_generated_candidate,"Generated from disclosed-path facility calendar, technology set and template contracting assumptions; not a company-announced project"
CAND-5BA045DA4BD05B,NIPPON_STEEL_JP,Nippon Steel,P1,지연·현물조달,PORT-368F661604FE,DISCLOSED_PATH,5,2029,2038,0.341902,0.401028,0.257069,0.0,0.0,0.0,0.1,0.0,0.0,340.643967,NS-EAST:SCRAP_EAF:2034|NS-KANSAI:BF_RELINE:2036|NS-KYUSHU:H2_DRI_EAF:2029|NS-NAGOYA:BF_RELINE:2032|NS-SETOUCHI:SCRAP_EAF:2038,model_generated_candidate,"Generated from disclosed-path facility calendar, technology set and template contracting assumptions; not a company-announced project"
CAND-5BB7E2F62D1730,NIPPON_STEEL_JP,Nippon Steel,P1,지연·현물조달,PORT-FA8930FE66E0,DISCLOSED_PATH,5,2029,2038,0.611825,0.388175,0.0,0.0,0.0,0.0,0.1,0.0,0.0,210.548941,NS-EAST:SCRAP_EAF:2034|NS-KANSAI:BF_RELINE:2036|NS-KYUSHU:BF_RELINE:2029|NS-NAGOYA:SCRAP_EAF:2032|NS-SETOUCHI:BF_RELINE:2038,model_generated_candidate,"Generated from disclosed-path facility calendar, technology set and template contracting assumptions; not a company-announced project"
CAND-5CCAE743607B22,NIPPON_STEEL_JP,Nippon Steel,P1,지연·현물조달,PORT-8A365C04323F,DISCLOSED_PATH,5,2029,2038,0.820051,0.179949,0.0,0.0,0.0,0.0,0.1,0.0,0.0,137.468932,NS-EAST:BF_RELINE:2034|NS-KANSAI:BF_RELINE:2036|NS-KYUSHU:BF_RELINE:2029|NS-NAGOYA:SCRAP_EAF:2032|NS-SETOUCHI:BF_RELINE:2038,model_generated_candidate,"Generated from disclosed-path facility calendar, technology set and template contracting assumptions; not a company-announced project"
CAND-5D213273B59E25,NIPPON_STEEL_JP,Nippon Steel,P4,균형형 전환,PORT-31C1EE107D14,DISCLOSED_PATH,5,2028,2037,0.192802,0.208226,0.598972,0.0,0.5,0.45,0.5,0.4,0.02,508.928939,NS-EAST:SCRAP_EAF:2033|NS-KANSAI:H2_DRI_EAF:2035|NS-KYUSHU:H2_DRI_EAF:2028|NS-NAGOYA:H2_DRI_EAF:2031|NS-SETOUCHI:BF_RELINE:2037,model_generated_candidate,"Generated from disclosed-path facility calendar, technology set and template contracting assumptions; not a company-announced project"
CAND-5D311EEDD35B9C,NIPPON_STEEL_JP,Nippon Steel,P3,균형형 라이트헤지,PORT-FD7D021B62CB,DISCLOSED_PATH,5,2029,2038,0.257069,0.388175,0.354756,0.0,0.3,0.25,0.35,0.25,0.015,290.278947,NS-EAST:SCRAP_EAF:2034|NS-KANSAI:H2_DRI_EAF:2036|NS-KYUSHU:BF_RELINE:2029|NS-NAGOYA:SCRAP_EAF:2032|NS-SETOUCHI:H2_DRI_EAF:2038,model_generated_candidate,"Generated from disclosed-path facility calendar, technology set and template contracting assumptions; not a company-announced project"
CAND-5D3A757CD655BF,NIPPON_STEEL_JP,Nippon Steel,P3,균형형 라이트헤지,PORT-B93DF6AAC147,DISCLOSED_PATH,5,2029,2038,0.388175,0.257069,0.354756,0.0,0.3,0.25,0.35,0.25,0.015,292.888964,NS-EAST:BF_RELINE:2034|NS-KANSAI:H2_DRI_EAF:2036|NS-KYUSHU:SCRAP_EAF:2029|NS-NAGOYA:BF_RELINE:2032|NS-SETOUCHI:H2_DRI_EAF:2038,model_generated_candidate,"Generated from disclosed-path facility calendar, technology set and template contracting assumptions; not a company-announced project"
CAND-5EC1F706C36573,NIPPON_STEEL_JP,Nippon Steel,P4,균형형 전환,PORT-D31EE7DBE834,DISCLOSED_PATH,5,2028,2037,0.437018,0.0,0.562982,0.0,0.5,0.45,0.5,0.4,0.02,261.868975,NS-EAST:H2_DRI_EAF:2033|NS-KANSAI:H2_DRI_EAF:2035|NS-KYUSHU:BF_RELINE:2028|NS-NAGOYA:BF_RELINE:2031|NS-SETOUCHI:H2_DRI_EAF:2037,model_generated_candidate,"Generated from disclosed-path facility calendar, technology set and template contracting assumptions; not a company-announced project"
CAND-6180D5AC964907,NIPPON_STEEL_JP,Nippon Steel,P3,균형형 라이트헤지,PORT-D3FE55E7A8A2,DISCLOSED_PATH,5,2029,2038,0.401028,0.179949,0.419023,0.0,0.3,0.25,0.35,0.25,0.015,368.668938,NS-EAST:BF_RELINE:2034|NS-KANSAI:H2_DRI_EAF:2036|NS-KYUSHU:H2_DRI_EAF:2029|NS-NAGOYA:SCRAP_EAF:2032|NS-SETOUCHI:BF_RELINE:2038,model_generated_candidate,"Generated from disclosed-path facility calendar, technology set and template contracting assumptions; not a company-announced project"
CAND-61C6F8AE75933E,NIPPON_STEEL_JP,Nippon Steel,P3,균형형 라이트헤지,PORT-3391EE4132D6,DISCLOSED_PATH,5,2029,2038,0.0,0.627249,0.372751,0.0,0.3,0.25,0.35,0.25,0.015,453.828942,NS-EAST:SCRAP_EAF:2034|NS-KANSAI:SCRAP_EAF:2036|NS-KYUSHU:SCRAP_EAF:2029|NS-NAGOYA:H2_DRI_EAF:2032|NS-SETOUCHI:H2_DRI_EAF:2038,model_generated_candidate,"Generated from disclosed-path facility calendar, technology set and template contracting assumptions; not a company-announced project"
CAND-6202BC83D58A8B,NIPPON_STEEL_JP,Nippon Steel,P5,조기 계약형 전환,PORT-1DB2DF852C68,DISCLOSED_PATH,5,2028,2037,0.0,0.341902,0.658098,0.0,0.7,0.65,0.65,0.6,0.025,542.268945,NS-EAST:H2_DRI_EAF:2033|NS-KANSAI:SCRAP_EAF:2035|NS-KYUSHU:H2_DRI_EAF:2028|NS-NAGOYA:SCRAP_EAF:2031|NS-SETOUCHI:H2_DRI_EAF:2037,model_generated_candidate,"Generated from disclosed-path facility calendar, technology set and template contracting assumptions; not a company-announced project"
CAND-623EC7169A6EA7,NIPPON_STEEL_JP,Nippon Steel,P3,균형형 라이트헤지,PORT-ACA3DA11AF49,DISCLOSED_PATH,5,2029,2038,0.192802,0.437018,0.37018,0.0,0.3,0.25,0.35,0.25,0.015,427.348949,NS-EAST:H2_DRI_EAF:2034|NS-KANSAI:H2_DRI_EAF:2036|NS-KYUSHU:SCRAP_EAF:2029|NS-NAGOYA:SCRAP_EAF:2032|NS-SETOUCHI:BF_RELINE:2038,model_generated_candidate,"Generated from disclosed-path facility calendar, technology set and template contracting assumptions; not a company-announced project"
CAND-626FCB725DD265,NIPPON_STEEL_JP,Nippon Steel,P1,지연·현물조달,PORT-D6A44514D4F3,DISCLOSED_PATH,5,2029,2038,0.611825,0.0,0.388175,0.0,0.0,0.0,0.1,0.0,0.0,237.098938,NS-EAST:H2_DRI_EAF:2034|NS-KANSAI:BF_RELINE:2036|NS-KYUSHU:BF_RELINE:2029|NS-NAGOYA:H2_DRI_EAF:2032|NS-SETOUCHI:BF_RELINE:2038,model_generated_candidate,"Generated from disclosed-path facility calendar, technology set and template contracting assumptions; not a company-announced project"
CAND-629341FE69BD07,NIPPON_STEEL_JP,Nippon Steel,P3,균형형 라이트헤지,PORT-8C7EDF2A8213,DISCLOSED_PATH,5,2029,2038,0.161954,0.388175,0.449871,0.0,0.3,0.25,0.35,0.25,0.015,426.278941,NS-EAST:SCRAP_EAF:2034|NS-KANSAI:BF_RELINE:2036|NS-KYUSHU:H2_DRI_EAF:2029|NS-NAGOYA:SCRAP_EAF:2032|NS-SETOUCHI:H2_DRI_EAF:2038,model_generated_candidate,"Generated from disclosed-path facility calendar, technology set and template contracting assumptions; not a company-announced project"
CAND-62B732F24FF616,NIPPON_STEEL_JP,Nippon Steel,P1,지연·현물조달,PORT-92BAA222AC4A,DISCLOSED_PATH,5,2029,2038,0.179949,0.465296,0.354756,0.0,0.0,0.0,0.1,0.0,0.0,365.968973,NS-EAST:SCRAP_EAF:2034|NS-KANSAI:H2_DRI_EAF:2036|NS-KYUSHU:SCRAP_EAF:2029|NS-NAGOYA:BF_RELINE:2032|NS-SETOUCHI:H2_DRI_EAF:2038,model_generated_candidate,"Generated from disclosed-path facility calendar, technology set and template contracting assumptions; not a company-announced project"
CAND-633E0BCBA42181,NIPPON_STEEL_JP,Nippon Steel,P2,지연·부분헤지,PORT-50B180B4FF71,DISCLOSED_PATH,5,2029,2038,0.419023,0.372751,0.208226,0.0,0.15,0.1,0.2,0.1,0.01,250.553943,NS-EAST:H2_DRI_EAF:2034|NS-KANSAI:BF_RELINE:2036|NS-KYUSHU:BF_RELINE:2029|NS-NAGOYA:SCRAP_EAF:2032|NS-SETOUCHI:SCRAP_EAF:2038,model_generated_candidate,"Generated from disclosed-path facility calendar, technology set and template contracting assumptions; not a company-announced project"
CAND-6384A17A86913A,NIPPON_STEEL_JP,Nippon Steel,P2,지연·부분헤지,PORT-85BCFB6D75A5,DISCLOSED_PATH,5,2029,2038,0.419023,0.192802,0.388175,0.0,0.15,0.1,0.2,0.1,0.01,264.503938,NS-EAST:H2_DRI_EAF:2034|NS-KANSAI:BF_RELINE:2036|NS-KYUSHU:BF_RELINE:2029|NS-NAGOYA:H2_DRI_EAF:2032|NS-SETOUCHI:SCRAP_EAF:2038,model_generated_candidate,"Generated from disclosed-path facility calendar, technology set and template contracting assumptions; not a company-announced project"
CAND-66574FF32E2015,NIPPON_STEEL_JP,Nippon Steel,P1,지연·현물조달,PORT-AC68D0606F7A,DISCLOSED_PATH,5,2029,2038,0.37018,0.192802,0.437018,0.0,0.0,0.0,0.1,0.0,0.0,362.423927,NS-EAST:BF_RELINE:2034|NS-KANSAI:BF_RELINE:2036|NS-KYUSHU:H2_DRI_EAF:2029|NS-NAGOYA:H2_DRI_EAF:2032|NS-SETOUCHI:SCRAP_EAF:2038,model_generated_candidate,"Generated from disclosed-path facility calendar, technology set and template contracting assumptions; not a company-announced project"
CAND-6693786E455EB1,NIPPON_STEEL_JP,Nippon Steel,P1,지연·현물조달,PORT-198E093298A2,DISCLOSED_PATH,5,2029,2038,0.257069,0.580977,0.161954,0.0,0.0,0.0,0.1,0.0,0.0,285.553947,NS-EAST:SCRAP_EAF:2034|NS-KANSAI:H2_DRI_EAF:2036|NS-KYUSHU:BF_RELINE:2029|NS-NAGOYA:SCRAP_EAF:2032|NS-SETOUCHI:SCRAP_EAF:2038,model_generated_candidate,"Generated from disclosed-path facility calendar, technology set and template contracting assumptions; not a company-announced project"
CAND-671F104887C729,NIPPON_STEEL_JP,Nippon Steel,P3,균형형 라이트헤지,PORT-C8F6A070F6D3,DISCLOSED_PATH,5,2029,2038,0.257069,0.354756,0.388175,0.0,0.3,0.25,0.35,0.25,0.015,305.103943,NS-EAST:H2_DRI_EAF:2034|NS-KANSAI:SCRAP_EAF:2036|NS-KYUSHU:BF_RELINE:2029|NS-NAGOYA:H2_DRI_EAF:2032|NS-SETOUCHI:SCRAP_EAF:2038,model_generated_candidate,"Generated from disclosed-path facility calendar, technology set and template contracting assumptions; not a company-announced project"
CAND-6744B86B6F09A0,NIPPON_STEEL_JP,Nippon Steel,P1,지연·현물조달,PORT-14886F58C0A6,DISCLOSED_PATH,5,2029,2038,0.0,0.742931,0.257069,0.0,0.0,0.0,0.1,0.0,0.0,462.153946,NS-EAST:SCRAP_EAF:2034|NS-KANSAI:SCRAP_EAF:2036|NS-KYUSHU:H2_DRI_EAF:2029|NS-NAGOYA:SCRAP_EAF:2032|NS-SETOUCHI:SCRAP_EAF:2038,model_generated_candidate,"Generated from disclosed-path facility calendar, technology set and template contracting assumptions; not a company-announced project"
CAND-67842A89ECECE4,NIPPON_STEEL_JP,Nippon Steel,P2,지연·부분헤지,PORT-A38E7AB93504,DISCLOSED_PATH,5,2029,2038,0.208226,0.437018,0.354756,0.0,0.15,0.1,0.2,0.1,0.01,373.798938,NS-EAST:BF_RELINE:2034|NS-KANSAI:H2_DRI_EAF:2036|NS-KYUSHU:SCRAP_EAF:2029|NS-NAGOYA:SCRAP_EAF:2032|NS-SETOUCHI:H2_DRI_EAF:2038,model_generated_candidate,"Generated from disclosed-path facility calendar, technology set and template contracting assumptions; not a company-announced project"
CAND-6794D0A47FF666,NIPPON_STEEL_JP,Nippon Steel,P2,지연·부분헤지,PORT-C0F53F28CCD9,DISCLOSED_PATH,5,2029,2038,0.437018,0.161954,0.401028,0.0,0.15,0.1,0.2,0.1,0.01,214.968974,NS-EAST:H2_DRI_EAF:2034|NS-KANSAI:SCRAP_EAF:2036|NS-KYUSHU:BF_RELINE:2029|NS-NAGOYA:BF_RELINE:2032|NS-SETOUCHI:H2_DRI_EAF:2038,model_generated_candidate,"Generated from disclosed-path facility calendar, technology set and template contracting assumptions; not a company-announced project"
CAND-67CFF0BE45FFB2,NIPPON_STEEL_JP,Nippon Steel,P2,지연·부분헤지,PORT-3969469B04F1,DISCLOSED_PATH,5,2029,2038,0.742931,0.0,0.257069,0.0,0.15,0.1,0.2,0.1,0.01,240.158958,NS-EAST:BF_RELINE:2034|NS-KANSAI:BF_RELINE:2036|NS-KYUSHU:H2_DRI_EAF:2029|NS-NAGOYA:BF_RELINE:2032|NS-SETOUCHI:BF_RELINE:2038,model_generated_candidate,"Generated from disclosed-path facility calendar, technology set and template contracting assumptions; not a company-announced project"
CAND-68328F587BCDE4,NIPPON_STEEL_JP,Nippon Steel,P3,균형형 라이트헤지,PORT-7D16A7A4E51A,DISCLOSED_PATH,5,2029,2038,0.0,0.192802,0.807198,0.0,0.3,0.25,0.35,0.25,0.015,495.703944,NS-EAST:H2_DRI_EAF:2034|NS-KANSAI:H2_DRI_EAF:2036|NS-KYUSHU:H2_DRI_EAF:2029|NS-NAGOYA:H2_DRI_EAF:2032|NS-SETOUCHI:SCRAP_EAF:2038,model_generated_candidate,"Generated from disclosed-path facility calendar, technology set and template contracting assumptions; not a company-announced project"
CAND-68457B97CBD7E3,NIPPON_STEEL_JP,Nippon Steel,P1,지연·현물조달,PORT-6BA9841BAB7B,DISCLOSED_PATH,5,2029,2038,0.179949,0.401028,0.419023,0.0,0.0,0.0,0.1,0.0,0.0,388.243973,NS-EAST:SCRAP_EAF:2034|NS-KANSAI:H2_DRI_EAF:2036|NS-KYUSHU:H2_DRI_EAF:2029|NS-NAGOYA:BF_RELINE:2032|NS-SETOUCHI:SCRAP_EAF:2038,model_generated_candidate,"Generated from disclosed-path facility calendar, technology set and template contracting assumptions; not a company-announced project"
CAND-6869F33C945190,NIPPON_STEEL_JP,Nippon Steel,P2,지연·부분헤지,PORT-FD23B75EC9FF,DISCLOSED_PATH,5,2029,2038,0.192802,0.179949,0.627249,0.0,0.15,0.1,0.2,0.1,0.01,454.348949,NS-EAST:H2_DRI_EAF:2034|NS-KANSAI:H2_DRI_EAF:2036|NS-KYUSHU:H2_DRI_EAF:2029|NS-NAGOYA:SCRAP_EAF:2032|NS-SETOUCHI:BF_RELINE:2038,model_generated_candidate,"Generated from disclosed-path facility calendar, technology set and template contracting assumptions; not a company-announced project"
CAND-69845119EEC331,NIPPON_STEEL_JP,Nippon Steel,P1,지연·현물조달,PORT-627D1C53BFAE,DISCLOSED_PATH,5,2029,2038,0.580977,0.419023,0.0,0.0,0.0,0.0,0.1,0.0,0.0,253.758963,NS-EAST:BF_RELINE:2034|NS-KANSAI:SCRAP_EAF:2036|NS-KYUSHU:SCRAP_EAF:2029|NS-NAGOYA:BF_RELINE:2032|NS-SETOUCHI:BF_RELINE:2038,model_generated_candidate,"Generated from disclosed-path facility calendar, technology set and template contracting assumptions; not a company-announced project"
CAND-6AE557BE04F2FF,NIPPON_STEEL_JP,Nippon Steel,P2,지연·부분헤지,PORT-7D16A7A4E51A,DISCLOSED_PATH,5,2029,2038,0.0,0.192802,0.807198,0.0,0.15,0.1,0.2,0.1,0.01,495.703944,NS-EAST:H2_DRI_EAF:2034|NS-KANSAI:H2_DRI_EAF:2036|NS-KYUSHU:H2_DRI_EAF:2029|NS-NAGOYA:H2_DRI_EAF:2032|NS-SETOUCHI:SCRAP_EAF:2038,model_generated_candidate,"Generated from disclosed-path facility calendar, technology set and template contracting assumptions; not a company-announced project"
CAND-6B098F52B478E3,NIPPON_STEEL_JP,Nippon Steel,P1,지연·현물조달,PORT-3969469B04F1,DISCLOSED_PATH,5,2029,2038,0.742931,0.0,0.257069,0.0,0.0,0.0,0.1,0.0,0.0,240.158958,NS-EAST:BF_RELINE:2034|NS-KANSAI:BF_RELINE:2036|NS-KYUSHU:H2_DRI_EAF:2029|NS-NAGOYA:BF_RELINE:2032|NS-SETOUCHI:BF_RELINE:2038,model_generated_candidate,"Generated from disclosed-path facility calendar, technology set and template contracting assumptions; not a company-announced project"
CAND-6B794B7F9F5765,NIPPON_STEEL_JP,Nippon Steel,P1,지연·현물조달,PORT-233896767A76,DISCLOSED_PATH,5,2029,2038,0.0,0.550129,0.449871,0.0,0.0,0.0,0.1,0.0,0.0,466.878946,NS-EAST:SCRAP_EAF:2034|NS-KANSAI:SCRAP_EAF:2036|NS-KYUSHU:H2_DRI_EAF:2029|NS-NAGOYA:SCRAP_EAF:2032|NS-SETOUCHI:H2_DRI_EAF:2038,model_generated_candidate,"Generated from disclosed-path facility calendar, technology set and template contracting assumptions; not a company-announced project"
CAND-6C24B55CD406B9,NIPPON_STEEL_JP,Nippon Steel,P2,지연·부분헤지,PORT-526AE3D0E184,DISCLOSED_PATH,5,2029,2038,0.401028,0.341902,0.257069,0.0,0.15,0.1,0.2,0.1,0.01,361.668937,NS-EAST:BF_RELINE:2034|NS-KANSAI:SCRAP_EAF:2036|NS-KYUSHU:H2_DRI_EAF:2029|NS-NAGOYA:SCRAP_EAF:2032|NS-SETOUCHI:BF_RELINE:2038,model_generated_candidate,"Generated from disclosed-path facility calendar, technology set and template contracting assumptions; not a company-announced project"
CAND-6C5634DCBBDFB9,NIPPON_STEEL_JP,Nippon Steel,P1,지연·현물조달,PORT-C0BD308C7501,DISCLOSED_PATH,5,2029,2038,0.419023,0.179949,0.401028,0.0,0.0,0.0,0.1,0.0,0.0,255.278943,NS-EAST:H2_DRI_EAF:2034|NS-KANSAI:BF_RELINE:2036|NS-KYUSHU:BF_RELINE:2029|NS-NAGOYA:SCRAP_EAF:2032|NS-SETOUCHI:H2_DRI_EAF:2038,model_generated_candidate,"Generated from disclosed-path facility calendar, technology set and template contracting assumptions; not a company-announced project"
CAND-6C89FCC4861108,NIPPON_STEEL_JP,Nippon Steel,P2,지연·부분헤지,PORT-308D82D12417,DISCLOSED_PATH,5,2029,2038,0.627249,0.0,0.372751,0.0,0.15,0.1,0.2,0.1,0.01,183.548927,NS-EAST:BF_RELINE:2034|NS-KANSAI:BF_RELINE:2036|NS-KYUSHU:BF_RELINE:2029|NS-NAGOYA:H2_DRI_EAF:2032|NS-SETOUCHI:H2_DRI_EAF:2038,model_generated_candidate,"Generated from disclosed-path facility calendar, technology set and template contracting assumptions; not a company-announced project"
CAND-6CEDFAD1A6DAF6,NIPPON_STEEL_JP,Nippon Steel,P6,조기 고헤지,PORT-19E098D49CA6,DISCLOSED_PATH,5,2028,2036,0.192802,0.0,0.807198,0.0,0.9,0.85,0.85,0.8,0.035,561.109375,NS-EAST:H2_DRI_EAF:2032|NS-KANSAI:H2_DRI_EAF:2034|NS-KYUSHU:H2_DRI_EAF:2028|NS-NAGOYA:H2_DRI_EAF:2030|NS-SETOUCHI:BF_RELINE:2036,model_generated_candidate,"Generated from disclosed-path facility calendar, technology set and template contracting assumptions; not a company-announced project"
CAND-6D910913E19599,NIPPON_STEEL_JP,Nippon Steel,P2,지연·부분헤지,PORT-B93DF6AAC147,DISCLOSED_PATH,5,2029,2038,0.388175,0.257069,0.354756,0.0,0.15,0.1,0.2,0.1,0.01,292.888964,NS-EAST:BF_RELINE:2034|NS-KANSAI:H2_DRI_EAF:2036|NS-KYUSHU:SCRAP_EAF:2029|NS-NAGOYA:BF_RELINE:2032|NS-SETOUCHI:H2_DRI_EAF:2038,model_generated_candidate,"Generated from disclosed-path facility calendar, technology set and template contracting assumptions; not a company-announced project"
CAND-6DAEA36562FCC9,NIPPON_STEEL_JP,Nippon Steel,P2,지연·부분헤지,PORT-C0BD308C7501,DISCLOSED_PATH,5,2029,2038,0.419023,0.179949,0.401028,0.0,0.15,0.1,0.2,0.1,0.01,255.278943,NS-EAST:H2_DRI_EAF:2034|NS-KANSAI:BF_RELINE:2036|NS-KYUSHU:BF_RELINE:2029|NS-NAGOYA:SCRAP_EAF:2032|NS-SETOUCHI:H2_DRI_EAF:2038,model_generated_candidate,"Generated from disclosed-path facility calendar, technology set and template contracting assumptions; not a company-announced project"
CAND-6E2073BC8E7DA5,NIPPON_STEEL_JP,Nippon Steel,P1,지연·현물조달,PORT-C4192388F1C6,DISCLOSED_PATH,5,2029,2038,0.437018,0.562982,0.0,0.0,0.0,0.0,0.1,0.0,0.0,197.643972,NS-EAST:SCRAP_EAF:2034|NS-KANSAI:SCRAP_EAF:2036|NS-KYUSHU:BF_RELINE:2029|NS-NAGOYA:BF_RELINE:2032|NS-SETOUCHI:SCRAP_EAF:2038,model_generated_candidate,"Generated from disclosed-path facility calendar, technology set and template contracting assumptions; not a company-announced project"
CAND-6F7A6BB81BEDD1,NIPPON_STEEL_JP,Nippon Steel,P1,지연·현물조달,PORT-A6D2D89C0A6F,DISCLOSED_PATH,5,2029,2038,0.419023,0.388175,0.192802,0.0,0.0,0.0,0.1,0.0,0.0,242.678941,NS-EAST:SCRAP_EAF:2034|NS-KANSAI:BF_RELINE:2036|NS-KYUSHU:BF_RELINE:2029|NS-NAGOYA:SCRAP_EAF:2032|NS-SETOUCHI:H2_DRI_EAF:2038,model_generated_candidate,"Generated from disclosed-path facility calendar, technology set and template contracting assumptions; not a company-announced project"
CAND-70230B3A085D30,NIPPON_STEEL_JP,Nippon Steel,P1,지연·현물조달,PORT-8246F148164E,DISCLOSED_PATH,5,2029,2038,0.807198,0.0,0.192802,0.0,0.0,0.0,0.1,0.0,0.0,88.688958,NS-EAST:BF_RELINE:2034|NS-KANSAI:BF_RELINE:2036|NS-KYUSHU:BF_RELINE:2029|NS-NAGOYA:BF_RELINE:2032|NS-SETOUCHI:H2_DRI_EAF:2038,model_generated_candidate,"Generated from disclosed-path facility calendar, technology set and template contracting assumptions; not a company-announced project"
CAND-71914366BFB162,NIPPON_STEEL_JP,Nippon Steel,P5,조기 계약형 전환,PORT-8FCF862E7F6B,DISCLOSED_PATH,5,2028,2037,0.208226,0.0,0.791774,0.0,0.7,0.65,0.65,0.6,0.025,468.248928,NS-EAST:BF_RELINE:2033|NS-KANSAI:H2_DRI_EAF:2035|NS-KYUSHU:H2_DRI_EAF:2028|NS-NAGOYA:H2_DRI_EAF:2031|NS-SETOUCHI:H2_DRI_EAF:2037,model_generated_candidate,"Generated from disclosed-path facility calendar, technology set and template contracting assumptions; not a company-announced project"
CAND-719BBB8C7181B3,NIPPON_STEEL_JP,Nippon Steel,P3,균형형 라이트헤지,PORT-6C2F1FF45B21,DISCLOSED_PATH,5,2029,2038,0.192802,0.0,0.807198,0.0,0.3,0.25,0.35,0.25,0.015,468.298944,NS-EAST:H2_DRI_EAF:2034|NS-KANSAI:H2_DRI_EAF:2036|NS-KYUSHU:H2_DRI_EAF:2029|NS-NAGOYA:H2_DRI_EAF:2032|NS-SETOUCHI:BF_RELINE:2038,model_generated_candidate,"Generated from disclosed-path facility calendar, technology set and template contracting assumptions; not a company-announced project"
CAND-71FE5544DBE75F,NIPPON_STEEL_JP,Nippon Steel,P1,지연·현물조달,PORT-BAF12D5DE4DB,DISCLOSED_PATH,5,2029,2038,0.465296,0.354756,0.179949,0.0,0.0,0.0,0.1,0.0,0.0,219.423932,NS-EAST:BF_RELINE:2034|NS-KANSAI:SCRAP_EAF:2036|NS-KYUSHU:BF_RELINE:2029|NS-NAGOYA:H2_DRI_EAF:2032|NS-SETOUCHI:SCRAP_EAF:2038,model_generated_candidate,"Generated from disclosed-path facility calendar, technology set and template contracting assumptions; not a company-announced project"
CAND-721754AF117F4D,NIPPON_STEEL_JP,Nippon Steel,P2,지연·부분헤지,PORT-A4A46F7A08A6,DISCLOSED_PATH,5,2029,2038,0.192802,0.388175,0.419023,0.0,0.15,0.1,0.2,0.1,0.01,441.748947,NS-EAST:SCRAP_EAF:2034|NS-KANSAI:H2_DRI_EAF:2036|NS-KYUSHU:H2_DRI_EAF:2029|NS-NAGOYA:SCRAP_EAF:2032|NS-SETOUCHI:BF_RELINE:2038,model_generated_candidate,"Generated from disclosed-path facility calendar, technology set and template contracting assumptions; not a company-announced project"
CAND-732D9F6FD998DB,NIPPON_STEEL_JP,Nippon Steel,P1,지연·현물조달,PORT-AA677CCE073D,DISCLOSED_PATH,5,2029,2038,0.534704,0.0,0.465296,0.0,0.0,0.0,0.1,0.0,0.0,325.838969,NS-EAST:H2_DRI_EAF:2034|NS-KANSAI:BF_RELINE:2036|NS-KYUSHU:H2_DRI_EAF:2029|NS-NAGOYA:BF_RELINE:2032|NS-SETOUCHI:BF_RELINE:2038,model_generated_candidate,"Generated from disclosed-path facility calendar, technology set and template contracting assumptions; not a company-announced project"
CAND-73FBF939F237E6,NIPPON_STEEL_JP,Nippon Steel,P2,지연·부분헤지,PORT-92BAA222AC4A,DISCLOSED_PATH,5,2029,2038,0.179949,0.465296,0.354756,0.0,0.15,0.1,0.2,0.1,0.01,365.968973,NS-EAST:SCRAP_EAF:2034|NS-KANSAI:H2_DRI_EAF:2036|NS-KYUSHU:SCRAP_EAF:2029|NS-NAGOYA:BF_RELINE:2032|NS-SETOUCHI:H2_DRI_EAF:2038,model_generated_candidate,"Generated from disclosed-path facility calendar, technology set and template contracting assumptions; not a company-announced project"
CAND-7400D0EA735D98,NIPPON_STEEL_JP,Nippon Steel,P3,균형형 라이트헤지,PORT-6742936593A9,DISCLOSED_PATH,5,2029,2038,0.0,0.62982,0.37018,0.0,0.3,0.25,0.35,0.25,0.015,454.753949,NS-EAST:H2_DRI_EAF:2034|NS-KANSAI:H2_DRI_EAF:2036|NS-KYUSHU:SCRAP_EAF:2029|NS-NAGOYA:SCRAP_EAF:2032|NS-SETOUCHI:SCRAP_EAF:2038,model_generated_candidate,"Generated from disclosed-path facility calendar, technology set and template contracting assumptions; not a company-announced project"
CAND-7431CBC596FC03,NIPPON_STEEL_JP,Nippon Steel,P1,지연·현물조달,PORT-7CA9F3BA0776,DISCLOSED_PATH,5,2029,2038,0.0,0.257069,0.742931,0.0,0.0,0.0,0.1,0.0,0.0,473.428944,NS-EAST:H2_DRI_EAF:2034|NS-KANSAI:H2_DRI_EAF:2036|NS-KYUSHU:SCRAP_EAF:2029|NS-NAGOYA:H2_DRI_EAF:2032|NS-SETOUCHI:H2_DRI_EAF:2038,model_generated_candidate,"Generated from disclosed-path facility calendar, technology set and template contracting assumptions; not a company-announced project"
CAND-750D387FA61FDF,NIPPON_STEEL_JP,Nippon Steel,P5,조기 계약형 전환,PORT-9FA69A5377EE,DISCLOSED_PATH,5,2028,2037,0.0,0.192802,0.807198,0.0,0.7,0.65,0.65,0.6,0.025,559.868941,NS-EAST:H2_DRI_EAF:2033|NS-KANSAI:H2_DRI_EAF:2035|NS-KYUSHU:H2_DRI_EAF:2028|NS-NAGOYA:H2_DRI_EAF:2031|NS-SETOUCHI:SCRAP_EAF:2037,model_generated_candidate,"Generated from disclosed-path facility calendar, technology set and template contracting assumptions; not a company-announced project"
CAND-752750BD519814,NIPPON_STEEL_JP,Nippon Steel,P1,지연·현물조달,PORT-760BEDA2ECE0,DISCLOSED_PATH,5,2029,2038,0.341902,0.449871,0.208226,0.0,0.0,0.0,0.1,0.0,0.0,326.243969,NS-EAST:H2_DRI_EAF:2034|NS-KANSAI:BF_RELINE:2036|NS-KYUSHU:SCRAP_EAF:2029|NS-NAGOYA:BF_RELINE:2032|NS-SETOUCHI:SCRAP_EAF:2038,model_generated_candidate,"Generated from disclosed-path facility calendar, technology set and template contracting assumptions; not a company-announced project"
CAND-7727C1F7EA7BF8,NIPPON_STEEL_JP,Nippon Steel,P1,지연·현물조달,PORT-265CE4378B75,DISCLOSED_PATH,5,2029,2038,0.0,0.0,1.0,0.0,0.0,0.0,0.1,0.0,0.0,500.428944,NS-EAST:H2_DRI_EAF:2034|NS-KANSAI:H2_DRI_EAF:2036|NS-KYUSHU:H2_DRI_EAF:2029|NS-NAGOYA:H2_DRI_EAF:2032|NS-SETOUCHI:H2_DRI_EAF:2038,model_generated_candidate,"Generated from disclosed-path facility calendar, technology set and template contracting assumptions; not a company-announced project"
CAND-7767EB9541BCCC,NIPPON_STEEL_JP,Nippon Steel,P4,균형형 전환,PORT-216E4B3158C6,DISCLOSED_PATH,5,2028,2037,0.0,0.179949,0.820051,0.0,0.5,0.45,0.5,0.4,0.02,550.668946,NS-EAST:H2_DRI_EAF:2033|NS-KANSAI:H2_DRI_EAF:2035|NS-KYUSHU:H2_DRI_EAF:2028|NS-NAGOYA:SCRAP_EAF:2031|NS-SETOUCHI:H2_DRI_EAF:2037,model_generated_candidate,"Generated from disclosed-path facility calendar, technology set and template contracting assumptions; not a company-announced project"
CAND-776E74DB49B497,NIPPON_STEEL_JP,Nippon Steel,P1,지연·현물조달,PORT-B74BBC92FC01,DISCLOSED_PATH,5,2029,2038,0.208226,0.534704,0.257069,0.0,0.0,0.0,0.1,0.0,0.0,389.073937,NS-EAST:BF_RELINE:2034|NS-KANSAI:SCRAP_EAF:2036|NS-KYUSHU:H2_DRI_EAF:2029|NS-NAGOYA:SCRAP_EAF:2032|NS-SETOUCHI:SCRAP_EAF:2038,model_generated_candidate,"Generated from disclosed-path facility calendar, technology set and template contracting assumptions; not a company-announced project"
CAND-786225919E12C4,NIPPON_STEEL_JP,Nippon Steel,P1,지연·현물조달,PORT-921D4BD7C0AA,DISCLOSED_PATH,5,2029,2038,0.388175,0.161954,0.449871,0.0,0.0,0.0,0.1,0.0,0.0,312.888963,NS-EAST:BF_RELINE:2034|NS-KANSAI:SCRAP_EAF:2036|NS-KYUSHU:H2_DRI_EAF:2029|NS-NAGOYA:BF_RELINE:2032|NS-SETOUCHI:H2_DRI_EAF:2038,model_generated_candidate,"Generated from disclosed-path facility calendar, technology set and template contracting assumptions; not a company-announced project"
CAND-787BCACFFBBFEC,NIPPON_STEEL_JP,Nippon Steel,P1,지연·현물조달,PORT-271F6DA1D846,DISCLOSED_PATH,5,2029,2038,0.257069,0.37018,0.372751,0.0,0.0,0.0,0.1,0.0,0.0,297.228942,NS-EAST:SCRAP_EAF:2034|NS-KANSAI:SCRAP_EAF:2036|NS-KYUSHU:BF_RELINE:2029|NS-NAGOYA:H2_DRI_EAF:2032|NS-SETOUCHI:H2_DRI_EAF:2038,model_generated_candidate,"Generated from disclosed-path facility calendar, technology set and template contracting assumptions; not a company-announced project"
CAND-78FE435E00D669,NIPPON_STEEL_JP,Nippon Steel,P3,균형형 라이트헤지,PORT-6F42E9590CB3,DISCLOSED_PATH,5,2029,2038,0.354756,0.257069,0.388175,0.0,0.3,0.25,0.35,0.25,0.015,393.698938,NS-EAST:H2_DRI_EAF:2034|NS-KANSAI:BF_RELINE:2036|NS-KYUSHU:SCRAP_EAF:2029|NS-NAGOYA:H2_DRI_EAF:2032|NS-SETOUCHI:BF_RELINE:2038,model_generated_candidate,"Generated from disclosed-path facility calendar, technology set and template contracting assumptions; not a company-announced project"
CAND-7949F55C215A54,NIPPON_STEEL_JP,Nippon Steel,P2,지연·부분헤지,PORT-B446DE621925,DISCLOSED_PATH,5,2029,2038,0.0,0.534704,0.465296,0.0,0.15,0.1,0.2,0.1,0.01,474.753948,NS-EAST:H2_DRI_EAF:2034|NS-KANSAI:SCRAP_EAF:2036|NS-KYUSHU:H2_DRI_EAF:2029|NS-NAGOYA:SCRAP_EAF:2032|NS-SETOUCHI:SCRAP_EAF:2038,model_generated_candidate,"Generated from disclosed-path facility calendar, technology set and template contracting assumptions; not a company-announced project"
CAND-79EF03881BA17B,NIPPON_STEEL_JP,Nippon Steel,P1,지연·현물조달,PORT-243FA04FE940,DISCLOSED_PATH,5,2029,2038,0.62982,0.0,0.37018,0.0,0.0,0.0,0.1,0.0,0.0,189.838975,NS-EAST:H2_DRI_EAF:2034|NS-KANSAI:H2_DRI_EAF:2036|NS-KYUSHU:BF_RELINE:2029|NS-NAGOYA:BF_RELINE:2032|NS-SETOUCHI:BF_RELINE:2038,model_generated_candidate,"Generated from disclosed-path facility calendar, technology set and template contracting assumptions; not a company-announced project"
CAND-7A51ADDF21DCD5,NIPPON_STEEL_JP,Nippon Steel,P4,균형형 전환,PORT-21DAA87F5C90,DISCLOSED_PATH,5,2028,2037,0.0,0.37018,0.62982,0.0,0.5,0.45,0.5,0.4,0.02,543.368938,NS-EAST:SCRAP_EAF:2033|NS-KANSAI:SCRAP_EAF:2035|NS-KYUSHU:H2_DRI_EAF:2028|NS-NAGOYA:H2_DRI_EAF:2031|NS-SETOUCHI:H2_DRI_EAF:2037,model_generated_candidate,"Generated from disclosed-path facility calendar, technology set and template contracting assumptions; not a company-announced project"
CAND-7A7DAAB02EA7A2,NIPPON_STEEL_JP,Nippon Steel,P1,지연·현물조달,PORT-1C358B09C3EE,DISCLOSED_PATH,5,2029,2038,0.208226,0.161954,0.62982,0.0,0.0,0.0,0.1,0.0,0.0,407.748932,NS-EAST:BF_RELINE:2034|NS-KANSAI:SCRAP_EAF:2036|NS-KYUSHU:H2_DRI_EAF:2029|NS-NAGOYA:H2_DRI_EAF:2032|NS-SETOUCHI:H2_DRI_EAF:2038,model_generated_candidate,"Generated from disclosed-path facility calendar, technology set and template contracting assumptions; not a company-announced project"
CAND-7AC5882BD78E9A,NIPPON_STEEL_JP,Nippon Steel,P1,지연·현물조달,PORT-ACA3DA11AF49,DISCLOSED_PATH,5,2029,2038,0.192802,0.437018,0.37018,0.0,0.0,0.0,0.1,0.0,0.0,427.348949,NS-EAST:H2_DRI_EAF:2034|NS-KANSAI:H2_DRI_EAF:2036|NS-KYUSHU:SCRAP_EAF:2029|NS-NAGOYA:SCRAP_EAF:2032|NS-SETOUCHI:BF_RELINE:2038,model_generated_candidate,"Generated from disclosed-path facility calendar, technology set and template contracting assumptions; not a company-announced project"
CAND-7AD770B518B5A4,NIPPON_STEEL_JP,Nippon Steel,P5,조기 계약형 전환,PORT-6ED16D34EBBA,DISCLOSED_PATH,5,2028,2037,0.179949,0.161954,0.658098,0.0,0.7,0.65,0.65,0.6,0.025,452.368974,NS-EAST:H2_DRI_EAF:2033|NS-KANSAI:SCRAP_EAF:2035|NS-KYUSHU:H2_DRI_EAF:2028|NS-NAGOYA:BF_RELINE:2031|NS-SETOUCHI:H2_DRI_EAF:2037,model_generated_candidate,"Generated from disclosed-path facility calendar, technology set and template contracting assumptions; not a company-announced project"
CAND-7AFA570F344FAE,NIPPON_STEEL_JP,Nippon Steel,P2,지연·부분헤지,PORT-475628A5EB38,DISCLOSED_PATH,5,2029,2038,0.179949,0.354756,0.465296,0.0,0.15,0.1,0.2,0.1,0.01,393.843974,NS-EAST:H2_DRI_EAF:2034|NS-KANSAI:SCRAP_EAF:2036|NS-KYUSHU:H2_DRI_EAF:2029|NS-NAGOYA:BF_RELINE:2032|NS-SETOUCHI:SCRAP_EAF:2038,model_generated_candidate,"Generated from disclosed-path facility calendar, technology set and template contracting assumptions; not a company-announced project"
CAND-7B3A04EDDAA489,NIPPON_STEEL_JP,Nippon Steel,P1,지연·현물조달,PORT-7F2E75BEC4B8,DISCLOSED_PATH,5,2029,2038,0.37018,0.372751,0.257069,0.0,0.0,0.0,0.1,0.0,0.0,348.473932,NS-EAST:BF_RELINE:2034|NS-KANSAI:BF_RELINE:2036|NS-KYUSHU:H2_DRI_EAF:2029|NS-NAGOYA:SCRAP_EAF:2032|NS-SETOUCHI:SCRAP_EAF:2038,model_generated_candidate,"Generated from disclosed-path facility calendar, technology set and template contracting assumptions; not a company-announced project"
CAND-7BA4793B4CD2AC,NIPPON_STEEL_JP,Nippon Steel,P2,지연·부분헤지,PORT-05EE518306D9,DISCLOSED_PATH,5,2029,2038,0.0,0.465296,0.534704,0.0,0.15,0.1,0.2,0.1,0.01,460.828943,NS-EAST:SCRAP_EAF:2034|NS-KANSAI:H2_DRI_EAF:2036|NS-KYUSHU:SCRAP_EAF:2029|NS-NAGOYA:H2_DRI_EAF:2032|NS-SETOUCHI:H2_DRI_EAF:2038,model_generated_candidate,"Generated from disclosed-path facility calendar, technology set and template contracting assumptions; not a company-announced project"
CAND-7C66163C85F268,NIPPON_STEEL_JP,Nippon Steel,P1,지연·현물조달,PORT-2D5B38A00FC3,DISCLOSED_PATH,5,2029,2038,0.372751,0.208226,0.419023,0.0,0.0,0.0,0.1,0.0,0.0,360.838973,NS-EAST:SCRAP_EAF:2034|NS-KANSAI:H2_DRI_EAF:2036|NS-KYUSHU:H2_DRI_EAF:2029|NS-NAGOYA:BF_RELINE:2032|NS-SETOUCHI:BF_RELINE:2038,model_generated_candidate,"Generated from disclosed-path facility calendar, technology set and template contracting assumptions; not a company-announced project"
CAND-7C7D62C302A55A,NIPPON_STEEL_JP,Nippon Steel,P3,균형형 라이트헤지,PORT-A880789F3FB0,DISCLOSED_PATH,5,2029,2038,0.437018,0.192802,0.37018,0.0,0.3,0.25,0.35,0.25,0.015,217.243975,NS-EAST:H2_DRI_EAF:2034|NS-KANSAI:H2_DRI_EAF:2036|NS-KYUSHU:BF_RELINE:2029|NS-NAGOYA:BF_RELINE:2032|NS-SETOUCHI:SCRAP_EAF:2038,model_generated_candidate,"Generated from disclosed-path facility calendar, technology set and template contracting assumptions; not a company-announced project"
CAND-7C97E5CB4322B2,NIPPON_STEEL_JP,Nippon Steel,P3,균형형 라이트헤지,PORT-A38E7AB93504,DISCLOSED_PATH,5,2029,2038,0.208226,0.437018,0.354756,0.0,0.3,0.25,0.35,0.25,0.015,373.798938,NS-EAST:BF_RELINE:2034|NS-KANSAI:H2_DRI_EAF:2036|NS-KYUSHU:SCRAP_EAF:2029|NS-NAGOYA:SCRAP_EAF:2032|NS-SETOUCHI:H2_DRI_EAF:2038,model_generated_candidate,"Generated from disclosed-path facility calendar, technology set and template contracting assumptions; not a company-announced project"
CAND-7CFCAE29459F0E,NIPPON_STEEL_JP,Nippon Steel,P1,지연·현물조달,PORT-B861AF89547E,DISCLOSED_PATH,5,2029,2038,0.419023,0.401028,0.179949,0.0,0.0,0.0,0.1,0.0,0.0,251.903937,NS-EAST:SCRAP_EAF:2034|NS-KANSAI:BF_RELINE:2036|NS-KYUSHU:BF_RELINE:2029|NS-NAGOYA:H2_DRI_EAF:2032|NS-SETOUCHI:SCRAP_EAF:2038,model_generated_candidate,"Generated from disclosed-path facility calendar, technology set and template contracting assumptions; not a company-announced project"
CAND-7DFFA3EB6A35DD,NIPPON_STEEL_JP,Nippon Steel,P1,지연·현물조달,PORT-BB5C0AB9899D,DISCLOSED_PATH,5,2029,2038,0.257069,0.192802,0.550129,0.0,0.0,0.0,0.1,0.0,0.0,312.103944,NS-EAST:H2_DRI_EAF:2034|NS-KANSAI:H2_DRI_EAF:2036|NS-KYUSHU:BF_RELINE:2029|NS-NAGOYA:H2_DRI_EAF:2032|NS-SETOUCHI:SCRAP_EAF:2038,model_generated_candidate,"Generated from disclosed-path facility calendar, technology set and template contracting assumptions; not a company-announced project"
CAND-7E1CA9C1B2992D,NIPPON_STEEL_JP,Nippon Steel,P1,지연·현물조달,PORT-0542A6FA3ED2,DISCLOSED_PATH,5,2029,2038,0.354756,0.208226,0.437018,0.0,0.0,0.0,0.1,0.0,0.0,408.098937,NS-EAST:SCRAP_EAF:2034|NS-KANSAI:BF_RELINE:2036|NS-KYUSHU:H2_DRI_EAF:2029|NS-NAGOYA:H2_DRI_EAF:2032|NS-SETOUCHI:BF_RELINE:2038,model_generated_candidate,"Generated from disclosed-path facility calendar, technology set and template contracting assumptions; not a company-announced project"
CAND-7F68777647A3B1,NIPPON_STEEL_JP,Nippon Steel,P1,지연·현물조달,PORT-7F141003EFD9,DISCLOSED_PATH,5,2029,2038,0.0,0.419023,0.580977,0.0,0.0,0.0,0.1,0.0,0.0,466.428943,NS-EAST:H2_DRI_EAF:2034|NS-KANSAI:SCRAP_EAF:2036|NS-KYUSHU:SCRAP_EAF:2029|NS-NAGOYA:H2_DRI_EAF:2032|NS-SETOUCHI:H2_DRI_EAF:2038,model_generated_candidate,"Generated from disclosed-path facility calendar, technology set and template contracting assumptions; not a company-announced project"
CAND-7F997B0F0381A1,NIPPON_STEEL_JP,Nippon Steel,P1,지연·현물조달,PORT-85B082834E97,DISCLOSED_PATH,5,2029,2038,0.341902,0.465296,0.192802,0.0,0.0,0.0,0.1,0.0,0.0,318.368967,NS-EAST:SCRAP_EAF:2034|NS-KANSAI:BF_RELINE:2036|NS-KYUSHU:SCRAP_EAF:2029|NS-NAGOYA:BF_RELINE:2032|NS-SETOUCHI:H2_DRI_EAF:2038,model_generated_candidate,"Generated from disclosed-path facility calendar, technology set and template contracting assumptions; not a company-announced project"
CAND-7FC1A80D5890A8,NIPPON_STEEL_JP,Nippon Steel,P4,균형형 전환,PORT-8E5255DE5136,DISCLOSED_PATH,5,2028,2037,0.372751,0.0,0.627249,0.0,0.5,0.45,0.5,0.4,0.02,417.928975,NS-EAST:H2_DRI_EAF:2033|NS-KANSAI:H2_DRI_EAF:2035|NS-KYUSHU:H2_DRI_EAF:2028|NS-NAGOYA:BF_RELINE:2031|NS-SETOUCHI:BF_RELINE:2037,model_generated_candidate,"Generated from disclosed-path facility calendar, technology set and template contracting assumptions; not a company-announced project"
CAND-801F7ABA46D33B,NIPPON_STEEL_JP,Nippon Steel,P1,지연·현물조달,PORT-8C7EDF2A8213,DISCLOSED_PATH,5,2029,2038,0.161954,0.388175,0.449871,0.0,0.0,0.0,0.1,0.0,0.0,426.278941,NS-EAST:SCRAP_EAF:2034|NS-KANSAI:BF_RELINE:2036|NS-KYUSHU:H2_DRI_EAF:2029|NS-NAGOYA:SCRAP_EAF:2032|NS-SETOUCHI:H2_DRI_EAF:2038,model_generated_candidate,"Generated from disclosed-path facility calendar, technology set and template contracting assumptions; not a company-announced project"
CAND-80606F1AD72C60,NIPPON_STEEL_JP,Nippon Steel,P3,균형형 라이트헤지,PORT-233896767A76,DISCLOSED_PATH,5,2029,2038,0.0,0.550129,0.449871,0.0,0.3,0.25,0.35,0.25,0.015,466.878946,NS-EAST:SCRAP_EAF:2034|NS-KANSAI:SCRAP_EAF:2036|NS-KYUSHU:H2_DRI_EAF:2029|NS-NAGOYA:SCRAP_EAF:2032|NS-SETOUCHI:H2_DRI_EAF:2038,model_generated_candidate,"Generated from disclosed-path facility calendar, technology set and template contracting assumptions; not a company-announced project"
CAND-8089F86BDF0F67,NIPPON_STEEL_JP,Nippon Steel,P1,지연·현물조달,PORT-18AF0784BA2F,DISCLOSED_PATH,5,2029,2038,0.742931,0.257069,0.0,0.0,0.0,0.0,0.1,0.0,0.0,213.158958,NS-EAST:BF_RELINE:2034|NS-KANSAI:BF_RELINE:2036|NS-KYUSHU:SCRAP_EAF:2029|NS-NAGOYA:BF_RELINE:2032|NS-SETOUCHI:BF_RELINE:2038,model_generated_candidate,"Generated from disclosed-path facility calendar, technology set and template contracting assumptions; not a company-announced project"
CAND-813D2F5D9271F2,NIPPON_STEEL_JP,Nippon Steel,P1,지연·현물조달,PORT-D4A9A0C4778E,DISCLOSED_PATH,5,2029,2038,0.208226,0.598972,0.192802,0.0,0.0,0.0,0.1,0.0,0.0,366.798937,NS-EAST:BF_RELINE:2034|NS-KANSAI:SCRAP_EAF:2036|NS-KYUSHU:SCRAP_EAF:2029|NS-NAGOYA:SCRAP_EAF:2032|NS-SETOUCHI:H2_DRI_EAF:2038,model_generated_candidate,"Generated from disclosed-path facility calendar, technology set and template contracting assumptions; not a company-announced project"
CAND-815AACED7A80B5,NIPPON_STEEL_JP,Nippon Steel,P2,지연·부분헤지,PORT-E3577CB0E245,DISCLOSED_PATH,5,2029,2038,0.598972,0.0,0.401028,0.0,0.15,0.1,0.2,0.1,0.01,174.368969,NS-EAST:H2_DRI_EAF:2034|NS-KANSAI:BF_RELINE:2036|NS-KYUSHU:BF_RELINE:2029|NS-NAGOYA:BF_RELINE:2032|NS-SETOUCHI:H2_DRI_EAF:2038,model_generated_candidate,"Generated from disclosed-path facility calendar, technology set and template contracting assumptions; not a company-announced project"
CAND-817C02D8F2D9CE,NIPPON_STEEL_JP,Nippon Steel,P4,균형형 전환,PORT-52CC71E9B115,DISCLOSED_PATH,5,2028,2037,0.179949,0.208226,0.611825,0.0,0.5,0.45,0.5,0.4,0.02,446.368973,NS-EAST:SCRAP_EAF:2033|NS-KANSAI:H2_DRI_EAF:2035|NS-KYUSHU:H2_DRI_EAF:2028|NS-NAGOYA:BF_RELINE:2031|NS-SETOUCHI:H2_DRI_EAF:2037,model_generated_candidate,"Generated from disclosed-path facility calendar, technology set and template contracting assumptions; not a company-announced project"
CAND-82419EB4BEDA2D,NIPPON_STEEL_JP,Nippon Steel,P2,지연·부분헤지,PORT-887F55152750,DISCLOSED_PATH,5,2029,2038,0.62982,0.161954,0.208226,0.0,0.15,0.1,0.2,0.1,0.01,182.838974,NS-EAST:H2_DRI_EAF:2034|NS-KANSAI:SCRAP_EAF:2036|NS-KYUSHU:BF_RELINE:2029|NS-NAGOYA:BF_RELINE:2032|NS-SETOUCHI:BF_RELINE:2038,model_generated_candidate,"Generated from disclosed-path facility calendar, technology set and template contracting assumptions; not a company-announced project"
CAND-824677A335CDE7,NIPPON_STEEL_JP,Nippon Steel,P3,균형형 라이트헤지,PORT-0B5EB1BCB507,DISCLOSED_PATH,5,2029,2038,0.0,0.580977,0.419023,0.0,0.3,0.25,0.35,0.25,0.015,469.153947,NS-EAST:SCRAP_EAF:2034|NS-KANSAI:H2_DRI_EAF:2036|NS-KYUSHU:H2_DRI_EAF:2029|NS-NAGOYA:SCRAP_EAF:2032|NS-SETOUCHI:SCRAP_EAF:2038,model_generated_candidate,"Generated from disclosed-path facility calendar, technology set and template contracting assumptions; not a company-announced project"
CAND-828060D2682720,NIPPON_STEEL_JP,Nippon Steel,P3,균형형 라이트헤지,PORT-61AD11411A66,DISCLOSED_PATH,5,2029,2038,0.0,0.562982,0.437018,0.0,0.3,0.25,0.35,0.25,0.015,476.103942,NS-EAST:SCRAP_EAF:2034|NS-KANSAI:SCRAP_EAF:2036|NS-KYUSHU:H2_DRI_EAF:2029|NS-NAGOYA:H2_DRI_EAF:2032|NS-SETOUCHI:SCRAP_EAF:2038,model_generated_candidate,"Generated from disclosed-path facility calendar, technology set and template contracting assumptions; not a company-announced project"
CAND-82F8F5BD398672,NIPPON_STEEL_JP,Nippon Steel,P4,균형형 전환,PORT-F842321334C6,DISCLOSED_PATH,5,2028,2037,0.257069,0.192802,0.550129,0.0,0.5,0.45,0.5,0.4,0.02,360.968941,NS-EAST:H2_DRI_EAF:2033|NS-KANSAI:H2_DRI_EAF:2035|NS-KYUSHU:BF_RELINE:2028|NS-NAGOYA:H2_DRI_EAF:2031|NS-SETOUCHI:SCRAP_EAF:2037,model_generated_candidate,"Generated from disclosed-path facility calendar, technology set and template contracting assumptions; not a company-announced project"
CAND-83ACFFD6B28AFA,NIPPON_STEEL_JP,Nippon Steel,P2,지연·부분헤지,PORT-40A36EE0C770,DISCLOSED_PATH,5,2029,2038,0.354756,0.388175,0.257069,0.0,0.15,0.1,0.2,0.1,0.01,394.148941,NS-EAST:SCRAP_EAF:2034|NS-KANSAI:BF_RELINE:2036|NS-KYUSHU:H2_DRI_EAF:2029|NS-NAGOYA:SCRAP_EAF:2032|NS-SETOUCHI:BF_RELINE:2038,model_generated_candidate,"Generated from disclosed-path facility calendar, technology set and template contracting assumptions; not a company-announced project"
CAND-83D6C7A3FFBFEA,NIPPON_STEEL_JP,Nippon Steel,P2,지연·부분헤지,PORT-17F0017D3D64,DISCLOSED_PATH,5,2029,2038,0.257069,0.0,0.742931,0.0,0.15,0.1,0.2,0.1,0.01,316.828944,NS-EAST:H2_DRI_EAF:2034|NS-KANSAI:H2_DRI_EAF:2036|NS-KYUSHU:BF_RELINE:2029|NS-NAGOYA:H2_DRI_EAF:2032|NS-SETOUCHI:H2_DRI_EAF:2038,model_generated_candidate,"Generated from disclosed-path facility calendar, technology set and template contracting assumptions; not a company-announced project"
CAND-841E9834C92202,NIPPON_STEEL_JP,Nippon Steel,P1,지연·현물조달,PORT-F8E2822A3FA6,DISCLOSED_PATH,5,2029,2038,0.161954,0.0,0.838046,0.0,0.0,0.0,0.1,0.0,0.0,452.828938,NS-EAST:H2_DRI_EAF:2034|NS-KANSAI:BF_RELINE:2036|NS-KYUSHU:H2_DRI_EAF:2029|NS-NAGOYA:H2_DRI_EAF:2032|NS-SETOUCHI:H2_DRI_EAF:2038,model_generated_candidate,"Generated from disclosed-path facility calendar, technology set and template contracting assumptions; not a company-announced project"
CAND-848741A069F420,NIPPON_STEEL_JP,Nippon Steel,P3,균형형 라이트헤지,PORT-D248600EA55E,DISCLOSED_PATH,5,2029,2038,0.257069,0.179949,0.562982,0.0,0.3,0.25,0.35,0.25,0.015,302.878949,NS-EAST:H2_DRI_EAF:2034|NS-KANSAI:H2_DRI_EAF:2036|NS-KYUSHU:BF_RELINE:2029|NS-NAGOYA:SCRAP_EAF:2032|NS-SETOUCHI:H2_DRI_EAF:2038,model_generated_candidate,"Generated from disclosed-path facility calendar, technology set and template contracting assumptions; not a company-announced project"
CAND-84AB62E2131B9C,NIPPON_STEEL_JP,Nippon Steel,P2,지연·부분헤지,PORT-BE01C0E85B02,DISCLOSED_PATH,5,2029,2038,0.208226,0.341902,0.449871,0.0,0.15,0.1,0.2,0.1,0.01,393.798937,NS-EAST:BF_RELINE:2034|NS-KANSAI:SCRAP_EAF:2036|NS-KYUSHU:H2_DRI_EAF:2029|NS-NAGOYA:SCRAP_EAF:2032|NS-SETOUCHI:H2_DRI_EAF:2038,model_generated_candidate,"Generated from disclosed-path facility calendar, technology set and template contracting assumptions; not a company-announced project"
CAND-8532AEEAEC02D2,NIPPON_STEEL_JP,Nippon Steel,P1,지연·현물조달,PORT-9037F7D829FB,DISCLOSED_PATH,5,2029,2038,0.437018,0.0,0.562982,0.0,0.0,0.0,0.1,0.0,0.0,221.968975,NS-EAST:H2_DRI_EAF:2034|NS-KANSAI:H2_DRI_EAF:2036|NS-KYUSHU:BF_RELINE:2029|NS-NAGOYA:BF_RELINE:2032|NS-SETOUCHI:H2_DRI_EAF:2038,model_generated_candidate,"Generated from disclosed-path facility calendar, technology set and template contracting assumptions; not a company-announced project"
CAND-854A8878DA15B2,NIPPON_STEEL_JP,Nippon Steel,P2,지연·부분헤지,PORT-243FA04FE940,DISCLOSED_PATH,5,2029,2038,0.62982,0.0,0.37018,0.0,0.15,0.1,0.2,0.1,0.01,189.838975,NS-EAST:H2_DRI_EAF:2034|NS-KANSAI:H2_DRI_EAF:2036|NS-KYUSHU:BF_RELINE:2029|NS-NAGOYA:BF_RELINE:2032|NS-SETOUCHI:BF_RELINE:2038,model_generated_candidate,"Generated from disclosed-path facility calendar, technology set and template contracting assumptions; not a company-announced project"
CAND-855EB0F14B9B3F,NIPPON_STEEL_JP,Nippon Steel,P1,지연·현물조달,PORT-1ADC37BD5A8C,DISCLOSED_PATH,5,2029,2038,0.179949,0.419023,0.401028,0.0,0.0,0.0,0.1,0.0,0.0,371.568974,NS-EAST:H2_DRI_EAF:2034|NS-KANSAI:SCRAP_EAF:2036|NS-KYUSHU:SCRAP_EAF:2029|NS-NAGOYA:BF_RELINE:2032|NS-SETOUCHI:H2_DRI_EAF:2038,model_generated_candidate,"Generated from disclosed-path facility calendar, technology set and template contracting assumptions; not a company-announced project"
CAND-85A05653F48C32,NIPPON_STEEL_JP,Nippon Steel,P3,균형형 라이트헤지,PORT-A2A3E35D3296,DISCLOSED_PATH,5,2029,2038,0.0,0.341902,0.658098,0.0,0.3,0.25,0.35,0.25,0.015,479.478948,NS-EAST:H2_DRI_EAF:2034|NS-KANSAI:SCRAP_EAF:2036|NS-KYUSHU:H2_DRI_EAF:2029|NS-NAGOYA:SCRAP_EAF:2032|NS-SETOUCHI:H2_DRI_EAF:2038,model_generated_candidate,"Generated from disclosed-path facility calendar, technology set and template contracting assumptions; not a company-announced project"
CAND-85AAF89A79EE9D,NIPPON_STEEL_JP,Nippon Steel,P2,지연·부분헤지,PORT-A6C1B550A321,DISCLOSED_PATH,5,2029,2038,0.598972,0.192802,0.208226,0.0,0.15,0.1,0.2,0.1,0.01,169.643969,NS-EAST:H2_DRI_EAF:2034|NS-KANSAI:BF_RELINE:2036|NS-KYUSHU:BF_RELINE:2029|NS-NAGOYA:BF_RELINE:2032|NS-SETOUCHI:SCRAP_EAF:2038,model_generated_candidate,"Generated from disclosed-path facility calendar, technology set and template contracting assumptions; not a company-announced project"
CAND-86C553126C5472,NIPPON_STEEL_JP,Nippon Steel,P1,지연·현물조달,PORT-1DC04C5CC9AF,DISCLOSED_PATH,5,2029,2038,0.192802,0.807198,0.0,0.0,0.0,0.0,0.1,0.0,0.0,407.748946,NS-EAST:SCRAP_EAF:2034|NS-KANSAI:SCRAP_EAF:2036|NS-KYUSHU:SCRAP_EAF:2029|NS-NAGOYA:SCRAP_EAF:2032|NS-SETOUCHI:BF_RELINE:2038,model_generated_candidate,"Generated from disclosed-path facility calendar, technology set and template contracting assumptions; not a company-announced project"
CAND-86F34704F3CCB7,NIPPON_STEEL_JP,Nippon Steel,P1,지연·현물조달,PORT-D2286B1543C0,DISCLOSED_PATH,5,2029,2038,0.372751,0.257069,0.37018,0.0,0.0,0.0,0.1,0.0,0.0,346.438975,NS-EAST:H2_DRI_EAF:2034|NS-KANSAI:H2_DRI_EAF:2036|NS-KYUSHU:SCRAP_EAF:2029|NS-NAGOYA:BF_RELINE:2032|NS-SETOUCHI:BF_RELINE:2038,model_generated_candidate,"Generated from disclosed-path facility calendar, technology set and template contracting assumptions; not a company-announced project"
CAND-875BA46EAF1DC7,NIPPON_STEEL_JP,Nippon Steel,P1,지연·현물조달,PORT-674311CC4C19,DISCLOSED_PATH,5,2029,2038,0.161954,0.372751,0.465296,0.0,0.0,0.0,0.1,0.0,0.0,434.153943,NS-EAST:H2_DRI_EAF:2034|NS-KANSAI:BF_RELINE:2036|NS-KYUSHU:H2_DRI_EAF:2029|NS-NAGOYA:SCRAP_EAF:2032|NS-SETOUCHI:SCRAP_EAF:2038,model_generated_candidate,"Generated from disclosed-path facility calendar, technology set and template contracting assumptions; not a company-announced project"
CAND-87B9435721978E,NIPPON_STEEL_JP,Nippon Steel,P1,지연·현물조달,PORT-5CFD50239439,DISCLOSED_PATH,5,2029,2038,0.37018,0.62982,0.0,0.0,0.0,0.0,0.1,0.0,0.0,321.473932,NS-EAST:BF_RELINE:2034|NS-KANSAI:BF_RELINE:2036|NS-KYUSHU:SCRAP_EAF:2029|NS-NAGOYA:SCRAP_EAF:2032|NS-SETOUCHI:SCRAP_EAF:2038,model_generated_candidate,"Generated from disclosed-path facility calendar, technology set and template contracting assumptions; not a company-announced project"
CAND-8824553399E207,NIPPON_STEEL_JP,Nippon Steel,P3,균형형 라이트헤지,PORT-64904F869F44,DISCLOSED_PATH,5,2029,2038,0.257069,0.161954,0.580977,0.0,0.3,0.25,0.35,0.25,0.015,309.828943,NS-EAST:H2_DRI_EAF:2034|NS-KANSAI:SCRAP_EAF:2036|NS-KYUSHU:BF_RELINE:2029|NS-NAGOYA:H2_DRI_EAF:2032|NS-SETOUCHI:H2_DRI_EAF:2038,model_generated_candidate,"Generated from disclosed-path facility calendar, technology set and template contracting assumptions; not a company-announced project"
CAND-88A632B865C962,NIPPON_STEEL_JP,Nippon Steel,P1,지연·현물조달,PORT-4028F2B5FE7E,DISCLOSED_PATH,5,2029,2038,0.257069,0.208226,0.534704,0.0,0.0,0.0,0.1,0.0,0.0,304.228943,NS-EAST:SCRAP_EAF:2034|NS-KANSAI:H2_DRI_EAF:2036|NS-KYUSHU:BF_RELINE:2029|NS-NAGOYA:H2_DRI_EAF:2032|NS-SETOUCHI:H2_DRI_EAF:2038,model_generated_candidate,"Generated from disclosed-path facility calendar, technology set and template contracting assumptions; not a company-announced project"
CAND-88DBE8FA57BADD,NIPPON_STEEL_JP,Nippon Steel,P6,조기 고헤지,PORT-7C945F726D00,DISCLOSED_PATH,5,2028,2036,0.179949,0.0,0.820051,0.0,0.9,0.85,0.85,0.8,0.035,498.719413,NS-EAST:H2_DRI_EAF:2032|NS-KANSAI:H2_DRI_EAF:2034|NS-KYUSHU:H2_DRI_EAF:2028|NS-NAGOYA:BF_RELINE:2030|NS-SETOUCHI:H2_DRI_EAF:2036,model_generated_candidate,"Generated from disclosed-path facility calendar, technology set and template contracting assumptions; not a company-announced project"
CAND-8973BDCB7ABD5D,NIPPON_STEEL_JP,Nippon Steel,P1,지연·현물조달,PORT-807501AD1AFE,DISCLOSED_PATH,5,2029,2038,0.161954,0.580977,0.257069,0.0,0.0,0.0,0.1,0.0,0.0,421.553941,NS-EAST:SCRAP_EAF:2034|NS-KANSAI:BF_RELINE:2036|NS-KYUSHU:H2_DRI_EAF:2029|NS-NAGOYA:SCRAP_EAF:2032|NS-SETOUCHI:SCRAP_EAF:2038,model_generated_candidate,"Generated from disclosed-path facility calendar, technology set and template contracting assumptions; not a company-announced project"
CAND-89D449E9FBEEF9,NIPPON_STEEL_JP,Nippon Steel,P7,완전 수소·계약형,PORT-2ECB61BA4654,DISCLOSED_PATH,5,2028,2035,0.0,0.0,1.0,0.0,1.0,0.95,0.95,0.9,0.045,663.14981,NS-EAST:H2_DRI_EAF:2031|NS-KANSAI:H2_DRI_EAF:2033|NS-KYUSHU:H2_DRI_EAF:2028|NS-NAGOYA:H2_DRI_EAF:2029|NS-SETOUCHI:H2_DRI_EAF:2035,model_generated_candidate,"Generated from disclosed-path facility calendar, technology set and template contracting assumptions; not a company-announced project"
CAND-8A0A34A1B6CD4C,NIPPON_STEEL_JP,Nippon Steel,P2,지연·부분헤지,PORT-AC68D0606F7A,DISCLOSED_PATH,5,2029,2038,0.37018,0.192802,0.437018,0.0,0.15,0.1,0.2,0.1,0.01,362.423927,NS-EAST:BF_RELINE:2034|NS-KANSAI:BF_RELINE:2036|NS-KYUSHU:H2_DRI_EAF:2029|NS-NAGOYA:H2_DRI_EAF:2032|NS-SETOUCHI:SCRAP_EAF:2038,model_generated_candidate,"Generated from disclosed-path facility calendar, technology set and template contracting assumptions; not a company-announced project"
CAND-8A32EE77ABBE07,NIPPON_STEEL_JP,Nippon Steel,P1,지연·현물조달,PORT-0ACD636A8AEE,DISCLOSED_PATH,5,2029,2038,0.0,0.645244,0.354756,0.0,0.0,0.0,0.1,0.0,0.0,446.878947,NS-EAST:SCRAP_EAF:2034|NS-KANSAI:H2_DRI_EAF:2036|NS-KYUSHU:SCRAP_EAF:2029|NS-NAGOYA:SCRAP_EAF:2032|NS-SETOUCHI:H2_DRI_EAF:2038,model_generated_candidate,"Generated from disclosed-path facility calendar, technology set and template contracting assumptions; not a company-announced project"
CAND-8ADD0E84C771B9,NIPPON_STEEL_JP,Nippon Steel,P1,지연·현물조달,PORT-1F662552CEC3,DISCLOSED_PATH,5,2029,2038,0.388175,0.449871,0.161954,0.0,0.0,0.0,0.1,0.0,0.0,288.163964,NS-EAST:BF_RELINE:2034|NS-KANSAI:H2_DRI_EAF:2036|NS-KYUSHU:SCRAP_EAF:2029|NS-NAGOYA:BF_RELINE:2032|NS-SETOUCHI:SCRAP_EAF:2038,model_generated_candidate,"Generated from disclosed-path facility calendar, technology set and template contracting assumptions; not a company-announced project"
CAND-8C1DE82984BE9C,NIPPON_STEEL_JP,Nippon Steel,P3,균형형 라이트헤지,PORT-8186E2E8AA48,DISCLOSED_PATH,5,2029,2038,0.0,0.208226,0.791774,0.0,0.3,0.25,0.35,0.25,0.015,487.828943,NS-EAST:SCRAP_EAF:2034|NS-KANSAI:H2_DRI_EAF:2036|NS-KYUSHU:H2_DRI_EAF:2029|NS-NAGOYA:H2_DRI_EAF:2032|NS-SETOUCHI:H2_DRI_EAF:2038,model_generated_candidate,"Generated from disclosed-path facility calendar, technology set and template contracting assumptions; not a company-announced project"
CAND-8C43EE4829013A,NIPPON_STEEL_JP,Nippon Steel,P2,지연·부분헤지,PORT-758CC6172A3B,DISCLOSED_PATH,5,2029,2038,0.550129,0.192802,0.257069,0.0,0.15,0.1,0.2,0.1,0.01,267.563958,NS-EAST:BF_RELINE:2034|NS-KANSAI:BF_RELINE:2036|NS-KYUSHU:H2_DRI_EAF:2029|NS-NAGOYA:BF_RELINE:2032|NS-SETOUCHI:SCRAP_EAF:2038,model_generated_candidate,"Generated from disclosed-path facility calendar, technology set and template contracting assumptions; not a company-announced project"
CAND-8C8E20A72CC1A9,NIPPON_STEEL_JP,Nippon Steel,P2,지연·부분헤지,PORT-2B4B7B3B418B,DISCLOSED_PATH,5,2029,2038,0.401028,0.161954,0.437018,0.0,0.15,0.1,0.2,0.1,0.01,375.618932,NS-EAST:BF_RELINE:2034|NS-KANSAI:SCRAP_EAF:2036|NS-KYUSHU:H2_DRI_EAF:2029|NS-NAGOYA:H2_DRI_EAF:2032|NS-SETOUCHI:BF_RELINE:2038,model_generated_candidate,"Generated from disclosed-path facility calendar, technology set and template contracting assumptions; not a company-announced project"
CAND-8CB8452020FD2E,NIPPON_STEEL_JP,Nippon Steel,P3,균형형 라이트헤지,PORT-1A4B19920DEE,DISCLOSED_PATH,5,2029,2038,0.179949,0.192802,0.627249,0.0,0.3,0.25,0.35,0.25,0.015,400.843975,NS-EAST:H2_DRI_EAF:2034|NS-KANSAI:H2_DRI_EAF:2036|NS-KYUSHU:H2_DRI_EAF:2029|NS-NAGOYA:BF_RELINE:2032|NS-SETOUCHI:SCRAP_EAF:2038,model_generated_candidate,"Generated from disclosed-path facility calendar, technology set and template contracting assumptions; not a company-announced project"
CAND-8D9B6656A675D4,NIPPON_STEEL_JP,Nippon Steel,P2,지연·부분헤지,PORT-BF563B54E502,DISCLOSED_PATH,5,2029,2038,0.208226,0.419023,0.372751,0.0,0.15,0.1,0.2,0.1,0.01,380.748932,NS-EAST:BF_RELINE:2034|NS-KANSAI:SCRAP_EAF:2036|NS-KYUSHU:SCRAP_EAF:2029|NS-NAGOYA:H2_DRI_EAF:2032|NS-SETOUCHI:H2_DRI_EAF:2038,model_generated_candidate,"Generated from disclosed-path facility calendar, technology set and template contracting assumptions; not a company-announced project"
CAND-8DF529B3877680,NIPPON_STEEL_JP,Nippon Steel,P2,지연·부분헤지,PORT-E9DA8A4B2253,DISCLOSED_PATH,5,2029,2038,0.791774,0.0,0.208226,0.0,0.15,0.1,0.2,0.1,0.01,142.238969,NS-EAST:H2_DRI_EAF:2034|NS-KANSAI:BF_RELINE:2036|NS-KYUSHU:BF_RELINE:2029|NS-NAGOYA:BF_RELINE:2032|NS-SETOUCHI:BF_RELINE:2038,model_generated_candidate,"Generated from disclosed-path facility calendar, technology set and template contracting assumptions; not a company-announced project"
CAND-8E04A2B7107CAF,NIPPON_STEEL_JP,Nippon Steel,P2,지연·부분헤지,PORT-8F73C471E8F1,DISCLOSED_PATH,5,2029,2038,0.37018,0.179949,0.449871,0.0,0.15,0.1,0.2,0.1,0.01,353.198932,NS-EAST:BF_RELINE:2034|NS-KANSAI:BF_RELINE:2036|NS-KYUSHU:H2_DRI_EAF:2029|NS-NAGOYA:SCRAP_EAF:2032|NS-SETOUCHI:H2_DRI_EAF:2038,model_generated_candidate,"Generated from disclosed-path facility calendar, technology set and template contracting assumptions; not a company-announced project"
CAND-8E2B4724BB5F60,NIPPON_STEEL_JP,Nippon Steel,P1,지연·현물조달,PORT-BF29E8561588,DISCLOSED_PATH,5,2029,2038,0.192802,0.37018,0.437018,0.0,0.0,0.0,0.1,0.0,0.0,448.698942,NS-EAST:SCRAP_EAF:2034|NS-KANSAI:SCRAP_EAF:2036|NS-KYUSHU:H2_DRI_EAF:2029|NS-NAGOYA:H2_DRI_EAF:2032|NS-SETOUCHI:BF_RELINE:2038,model_generated_candidate,"Generated from disclosed-path facility calendar, technology set and template contracting assumptions; not a company-announced project"
CAND-8F2B01D027FD50,NIPPON_STEEL_JP,Nippon Steel,P3,균형형 라이트헤지,PORT-43EF81127474,DISCLOSED_PATH,5,2029,2038,0.208226,0.0,0.791774,0.0,0.3,0.25,0.35,0.25,0.015,414.748933,NS-EAST:BF_RELINE:2034|NS-KANSAI:H2_DRI_EAF:2036|NS-KYUSHU:H2_DRI_EAF:2029|NS-NAGOYA:H2_DRI_EAF:2032|NS-SETOUCHI:H2_DRI_EAF:2038,model_generated_candidate,"Generated from disclosed-path facility calendar, technology set and template contracting assumptions; not a company-announced project"
CAND-908716DF2AB921,NIPPON_STEEL_JP,Nippon Steel,P2,지연·부분헤지,PORT-0542A6FA3ED2,DISCLOSED_PATH,5,2029,2038,0.354756,0.208226,0.437018,0.0,0.15,0.1,0.2,0.1,0.01,408.098937,NS-EAST:SCRAP_EAF:2034|NS-KANSAI:BF_RELINE:2036|NS-KYUSHU:H2_DRI_EAF:2029|NS-NAGOYA:H2_DRI_EAF:2032|NS-SETOUCHI:BF_RELINE:2038,model_generated_candidate,"Generated from disclosed-path facility calendar, technology set and template contracting assumptions; not a company-announced project"
CAND-9095C92643126E,NIPPON_STEEL_JP,Nippon Steel,P1,지연·현물조달,PORT-4FC217565C3B,DISCLOSED_PATH,5,2029,2038,0.341902,0.208226,0.449871,0.0,0.0,0.0,0.1,0.0,0.0,345.368967,NS-EAST:SCRAP_EAF:2034|NS-KANSAI:BF_RELINE:2036|NS-KYUSHU:H2_DRI_EAF:2029|NS-NAGOYA:BF_RELINE:2032|NS-SETOUCHI:H2_DRI_EAF:2038,model_generated_candidate,"Generated from disclosed-path facility calendar, technology set and template contracting assumptions; not a company-announced project"
CAND-9101D20C3B5802,NIPPON_STEEL_JP,Nippon Steel,P1,지연·현물조달,PORT-17AB13B46286,DISCLOSED_PATH,5,2029,2038,0.179949,0.37018,0.449871,0.0,0.0,0.0,0.1,0.0,0.0,385.968972,NS-EAST:SCRAP_EAF:2034|NS-KANSAI:SCRAP_EAF:2036|NS-KYUSHU:H2_DRI_EAF:2029|NS-NAGOYA:BF_RELINE:2032|NS-SETOUCHI:H2_DRI_EAF:2038,model_generated_candidate,"Generated from disclosed-path facility calendar, technology set and template contracting assumptions; not a company-announced project"
CAND-9132EE1EC2E921,NIPPON_STEEL_JP,Nippon Steel,P1,지연·현물조달,PORT-F35ED7E625B9,DISCLOSED_PATH,5,2029,2038,0.372751,0.37018,0.257069,0.0,0.0,0.0,0.1,0.0,0.0,353.838972,NS-EAST:SCRAP_EAF:2034|NS-KANSAI:SCRAP_EAF:2036|NS-KYUSHU:H2_DRI_EAF:2029|NS-NAGOYA:BF_RELINE:2032|NS-SETOUCHI:BF_RELINE:2038,model_generated_candidate,"Generated from disclosed-path facility calendar, technology set and template contracting assumptions; not a company-announced project"
CAND-91BB5A02A7A61F,NIPPON_STEEL_JP,Nippon Steel,P2,지연·부분헤지,PORT-42FD0857B83C,DISCLOSED_PATH,5,2029,2038,0.0,0.598972,0.401028,0.0,0.15,0.1,0.2,0.1,0.01,452.478948,NS-EAST:H2_DRI_EAF:2034|NS-KANSAI:SCRAP_EAF:2036|NS-KYUSHU:SCRAP_EAF:2029|NS-NAGOYA:SCRAP_EAF:2032|NS-SETOUCHI:H2_DRI_EAF:2038,model_generated_candidate,"Generated from disclosed-path facility calendar, technology set and template contracting assumptions; not a company-announced project"
CAND-91ED48BDAA559B,NIPPON_STEEL_JP,Nippon Steel,P1,지연·현물조달,PORT-7DC6DDA55D96,DISCLOSED_PATH,5,2029,2038,0.437018,0.208226,0.354756,0.0,0.0,0.0,0.1,0.0,0.0,209.368973,NS-EAST:SCRAP_EAF:2034|NS-KANSAI:H2_DRI_EAF:2036|NS-KYUSHU:BF_RELINE:2029|NS-NAGOYA:BF_RELINE:2032|NS-SETOUCHI:H2_DRI_EAF:2038,model_generated_candidate,"Generated from disclosed-path facility calendar, technology set and template contracting assumptions; not a company-announced project"
CAND-922D24F8221A4A,NIPPON_STEEL_JP,Nippon Steel,P1,지연·현물조달,PORT-BF563B54E502,DISCLOSED_PATH,5,2029,2038,0.208226,0.419023,0.372751,0.0,0.0,0.0,0.1,0.0,0.0,380.748932,NS-EAST:BF_RELINE:2034|NS-KANSAI:SCRAP_EAF:2036|NS-KYUSHU:SCRAP_EAF:2029|NS-NAGOYA:H2_DRI_EAF:2032|NS-SETOUCHI:H2_DRI_EAF:2038,model_generated_candidate,"Generated from disclosed-path facility calendar, technology set and template contracting assumptions; not a company-announced project"
CAND-927A12FA71C119,NIPPON_STEEL_JP,Nippon Steel,P2,지연·부분헤지,PORT-F35ED7E625B9,DISCLOSED_PATH,5,2029,2038,0.372751,0.37018,0.257069,0.0,0.15,0.1,0.2,0.1,0.01,353.838972,NS-EAST:SCRAP_EAF:2034|NS-KANSAI:SCRAP_EAF:2036|NS-KYUSHU:H2_DRI_EAF:2029|NS-NAGOYA:BF_RELINE:2032|NS-SETOUCHI:BF_RELINE:2038,model_generated_candidate,"Generated from disclosed-path facility calendar, technology set and template contracting assumptions; not a company-announced project"
CAND-929DE303374200,NIPPON_STEEL_JP,Nippon Steel,P1,지연·현물조달,PORT-86BF82627142,DISCLOSED_PATH,5,2029,2038,0.192802,0.645244,0.161954,0.0,0.0,0.0,0.1,0.0,0.0,414.748947,NS-EAST:SCRAP_EAF:2034|NS-KANSAI:H2_DRI_EAF:2036|NS-KYUSHU:SCRAP_EAF:2029|NS-NAGOYA:SCRAP_EAF:2032|NS-SETOUCHI:BF_RELINE:2038,model_generated_candidate,"Generated from disclosed-path facility calendar, technology set and template contracting assumptions; not a company-announced project"
CAND-92EA52FA4471AA,NIPPON_STEEL_JP,Nippon Steel,P1,지연·현물조달,PORT-EB7921B0B4D7,DISCLOSED_PATH,5,2029,2038,0.192802,0.341902,0.465296,0.0,0.0,0.0,0.1,0.0,0.0,447.348948,NS-EAST:H2_DRI_EAF:2034|NS-KANSAI:SCRAP_EAF:2036|NS-KYUSHU:H2_DRI_EAF:2029|NS-NAGOYA:SCRAP_EAF:2032|NS-SETOUCHI:BF_RELINE:2038,model_generated_candidate,"Generated from disclosed-path facility calendar, technology set and template contracting assumptions; not a company-announced project"
CAND-940ED942CBD269,NIPPON_STEEL_JP,Nippon Steel,P2,지연·부분헤지,PORT-D2286B1543C0,DISCLOSED_PATH,5,2029,2038,0.372751,0.257069,0.37018,0.0,0.15,0.1,0.2,0.1,0.01,346.438975,NS-EAST:H2_DRI_EAF:2034|NS-KANSAI:H2_DRI_EAF:2036|NS-KYUSHU:SCRAP_EAF:2029|NS-NAGOYA:BF_RELINE:2032|NS-SETOUCHI:BF_RELINE:2038,model_generated_candidate,"Generated from disclosed-path facility calendar, technology set and template contracting assumptions; not a company-announced project"
CAND-94A5F055326590,NIPPON_STEEL_JP,Nippon Steel,P3,균형형 라이트헤지,PORT-685CF3088EF5,DISCLOSED_PATH,5,2029,2038,0.341902,0.0,0.658098,0.0,0.3,0.25,0.35,0.25,0.015,357.968969,NS-EAST:H2_DRI_EAF:2034|NS-KANSAI:BF_RELINE:2036|NS-KYUSHU:H2_DRI_EAF:2029|NS-NAGOYA:BF_RELINE:2032|NS-SETOUCHI:H2_DRI_EAF:2038,model_generated_candidate,"Generated from disclosed-path facility calendar, technology set and template contracting assumptions; not a company-announced project"
CAND-9577FB5A2464E1,NIPPON_STEEL_JP,Nippon Steel,P2,지연·부분헤지,PORT-AA17EC0396DF,DISCLOSED_PATH,5,2029,2038,0.161954,0.437018,0.401028,0.0,0.15,0.1,0.2,0.1,0.01,411.878943,NS-EAST:H2_DRI_EAF:2034|NS-KANSAI:BF_RELINE:2036|NS-KYUSHU:SCRAP_EAF:2029|NS-NAGOYA:SCRAP_EAF:2032|NS-SETOUCHI:H2_DRI_EAF:2038,model_generated_candidate,"Generated from disclosed-path facility calendar, technology set and template contracting assumptions; not a company-announced project"
CAND-96490FCD0060A9,NIPPON_STEEL_JP,Nippon Steel,P3,균형형 라이트헤지,PORT-921D4BD7C0AA,DISCLOSED_PATH,5,2029,2038,0.388175,0.161954,0.449871,0.0,0.3,0.25,0.35,0.25,0.015,312.888963,NS-EAST:BF_RELINE:2034|NS-KANSAI:SCRAP_EAF:2036|NS-KYUSHU:H2_DRI_EAF:2029|NS-NAGOYA:BF_RELINE:2032|NS-SETOUCHI:H2_DRI_EAF:2038,model_generated_candidate,"Generated from disclosed-path facility calendar, technology set and template contracting assumptions; not a company-announced project"
CAND-966DD06DE07B52,NIPPON_STEEL_JP,Nippon Steel,P3,균형형 라이트헤지,PORT-F7D0A7E47A59,DISCLOSED_PATH,5,2029,2038,0.161954,0.179949,0.658098,0.0,0.3,0.25,0.35,0.25,0.015,438.878943,NS-EAST:H2_DRI_EAF:2034|NS-KANSAI:BF_RELINE:2036|NS-KYUSHU:H2_DRI_EAF:2029|NS-NAGOYA:SCRAP_EAF:2032|NS-SETOUCHI:H2_DRI_EAF:2038,model_generated_candidate,"Generated from disclosed-path facility calendar, technology set and template contracting assumptions; not a company-announced project"
CAND-967FD52FEF7AD0,NIPPON_STEEL_JP,Nippon Steel,P2,지연·부분헤지,PORT-6BA9841BAB7B,DISCLOSED_PATH,5,2029,2038,0.179949,0.401028,0.419023,0.0,0.15,0.1,0.2,0.1,0.01,388.243973,NS-EAST:SCRAP_EAF:2034|NS-KANSAI:H2_DRI_EAF:2036|NS-KYUSHU:H2_DRI_EAF:2029|NS-NAGOYA:BF_RELINE:2032|NS-SETOUCHI:SCRAP_EAF:2038,model_generated_candidate,"Generated from disclosed-path facility calendar, technology set and template contracting assumptions; not a company-announced project"
CAND-97619370C4E958,NIPPON_STEEL_JP,Nippon Steel,P2,지연·부분헤지,PORT-4F64F793369E,DISCLOSED_PATH,5,2029,2038,0.341902,0.257069,0.401028,0.0,0.15,0.1,0.2,0.1,0.01,330.968969,NS-EAST:H2_DRI_EAF:2034|NS-KANSAI:BF_RELINE:2036|NS-KYUSHU:SCRAP_EAF:2029|NS-NAGOYA:BF_RELINE:2032|NS-SETOUCHI:H2_DRI_EAF:2038,model_generated_candidate,"Generated from disclosed-path facility calendar, technology set and template contracting assumptions; not a company-announced project"
CAND-97FAAFFD87E907,NIPPON_STEEL_JP,Nippon Steel,P1,지연·현물조달,PORT-160DD6C4A97F,DISCLOSED_PATH,5,2029,2038,0.0,0.838046,0.161954,0.0,0.0,0.0,0.1,0.0,0.0,442.153947,NS-EAST:SCRAP_EAF:2034|NS-KANSAI:H2_DRI_EAF:2036|NS-KYUSHU:SCRAP_EAF:2029|NS-NAGOYA:SCRAP_EAF:2032|NS-SETOUCHI:SCRAP_EAF:2038,model_generated_candidate,"Generated from disclosed-path facility calendar, technology set and template contracting assumptions; not a company-announced project"
CAND-98C444785493CC,NIPPON_STEEL_JP,Nippon Steel,P2,지연·부분헤지,PORT-6A7794E0A685,DISCLOSED_PATH,5,2029,2038,0.192802,0.550129,0.257069,0.0,0.15,0.1,0.2,0.1,0.01,434.748946,NS-EAST:SCRAP_EAF:2034|NS-KANSAI:SCRAP_EAF:2036|NS-KYUSHU:H2_DRI_EAF:2029|NS-NAGOYA:SCRAP_EAF:2032|NS-SETOUCHI:BF_RELINE:2038,model_generated_candidate,"Generated from disclosed-path facility calendar, technology set and template contracting assumptions; not a company-announced project"
CAND-990402B84D146B,NIPPON_STEEL_JP,Nippon Steel,P3,균형형 라이트헤지,PORT-F37E5039B6ED,DISCLOSED_PATH,5,2029,2038,0.208226,0.179949,0.611825,0.0,0.3,0.25,0.35,0.25,0.015,400.798938,NS-EAST:BF_RELINE:2034|NS-KANSAI:H2_DRI_EAF:2036|NS-KYUSHU:H2_DRI_EAF:2029|NS-NAGOYA:SCRAP_EAF:2032|NS-SETOUCHI:H2_DRI_EAF:2038,model_generated_candidate,"Generated from disclosed-path facility calendar, technology set and template contracting assumptions; not a company-announced project"
CAND-998B8F607FCC4E,NIPPON_STEEL_JP,Nippon Steel,P1,지연·현물조달,PORT-6DF50E192B73,DISCLOSED_PATH,5,2029,2038,1.0,0.0,0.0,0.0,0.0,0.0,0.1,0.0,0.0,56.558958,NS-EAST:BF_RELINE:2034|NS-KANSAI:BF_RELINE:2036|NS-KYUSHU:BF_RELINE:2029|NS-NAGOYA:BF_RELINE:2032|NS-SETOUCHI:BF_RELINE:2038,model_generated_candidate,"Generated from disclosed-path facility calendar, technology set and template contracting assumptions; not a company-announced project"
CAND-99C2F6AC6E0947,NIPPON_STEEL_JP,Nippon Steel,P1,지연·현물조달,PORT-9DCBF1CC23DB,DISCLOSED_PATH,5,2029,2038,0.598972,0.401028,0.0,0.0,0.0,0.0,0.1,0.0,0.0,157.043967,NS-EAST:SCRAP_EAF:2034|NS-KANSAI:BF_RELINE:2036|NS-KYUSHU:BF_RELINE:2029|NS-NAGOYA:BF_RELINE:2032|NS-SETOUCHI:SCRAP_EAF:2038,model_generated_candidate,"Generated from disclosed-path facility calendar, technology set and template contracting assumptions; not a company-announced project"
CAND-99C2FB963A3312,NIPPON_STEEL_JP,Nippon Steel,P2,지연·부분헤지,PORT-2D5B38A00FC3,DISCLOSED_PATH,5,2029,2038,0.372751,0.208226,0.419023,0.0,0.15,0.1,0.2,0.1,0.01,360.838973,NS-EAST:SCRAP_EAF:2034|NS-KANSAI:H2_DRI_EAF:2036|NS-KYUSHU:H2_DRI_EAF:2029|NS-NAGOYA:BF_RELINE:2032|NS-SETOUCHI:BF_RELINE:2038,model_generated_candidate,"Generated from disclosed-path facility calendar, technology set and template contracting assumptions; not a company-announced project"
CAND-9A3B971FF5CFC2,NIPPON_STEEL_JP,Nippon Steel,P3,균형형 라이트헤지,PORT-85BCFB6D75A5,DISCLOSED_PATH,5,2029,2038,0.419023,0.192802,0.388175,0.0,0.3,0.25,0.35,0.25,0.015,264.503938,NS-EAST:H2_DRI_EAF:2034|NS-KANSAI:BF_RELINE:2036|NS-KYUSHU:BF_RELINE:2029|NS-NAGOYA:H2_DRI_EAF:2032|NS-SETOUCHI:SCRAP_EAF:2038,model_generated_candidate,"Generated from disclosed-path facility calendar, technology set and template contracting assumptions; not a company-announced project"
CAND-9A6C9B9EE37EE0,NIPPON_STEEL_JP,Nippon Steel,P1,지연·현물조달,PORT-4A80544162DB,DISCLOSED_PATH,5,2029,2038,0.791774,0.208226,0.0,0.0,0.0,0.0,0.1,0.0,0.0,129.638967,NS-EAST:SCRAP_EAF:2034|NS-KANSAI:BF_RELINE:2036|NS-KYUSHU:BF_RELINE:2029|NS-NAGOYA:BF_RELINE:2032|NS-SETOUCHI:BF_RELINE:2038,model_generated_candidate,"Generated from disclosed-path facility calendar, technology set and template contracting assumptions; not a company-announced project"
CAND-9A94D582F1BDDD,NIPPON_STEEL_JP,Nippon Steel,P3,균형형 라이트헤지,PORT-5ADA91EDF97F,DISCLOSED_PATH,5,2029,2038,0.419023,0.208226,0.372751,0.0,0.3,0.25,0.35,0.25,0.015,256.628937,NS-EAST:SCRAP_EAF:2034|NS-KANSAI:BF_RELINE:2036|NS-KYUSHU:BF_RELINE:2029|NS-NAGOYA:H2_DRI_EAF:2032|NS-SETOUCHI:H2_DRI_EAF:2038,model_generated_candidate,"Generated from disclosed-path facility calendar, technology set and template contracting assumptions; not a company-announced project"
CAND-9AA18DA06B5B1E,NIPPON_STEEL_JP,Nippon Steel,P1,지연·현물조달,PORT-4270128735D9,DISCLOSED_PATH,5,2029,2038,0.562982,0.179949,0.257069,0.0,0.0,0.0,0.1,0.0,0.0,321.068932,NS-EAST:BF_RELINE:2034|NS-KANSAI:BF_RELINE:2036|NS-KYUSHU:H2_DRI_EAF:2029|NS-NAGOYA:SCRAP_EAF:2032|NS-SETOUCHI:BF_RELINE:2038,model_generated_candidate,"Generated from disclosed-path facility calendar, technology set and template contracting assumptions; not a company-announced project"
CAND-9AE14A2C094F50,NIPPON_STEEL_JP,Nippon Steel,P2,지연·부분헤지,PORT-4FC217565C3B,DISCLOSED_PATH,5,2029,2038,0.341902,0.208226,0.449871,0.0,0.15,0.1,0.2,0.1,0.01,345.368967,NS-EAST:SCRAP_EAF:2034|NS-KANSAI:BF_RELINE:2036|NS-KYUSHU:H2_DRI_EAF:2029|NS-NAGOYA:BF_RELINE:2032|NS-SETOUCHI:H2_DRI_EAF:2038,model_generated_candidate,"Generated from disclosed-path facility calendar, technology set and template contracting assumptions; not a company-announced project"
CAND-9AE2D8B8B8072F,NIPPON_STEEL_JP,Nippon Steel,P1,지연·현물조달,PORT-8FA30C7F0389,DISCLOSED_PATH,5,2029,2038,0.645244,0.161954,0.192802,0.0,0.0,0.0,0.1,0.0,0.0,129.288963,NS-EAST:BF_RELINE:2034|NS-KANSAI:SCRAP_EAF:2036|NS-KYUSHU:BF_RELINE:2029|NS-NAGOYA:BF_RELINE:2032|NS-SETOUCHI:H2_DRI_EAF:2038,model_generated_candidate,"Generated from disclosed-path facility calendar, technology set and template contracting assumptions; not a company-announced project"
CAND-9AFB607449285B,NIPPON_STEEL_JP,Nippon Steel,P4,균형형 전환,PORT-3D9E6191363A,DISCLOSED_PATH,5,2028,2037,0.0,0.401028,0.598972,0.0,0.5,0.45,0.5,0.4,0.02,545.468939,NS-EAST:SCRAP_EAF:2033|NS-KANSAI:H2_DRI_EAF:2035|NS-KYUSHU:H2_DRI_EAF:2028|NS-NAGOYA:H2_DRI_EAF:2031|NS-SETOUCHI:SCRAP_EAF:2037,model_generated_candidate,"Generated from disclosed-path facility calendar, technology set and template contracting assumptions; not a company-announced project"
CAND-9BDD17344F0FD9,NIPPON_STEEL_JP,Nippon Steel,P3,균형형 라이트헤지,PORT-20A2D678A278,DISCLOSED_PATH,5,2029,2038,0.0,0.354756,0.645244,0.0,0.3,0.25,0.35,0.25,0.015,488.703943,NS-EAST:H2_DRI_EAF:2034|NS-KANSAI:SCRAP_EAF:2036|NS-KYUSHU:H2_DRI_EAF:2029|NS-NAGOYA:H2_DRI_EAF:2032|NS-SETOUCHI:SCRAP_EAF:2038,model_generated_candidate,"Generated from disclosed-path facility calendar, technology set and template contracting assumptions; not a company-announced project"
CAND-9CD029437962BA,NIPPON_STEEL_JP,Nippon Steel,P3,균형형 라이트헤지,PORT-9F881B0E6E71,DISCLOSED_PATH,5,2029,2038,0.449871,0.161954,0.388175,0.0,0.3,0.25,0.35,0.25,0.015,277.698943,NS-EAST:H2_DRI_EAF:2034|NS-KANSAI:SCRAP_EAF:2036|NS-KYUSHU:BF_RELINE:2029|NS-NAGOYA:H2_DRI_EAF:2032|NS-SETOUCHI:BF_RELINE:2038,model_generated_candidate,"Generated from disclosed-path facility calendar, technology set and template contracting assumptions; not a company-announced project"
CAND-9D08D9C1AAE72B,NIPPON_STEEL_JP,Nippon Steel,P1,지연·현물조달,PORT-2C2A10B4DFAE,DISCLOSED_PATH,5,2029,2038,0.0,1.0,0.0,0.0,0.0,0.0,0.1,0.0,0.0,435.153946,NS-EAST:SCRAP_EAF:2034|NS-KANSAI:SCRAP_EAF:2036|NS-KYUSHU:SCRAP_EAF:2029|NS-NAGOYA:SCRAP_EAF:2032|NS-SETOUCHI:SCRAP_EAF:2038,model_generated_candidate,"Generated from disclosed-path facility calendar, technology set and template contracting assumptions; not a company-announced project"
CAND-9D238D687B4827,NIPPON_STEEL_JP,Nippon Steel,P3,균형형 라이트헤지,PORT-475628A5EB38,DISCLOSED_PATH,5,2029,2038,0.179949,0.354756,0.465296,0.0,0.3,0.25,0.35,0.25,0.015,393.843974,NS-EAST:H2_DRI_EAF:2034|NS-KANSAI:SCRAP_EAF:2036|NS-KYUSHU:H2_DRI_EAF:2029|NS-NAGOYA:BF_RELINE:2032|NS-SETOUCHI:SCRAP_EAF:2038,model_generated_candidate,"Generated from disclosed-path facility calendar, technology set and template contracting assumptions; not a company-announced project"
CAND-9DAB8BFDEC6337,NIPPON_STEEL_JP,Nippon Steel,P3,균형형 라이트헤지,PORT-ED90F4FED395,DISCLOSED_PATH,5,2029,2038,0.388175,0.0,0.611825,0.0,0.3,0.25,0.35,0.25,0.015,319.888964,NS-EAST:BF_RELINE:2034|NS-KANSAI:H2_DRI_EAF:2036|NS-KYUSHU:H2_DRI_EAF:2029|NS-NAGOYA:BF_RELINE:2032|NS-SETOUCHI:H2_DRI_EAF:2038,model_generated_candidate,"Generated from disclosed-path facility calendar, technology set and template contracting assumptions; not a company-announced project"
CAND-9DEF4BAB9A0852,NIPPON_STEEL_JP,Nippon Steel,P2,지연·부분헤지,PORT-233896767A76,DISCLOSED_PATH,5,2029,2038,0.0,0.550129,0.449871,0.0,0.15,0.1,0.2,0.1,0.01,466.878946,NS-EAST:SCRAP_EAF:2034|NS-KANSAI:SCRAP_EAF:2036|NS-KYUSHU:H2_DRI_EAF:2029|NS-NAGOYA:SCRAP_EAF:2032|NS-SETOUCHI:H2_DRI_EAF:2038,model_generated_candidate,"Generated from disclosed-path facility calendar, technology set and template contracting assumptions; not a company-announced project"
CAND-9E270E8727760A,NIPPON_STEEL_JP,Nippon Steel,P1,지연·현물조달,PORT-5F64F8D36298,DISCLOSED_PATH,5,2029,2038,0.401028,0.598972,0.0,0.0,0.0,0.0,0.1,0.0,0.0,334.668937,NS-EAST:BF_RELINE:2034|NS-KANSAI:SCRAP_EAF:2036|NS-KYUSHU:SCRAP_EAF:2029|NS-NAGOYA:SCRAP_EAF:2032|NS-SETOUCHI:BF_RELINE:2038,model_generated_candidate,"Generated from disclosed-path facility calendar, technology set and template contracting assumptions; not a company-announced project"
CAND-9E9C125159A58F,NIPPON_STEEL_JP,Nippon Steel,P2,지연·부분헤지,PORT-4028F2B5FE7E,DISCLOSED_PATH,5,2029,2038,0.257069,0.208226,0.534704,0.0,0.15,0.1,0.2,0.1,0.01,304.228943,NS-EAST:SCRAP_EAF:2034|NS-KANSAI:H2_DRI_EAF:2036|NS-KYUSHU:BF_RELINE:2029|NS-NAGOYA:H2_DRI_EAF:2032|NS-SETOUCHI:H2_DRI_EAF:2038,model_generated_candidate,"Generated from disclosed-path facility calendar, technology set and template contracting assumptions; not a company-announced project"
CAND-9EF16DBB46004F,NIPPON_STEEL_JP,Nippon Steel,P1,지연·현물조달,PORT-833EEC5002A6,DISCLOSED_PATH,5,2029,2038,0.208226,0.62982,0.161954,0.0,0.0,0.0,0.1,0.0,0.0,369.073938,NS-EAST:BF_RELINE:2034|NS-KANSAI:H2_DRI_EAF:2036|NS-KYUSHU:SCRAP_EAF:2029|NS-NAGOYA:SCRAP_EAF:2032|NS-SETOUCHI:SCRAP_EAF:2038,model_generated_candidate,"Generated from disclosed-path facility calendar, technology set and template contracting assumptions; not a company-announced project"
CAND-9F7978C8663C29,NIPPON_STEEL_JP,Nippon Steel,P3,균형형 라이트헤지,PORT-1C358B09C3EE,DISCLOSED_PATH,5,2029,2038,0.208226,0.161954,0.62982,0.0,0.3,0.25,0.35,0.25,0.015,407.748932,NS-EAST:BF_RELINE:2034|NS-KANSAI:SCRAP_EAF:2036|NS-KYUSHU:H2_DRI_EAF:2029|NS-NAGOYA:H2_DRI_EAF:2032|NS-SETOUCHI:H2_DRI_EAF:2038,model_generated_candidate,"Generated from disclosed-path facility calendar, technology set and template contracting assumptions; not a company-announced project"
CAND-9FAC1A13544E8C,NIPPON_STEEL_JP,Nippon Steel,P1,지연·현물조달,PORT-85BCFB6D75A5,DISCLOSED_PATH,5,2029,2038,0.419023,0.192802,0.388175,0.0,0.0,0.0,0.1,0.0,0.0,264.503938,NS-EAST:H2_DRI_EAF:2034|NS-KANSAI:BF_RELINE:2036|NS-KYUSHU:BF_RELINE:2029|NS-NAGOYA:H2_DRI_EAF:2032|NS-SETOUCHI:SCRAP_EAF:2038,model_generated_candidate,"Generated from disclosed-path facility calendar, technology set and template contracting assumptions; not a company-announced project"
CAND-A072998D2CCACE,NIPPON_STEEL_JP,Nippon Steel,P1,지연·현물조달,PORT-0B2B029D958E,DISCLOSED_PATH,5,2029,2038,0.562982,0.257069,0.179949,0.0,0.0,0.0,0.1,0.0,0.0,308.018927,NS-EAST:BF_RELINE:2034|NS-KANSAI:BF_RELINE:2036|NS-KYUSHU:SCRAP_EAF:2029|NS-NAGOYA:H2_DRI_EAF:2032|NS-SETOUCHI:BF_RELINE:2038,model_generated_candidate,"Generated from disclosed-path facility calendar, technology set and template contracting assumptions; not a company-announced project"
CAND-A07C327FB5D4C4,NIPPON_STEEL_JP,Nippon Steel,P4,균형형 전환,PORT-DF77606A395F,DISCLOSED_PATH,5,2028,2037,0.179949,0.257069,0.562982,0.0,0.5,0.45,0.5,0.4,0.02,431.518975,NS-EAST:H2_DRI_EAF:2033|NS-KANSAI:H2_DRI_EAF:2035|NS-KYUSHU:SCRAP_EAF:2028|NS-NAGOYA:BF_RELINE:2031|NS-SETOUCHI:H2_DRI_EAF:2037,model_generated_candidate,"Generated from disclosed-path facility calendar, technology set and template contracting assumptions; not a company-announced project"
CAND-A16BAAAB7617F6,NIPPON_STEEL_JP,Nippon Steel,P2,지연·부분헤지,PORT-7C3E7675F8C1,DISCLOSED_PATH,5,2029,2038,0.0,0.388175,0.611825,0.0,0.15,0.1,0.2,0.1,0.01,473.878947,NS-EAST:SCRAP_EAF:2034|NS-KANSAI:H2_DRI_EAF:2036|NS-KYUSHU:H2_DRI_EAF:2029|NS-NAGOYA:SCRAP_EAF:2032|NS-SETOUCHI:H2_DRI_EAF:2038,model_generated_candidate,"Generated from disclosed-path facility calendar, technology set and template contracting assumptions; not a company-announced project"
CAND-A172D6A8611317,NIPPON_STEEL_JP,Nippon Steel,P1,지연·현물조달,PORT-E9DA8A4B2253,DISCLOSED_PATH,5,2029,2038,0.791774,0.0,0.208226,0.0,0.0,0.0,0.1,0.0,0.0,142.238969,NS-EAST:H2_DRI_EAF:2034|NS-KANSAI:BF_RELINE:2036|NS-KYUSHU:BF_RELINE:2029|NS-NAGOYA:BF_RELINE:2032|NS-SETOUCHI:BF_RELINE:2038,model_generated_candidate,"Generated from disclosed-path facility calendar, technology set and template contracting assumptions; not a company-announced project"
CAND-A1BF5773653AFB,NIPPON_STEEL_JP,Nippon Steel,P4,균형형 전환,PORT-572ACD26A37B,DISCLOSED_PATH,5,2028,2037,0.465296,0.0,0.534704,0.0,0.5,0.45,0.5,0.4,0.02,269.348928,NS-EAST:BF_RELINE:2033|NS-KANSAI:H2_DRI_EAF:2035|NS-KYUSHU:BF_RELINE:2028|NS-NAGOYA:H2_DRI_EAF:2031|NS-SETOUCHI:H2_DRI_EAF:2037,model_generated_candidate,"Generated from disclosed-path facility calendar, technology set and template contracting assumptions; not a company-announced project"
CAND-A1E2AEA20D16FA,NIPPON_STEEL_JP,Nippon Steel,P4,균형형 전환,PORT-BBE5D9D6F6B7,DISCLOSED_PATH,5,2028,2037,0.257069,0.208226,0.534704,0.0,0.5,0.45,0.5,0.4,0.02,352.868939,NS-EAST:SCRAP_EAF:2033|NS-KANSAI:H2_DRI_EAF:2035|NS-KYUSHU:BF_RELINE:2028|NS-NAGOYA:H2_DRI_EAF:2031|NS-SETOUCHI:H2_DRI_EAF:2037,model_generated_candidate,"Generated from disclosed-path facility calendar, technology set and template contracting assumptions; not a company-announced project"
CAND-A3099F4F80838B,NIPPON_STEEL_JP,Nippon Steel,P4,균형형 전환,PORT-BF3853971191,DISCLOSED_PATH,5,2028,2037,0.192802,0.0,0.807198,0.0,0.5,0.45,0.5,0.4,0.02,523.328941,NS-EAST:H2_DRI_EAF:2033|NS-KANSAI:H2_DRI_EAF:2035|NS-KYUSHU:H2_DRI_EAF:2028|NS-NAGOYA:H2_DRI_EAF:2031|NS-SETOUCHI:BF_RELINE:2037,model_generated_candidate,"Generated from disclosed-path facility calendar, technology set and template contracting assumptions; not a company-announced project"
CAND-A31573CB4DD5FB,NIPPON_STEEL_JP,Nippon Steel,P1,지연·현물조달,PORT-65D55D48FAB7,DISCLOSED_PATH,5,2029,2038,0.388175,0.192802,0.419023,0.0,0.0,0.0,0.1,0.0,0.0,315.163964,NS-EAST:BF_RELINE:2034|NS-KANSAI:H2_DRI_EAF:2036|NS-KYUSHU:H2_DRI_EAF:2029|NS-NAGOYA:BF_RELINE:2032|NS-SETOUCHI:SCRAP_EAF:2038,model_generated_candidate,"Generated from disclosed-path facility calendar, technology set and template contracting assumptions; not a company-announced project"
CAND-A34FD48E452591,NIPPON_STEEL_JP,Nippon Steel,P3,균형형 라이트헤지,PORT-0542A6FA3ED2,DISCLOSED_PATH,5,2029,2038,0.354756,0.208226,0.437018,0.0,0.3,0.25,0.35,0.25,0.015,408.098937,NS-EAST:SCRAP_EAF:2034|NS-KANSAI:BF_RELINE:2036|NS-KYUSHU:H2_DRI_EAF:2029|NS-NAGOYA:H2_DRI_EAF:2032|NS-SETOUCHI:BF_RELINE:2038,model_generated_candidate,"Generated from disclosed-path facility calendar, technology set and template contracting assumptions; not a company-announced project"
CAND-A39C02B97269BF,NIPPON_STEEL_JP,Nippon Steel,P1,지연·현물조달,PORT-B93DF6AAC147,DISCLOSED_PATH,5,2029,2038,0.388175,0.257069,0.354756,0.0,0.0,0.0,0.1,0.0,0.0,292.888964,NS-EAST:BF_RELINE:2034|NS-KANSAI:H2_DRI_EAF:2036|NS-KYUSHU:SCRAP_EAF:2029|NS-NAGOYA:BF_RELINE:2032|NS-SETOUCHI:H2_DRI_EAF:2038,model_generated_candidate,"Generated from disclosed-path facility calendar, technology set and template contracting assumptions; not a company-announced project"
CAND-A4049CAD63EFF0,NIPPON_STEEL_JP,Nippon Steel,P1,지연·현물조달,PORT-66671902C8C2,DISCLOSED_PATH,5,2029,2038,0.161954,0.465296,0.372751,0.0,0.0,0.0,0.1,0.0,0.0,413.228937,NS-EAST:SCRAP_EAF:2034|NS-KANSAI:BF_RELINE:2036|NS-KYUSHU:SCRAP_EAF:2029|NS-NAGOYA:H2_DRI_EAF:2032|NS-SETOUCHI:H2_DRI_EAF:2038,model_generated_candidate,"Generated from disclosed-path facility calendar, technology set and template contracting assumptions; not a company-announced project"
CAND-A40AEF01F5A20E,NIPPON_STEEL_JP,Nippon Steel,P1,지연·현물조달,PORT-DC1ACF394B0E,DISCLOSED_PATH,5,2029,2038,0.419023,0.580977,0.0,0.0,0.0,0.0,0.1,0.0,0.0,237.953941,NS-EAST:SCRAP_EAF:2034|NS-KANSAI:BF_RELINE:2036|NS-KYUSHU:BF_RELINE:2029|NS-NAGOYA:SCRAP_EAF:2032|NS-SETOUCHI:SCRAP_EAF:2038,model_generated_candidate,"Generated from disclosed-path facility calendar, technology set and template contracting assumptions; not a company-announced project"
CAND-A4A67C24E4E5F1,NIPPON_STEEL_JP,Nippon Steel,P3,균형형 라이트헤지,PORT-D2286B1543C0,DISCLOSED_PATH,5,2029,2038,0.372751,0.257069,0.37018,0.0,0.3,0.25,0.35,0.25,0.015,346.438975,NS-EAST:H2_DRI_EAF:2034|NS-KANSAI:H2_DRI_EAF:2036|NS-KYUSHU:SCRAP_EAF:2029|NS-NAGOYA:BF_RELINE:2032|NS-SETOUCHI:BF_RELINE:2038,model_generated_candidate,"Generated from disclosed-path facility calendar, technology set and template contracting assumptions; not a company-announced project"
CAND-A5A18E790E877E,NIPPON_STEEL_JP,Nippon Steel,P1,지연·현물조달,PORT-80CDBDD324C3,DISCLOSED_PATH,5,2029,2038,0.580977,0.0,0.419023,0.0,0.0,0.0,0.1,0.0,0.0,287.758964,NS-EAST:BF_RELINE:2034|NS-KANSAI:H2_DRI_EAF:2036|NS-KYUSHU:H2_DRI_EAF:2029|NS-NAGOYA:BF_RELINE:2032|NS-SETOUCHI:BF_RELINE:2038,model_generated_candidate,"Generated from disclosed-path facility calendar, technology set and template contracting assumptions; not a company-announced project"
CAND-A6AEE67C5D96D8,NIPPON_STEEL_JP,Nippon Steel,P4,균형형 전환,PORT-E5E394FD5194,DISCLOSED_PATH,5,2028,2037,0.257069,0.161954,0.580977,0.0,0.5,0.45,0.5,0.4,0.02,358.86894,NS-EAST:H2_DRI_EAF:2033|NS-KANSAI:SCRAP_EAF:2035|NS-KYUSHU:BF_RELINE:2028|NS-NAGOYA:H2_DRI_EAF:2031|NS-SETOUCHI:H2_DRI_EAF:2037,model_generated_candidate,"Generated from disclosed-path facility calendar, technology set and template contracting assumptions; not a company-announced project"
CAND-A6F29D4A505071,NIPPON_STEEL_JP,Nippon Steel,P1,지연·현물조달,PORT-C3B77CB55FA1,DISCLOSED_PATH,5,2029,2038,0.192802,0.257069,0.550129,0.0,0.0,0.0,0.1,0.0,0.0,441.298944,NS-EAST:H2_DRI_EAF:2034|NS-KANSAI:H2_DRI_EAF:2036|NS-KYUSHU:SCRAP_EAF:2029|NS-NAGOYA:H2_DRI_EAF:2032|NS-SETOUCHI:BF_RELINE:2038,model_generated_candidate,"Generated from disclosed-path facility calendar, technology set and template contracting assumptions; not a company-announced project"
CAND-A80883C801D1FB,NIPPON_STEEL_JP,Nippon Steel,P5,조기 계약형 전환,PORT-7BDFEA64D7FE,DISCLOSED_PATH,5,2028,2037,0.179949,0.0,0.820051,0.0,0.7,0.65,0.65,0.6,0.025,460.768975,NS-EAST:H2_DRI_EAF:2033|NS-KANSAI:H2_DRI_EAF:2035|NS-KYUSHU:H2_DRI_EAF:2028|NS-NAGOYA:BF_RELINE:2031|NS-SETOUCHI:H2_DRI_EAF:2037,model_generated_candidate,"Generated from disclosed-path facility calendar, technology set and template contracting assumptions; not a company-announced project"
CAND-A87BC5624723AE,NIPPON_STEEL_JP,Nippon Steel,P1,지연·현물조달,PORT-2680632EAC61,DISCLOSED_PATH,5,2029,2038,0.208226,0.372751,0.419023,0.0,0.0,0.0,0.1,0.0,0.0,396.073938,NS-EAST:BF_RELINE:2034|NS-KANSAI:H2_DRI_EAF:2036|NS-KYUSHU:H2_DRI_EAF:2029|NS-NAGOYA:SCRAP_EAF:2032|NS-SETOUCHI:SCRAP_EAF:2038,model_generated_candidate,"Generated from disclosed-path facility calendar, technology set and template contracting assumptions; not a company-announced project"
CAND-A8C1C8FB177B24,NIPPON_STEEL_JP,Nippon Steel,P2,지연·부분헤지,PORT-1EBC013E33C4,DISCLOSED_PATH,5,2029,2038,0.208226,0.257069,0.534704,0.0,0.15,0.1,0.2,0.1,0.01,387.748933,NS-EAST:BF_RELINE:2034|NS-KANSAI:H2_DRI_EAF:2036|NS-KYUSHU:SCRAP_EAF:2029|NS-NAGOYA:H2_DRI_EAF:2032|NS-SETOUCHI:H2_DRI_EAF:2038,model_generated_candidate,"Generated from disclosed-path facility calendar, technology set and template contracting assumptions; not a company-announced project"
CAND-A9F694000C573B,NIPPON_STEEL_JP,Nippon Steel,P3,균형형 라이트헤지,PORT-A01C697020EC,DISCLOSED_PATH,5,2029,2038,0.161954,0.208226,0.62982,0.0,0.3,0.25,0.35,0.25,0.015,440.228937,NS-EAST:SCRAP_EAF:2034|NS-KANSAI:BF_RELINE:2036|NS-KYUSHU:H2_DRI_EAF:2029|NS-NAGOYA:H2_DRI_EAF:2032|NS-SETOUCHI:H2_DRI_EAF:2038,model_generated_candidate,"Generated from disclosed-path facility calendar, technology set and template contracting assumptions; not a company-announced project"
CAND-AA201D78A69C97,NIPPON_STEEL_JP,Nippon Steel,P1,지연·현물조달,PORT-FE4A29318357,DISCLOSED_PATH,5,2029,2038,0.62982,0.208226,0.161954,0.0,0.0,0.0,0.1,0.0,0.0,177.238973,NS-EAST:SCRAP_EAF:2034|NS-KANSAI:H2_DRI_EAF:2036|NS-KYUSHU:BF_RELINE:2029|NS-NAGOYA:BF_RELINE:2032|NS-SETOUCHI:BF_RELINE:2038,model_generated_candidate,"Generated from disclosed-path facility calendar, technology set and template contracting assumptions; not a company-announced project"
CAND-AA867AB6810354,NIPPON_STEEL_JP,Nippon Steel,P1,지연·현물조달,PORT-FD5E6449BCF2,DISCLOSED_PATH,5,2029,2038,0.465296,0.372751,0.161954,0.0,0.0,0.0,0.1,0.0,0.0,212.473938,NS-EAST:BF_RELINE:2034|NS-KANSAI:H2_DRI_EAF:2036|NS-KYUSHU:BF_RELINE:2029|NS-NAGOYA:SCRAP_EAF:2032|NS-SETOUCHI:SCRAP_EAF:2038,model_generated_candidate,"Generated from disclosed-path facility calendar, technology set and template contracting assumptions; not a company-announced project"
CAND-AA98BAFB12E3F4,NIPPON_STEEL_JP,Nippon Steel,P1,지연·현물조달,PORT-5973B725938E,DISCLOSED_PATH,5,2029,2038,0.645244,0.192802,0.161954,0.0,0.0,0.0,0.1,0.0,0.0,131.563964,NS-EAST:BF_RELINE:2034|NS-KANSAI:H2_DRI_EAF:2036|NS-KYUSHU:BF_RELINE:2029|NS-NAGOYA:BF_RELINE:2032|NS-SETOUCHI:SCRAP_EAF:2038,model_generated_candidate,"Generated from disclosed-path facility calendar, technology set and template contracting assumptions; not a company-announced project"
CAND-AAC57BEDADCD0F,NIPPON_STEEL_JP,Nippon Steel,P2,지연·부분헤지,PORT-A880789F3FB0,DISCLOSED_PATH,5,2029,2038,0.437018,0.192802,0.37018,0.0,0.15,0.1,0.2,0.1,0.01,217.243975,NS-EAST:H2_DRI_EAF:2034|NS-KANSAI:H2_DRI_EAF:2036|NS-KYUSHU:BF_RELINE:2029|NS-NAGOYA:BF_RELINE:2032|NS-SETOUCHI:SCRAP_EAF:2038,model_generated_candidate,"Generated from disclosed-path facility calendar, technology set and template contracting assumptions; not a company-announced project"
CAND-AACAF0B8F674CC,NIPPON_STEEL_JP,Nippon Steel,P2,지연·부분헤지,PORT-23A278D911DA,DISCLOSED_PATH,5,2029,2038,0.645244,0.0,0.354756,0.0,0.15,0.1,0.2,0.1,0.01,136.288964,NS-EAST:BF_RELINE:2034|NS-KANSAI:H2_DRI_EAF:2036|NS-KYUSHU:BF_RELINE:2029|NS-NAGOYA:BF_RELINE:2032|NS-SETOUCHI:H2_DRI_EAF:2038,model_generated_candidate,"Generated from disclosed-path facility calendar, technology set and template contracting assumptions; not a company-announced project"
CAND-ABCE7BE65605CB,NIPPON_STEEL_JP,Nippon Steel,P3,균형형 라이트헤지,PORT-8F73C471E8F1,DISCLOSED_PATH,5,2029,2038,0.37018,0.179949,0.449871,0.0,0.3,0.25,0.35,0.25,0.015,353.198932,NS-EAST:BF_RELINE:2034|NS-KANSAI:BF_RELINE:2036|NS-KYUSHU:H2_DRI_EAF:2029|NS-NAGOYA:SCRAP_EAF:2032|NS-SETOUCHI:H2_DRI_EAF:2038,model_generated_candidate,"Generated from disclosed-path facility calendar, technology set and template contracting assumptions; not a company-announced project"
CAND-AC9B3F8551A8C3,NIPPON_STEEL_JP,Nippon Steel,P2,지연·부분헤지,PORT-65A3C210607A,DISCLOSED_PATH,5,2029,2038,0.465296,0.192802,0.341902,0.0,0.15,0.1,0.2,0.1,0.01,226.423933,NS-EAST:BF_RELINE:2034|NS-KANSAI:H2_DRI_EAF:2036|NS-KYUSHU:BF_RELINE:2029|NS-NAGOYA:H2_DRI_EAF:2032|NS-SETOUCHI:SCRAP_EAF:2038,model_generated_candidate,"Generated from disclosed-path facility calendar, technology set and template contracting assumptions; not a company-announced project"
CAND-ACCBEB1200C36E,NIPPON_STEEL_JP,Nippon Steel,P3,균형형 라이트헤지,PORT-BE01C0E85B02,DISCLOSED_PATH,5,2029,2038,0.208226,0.341902,0.449871,0.0,0.3,0.25,0.35,0.25,0.015,393.798937,NS-EAST:BF_RELINE:2034|NS-KANSAI:SCRAP_EAF:2036|NS-KYUSHU:H2_DRI_EAF:2029|NS-NAGOYA:SCRAP_EAF:2032|NS-SETOUCHI:H2_DRI_EAF:2038,model_generated_candidate,"Generated from disclosed-path facility calendar, technology set and template contracting assumptions; not a company-announced project"
CAND-AD561F240660DE,NIPPON_STEEL_JP,Nippon Steel,P3,균형형 라이트헤지,PORT-308D82D12417,DISCLOSED_PATH,5,2029,2038,0.627249,0.0,0.372751,0.0,0.3,0.25,0.35,0.25,0.015,183.548927,NS-EAST:BF_RELINE:2034|NS-KANSAI:BF_RELINE:2036|NS-KYUSHU:BF_RELINE:2029|NS-NAGOYA:H2_DRI_EAF:2032|NS-SETOUCHI:H2_DRI_EAF:2038,model_generated_candidate,"Generated from disclosed-path facility calendar, technology set and template contracting assumptions; not a company-announced project"
CAND-ADBC3B65A5023A,NIPPON_STEEL_JP,Nippon Steel,P3,균형형 라이트헤지,PORT-F4B33CB2315F,DISCLOSED_PATH,5,2029,2038,0.419023,0.0,0.580977,0.0,0.3,0.25,0.35,0.25,0.015,269.228938,NS-EAST:H2_DRI_EAF:2034|NS-KANSAI:BF_RELINE:2036|NS-KYUSHU:BF_RELINE:2029|NS-NAGOYA:H2_DRI_EAF:2032|NS-SETOUCHI:H2_DRI_EAF:2038,model_generated_candidate,"Generated from disclosed-path facility calendar, technology set and template contracting assumptions; not a company-announced project"
CAND-AF268558E5BD63,NIPPON_STEEL_JP,Nippon Steel,P3,균형형 라이트헤지,PORT-BA0215B7029E,DISCLOSED_PATH,5,2029,2038,0.192802,0.419023,0.388175,0.0,0.3,0.25,0.35,0.25,0.015,434.298943,NS-EAST:H2_DRI_EAF:2034|NS-KANSAI:SCRAP_EAF:2036|NS-KYUSHU:SCRAP_EAF:2029|NS-NAGOYA:H2_DRI_EAF:2032|NS-SETOUCHI:BF_RELINE:2038,model_generated_candidate,"Generated from disclosed-path facility calendar, technology set and template contracting assumptions; not a company-announced project"
CAND-AF50008FB1C41E,NIPPON_STEEL_JP,Nippon Steel,P2,지연·부분헤지,PORT-368F661604FE,DISCLOSED_PATH,5,2029,2038,0.341902,0.401028,0.257069,0.0,0.15,0.1,0.2,0.1,0.01,340.643967,NS-EAST:SCRAP_EAF:2034|NS-KANSAI:BF_RELINE:2036|NS-KYUSHU:H2_DRI_EAF:2029|NS-NAGOYA:BF_RELINE:2032|NS-SETOUCHI:SCRAP_EAF:2038,model_generated_candidate,"Generated from disclosed-path facility calendar, technology set and template contracting assumptions; not a company-announced project"
CAND-AF65370993A1AE,NIPPON_STEEL_JP,Nippon Steel,P4,균형형 전환,PORT-CADBD0074A18,DISCLOSED_PATH,5,2028,2037,0.0,0.388175,0.611825,0.0,0.5,0.45,0.5,0.4,0.02,536.268944,NS-EAST:SCRAP_EAF:2033|NS-KANSAI:H2_DRI_EAF:2035|NS-KYUSHU:H2_DRI_EAF:2028|NS-NAGOYA:SCRAP_EAF:2031|NS-SETOUCHI:H2_DRI_EAF:2037,model_generated_candidate,"Generated from disclosed-path facility calendar, technology set and template contracting assumptions; not a company-announced project"
CAND-AF8D877EBBC87E,NIPPON_STEEL_JP,Nippon Steel,P1,지연·현물조달,PORT-37552B5B74E9,DISCLOSED_PATH,5,2029,2038,0.208226,0.611825,0.179949,0.0,0.0,0.0,0.1,0.0,0.0,376.023932,NS-EAST:BF_RELINE:2034|NS-KANSAI:SCRAP_EAF:2036|NS-KYUSHU:SCRAP_EAF:2029|NS-NAGOYA:H2_DRI_EAF:2032|NS-SETOUCHI:SCRAP_EAF:2038,model_generated_candidate,"Generated from disclosed-path facility calendar, technology set and template contracting assumptions; not a company-announced project"
CAND-B0B4D01483D0EA,NIPPON_STEEL_JP,Nippon Steel,P1,지연·현물조달,PORT-F7D0A7E47A59,DISCLOSED_PATH,5,2029,2038,0.161954,0.179949,0.658098,0.0,0.0,0.0,0.1,0.0,0.0,438.878943,NS-EAST:H2_DRI_EAF:2034|NS-KANSAI:BF_RELINE:2036|NS-KYUSHU:H2_DRI_EAF:2029|NS-NAGOYA:SCRAP_EAF:2032|NS-SETOUCHI:H2_DRI_EAF:2038,model_generated_candidate,"Generated from disclosed-path facility calendar, technology set and template contracting assumptions; not a company-announced project"
CAND-B0C5BA20CD50B8,NIPPON_STEEL_JP,Nippon Steel,P2,지연·부분헤지,PORT-F37E5039B6ED,DISCLOSED_PATH,5,2029,2038,0.208226,0.179949,0.611825,0.0,0.15,0.1,0.2,0.1,0.01,400.798938,NS-EAST:BF_RELINE:2034|NS-KANSAI:H2_DRI_EAF:2036|NS-KYUSHU:H2_DRI_EAF:2029|NS-NAGOYA:SCRAP_EAF:2032|NS-SETOUCHI:H2_DRI_EAF:2038,model_generated_candidate,"Generated from disclosed-path facility calendar, technology set and template contracting assumptions; not a company-announced project"
CAND-B14D627240478B,NIPPON_STEEL_JP,Nippon Steel,P3,균형형 라이트헤지,PORT-1D7419482A7C,DISCLOSED_PATH,5,2029,2038,0.401028,0.0,0.598972,0.0,0.3,0.25,0.35,0.25,0.015,382.618933,NS-EAST:BF_RELINE:2034|NS-KANSAI:H2_DRI_EAF:2036|NS-KYUSHU:H2_DRI_EAF:2029|NS-NAGOYA:H2_DRI_EAF:2032|NS-SETOUCHI:BF_RELINE:2038,model_generated_candidate,"Generated from disclosed-path facility calendar, technology set and template contracting assumptions; not a company-announced project"
CAND-B1A20F8DC9BAF0,NIPPON_STEEL_JP,Nippon Steel,P1,지연·현물조달,PORT-1EBC013E33C4,DISCLOSED_PATH,5,2029,2038,0.208226,0.257069,0.534704,0.0,0.0,0.0,0.1,0.0,0.0,387.748933,NS-EAST:BF_RELINE:2034|NS-KANSAI:H2_DRI_EAF:2036|NS-KYUSHU:SCRAP_EAF:2029|NS-NAGOYA:H2_DRI_EAF:2032|NS-SETOUCHI:H2_DRI_EAF:2038,model_generated_candidate,"Generated from disclosed-path facility calendar, technology set and template contracting assumptions; not a company-announced project"
CAND-B1FD7EE328AFB3,NIPPON_STEEL_JP,Nippon Steel,P3,균형형 라이트헤지,PORT-222858394A63,DISCLOSED_PATH,5,2029,2038,0.0,0.401028,0.598972,0.0,0.3,0.25,0.35,0.25,0.015,483.103943,NS-EAST:SCRAP_EAF:2034|NS-KANSAI:H2_DRI_EAF:2036|NS-KYUSHU:H2_DRI_EAF:2029|NS-NAGOYA:H2_DRI_EAF:2032|NS-SETOUCHI:SCRAP_EAF:2038,model_generated_candidate,"Generated from disclosed-path facility calendar, technology set and template contracting assumptions; not a company-announced project"
CAND-B229B77E507EA7,NIPPON_STEEL_JP,Nippon Steel,P3,균형형 라이트헤지,PORT-EB7921B0B4D7,DISCLOSED_PATH,5,2029,2038,0.192802,0.341902,0.465296,0.0,0.3,0.25,0.35,0.25,0.015,447.348948,NS-EAST:H2_DRI_EAF:2034|NS-KANSAI:SCRAP_EAF:2036|NS-KYUSHU:H2_DRI_EAF:2029|NS-NAGOYA:SCRAP_EAF:2032|NS-SETOUCHI:BF_RELINE:2038,model_generated_candidate,"Generated from disclosed-path facility calendar, technology set and template contracting assumptions; not a company-announced project"
CAND-B22DEBDE0F4599,NIPPON_STEEL_JP,Nippon Steel,P1,지연·현물조달,PORT-9961527CE1F4,DISCLOSED_PATH,5,2029,2038,0.161954,0.62982,0.208226,0.0,0.0,0.0,0.1,0.0,0.0,407.153943,NS-EAST:H2_DRI_EAF:2034|NS-KANSAI:BF_RELINE:2036|NS-KYUSHU:SCRAP_EAF:2029|NS-NAGOYA:SCRAP_EAF:2032|NS-SETOUCHI:SCRAP_EAF:2038,model_generated_candidate,"Generated from disclosed-path facility calendar, technology set and template contracting assumptions; not a company-announced project"
CAND-B29479DE3D58D1,NIPPON_STEEL_JP,Nippon Steel,P4,균형형 전환,PORT-A2B0FFE0DDD5,DISCLOSED_PATH,5,2028,2037,0.161954,0.208226,0.62982,0.0,0.5,0.45,0.5,0.4,0.02,494.648932,NS-EAST:SCRAP_EAF:2033|NS-KANSAI:BF_RELINE:2035|NS-KYUSHU:H2_DRI_EAF:2028|NS-NAGOYA:H2_DRI_EAF:2031|NS-SETOUCHI:H2_DRI_EAF:2037,model_generated_candidate,"Generated from disclosed-path facility calendar, technology set and template contracting assumptions; not a company-announced project"
CAND-B2E9425C31AD97,NIPPON_STEEL_JP,Nippon Steel,P3,균형형 라이트헤지,PORT-9A7A6B9EB781,DISCLOSED_PATH,5,2029,2038,0.257069,0.341902,0.401028,0.0,0.3,0.25,0.35,0.25,0.015,295.878948,NS-EAST:H2_DRI_EAF:2034|NS-KANSAI:SCRAP_EAF:2036|NS-KYUSHU:BF_RELINE:2029|NS-NAGOYA:SCRAP_EAF:2032|NS-SETOUCHI:H2_DRI_EAF:2038,model_generated_candidate,"Generated from disclosed-path facility calendar, technology set and template contracting assumptions; not a company-announced project"
CAND-B31BA7041C68D6,NIPPON_STEEL_JP,Nippon Steel,P2,지연·부분헤지,PORT-523FC992190F,DISCLOSED_PATH,5,2029,2038,0.208226,0.192802,0.598972,0.0,0.15,0.1,0.2,0.1,0.01,410.023933,NS-EAST:BF_RELINE:2034|NS-KANSAI:H2_DRI_EAF:2036|NS-KYUSHU:H2_DRI_EAF:2029|NS-NAGOYA:H2_DRI_EAF:2032|NS-SETOUCHI:SCRAP_EAF:2038,model_generated_candidate,"Generated from disclosed-path facility calendar, technology set and template contracting assumptions; not a company-announced project"
CAND-B31E5405885F73,NIPPON_STEEL_JP,Nippon Steel,P2,지연·부분헤지,PORT-F4B33CB2315F,DISCLOSED_PATH,5,2029,2038,0.419023,0.0,0.580977,0.0,0.15,0.1,0.2,0.1,0.01,269.228938,NS-EAST:H2_DRI_EAF:2034|NS-KANSAI:BF_RELINE:2036|NS-KYUSHU:BF_RELINE:2029|NS-NAGOYA:H2_DRI_EAF:2032|NS-SETOUCHI:H2_DRI_EAF:2038,model_generated_candidate,"Generated from disclosed-path facility calendar, technology set and template contracting assumptions; not a company-announced project"
CAND-B352D420C595F5,NIPPON_STEEL_JP,Nippon Steel,P3,균형형 라이트헤지,PORT-41756371AE05,DISCLOSED_PATH,5,2029,2038,0.161954,0.449871,0.388175,0.0,0.3,0.25,0.35,0.25,0.015,421.103938,NS-EAST:H2_DRI_EAF:2034|NS-KANSAI:BF_RELINE:2036|NS-KYUSHU:SCRAP_EAF:2029|NS-NAGOYA:H2_DRI_EAF:2032|NS-SETOUCHI:SCRAP_EAF:2038,model_generated_candidate,"Generated from disclosed-path facility calendar, technology set and template contracting assumptions; not a company-announced project"
CAND-B45A0EBD702722,NIPPON_STEEL_JP,Nippon Steel,P2,지연·부분헤지,PORT-9A7A6B9EB781,DISCLOSED_PATH,5,2029,2038,0.257069,0.341902,0.401028,0.0,0.15,0.1,0.2,0.1,0.01,295.878948,NS-EAST:H2_DRI_EAF:2034|NS-KANSAI:SCRAP_EAF:2036|NS-KYUSHU:BF_RELINE:2029|NS-NAGOYA:SCRAP_EAF:2032|NS-SETOUCHI:H2_DRI_EAF:2038,model_generated_candidate,"Generated from disclosed-path facility calendar, technology set and template contracting assumptions; not a company-announced project"
CAND-B470DA58075115,NIPPON_STEEL_JP,Nippon Steel,P1,지연·현물조달,PORT-B446DE621925,DISCLOSED_PATH,5,2029,2038,0.0,0.534704,0.465296,0.0,0.0,0.0,0.1,0.0,0.0,474.753948,NS-EAST:H2_DRI_EAF:2034|NS-KANSAI:SCRAP_EAF:2036|NS-KYUSHU:H2_DRI_EAF:2029|NS-NAGOYA:SCRAP_EAF:2032|NS-SETOUCHI:SCRAP_EAF:2038,model_generated_candidate,"Generated from disclosed-path facility calendar, technology set and template contracting assumptions; not a company-announced project"
CAND-B47AF469E255D4,NIPPON_STEEL_JP,Nippon Steel,P1,지연·현물조달,PORT-210D478A7CBE,DISCLOSED_PATH,5,2029,2038,0.807198,0.192802,0.0,0.0,0.0,0.0,0.1,0.0,0.0,83.963958,NS-EAST:BF_RELINE:2034|NS-KANSAI:BF_RELINE:2036|NS-KYUSHU:BF_RELINE:2029|NS-NAGOYA:BF_RELINE:2032|NS-SETOUCHI:SCRAP_EAF:2038,model_generated_candidate,"Generated from disclosed-path facility calendar, technology set and template contracting assumptions; not a company-announced project"
CAND-B499B90F75E28A,NIPPON_STEEL_JP,Nippon Steel,P1,지연·현물조달,PORT-4BEB733387A3,DISCLOSED_PATH,5,2029,2038,0.208226,0.791774,0.0,0.0,0.0,0.0,0.1,0.0,0.0,362.073937,NS-EAST:BF_RELINE:2034|NS-KANSAI:SCRAP_EAF:2036|NS-KYUSHU:SCRAP_EAF:2029|NS-NAGOYA:SCRAP_EAF:2032|NS-SETOUCHI:SCRAP_EAF:2038,model_generated_candidate,"Generated from disclosed-path facility calendar, technology set and template contracting assumptions; not a company-announced project"
CAND-B502D8A5621BDC,NIPPON_STEEL_JP,Nippon Steel,P1,지연·현물조달,PORT-F4B33CB2315F,DISCLOSED_PATH,5,2029,2038,0.419023,0.0,0.580977,0.0,0.0,0.0,0.1,0.0,0.0,269.228938,NS-EAST:H2_DRI_EAF:2034|NS-KANSAI:BF_RELINE:2036|NS-KYUSHU:BF_RELINE:2029|NS-NAGOYA:H2_DRI_EAF:2032|NS-SETOUCHI:H2_DRI_EAF:2038,model_generated_candidate,"Generated from disclosed-path facility calendar, technology set and template contracting assumptions; not a company-announced project"
CAND-B5623E60BE66EE,NIPPON_STEEL_JP,Nippon Steel,P1,지연·현물조달,PORT-65A3C210607A,DISCLOSED_PATH,5,2029,2038,0.465296,0.192802,0.341902,0.0,0.0,0.0,0.1,0.0,0.0,226.423933,NS-EAST:BF_RELINE:2034|NS-KANSAI:H2_DRI_EAF:2036|NS-KYUSHU:BF_RELINE:2029|NS-NAGOYA:H2_DRI_EAF:2032|NS-SETOUCHI:SCRAP_EAF:2038,model_generated_candidate,"Generated from disclosed-path facility calendar, technology set and template contracting assumptions; not a company-announced project"
CAND-B5A275DA214AE0,NIPPON_STEEL_JP,Nippon Steel,P3,균형형 라이트헤지,PORT-1EBC013E33C4,DISCLOSED_PATH,5,2029,2038,0.208226,0.257069,0.534704,0.0,0.3,0.25,0.35,0.25,0.015,387.748933,NS-EAST:BF_RELINE:2034|NS-KANSAI:H2_DRI_EAF:2036|NS-KYUSHU:SCRAP_EAF:2029|NS-NAGOYA:H2_DRI_EAF:2032|NS-SETOUCHI:H2_DRI_EAF:2038,model_generated_candidate,"Generated from disclosed-path facility calendar, technology set and template contracting assumptions; not a company-announced project"
CAND-B5E3210A8075A7,NIPPON_STEEL_JP,Nippon Steel,P3,균형형 라이트헤지,PORT-271F6DA1D846,DISCLOSED_PATH,5,2029,2038,0.257069,0.37018,0.372751,0.0,0.3,0.25,0.35,0.25,0.015,297.228942,NS-EAST:SCRAP_EAF:2034|NS-KANSAI:SCRAP_EAF:2036|NS-KYUSHU:BF_RELINE:2029|NS-NAGOYA:H2_DRI_EAF:2032|NS-SETOUCHI:H2_DRI_EAF:2038,model_generated_candidate,"Generated from disclosed-path facility calendar, technology set and template contracting assumptions; not a company-announced project"
CAND-B5EEF31DCD1B38,NIPPON_STEEL_JP,Nippon Steel,P2,지연·부분헤지,PORT-9D11099D9A8A,DISCLOSED_PATH,5,2029,2038,0.208226,0.354756,0.437018,0.0,0.15,0.1,0.2,0.1,0.01,403.023932,NS-EAST:BF_RELINE:2034|NS-KANSAI:SCRAP_EAF:2036|NS-KYUSHU:H2_DRI_EAF:2029|NS-NAGOYA:H2_DRI_EAF:2032|NS-SETOUCHI:SCRAP_EAF:2038,model_generated_candidate,"Generated from disclosed-path facility calendar, technology set and template contracting assumptions; not a company-announced project"
CAND-B6864B0F56CE92,NIPPON_STEEL_JP,Nippon Steel,P3,균형형 라이트헤지,PORT-EFA421F0E7E7,DISCLOSED_PATH,5,2029,2038,0.354756,0.179949,0.465296,0.0,0.3,0.25,0.35,0.25,0.015,406.748943,NS-EAST:H2_DRI_EAF:2034|NS-KANSAI:BF_RELINE:2036|NS-KYUSHU:H2_DRI_EAF:2029|NS-NAGOYA:SCRAP_EAF:2032|NS-SETOUCHI:BF_RELINE:2038,model_generated_candidate,"Generated from disclosed-path facility calendar, technology set and template contracting assumptions; not a company-announced project"
CAND-B6A7146B96D09E,NIPPON_STEEL_JP,Nippon Steel,P2,지연·부분헤지,PORT-EB7921B0B4D7,DISCLOSED_PATH,5,2029,2038,0.192802,0.341902,0.465296,0.0,0.15,0.1,0.2,0.1,0.01,447.348948,NS-EAST:H2_DRI_EAF:2034|NS-KANSAI:SCRAP_EAF:2036|NS-KYUSHU:H2_DRI_EAF:2029|NS-NAGOYA:SCRAP_EAF:2032|NS-SETOUCHI:BF_RELINE:2038,model_generated_candidate,"Generated from disclosed-path facility calendar, technology set and template contracting assumptions; not a company-announced project"
CAND-B6C07864D5DB03,NIPPON_STEEL_JP,Nippon Steel,P2,지연·부분헤지,PORT-271F6DA1D846,DISCLOSED_PATH,5,2029,2038,0.257069,0.37018,0.372751,0.0,0.15,0.1,0.2,0.1,0.01,297.228942,NS-EAST:SCRAP_EAF:2034|NS-KANSAI:SCRAP_EAF:2036|NS-KYUSHU:BF_RELINE:2029|NS-NAGOYA:H2_DRI_EAF:2032|NS-SETOUCHI:H2_DRI_EAF:2038,model_generated_candidate,"Generated from disclosed-path facility calendar, technology set and template contracting assumptions; not a company-announced project"
CAND-B6CFF5D1003AA2,NIPPON_STEEL_JP,Nippon Steel,P1,지연·현물조달,PORT-E15546E58A74,DISCLOSED_PATH,5,2029,2038,0.388175,0.611825,0.0,0.0,0.0,0.0,0.1,0.0,0.0,281.163963,NS-EAST:BF_RELINE:2034|NS-KANSAI:SCRAP_EAF:2036|NS-KYUSHU:SCRAP_EAF:2029|NS-NAGOYA:BF_RELINE:2032|NS-SETOUCHI:SCRAP_EAF:2038,model_generated_candidate,"Generated from disclosed-path facility calendar, technology set and template contracting assumptions; not a company-announced project"
CAND-B6ED0A4F1AD329,NIPPON_STEEL_JP,Nippon Steel,P1,지연·현물조달,PORT-20A2D678A278,DISCLOSED_PATH,5,2029,2038,0.0,0.354756,0.645244,0.0,0.0,0.0,0.1,0.0,0.0,488.703943,NS-EAST:H2_DRI_EAF:2034|NS-KANSAI:SCRAP_EAF:2036|NS-KYUSHU:H2_DRI_EAF:2029|NS-NAGOYA:H2_DRI_EAF:2032|NS-SETOUCHI:SCRAP_EAF:2038,model_generated_candidate,"Generated from disclosed-path facility calendar, technology set and template contracting assumptions; not a company-announced project"
CAND-B71CA66E786986,NIPPON_STEEL_JP,Nippon Steel,P1,지연·현물조달,PORT-660C8FC45CB6,DISCLOSED_PATH,5,2029,2038,0.372751,0.627249,0.0,0.0,0.0,0.0,0.1,0.0,0.0,326.838972,NS-EAST:SCRAP_EAF:2034|NS-KANSAI:SCRAP_EAF:2036|NS-KYUSHU:SCRAP_EAF:2029|NS-NAGOYA:BF_RELINE:2032|NS-SETOUCHI:BF_RELINE:2038,model_generated_candidate,"Generated from disclosed-path facility calendar, technology set and template contracting assumptions; not a company-announced project"
CAND-B807998B472495,NIPPON_STEEL_JP,Nippon Steel,P1,지연·현물조달,PORT-51DBF7B285C6,DISCLOSED_PATH,5,2029,2038,0.534704,0.465296,0.0,0.0,0.0,0.0,0.1,0.0,0.0,286.238967,NS-EAST:SCRAP_EAF:2034|NS-KANSAI:BF_RELINE:2036|NS-KYUSHU:SCRAP_EAF:2029|NS-NAGOYA:BF_RELINE:2032|NS-SETOUCHI:BF_RELINE:2038,model_generated_candidate,"Generated from disclosed-path facility calendar, technology set and template contracting assumptions; not a company-announced project"
CAND-B823BC760F6383,NIPPON_STEEL_JP,Nippon Steel,P1,지연·현물조달,PORT-4E4FEFA22A10,DISCLOSED_PATH,5,2029,2038,0.838046,0.0,0.161954,0.0,0.0,0.0,0.1,0.0,0.0,104.158964,NS-EAST:BF_RELINE:2034|NS-KANSAI:H2_DRI_EAF:2036|NS-KYUSHU:BF_RELINE:2029|NS-NAGOYA:BF_RELINE:2032|NS-SETOUCHI:BF_RELINE:2038,model_generated_candidate,"Generated from disclosed-path facility calendar, technology set and template contracting assumptions; not a company-announced project"
CAND-B8A9A62777DA49,NIPPON_STEEL_JP,Nippon Steel,P2,지연·부분헤지,PORT-C84D6A8C133A,DISCLOSED_PATH,5,2029,2038,0.550129,0.0,0.449871,0.0,0.15,0.1,0.2,0.1,0.01,272.288958,NS-EAST:BF_RELINE:2034|NS-KANSAI:BF_RELINE:2036|NS-KYUSHU:H2_DRI_EAF:2029|NS-NAGOYA:BF_RELINE:2032|NS-SETOUCHI:H2_DRI_EAF:2038,model_generated_candidate,"Generated from disclosed-path facility calendar, technology set and template contracting assumptions; not a company-announced project"
CAND-B90AF35489B1E5,NIPPON_STEEL_JP,Nippon Steel,P2,지연·부분헤지,PORT-D6A44514D4F3,DISCLOSED_PATH,5,2029,2038,0.611825,0.0,0.388175,0.0,0.15,0.1,0.2,0.1,0.01,237.098938,NS-EAST:H2_DRI_EAF:2034|NS-KANSAI:BF_RELINE:2036|NS-KYUSHU:BF_RELINE:2029|NS-NAGOYA:H2_DRI_EAF:2032|NS-SETOUCHI:BF_RELINE:2038,model_generated_candidate,"Generated from disclosed-path facility calendar, technology set and template contracting assumptions; not a company-announced project"
CAND-BA3F868F9BCBE8,NIPPON_STEEL_JP,Nippon Steel,P5,조기 계약형 전환,PORT-EE44ED4FFBEB,DISCLOSED_PATH,5,2028,2037,0.0,0.161954,0.838046,0.0,0.7,0.65,0.65,0.6,0.025,557.76894,NS-EAST:H2_DRI_EAF:2033|NS-KANSAI:SCRAP_EAF:2035|NS-KYUSHU:H2_DRI_EAF:2028|NS-NAGOYA:H2_DRI_EAF:2031|NS-SETOUCHI:H2_DRI_EAF:2037,model_generated_candidate,"Generated from disclosed-path facility calendar, technology set and template contracting assumptions; not a company-announced project"
CAND-BAFCA90B2AFC1C,NIPPON_STEEL_JP,Nippon Steel,P1,지연·현물조달,PORT-FD7D021B62CB,DISCLOSED_PATH,5,2029,2038,0.257069,0.388175,0.354756,0.0,0.0,0.0,0.1,0.0,0.0,290.278947,NS-EAST:SCRAP_EAF:2034|NS-KANSAI:H2_DRI_EAF:2036|NS-KYUSHU:BF_RELINE:2029|NS-NAGOYA:SCRAP_EAF:2032|NS-SETOUCHI:H2_DRI_EAF:2038,model_generated_candidate,"Generated from disclosed-path facility calendar, technology set and template contracting assumptions; not a company-announced project"
CAND-BB1980A1B6CB5D,NIPPON_STEEL_JP,Nippon Steel,P1,지연·현물조달,PORT-0650AB6C64AE,DISCLOSED_PATH,5,2029,2038,0.161954,0.658098,0.179949,0.0,0.0,0.0,0.1,0.0,0.0,408.503937,NS-EAST:SCRAP_EAF:2034|NS-KANSAI:BF_RELINE:2036|NS-KYUSHU:SCRAP_EAF:2029|NS-NAGOYA:H2_DRI_EAF:2032|NS-SETOUCHI:SCRAP_EAF:2038,model_generated_candidate,"Generated from disclosed-path facility calendar, technology set and template contracting assumptions; not a company-announced project"
CAND-BC0B279455B40E,NIPPON_STEEL_JP,Nippon Steel,P3,균형형 라이트헤지,PORT-5B51FD1C8E45,DISCLOSED_PATH,5,2029,2038,0.179949,0.257069,0.562982,0.0,0.3,0.25,0.35,0.25,0.015,378.568975,NS-EAST:H2_DRI_EAF:2034|NS-KANSAI:H2_DRI_EAF:2036|NS-KYUSHU:SCRAP_EAF:2029|NS-NAGOYA:BF_RELINE:2032|NS-SETOUCHI:H2_DRI_EAF:2038,model_generated_candidate,"Generated from disclosed-path facility calendar, technology set and template contracting assumptions; not a company-announced project"
CAND-BC42DD172ADB32,NIPPON_STEEL_JP,Nippon Steel,P2,지연·부분헤지,PORT-FA425C592A46,DISCLOSED_PATH,5,2029,2038,0.179949,0.0,0.820051,0.0,0.15,0.1,0.2,0.1,0.01,405.568975,NS-EAST:H2_DRI_EAF:2034|NS-KANSAI:H2_DRI_EAF:2036|NS-KYUSHU:H2_DRI_EAF:2029|NS-NAGOYA:BF_RELINE:2032|NS-SETOUCHI:H2_DRI_EAF:2038,model_generated_candidate,"Generated from disclosed-path facility calendar, technology set and template contracting assumptions; not a company-announced project"
CAND-BCE0067D428D60,NIPPON_STEEL_JP,Nippon Steel,P2,지연·부분헤지,PORT-00B029BF7478,DISCLOSED_PATH,5,2029,2038,0.0,0.437018,0.562982,0.0,0.15,0.1,0.2,0.1,0.01,459.478949,NS-EAST:H2_DRI_EAF:2034|NS-KANSAI:H2_DRI_EAF:2036|NS-KYUSHU:SCRAP_EAF:2029|NS-NAGOYA:SCRAP_EAF:2032|NS-SETOUCHI:H2_DRI_EAF:2038,model_generated_candidate,"Generated from disclosed-path facility calendar, technology set and template contracting assumptions; not a company-announced project"
CAND-BDA487FCE431A0,NIPPON_STEEL_JP,Nippon Steel,P1,지연·현물조달,PORT-758CC6172A3B,DISCLOSED_PATH,5,2029,2038,0.550129,0.192802,0.257069,0.0,0.0,0.0,0.1,0.0,0.0,267.563958,NS-EAST:BF_RELINE:2034|NS-KANSAI:BF_RELINE:2036|NS-KYUSHU:H2_DRI_EAF:2029|NS-NAGOYA:BF_RELINE:2032|NS-SETOUCHI:SCRAP_EAF:2038,model_generated_candidate,"Generated from disclosed-path facility calendar, technology set and template contracting assumptions; not a company-announced project"
CAND-BDCAFAFC1E4CE3,NIPPON_STEEL_JP,Nippon Steel,P1,지연·현물조달,PORT-EDF18767D12A,DISCLOSED_PATH,5,2029,2038,0.179949,0.161954,0.658098,0.0,0.0,0.0,0.1,0.0,0.0,398.568974,NS-EAST:H2_DRI_EAF:2034|NS-KANSAI:SCRAP_EAF:2036|NS-KYUSHU:H2_DRI_EAF:2029|NS-NAGOYA:BF_RELINE:2032|NS-SETOUCHI:H2_DRI_EAF:2038,model_generated_candidate,"Generated from disclosed-path facility calendar, technology set and template contracting assumptions; not a company-announced project"
CAND-BE3632C0C6EBCB,NIPPON_STEEL_JP,Nippon Steel,P1,지연·현물조달,PORT-28AC80454322,DISCLOSED_PATH,5,2029,2038,0.0,0.820051,0.179949,0.0,0.0,0.0,0.1,0.0,0.0,449.103942,NS-EAST:SCRAP_EAF:2034|NS-KANSAI:SCRAP_EAF:2036|NS-KYUSHU:SCRAP_EAF:2029|NS-NAGOYA:H2_DRI_EAF:2032|NS-SETOUCHI:SCRAP_EAF:2038,model_generated_candidate,"Generated from disclosed-path facility calendar, technology set and template contracting assumptions; not a company-announced project"
CAND-BE3879CC8080F8,NIPPON_STEEL_JP,Nippon Steel,P1,지연·현물조달,PORT-50B180B4FF71,DISCLOSED_PATH,5,2029,2038,0.419023,0.372751,0.208226,0.0,0.0,0.0,0.1,0.0,0.0,250.553943,NS-EAST:H2_DRI_EAF:2034|NS-KANSAI:BF_RELINE:2036|NS-KYUSHU:BF_RELINE:2029|NS-NAGOYA:SCRAP_EAF:2032|NS-SETOUCHI:SCRAP_EAF:2038,model_generated_candidate,"Generated from disclosed-path facility calendar, technology set and template contracting assumptions; not a company-announced project"
CAND-BE3894F3D5B5BC,NIPPON_STEEL_JP,Nippon Steel,P2,지연·부분헤지,PORT-1ADC37BD5A8C,DISCLOSED_PATH,5,2029,2038,0.179949,0.419023,0.401028,0.0,0.15,0.1,0.2,0.1,0.01,371.568974,NS-EAST:H2_DRI_EAF:2034|NS-KANSAI:SCRAP_EAF:2036|NS-KYUSHU:SCRAP_EAF:2029|NS-NAGOYA:BF_RELINE:2032|NS-SETOUCHI:H2_DRI_EAF:2038,model_generated_candidate,"Generated from disclosed-path facility calendar, technology set and template contracting assumptions; not a company-announced project"
CAND-BF06102F6003FE,NIPPON_STEEL_JP,Nippon Steel,P2,지연·부분헤지,PORT-7CA9F3BA0776,DISCLOSED_PATH,5,2029,2038,0.0,0.257069,0.742931,0.0,0.15,0.1,0.2,0.1,0.01,473.428944,NS-EAST:H2_DRI_EAF:2034|NS-KANSAI:H2_DRI_EAF:2036|NS-KYUSHU:SCRAP_EAF:2029|NS-NAGOYA:H2_DRI_EAF:2032|NS-SETOUCHI:H2_DRI_EAF:2038,model_generated_candidate,"Generated from disclosed-path facility calendar, technology set and template contracting assumptions; not a company-announced project"
CAND-BF076556907246,NIPPON_STEEL_JP,Nippon Steel,P1,지연·현물조달,PORT-10D90F59290D,DISCLOSED_PATH,5,2029,2038,0.179949,0.658098,0.161954,0.0,0.0,0.0,0.1,0.0,0.0,361.243973,NS-EAST:SCRAP_EAF:2034|NS-KANSAI:H2_DRI_EAF:2036|NS-KYUSHU:SCRAP_EAF:2029|NS-NAGOYA:BF_RELINE:2032|NS-SETOUCHI:SCRAP_EAF:2038,model_generated_candidate,"Generated from disclosed-path facility calendar, technology set and template contracting assumptions; not a company-announced project"
CAND-BF16A3590E16EF,NIPPON_STEEL_JP,Nippon Steel,P2,지연·부분헤지,PORT-14886F58C0A6,DISCLOSED_PATH,5,2029,2038,0.0,0.742931,0.257069,0.0,0.15,0.1,0.2,0.1,0.01,462.153946,NS-EAST:SCRAP_EAF:2034|NS-KANSAI:SCRAP_EAF:2036|NS-KYUSHU:H2_DRI_EAF:2029|NS-NAGOYA:SCRAP_EAF:2032|NS-SETOUCHI:SCRAP_EAF:2038,model_generated_candidate,"Generated from disclosed-path facility calendar, technology set and template contracting assumptions; not a company-announced project"
CAND-BF602A48F46F29,NIPPON_STEEL_JP,Nippon Steel,P3,균형형 라이트헤지,PORT-E014E041276B,DISCLOSED_PATH,5,2029,2038,0.161954,0.401028,0.437018,0.0,0.3,0.25,0.35,0.25,0.015,435.503937,NS-EAST:SCRAP_EAF:2034|NS-KANSAI:BF_RELINE:2036|NS-KYUSHU:H2_DRI_EAF:2029|NS-NAGOYA:H2_DRI_EAF:2032|NS-SETOUCHI:SCRAP_EAF:2038,model_generated_candidate,"Generated from disclosed-path facility calendar, technology set and template contracting assumptions; not a company-announced project"
CAND-BF90445532E948,NIPPON_STEEL_JP,Nippon Steel,P1,지연·현물조달,PORT-38535C2DEC41,DISCLOSED_PATH,5,2029,2038,0.341902,0.192802,0.465296,0.0,0.0,0.0,0.1,0.0,0.0,353.243969,NS-EAST:H2_DRI_EAF:2034|NS-KANSAI:BF_RELINE:2036|NS-KYUSHU:H2_DRI_EAF:2029|NS-NAGOYA:BF_RELINE:2032|NS-SETOUCHI:SCRAP_EAF:2038,model_generated_candidate,"Generated from disclosed-path facility calendar, technology set and template contracting assumptions; not a company-announced project"
CAND-BFCA8EC0DB9E2E,NIPPON_STEEL_JP,Nippon Steel,P3,균형형 라이트헤지,PORT-11E9ABA45603,DISCLOSED_PATH,5,2029,2038,0.372751,0.0,0.627249,0.0,0.3,0.25,0.35,0.25,0.015,373.438975,NS-EAST:H2_DRI_EAF:2034|NS-KANSAI:H2_DRI_EAF:2036|NS-KYUSHU:H2_DRI_EAF:2029|NS-NAGOYA:BF_RELINE:2032|NS-SETOUCHI:BF_RELINE:2038,model_generated_candidate,"Generated from disclosed-path facility calendar, technology set and template contracting assumptions; not a company-announced project"
CAND-C0D18F1D665314,NIPPON_STEEL_JP,Nippon Steel,P6,조기 고헤지,PORT-C284643AC153,DISCLOSED_PATH,5,2028,2036,0.0,0.0,1.0,0.0,0.9,0.85,0.85,0.8,0.035,614.659375,NS-EAST:H2_DRI_EAF:2032|NS-KANSAI:H2_DRI_EAF:2034|NS-KYUSHU:H2_DRI_EAF:2028|NS-NAGOYA:H2_DRI_EAF:2030|NS-SETOUCHI:H2_DRI_EAF:2036,model_generated_candidate,"Generated from disclosed-path facility calendar, technology set and template contracting assumptions; not a company-announced project"
CAND-C0EAED81BD41EE,NIPPON_STEEL_JP,Nippon Steel,P1,지연·현물조달,PORT-42FD0857B83C,DISCLOSED_PATH,5,2029,2038,0.0,0.598972,0.401028,0.0,0.0,0.0,0.1,0.0,0.0,452.478948,NS-EAST:H2_DRI_EAF:2034|NS-KANSAI:SCRAP_EAF:2036|NS-KYUSHU:SCRAP_EAF:2029|NS-NAGOYA:SCRAP_EAF:2032|NS-SETOUCHI:H2_DRI_EAF:2038,model_generated_candidate,"Generated from disclosed-path facility calendar, technology set and template contracting assumptions; not a company-announced project"
CAND-C1AAA9A0078119,NIPPON_STEEL_JP,Nippon Steel,P1,지연·현물조달,PORT-9E76B3BFF9FF,DISCLOSED_PATH,5,2029,2038,0.0,0.658098,0.341902,0.0,0.0,0.0,0.1,0.0,0.0,456.103943,NS-EAST:SCRAP_EAF:2034|NS-KANSAI:H2_DRI_EAF:2036|NS-KYUSHU:SCRAP_EAF:2029|NS-NAGOYA:H2_DRI_EAF:2032|NS-SETOUCHI:SCRAP_EAF:2038,model_generated_candidate,"Generated from disclosed-path facility calendar, technology set and template contracting assumptions; not a company-announced project"
CAND-C1EA00CD2A7CCE,NIPPON_STEEL_JP,Nippon Steel,P2,지연·부분헤지,PORT-113D08C18DF3,DISCLOSED_PATH,5,2029,2038,0.257069,0.372751,0.37018,0.0,0.15,0.1,0.2,0.1,0.01,298.153949,NS-EAST:H2_DRI_EAF:2034|NS-KANSAI:H2_DRI_EAF:2036|NS-KYUSHU:BF_RELINE:2029|NS-NAGOYA:SCRAP_EAF:2032|NS-SETOUCHI:SCRAP_EAF:2038,model_generated_candidate,"Generated from disclosed-path facility calendar, technology set and template contracting assumptions; not a company-announced project"
CAND-C244CDA8F35592,NIPPON_STEEL_JP,Nippon Steel,P1,지연·현물조달,PORT-7DC7D2B7A26E,DISCLOSED_PATH,5,2029,2038,0.465296,0.179949,0.354756,0.0,0.0,0.0,0.1,0.0,0.0,217.198938,NS-EAST:BF_RELINE:2034|NS-KANSAI:H2_DRI_EAF:2036|NS-KYUSHU:BF_RELINE:2029|NS-NAGOYA:SCRAP_EAF:2032|NS-SETOUCHI:H2_DRI_EAF:2038,model_generated_candidate,"Generated from disclosed-path facility calendar, technology set and template contracting assumptions; not a company-announced project"
CAND-C25EE4C0BA9CD6,NIPPON_STEEL_JP,Nippon Steel,P1,지연·현물조달,PORT-475628A5EB38,DISCLOSED_PATH,5,2029,2038,0.179949,0.354756,0.465296,0.0,0.0,0.0,0.1,0.0,0.0,393.843974,NS-EAST:H2_DRI_EAF:2034|NS-KANSAI:SCRAP_EAF:2036|NS-KYUSHU:H2_DRI_EAF:2029|NS-NAGOYA:BF_RELINE:2032|NS-SETOUCHI:SCRAP_EAF:2038,model_generated_candidate,"Generated from disclosed-path facility calendar, technology set and template contracting assumptions; not a company-announced project"
CAND-C2AA92F31F9468,NIPPON_STEEL_JP,Nippon Steel,P3,균형형 라이트헤지,PORT-23A278D911DA,DISCLOSED_PATH,5,2029,2038,0.645244,0.0,0.354756,0.0,0.3,0.25,0.35,0.25,0.015,136.288964,NS-EAST:BF_RELINE:2034|NS-KANSAI:H2_DRI_EAF:2036|NS-KYUSHU:BF_RELINE:2029|NS-NAGOYA:BF_RELINE:2032|NS-SETOUCHI:H2_DRI_EAF:2038,model_generated_candidate,"Generated from disclosed-path facility calendar, technology set and template contracting assumptions; not a company-announced project"
CAND-C2B4AFCB44C3FD,NIPPON_STEEL_JP,Nippon Steel,P2,지연·부분헤지,PORT-B74BBC92FC01,DISCLOSED_PATH,5,2029,2038,0.208226,0.534704,0.257069,0.0,0.15,0.1,0.2,0.1,0.01,389.073937,NS-EAST:BF_RELINE:2034|NS-KANSAI:SCRAP_EAF:2036|NS-KYUSHU:H2_DRI_EAF:2029|NS-NAGOYA:SCRAP_EAF:2032|NS-SETOUCHI:SCRAP_EAF:2038,model_generated_candidate,"Generated from disclosed-path facility calendar, technology set and template contracting assumptions; not a company-announced project"
CAND-C379B0EAAFD136,NIPPON_STEEL_JP,Nippon Steel,P1,지연·현물조달,PORT-845C3FC40921,DISCLOSED_PATH,5,2029,2038,0.658098,0.161954,0.179949,0.0,0.0,0.0,0.1,0.0,0.0,192.018932,NS-EAST:BF_RELINE:2034|NS-KANSAI:SCRAP_EAF:2036|NS-KYUSHU:BF_RELINE:2029|NS-NAGOYA:H2_DRI_EAF:2032|NS-SETOUCHI:BF_RELINE:2038,model_generated_candidate,"Generated from disclosed-path facility calendar, technology set and template contracting assumptions; not a company-announced project"
CAND-C3AFAC63A8CC48,NIPPON_STEEL_JP,Nippon Steel,P1,지연·현물조달,PORT-A8CC0E23EAFF,DISCLOSED_PATH,5,2029,2038,0.257069,0.550129,0.192802,0.0,0.0,0.0,0.1,0.0,0.0,283.278946,NS-EAST:SCRAP_EAF:2034|NS-KANSAI:SCRAP_EAF:2036|NS-KYUSHU:BF_RELINE:2029|NS-NAGOYA:SCRAP_EAF:2032|NS-SETOUCHI:H2_DRI_EAF:2038,model_generated_candidate,"Generated from disclosed-path facility calendar, technology set and template contracting assumptions; not a company-announced project"
CAND-C42D4931A9C6BB,NIPPON_STEEL_JP,Nippon Steel,P1,지연·현물조달,PORT-D4E50DBAEC6A,DISCLOSED_PATH,5,2029,2038,0.449871,0.550129,0.0,0.0,0.0,0.0,0.1,0.0,0.0,251.148946,NS-EAST:SCRAP_EAF:2034|NS-KANSAI:SCRAP_EAF:2036|NS-KYUSHU:BF_RELINE:2029|NS-NAGOYA:SCRAP_EAF:2032|NS-SETOUCHI:BF_RELINE:2038,model_generated_candidate,"Generated from disclosed-path facility calendar, technology set and template contracting assumptions; not a company-announced project"
CAND-C47813B448CD39,NIPPON_STEEL_JP,Nippon Steel,P4,균형형 전환,PORT-1444421109F6,DISCLOSED_PATH,5,2028,2037,0.192802,0.179949,0.627249,0.0,0.5,0.45,0.5,0.4,0.02,507.828946,NS-EAST:H2_DRI_EAF:2033|NS-KANSAI:H2_DRI_EAF:2035|NS-KYUSHU:H2_DRI_EAF:2028|NS-NAGOYA:SCRAP_EAF:2031|NS-SETOUCHI:BF_RELINE:2037,model_generated_candidate,"Generated from disclosed-path facility calendar, technology set and template contracting assumptions; not a company-announced project"
CAND-C47E2195B2B0B3,NIPPON_STEEL_JP,Nippon Steel,P1,지연·현물조달,PORT-B0CFD4776966,DISCLOSED_PATH,5,2029,2038,0.658098,0.0,0.341902,0.0,0.0,0.0,0.1,0.0,0.0,199.018933,NS-EAST:BF_RELINE:2034|NS-KANSAI:H2_DRI_EAF:2036|NS-KYUSHU:BF_RELINE:2029|NS-NAGOYA:H2_DRI_EAF:2032|NS-SETOUCHI:BF_RELINE:2038,model_generated_candidate,"Generated from disclosed-path facility calendar, technology set and template contracting assumptions; not a company-announced project"
CAND-C4C9319CE1829D,NIPPON_STEEL_JP,Nippon Steel,P2,지연·부분헤지,PORT-7F141003EFD9,DISCLOSED_PATH,5,2029,2038,0.0,0.419023,0.580977,0.0,0.15,0.1,0.2,0.1,0.01,466.428943,NS-EAST:H2_DRI_EAF:2034|NS-KANSAI:SCRAP_EAF:2036|NS-KYUSHU:SCRAP_EAF:2029|NS-NAGOYA:H2_DRI_EAF:2032|NS-SETOUCHI:H2_DRI_EAF:2038,model_generated_candidate,"Generated from disclosed-path facility calendar, technology set and template contracting assumptions; not a company-announced project"
CAND-C4E11383EA15DE,NIPPON_STEEL_JP,Nippon Steel,P1,지연·현물조달,PORT-E3577CB0E245,DISCLOSED_PATH,5,2029,2038,0.598972,0.0,0.401028,0.0,0.0,0.0,0.1,0.0,0.0,174.368969,NS-EAST:H2_DRI_EAF:2034|NS-KANSAI:BF_RELINE:2036|NS-KYUSHU:BF_RELINE:2029|NS-NAGOYA:BF_RELINE:2032|NS-SETOUCHI:H2_DRI_EAF:2038,model_generated_candidate,"Generated from disclosed-path facility calendar, technology set and template contracting assumptions; not a company-announced project"
CAND-C51281C57B148F,NIPPON_STEEL_JP,Nippon Steel,P1,지연·현물조달,PORT-C0F53F28CCD9,DISCLOSED_PATH,5,2029,2038,0.437018,0.161954,0.401028,0.0,0.0,0.0,0.1,0.0,0.0,214.968974,NS-EAST:H2_DRI_EAF:2034|NS-KANSAI:SCRAP_EAF:2036|NS-KYUSHU:BF_RELINE:2029|NS-NAGOYA:BF_RELINE:2032|NS-SETOUCHI:H2_DRI_EAF:2038,model_generated_candidate,"Generated from disclosed-path facility calendar, technology set and template contracting assumptions; not a company-announced project"
CAND-C51D410B54BFD5,NIPPON_STEEL_JP,Nippon Steel,P3,균형형 라이트헤지,PORT-5DE4D9A04480,DISCLOSED_PATH,5,2029,2038,0.0,0.611825,0.388175,0.0,0.3,0.25,0.35,0.25,0.015,461.703943,NS-EAST:H2_DRI_EAF:2034|NS-KANSAI:SCRAP_EAF:2036|NS-KYUSHU:SCRAP_EAF:2029|NS-NAGOYA:H2_DRI_EAF:2032|NS-SETOUCHI:SCRAP_EAF:2038,model_generated_candidate,"Generated from disclosed-path facility calendar, technology set and template contracting assumptions; not a company-announced project"
CAND-C5C49FC84D8621,NIPPON_STEEL_JP,Nippon Steel,P2,지연·부분헤지,PORT-222858394A63,DISCLOSED_PATH,5,2029,2038,0.0,0.401028,0.598972,0.0,0.15,0.1,0.2,0.1,0.01,483.103943,NS-EAST:SCRAP_EAF:2034|NS-KANSAI:H2_DRI_EAF:2036|NS-KYUSHU:H2_DRI_EAF:2029|NS-NAGOYA:H2_DRI_EAF:2032|NS-SETOUCHI:SCRAP_EAF:2038,model_generated_candidate,"Generated from disclosed-path facility calendar, technology set and template contracting assumptions; not a company-announced project"
CAND-C8C51A7DF762EE,NIPPON_STEEL_JP,Nippon Steel,P1,지연·현물조달,PORT-622372E22AA3,DISCLOSED_PATH,5,2029,2038,0.401028,0.257069,0.341902,0.0,0.0,0.0,0.1,0.0,0.0,355.618933,NS-EAST:BF_RELINE:2034|NS-KANSAI:H2_DRI_EAF:2036|NS-KYUSHU:SCRAP_EAF:2029|NS-NAGOYA:H2_DRI_EAF:2032|NS-SETOUCHI:BF_RELINE:2038,model_generated_candidate,"Generated from disclosed-path facility calendar, technology set and template contracting assumptions; not a company-announced project"
CAND-C96E8CC3BD0B9F,NIPPON_STEEL_JP,Nippon Steel,P1,지연·현물조달,PORT-C84D6A8C133A,DISCLOSED_PATH,5,2029,2038,0.550129,0.0,0.449871,0.0,0.0,0.0,0.1,0.0,0.0,272.288958,NS-EAST:BF_RELINE:2034|NS-KANSAI:BF_RELINE:2036|NS-KYUSHU:H2_DRI_EAF:2029|NS-NAGOYA:BF_RELINE:2032|NS-SETOUCHI:H2_DRI_EAF:2038,model_generated_candidate,"Generated from disclosed-path facility calendar, technology set and template contracting assumptions; not a company-announced project"
CAND-C9837022C5AEF2,NIPPON_STEEL_JP,Nippon Steel,P2,지연·부분헤지,PORT-674311CC4C19,DISCLOSED_PATH,5,2029,2038,0.161954,0.372751,0.465296,0.0,0.15,0.1,0.2,0.1,0.01,434.153943,NS-EAST:H2_DRI_EAF:2034|NS-KANSAI:BF_RELINE:2036|NS-KYUSHU:H2_DRI_EAF:2029|NS-NAGOYA:SCRAP_EAF:2032|NS-SETOUCHI:SCRAP_EAF:2038,model_generated_candidate,"Generated from disclosed-path facility calendar, technology set and template contracting assumptions; not a company-announced project"
CAND-C9E5D1C21B3C7A,NIPPON_STEEL_JP,Nippon Steel,P1,지연·현물조달,PORT-F37E5039B6ED,DISCLOSED_PATH,5,2029,2038,0.208226,0.179949,0.611825,0.0,0.0,0.0,0.1,0.0,0.0,400.798938,NS-EAST:BF_RELINE:2034|NS-KANSAI:H2_DRI_EAF:2036|NS-KYUSHU:H2_DRI_EAF:2029|NS-NAGOYA:SCRAP_EAF:2032|NS-SETOUCHI:H2_DRI_EAF:2038,model_generated_candidate,"Generated from disclosed-path facility calendar, technology set and template contracting assumptions; not a company-announced project"
CAND-CA2E4138D9BC07,NIPPON_STEEL_JP,Nippon Steel,P1,지연·현물조달,PORT-05EE518306D9,DISCLOSED_PATH,5,2029,2038,0.0,0.465296,0.534704,0.0,0.0,0.0,0.1,0.0,0.0,460.828943,NS-EAST:SCRAP_EAF:2034|NS-KANSAI:H2_DRI_EAF:2036|NS-KYUSHU:SCRAP_EAF:2029|NS-NAGOYA:H2_DRI_EAF:2032|NS-SETOUCHI:H2_DRI_EAF:2038,model_generated_candidate,"Generated from disclosed-path facility calendar, technology set and template contracting assumptions; not a company-announced project"
CAND-CA55C679FD9A25,NIPPON_STEEL_JP,Nippon Steel,P4,균형형 전환,PORT-FE782E3DCCE9,DISCLOSED_PATH,5,2028,2037,0.0,0.0,1.0,0.0,0.5,0.45,0.5,0.4,0.02,566.168941,NS-EAST:H2_DRI_EAF:2033|NS-KANSAI:H2_DRI_EAF:2035|NS-KYUSHU:H2_DRI_EAF:2028|NS-NAGOYA:H2_DRI_EAF:2031|NS-SETOUCHI:H2_DRI_EAF:2037,model_generated_candidate,"Generated from disclosed-path facility calendar, technology set and template contracting assumptions; not a company-announced project"
CAND-CAA0861561E3AF,NIPPON_STEEL_JP,Nippon Steel,P1,지연·현물조달,PORT-526AE3D0E184,DISCLOSED_PATH,5,2029,2038,0.401028,0.341902,0.257069,0.0,0.0,0.0,0.1,0.0,0.0,361.668937,NS-EAST:BF_RELINE:2034|NS-KANSAI:SCRAP_EAF:2036|NS-KYUSHU:H2_DRI_EAF:2029|NS-NAGOYA:SCRAP_EAF:2032|NS-SETOUCHI:BF_RELINE:2038,model_generated_candidate,"Generated from disclosed-path facility calendar, technology set and template contracting assumptions; not a company-announced project"
CAND-CAE9009C7EF9D4,NIPPON_STEEL_JP,Nippon Steel,P1,지연·현물조달,PORT-FA425C592A46,DISCLOSED_PATH,5,2029,2038,0.179949,0.0,0.820051,0.0,0.0,0.0,0.1,0.0,0.0,405.568975,NS-EAST:H2_DRI_EAF:2034|NS-KANSAI:H2_DRI_EAF:2036|NS-KYUSHU:H2_DRI_EAF:2029|NS-NAGOYA:BF_RELINE:2032|NS-SETOUCHI:H2_DRI_EAF:2038,model_generated_candidate,"Generated from disclosed-path facility calendar, technology set and template contracting assumptions; not a company-announced project"
CAND-CC6A5624B1D2C8,NIPPON_STEEL_JP,Nippon Steel,P4,균형형 전환,PORT-B5DB7A5F03E3,DISCLOSED_PATH,5,2028,2037,0.419023,0.0,0.580977,0.0,0.5,0.45,0.5,0.4,0.02,310.148934,NS-EAST:H2_DRI_EAF:2033|NS-KANSAI:BF_RELINE:2035|NS-KYUSHU:BF_RELINE:2028|NS-NAGOYA:H2_DRI_EAF:2031|NS-SETOUCHI:H2_DRI_EAF:2037,model_generated_candidate,"Generated from disclosed-path facility calendar, technology set and template contracting assumptions; not a company-announced project"
CAND-CDB72992370089,NIPPON_STEEL_JP,Nippon Steel,P4,균형형 전환,PORT-8FA978634E7D,DISCLOSED_PATH,5,2028,2037,0.161954,0.257069,0.580977,0.0,0.5,0.45,0.5,0.4,0.02,479.798934,NS-EAST:H2_DRI_EAF:2033|NS-KANSAI:BF_RELINE:2035|NS-KYUSHU:SCRAP_EAF:2028|NS-NAGOYA:H2_DRI_EAF:2031|NS-SETOUCHI:H2_DRI_EAF:2037,model_generated_candidate,"Generated from disclosed-path facility calendar, technology set and template contracting assumptions; not a company-announced project"
CAND-CDFE2587E5584F,NIPPON_STEEL_JP,Nippon Steel,P4,균형형 전환,PORT-34AD95AD1263,DISCLOSED_PATH,5,2028,2037,0.0,0.465296,0.534704,0.0,0.5,0.45,0.5,0.4,0.02,522.518939,NS-EAST:SCRAP_EAF:2033|NS-KANSAI:H2_DRI_EAF:2035|NS-KYUSHU:SCRAP_EAF:2028|NS-NAGOYA:H2_DRI_EAF:2031|NS-SETOUCHI:H2_DRI_EAF:2037,model_generated_candidate,"Generated from disclosed-path facility calendar, technology set and template contracting assumptions; not a company-announced project"
CAND-CE0A0AEAE133DF,NIPPON_STEEL_JP,Nippon Steel,P2,지연·부분헤지,PORT-61AD11411A66,DISCLOSED_PATH,5,2029,2038,0.0,0.562982,0.437018,0.0,0.15,0.1,0.2,0.1,0.01,476.103942,NS-EAST:SCRAP_EAF:2034|NS-KANSAI:SCRAP_EAF:2036|NS-KYUSHU:H2_DRI_EAF:2029|NS-NAGOYA:H2_DRI_EAF:2032|NS-SETOUCHI:SCRAP_EAF:2038,model_generated_candidate,"Generated from disclosed-path facility calendar, technology set and template contracting assumptions; not a company-announced project"
CAND-CE78017CB3DEB4,NIPPON_STEEL_JP,Nippon Steel,P1,지연·현물조달,PORT-CAD9747A9822,DISCLOSED_PATH,5,2029,2038,0.192802,0.208226,0.598972,0.0,0.0,0.0,0.1,0.0,0.0,455.698943,NS-EAST:SCRAP_EAF:2034|NS-KANSAI:H2_DRI_EAF:2036|NS-KYUSHU:H2_DRI_EAF:2029|NS-NAGOYA:H2_DRI_EAF:2032|NS-SETOUCHI:BF_RELINE:2038,model_generated_candidate,"Generated from disclosed-path facility calendar, technology set and template contracting assumptions; not a company-announced project"
CAND-CE9329CD447267,NIPPON_STEEL_JP,Nippon Steel,P2,지연·부분헤지,PORT-3F83257DA03C,DISCLOSED_PATH,5,2029,2038,0.161954,0.192802,0.645244,0.0,0.15,0.1,0.2,0.1,0.01,448.103938,NS-EAST:H2_DRI_EAF:2034|NS-KANSAI:BF_RELINE:2036|NS-KYUSHU:H2_DRI_EAF:2029|NS-NAGOYA:H2_DRI_EAF:2032|NS-SETOUCHI:SCRAP_EAF:2038,model_generated_candidate,"Generated from disclosed-path facility calendar, technology set and template contracting assumptions; not a company-announced project"
CAND-CEA59104BCB16D,NIPPON_STEEL_JP,Nippon Steel,P4,균형형 전환,PORT-7BDFEA64D7FE,DISCLOSED_PATH,5,2028,2037,0.179949,0.0,0.820051,0.0,0.5,0.45,0.5,0.4,0.02,460.768975,NS-EAST:H2_DRI_EAF:2033|NS-KANSAI:H2_DRI_EAF:2035|NS-KYUSHU:H2_DRI_EAF:2028|NS-NAGOYA:BF_RELINE:2031|NS-SETOUCHI:H2_DRI_EAF:2037,model_generated_candidate,"Generated from disclosed-path facility calendar, technology set and template contracting assumptions; not a company-announced project"
CAND-CEB9F31E1827F1,NIPPON_STEEL_JP,Nippon Steel,P2,지연·부분헤지,PORT-0FC525186C6D,DISCLOSED_PATH,5,2029,2038,0.208226,0.449871,0.341902,0.0,0.15,0.1,0.2,0.1,0.01,383.023933,NS-EAST:BF_RELINE:2034|NS-KANSAI:H2_DRI_EAF:2036|NS-KYUSHU:SCRAP_EAF:2029|NS-NAGOYA:H2_DRI_EAF:2032|NS-SETOUCHI:SCRAP_EAF:2038,model_generated_candidate,"Generated from disclosed-path facility calendar, technology set and template contracting assumptions; not a company-announced project"
CAND-CEFF17B3D24789,NIPPON_STEEL_JP,Nippon Steel,P2,지연·부분헤지,PORT-6F42E9590CB3,DISCLOSED_PATH,5,2029,2038,0.354756,0.257069,0.388175,0.0,0.15,0.1,0.2,0.1,0.01,393.698938,NS-EAST:H2_DRI_EAF:2034|NS-KANSAI:BF_RELINE:2036|NS-KYUSHU:SCRAP_EAF:2029|NS-NAGOYA:H2_DRI_EAF:2032|NS-SETOUCHI:BF_RELINE:2038,model_generated_candidate,"Generated from disclosed-path facility calendar, technology set and template contracting assumptions; not a company-announced project"
CAND-CF36AB609E7A4B,NIPPON_STEEL_JP,Nippon Steel,P1,지연·현물조달,PORT-93C0C8E2DAF0,DISCLOSED_PATH,5,2029,2038,0.627249,0.179949,0.192802,0.0,0.0,0.0,0.1,0.0,0.0,169.598932,NS-EAST:BF_RELINE:2034|NS-KANSAI:BF_RELINE:2036|NS-KYUSHU:BF_RELINE:2029|NS-NAGOYA:SCRAP_EAF:2032|NS-SETOUCHI:H2_DRI_EAF:2038,model_generated_candidate,"Generated from disclosed-path facility calendar, technology set and template contracting assumptions; not a company-announced project"
CAND-CFBC4EF836C6CE,NIPPON_STEEL_JP,Nippon Steel,P4,균형형 전환,PORT-AB392CF8B393,DISCLOSED_PATH,5,2028,2037,0.161954,0.179949,0.658098,0.0,0.5,0.45,0.5,0.4,0.02,493.548939,NS-EAST:H2_DRI_EAF:2033|NS-KANSAI:BF_RELINE:2035|NS-KYUSHU:H2_DRI_EAF:2028|NS-NAGOYA:SCRAP_EAF:2031|NS-SETOUCHI:H2_DRI_EAF:2037,model_generated_candidate,"Generated from disclosed-path facility calendar, technology set and template contracting assumptions; not a company-announced project"
CAND-D035BCC21593D5,NIPPON_STEEL_JP,Nippon Steel,P1,지연·현물조달,PORT-D3FE55E7A8A2,DISCLOSED_PATH,5,2029,2038,0.401028,0.179949,0.419023,0.0,0.0,0.0,0.1,0.0,0.0,368.668938,NS-EAST:BF_RELINE:2034|NS-KANSAI:H2_DRI_EAF:2036|NS-KYUSHU:H2_DRI_EAF:2029|NS-NAGOYA:SCRAP_EAF:2032|NS-SETOUCHI:BF_RELINE:2038,model_generated_candidate,"Generated from disclosed-path facility calendar, technology set and template contracting assumptions; not a company-announced project"
CAND-D0B3632BFB7E44,NIPPON_STEEL_JP,Nippon Steel,P3,균형형 라이트헤지,PORT-38535C2DEC41,DISCLOSED_PATH,5,2029,2038,0.341902,0.192802,0.465296,0.0,0.3,0.25,0.35,0.25,0.015,353.243969,NS-EAST:H2_DRI_EAF:2034|NS-KANSAI:BF_RELINE:2036|NS-KYUSHU:H2_DRI_EAF:2029|NS-NAGOYA:BF_RELINE:2032|NS-SETOUCHI:SCRAP_EAF:2038,model_generated_candidate,"Generated from disclosed-path facility calendar, technology set and template contracting assumptions; not a company-announced project"
CAND-D0D810208B75EE,NIPPON_STEEL_JP,Nippon Steel,P4,균형형 전환,PORT-8FCF862E7F6B,DISCLOSED_PATH,5,2028,2037,0.208226,0.0,0.791774,0.0,0.5,0.45,0.5,0.4,0.02,468.248928,NS-EAST:BF_RELINE:2033|NS-KANSAI:H2_DRI_EAF:2035|NS-KYUSHU:H2_DRI_EAF:2028|NS-NAGOYA:H2_DRI_EAF:2031|NS-SETOUCHI:H2_DRI_EAF:2037,model_generated_candidate,"Generated from disclosed-path facility calendar, technology set and template contracting assumptions; not a company-announced project"
CAND-D12F2219ACF691,NIPPON_STEEL_JP,Nippon Steel,P2,지연·부분헤지,PORT-ACA3DA11AF49,DISCLOSED_PATH,5,2029,2038,0.192802,0.437018,0.37018,0.0,0.15,0.1,0.2,0.1,0.01,427.348949,NS-EAST:H2_DRI_EAF:2034|NS-KANSAI:H2_DRI_EAF:2036|NS-KYUSHU:SCRAP_EAF:2029|NS-NAGOYA:SCRAP_EAF:2032|NS-SETOUCHI:BF_RELINE:2038,model_generated_candidate,"Generated from disclosed-path facility calendar, technology set and template contracting assumptions; not a company-announced project"
CAND-D228E64E9B8870,NIPPON_STEEL_JP,Nippon Steel,P3,균형형 라이트헤지,PORT-B446DE621925,DISCLOSED_PATH,5,2029,2038,0.0,0.534704,0.465296,0.0,0.3,0.25,0.35,0.25,0.015,474.753948,NS-EAST:H2_DRI_EAF:2034|NS-KANSAI:SCRAP_EAF:2036|NS-KYUSHU:H2_DRI_EAF:2029|NS-NAGOYA:SCRAP_EAF:2032|NS-SETOUCHI:SCRAP_EAF:2038,model_generated_candidate,"Generated from disclosed-path facility calendar, technology set and template contracting assumptions; not a company-announced project"
CAND-D26C3613C18C05,NIPPON_STEEL_JP,Nippon Steel,P3,균형형 라이트헤지,PORT-2680632EAC61,DISCLOSED_PATH,5,2029,2038,0.208226,0.372751,0.419023,0.0,0.3,0.25,0.35,0.25,0.015,396.073938,NS-EAST:BF_RELINE:2034|NS-KANSAI:H2_DRI_EAF:2036|NS-KYUSHU:H2_DRI_EAF:2029|NS-NAGOYA:SCRAP_EAF:2032|NS-SETOUCHI:SCRAP_EAF:2038,model_generated_candidate,"Generated from disclosed-path facility calendar, technology set and template contracting assumptions; not a company-announced project"
CAND-D3C7F29A0E486F,NIPPON_STEEL_JP,Nippon Steel,P5,조기 계약형 전환,PORT-DC48B7EC80A2,DISCLOSED_PATH,5,2028,2037,0.0,0.208226,0.791774,0.0,0.7,0.65,0.65,0.6,0.025,551.768939,NS-EAST:SCRAP_EAF:2033|NS-KANSAI:H2_DRI_EAF:2035|NS-KYUSHU:H2_DRI_EAF:2028|NS-NAGOYA:H2_DRI_EAF:2031|NS-SETOUCHI:H2_DRI_EAF:2037,model_generated_candidate,"Generated from disclosed-path facility calendar, technology set and template contracting assumptions; not a company-announced project"
CAND-D3DD3C6F929054,NIPPON_STEEL_JP,Nippon Steel,P1,지연·현물조달,PORT-CCFFC46B621C,DISCLOSED_PATH,5,2029,2038,0.611825,0.208226,0.179949,0.0,0.0,0.0,0.1,0.0,0.0,224.498937,NS-EAST:SCRAP_EAF:2034|NS-KANSAI:BF_RELINE:2036|NS-KYUSHU:BF_RELINE:2029|NS-NAGOYA:H2_DRI_EAF:2032|NS-SETOUCHI:BF_RELINE:2038,model_generated_candidate,"Generated from disclosed-path facility calendar, technology set and template contracting assumptions; not a company-announced project"
CAND-D416617299F63F,NIPPON_STEEL_JP,Nippon Steel,P1,지연·현물조달,PORT-575BB800618E,DISCLOSED_PATH,5,2029,2038,0.161954,0.838046,0.0,0.0,0.0,0.0,0.1,0.0,0.0,394.553941,NS-EAST:SCRAP_EAF:2034|NS-KANSAI:BF_RELINE:2036|NS-KYUSHU:SCRAP_EAF:2029|NS-NAGOYA:SCRAP_EAF:2032|NS-SETOUCHI:SCRAP_EAF:2038,model_generated_candidate,"Generated from disclosed-path facility calendar, technology set and template contracting assumptions; not a company-announced project"
CAND-D42C7F372720F7,NIPPON_STEEL_JP,Nippon Steel,P3,균형형 라이트헤지,PORT-92BAA222AC4A,DISCLOSED_PATH,5,2029,2038,0.179949,0.465296,0.354756,0.0,0.3,0.25,0.35,0.25,0.015,365.968973,NS-EAST:SCRAP_EAF:2034|NS-KANSAI:H2_DRI_EAF:2036|NS-KYUSHU:SCRAP_EAF:2029|NS-NAGOYA:BF_RELINE:2032|NS-SETOUCHI:H2_DRI_EAF:2038,model_generated_candidate,"Generated from disclosed-path facility calendar, technology set and template contracting assumptions; not a company-announced project"
CAND-D43517A83457AE,NIPPON_STEEL_JP,Nippon Steel,P2,지연·부분헤지,PORT-6C2F1FF45B21,DISCLOSED_PATH,5,2029,2038,0.192802,0.0,0.807198,0.0,0.15,0.1,0.2,0.1,0.01,468.298944,NS-EAST:H2_DRI_EAF:2034|NS-KANSAI:H2_DRI_EAF:2036|NS-KYUSHU:H2_DRI_EAF:2029|NS-NAGOYA:H2_DRI_EAF:2032|NS-SETOUCHI:BF_RELINE:2038,model_generated_candidate,"Generated from disclosed-path facility calendar, technology set and template contracting assumptions; not a company-announced project"
CAND-D43E0D439CAF01,NIPPON_STEEL_JP,Nippon Steel,P1,지연·현물조달,PORT-82F59DDAE89A,DISCLOSED_PATH,5,2029,2038,0.449871,0.37018,0.179949,0.0,0.0,0.0,0.1,0.0,0.0,265.098942,NS-EAST:SCRAP_EAF:2034|NS-KANSAI:SCRAP_EAF:2036|NS-KYUSHU:BF_RELINE:2029|NS-NAGOYA:H2_DRI_EAF:2032|NS-SETOUCHI:BF_RELINE:2038,model_generated_candidate,"Generated from disclosed-path facility calendar, technology set and template contracting assumptions; not a company-announced project"
CAND-D44B1FA38D5AB4,NIPPON_STEEL_JP,Nippon Steel,P1,지연·현물조달,PORT-222858394A63,DISCLOSED_PATH,5,2029,2038,0.0,0.401028,0.598972,0.0,0.0,0.0,0.1,0.0,0.0,483.103943,NS-EAST:SCRAP_EAF:2034|NS-KANSAI:H2_DRI_EAF:2036|NS-KYUSHU:H2_DRI_EAF:2029|NS-NAGOYA:H2_DRI_EAF:2032|NS-SETOUCHI:SCRAP_EAF:2038,model_generated_candidate,"Generated from disclosed-path facility calendar, technology set and template contracting assumptions; not a company-announced project"
CAND-D45F3BA5832F51,NIPPON_STEEL_JP,Nippon Steel,P1,지연·현물조달,PORT-3F83257DA03C,DISCLOSED_PATH,5,2029,2038,0.161954,0.192802,0.645244,0.0,0.0,0.0,0.1,0.0,0.0,448.103938,NS-EAST:H2_DRI_EAF:2034|NS-KANSAI:BF_RELINE:2036|NS-KYUSHU:H2_DRI_EAF:2029|NS-NAGOYA:H2_DRI_EAF:2032|NS-SETOUCHI:SCRAP_EAF:2038,model_generated_candidate,"Generated from disclosed-path facility calendar, technology set and template contracting assumptions; not a company-announced project"
CAND-D4856B223A4ABD,NIPPON_STEEL_JP,Nippon Steel,P2,지연·부분헤지,PORT-1D7419482A7C,DISCLOSED_PATH,5,2029,2038,0.401028,0.0,0.598972,0.0,0.15,0.1,0.2,0.1,0.01,382.618933,NS-EAST:BF_RELINE:2034|NS-KANSAI:H2_DRI_EAF:2036|NS-KYUSHU:H2_DRI_EAF:2029|NS-NAGOYA:H2_DRI_EAF:2032|NS-SETOUCHI:BF_RELINE:2038,model_generated_candidate,"Generated from disclosed-path facility calendar, technology set and template contracting assumptions; not a company-announced project"
CAND-D4D85469394551,NIPPON_STEEL_JP,Nippon Steel,P1,지연·현물조달,PORT-4F64F793369E,DISCLOSED_PATH,5,2029,2038,0.341902,0.257069,0.401028,0.0,0.0,0.0,0.1,0.0,0.0,330.968969,NS-EAST:H2_DRI_EAF:2034|NS-KANSAI:BF_RELINE:2036|NS-KYUSHU:SCRAP_EAF:2029|NS-NAGOYA:BF_RELINE:2032|NS-SETOUCHI:H2_DRI_EAF:2038,model_generated_candidate,"Generated from disclosed-path facility calendar, technology set and template contracting assumptions; not a company-announced project"
CAND-D58DBD3CB780AF,NIPPON_STEEL_JP,Nippon Steel,P1,지연·현물조달,PORT-ED90F4FED395,DISCLOSED_PATH,5,2029,2038,0.388175,0.0,0.611825,0.0,0.0,0.0,0.1,0.0,0.0,319.888964,NS-EAST:BF_RELINE:2034|NS-KANSAI:H2_DRI_EAF:2036|NS-KYUSHU:H2_DRI_EAF:2029|NS-NAGOYA:BF_RELINE:2032|NS-SETOUCHI:H2_DRI_EAF:2038,model_generated_candidate,"Generated from disclosed-path facility calendar, technology set and template contracting assumptions; not a company-announced project"
CAND-D591519E851753,NIPPON_STEEL_JP,Nippon Steel,P1,지연·현물조달,PORT-8A3AD855BFD4,DISCLOSED_PATH,5,2029,2038,0.37018,0.449871,0.179949,0.0,0.0,0.0,0.1,0.0,0.0,335.423927,NS-EAST:BF_RELINE:2034|NS-KANSAI:BF_RELINE:2036|NS-KYUSHU:SCRAP_EAF:2029|NS-NAGOYA:H2_DRI_EAF:2032|NS-SETOUCHI:SCRAP_EAF:2038,model_generated_candidate,"Generated from disclosed-path facility calendar, technology set and template contracting assumptions; not a company-announced project"
CAND-D5FFDB7EE708DF,NIPPON_STEEL_JP,Nippon Steel,P1,지연·현물조달,PORT-FFBC6AEA16BA,DISCLOSED_PATH,5,2029,2038,0.372751,0.465296,0.161954,0.0,0.0,0.0,0.1,0.0,0.0,333.838973,NS-EAST:SCRAP_EAF:2034|NS-KANSAI:H2_DRI_EAF:2036|NS-KYUSHU:SCRAP_EAF:2029|NS-NAGOYA:BF_RELINE:2032|NS-SETOUCHI:BF_RELINE:2038,model_generated_candidate,"Generated from disclosed-path facility calendar, technology set and template contracting assumptions; not a company-announced project"
CAND-D6DD0F7499B62C,NIPPON_STEEL_JP,Nippon Steel,P3,균형형 라이트헤지,PORT-D6A44514D4F3,DISCLOSED_PATH,5,2029,2038,0.611825,0.0,0.388175,0.0,0.3,0.25,0.35,0.25,0.015,237.098938,NS-EAST:H2_DRI_EAF:2034|NS-KANSAI:BF_RELINE:2036|NS-KYUSHU:BF_RELINE:2029|NS-NAGOYA:H2_DRI_EAF:2032|NS-SETOUCHI:BF_RELINE:2038,model_generated_candidate,"Generated from disclosed-path facility calendar, technology set and template contracting assumptions; not a company-announced project"
CAND-D6F99BE225DC16,NIPPON_STEEL_JP,Nippon Steel,P2,지연·부분헤지,PORT-9B74CD51B8DB,DISCLOSED_PATH,5,2029,2038,0.257069,0.401028,0.341902,0.0,0.15,0.1,0.2,0.1,0.01,299.503943,NS-EAST:SCRAP_EAF:2034|NS-KANSAI:H2_DRI_EAF:2036|NS-KYUSHU:BF_RELINE:2029|NS-NAGOYA:H2_DRI_EAF:2032|NS-SETOUCHI:SCRAP_EAF:2038,model_generated_candidate,"Generated from disclosed-path facility calendar, technology set and template contracting assumptions; not a company-announced project"
CAND-D6FDA02B10D7AD,NIPPON_STEEL_JP,Nippon Steel,P2,지연·부분헤지,PORT-685CF3088EF5,DISCLOSED_PATH,5,2029,2038,0.341902,0.0,0.658098,0.0,0.15,0.1,0.2,0.1,0.01,357.968969,NS-EAST:H2_DRI_EAF:2034|NS-KANSAI:BF_RELINE:2036|NS-KYUSHU:H2_DRI_EAF:2029|NS-NAGOYA:BF_RELINE:2032|NS-SETOUCHI:H2_DRI_EAF:2038,model_generated_candidate,"Generated from disclosed-path facility calendar, technology set and template contracting assumptions; not a company-announced project"
CAND-D7872FE02A96EF,NIPPON_STEEL_JP,Nippon Steel,P1,지연·현물조달,PORT-284F27E6B94C,DISCLOSED_PATH,5,2029,2038,0.354756,0.465296,0.179949,0.0,0.0,0.0,0.1,0.0,0.0,381.098937,NS-EAST:SCRAP_EAF:2034|NS-KANSAI:BF_RELINE:2036|NS-KYUSHU:SCRAP_EAF:2029|NS-NAGOYA:H2_DRI_EAF:2032|NS-SETOUCHI:BF_RELINE:2038,model_generated_candidate,"Generated from disclosed-path facility calendar, technology set and template contracting assumptions; not a company-announced project"
CAND-D78AA4265F93FA,NIPPON_STEEL_JP,Nippon Steel,P1,지연·현물조달,PORT-9D11099D9A8A,DISCLOSED_PATH,5,2029,2038,0.208226,0.354756,0.437018,0.0,0.0,0.0,0.1,0.0,0.0,403.023932,NS-EAST:BF_RELINE:2034|NS-KANSAI:SCRAP_EAF:2036|NS-KYUSHU:H2_DRI_EAF:2029|NS-NAGOYA:H2_DRI_EAF:2032|NS-SETOUCHI:SCRAP_EAF:2038,model_generated_candidate,"Generated from disclosed-path facility calendar, technology set and template contracting assumptions; not a company-announced project"
CAND-D827C39ACBB086,NIPPON_STEEL_JP,Nippon Steel,P1,지연·현물조달,PORT-0ADF0E82C4B6,DISCLOSED_PATH,5,2029,2038,0.257069,0.742931,0.0,0.0,0.0,0.0,0.1,0.0,0.0,278.553946,NS-EAST:SCRAP_EAF:2034|NS-KANSAI:SCRAP_EAF:2036|NS-KYUSHU:BF_RELINE:2029|NS-NAGOYA:SCRAP_EAF:2032|NS-SETOUCHI:SCRAP_EAF:2038,model_generated_candidate,"Generated from disclosed-path facility calendar, technology set and template contracting assumptions; not a company-announced project"
CAND-D862A4AE5F72FA,NIPPON_STEEL_JP,Nippon Steel,P3,균형형 라이트헤지,PORT-93BA44A86FDE,DISCLOSED_PATH,5,2029,2038,0.0,0.449871,0.550129,0.0,0.3,0.25,0.35,0.25,0.015,468.703944,NS-EAST:H2_DRI_EAF:2034|NS-KANSAI:H2_DRI_EAF:2036|NS-KYUSHU:SCRAP_EAF:2029|NS-NAGOYA:H2_DRI_EAF:2032|NS-SETOUCHI:SCRAP_EAF:2038,model_generated_candidate,"Generated from disclosed-path facility calendar, technology set and template contracting assumptions; not a company-announced project"
CAND-D86DEC009AD2B4,NIPPON_STEEL_JP,Nippon Steel,P4,균형형 전환,PORT-A16166E967FC,DISCLOSED_PATH,5,2028,2037,0.449871,0.0,0.550129,0.0,0.5,0.45,0.5,0.4,0.02,324.428941,NS-EAST:H2_DRI_EAF:2033|NS-KANSAI:H2_DRI_EAF:2035|NS-KYUSHU:BF_RELINE:2028|NS-NAGOYA:H2_DRI_EAF:2031|NS-SETOUCHI:BF_RELINE:2037,model_generated_candidate,"Generated from disclosed-path facility calendar, technology set and template contracting assumptions; not a company-announced project"
CAND-D8B663A03A2D8E,NIPPON_STEEL_JP,Nippon Steel,P3,균형형 라이트헤지,PORT-888EB63E71B0,DISCLOSED_PATH,5,2029,2038,0.354756,0.0,0.645244,0.0,0.3,0.25,0.35,0.25,0.015,420.698938,NS-EAST:H2_DRI_EAF:2034|NS-KANSAI:BF_RELINE:2036|NS-KYUSHU:H2_DRI_EAF:2029|NS-NAGOYA:H2_DRI_EAF:2032|NS-SETOUCHI:BF_RELINE:2038,model_generated_candidate,"Generated from disclosed-path facility calendar, technology set and template contracting assumptions; not a company-announced project"
CAND-D9D951ACB26CDA,NIPPON_STEEL_JP,Nippon Steel,P1,지연·현물조달,PORT-B8A913DFD01F,DISCLOSED_PATH,5,2029,2038,0.534704,0.208226,0.257069,0.0,0.0,0.0,0.1,0.0,0.0,313.238967,NS-EAST:SCRAP_EAF:2034|NS-KANSAI:BF_RELINE:2036|NS-KYUSHU:H2_DRI_EAF:2029|NS-NAGOYA:BF_RELINE:2032|NS-SETOUCHI:BF_RELINE:2038,model_generated_candidate,"Generated from disclosed-path facility calendar, technology set and template contracting assumptions; not a company-announced project"
CAND-DA34AA68AEB99B,NIPPON_STEEL_JP,Nippon Steel,P3,균형형 라이트헤지,PORT-EDF18767D12A,DISCLOSED_PATH,5,2029,2038,0.179949,0.161954,0.658098,0.0,0.3,0.25,0.35,0.25,0.015,398.568974,NS-EAST:H2_DRI_EAF:2034|NS-KANSAI:SCRAP_EAF:2036|NS-KYUSHU:H2_DRI_EAF:2029|NS-NAGOYA:BF_RELINE:2032|NS-SETOUCHI:H2_DRI_EAF:2038,model_generated_candidate,"Generated from disclosed-path facility calendar, technology set and template contracting assumptions; not a company-announced project"
CAND-DAE87637C5F2F5,NIPPON_STEEL_JP,Nippon Steel,P2,지연·부분헤지,PORT-1A4B19920DEE,DISCLOSED_PATH,5,2029,2038,0.179949,0.192802,0.627249,0.0,0.15,0.1,0.2,0.1,0.01,400.843975,NS-EAST:H2_DRI_EAF:2034|NS-KANSAI:H2_DRI_EAF:2036|NS-KYUSHU:H2_DRI_EAF:2029|NS-NAGOYA:BF_RELINE:2032|NS-SETOUCHI:SCRAP_EAF:2038,model_generated_candidate,"Generated from disclosed-path facility calendar, technology set and template contracting assumptions; not a company-announced project"
CAND-DAFD63C40E33F4,NIPPON_STEEL_JP,Nippon Steel,P4,균형형 전환,PORT-8FDDBD12DDAB,DISCLOSED_PATH,5,2028,2037,0.388175,0.0,0.611825,0.0,0.5,0.45,0.5,0.4,0.02,362.848962,NS-EAST:BF_RELINE:2033|NS-KANSAI:H2_DRI_EAF:2035|NS-KYUSHU:H2_DRI_EAF:2028|NS-NAGOYA:BF_RELINE:2031|NS-SETOUCHI:H2_DRI_EAF:2037,model_generated_candidate,"Generated from disclosed-path facility calendar, technology set and template contracting assumptions; not a company-announced project"
CAND-DBB28F763D22FF,NIPPON_STEEL_JP,Nippon Steel,P1,지연·현물조달,PORT-EFA421F0E7E7,DISCLOSED_PATH,5,2029,2038,0.354756,0.179949,0.465296,0.0,0.0,0.0,0.1,0.0,0.0,406.748943,NS-EAST:H2_DRI_EAF:2034|NS-KANSAI:BF_RELINE:2036|NS-KYUSHU:H2_DRI_EAF:2029|NS-NAGOYA:SCRAP_EAF:2032|NS-SETOUCHI:BF_RELINE:2038,model_generated_candidate,"Generated from disclosed-path facility calendar, technology set and template contracting assumptions; not a company-announced project"
CAND-DBBBD19B95B511,NIPPON_STEEL_JP,Nippon Steel,P2,지연·부분헤지,PORT-4270128735D9,DISCLOSED_PATH,5,2029,2038,0.562982,0.179949,0.257069,0.0,0.15,0.1,0.2,0.1,0.01,321.068932,NS-EAST:BF_RELINE:2034|NS-KANSAI:BF_RELINE:2036|NS-KYUSHU:H2_DRI_EAF:2029|NS-NAGOYA:SCRAP_EAF:2032|NS-SETOUCHI:BF_RELINE:2038,model_generated_candidate,"Generated from disclosed-path facility calendar, technology set and template contracting assumptions; not a company-announced project"
CAND-DBD4D12002E8D2,NIPPON_STEEL_JP,Nippon Steel,P1,지연·현물조달,PORT-EF8B17A58845,DISCLOSED_PATH,5,2029,2038,0.161954,0.257069,0.580977,0.0,0.0,0.0,0.1,0.0,0.0,425.828938,NS-EAST:H2_DRI_EAF:2034|NS-KANSAI:BF_RELINE:2036|NS-KYUSHU:SCRAP_EAF:2029|NS-NAGOYA:H2_DRI_EAF:2032|NS-SETOUCHI:H2_DRI_EAF:2038,model_generated_candidate,"Generated from disclosed-path facility calendar, technology set and template contracting assumptions; not a company-announced project"
CAND-DBF77507DB79CD,NIPPON_STEEL_JP,Nippon Steel,P1,지연·현물조달,PORT-9B74CD51B8DB,DISCLOSED_PATH,5,2029,2038,0.257069,0.401028,0.341902,0.0,0.0,0.0,0.1,0.0,0.0,299.503943,NS-EAST:SCRAP_EAF:2034|NS-KANSAI:H2_DRI_EAF:2036|NS-KYUSHU:BF_RELINE:2029|NS-NAGOYA:H2_DRI_EAF:2032|NS-SETOUCHI:SCRAP_EAF:2038,model_generated_candidate,"Generated from disclosed-path facility calendar, technology set and template contracting assumptions; not a company-announced project"
CAND-DC0C13157A14E7,NIPPON_STEEL_JP,Nippon Steel,P1,지연·현물조달,PORT-1B8D3CFF1438,DISCLOSED_PATH,5,2029,2038,0.437018,0.354756,0.208226,0.0,0.0,0.0,0.1,0.0,0.0,210.243974,NS-EAST:H2_DRI_EAF:2034|NS-KANSAI:SCRAP_EAF:2036|NS-KYUSHU:BF_RELINE:2029|NS-NAGOYA:BF_RELINE:2032|NS-SETOUCHI:SCRAP_EAF:2038,model_generated_candidate,"Generated from disclosed-path facility calendar, technology set and template contracting assumptions; not a company-announced project"
CAND-DC5EB107F15497,NIPPON_STEEL_JP,Nippon Steel,P2,지연·부분헤지,PORT-41756371AE05,DISCLOSED_PATH,5,2029,2038,0.161954,0.449871,0.388175,0.0,0.15,0.1,0.2,0.1,0.01,421.103938,NS-EAST:H2_DRI_EAF:2034|NS-KANSAI:BF_RELINE:2036|NS-KYUSHU:SCRAP_EAF:2029|NS-NAGOYA:H2_DRI_EAF:2032|NS-SETOUCHI:SCRAP_EAF:2038,model_generated_candidate,"Generated from disclosed-path facility calendar, technology set and template contracting assumptions; not a company-announced project"
CAND-DCA2E6FB757F4D,NIPPON_STEEL_JP,Nippon Steel,P4,균형형 전환,PORT-678524C3B106,DISCLOSED_PATH,5,2028,2037,0.0,0.449871,0.550129,0.0,0.5,0.45,0.5,0.4,0.02,530.618941,NS-EAST:H2_DRI_EAF:2033|NS-KANSAI:H2_DRI_EAF:2035|NS-KYUSHU:SCRAP_EAF:2028|NS-NAGOYA:H2_DRI_EAF:2031|NS-SETOUCHI:SCRAP_EAF:2037,model_generated_candidate,"Generated from disclosed-path facility calendar, technology set and template contracting assumptions; not a company-announced project"
CAND-DCF86E3DE6D95B,NIPPON_STEEL_JP,Nippon Steel,P2,지연·부분헤지,PORT-1DC8D35FFDC5,DISCLOSED_PATH,5,2029,2038,0.0,0.161954,0.838046,0.0,0.15,0.1,0.2,0.1,0.01,493.428943,NS-EAST:H2_DRI_EAF:2034|NS-KANSAI:SCRAP_EAF:2036|NS-KYUSHU:H2_DRI_EAF:2029|NS-NAGOYA:H2_DRI_EAF:2032|NS-SETOUCHI:H2_DRI_EAF:2038,model_generated_candidate,"Generated from disclosed-path facility calendar, technology set and template contracting assumptions; not a company-announced project"
CAND-DD31BC9714F54E,NIPPON_STEEL_JP,Nippon Steel,P1,지연·현물조달,PORT-11E9ABA45603,DISCLOSED_PATH,5,2029,2038,0.372751,0.0,0.627249,0.0,0.0,0.0,0.1,0.0,0.0,373.438975,NS-EAST:H2_DRI_EAF:2034|NS-KANSAI:H2_DRI_EAF:2036|NS-KYUSHU:H2_DRI_EAF:2029|NS-NAGOYA:BF_RELINE:2032|NS-SETOUCHI:BF_RELINE:2038,model_generated_candidate,"Generated from disclosed-path facility calendar, technology set and template contracting assumptions; not a company-announced project"
CAND-DD96E5530FCF01,NIPPON_STEEL_JP,Nippon Steel,P1,지연·현물조달,PORT-523FC992190F,DISCLOSED_PATH,5,2029,2038,0.208226,0.192802,0.598972,0.0,0.0,0.0,0.1,0.0,0.0,410.023933,NS-EAST:BF_RELINE:2034|NS-KANSAI:H2_DRI_EAF:2036|NS-KYUSHU:H2_DRI_EAF:2029|NS-NAGOYA:H2_DRI_EAF:2032|NS-SETOUCHI:SCRAP_EAF:2038,model_generated_candidate,"Generated from disclosed-path facility calendar, technology set and template contracting assumptions; not a company-announced project"
CAND-DDDBFC69D8D300,NIPPON_STEEL_JP,Nippon Steel,P1,지연·현물조달,PORT-DC98E399B19F,DISCLOSED_PATH,5,2029,2038,0.179949,0.449871,0.37018,0.0,0.0,0.0,0.1,0.0,0.0,373.843975,NS-EAST:H2_DRI_EAF:2034|NS-KANSAI:H2_DRI_EAF:2036|NS-KYUSHU:SCRAP_EAF:2029|NS-NAGOYA:BF_RELINE:2032|NS-SETOUCHI:SCRAP_EAF:2038,model_generated_candidate,"Generated from disclosed-path facility calendar, technology set and template contracting assumptions; not a company-announced project"
CAND-DE397B98AC02AB,NIPPON_STEEL_JP,Nippon Steel,P3,균형형 라이트헤지,PORT-674311CC4C19,DISCLOSED_PATH,5,2029,2038,0.161954,0.372751,0.465296,0.0,0.3,0.25,0.35,0.25,0.015,434.153943,NS-EAST:H2_DRI_EAF:2034|NS-KANSAI:BF_RELINE:2036|NS-KYUSHU:H2_DRI_EAF:2029|NS-NAGOYA:SCRAP_EAF:2032|NS-SETOUCHI:SCRAP_EAF:2038,model_generated_candidate,"Generated from disclosed-path facility calendar, technology set and template contracting assumptions; not a company-announced project"
CAND-DE5A7849A96687,NIPPON_STEEL_JP,Nippon Steel,P3,균형형 라이트헤지,PORT-BB5C0AB9899D,DISCLOSED_PATH,5,2029,2038,0.257069,0.192802,0.550129,0.0,0.3,0.25,0.35,0.25,0.015,312.103944,NS-EAST:H2_DRI_EAF:2034|NS-KANSAI:H2_DRI_EAF:2036|NS-KYUSHU:BF_RELINE:2029|NS-NAGOYA:H2_DRI_EAF:2032|NS-SETOUCHI:SCRAP_EAF:2038,model_generated_candidate,"Generated from disclosed-path facility calendar, technology set and template contracting assumptions; not a company-announced project"
CAND-DEF9CECA01EC28,NIPPON_STEEL_JP,Nippon Steel,P5,조기 계약형 전환,PORT-FE782E3DCCE9,DISCLOSED_PATH,5,2028,2037,0.0,0.0,1.0,0.0,0.7,0.65,0.65,0.6,0.025,566.168941,NS-EAST:H2_DRI_EAF:2033|NS-KANSAI:H2_DRI_EAF:2035|NS-KYUSHU:H2_DRI_EAF:2028|NS-NAGOYA:H2_DRI_EAF:2031|NS-SETOUCHI:H2_DRI_EAF:2037,model_generated_candidate,"Generated from disclosed-path facility calendar, technology set and template contracting assumptions; not a company-announced project"
CAND-DFDF81E231C708,NIPPON_STEEL_JP,Nippon Steel,P1,지연·현물조달,PORT-FA8F3CAC77FA,DISCLOSED_PATH,5,2029,2038,0.465296,0.341902,0.192802,0.0,0.0,0.0,0.1,0.0,0.0,210.198937,NS-EAST:BF_RELINE:2034|NS-KANSAI:SCRAP_EAF:2036|NS-KYUSHU:BF_RELINE:2029|NS-NAGOYA:SCRAP_EAF:2032|NS-SETOUCHI:H2_DRI_EAF:2038,model_generated_candidate,"Generated from disclosed-path facility calendar, technology set and template contracting assumptions; not a company-announced project"
CAND-E21C830A365AE4,NIPPON_STEEL_JP,Nippon Steel,P4,균형형 전환,PORT-0A4F2D1AAC52,DISCLOSED_PATH,5,2028,2037,0.401028,0.0,0.598972,0.0,0.5,0.45,0.5,0.4,0.02,425.408928,NS-EAST:BF_RELINE:2033|NS-KANSAI:H2_DRI_EAF:2035|NS-KYUSHU:H2_DRI_EAF:2028|NS-NAGOYA:H2_DRI_EAF:2031|NS-SETOUCHI:BF_RELINE:2037,model_generated_candidate,"Generated from disclosed-path facility calendar, technology set and template contracting assumptions; not a company-announced project"
CAND-E2F5A6960B799D,NIPPON_STEEL_JP,Nippon Steel,P1,지연·현물조달,PORT-1A4B19920DEE,DISCLOSED_PATH,5,2029,2038,0.179949,0.192802,0.627249,0.0,0.0,0.0,0.1,0.0,0.0,400.843975,NS-EAST:H2_DRI_EAF:2034|NS-KANSAI:H2_DRI_EAF:2036|NS-KYUSHU:H2_DRI_EAF:2029|NS-NAGOYA:BF_RELINE:2032|NS-SETOUCHI:SCRAP_EAF:2038,model_generated_candidate,"Generated from disclosed-path facility calendar, technology set and template contracting assumptions; not a company-announced project"
CAND-E305EEE782C913,NIPPON_STEEL_JP,Nippon Steel,P1,지연·현물조달,PORT-A38E7AB93504,DISCLOSED_PATH,5,2029,2038,0.208226,0.437018,0.354756,0.0,0.0,0.0,0.1,0.0,0.0,373.798938,NS-EAST:BF_RELINE:2034|NS-KANSAI:H2_DRI_EAF:2036|NS-KYUSHU:SCRAP_EAF:2029|NS-NAGOYA:SCRAP_EAF:2032|NS-SETOUCHI:H2_DRI_EAF:2038,model_generated_candidate,"Generated from disclosed-path facility calendar, technology set and template contracting assumptions; not a company-announced project"
CAND-E33C2F0DC842E7,NIPPON_STEEL_JP,Nippon Steel,P3,균형형 라이트헤지,PORT-E3577CB0E245,DISCLOSED_PATH,5,2029,2038,0.598972,0.0,0.401028,0.0,0.3,0.25,0.35,0.25,0.015,174.368969,NS-EAST:H2_DRI_EAF:2034|NS-KANSAI:BF_RELINE:2036|NS-KYUSHU:BF_RELINE:2029|NS-NAGOYA:BF_RELINE:2032|NS-SETOUCHI:H2_DRI_EAF:2038,model_generated_candidate,"Generated from disclosed-path facility calendar, technology set and template contracting assumptions; not a company-announced project"
CAND-E3495A4CA01528,NIPPON_STEEL_JP,Nippon Steel,P1,지연·현물조달,PORT-7C3E7675F8C1,DISCLOSED_PATH,5,2029,2038,0.0,0.388175,0.611825,0.0,0.0,0.0,0.1,0.0,0.0,473.878947,NS-EAST:SCRAP_EAF:2034|NS-KANSAI:H2_DRI_EAF:2036|NS-KYUSHU:H2_DRI_EAF:2029|NS-NAGOYA:SCRAP_EAF:2032|NS-SETOUCHI:H2_DRI_EAF:2038,model_generated_candidate,"Generated from disclosed-path facility calendar, technology set and template contracting assumptions; not a company-announced project"
CAND-E4663FE3C9ECC2,NIPPON_STEEL_JP,Nippon Steel,P2,지연·부분헤지,PORT-FBD236D8DF23,DISCLOSED_PATH,5,2029,2038,0.179949,0.208226,0.611825,0.0,0.15,0.1,0.2,0.1,0.01,392.968973,NS-EAST:SCRAP_EAF:2034|NS-KANSAI:H2_DRI_EAF:2036|NS-KYUSHU:H2_DRI_EAF:2029|NS-NAGOYA:BF_RELINE:2032|NS-SETOUCHI:H2_DRI_EAF:2038,model_generated_candidate,"Generated from disclosed-path facility calendar, technology set and template contracting assumptions; not a company-announced project"
CAND-E49F4FE9C884CE,NIPPON_STEEL_JP,Nippon Steel,P4,균형형 전환,PORT-1DB2DF852C68,DISCLOSED_PATH,5,2028,2037,0.0,0.341902,0.658098,0.0,0.5,0.45,0.5,0.4,0.02,542.268945,NS-EAST:H2_DRI_EAF:2033|NS-KANSAI:SCRAP_EAF:2035|NS-KYUSHU:H2_DRI_EAF:2028|NS-NAGOYA:SCRAP_EAF:2031|NS-SETOUCHI:H2_DRI_EAF:2037,model_generated_candidate,"Generated from disclosed-path facility calendar, technology set and template contracting assumptions; not a company-announced project"
CAND-E4B395B30BE83D,NIPPON_STEEL_JP,Nippon Steel,P1,지연·현물조달,PORT-E014E041276B,DISCLOSED_PATH,5,2029,2038,0.161954,0.401028,0.437018,0.0,0.0,0.0,0.1,0.0,0.0,435.503937,NS-EAST:SCRAP_EAF:2034|NS-KANSAI:BF_RELINE:2036|NS-KYUSHU:H2_DRI_EAF:2029|NS-NAGOYA:H2_DRI_EAF:2032|NS-SETOUCHI:SCRAP_EAF:2038,model_generated_candidate,"Generated from disclosed-path facility calendar, technology set and template contracting assumptions; not a company-announced project"
CAND-E51140240B04DC,NIPPON_STEEL_JP,Nippon Steel,P2,지연·부분헤지,PORT-A2A3E35D3296,DISCLOSED_PATH,5,2029,2038,0.0,0.341902,0.658098,0.0,0.15,0.1,0.2,0.1,0.01,479.478948,NS-EAST:H2_DRI_EAF:2034|NS-KANSAI:SCRAP_EAF:2036|NS-KYUSHU:H2_DRI_EAF:2029|NS-NAGOYA:SCRAP_EAF:2032|NS-SETOUCHI:H2_DRI_EAF:2038,model_generated_candidate,"Generated from disclosed-path facility calendar, technology set and template contracting assumptions; not a company-announced project"
CAND-E55AC281B1F244,NIPPON_STEEL_JP,Nippon Steel,P2,지연·부분헤지,PORT-FFC501C9F3BC,DISCLOSED_PATH,5,2029,2038,0.0,0.179949,0.820051,0.0,0.15,0.1,0.2,0.1,0.01,486.478949,NS-EAST:H2_DRI_EAF:2034|NS-KANSAI:H2_DRI_EAF:2036|NS-KYUSHU:H2_DRI_EAF:2029|NS-NAGOYA:SCRAP_EAF:2032|NS-SETOUCHI:H2_DRI_EAF:2038,model_generated_candidate,"Generated from disclosed-path facility calendar, technology set and template contracting assumptions; not a company-announced project"
CAND-E5928F5B86E86C,NIPPON_STEEL_JP,Nippon Steel,P3,균형형 라이트헤지,PORT-060F7B7B1610,DISCLOSED_PATH,5,2029,2038,0.465296,0.0,0.534704,0.0,0.3,0.25,0.35,0.25,0.015,231.148933,NS-EAST:BF_RELINE:2034|NS-KANSAI:H2_DRI_EAF:2036|NS-KYUSHU:BF_RELINE:2029|NS-NAGOYA:H2_DRI_EAF:2032|NS-SETOUCHI:H2_DRI_EAF:2038,model_generated_candidate,"Generated from disclosed-path facility calendar, technology set and template contracting assumptions; not a company-announced project"
CAND-E5CF9B23075519,NIPPON_STEEL_JP,Nippon Steel,P3,균형형 라이트헤지,PORT-D7554D828762,DISCLOSED_PATH,5,2029,2038,0.37018,0.0,0.62982,0.0,0.3,0.25,0.35,0.25,0.015,367.148927,NS-EAST:BF_RELINE:2034|NS-KANSAI:BF_RELINE:2036|NS-KYUSHU:H2_DRI_EAF:2029|NS-NAGOYA:H2_DRI_EAF:2032|NS-SETOUCHI:H2_DRI_EAF:2038,model_generated_candidate,"Generated from disclosed-path facility calendar, technology set and template contracting assumptions; not a company-announced project"
CAND-E5E27EFCCA1223,NIPPON_STEEL_JP,Nippon Steel,P5,조기 계약형 전환,PORT-40EDEEC77DD5,DISCLOSED_PATH,5,2028,2037,0.161954,0.0,0.838046,0.0,0.7,0.65,0.65,0.6,0.025,509.048934,NS-EAST:H2_DRI_EAF:2033|NS-KANSAI:BF_RELINE:2035|NS-KYUSHU:H2_DRI_EAF:2028|NS-NAGOYA:H2_DRI_EAF:2031|NS-SETOUCHI:H2_DRI_EAF:2037,model_generated_candidate,"Generated from disclosed-path facility calendar, technology set and template contracting assumptions; not a company-announced project"
CAND-E5E8CDD04581DB,NIPPON_STEEL_JP,Nippon Steel,P1,지연·현물조달,PORT-D71AD7929180,DISCLOSED_PATH,5,2029,2038,0.372751,0.161954,0.465296,0.0,0.0,0.0,0.1,0.0,0.0,366.438974,NS-EAST:H2_DRI_EAF:2034|NS-KANSAI:SCRAP_EAF:2036|NS-KYUSHU:H2_DRI_EAF:2029|NS-NAGOYA:BF_RELINE:2032|NS-SETOUCHI:BF_RELINE:2038,model_generated_candidate,"Generated from disclosed-path facility calendar, technology set and template contracting assumptions; not a company-announced project"
CAND-E5F67C1DAF70E2,NIPPON_STEEL_JP,Nippon Steel,P3,균형형 라이트헤지,PORT-1DC8D35FFDC5,DISCLOSED_PATH,5,2029,2038,0.0,0.161954,0.838046,0.0,0.3,0.25,0.35,0.25,0.015,493.428943,NS-EAST:H2_DRI_EAF:2034|NS-KANSAI:SCRAP_EAF:2036|NS-KYUSHU:H2_DRI_EAF:2029|NS-NAGOYA:H2_DRI_EAF:2032|NS-SETOUCHI:H2_DRI_EAF:2038,model_generated_candidate,"Generated from disclosed-path facility calendar, technology set and template contracting assumptions; not a company-announced project"
CAND-E63CD88A4E2A9B,NIPPON_STEEL_JP,Nippon Steel,P1,지연·현물조달,PORT-D248600EA55E,DISCLOSED_PATH,5,2029,2038,0.257069,0.179949,0.562982,0.0,0.0,0.0,0.1,0.0,0.0,302.878949,NS-EAST:H2_DRI_EAF:2034|NS-KANSAI:H2_DRI_EAF:2036|NS-KYUSHU:BF_RELINE:2029|NS-NAGOYA:SCRAP_EAF:2032|NS-SETOUCHI:H2_DRI_EAF:2038,model_generated_candidate,"Generated from disclosed-path facility calendar, technology set and template contracting assumptions; not a company-announced project"
CAND-E6E6E810AB390A,NIPPON_STEEL_JP,Nippon Steel,P1,지연·현물조달,PORT-20A3A9F442CD,DISCLOSED_PATH,5,2029,2038,0.401028,0.437018,0.161954,0.0,0.0,0.0,0.1,0.0,0.0,341.668938,NS-EAST:BF_RELINE:2034|NS-KANSAI:H2_DRI_EAF:2036|NS-KYUSHU:SCRAP_EAF:2029|NS-NAGOYA:SCRAP_EAF:2032|NS-SETOUCHI:BF_RELINE:2038,model_generated_candidate,"Generated from disclosed-path facility calendar, technology set and template contracting assumptions; not a company-announced project"
CAND-E6F12FE03FE43A,NIPPON_STEEL_JP,Nippon Steel,P1,지연·현물조달,PORT-B45DBE81353D,DISCLOSED_PATH,5,2029,2038,0.437018,0.37018,0.192802,0.0,0.0,0.0,0.1,0.0,0.0,202.368972,NS-EAST:SCRAP_EAF:2034|NS-KANSAI:SCRAP_EAF:2036|NS-KYUSHU:BF_RELINE:2029|NS-NAGOYA:BF_RELINE:2032|NS-SETOUCHI:H2_DRI_EAF:2038,model_generated_candidate,"Generated from disclosed-path facility calendar, technology set and template contracting assumptions; not a company-announced project"
CAND-E760932E023CF7,NIPPON_STEEL_JP,Nippon Steel,P2,지연·부분헤지,PORT-D7554D828762,DISCLOSED_PATH,5,2029,2038,0.37018,0.0,0.62982,0.0,0.15,0.1,0.2,0.1,0.01,367.148927,NS-EAST:BF_RELINE:2034|NS-KANSAI:BF_RELINE:2036|NS-KYUSHU:H2_DRI_EAF:2029|NS-NAGOYA:H2_DRI_EAF:2032|NS-SETOUCHI:H2_DRI_EAF:2038,model_generated_candidate,"Generated from disclosed-path facility calendar, technology set and template contracting assumptions; not a company-announced project"
CAND-E7BFFBF5641997,NIPPON_STEEL_JP,Nippon Steel,P3,균형형 라이트헤지,PORT-872DBBAC9225,DISCLOSED_PATH,5,2029,2038,0.562982,0.0,0.437018,0.0,0.3,0.25,0.35,0.25,0.015,335.018927,NS-EAST:BF_RELINE:2034|NS-KANSAI:BF_RELINE:2036|NS-KYUSHU:H2_DRI_EAF:2029|NS-NAGOYA:H2_DRI_EAF:2032|NS-SETOUCHI:BF_RELINE:2038,model_generated_candidate,"Generated from disclosed-path facility calendar, technology set and template contracting assumptions; not a company-announced project"
CAND-E7F16C2C0D593E,NIPPON_STEEL_JP,Nippon Steel,P3,균형형 라이트헤지,PORT-FFC501C9F3BC,DISCLOSED_PATH,5,2029,2038,0.0,0.179949,0.820051,0.0,0.3,0.25,0.35,0.25,0.015,486.478949,NS-EAST:H2_DRI_EAF:2034|NS-KANSAI:H2_DRI_EAF:2036|NS-KYUSHU:H2_DRI_EAF:2029|NS-NAGOYA:SCRAP_EAF:2032|NS-SETOUCHI:H2_DRI_EAF:2038,model_generated_candidate,"Generated from disclosed-path facility calendar, technology set and template contracting assumptions; not a company-announced project"
CAND-E7FD258BF6CA59,NIPPON_STEEL_JP,Nippon Steel,P2,지연·부분헤지,PORT-8C7EDF2A8213,DISCLOSED_PATH,5,2029,2038,0.161954,0.388175,0.449871,0.0,0.15,0.1,0.2,0.1,0.01,426.278941,NS-EAST:SCRAP_EAF:2034|NS-KANSAI:BF_RELINE:2036|NS-KYUSHU:H2_DRI_EAF:2029|NS-NAGOYA:SCRAP_EAF:2032|NS-SETOUCHI:H2_DRI_EAF:2038,model_generated_candidate,"Generated from disclosed-path facility calendar, technology set and template contracting assumptions; not a company-announced project"
CAND-E889C7DF8CAF28,NIPPON_STEEL_JP,Nippon Steel,P3,균형형 라이트헤지,PORT-80CDBDD324C3,DISCLOSED_PATH,5,2029,2038,0.580977,0.0,0.419023,0.0,0.3,0.25,0.35,0.25,0.015,287.758964,NS-EAST:BF_RELINE:2034|NS-KANSAI:H2_DRI_EAF:2036|NS-KYUSHU:H2_DRI_EAF:2029|NS-NAGOYA:BF_RELINE:2032|NS-SETOUCHI:BF_RELINE:2038,model_generated_candidate,"Generated from disclosed-path facility calendar, technology set and template contracting assumptions; not a company-announced project"
CAND-E89A9ADA28E05C,NIPPON_STEEL_JP,Nippon Steel,P3,균형형 라이트헤지,PORT-9037F7D829FB,DISCLOSED_PATH,5,2029,2038,0.437018,0.0,0.562982,0.0,0.3,0.25,0.35,0.25,0.015,221.968975,NS-EAST:H2_DRI_EAF:2034|NS-KANSAI:H2_DRI_EAF:2036|NS-KYUSHU:BF_RELINE:2029|NS-NAGOYA:BF_RELINE:2032|NS-SETOUCHI:H2_DRI_EAF:2038,model_generated_candidate,"Generated from disclosed-path facility calendar, technology set and template contracting assumptions; not a company-announced project"
CAND-E89F56F04ED742,NIPPON_STEEL_JP,Nippon Steel,P3,균형형 라이트헤지,PORT-7C3E7675F8C1,DISCLOSED_PATH,5,2029,2038,0.0,0.388175,0.611825,0.0,0.3,0.25,0.35,0.25,0.015,473.878947,NS-EAST:SCRAP_EAF:2034|NS-KANSAI:H2_DRI_EAF:2036|NS-KYUSHU:H2_DRI_EAF:2029|NS-NAGOYA:SCRAP_EAF:2032|NS-SETOUCHI:H2_DRI_EAF:2038,model_generated_candidate,"Generated from disclosed-path facility calendar, technology set and template contracting assumptions; not a company-announced project"
CAND-E99CD205B6FD4B,NIPPON_STEEL_JP,Nippon Steel,P4,균형형 전환,PORT-2ED3D5EC6B3F,DISCLOSED_PATH,5,2028,2037,0.192802,0.161954,0.645244,0.0,0.5,0.45,0.5,0.4,0.02,514.92894,NS-EAST:H2_DRI_EAF:2033|NS-KANSAI:SCRAP_EAF:2035|NS-KYUSHU:H2_DRI_EAF:2028|NS-NAGOYA:H2_DRI_EAF:2031|NS-SETOUCHI:BF_RELINE:2037,model_generated_candidate,"Generated from disclosed-path facility calendar, technology set and template contracting assumptions; not a company-announced project"
CAND-E9FAC19F984049,NIPPON_STEEL_JP,Nippon Steel,P1,지연·현물조달,PORT-AA17EC0396DF,DISCLOSED_PATH,5,2029,2038,0.161954,0.437018,0.401028,0.0,0.0,0.0,0.1,0.0,0.0,411.878943,NS-EAST:H2_DRI_EAF:2034|NS-KANSAI:BF_RELINE:2036|NS-KYUSHU:SCRAP_EAF:2029|NS-NAGOYA:SCRAP_EAF:2032|NS-SETOUCHI:H2_DRI_EAF:2038,model_generated_candidate,"Generated from disclosed-path facility calendar, technology set and template contracting assumptions; not a company-announced project"
CAND-EA8683A770E2E2,NIPPON_STEEL_JP,Nippon Steel,P4,균형형 전환,PORT-40EDEEC77DD5,DISCLOSED_PATH,5,2028,2037,0.161954,0.0,0.838046,0.0,0.5,0.45,0.5,0.4,0.02,509.048934,NS-EAST:H2_DRI_EAF:2033|NS-KANSAI:BF_RELINE:2035|NS-KYUSHU:H2_DRI_EAF:2028|NS-NAGOYA:H2_DRI_EAF:2031|NS-SETOUCHI:H2_DRI_EAF:2037,model_generated_candidate,"Generated from disclosed-path facility calendar, technology set and template contracting assumptions; not a company-announced project"
CAND-EAC24E3246F1BE,NIPPON_STEEL_JP,Nippon Steel,P1,지연·현물조달,PORT-238A2183FB78,DISCLOSED_PATH,5,2029,2038,0.449871,0.0,0.550129,0.0,0.0,0.0,0.1,0.0,0.0,284.698944,NS-EAST:H2_DRI_EAF:2034|NS-KANSAI:H2_DRI_EAF:2036|NS-KYUSHU:BF_RELINE:2029|NS-NAGOYA:H2_DRI_EAF:2032|NS-SETOUCHI:BF_RELINE:2038,model_generated_candidate,"Generated from disclosed-path facility calendar, technology set and template contracting assumptions; not a company-announced project"
CAND-EAE48692E3502C,NIPPON_STEEL_JP,Nippon Steel,P3,균형형 라이트헤지,PORT-3F83257DA03C,DISCLOSED_PATH,5,2029,2038,0.161954,0.192802,0.645244,0.0,0.3,0.25,0.35,0.25,0.015,448.103938,NS-EAST:H2_DRI_EAF:2034|NS-KANSAI:BF_RELINE:2036|NS-KYUSHU:H2_DRI_EAF:2029|NS-NAGOYA:H2_DRI_EAF:2032|NS-SETOUCHI:SCRAP_EAF:2038,model_generated_candidate,"Generated from disclosed-path facility calendar, technology set and template contracting assumptions; not a company-announced project"
CAND-EB82641A441550,NIPPON_STEEL_JP,Nippon Steel,P2,지연·부분헤지,PORT-F7D0A7E47A59,DISCLOSED_PATH,5,2029,2038,0.161954,0.179949,0.658098,0.0,0.15,0.1,0.2,0.1,0.01,438.878943,NS-EAST:H2_DRI_EAF:2034|NS-KANSAI:BF_RELINE:2036|NS-KYUSHU:H2_DRI_EAF:2029|NS-NAGOYA:SCRAP_EAF:2032|NS-SETOUCHI:H2_DRI_EAF:2038,model_generated_candidate,"Generated from disclosed-path facility calendar, technology set and template contracting assumptions; not a company-announced project"
CAND-EBD30C485CEFDA,NIPPON_STEEL_JP,Nippon Steel,P2,지연·부분헤지,PORT-9E76B3BFF9FF,DISCLOSED_PATH,5,2029,2038,0.0,0.658098,0.341902,0.0,0.15,0.1,0.2,0.1,0.01,456.103943,NS-EAST:SCRAP_EAF:2034|NS-KANSAI:H2_DRI_EAF:2036|NS-KYUSHU:SCRAP_EAF:2029|NS-NAGOYA:H2_DRI_EAF:2032|NS-SETOUCHI:SCRAP_EAF:2038,model_generated_candidate,"Generated from disclosed-path facility calendar, technology set and template contracting assumptions; not a company-announced project"
CAND-EBEE2C9D424D58,NIPPON_STEEL_JP,Nippon Steel,P1,지연·현물조달,PORT-41756371AE05,DISCLOSED_PATH,5,2029,2038,0.161954,0.449871,0.388175,0.0,0.0,0.0,0.1,0.0,0.0,421.103938,NS-EAST:H2_DRI_EAF:2034|NS-KANSAI:BF_RELINE:2036|NS-KYUSHU:SCRAP_EAF:2029|NS-NAGOYA:H2_DRI_EAF:2032|NS-SETOUCHI:SCRAP_EAF:2038,model_generated_candidate,"Generated from disclosed-path facility calendar, technology set and template contracting assumptions; not a company-announced project"
CAND-EBFD77804A64A5,NIPPON_STEEL_JP,Nippon Steel,P3,균형형 라이트헤지,PORT-7CA9F3BA0776,DISCLOSED_PATH,5,2029,2038,0.0,0.257069,0.742931,0.0,0.3,0.25,0.35,0.25,0.015,473.428944,NS-EAST:H2_DRI_EAF:2034|NS-KANSAI:H2_DRI_EAF:2036|NS-KYUSHU:SCRAP_EAF:2029|NS-NAGOYA:H2_DRI_EAF:2032|NS-SETOUCHI:H2_DRI_EAF:2038,model_generated_candidate,"Generated from disclosed-path facility calendar, technology set and template contracting assumptions; not a company-announced project"
CAND-EC3FE6DDFC2D5E,NIPPON_STEEL_JP,Nippon Steel,P1,지연·현물조달,PORT-4A6E9A9D1D39,DISCLOSED_PATH,5,2029,2038,0.179949,0.820051,0.0,0.0,0.0,0.0,0.1,0.0,0.0,354.243972,NS-EAST:SCRAP_EAF:2034|NS-KANSAI:SCRAP_EAF:2036|NS-KYUSHU:SCRAP_EAF:2029|NS-NAGOYA:BF_RELINE:2032|NS-SETOUCHI:SCRAP_EAF:2038,model_generated_candidate,"Generated from disclosed-path facility calendar, technology set and template contracting assumptions; not a company-announced project"
CAND-ECDE521D21A461,NIPPON_STEEL_JP,Nippon Steel,P2,지연·부분헤지,PORT-C3B77CB55FA1,DISCLOSED_PATH,5,2029,2038,0.192802,0.257069,0.550129,0.0,0.15,0.1,0.2,0.1,0.01,441.298944,NS-EAST:H2_DRI_EAF:2034|NS-KANSAI:H2_DRI_EAF:2036|NS-KYUSHU:SCRAP_EAF:2029|NS-NAGOYA:H2_DRI_EAF:2032|NS-SETOUCHI:BF_RELINE:2038,model_generated_candidate,"Generated from disclosed-path facility calendar, technology set and template contracting assumptions; not a company-announced project"
CAND-EDAD2E54C6CCC3,NIPPON_STEEL_JP,Nippon Steel,P4,균형형 전환,PORT-0234FB14C0F3,DISCLOSED_PATH,5,2028,2037,0.179949,0.192802,0.627249,0.0,0.5,0.45,0.5,0.4,0.02,454.468975,NS-EAST:H2_DRI_EAF:2033|NS-KANSAI:H2_DRI_EAF:2035|NS-KYUSHU:H2_DRI_EAF:2028|NS-NAGOYA:BF_RELINE:2031|NS-SETOUCHI:SCRAP_EAF:2037,model_generated_candidate,"Generated from disclosed-path facility calendar, technology set and template contracting assumptions; not a company-announced project"
CAND-EDF199D553E939,NIPPON_STEEL_JP,Nippon Steel,P2,지연·부분헤지,PORT-5ADA91EDF97F,DISCLOSED_PATH,5,2029,2038,0.419023,0.208226,0.372751,0.0,0.15,0.1,0.2,0.1,0.01,256.628937,NS-EAST:SCRAP_EAF:2034|NS-KANSAI:BF_RELINE:2036|NS-KYUSHU:BF_RELINE:2029|NS-NAGOYA:H2_DRI_EAF:2032|NS-SETOUCHI:H2_DRI_EAF:2038,model_generated_candidate,"Generated from disclosed-path facility calendar, technology set and template contracting assumptions; not a company-announced project"
CAND-EEEBBB9E212468,NIPPON_STEEL_JP,Nippon Steel,P2,지연·부분헤지,PORT-7F2E75BEC4B8,DISCLOSED_PATH,5,2029,2038,0.37018,0.372751,0.257069,0.0,0.15,0.1,0.2,0.1,0.01,348.473932,NS-EAST:BF_RELINE:2034|NS-KANSAI:BF_RELINE:2036|NS-KYUSHU:H2_DRI_EAF:2029|NS-NAGOYA:SCRAP_EAF:2032|NS-SETOUCHI:SCRAP_EAF:2038,model_generated_candidate,"Generated from disclosed-path facility calendar, technology set and template contracting assumptions; not a company-announced project"
CAND-EF43A3C642C9B2,NIPPON_STEEL_JP,Nippon Steel,P2,지연·부분헤지,PORT-EF8B17A58845,DISCLOSED_PATH,5,2029,2038,0.161954,0.257069,0.580977,0.0,0.15,0.1,0.2,0.1,0.01,425.828938,NS-EAST:H2_DRI_EAF:2034|NS-KANSAI:BF_RELINE:2036|NS-KYUSHU:SCRAP_EAF:2029|NS-NAGOYA:H2_DRI_EAF:2032|NS-SETOUCHI:H2_DRI_EAF:2038,model_generated_candidate,"Generated from disclosed-path facility calendar, technology set and template contracting assumptions; not a company-announced project"
CAND-EF9F86F64A1C2A,NIPPON_STEEL_JP,Nippon Steel,P3,균형형 라이트헤지,PORT-00B029BF7478,DISCLOSED_PATH,5,2029,2038,0.0,0.437018,0.562982,0.0,0.3,0.25,0.35,0.25,0.015,459.478949,NS-EAST:H2_DRI_EAF:2034|NS-KANSAI:H2_DRI_EAF:2036|NS-KYUSHU:SCRAP_EAF:2029|NS-NAGOYA:SCRAP_EAF:2032|NS-SETOUCHI:H2_DRI_EAF:2038,model_generated_candidate,"Generated from disclosed-path facility calendar, technology set and template contracting assumptions; not a company-announced project"
CAND-F03355E962D887,NIPPON_STEEL_JP,Nippon Steel,P1,지연·현물조달,PORT-9F881B0E6E71,DISCLOSED_PATH,5,2029,2038,0.449871,0.161954,0.388175,0.0,0.0,0.0,0.1,0.0,0.0,277.698943,NS-EAST:H2_DRI_EAF:2034|NS-KANSAI:SCRAP_EAF:2036|NS-KYUSHU:BF_RELINE:2029|NS-NAGOYA:H2_DRI_EAF:2032|NS-SETOUCHI:BF_RELINE:2038,model_generated_candidate,"Generated from disclosed-path facility calendar, technology set and template contracting assumptions; not a company-announced project"
CAND-F0695CE5FEF2E2,NIPPON_STEEL_JP,Nippon Steel,P1,지연·현물조달,PORT-ABD3A701F29B,DISCLOSED_PATH,5,2029,2038,0.449871,0.179949,0.37018,0.0,0.0,0.0,0.1,0.0,0.0,270.748949,NS-EAST:H2_DRI_EAF:2034|NS-KANSAI:H2_DRI_EAF:2036|NS-KYUSHU:BF_RELINE:2029|NS-NAGOYA:SCRAP_EAF:2032|NS-SETOUCHI:BF_RELINE:2038,model_generated_candidate,"Generated from disclosed-path facility calendar, technology set and template contracting assumptions; not a company-announced project"
CAND-F085F72121C355,NIPPON_STEEL_JP,Nippon Steel,P3,균형형 라이트헤지,PORT-1ADC37BD5A8C,DISCLOSED_PATH,5,2029,2038,0.179949,0.419023,0.401028,0.0,0.3,0.25,0.35,0.25,0.015,371.568974,NS-EAST:H2_DRI_EAF:2034|NS-KANSAI:SCRAP_EAF:2036|NS-KYUSHU:SCRAP_EAF:2029|NS-NAGOYA:BF_RELINE:2032|NS-SETOUCHI:H2_DRI_EAF:2038,model_generated_candidate,"Generated from disclosed-path facility calendar, technology set and template contracting assumptions; not a company-announced project"
CAND-F0DA1D16064D3C,NIPPON_STEEL_JP,Nippon Steel,P1,지연·현물조달,PORT-B612393E309B,DISCLOSED_PATH,5,2029,2038,0.449871,0.341902,0.208226,0.0,0.0,0.0,0.1,0.0,0.0,263.748948,NS-EAST:H2_DRI_EAF:2034|NS-KANSAI:SCRAP_EAF:2036|NS-KYUSHU:BF_RELINE:2029|NS-NAGOYA:SCRAP_EAF:2032|NS-SETOUCHI:BF_RELINE:2038,model_generated_candidate,"Generated from disclosed-path facility calendar, technology set and template contracting assumptions; not a company-announced project"
CAND-F15522591E5526,NIPPON_STEEL_JP,Nippon Steel,P3,균형형 라이트헤지,PORT-9D6D0AEF4524,DISCLOSED_PATH,5,2029,2038,0.0,0.372751,0.627249,0.0,0.3,0.25,0.35,0.25,0.015,481.753949,NS-EAST:H2_DRI_EAF:2034|NS-KANSAI:H2_DRI_EAF:2036|NS-KYUSHU:H2_DRI_EAF:2029|NS-NAGOYA:SCRAP_EAF:2032|NS-SETOUCHI:SCRAP_EAF:2038,model_generated_candidate,"Generated from disclosed-path facility calendar, technology set and template contracting assumptions; not a company-announced project"
CAND-F165B74AB4E54E,NIPPON_STEEL_JP,Nippon Steel,P1,지연·현물조달,PORT-1D7419482A7C,DISCLOSED_PATH,5,2029,2038,0.401028,0.0,0.598972,0.0,0.0,0.0,0.1,0.0,0.0,382.618933,NS-EAST:BF_RELINE:2034|NS-KANSAI:H2_DRI_EAF:2036|NS-KYUSHU:H2_DRI_EAF:2029|NS-NAGOYA:H2_DRI_EAF:2032|NS-SETOUCHI:BF_RELINE:2038,model_generated_candidate,"Generated from disclosed-path facility calendar, technology set and template contracting assumptions; not a company-announced project"
CAND-F2A99A042A9470,NIPPON_STEEL_JP,Nippon Steel,P1,지연·현물조달,PORT-17F0017D3D64,DISCLOSED_PATH,5,2029,2038,0.257069,0.0,0.742931,0.0,0.0,0.0,0.1,0.0,0.0,316.828944,NS-EAST:H2_DRI_EAF:2034|NS-KANSAI:H2_DRI_EAF:2036|NS-KYUSHU:BF_RELINE:2029|NS-NAGOYA:H2_DRI_EAF:2032|NS-SETOUCHI:H2_DRI_EAF:2038,model_generated_candidate,"Generated from disclosed-path facility calendar, technology set and template contracting assumptions; not a company-announced project"
CAND-F2C85FD9DBF09F,NIPPON_STEEL_JP,Nippon Steel,P1,지연·현물조달,PORT-A4A46F7A08A6,DISCLOSED_PATH,5,2029,2038,0.192802,0.388175,0.419023,0.0,0.0,0.0,0.1,0.0,0.0,441.748947,NS-EAST:SCRAP_EAF:2034|NS-KANSAI:H2_DRI_EAF:2036|NS-KYUSHU:H2_DRI_EAF:2029|NS-NAGOYA:SCRAP_EAF:2032|NS-SETOUCHI:BF_RELINE:2038,model_generated_candidate,"Generated from disclosed-path facility calendar, technology set and template contracting assumptions; not a company-announced project"
CAND-F34D8ED8861A88,NIPPON_STEEL_JP,Nippon Steel,P1,지연·현물조달,PORT-B837EC1770B6,DISCLOSED_PATH,5,2029,2038,0.627249,0.192802,0.179949,0.0,0.0,0.0,0.1,0.0,0.0,178.823927,NS-EAST:BF_RELINE:2034|NS-KANSAI:BF_RELINE:2036|NS-KYUSHU:BF_RELINE:2029|NS-NAGOYA:H2_DRI_EAF:2032|NS-SETOUCHI:SCRAP_EAF:2038,model_generated_candidate,"Generated from disclosed-path facility calendar, technology set and template contracting assumptions; not a company-announced project"
CAND-F3909595191750,NIPPON_STEEL_JP,Nippon Steel,P2,지연·부분헤지,PORT-265CE4378B75,DISCLOSED_PATH,5,2029,2038,0.0,0.0,1.0,0.0,0.15,0.1,0.2,0.1,0.01,500.428944,NS-EAST:H2_DRI_EAF:2034|NS-KANSAI:H2_DRI_EAF:2036|NS-KYUSHU:H2_DRI_EAF:2029|NS-NAGOYA:H2_DRI_EAF:2032|NS-SETOUCHI:H2_DRI_EAF:2038,model_generated_candidate,"Generated from disclosed-path facility calendar, technology set and template contracting assumptions; not a company-announced project"
CAND-F4730A02D18127,NIPPON_STEEL_JP,Nippon Steel,P1,지연·현물조달,PORT-872DBBAC9225,DISCLOSED_PATH,5,2029,2038,0.562982,0.0,0.437018,0.0,0.0,0.0,0.1,0.0,0.0,335.018927,NS-EAST:BF_RELINE:2034|NS-KANSAI:BF_RELINE:2036|NS-KYUSHU:H2_DRI_EAF:2029|NS-NAGOYA:H2_DRI_EAF:2032|NS-SETOUCHI:BF_RELINE:2038,model_generated_candidate,"Generated from disclosed-path facility calendar, technology set and template contracting assumptions; not a company-announced project"
CAND-F4A409A209287A,NIPPON_STEEL_JP,Nippon Steel,P1,지연·현물조달,PORT-6595376D3E3B,DISCLOSED_PATH,5,2029,2038,0.0,0.37018,0.62982,0.0,0.0,0.0,0.1,0.0,0.0,480.828942,NS-EAST:SCRAP_EAF:2034|NS-KANSAI:SCRAP_EAF:2036|NS-KYUSHU:H2_DRI_EAF:2029|NS-NAGOYA:H2_DRI_EAF:2032|NS-SETOUCHI:H2_DRI_EAF:2038,model_generated_candidate,"Generated from disclosed-path facility calendar, technology set and template contracting assumptions; not a company-announced project"
CAND-F4CBAE57D2715E,NIPPON_STEEL_JP,Nippon Steel,P2,지연·부분헤지,PORT-C7C771297A75,DISCLOSED_PATH,5,2029,2038,0.179949,0.562982,0.257069,0.0,0.15,0.1,0.2,0.1,0.01,381.243972,NS-EAST:SCRAP_EAF:2034|NS-KANSAI:SCRAP_EAF:2036|NS-KYUSHU:H2_DRI_EAF:2029|NS-NAGOYA:BF_RELINE:2032|NS-SETOUCHI:SCRAP_EAF:2038,model_generated_candidate,"Generated from disclosed-path facility calendar, technology set and template contracting assumptions; not a company-announced project"
CAND-F6184286A4322F,NIPPON_STEEL_JP,Nippon Steel,P2,지연·부분헤지,PORT-6742936593A9,DISCLOSED_PATH,5,2029,2038,0.0,0.62982,0.37018,0.0,0.15,0.1,0.2,0.1,0.01,454.753949,NS-EAST:H2_DRI_EAF:2034|NS-KANSAI:H2_DRI_EAF:2036|NS-KYUSHU:SCRAP_EAF:2029|NS-NAGOYA:SCRAP_EAF:2032|NS-SETOUCHI:SCRAP_EAF:2038,model_generated_candidate,"Generated from disclosed-path facility calendar, technology set and template contracting assumptions; not a company-announced project"
CAND-F6EE283DA57898,NIPPON_STEEL_JP,Nippon Steel,P1,지연·현물조달,PORT-C8F6A070F6D3,DISCLOSED_PATH,5,2029,2038,0.257069,0.354756,0.388175,0.0,0.0,0.0,0.1,0.0,0.0,305.103943,NS-EAST:H2_DRI_EAF:2034|NS-KANSAI:SCRAP_EAF:2036|NS-KYUSHU:BF_RELINE:2029|NS-NAGOYA:H2_DRI_EAF:2032|NS-SETOUCHI:SCRAP_EAF:2038,model_generated_candidate,"Generated from disclosed-path facility calendar, technology set and template contracting assumptions; not a company-announced project"
CAND-F7667943C768AB,NIPPON_STEEL_JP,Nippon Steel,P2,지연·부분헤지,PORT-4B5687E526DA,DISCLOSED_PATH,5,2029,2038,0.465296,0.161954,0.372751,0.0,0.15,0.1,0.2,0.1,0.01,224.148932,NS-EAST:BF_RELINE:2034|NS-KANSAI:SCRAP_EAF:2036|NS-KYUSHU:BF_RELINE:2029|NS-NAGOYA:H2_DRI_EAF:2032|NS-SETOUCHI:H2_DRI_EAF:2038,model_generated_candidate,"Generated from disclosed-path facility calendar, technology set and template contracting assumptions; not a company-announced project"
CAND-F8B8AA7A9698E5,NIPPON_STEEL_JP,Nippon Steel,P2,지연·부분헤지,PORT-EB022BB10102,DISCLOSED_PATH,5,2029,2038,0.449871,0.208226,0.341902,0.0,0.15,0.1,0.2,0.1,0.01,272.098943,NS-EAST:SCRAP_EAF:2034|NS-KANSAI:H2_DRI_EAF:2036|NS-KYUSHU:BF_RELINE:2029|NS-NAGOYA:H2_DRI_EAF:2032|NS-SETOUCHI:BF_RELINE:2038,model_generated_candidate,"Generated from disclosed-path facility calendar, technology set and template contracting assumptions; not a company-announced project"
CAND-F91D2F869F5EC9,NIPPON_STEEL_JP,Nippon Steel,P1,지연·현물조달,PORT-052CDA750153,DISCLOSED_PATH,5,2029,2038,0.179949,0.627249,0.192802,0.0,0.0,0.0,0.1,0.0,0.0,358.968972,NS-EAST:SCRAP_EAF:2034|NS-KANSAI:SCRAP_EAF:2036|NS-KYUSHU:SCRAP_EAF:2029|NS-NAGOYA:BF_RELINE:2032|NS-SETOUCHI:H2_DRI_EAF:2038,model_generated_candidate,"Generated from disclosed-path facility calendar, technology set and template contracting assumptions; not a company-announced project"
CAND-F92DB709134AB4,NIPPON_STEEL_JP,Nippon Steel,P1,지연·현물조달,PORT-020443F9C0DC,DISCLOSED_PATH,5,2029,2038,0.388175,0.419023,0.192802,0.0,0.0,0.0,0.1,0.0,0.0,285.888963,NS-EAST:BF_RELINE:2034|NS-KANSAI:SCRAP_EAF:2036|NS-KYUSHU:SCRAP_EAF:2029|NS-NAGOYA:BF_RELINE:2032|NS-SETOUCHI:H2_DRI_EAF:2038,model_generated_candidate,"Generated from disclosed-path facility calendar, technology set and template contracting assumptions; not a company-announced project"
CAND-F940A5016FE44E,NIPPON_STEEL_JP,Nippon Steel,P1,지연·현물조달,PORT-00B029BF7478,DISCLOSED_PATH,5,2029,2038,0.0,0.437018,0.562982,0.0,0.0,0.0,0.1,0.0,0.0,459.478949,NS-EAST:H2_DRI_EAF:2034|NS-KANSAI:H2_DRI_EAF:2036|NS-KYUSHU:SCRAP_EAF:2029|NS-NAGOYA:SCRAP_EAF:2032|NS-SETOUCHI:H2_DRI_EAF:2038,model_generated_candidate,"Generated from disclosed-path facility calendar, technology set and template contracting assumptions; not a company-announced project"
CAND-F9BD6D8F213EEB,NIPPON_STEEL_JP,Nippon Steel,P1,지연·현물조달,PORT-4C7510EE3869,DISCLOSED_PATH,5,2029,2038,0.449871,0.388175,0.161954,0.0,0.0,0.0,0.1,0.0,0.0,258.148947,NS-EAST:SCRAP_EAF:2034|NS-KANSAI:H2_DRI_EAF:2036|NS-KYUSHU:BF_RELINE:2029|NS-NAGOYA:SCRAP_EAF:2032|NS-SETOUCHI:BF_RELINE:2038,model_generated_candidate,"Generated from disclosed-path facility calendar, technology set and template contracting assumptions; not a company-announced project"
CAND-F9ECC83E7D64BB,NIPPON_STEEL_JP,Nippon Steel,P4,균형형 전환,PORT-348643D18288,DISCLOSED_PATH,5,2028,2037,0.354756,0.0,0.645244,0.0,0.5,0.45,0.5,0.4,0.02,466.208934,NS-EAST:H2_DRI_EAF:2033|NS-KANSAI:BF_RELINE:2035|NS-KYUSHU:H2_DRI_EAF:2028|NS-NAGOYA:H2_DRI_EAF:2031|NS-SETOUCHI:BF_RELINE:2037,model_generated_candidate,"Generated from disclosed-path facility calendar, technology set and template contracting assumptions; not a company-announced project"
CAND-FA1A337F68C0FA,NIPPON_STEEL_JP,Nippon Steel,P2,지연·부분헤지,PORT-BB5C0AB9899D,DISCLOSED_PATH,5,2029,2038,0.257069,0.192802,0.550129,0.0,0.15,0.1,0.2,0.1,0.01,312.103944,NS-EAST:H2_DRI_EAF:2034|NS-KANSAI:H2_DRI_EAF:2036|NS-KYUSHU:BF_RELINE:2029|NS-NAGOYA:H2_DRI_EAF:2032|NS-SETOUCHI:SCRAP_EAF:2038,model_generated_candidate,"Generated from disclosed-path facility calendar, technology set and template contracting assumptions; not a company-announced project"
CAND-FA301BC90085AC,NIPPON_STEEL_JP,Nippon Steel,P3,균형형 라이트헤지,PORT-A4A46F7A08A6,DISCLOSED_PATH,5,2029,2038,0.192802,0.388175,0.419023,0.0,0.3,0.25,0.35,0.25,0.015,441.748947,NS-EAST:SCRAP_EAF:2034|NS-KANSAI:H2_DRI_EAF:2036|NS-KYUSHU:H2_DRI_EAF:2029|NS-NAGOYA:SCRAP_EAF:2032|NS-SETOUCHI:BF_RELINE:2038,model_generated_candidate,"Generated from disclosed-path facility calendar, technology set and template contracting assumptions; not a company-announced project"
CAND-FA4A035E0DE0CE,NIPPON_STEEL_JP,Nippon Steel,P2,지연·부분헤지,PORT-9037F7D829FB,DISCLOSED_PATH,5,2029,2038,0.437018,0.0,0.562982,0.0,0.15,0.1,0.2,0.1,0.01,221.968975,NS-EAST:H2_DRI_EAF:2034|NS-KANSAI:H2_DRI_EAF:2036|NS-KYUSHU:BF_RELINE:2029|NS-NAGOYA:BF_RELINE:2032|NS-SETOUCHI:H2_DRI_EAF:2038,model_generated_candidate,"Generated from disclosed-path facility calendar, technology set and template contracting assumptions; not a company-announced project"
CAND-FB4B44F649A270,NIPPON_STEEL_JP,Nippon Steel,P2,지연·부분헤지,PORT-921D4BD7C0AA,DISCLOSED_PATH,5,2029,2038,0.388175,0.161954,0.449871,0.0,0.15,0.1,0.2,0.1,0.01,312.888963,NS-EAST:BF_RELINE:2034|NS-KANSAI:SCRAP_EAF:2036|NS-KYUSHU:H2_DRI_EAF:2029|NS-NAGOYA:BF_RELINE:2032|NS-SETOUCHI:H2_DRI_EAF:2038,model_generated_candidate,"Generated from disclosed-path facility calendar, technology set and template contracting assumptions; not a company-announced project"
CAND-FB90377EA9C2A3,NIPPON_STEEL_JP,Nippon Steel,P3,균형형 라이트헤지,PORT-C0F53F28CCD9,DISCLOSED_PATH,5,2029,2038,0.437018,0.161954,0.401028,0.0,0.3,0.25,0.35,0.25,0.015,214.968974,NS-EAST:H2_DRI_EAF:2034|NS-KANSAI:SCRAP_EAF:2036|NS-KYUSHU:BF_RELINE:2029|NS-NAGOYA:BF_RELINE:2032|NS-SETOUCHI:H2_DRI_EAF:2038,model_generated_candidate,"Generated from disclosed-path facility calendar, technology set and template contracting assumptions; not a company-announced project"
CAND-FBB23ACB5A77D9,NIPPON_STEEL_JP,Nippon Steel,P4,균형형 전환,PORT-B45CD686BBC0,DISCLOSED_PATH,5,2028,2037,0.0,0.354756,0.645244,0.0,0.5,0.45,0.5,0.4,0.02,551.46894,NS-EAST:H2_DRI_EAF:2033|NS-KANSAI:SCRAP_EAF:2035|NS-KYUSHU:H2_DRI_EAF:2028|NS-NAGOYA:H2_DRI_EAF:2031|NS-SETOUCHI:SCRAP_EAF:2037,model_generated_candidate,"Generated from disclosed-path facility calendar, technology set and template contracting assumptions; not a company-announced project"
CAND-FBCB98C9A745C4,NIPPON_STEEL_JP,Nippon Steel,P3,균형형 라이트헤지,PORT-AA677CCE073D,DISCLOSED_PATH,5,2029,2038,0.534704,0.0,0.465296,0.0,0.3,0.25,0.35,0.25,0.015,325.838969,NS-EAST:H2_DRI_EAF:2034|NS-KANSAI:BF_RELINE:2036|NS-KYUSHU:H2_DRI_EAF:2029|NS-NAGOYA:BF_RELINE:2032|NS-SETOUCHI:BF_RELINE:2038,model_generated_candidate,"Generated from disclosed-path facility calendar, technology set and template contracting assumptions; not a company-announced project"
CAND-FBDA5680EB3C78,NIPPON_STEEL_JP,Nippon Steel,P1,지연·현물조달,PORT-FE9781D6D1D2,DISCLOSED_PATH,5,2029,2038,0.580977,0.257069,0.161954,0.0,0.0,0.0,0.1,0.0,0.0,260.758964,NS-EAST:BF_RELINE:2034|NS-KANSAI:H2_DRI_EAF:2036|NS-KYUSHU:SCRAP_EAF:2029|NS-NAGOYA:BF_RELINE:2032|NS-SETOUCHI:BF_RELINE:2038,model_generated_candidate,"Generated from disclosed-path facility calendar, technology set and template contracting assumptions; not a company-announced project"
CAND-FC02FE485DB3E8,NIPPON_STEEL_JP,Nippon Steel,P2,지연·부분헤지,PORT-B612393E309B,DISCLOSED_PATH,5,2029,2038,0.449871,0.341902,0.208226,0.0,0.15,0.1,0.2,0.1,0.01,263.748948,NS-EAST:H2_DRI_EAF:2034|NS-KANSAI:SCRAP_EAF:2036|NS-KYUSHU:BF_RELINE:2029|NS-NAGOYA:SCRAP_EAF:2032|NS-SETOUCHI:BF_RELINE:2038,model_generated_candidate,"Generated from disclosed-path facility calendar, technology set and template contracting assumptions; not a company-announced project"
CAND-FC3A87CDF5BF47,NIPPON_STEEL_JP,Nippon Steel,P1,지연·현물조달,PORT-FFC501C9F3BC,DISCLOSED_PATH,5,2029,2038,0.0,0.179949,0.820051,0.0,0.0,0.0,0.1,0.0,0.0,486.478949,NS-EAST:H2_DRI_EAF:2034|NS-KANSAI:H2_DRI_EAF:2036|NS-KYUSHU:H2_DRI_EAF:2029|NS-NAGOYA:SCRAP_EAF:2032|NS-SETOUCHI:H2_DRI_EAF:2038,model_generated_candidate,"Generated from disclosed-path facility calendar, technology set and template contracting assumptions; not a company-announced project"
CAND-FCB004D5F1721E,NIPPON_STEEL_JP,Nippon Steel,P1,지연·현물조달,PORT-887F55152750,DISCLOSED_PATH,5,2029,2038,0.62982,0.161954,0.208226,0.0,0.0,0.0,0.1,0.0,0.0,182.838974,NS-EAST:H2_DRI_EAF:2034|NS-KANSAI:SCRAP_EAF:2036|NS-KYUSHU:BF_RELINE:2029|NS-NAGOYA:BF_RELINE:2032|NS-SETOUCHI:BF_RELINE:2038,model_generated_candidate,"Generated from disclosed-path facility calendar, technology set and template contracting assumptions; not a company-announced project"
CAND-FCEB78D7C5F4C6,NIPPON_STEEL_JP,Nippon Steel,P1,지연·현물조달,PORT-7DCD4991144C,DISCLOSED_PATH,5,2029,2038,0.341902,0.658098,0.0,0.0,0.0,0.0,0.1,0.0,0.0,313.643967,NS-EAST:SCRAP_EAF:2034|NS-KANSAI:BF_RELINE:2036|NS-KYUSHU:SCRAP_EAF:2029|NS-NAGOYA:BF_RELINE:2032|NS-SETOUCHI:SCRAP_EAF:2038,model_generated_candidate,"Generated from disclosed-path facility calendar, technology set and template contracting assumptions; not a company-announced project"
CAND-FDF3F9C962708C,NIPPON_STEEL_JP,Nippon Steel,P1,지연·현물조달,PORT-61AD11411A66,DISCLOSED_PATH,5,2029,2038,0.0,0.562982,0.437018,0.0,0.0,0.0,0.1,0.0,0.0,476.103942,NS-EAST:SCRAP_EAF:2034|NS-KANSAI:SCRAP_EAF:2036|NS-KYUSHU:H2_DRI_EAF:2029|NS-NAGOYA:H2_DRI_EAF:2032|NS-SETOUCHI:SCRAP_EAF:2038,model_generated_candidate,"Generated from disclosed-path facility calendar, technology set and template contracting assumptions; not a company-announced project"
CAND-FE364DAC3C0E7F,NIPPON_STEEL_JP,Nippon Steel,P2,지연·부분헤지,PORT-0B5EB1BCB507,DISCLOSED_PATH,5,2029,2038,0.0,0.580977,0.419023,0.0,0.15,0.1,0.2,0.1,0.01,469.153947,NS-EAST:SCRAP_EAF:2034|NS-KANSAI:H2_DRI_EAF:2036|NS-KYUSHU:H2_DRI_EAF:2029|NS-NAGOYA:SCRAP_EAF:2032|NS-SETOUCHI:SCRAP_EAF:2038,model_generated_candidate,"Generated from disclosed-path facility calendar, technology set and template contracting assumptions; not a company-announced project"
CAND-FE464D54AC0467,NIPPON_STEEL_JP,Nippon Steel,P1,지연·현물조달,PORT-A880789F3FB0,DISCLOSED_PATH,5,2029,2038,0.437018,0.192802,0.37018,0.0,0.0,0.0,0.1,0.0,0.0,217.243975,NS-EAST:H2_DRI_EAF:2034|NS-KANSAI:H2_DRI_EAF:2036|NS-KYUSHU:BF_RELINE:2029|NS-NAGOYA:BF_RELINE:2032|NS-SETOUCHI:SCRAP_EAF:2038,model_generated_candidate,"Generated from disclosed-path facility calendar, technology set and template contracting assumptions; not a company-announced project"
CAND-FEF751E8FFF962,NIPPON_STEEL_JP,Nippon Steel,P1,지연·현물조달,PORT-9A7A6B9EB781,DISCLOSED_PATH,5,2029,2038,0.257069,0.341902,0.401028,0.0,0.0,0.0,0.1,0.0,0.0,295.878948,NS-EAST:H2_DRI_EAF:2034|NS-KANSAI:SCRAP_EAF:2036|NS-KYUSHU:BF_RELINE:2029|NS-NAGOYA:SCRAP_EAF:2032|NS-SETOUCHI:H2_DRI_EAF:2038,model_generated_candidate,"Generated from disclosed-path facility calendar, technology set and template contracting assumptions; not a company-announced project"
CAND-FF441489A93A0B,NIPPON_STEEL_JP,Nippon Steel,P4,균형형 전환,PORT-5998FE391D77,DISCLOSED_PATH,5,2028,2037,0.257069,0.0,0.742931,0.0,0.5,0.45,0.5,0.4,0.02,367.268941,NS-EAST:H2_DRI_EAF:2033|NS-KANSAI:H2_DRI_EAF:2035|NS-KYUSHU:BF_RELINE:2028|NS-NAGOYA:H2_DRI_EAF:2031|NS-SETOUCHI:H2_DRI_EAF:2037,model_generated_candidate,"Generated from disclosed-path facility calendar, technology set and template contracting assumptions; not a company-announced project"
CAND-FF5D498452D625,NIPPON_STEEL_JP,Nippon Steel,P4,균형형 전환,PORT-6D0E22B33B6B,DISCLOSED_PATH,5,2028,2037,0.341902,0.0,0.658098,0.0,0.5,0.45,0.5,0.4,0.02,403.648968,NS-EAST:H2_DRI_EAF:2033|NS-KANSAI:BF_RELINE:2035|NS-KYUSHU:H2_DRI_EAF:2028|NS-NAGOYA:BF_RELINE:2031|NS-SETOUCHI:H2_DRI_EAF:2037,model_generated_candidate,"Generated from disclosed-path facility calendar, technology set and template contracting assumptions; not a company-announced project"
CAND-FFAE832B6FE992,NIPPON_STEEL_JP,Nippon Steel,P2,지연·부분헤지,PORT-BF29E8561588,DISCLOSED_PATH,5,2029,2038,0.192802,0.37018,0.437018,0.0,0.15,0.1,0.2,0.1,0.01,448.698942,NS-EAST:SCRAP_EAF:2034|NS-KANSAI:SCRAP_EAF:2036|NS-KYUSHU:H2_DRI_EAF:2029|NS-NAGOYA:H2_DRI_EAF:2032|NS-SETOUCHI:BF_RELINE:2038,model_generated_candidate,"Generated from disclosed-path facility calendar, technology set and template contracting assumptions; not a company-announced project"
CAND-0B566F19FFC9A2,JFE_STEEL_JP,JFE Steel,P2,지연·부분헤지,PORT-CCD4397FA6D4,DISCLOSED_PATH,4,2029,2036,0.25,0.308333,0.408333,0.033333,0.15,0.1,0.2,0.1,0.01,281.895878,JFE-CHIBA:BF_RELINE:2036|JFE-FUKU:H2_DRI_EAF:2033|JFE-KURA:SCRAP_EAF:2029|JFE-SENDAI:EAF_RENEWABLE:2033,model_generated_candidate,"Generated from disclosed-path facility calendar, technology set and template contracting assumptions; not a company-announced project"
CAND-0C103CAC9E9685,JFE_STEEL_JP,JFE Steel,P1,지연·현물조달,PORT-48EB0158352D,DISCLOSED_PATH,4,2029,2036,0.308333,0.0,0.658333,0.033333,0.0,0.0,0.1,0.0,0.0,209.90085,JFE-CHIBA:H2_DRI_EAF:2036|JFE-FUKU:H2_DRI_EAF:2033|JFE-KURA:BF_RELINE:2029|JFE-SENDAI:EAF_RENEWABLE:2033,model_generated_candidate,"Generated from disclosed-path facility calendar, technology set and template contracting assumptions; not a company-announced project"
CAND-11566829CB83FF,JFE_STEEL_JP,JFE Steel,P1,지연·현물조달,PORT-7C1FC602A00B,DISCLOSED_PATH,4,2029,2036,0.0,0.25,0.716667,0.033333,0.0,0.0,0.1,0.0,0.0,341.808365,JFE-CHIBA:SCRAP_EAF:2036|JFE-FUKU:H2_DRI_EAF:2033|JFE-KURA:H2_DRI_EAF:2029|JFE-SENDAI:EAF_RENEWABLE:2033,model_generated_candidate,"Generated from disclosed-path facility calendar, technology set and template contracting assumptions; not a company-announced project"
CAND-12D758CC621EDD,JFE_STEEL_JP,JFE Steel,P3,균형형 라이트헤지,PORT-04FFFE8075F6,DISCLOSED_PATH,4,2029,2036,0.0,0.0,0.966667,0.033333,0.3,0.25,0.35,0.25,0.015,348.620862,JFE-CHIBA:H2_DRI_EAF:2036|JFE-FUKU:H2_DRI_EAF:2033|JFE-KURA:H2_DRI_EAF:2029|JFE-SENDAI:EAF_RENEWABLE:2033,model_generated_candidate,"Generated from disclosed-path facility calendar, technology set and template contracting assumptions; not a company-announced project"
CAND-156DBD688B285D,JFE_STEEL_JP,JFE Steel,P2,지연·부분헤지,PORT-4FBC33F20EEF,DISCLOSED_PATH,4,2029,2036,0.308333,0.408333,0.25,0.033333,0.15,0.1,0.2,0.1,0.01,191.900857,JFE-CHIBA:H2_DRI_EAF:2036|JFE-FUKU:SCRAP_EAF:2033|JFE-KURA:BF_RELINE:2029|JFE-SENDAI:EAF_RENEWABLE:2033,model_generated_candidate,"Generated from disclosed-path facility calendar, technology set and template contracting assumptions; not a company-announced project"
CAND-1D1CB9506368C0,JFE_STEEL_JP,JFE Steel,P2,지연·부분헤지,PORT-0FD37D80B1EA,DISCLOSED_PATH,4,2029,2036,0.0,0.408333,0.558333,0.033333,0.15,0.1,0.2,0.1,0.01,330.620869,JFE-CHIBA:H2_DRI_EAF:2036|JFE-FUKU:SCRAP_EAF:2033|JFE-KURA:H2_DRI_EAF:2029|JFE-SENDAI:EAF_RENEWABLE:2033,model_generated_candidate,"Generated from disclosed-path facility calendar, technology set and template contracting assumptions; not a company-announced project"
CAND-2384C3F783562D,JFE_STEEL_JP,JFE Steel,P2,지연·부분헤지,PORT-04FFFE8075F6,DISCLOSED_PATH,4,2029,2036,0.0,0.0,0.966667,0.033333,0.15,0.1,0.2,0.1,0.01,348.620862,JFE-CHIBA:H2_DRI_EAF:2036|JFE-FUKU:H2_DRI_EAF:2033|JFE-KURA:H2_DRI_EAF:2029|JFE-SENDAI:EAF_RENEWABLE:2033,model_generated_candidate,"Generated from disclosed-path facility calendar, technology set and template contracting assumptions; not a company-announced project"
CAND-25BA0666383526,JFE_STEEL_JP,JFE Steel,P1,지연·현물조달,PORT-E3494C854A0D,DISCLOSED_PATH,4,2029,2036,0.0,0.658333,0.308333,0.033333,0.0,0.0,0.1,0.0,0.0,323.808372,JFE-CHIBA:SCRAP_EAF:2036|JFE-FUKU:SCRAP_EAF:2033|JFE-KURA:H2_DRI_EAF:2029|JFE-SENDAI:EAF_RENEWABLE:2033,model_generated_candidate,"Generated from disclosed-path facility calendar, technology set and template contracting assumptions; not a company-announced project"
CAND-27DEF6B976065D,JFE_STEEL_JP,JFE Steel,P3,균형형 라이트헤지,PORT-408F044D6828,DISCLOSED_PATH,4,2029,2036,0.25,0.0,0.716667,0.033333,0.3,0.25,0.35,0.25,0.015,302.295879,JFE-CHIBA:BF_RELINE:2036|JFE-FUKU:H2_DRI_EAF:2033|JFE-KURA:H2_DRI_EAF:2029|JFE-SENDAI:EAF_RENEWABLE:2033,model_generated_candidate,"Generated from disclosed-path facility calendar, technology set and template contracting assumptions; not a company-announced project"
CAND-2AFD85912C485D,JFE_STEEL_JP,JFE Steel,P5,조기 계약형 전환,PORT-844170813924,DISCLOSED_PATH,4,2028,2035,0.0,0.25,0.716667,0.033333,0.7,0.65,0.65,0.6,0.025,381.425854,JFE-CHIBA:SCRAP_EAF:2035|JFE-FUKU:H2_DRI_EAF:2032|JFE-KURA:H2_DRI_EAF:2028|JFE-SENDAI:EAF_RENEWABLE:2032,model_generated_candidate,"Generated from disclosed-path facility calendar, technology set and template contracting assumptions; not a company-announced project"
CAND-2DF8CF21E8720D,JFE_STEEL_JP,JFE Steel,P1,지연·현물조달,PORT-9D97003767D5,DISCLOSED_PATH,4,2029,2036,0.25,0.716667,0.0,0.033333,0.0,0.0,0.1,0.0,0.0,263.895884,JFE-CHIBA:BF_RELINE:2036|JFE-FUKU:SCRAP_EAF:2033|JFE-KURA:SCRAP_EAF:2029|JFE-SENDAI:EAF_RENEWABLE:2033,model_generated_candidate,"Generated from disclosed-path facility calendar, technology set and template contracting assumptions; not a company-announced project"
CAND-321A1FBBC2D640,JFE_STEEL_JP,JFE Steel,P1,지연·현물조달,PORT-CCD4397FA6D4,DISCLOSED_PATH,4,2029,2036,0.25,0.308333,0.408333,0.033333,0.0,0.0,0.1,0.0,0.0,281.895878,JFE-CHIBA:BF_RELINE:2036|JFE-FUKU:H2_DRI_EAF:2033|JFE-KURA:SCRAP_EAF:2029|JFE-SENDAI:EAF_RENEWABLE:2033,model_generated_candidate,"Generated from disclosed-path facility calendar, technology set and template contracting assumptions; not a company-announced project"
CAND-3785968E4E1C91,JFE_STEEL_JP,JFE Steel,P1,지연·현물조달,PORT-4FBC33F20EEF,DISCLOSED_PATH,4,2029,2036,0.308333,0.408333,0.25,0.033333,0.0,0.0,0.1,0.0,0.0,191.900857,JFE-CHIBA:H2_DRI_EAF:2036|JFE-FUKU:SCRAP_EAF:2033|JFE-KURA:BF_RELINE:2029|JFE-SENDAI:EAF_RENEWABLE:2033,model_generated_candidate,"Generated from disclosed-path facility calendar, technology set and template contracting assumptions; not a company-announced project"
CAND-3BDAECB8DA1A89,JFE_STEEL_JP,JFE Steel,P4,균형형 전환,PORT-29DB1A43C5DD,DISCLOSED_PATH,4,2028,2035,0.308333,0.0,0.658333,0.033333,0.5,0.45,0.5,0.4,0.02,239.320837,JFE-CHIBA:H2_DRI_EAF:2035|JFE-FUKU:H2_DRI_EAF:2032|JFE-KURA:BF_RELINE:2028|JFE-SENDAI:EAF_RENEWABLE:2032,model_generated_candidate,"Generated from disclosed-path facility calendar, technology set and template contracting assumptions; not a company-announced project"
CAND-3DE74006E308F9,JFE_STEEL_JP,JFE Steel,P2,지연·부분헤지,PORT-7C1FC602A00B,DISCLOSED_PATH,4,2029,2036,0.0,0.25,0.716667,0.033333,0.15,0.1,0.2,0.1,0.01,341.808365,JFE-CHIBA:SCRAP_EAF:2036|JFE-FUKU:H2_DRI_EAF:2033|JFE-KURA:H2_DRI_EAF:2029|JFE-SENDAI:EAF_RENEWABLE:2033,model_generated_candidate,"Generated from disclosed-path facility calendar, technology set and template contracting assumptions; not a company-announced project"
CAND-44218B07FC843F,JFE_STEEL_JP,JFE Steel,P2,지연·부분헤지,PORT-48EB0158352D,DISCLOSED_PATH,4,2029,2036,0.308333,0.0,0.658333,0.033333,0.15,0.1,0.2,0.1,0.01,209.90085,JFE-CHIBA:H2_DRI_EAF:2036|JFE-FUKU:H2_DRI_EAF:2033|JFE-KURA:BF_RELINE:2029|JFE-SENDAI:EAF_RENEWABLE:2033,model_generated_candidate,"Generated from disclosed-path facility calendar, technology set and template contracting assumptions; not a company-announced project"
CAND-4D77DB7422B451,JFE_STEEL_JP,JFE Steel,P2,지연·부분헤지,PORT-3776FB32D8CF,DISCLOSED_PATH,4,2029,2036,0.25,0.408333,0.308333,0.033333,0.15,0.1,0.2,0.1,0.01,284.295886,JFE-CHIBA:BF_RELINE:2036|JFE-FUKU:SCRAP_EAF:2033|JFE-KURA:H2_DRI_EAF:2029|JFE-SENDAI:EAF_RENEWABLE:2033,model_generated_candidate,"Generated from disclosed-path facility calendar, technology set and template contracting assumptions; not a company-announced project"
CAND-53E6B469D62558,JFE_STEEL_JP,JFE Steel,P1,지연·현물조달,PORT-33091F63E785,DISCLOSED_PATH,4,2029,2036,0.0,0.966667,0.0,0.033333,0.0,0.0,0.1,0.0,0.0,303.40837,JFE-CHIBA:SCRAP_EAF:2036|JFE-FUKU:SCRAP_EAF:2033|JFE-KURA:SCRAP_EAF:2029|JFE-SENDAI:EAF_RENEWABLE:2033,model_generated_candidate,"Generated from disclosed-path facility calendar, technology set and template contracting assumptions; not a company-announced project"
CAND-56A2BE8D3222E8,JFE_STEEL_JP,JFE Steel,P5,조기 계약형 전환,PORT-29DB1A43C5DD,DISCLOSED_PATH,4,2028,2035,0.308333,0.0,0.658333,0.033333,0.7,0.65,0.65,0.6,0.025,239.320837,JFE-CHIBA:H2_DRI_EAF:2035|JFE-FUKU:H2_DRI_EAF:2032|JFE-KURA:BF_RELINE:2028|JFE-SENDAI:EAF_RENEWABLE:2032,model_generated_candidate,"Generated from disclosed-path facility calendar, technology set and template contracting assumptions; not a company-announced project"
CAND-5B53A6D662B077,JFE_STEEL_JP,JFE Steel,P2,지연·부분헤지,PORT-BFE68456F5A9,DISCLOSED_PATH,4,2029,2036,0.716667,0.0,0.25,0.033333,0.15,0.1,0.2,0.1,0.01,87.500896,JFE-CHIBA:H2_DRI_EAF:2036|JFE-FUKU:BF_RELINE:2033|JFE-KURA:BF_RELINE:2029|JFE-SENDAI:EAF_RENEWABLE:2033,model_generated_candidate,"Generated from disclosed-path facility calendar, technology set and template contracting assumptions; not a company-announced project"
CAND-65F7157232C73A,JFE_STEEL_JP,JFE Steel,P1,지연·현물조달,PORT-04FFFE8075F6,DISCLOSED_PATH,4,2029,2036,0.0,0.0,0.966667,0.033333,0.0,0.0,0.1,0.0,0.0,348.620862,JFE-CHIBA:H2_DRI_EAF:2036|JFE-FUKU:H2_DRI_EAF:2033|JFE-KURA:H2_DRI_EAF:2029|JFE-SENDAI:EAF_RENEWABLE:2033,model_generated_candidate,"Generated from disclosed-path facility calendar, technology set and template contracting assumptions; not a company-announced project"
CAND-6740F2BE1999AB,JFE_STEEL_JP,JFE Steel,P2,지연·부분헤지,PORT-6E49C004BA31,DISCLOSED_PATH,4,2029,2036,0.558333,0.0,0.408333,0.033333,0.15,0.1,0.2,0.1,0.01,163.575867,JFE-CHIBA:BF_RELINE:2036|JFE-FUKU:H2_DRI_EAF:2033|JFE-KURA:BF_RELINE:2029|JFE-SENDAI:EAF_RENEWABLE:2033,model_generated_candidate,"Generated from disclosed-path facility calendar, technology set and template contracting assumptions; not a company-announced project"
CAND-68030B11D579DF,JFE_STEEL_JP,JFE Steel,P1,지연·현물조달,PORT-7BA11C62DF95,DISCLOSED_PATH,4,2029,2036,0.408333,0.25,0.308333,0.033333,0.0,0.0,0.1,0.0,0.0,219.408411,JFE-CHIBA:SCRAP_EAF:2036|JFE-FUKU:BF_RELINE:2033|JFE-KURA:H2_DRI_EAF:2029|JFE-SENDAI:EAF_RENEWABLE:2033,model_generated_candidate,"Generated from disclosed-path facility calendar, technology set and template contracting assumptions; not a company-announced project"
CAND-74F6415EBB9977,JFE_STEEL_JP,JFE Steel,P3,균형형 라이트헤지,PORT-E123D45B71CC,DISCLOSED_PATH,4,2029,2036,0.408333,0.0,0.558333,0.033333,0.3,0.25,0.35,0.25,0.015,226.220909,JFE-CHIBA:H2_DRI_EAF:2036|JFE-FUKU:BF_RELINE:2033|JFE-KURA:H2_DRI_EAF:2029|JFE-SENDAI:EAF_RENEWABLE:2033,model_generated_candidate,"Generated from disclosed-path facility calendar, technology set and template contracting assumptions; not a company-announced project"
CAND-8143AC9B1B780D,JFE_STEEL_JP,JFE Steel,P5,조기 계약형 전환,PORT-0032610F15CE,DISCLOSED_PATH,4,2028,2035,0.25,0.0,0.716667,0.033333,0.7,0.65,0.65,0.6,0.025,334.010871,JFE-CHIBA:BF_RELINE:2035|JFE-FUKU:H2_DRI_EAF:2032|JFE-KURA:H2_DRI_EAF:2028|JFE-SENDAI:EAF_RENEWABLE:2032,model_generated_candidate,"Generated from disclosed-path facility calendar, technology set and template contracting assumptions; not a company-announced project"
CAND-81AEAF431DDC0A,JFE_STEEL_JP,JFE Steel,P4,균형형 전환,PORT-844170813924,DISCLOSED_PATH,4,2028,2035,0.0,0.25,0.716667,0.033333,0.5,0.45,0.5,0.4,0.02,381.425854,JFE-CHIBA:SCRAP_EAF:2035|JFE-FUKU:H2_DRI_EAF:2032|JFE-KURA:H2_DRI_EAF:2028|JFE-SENDAI:EAF_RENEWABLE:2032,model_generated_candidate,"Generated from disclosed-path facility calendar, technology set and template contracting assumptions; not a company-announced project"
CAND-82646489D4D4D1,JFE_STEEL_JP,JFE Steel,P2,지연·부분헤지,PORT-25A7E18292F6,DISCLOSED_PATH,4,2029,2036,0.0,0.716667,0.25,0.033333,0.15,0.1,0.2,0.1,0.01,310.220867,JFE-CHIBA:H2_DRI_EAF:2036|JFE-FUKU:SCRAP_EAF:2033|JFE-KURA:SCRAP_EAF:2029|JFE-SENDAI:EAF_RENEWABLE:2033,model_generated_candidate,"Generated from disclosed-path facility calendar, technology set and template contracting assumptions; not a company-announced project"
CAND-8A107782070451,JFE_STEEL_JP,JFE Steel,P4,균형형 전환,PORT-0032610F15CE,DISCLOSED_PATH,4,2028,2035,0.25,0.0,0.716667,0.033333,0.5,0.45,0.5,0.4,0.02,334.010871,JFE-CHIBA:BF_RELINE:2035|JFE-FUKU:H2_DRI_EAF:2032|JFE-KURA:H2_DRI_EAF:2028|JFE-SENDAI:EAF_RENEWABLE:2032,model_generated_candidate,"Generated from disclosed-path facility calendar, technology set and template contracting assumptions; not a company-announced project"
CAND-8A2CE57122B1A0,JFE_STEEL_JP,JFE Steel,P1,지연·현물조달,PORT-1741394F78A8,DISCLOSED_PATH,4,2029,2036,0.408333,0.558333,0.0,0.033333,0.0,0.0,0.1,0.0,0.0,199.008409,JFE-CHIBA:SCRAP_EAF:2036|JFE-FUKU:BF_RELINE:2033|JFE-KURA:SCRAP_EAF:2029|JFE-SENDAI:EAF_RENEWABLE:2033,model_generated_candidate,"Generated from disclosed-path facility calendar, technology set and template contracting assumptions; not a company-announced project"
CAND-8DC42B3C7EA2DB,JFE_STEEL_JP,JFE Steel,P2,지연·부분헤지,PORT-E123D45B71CC,DISCLOSED_PATH,4,2029,2036,0.408333,0.0,0.558333,0.033333,0.15,0.1,0.2,0.1,0.01,226.220909,JFE-CHIBA:H2_DRI_EAF:2036|JFE-FUKU:BF_RELINE:2033|JFE-KURA:H2_DRI_EAF:2029|JFE-SENDAI:EAF_RENEWABLE:2033,model_generated_candidate,"Generated from disclosed-path facility calendar, technology set and template contracting assumptions; not a company-announced project"
CAND-8F0E9CFE80824D,JFE_STEEL_JP,JFE Steel,P6,조기 고헤지,PORT-576B945395C2,DISCLOSED_PATH,4,2028,2034,0.0,0.0,0.966667,0.033333,0.9,0.85,0.85,0.8,0.035,417.556839,JFE-CHIBA:H2_DRI_EAF:2034|JFE-FUKU:H2_DRI_EAF:2031|JFE-KURA:H2_DRI_EAF:2028|JFE-SENDAI:EAF_RENEWABLE:2031,model_generated_candidate,"Generated from disclosed-path facility calendar, technology set and template contracting assumptions; not a company-announced project"
CAND-942FF71D4F4188,JFE_STEEL_JP,JFE Steel,P4,균형형 전환,PORT-2883A9539B06,DISCLOSED_PATH,4,2028,2035,0.0,0.308333,0.658333,0.033333,0.5,0.45,0.5,0.4,0.02,367.500849,JFE-CHIBA:H2_DRI_EAF:2035|JFE-FUKU:H2_DRI_EAF:2032|JFE-KURA:SCRAP_EAF:2028|JFE-SENDAI:EAF_RENEWABLE:2032,model_generated_candidate,"Generated from disclosed-path facility calendar, technology set and template contracting assumptions; not a company-announced project"
CAND-94E38421D8FAE7,JFE_STEEL_JP,JFE Steel,P1,지연·현물조달,PORT-36B22CA0D026,DISCLOSED_PATH,4,2029,2036,0.658333,0.308333,0.0,0.033333,0.0,0.0,0.1,0.0,0.0,159.495924,JFE-CHIBA:BF_RELINE:2036|JFE-FUKU:BF_RELINE:2033|JFE-KURA:SCRAP_EAF:2029|JFE-SENDAI:EAF_RENEWABLE:2033,model_generated_candidate,"Generated from disclosed-path facility calendar, technology set and template contracting assumptions; not a company-announced project"
CAND-953F1AFEF37202,JFE_STEEL_JP,JFE Steel,P1,지연·현물조달,PORT-6E49C004BA31,DISCLOSED_PATH,4,2029,2036,0.558333,0.0,0.408333,0.033333,0.0,0.0,0.1,0.0,0.0,163.575867,JFE-CHIBA:BF_RELINE:2036|JFE-FUKU:H2_DRI_EAF:2033|JFE-KURA:BF_RELINE:2029|JFE-SENDAI:EAF_RENEWABLE:2033,model_generated_candidate,"Generated from disclosed-path facility calendar, technology set and template contracting assumptions; not a company-announced project"
CAND-A735954AF09420,JFE_STEEL_JP,JFE Steel,P3,균형형 라이트헤지,PORT-CCD4397FA6D4,DISCLOSED_PATH,4,2029,2036,0.25,0.308333,0.408333,0.033333,0.3,0.25,0.35,0.25,0.015,281.895878,JFE-CHIBA:BF_RELINE:2036|JFE-FUKU:H2_DRI_EAF:2033|JFE-KURA:SCRAP_EAF:2029|JFE-SENDAI:EAF_RENEWABLE:2033,model_generated_candidate,"Generated from disclosed-path facility calendar, technology set and template contracting assumptions; not a company-announced project"
CAND-AE1C3F48385E3F,JFE_STEEL_JP,JFE Steel,P5,조기 계약형 전환,PORT-2883A9539B06,DISCLOSED_PATH,4,2028,2035,0.0,0.308333,0.658333,0.033333,0.7,0.65,0.65,0.6,0.025,367.500849,JFE-CHIBA:H2_DRI_EAF:2035|JFE-FUKU:H2_DRI_EAF:2032|JFE-KURA:SCRAP_EAF:2028|JFE-SENDAI:EAF_RENEWABLE:2032,model_generated_candidate,"Generated from disclosed-path facility calendar, technology set and template contracting assumptions; not a company-announced project"
CAND-AFB45421E864E1,JFE_STEEL_JP,JFE Steel,P3,균형형 라이트헤지,PORT-48EB0158352D,DISCLOSED_PATH,4,2029,2036,0.308333,0.0,0.658333,0.033333,0.3,0.25,0.35,0.25,0.015,209.90085,JFE-CHIBA:H2_DRI_EAF:2036|JFE-FUKU:H2_DRI_EAF:2033|JFE-KURA:BF_RELINE:2029|JFE-SENDAI:EAF_RENEWABLE:2033,model_generated_candidate,"Generated from disclosed-path facility calendar, technology set and template contracting assumptions; not a company-announced project"
CAND-B210B35AD45FF1,JFE_STEEL_JP,JFE Steel,P1,지연·현물조달,PORT-263958B6D89F,DISCLOSED_PATH,4,2029,2036,0.716667,0.25,0.0,0.033333,0.0,0.0,0.1,0.0,0.0,80.688399,JFE-CHIBA:SCRAP_EAF:2036|JFE-FUKU:BF_RELINE:2033|JFE-KURA:BF_RELINE:2029|JFE-SENDAI:EAF_RENEWABLE:2033,model_generated_candidate,"Generated from disclosed-path facility calendar, technology set and template contracting assumptions; not a company-announced project"
CAND-B38C1D7FD5CCAE,JFE_STEEL_JP,JFE Steel,P3,균형형 라이트헤지,PORT-7C1FC602A00B,DISCLOSED_PATH,4,2029,2036,0.0,0.25,0.716667,0.033333,0.3,0.25,0.35,0.25,0.015,341.808365,JFE-CHIBA:SCRAP_EAF:2036|JFE-FUKU:H2_DRI_EAF:2033|JFE-KURA:H2_DRI_EAF:2029|JFE-SENDAI:EAF_RENEWABLE:2033,model_generated_candidate,"Generated from disclosed-path facility calendar, technology set and template contracting assumptions; not a company-announced project"
CAND-B4CBF9F7B55581,JFE_STEEL_JP,JFE Steel,P3,균형형 라이트헤지,PORT-7F45069F34E3,DISCLOSED_PATH,4,2029,2036,0.308333,0.25,0.408333,0.033333,0.3,0.25,0.35,0.25,0.015,203.088353,JFE-CHIBA:SCRAP_EAF:2036|JFE-FUKU:H2_DRI_EAF:2033|JFE-KURA:BF_RELINE:2029|JFE-SENDAI:EAF_RENEWABLE:2033,model_generated_candidate,"Generated from disclosed-path facility calendar, technology set and template contracting assumptions; not a company-announced project"
CAND-BC3B7FD8701906,JFE_STEEL_JP,JFE Steel,P1,지연·현물조달,PORT-25A7E18292F6,DISCLOSED_PATH,4,2029,2036,0.0,0.716667,0.25,0.033333,0.0,0.0,0.1,0.0,0.0,310.220867,JFE-CHIBA:H2_DRI_EAF:2036|JFE-FUKU:SCRAP_EAF:2033|JFE-KURA:SCRAP_EAF:2029|JFE-SENDAI:EAF_RENEWABLE:2033,model_generated_candidate,"Generated from disclosed-path facility calendar, technology set and template contracting assumptions; not a company-announced project"
CAND-BD5FC0B8045E4C,JFE_STEEL_JP,JFE Steel,P1,지연·현물조달,PORT-BFE68456F5A9,DISCLOSED_PATH,4,2029,2036,0.716667,0.0,0.25,0.033333,0.0,0.0,0.1,0.0,0.0,87.500896,JFE-CHIBA:H2_DRI_EAF:2036|JFE-FUKU:BF_RELINE:2033|JFE-KURA:BF_RELINE:2029|JFE-SENDAI:EAF_RENEWABLE:2033,model_generated_candidate,"Generated from disclosed-path facility calendar, technology set and template contracting assumptions; not a company-announced project"
CAND-BD69BDF77D11F9,JFE_STEEL_JP,JFE Steel,P2,지연·부분헤지,PORT-1C641A2E58FD,DISCLOSED_PATH,4,2029,2036,0.408333,0.308333,0.25,0.033333,0.15,0.1,0.2,0.1,0.01,205.820907,JFE-CHIBA:H2_DRI_EAF:2036|JFE-FUKU:BF_RELINE:2033|JFE-KURA:SCRAP_EAF:2029|JFE-SENDAI:EAF_RENEWABLE:2033,model_generated_candidate,"Generated from disclosed-path facility calendar, technology set and template contracting assumptions; not a company-announced project"
CAND-C535F3B5D7A55A,JFE_STEEL_JP,JFE Steel,P1,지연·현물조달,PORT-1C641A2E58FD,DISCLOSED_PATH,4,2029,2036,0.408333,0.308333,0.25,0.033333,0.0,0.0,0.1,0.0,0.0,205.820907,JFE-CHIBA:H2_DRI_EAF:2036|JFE-FUKU:BF_RELINE:2033|JFE-KURA:SCRAP_EAF:2029|JFE-SENDAI:EAF_RENEWABLE:2033,model_generated_candidate,"Generated from disclosed-path facility calendar, technology set and template contracting assumptions; not a company-announced project"
CAND-C973F96EA1BC5C,JFE_STEEL_JP,JFE Steel,P1,지연·현물조달,PORT-E123D45B71CC,DISCLOSED_PATH,4,2029,2036,0.408333,0.0,0.558333,0.033333,0.0,0.0,0.1,0.0,0.0,226.220909,JFE-CHIBA:H2_DRI_EAF:2036|JFE-FUKU:BF_RELINE:2033|JFE-KURA:H2_DRI_EAF:2029|JFE-SENDAI:EAF_RENEWABLE:2033,model_generated_candidate,"Generated from disclosed-path facility calendar, technology set and template contracting assumptions; not a company-announced project"
CAND-CB30BCF3D9CF92,JFE_STEEL_JP,JFE Steel,P1,지연·현물조달,PORT-D5A2DA370FDA,DISCLOSED_PATH,4,2029,2036,0.308333,0.658333,0.0,0.033333,0.0,0.0,0.1,0.0,0.0,185.08836,JFE-CHIBA:SCRAP_EAF:2036|JFE-FUKU:SCRAP_EAF:2033|JFE-KURA:BF_RELINE:2029|JFE-SENDAI:EAF_RENEWABLE:2033,model_generated_candidate,"Generated from disclosed-path facility calendar, technology set and template contracting assumptions; not a company-announced project"
CAND-CBE864A3B5E624,JFE_STEEL_JP,JFE Steel,P2,지연·부분헤지,PORT-408F044D6828,DISCLOSED_PATH,4,2029,2036,0.25,0.0,0.716667,0.033333,0.15,0.1,0.2,0.1,0.01,302.295879,JFE-CHIBA:BF_RELINE:2036|JFE-FUKU:H2_DRI_EAF:2033|JFE-KURA:H2_DRI_EAF:2029|JFE-SENDAI:EAF_RENEWABLE:2033,model_generated_candidate,"Generated from disclosed-path facility calendar, technology set and template contracting assumptions; not a company-announced project"
CAND-D31DAEDCB107AF,JFE_STEEL_JP,JFE Steel,P1,지연·현물조달,PORT-0FD37D80B1EA,DISCLOSED_PATH,4,2029,2036,0.0,0.408333,0.558333,0.033333,0.0,0.0,0.1,0.0,0.0,330.620869,JFE-CHIBA:H2_DRI_EAF:2036|JFE-FUKU:SCRAP_EAF:2033|JFE-KURA:H2_DRI_EAF:2029|JFE-SENDAI:EAF_RENEWABLE:2033,model_generated_candidate,"Generated from disclosed-path facility calendar, technology set and template contracting assumptions; not a company-announced project"
CAND-DF57CBE06564A4,JFE_STEEL_JP,JFE Steel,P3,균형형 라이트헤지,PORT-6E49C004BA31,DISCLOSED_PATH,4,2029,2036,0.558333,0.0,0.408333,0.033333,0.3,0.25,0.35,0.25,0.015,163.575867,JFE-CHIBA:BF_RELINE:2036|JFE-FUKU:H2_DRI_EAF:2033|JFE-KURA:BF_RELINE:2029|JFE-SENDAI:EAF_RENEWABLE:2033,model_generated_candidate,"Generated from disclosed-path facility calendar, technology set and template contracting assumptions; not a company-announced project"
CAND-DFCA23D16E81A2,JFE_STEEL_JP,JFE Steel,P1,지연·현물조달,PORT-408F044D6828,DISCLOSED_PATH,4,2029,2036,0.25,0.0,0.716667,0.033333,0.0,0.0,0.1,0.0,0.0,302.295879,JFE-CHIBA:BF_RELINE:2036|JFE-FUKU:H2_DRI_EAF:2033|JFE-KURA:H2_DRI_EAF:2029|JFE-SENDAI:EAF_RENEWABLE:2033,model_generated_candidate,"Generated from disclosed-path facility calendar, technology set and template contracting assumptions; not a company-announced project"
CAND-DFD36ABEC37623,JFE_STEEL_JP,JFE Steel,P1,지연·현물조달,PORT-7F45069F34E3,DISCLOSED_PATH,4,2029,2036,0.308333,0.25,0.408333,0.033333,0.0,0.0,0.1,0.0,0.0,203.088353,JFE-CHIBA:SCRAP_EAF:2036|JFE-FUKU:H2_DRI_EAF:2033|JFE-KURA:BF_RELINE:2029|JFE-SENDAI:EAF_RENEWABLE:2033,model_generated_candidate,"Generated from disclosed-path facility calendar, technology set and template contracting assumptions; not a company-announced project"
CAND-E142C0366C78ED,JFE_STEEL_JP,JFE Steel,P4,균형형 전환,PORT-49F18FB13125,DISCLOSED_PATH,4,2028,2035,0.0,0.408333,0.558333,0.033333,0.5,0.45,0.5,0.4,0.02,369.350858,JFE-CHIBA:H2_DRI_EAF:2035|JFE-FUKU:SCRAP_EAF:2032|JFE-KURA:H2_DRI_EAF:2028|JFE-SENDAI:EAF_RENEWABLE:2032,model_generated_candidate,"Generated from disclosed-path facility calendar, technology set and template contracting assumptions; not a company-announced project"
CAND-E1C48D333700EA,JFE_STEEL_JP,JFE Steel,P7,완전 수소·계약형,PORT-B91429E42CEB,DISCLOSED_PATH,4,2028,2033,0.0,0.0,0.966667,0.033333,1.0,0.95,0.95,0.9,0.045,445.512827,JFE-CHIBA:H2_DRI_EAF:2033|JFE-FUKU:H2_DRI_EAF:2030|JFE-KURA:H2_DRI_EAF:2028|JFE-SENDAI:EAF_RENEWABLE:2030,model_generated_candidate,"Generated from disclosed-path facility calendar, technology set and template contracting assumptions; not a company-announced project"
CAND-E280945A557960,JFE_STEEL_JP,JFE Steel,P1,지연·현물조달,PORT-E5F3D5116135,DISCLOSED_PATH,4,2029,2036,0.0,0.558333,0.408333,0.033333,0.0,0.0,0.1,0.0,0.0,321.408363,JFE-CHIBA:SCRAP_EAF:2036|JFE-FUKU:H2_DRI_EAF:2033|JFE-KURA:SCRAP_EAF:2029|JFE-SENDAI:EAF_RENEWABLE:2033,model_generated_candidate,"Generated from disclosed-path facility calendar, technology set and template contracting assumptions; not a company-announced project"
CAND-E2E67FC7600525,JFE_STEEL_JP,JFE Steel,P2,지연·부분헤지,PORT-7BA11C62DF95,DISCLOSED_PATH,4,2029,2036,0.408333,0.25,0.308333,0.033333,0.15,0.1,0.2,0.1,0.01,219.408411,JFE-CHIBA:SCRAP_EAF:2036|JFE-FUKU:BF_RELINE:2033|JFE-KURA:H2_DRI_EAF:2029|JFE-SENDAI:EAF_RENEWABLE:2033,model_generated_candidate,"Generated from disclosed-path facility calendar, technology set and template contracting assumptions; not a company-announced project"
CAND-E5C3BE482793EF,JFE_STEEL_JP,JFE Steel,P4,균형형 전환,PORT-4577AB24CD05,DISCLOSED_PATH,4,2028,2035,0.0,0.0,0.966667,0.033333,0.5,0.45,0.5,0.4,0.02,389.600851,JFE-CHIBA:H2_DRI_EAF:2035|JFE-FUKU:H2_DRI_EAF:2032|JFE-KURA:H2_DRI_EAF:2028|JFE-SENDAI:EAF_RENEWABLE:2032,model_generated_candidate,"Generated from disclosed-path facility calendar, technology set and template contracting assumptions; not a company-announced project"
CAND-E72109958C3B57,JFE_STEEL_JP,JFE Steel,P2,지연·부분헤지,PORT-E5F3D5116135,DISCLOSED_PATH,4,2029,2036,0.0,0.558333,0.408333,0.033333,0.15,0.1,0.2,0.1,0.01,321.408363,JFE-CHIBA:SCRAP_EAF:2036|JFE-FUKU:H2_DRI_EAF:2033|JFE-KURA:SCRAP_EAF:2029|JFE-SENDAI:EAF_RENEWABLE:2033,model_generated_candidate,"Generated from disclosed-path facility calendar, technology set and template contracting assumptions; not a company-announced project"
CAND-E8FAD9BDD034A5,JFE_STEEL_JP,JFE Steel,P3,균형형 라이트헤지,PORT-51A2628EF9C2,DISCLOSED_PATH,4,2029,2036,0.0,0.308333,0.658333,0.033333,0.3,0.25,0.35,0.25,0.015,328.220861,JFE-CHIBA:H2_DRI_EAF:2036|JFE-FUKU:H2_DRI_EAF:2033|JFE-KURA:SCRAP_EAF:2029|JFE-SENDAI:EAF_RENEWABLE:2033,model_generated_candidate,"Generated from disclosed-path facility calendar, technology set and template contracting assumptions; not a company-announced project"
CAND-E97F5B55830909,JFE_STEEL_JP,JFE Steel,P1,지연·현물조달,PORT-A7F00CD0D5D9,DISCLOSED_PATH,4,2029,2036,0.558333,0.408333,0.0,0.033333,0.0,0.0,0.1,0.0,0.0,145.575874,JFE-CHIBA:BF_RELINE:2036|JFE-FUKU:SCRAP_EAF:2033|JFE-KURA:BF_RELINE:2029|JFE-SENDAI:EAF_RENEWABLE:2033,model_generated_candidate,"Generated from disclosed-path facility calendar, technology set and template contracting assumptions; not a company-announced project"
CAND-EBDED9A4383BD3,JFE_STEEL_JP,JFE Steel,P5,조기 계약형 전환,PORT-4577AB24CD05,DISCLOSED_PATH,4,2028,2035,0.0,0.0,0.966667,0.033333,0.7,0.65,0.65,0.6,0.025,389.600851,JFE-CHIBA:H2_DRI_EAF:2035|JFE-FUKU:H2_DRI_EAF:2032|JFE-KURA:H2_DRI_EAF:2028|JFE-SENDAI:EAF_RENEWABLE:2032,model_generated_candidate,"Generated from disclosed-path facility calendar, technology set and template contracting assumptions; not a company-announced project"
CAND-ED25426FC3D2E1,JFE_STEEL_JP,JFE Steel,P4,균형형 전환,PORT-C1D4A288CC05,DISCLOSED_PATH,4,2028,2035,0.408333,0.0,0.558333,0.033333,0.5,0.45,0.5,0.4,0.02,251.900903,JFE-CHIBA:H2_DRI_EAF:2035|JFE-FUKU:BF_RELINE:2032|JFE-KURA:H2_DRI_EAF:2028|JFE-SENDAI:EAF_RENEWABLE:2032,model_generated_candidate,"Generated from disclosed-path facility calendar, technology set and template contracting assumptions; not a company-announced project"
CAND-F1788FF7DCC7F6,JFE_STEEL_JP,JFE Steel,P2,지연·부분헤지,PORT-E3494C854A0D,DISCLOSED_PATH,4,2029,2036,0.0,0.658333,0.308333,0.033333,0.15,0.1,0.2,0.1,0.01,323.808372,JFE-CHIBA:SCRAP_EAF:2036|JFE-FUKU:SCRAP_EAF:2033|JFE-KURA:H2_DRI_EAF:2029|JFE-SENDAI:EAF_RENEWABLE:2033,model_generated_candidate,"Generated from disclosed-path facility calendar, technology set and template contracting assumptions; not a company-announced project"
CAND-F4B6AD5FB08D71,JFE_STEEL_JP,JFE Steel,P2,지연·부분헤지,PORT-51A2628EF9C2,DISCLOSED_PATH,4,2029,2036,0.0,0.308333,0.658333,0.033333,0.15,0.1,0.2,0.1,0.01,328.220861,JFE-CHIBA:H2_DRI_EAF:2036|JFE-FUKU:H2_DRI_EAF:2033|JFE-KURA:SCRAP_EAF:2029|JFE-SENDAI:EAF_RENEWABLE:2033,model_generated_candidate,"Generated from disclosed-path facility calendar, technology set and template contracting assumptions; not a company-announced project"
CAND-F90CEA29183281,JFE_STEEL_JP,JFE Steel,P2,지연·부분헤지,PORT-53E6F75011D5,DISCLOSED_PATH,4,2029,2036,0.658333,0.0,0.308333,0.033333,0.15,0.1,0.2,0.1,0.01,179.895926,JFE-CHIBA:BF_RELINE:2036|JFE-FUKU:BF_RELINE:2033|JFE-KURA:H2_DRI_EAF:2029|JFE-SENDAI:EAF_RENEWABLE:2033,model_generated_candidate,"Generated from disclosed-path facility calendar, technology set and template contracting assumptions; not a company-announced project"
CAND-FA1953D51D82F3,JFE_STEEL_JP,JFE Steel,P3,균형형 라이트헤지,PORT-0FD37D80B1EA,DISCLOSED_PATH,4,2029,2036,0.0,0.408333,0.558333,0.033333,0.3,0.25,0.35,0.25,0.015,330.620869,JFE-CHIBA:H2_DRI_EAF:2036|JFE-FUKU:SCRAP_EAF:2033|JFE-KURA:H2_DRI_EAF:2029|JFE-SENDAI:EAF_RENEWABLE:2033,model_generated_candidate,"Generated from disclosed-path facility calendar, technology set and template contracting assumptions; not a company-announced project"
CAND-FA780AD266A327,JFE_STEEL_JP,JFE Steel,P1,지연·현물조달,PORT-53E6F75011D5,DISCLOSED_PATH,4,2029,2036,0.658333,0.0,0.308333,0.033333,0.0,0.0,0.1,0.0,0.0,179.895926,JFE-CHIBA:BF_RELINE:2036|JFE-FUKU:BF_RELINE:2033|JFE-KURA:H2_DRI_EAF:2029|JFE-SENDAI:EAF_RENEWABLE:2033,model_generated_candidate,"Generated from disclosed-path facility calendar, technology set and template contracting assumptions; not a company-announced project"
CAND-FBA2EEA416EBAD,JFE_STEEL_JP,JFE Steel,P1,지연·현물조달,PORT-3776FB32D8CF,DISCLOSED_PATH,4,2029,2036,0.25,0.408333,0.308333,0.033333,0.0,0.0,0.1,0.0,0.0,284.295886,JFE-CHIBA:BF_RELINE:2036|JFE-FUKU:SCRAP_EAF:2033|JFE-KURA:H2_DRI_EAF:2029|JFE-SENDAI:EAF_RENEWABLE:2033,model_generated_candidate,"Generated from disclosed-path facility calendar, technology set and template contracting assumptions; not a company-announced project"
CAND-FC0AA3F9FE37C6,JFE_STEEL_JP,JFE Steel,P3,균형형 라이트헤지,PORT-E5F3D5116135,DISCLOSED_PATH,4,2029,2036,0.0,0.558333,0.408333,0.033333,0.3,0.25,0.35,0.25,0.015,321.408363,JFE-CHIBA:SCRAP_EAF:2036|JFE-FUKU:H2_DRI_EAF:2033|JFE-KURA:SCRAP_EAF:2029|JFE-SENDAI:EAF_RENEWABLE:2033,model_generated_candidate,"Generated from disclosed-path facility calendar, technology set and template contracting assumptions; not a company-announced project"
CAND-FCDB7C1BD7991A,JFE_STEEL_JP,JFE Steel,P1,지연·현물조달,PORT-51A2628EF9C2,DISCLOSED_PATH,4,2029,2036,0.0,0.308333,0.658333,0.033333,0.0,0.0,0.1,0.0,0.0,328.220861,JFE-CHIBA:H2_DRI_EAF:2036|JFE-FUKU:H2_DRI_EAF:2033|JFE-KURA:SCRAP_EAF:2029|JFE-SENDAI:EAF_RENEWABLE:2033,model_generated_candidate,"Generated from disclosed-path facility calendar, technology set and template contracting assumptions; not a company-announced project"
CAND-FEEEE79CE73C24,JFE_STEEL_JP,JFE Steel,P2,지연·부분헤지,PORT-7F45069F34E3,DISCLOSED_PATH,4,2029,2036,0.308333,0.25,0.408333,0.033333,0.15,0.1,0.2,0.1,0.01,203.088353,JFE-CHIBA:SCRAP_EAF:2036|JFE-FUKU:H2_DRI_EAF:2033|JFE-KURA:BF_RELINE:2029|JFE-SENDAI:EAF_RENEWABLE:2033,model_generated_candidate,"Generated from disclosed-path facility calendar, technology set and template contracting assumptions; not a company-announced project"
CAND-FFE34BEEEA3D2A,JFE_STEEL_JP,JFE Steel,P1,지연·현물조달,PORT-183A0BF03169,DISCLOSED_PATH,4,2029,2036,0.966667,0.0,0.0,0.033333,0.0,0.0,0.1,0.0,0.0,41.175913,JFE-CHIBA:BF_RELINE:2036|JFE-FUKU:BF_RELINE:2033|JFE-KURA:BF_RELINE:2029|JFE-SENDAI:EAF_RENEWABLE:2033,model_generated_candidate,"Generated from disclosed-path facility calendar, technology set and template contracting assumptions; not a company-announced project"
CAND-0E9003448A63C3,KOBE_STEEL_JP,Kobe Steel,P7,완전 수소·계약형,PORT-F194BB679477,DISCLOSED_PATH,3,2028,2034,0.0,0.0,0.977918,0.022082,1.0,0.95,0.95,0.9,0.045,131.48782,KOB-BF1:H2_DRI_EAF:2028|KOB-BF3:H2_DRI_EAF:2034|KOB-TAKA:EAF_RENEWABLE:2030,model_generated_candidate,"Generated from disclosed-path facility calendar, technology set and template contracting assumptions; not a company-announced project"
CAND-17BC99375C7C5C,KOBE_STEEL_JP,Kobe Steel,P1,지연·현물조달,PORT-3DA05887C62D,DISCLOSED_PATH,3,2029,2037,0.0,0.977918,0.0,0.022082,0.0,0.0,0.1,0.0,0.0,93.541093,KOB-BF1:SCRAP_EAF:2029|KOB-BF3:SCRAP_EAF:2037|KOB-TAKA:EAF_RENEWABLE:2033,model_generated_candidate,"Generated from disclosed-path facility calendar, technology set and template contracting assumptions; not a company-announced project"
CAND-202E0A81514742,KOBE_STEEL_JP,Kobe Steel,P2,지연·부분헤지,PORT-5EAB84C29074,DISCLOSED_PATH,3,2029,2037,0.481073,0.0,0.496845,0.022082,0.15,0.1,0.2,0.1,0.01,85.5131,KOB-BF1:H2_DRI_EAF:2029|KOB-BF3:BF_RELINE:2037|KOB-TAKA:EAF_RENEWABLE:2033,model_generated_candidate,"Generated from disclosed-path facility calendar, technology set and template contracting assumptions; not a company-announced project"
CAND-20911E55FBB215,KOBE_STEEL_JP,Kobe Steel,P3,균형형 라이트헤지,PORT-661396C334A7,DISCLOSED_PATH,3,2029,2037,0.496845,0.0,0.481073,0.022082,0.3,0.25,0.35,0.25,0.015,45.121088,KOB-BF1:BF_RELINE:2029|KOB-BF3:H2_DRI_EAF:2037|KOB-TAKA:EAF_RENEWABLE:2033,model_generated_candidate,"Generated from disclosed-path facility calendar, technology set and template contracting assumptions; not a company-announced project"
CAND-314B41E5534D98,KOBE_STEEL_JP,Kobe Steel,P3,균형형 라이트헤지,PORT-9862FC05DA24,DISCLOSED_PATH,3,2029,2037,0.0,0.0,0.977918,0.022082,0.3,0.25,0.35,0.25,0.015,105.301092,KOB-BF1:H2_DRI_EAF:2029|KOB-BF3:H2_DRI_EAF:2037|KOB-TAKA:EAF_RENEWABLE:2033,model_generated_candidate,"Generated from disclosed-path facility calendar, technology set and template contracting assumptions; not a company-announced project"
CAND-344C7E39FA18A3,KOBE_STEEL_JP,Kobe Steel,P1,지연·현물조달,PORT-661396C334A7,DISCLOSED_PATH,3,2029,2037,0.496845,0.0,0.481073,0.022082,0.0,0.0,0.1,0.0,0.0,45.121088,KOB-BF1:BF_RELINE:2029|KOB-BF3:H2_DRI_EAF:2037|KOB-TAKA:EAF_RENEWABLE:2033,model_generated_candidate,"Generated from disclosed-path facility calendar, technology set and template contracting assumptions; not a company-announced project"
CAND-352C3A40240600,KOBE_STEEL_JP,Kobe Steel,P4,균형형 전환,PORT-0095E30DB97C,DISCLOSED_PATH,3,2028,2036,0.0,0.0,0.977918,0.022082,0.5,0.45,0.5,0.4,0.02,118.419093,KOB-BF1:H2_DRI_EAF:2028|KOB-BF3:H2_DRI_EAF:2036|KOB-TAKA:EAF_RENEWABLE:2032,model_generated_candidate,"Generated from disclosed-path facility calendar, technology set and template contracting assumptions; not a company-announced project"
CAND-4D158AE8BC3521,KOBE_STEEL_JP,Kobe Steel,P3,균형형 라이트헤지,PORT-1144EBE63B41,DISCLOSED_PATH,3,2029,2037,0.0,0.481073,0.496845,0.022082,0.3,0.25,0.35,0.25,0.015,102.391093,KOB-BF1:H2_DRI_EAF:2029|KOB-BF3:SCRAP_EAF:2037|KOB-TAKA:EAF_RENEWABLE:2033,model_generated_candidate,"Generated from disclosed-path facility calendar, technology set and template contracting assumptions; not a company-announced project"
CAND-7994EC1E34FADB,KOBE_STEEL_JP,Kobe Steel,P4,균형형 전환,PORT-ED997010A5D3,DISCLOSED_PATH,3,2028,2036,0.481073,0.0,0.496845,0.022082,0.5,0.45,0.5,0.4,0.02,93.684102,KOB-BF1:H2_DRI_EAF:2028|KOB-BF3:BF_RELINE:2036|KOB-TAKA:EAF_RENEWABLE:2032,model_generated_candidate,"Generated from disclosed-path facility calendar, technology set and template contracting assumptions; not a company-announced project"
CAND-7F0A690E87B72D,KOBE_STEEL_JP,Kobe Steel,P2,지연·부분헤지,PORT-8384667F6B8E,DISCLOSED_PATH,3,2029,2037,0.0,0.496845,0.481073,0.022082,0.15,0.1,0.2,0.1,0.01,96.451092,KOB-BF1:SCRAP_EAF:2029|KOB-BF3:H2_DRI_EAF:2037|KOB-TAKA:EAF_RENEWABLE:2033,model_generated_candidate,"Generated from disclosed-path facility calendar, technology set and template contracting assumptions; not a company-announced project"
CAND-88A58A95717947,KOBE_STEEL_JP,Kobe Steel,P1,지연·현물조달,PORT-5EAB84C29074,DISCLOSED_PATH,3,2029,2037,0.481073,0.0,0.496845,0.022082,0.0,0.0,0.1,0.0,0.0,85.5131,KOB-BF1:H2_DRI_EAF:2029|KOB-BF3:BF_RELINE:2037|KOB-TAKA:EAF_RENEWABLE:2033,model_generated_candidate,"Generated from disclosed-path facility calendar, technology set and template contracting assumptions; not a company-announced project"
CAND-8D7AF2E68805C6,KOBE_STEEL_JP,Kobe Steel,P3,균형형 라이트헤지,PORT-5EAB84C29074,DISCLOSED_PATH,3,2029,2037,0.481073,0.0,0.496845,0.022082,0.3,0.25,0.35,0.25,0.015,85.5131,KOB-BF1:H2_DRI_EAF:2029|KOB-BF3:BF_RELINE:2037|KOB-TAKA:EAF_RENEWABLE:2033,model_generated_candidate,"Generated from disclosed-path facility calendar, technology set and template contracting assumptions; not a company-announced project"
CAND-9D068D97FB272C,KOBE_STEEL_JP,Kobe Steel,P2,지연·부분헤지,PORT-661396C334A7,DISCLOSED_PATH,3,2029,2037,0.496845,0.0,0.481073,0.022082,0.15,0.1,0.2,0.1,0.01,45.121088,KOB-BF1:BF_RELINE:2029|KOB-BF3:H2_DRI_EAF:2037|KOB-TAKA:EAF_RENEWABLE:2033,model_generated_candidate,"Generated from disclosed-path facility calendar, technology set and template contracting assumptions; not a company-announced project"
CAND-9DD8DD0C56A40D,KOBE_STEEL_JP,Kobe Steel,P3,균형형 라이트헤지,PORT-8384667F6B8E,DISCLOSED_PATH,3,2029,2037,0.0,0.496845,0.481073,0.022082,0.3,0.25,0.35,0.25,0.015,96.451092,KOB-BF1:SCRAP_EAF:2029|KOB-BF3:H2_DRI_EAF:2037|KOB-TAKA:EAF_RENEWABLE:2033,model_generated_candidate,"Generated from disclosed-path facility calendar, technology set and template contracting assumptions; not a company-announced project"
CAND-B3597FD7767497,KOBE_STEEL_JP,Kobe Steel,P1,지연·현물조달,PORT-9862FC05DA24,DISCLOSED_PATH,3,2029,2037,0.0,0.0,0.977918,0.022082,0.0,0.0,0.1,0.0,0.0,105.301092,KOB-BF1:H2_DRI_EAF:2029|KOB-BF3:H2_DRI_EAF:2037|KOB-TAKA:EAF_RENEWABLE:2033,model_generated_candidate,"Generated from disclosed-path facility calendar, technology set and template contracting assumptions; not a company-announced project"
CAND-B51B2DE2F2D28C,KOBE_STEEL_JP,Kobe Steel,P4,균형형 전환,PORT-8A59F01B884D,DISCLOSED_PATH,3,2028,2036,0.0,0.481073,0.496845,0.022082,0.5,0.45,0.5,0.4,0.02,114.781594,KOB-BF1:H2_DRI_EAF:2028|KOB-BF3:SCRAP_EAF:2036|KOB-TAKA:EAF_RENEWABLE:2032,model_generated_candidate,"Generated from disclosed-path facility calendar, technology set and template contracting assumptions; not a company-announced project"
CAND-B928C0FFDA3842,KOBE_STEEL_JP,Kobe Steel,P1,지연·현물조달,PORT-D7B02E3224C4,DISCLOSED_PATH,3,2029,2037,0.481073,0.496845,0.0,0.022082,0.0,0.0,0.1,0.0,0.0,76.663099,KOB-BF1:SCRAP_EAF:2029|KOB-BF3:BF_RELINE:2037|KOB-TAKA:EAF_RENEWABLE:2033,model_generated_candidate,"Generated from disclosed-path facility calendar, technology set and template contracting assumptions; not a company-announced project"
CAND-C9A7A01CF97824,KOBE_STEEL_JP,Kobe Steel,P6,조기 고헤지,PORT-6AF097B8F6F8,DISCLOSED_PATH,3,2028,2035,0.0,0.0,0.977918,0.022082,0.9,0.85,0.85,0.8,0.035,124.953456,KOB-BF1:H2_DRI_EAF:2028|KOB-BF3:H2_DRI_EAF:2035|KOB-TAKA:EAF_RENEWABLE:2031,model_generated_candidate,"Generated from disclosed-path facility calendar, technology set and template contracting assumptions; not a company-announced project"
CAND-C9EAFC0F482485,KOBE_STEEL_JP,Kobe Steel,P2,지연·부분헤지,PORT-1144EBE63B41,DISCLOSED_PATH,3,2029,2037,0.0,0.481073,0.496845,0.022082,0.15,0.1,0.2,0.1,0.01,102.391093,KOB-BF1:H2_DRI_EAF:2029|KOB-BF3:SCRAP_EAF:2037|KOB-TAKA:EAF_RENEWABLE:2033,model_generated_candidate,"Generated from disclosed-path facility calendar, technology set and template contracting assumptions; not a company-announced project"
CAND-CE22CF7F8F72DA,KOBE_STEEL_JP,Kobe Steel,P2,지연·부분헤지,PORT-9862FC05DA24,DISCLOSED_PATH,3,2029,2037,0.0,0.0,0.977918,0.022082,0.15,0.1,0.2,0.1,0.01,105.301092,KOB-BF1:H2_DRI_EAF:2029|KOB-BF3:H2_DRI_EAF:2037|KOB-TAKA:EAF_RENEWABLE:2033,model_generated_candidate,"Generated from disclosed-path facility calendar, technology set and template contracting assumptions; not a company-announced project"
CAND-D80CE96AA3B5C1,KOBE_STEEL_JP,Kobe Steel,P1,지연·현물조달,PORT-8384667F6B8E,DISCLOSED_PATH,3,2029,2037,0.0,0.496845,0.481073,0.022082,0.0,0.0,0.1,0.0,0.0,96.451092,KOB-BF1:SCRAP_EAF:2029|KOB-BF3:H2_DRI_EAF:2037|KOB-TAKA:EAF_RENEWABLE:2033,model_generated_candidate,"Generated from disclosed-path facility calendar, technology set and template contracting assumptions; not a company-announced project"
CAND-DCD679F188D852,KOBE_STEEL_JP,Kobe Steel,P1,지연·현물조달,PORT-1144EBE63B41,DISCLOSED_PATH,3,2029,2037,0.0,0.481073,0.496845,0.022082,0.0,0.0,0.1,0.0,0.0,102.391093,KOB-BF1:H2_DRI_EAF:2029|KOB-BF3:SCRAP_EAF:2037|KOB-TAKA:EAF_RENEWABLE:2033,model_generated_candidate,"Generated from disclosed-path facility calendar, technology set and template contracting assumptions; not a company-announced project"
CAND-DDE822F7D41D2E,KOBE_STEEL_JP,Kobe Steel,P5,조기 계약형 전환,PORT-0095E30DB97C,DISCLOSED_PATH,3,2028,2036,0.0,0.0,0.977918,0.022082,0.7,0.65,0.65,0.6,0.025,118.419093,KOB-BF1:H2_DRI_EAF:2028|KOB-BF3:H2_DRI_EAF:2036|KOB-TAKA:EAF_RENEWABLE:2032,model_generated_candidate,"Generated from disclosed-path facility calendar, technology set and template contracting assumptions; not a company-announced project"
CAND-E9169FB41B03EE,KOBE_STEEL_JP,Kobe Steel,P1,지연·현물조달,PORT-0CA13428C264,DISCLOSED_PATH,3,2029,2037,0.496845,0.481073,0.0,0.022082,0.0,0.0,0.1,0.0,0.0,42.211089,KOB-BF1:BF_RELINE:2029|KOB-BF3:SCRAP_EAF:2037|KOB-TAKA:EAF_RENEWABLE:2033,model_generated_candidate,"Generated from disclosed-path facility calendar, technology set and template contracting assumptions; not a company-announced project"
CAND-F3EC79559B1773,KOBE_STEEL_JP,Kobe Steel,P1,지연·현물조달,PORT-B0BA3BE7A418,DISCLOSED_PATH,3,2029,2037,0.977918,0.0,0.0,0.022082,0.0,0.0,0.1,0.0,0.0,25.333096,KOB-BF1:BF_RELINE:2029|KOB-BF3:BF_RELINE:2037|KOB-TAKA:EAF_RENEWABLE:2033,model_generated_candidate,"Generated from disclosed-path facility calendar, technology set and template contracting assumptions; not a company-announced project"
