company_id,company_name,country_code,reported_production_mt,reported_scope12_emissions_mtco2,scenario_id,portfolio_origin_scenario_id,portfolio_id,candidate_id,template_plan_id,physical_portfolio_id,common_avoided_emissions_mtco2,deterministic_economic_npv_bn_krw,deterministic_cost_common_kkrw_per_tco2,carbon_budget_feasible,scenario_feasible,first_budget_breach_year,max_annual_budget_excess_mtco2,minimum_annual_budget_margin_mtco2,physical_constraints_feasible,resource_constraints_feasible,construction_concurrency_feasible,failure_risk_constraint_feasible,first_resource_breach_year,max_scrap_supply_excess_mt,max_hydrogen_supply_excess_mt,max_incremental_grid_excess_twh,max_concurrent_construction_projects,concurrent_construction_limit,portfolio_failure_probability,portfolio_failure_probability_limit,expected_failure_delay_years,plan_id,plan_name,is_disclosed_plan,aligned_capex_bn_krw,peak_capex_year,peak_capex_bn_krw,expected_cost_p50_kkrw_per_tco2,expected_cost_p50_bn_krw,absolute_npv_p50_bn_krw,absolute_npv_p90_bn_krw,scenario_avoided_emissions_mtco2,net_economic_cost_p50_kkrw_per_tco2_common_denominator,net_cash_cost_after_support_p50_kkrw_per_tco2_common_denominator,cash_cost_before_support_p50_bn_krw,net_cash_cost_after_support_p50_bn_krw,net_cash_cost_after_support_p90_bn_krw,avoided_carbon_cost_value_p50_bn_krw,policy_support_value_p50_bn_krw,cash_policy_p50_nonadditivity_bn_krw,economic_cost_p50_identity_delta_bn_krw,p90_cost_kkrw_per_tco2,tcar_kkrw_per_tco2,gross_cost_p50_kkrw_per_tco2,policy_support_dependence_kkrw_per_tco2,electricity_variance_share,hydrogen_variance_share,capex_variance_share,policy_uncertainty_exposure_kkrw_per_tco2,flexibility_value_kkrw_per_tco2,avoided_emissions_mtco2,p90_net_cost_bn_krw,p90_cost_to_ebitda_x,p90_cost_to_annual_capex_x,capex_cost_p50_bn_krw,fixed_opex_cost_p50_bn_krw,electricity_cost_p50_bn_krw,hydrogen_cost_p50_bn_krw,contract_premium_p50_bn_krw,carbon_value_p50_bn_krw,policy_support_p50_bn_krw,component_reconciliation_p50_bn_krw,candidate_path_count,is_generated_candidate,scenario_regret_p50_kkrw_per_tco2
POSCO_KR,POSCO,KR,34.537,69.84605,DISCLOSED_PATH,DISCLOSED_PATH,PORT-8826D0B469EE,CAND-6339E6B83A8408,P3,PORT-8826D0B469EE,429.154227,26569.752,61.911896,True,True,,0.0,2.0275124185786808e-05,True,True,True,True,,0.0,0.0,0.0,3,3,0.459336608,0.65,2.02,P3,균형형 라이트헤지,False,27588.0,2037,9270.0,65.446732,28086.742,28086.742,33880.342,429.154227,65.446732,101.695452,47628.532,43643.033,49436.634,15556.292,3906.136,-79.362,-0.0,78.946775,13.500043,74.733599,9.286867,0.0,0.0,0.0,0.0,0.0,429.154227,33880.342,8.009537,14.332283,13015.366,1500.071,9390.654,23547.359,191.41,-15556.292,-4064.886,63.059,100,True,56.756198
POSCO_KR,POSCO,KR,34.537,69.84605,ACCELERATED_15C,DISCLOSED_PATH,PORT-8826D0B469EE,CAND-6339E6B83A8408,P3,PORT-8826D0B469EE,429.154227,21116.24,49.204315,True,True,,0.0,2.0275124185786808e-05,True,True,True,True,,0.0,0.0,0.0,3,3,0.459336608,0.65,2.02,P3,균형형 라이트헤지,False,27588.0,2037,9270.0,52.849375,22680.533,22680.533,28749.789,429.154227,52.849375,105.812761,51045.574,45409.994,51479.25,22729.461,5480.094,-155.486,-0.0,66.99174,14.142365,65.981204,13.131829,0.0,0.0,0.0,0.0,0.0,429.154227,28749.789,6.79664,12.161923,13015.366,1500.071,10473.25,25758.302,204.242,-22729.461,-5680.21,138.972,100,True,32.184047
POSCO_KR,POSCO,KR,34.537,69.84605,DISCLOSED_PATH,DISCLOSED_PATH,PORT-8826D0B469EE,CAND-82FF2AA13BA34C,P2,PORT-8826D0B469EE,429.154227,27287.38,63.584089,True,True,,0.0,2.0275124185786808e-05,True,True,True,True,,0.0,0.0,0.0,3,3,0.459336608,0.65,2.02,P2,지연·부분헤지,False,27588.0,2037,9270.0,68.034664,29197.364,29197.364,36406.259,429.154227,68.034664,104.283385,47840.446,44753.655,51962.551,15556.292,3042.358,-44.433,-0.0,84.832577,16.797913,75.227394,7.19273,0.0,0.0,0.0,0.0,0.0,429.154227,36406.259,8.606681,15.400813,13182.743,1500.071,9387.188,23747.183,61.239,-15556.292,-3217.503,92.735,100,True,59.34413
POSCO_KR,POSCO,KR,34.537,69.84605,ACCELERATED_15C,DISCLOSED_PATH,PORT-8826D0B469EE,CAND-82FF2AA13BA34C,P2,PORT-8826D0B469EE,429.154227,22213.621,51.761393,True,True,,0.0,2.0275124185786808e-05,True,True,True,True,,0.0,0.0,0.0,3,3,0.459336608,0.65,2.02,P2,지연·부분헤지,False,27588.0,2037,9270.0,56.36654,24189.939,24189.939,31904.006,429.154227,56.36654,109.329927,51288.15,46919.4,54633.467,22729.461,4213.282,-155.468,0.0,74.341585,17.975045,66.546446,10.179906,0.0,0.0,0.0,0.0,0.0,429.154227,31904.006,7.542318,13.49624,13983.749,1500.071,10628.365,25414.044,64.983,-22729.461,-4512.094,-159.717,100,True,35.701212
POSCO_KR,POSCO,KR,34.537,69.84605,DISCLOSED_PATH,DISCLOSED_PATH,PORT-8826D0B469EE,CAND-C9724A8933A429,P1,PORT-8826D0B469EE,429.154227,27787.608,64.749702,True,True,,0.0,2.0275124185786808e-05,True,True,True,True,,0.0,0.0,0.0,3,3,0.459336608,0.65,2.02,P1,지연·현물조달,False,27588.0,2037,9270.0,69.819085,29963.155,29963.155,38297.734,429.154227,69.819085,106.067806,48011.107,45519.447,53854.026,15556.292,2398.568,-93.092,-0.0,89.240026,19.420941,75.625063,5.805978,0.0,0.0,0.0,0.0,0.0,429.154227,38297.734,9.053838,16.200957,14195.459,1500.071,9544.986,23119.655,0.0,-15556.292,-2734.027,-106.696,100,True,61.128551
POSCO_KR,POSCO,KR,34.537,69.84605,ACCELERATED_15C,DISCLOSED_PATH,PORT-8826D0B469EE,CAND-C9724A8933A429,P1,PORT-8826D0B469EE,429.154227,22967.067,53.517047,True,True,,0.0,2.0275124185786808e-05,True,True,True,True,,0.0,0.0,0.0,3,3,0.459336608,0.65,2.02,P1,지연·현물조달,False,27588.0,2037,9270.0,58.804538,25236.216,25236.216,34278.411,429.154227,58.804538,111.767925,51483.639,47965.677,57007.872,22729.461,3253.433,-264.529,-0.0,79.87434,21.069802,67.001969,8.197431,0.0,0.0,0.0,0.0,0.0,429.154227,34278.411,8.103643,14.500677,14195.459,1500.071,10654.615,25495.272,0.0,-22729.461,-3704.674,-175.067,100,True,38.13921
POSCO_KR,POSCO,KR,34.537,69.84605,DISCLOSED_PATH,DISCLOSED_PATH,PORT-96133A6427FE,CAND-921D50D4015721,P3,PORT-96133A6427FE,430.20423,28331.133,65.855078,True,True,,0.0,2.0275124185786808e-05,True,True,True,True,,0.0,0.0,0.0,2,3,0.45933660799999987,0.65,2.02,P3,균형형 라이트헤지,False,26602.0,2037,9270.0,68.422014,29435.44,29435.44,35356.062,430.20423,68.422014,104.679065,48884.834,45033.377,50953.999,15597.937,3904.028,52.571,0.0,82.184367,13.762353,77.374639,8.952625,0.0,0.0,0.0,0.0,0.0,430.20423,35356.062,8.358407,14.956552,11753.358,1534.895,9857.74,25560.445,197.705,-15597.937,-3888.971,18.205,100,True,59.73148
POSCO_KR,POSCO,KR,34.537,69.84605,ACCELERATED_15C,DISCLOSED_PATH,PORT-96133A6427FE,CAND-921D50D4015721,P3,PORT-96133A6427FE,430.20423,22859.063,53.135375,True,True,,0.0,2.0275124185786808e-05,True,True,True,True,,0.0,0.0,0.0,2,3,0.45933660799999987,0.65,2.02,P3,균형형 라이트헤지,False,26602.0,2037,9270.0,55.865896,24033.745,24033.745,30305.588,430.20423,55.865896,108.825536,52302.096,46817.206,53089.05,22783.461,5469.327,-15.563,0.0,70.444654,14.578758,68.615399,12.749503,0.0,0.0,0.0,0.0,0.0,430.20423,30305.588,7.164442,12.820067,12473.116,1534.895,10912.615,27294.51,210.636,-22783.461,-5609.99,1.424,100,True,35.200568
POSCO_KR,POSCO,KR,34.537,69.84605,DISCLOSED_PATH,DISCLOSED_PATH,PORT-96133A6427FE,CAND-4EF614D30D6D91,P2,PORT-96133A6427FE,430.20423,29134.516,67.722522,True,True,,0.0,2.0275124185786808e-05,True,True,True,True,,0.0,0.0,0.0,2,3,0.45933660799999987,0.65,2.02,P2,지연·부분헤지,False,26602.0,2037,9270.0,70.929968,30514.372,30514.372,37895.143,430.20423,70.929968,107.187019,48964.034,46112.309,53493.08,15597.937,2997.632,145.907,0.0,88.086403,17.156436,77.558739,6.628771,0.0,0.0,0.0,0.0,0.0,430.20423,37895.143,8.958663,16.030651,11703.482,1534.895,9966.494,25723.79,62.708,-15597.937,-2903.499,24.439,100,True,62.239434
POSCO_KR,POSCO,KR,34.537,69.84605,ACCELERATED_15C,DISCLOSED_PATH,PORT-96133A6427FE,CAND-4EF614D30D6D91,P2,PORT-96133A6427FE,430.20423,24083.473,55.981487,True,True,,0.0,2.0275124185786808e-05,True,True,True,True,,0.0,0.0,0.0,2,3,0.45933660799999987,0.65,2.02,P2,지연·부분헤지,False,26602.0,2037,9270.0,59.369372,25540.955,25540.955,33523.197,430.20423,59.369372,112.329013,52407.087,48324.416,56306.658,22783.461,4111.855,29.185,0.0,77.923913,18.554541,68.859448,9.490076,0.0,0.0,0.0,0.0,0.0,430.20423,33523.197,7.925106,14.181201,12589.339,1534.895,11017.826,27372.118,66.478,-22783.461,-4254.298,-1.942,100,True,38.704044
POSCO_KR,POSCO,KR,34.537,69.84605,DISCLOSED_PATH,DISCLOSED_PATH,PORT-96133A6427FE,CAND-44C957BBFA61A4,P1,PORT-96133A6427FE,430.20423,29693.364,69.021552,True,True,,0.0,2.0275124185786808e-05,True,True,True,True,,0.0,0.0,0.0,2,3,0.45933660799999987,0.65,2.02,P1,지연·현물조달,False,26602.0,2037,9270.0,72.794681,31316.58,31316.58,39786.829,430.20423,72.794681,109.051732,49093.199,46914.516,55384.766,15597.937,2339.905,161.223,0.0,92.483583,19.688903,77.858979,5.064299,0.0,0.0,0.0,0.0,0.0,430.20423,39786.829,9.40587,16.830884,11670.232,1534.895,10075.248,25832.686,0.0,-15597.937,-2240.905,42.36,100,True,64.104147
POSCO_KR,POSCO,KR,34.537,69.84605,ACCELERATED_15C,DISCLOSED_PATH,PORT-96133A6427FE,CAND-44C957BBFA61A4,P1,PORT-96133A6427FE,430.20423,24922.922,57.932769,True,True,,0.0,2.0275124185786808e-05,True,True,True,True,,0.0,0.0,0.0,2,3,0.45933660799999987,0.65,2.02,P1,지연·현물조달,False,26602.0,2037,9270.0,61.841675,26604.55,26604.55,35917.777,430.20423,61.841675,114.801315,52560.369,49388.012,58701.238,22783.461,3171.501,-0.856,0.0,83.490059,21.648384,69.215747,7.374072,0.0,0.0,0.0,0.0,0.0,430.20423,35917.777,8.4912,15.194172,13234.888,1534.895,10914.656,27148.072,0.0,-22783.461,-3456.148,11.649,100,True,41.176347
POSCO_KR,POSCO,KR,34.537,69.84605,DISCLOSED_PATH,DISCLOSED_PATH,PORT-A620DB8F058C,CAND-1205E8D72A4654,P3,PORT-A620DB8F058C,434.951232,32983.849,75.833442,True,True,,0.0,2.0275124185786808e-05,True,True,True,True,,0.0,0.0,0.0,3,3,0.45933660799999987,0.65,2.02,P3,균형형 라이트헤지,False,26602.0,2035,9270.0,78.084079,33962.766,33962.766,40409.285,434.951232,78.084079,114.347005,54162.706,49735.371,56181.889,15772.604,4328.879,-98.456,0.0,92.905323,14.821244,88.263004,10.178925,0.0,0.0,0.0,0.0,0.0,434.951232,40409.285,9.553022,17.094199,13515.988,1610.686,9320.264,29611.857,217.093,-15772.604,-4471.174,-69.344,100,True,69.393545
POSCO_KR,POSCO,KR,34.537,69.84605,ACCELERATED_15C,DISCLOSED_PATH,PORT-A620DB8F058C,CAND-1205E8D72A4654,P3,PORT-A620DB8F058C,434.951232,27648.537,63.566982,True,True,,0.0,2.0275124185786808e-05,True,True,True,True,,0.0,0.0,0.0,3,3,0.45933660799999987,0.65,2.02,P3,균형형 라이트헤지,False,26602.0,2035,9270.0,66.0876,28744.883,28744.883,35628.571,434.951232,66.0876,119.058291,57952.015,51784.55,58668.238,23039.667,6067.161,-100.303,0.0,81.913944,15.826344,80.267268,14.179668,0.0,0.0,0.0,0.0,0.0,434.951232,35628.571,8.42283,15.07183,12141.92,1610.686,10588.629,33239.268,231.463,-23039.667,-6066.155,38.739,100,True,45.422272
POSCO_KR,POSCO,KR,34.537,69.84605,DISCLOSED_PATH,DISCLOSED_PATH,PORT-A620DB8F058C,CAND-0CC63FAC54D3C0,P2,PORT-A620DB8F058C,434.951232,33966.321,78.092252,True,True,,0.0,2.0275124185786808e-05,True,True,True,True,,0.0,0.0,0.0,3,3,0.45933660799999987,0.65,2.02,P2,지연·부분헤지,False,26602.0,2035,9270.0,80.879782,35178.761,35178.761,43253.811,434.951232,80.879782,117.142708,54272.618,50951.365,59026.416,15772.604,3150.421,-170.831,-0.0,99.445198,18.565416,88.515701,7.635919,0.0,0.0,0.0,0.0,0.0,434.951232,43253.811,10.225487,18.297509,12686.71,1610.686,9203.198,30553.192,67.961,-15772.604,-3246.014,75.633,100,True,72.189248
POSCO_KR,POSCO,KR,34.537,69.84605,ACCELERATED_15C,DISCLOSED_PATH,PORT-A620DB8F058C,CAND-0CC63FAC54D3C0,P2,PORT-A620DB8F058C,434.951232,29139.23,66.994246,True,True,,0.0,2.0275124185786808e-05,True,True,True,True,,0.0,0.0,0.0,3,3,0.45933660799999987,0.65,2.02,P2,지연·부분헤지,False,26602.0,2035,9270.0,70.160301,30516.309,30516.309,39320.406,434.951232,70.160301,123.130992,58078.138,53555.977,62360.074,23039.667,4345.092,-177.069,-0.0,90.401874,20.241573,80.557241,10.39694,0.0,0.0,0.0,0.0,0.0,434.951232,39320.406,9.295604,16.633575,12133.669,1610.686,10657.653,33416.148,72.11,-23039.667,-4358.094,23.804,100,True,49.494973
POSCO_KR,POSCO,KR,34.537,69.84605,DISCLOSED_PATH,DISCLOSED_PATH,PORT-A620DB8F058C,CAND-F5CF3CBE63EF2D,P1,PORT-A620DB8F058C,434.951232,34647.983,79.659466,True,True,,0.0,2.0275124185786808e-05,True,True,True,True,,0.0,0.0,0.0,3,3,0.45933660799999987,0.65,2.02,P1,지연·현물조달,False,26602.0,2035,9270.0,82.820213,36022.754,36022.754,45400.016,434.951232,82.820213,119.083139,54381.031,51795.358,61172.62,15772.604,2346.386,-239.287,-0.0,104.379554,21.55934,88.764956,5.944742,0.0,0.0,0.0,0.0,0.0,434.951232,45400.016,10.732864,19.20541,12750.339,1610.686,9201.839,30638.037,0.0,-15772.604,-2485.77,80.227,100,True,74.129679
POSCO_KR,POSCO,KR,34.537,69.84605,ACCELERATED_15C,DISCLOSED_PATH,PORT-A620DB8F058C,CAND-F5CF3CBE63EF2D,P1,PORT-A620DB8F058C,434.951232,30159.483,69.339919,True,True,,0.0,2.0275124185786808e-05,True,True,True,True,,0.0,0.0,0.0,3,3,0.45933660799999987,0.65,2.02,P1,지연·현물조달,False,26602.0,2035,9270.0,72.99255,31748.199,31748.199,42074.756,434.951232,72.99255,125.963241,58212.727,54787.867,65114.423,23039.667,3180.047,-244.814,0.0,96.734421,23.741871,80.866675,7.874125,0.0,0.0,0.0,0.0,0.0,434.951232,42074.756,9.946751,17.798737,12128.168,1610.686,10726.677,33534.069,0.0,-23039.667,-3211.91,0.176,100,True,52.327222
POSCO_KR,POSCO,KR,34.537,69.84605,DISCLOSED_PATH,DISCLOSED_PATH,PORT-66E75B54664A,CAND-7D117A922A194C,P5,PORT-66E75B54664A,505.60626,45805.939,90.596068,True,True,,0.0,2.0275124185786808e-05,True,True,True,True,,0.0,0.0,0.0,3,3,0.5181043679999999,0.65,2.5,P5,조기 계약형 전환,False,30104.0,2036,9270.0,91.732535,46380.544,46380.544,50307.518,505.60626,91.732535,127.993341,75037.393,64714.234,68641.208,18333.69,10316.354,-6.806,0.0,99.499397,7.766862,112.149923,20.417388,0.0,0.0,0.0,0.0,0.0,505.60626,50307.518,11.89303,21.281414,15115.99,2046.417,10305.004,46424.291,1168.105,-18333.69,-10322.088,-23.483,100,True,83.042001
POSCO_KR,POSCO,KR,34.537,69.84605,ACCELERATED_15C,DISCLOSED_PATH,PORT-66E75B54664A,CAND-7D117A922A194C,P5,PORT-66E75B54664A,505.60626,38239.862,75.631703,True,True,,0.0,2.0275124185786808e-05,True,True,True,True,,0.0,0.0,0.0,3,3,0.5181043679999999,0.65,2.5,P5,조기 계약형 전환,False,30104.0,2036,9270.0,76.616907,38737.988,38737.988,42656.049,505.60626,76.616907,129.409822,80170.809,65430.416,69348.477,26692.429,14740.925,0.533,0.0,84.366141,7.749234,105.770803,29.153896,0.0,0.0,0.0,0.0,0.0,505.60626,42656.049,10.084172,18.04464,15115.99,2046.417,11446.781,50406.383,1252.055,-26692.429,-14779.642,-57.568,100,True,55.951579
POSCO_KR,POSCO,KR,34.537,69.84605,DISCLOSED_PATH,DISCLOSED_PATH,PORT-66E75B54664A,CAND-00B5592B22DA24,P4,PORT-66E75B54664A,505.60626,47712.268,94.36645,True,True,,0.0,2.0275124185786808e-05,True,True,True,True,,0.0,0.0,0.0,3,3,0.5181043679999999,0.65,2.5,P4,균형형 전환,False,30104.0,2036,9270.0,96.09574,48586.608,48586.608,55059.383,505.60626,96.09574,132.356546,74885.204,66920.298,73393.073,18333.69,7925.277,-39.629,0.0,108.897748,12.802008,111.848919,15.753179,0.0,0.0,0.0,0.0,0.0,505.60626,55059.383,13.016403,23.291579,15255.381,2046.417,10283.829,46689.194,664.921,-18333.69,-7950.508,-68.936,100,True,87.405206
POSCO_KR,POSCO,KR,34.537,69.84605,ACCELERATED_15C,DISCLOSED_PATH,PORT-66E75B54664A,CAND-00B5592B22DA24,P4,PORT-66E75B54664A,505.60626,41224.578,81.534944,True,True,,0.0,2.0275124185786808e-05,True,True,True,True,,0.0,0.0,0.0,3,3,0.5181043679999999,0.65,2.5,P4,균형형 전환,False,30104.0,2036,9270.0,83.160438,42046.438,42046.438,48965.335,505.60626,83.160438,135.953353,79964.709,68738.866,75657.763,26692.429,11272.962,47.119,0.0,96.844795,13.684358,105.363174,22.202737,0.0,0.0,0.0,0.0,0.0,505.60626,48965.335,11.575729,20.713635,14904.551,2046.417,11957.293,50125.674,711.767,-26692.429,-11097.44,90.605,100,True,62.49511
POSCO_KR,POSCO,KR,34.537,69.84605,DISCLOSED_PATH,DISCLOSED_PATH,PORT-077F7C54FB04,CAND-DDC1E605504409,P3,PORT-077F7C54FB04,444.454229,42079.057,94.675795,True,True,,0.0,2.0275124185786808e-05,True,True,True,True,,0.0,0.0,0.0,3,3,0.5181043679999999,0.65,2.5,P3,균형형 라이트헤지,False,30104.0,2037,9270.0,97.896679,43510.593,43510.593,51825.637,444.454229,97.896679,134.151697,65174.095,59624.289,67939.333,16113.696,5475.556,-74.25,0.0,116.605116,18.708437,110.383468,12.486789,0.0,0.0,0.0,0.0,0.0,444.454229,51825.637,12.251924,21.923619,14714.966,1740.073,8951.799,39534.917,258.476,-16113.696,-5575.966,0.025,100,True,89.206145
POSCO_KR,POSCO,KR,34.537,69.84605,ACCELERATED_15C,DISCLOSED_PATH,PORT-077F7C54FB04,CAND-DDC1E605504409,P3,PORT-077F7C54FB04,444.454229,36961.099,83.160643,True,True,,0.0,2.0275124185786808e-05,True,True,True,True,,0.0,0.0,0.0,3,3,0.5181043679999999,0.65,2.5,P3,균형형 라이트헤지,False,30104.0,2037,9270.0,86.743127,38553.35,38553.35,47455.735,444.454229,86.743127,139.717034,69747.06,62097.827,71000.212,23544.477,7764.738,115.505,0.0,106.773053,20.029926,103.953523,17.210396,0.0,0.0,0.0,0.0,0.0,444.454229,47455.735,11.21885,20.075034,13162.546,1740.073,10910.606,43398.166,275.943,-23544.477,-7407.905,18.398,100,True,66.077799
POSCO_KR,POSCO,KR,34.537,69.84605,DISCLOSED_PATH,DISCLOSED_PATH,PORT-077F7C54FB04,CAND-E3FBD935777392,P2,PORT-077F7C54FB04,444.454229,43357.284,97.55174,True,True,,0.0,2.0275124185786808e-05,True,True,True,True,,0.0,0.0,0.0,3,3,0.5181043679999999,0.65,2.5,P2,지연·부분헤지,False,30104.0,2037,9270.0,101.598983,45156.098,45156.098,55573.302,444.454229,101.598983,137.854,65286.979,61269.793,71686.998,16113.696,3955.203,-61.983,0.0,125.037177,23.438194,110.637451,9.038469,0.0,0.0,0.0,0.0,0.0,444.454229,55573.302,13.137896,23.50898,14875.421,1740.073,8948.88,39733.746,80.028,-16113.696,-4118.277,9.923,100,True,92.908449
POSCO_KR,POSCO,KR,34.537,69.84605,ACCELERATED_15C,DISCLOSED_PATH,PORT-077F7C54FB04,CAND-E3FBD935777392,P2,PORT-077F7C54FB04,444.454229,38895.052,87.511941,True,True,,0.0,2.0275124185786808e-05,True,True,True,True,,0.0,0.0,0.0,3,3,0.5181043679999999,0.65,2.5,P2,지연·부분헤지,False,30104.0,2037,9270.0,92.113991,40940.453,40940.453,52336.041,444.454229,92.113991,145.087898,69934.88,64484.93,75880.518,23544.477,5459.906,9.956,-0.0,117.753499,25.639508,104.376108,12.262117,0.0,0.0,0.0,0.0,0.0,444.454229,52336.041,12.372586,22.139533,16113.012,1740.073,10132.934,42393.792,84.993,-23544.477,-5952.233,-27.641,100,True,71.448663
POSCO_KR,POSCO,KR,34.537,69.84605,DISCLOSED_PATH,DISCLOSED_PATH,PORT-077F7C54FB04,CAND-A6713428AA1463,P1,PORT-077F7C54FB04,444.454229,44242.217,99.542796,True,True,,0.0,2.0275124185786808e-05,True,True,True,True,,0.0,0.0,0.0,3,3,0.5181043679999999,0.65,2.5,P1,지연·현물조달,False,30104.0,2037,9270.0,104.186403,46306.087,46306.087,58286.451,444.454229,104.186403,140.44142,65459.295,62419.783,74400.147,16113.696,2939.692,-99.82,-0.0,131.141629,26.955226,111.025154,6.838751,0.0,0.0,0.0,0.0,0.0,444.454229,58286.451,13.779303,24.656715,14982.391,1740.073,8945.961,39866.298,0.0,-16113.696,-3142.256,27.316,100,True,95.495869
POSCO_KR,POSCO,KR,34.537,69.84605,ACCELERATED_15C,DISCLOSED_PATH,PORT-077F7C54FB04,CAND-A6713428AA1463,P1,PORT-077F7C54FB04,444.454229,40216.743,90.48568,True,True,,0.0,2.0275124185786808e-05,True,True,True,True,,0.0,0.0,0.0,3,3,0.5181043679999999,0.65,2.5,P1,지연·현물조달,False,30104.0,2037,9270.0,95.85227,42601.947,42601.947,55881.555,444.454229,95.85227,148.826178,70090.672,66146.424,79426.032,23544.477,3999.612,55.364,0.0,125.730731,29.878461,104.726632,8.874362,0.0,0.0,0.0,0.0,0.0,444.454229,55881.555,13.21077,23.63938,16374.681,1740.073,10158.59,42440.64,0.0,-23544.477,-4589.181,21.621,100,True,75.186942
POSCO_KR,POSCO,KR,34.537,69.84605,DISCLOSED_PATH,DISCLOSED_PATH,PORT-0E469489028A,CAND-2F5D03A613EDBE,P1,PORT-0E469489028A,261.543846,2124.876,8.124359,True,True,,0.0,2.0275124185786808e-05,True,True,True,True,,0.0,0.0,0.0,2,3,0.2589598719999999,0.65,0.7399999999999999,P1,지연·현물조달,False,15097.0,2035,5768.0,8.690534,2272.956,2272.956,4372.427,261.543846,8.690534,44.968074,12491.268,11761.123,13860.594,9488.167,678.623,-51.523,0.0,16.717759,8.027224,11.482209,2.791674,0.0,0.0,0.0,0.0,0.0,261.543846,4372.427,1.033671,1.849653,5227.533,901.658,6346.627,0.0,0.0,-9488.167,-707.599,-7.097,100,True,0.0
POSCO_KR,POSCO,KR,34.537,69.84605,ACCELERATED_15C,DISCLOSED_PATH,PORT-0E469489028A,CAND-2F5D03A613EDBE,P1,PORT-0E469489028A,261.543846,-1733.653,-6.628536,False,False,2035,19.084092670000008,-19.084092670000008,True,True,True,True,,0.0,0.0,0.0,2,3,0.2589598719999999,0.65,0.7399999999999999,P1,지연·현물조달,False,15097.0,2035,5768.0,-6.020032,-1574.502,-1574.502,649.136,261.543846,-6.020032,46.77665,13169.057,12234.145,14457.783,13808.647,905.913,-28.999,-0.0,2.481939,8.501971,-2.44544,3.574592,0.0,0.0,0.0,0.0,0.0,261.543846,649.136,0.15346,0.274602,5227.533,901.658,7047.577,0.0,0.0,-13808.647,-944.385,1.761,100,True,-26.68536
POSCO_KR,POSCO,KR,34.537,69.84605,DISCLOSED_PATH,DISCLOSED_PATH,PORT-41705C04BF44,CAND-63781C106D5099,P1,PORT-41705C04BF44,234.011233,2160.761,9.233578,True,True,,0.0,2.0275124185786808e-05,True,True,True,True,,0.0,0.0,0.0,2,3,0.2589598719999999,0.65,0.7399999999999999,P1,지연·현물조달,False,15097.0,2037,5768.0,10.481904,2452.883,2452.883,4054.77,234.011233,10.481904,46.698526,11641.542,10927.98,12529.866,8475.096,667.798,-45.764,0.0,17.327244,6.84534,13.53117,3.049266,0.0,0.0,0.0,0.0,0.0,234.011233,4054.77,0.958574,1.715275,5489.951,847.521,5324.728,0.0,0.0,-8475.096,-739.082,4.863,100,True,1.79137
POSCO_KR,POSCO,KR,34.537,69.84605,ACCELERATED_15C,DISCLOSED_PATH,PORT-41705C04BF44,CAND-63781C106D5099,P1,PORT-41705C04BF44,234.011233,-1300.659,-5.558105,False,False,2035,19.079746585000006,-19.079746585000006,True,True,True,True,,0.0,0.0,0.0,2,3,0.2589598719999999,0.65,0.7399999999999999,P1,지연·현물조달,False,15097.0,2037,5768.0,-4.426696,-1035.897,-1035.897,726.204,234.011233,-4.426696,48.231683,12255.029,11286.756,13048.856,12322.652,891.578,-76.695,-0.0,3.103287,7.529983,-0.288974,4.137722,0.0,0.0,0.0,0.0,0.0,234.011233,726.204,0.171679,0.307204,5476.771,847.521,5931.019,0.0,0.0,-12322.652,-963.557,-4.999,100,True,-25.092024
POSCO_KR,POSCO,KR,34.537,69.84605,DISCLOSED_PATH,DISCLOSED_PATH,PORT-DE64C6FAC717,CAND-455C0CE17360E6,P1,PORT-DE64C6FAC717,184.421263,1943.402,10.537843,True,True,,0.0,2.0275124185786808e-05,True,True,True,True,,0.0,0.0,0.0,2,3,0.25895987200000004,0.65,0.7399999999999999,P1,지연·현물조달,False,15748.0,2037,5768.0,12.483234,2302.174,2302.174,3898.16,184.421263,12.483234,48.605479,9574.514,8963.884,10559.87,6661.71,627.9,17.27,-0.0,21.137257,8.654023,15.794293,3.311059,0.0,0.0,0.0,0.0,0.0,184.421263,3898.16,0.921551,1.649025,5116.029,715.17,3833.956,0.0,0.0,-6661.71,-688.175,-13.096,100,True,3.7927
POSCO_KR,POSCO,KR,34.537,69.84605,ACCELERATED_15C,DISCLOSED_PATH,PORT-DE64C6FAC717,CAND-455C0CE17360E6,P1,PORT-DE64C6FAC717,184.421263,-928.666,-5.035569,False,False,2030,16.324744844999994,-16.324744844999994,True,True,True,True,,0.0,0.0,0.0,2,3,0.25895987200000004,0.65,0.7399999999999999,P1,지연·현물조달,False,15748.0,2037,5768.0,-2.750741,-507.295,-507.295,1123.455,184.421263,-2.750741,50.459552,10130.911,9305.814,10936.564,9813.109,838.109,13.012,-0.0,6.091784,8.842525,1.723235,4.473976,0.0,0.0,0.0,0.0,0.0,184.421263,1123.455,0.265592,0.475251,4393.359,715.17,4968.847,0.0,0.0,-9813.109,-769.597,-1.966,100,True,-23.416069
POSCO_KR,POSCO,KR,34.537,69.84605,DISCLOSED_PATH,DISCLOSED_PATH,PORT-CEF57596D771,CAND-9863577C4A48D7,P2,PORT-CEF57596D771,332.254237,12243.122,36.848655,True,True,,0.0,2.0275124185786808e-05,True,True,True,True,,0.0,0.0,0.0,2,3,0.367028224,0.65,1.38,P2,지연·부분헤지,False,20893.0,2037,9270.0,39.567603,13146.504,13146.504,17100.626,332.254237,39.567603,75.832397,26799.241,25195.635,29149.757,12049.131,1751.845,148.239,0.0,51.468497,11.900894,44.394046,4.826443,0.0,0.0,0.0,0.0,0.0,332.254237,17100.626,4.042701,7.234018,9096.025,1148.337,8758.198,8093.591,37.005,-12049.131,-1830.375,-107.146,100,True,30.877069
POSCO_KR,POSCO,KR,34.537,69.84605,ACCELERATED_15C,DISCLOSED_PATH,PORT-CEF57596D771,CAND-9863577C4A48D7,P2,PORT-CEF57596D771,332.254237,7840.345,23.597426,False,False,2035,6.843996639999997,-6.843996639999997,True,True,True,True,,0.0,0.0,0.0,2,3,0.367028224,0.65,1.38,P2,지연·부분헤지,False,20893.0,2037,9270.0,26.540532,8818.204,8818.204,12927.379,332.254237,26.540532,79.375236,28712.923,26372.759,30481.933,17554.554,2397.285,57.12,-0.0,38.908092,12.36756,33.583826,7.043294,0.0,0.0,0.0,0.0,0.0,332.254237,12927.379,3.056118,5.468624,7799.726,1148.337,9582.087,9946.716,39.148,-17554.554,-2157.065,13.81,100,True,5.875204
POSCO_KR,POSCO,KR,34.537,69.84605,DISCLOSED_PATH,DISCLOSED_PATH,PORT-CEF57596D771,CAND-D474BBC66D4C3C,P1,PORT-CEF57596D771,332.254237,12423.527,37.391627,True,True,,0.0,2.0275124185786808e-05,True,True,True,True,,0.0,0.0,0.0,2,3,0.367028224,0.65,1.38,P1,지연·현물조달,False,20893.0,2037,9270.0,40.62514,13497.875,13497.875,18025.107,332.254237,40.62514,76.889933,26885.631,25547.006,30074.238,12049.131,1499.59,160.965,0.0,54.250946,13.625807,44.654058,4.028918,0.0,0.0,0.0,0.0,0.0,332.254237,18025.107,4.261255,7.625098,9186.701,1148.337,8949.311,8020.525,0.0,-12049.131,-1645.306,-112.562,100,True,31.934606
POSCO_KR,POSCO,KR,34.537,69.84605,ACCELERATED_15C,DISCLOSED_PATH,PORT-CEF57596D771,CAND-D474BBC66D4C3C,P1,PORT-CEF57596D771,332.254237,8118.002,24.433103,False,False,2035,6.843996639999997,-6.843996639999997,True,True,True,True,,0.0,0.0,0.0,2,3,0.367028224,0.65,1.38,P1,지연·현물조달,False,20893.0,2037,9270.0,27.968684,9292.714,9292.714,14005.724,332.254237,27.968684,80.803389,28791.457,26847.268,31560.278,17554.554,2025.086,80.897,0.0,42.153634,14.18495,33.820194,5.851509,0.0,0.0,0.0,0.0,0.0,332.254237,14005.724,3.311046,5.924792,7449.838,1148.337,8611.451,11452.374,0.0,-17554.554,-1803.193,-11.539,100,True,7.303356
POSCO_KR,POSCO,KR,34.537,69.84605,DISCLOSED_PATH,DISCLOSED_PATH,PORT-802EEF341C7A,CAND-DA7B74C24222D6,P2,PORT-802EEF341C7A,326.164221,12389.835,37.986492,True,True,,0.0,2.0275124185786808e-05,True,True,True,True,,0.0,0.0,0.0,2,3,0.3670282239999999,0.65,1.3800000000000001,P2,지연·부분헤지,False,21792.0,2037,9270.0,41.25046,13454.424,13454.424,17067.452,326.164221,41.25046,77.451824,27083.457,25262.014,28875.042,11807.59,1790.167,-31.276,0.0,52.327788,11.077328,46.834896,5.584437,0.0,0.0,0.0,0.0,0.0,326.164221,17067.452,4.034859,7.219985,9291.949,1123.463,7146.639,9643.644,37.123,-11807.59,-1891.98,-88.823,100,True,32.559926
POSCO_KR,POSCO,KR,34.537,69.84605,ACCELERATED_15C,DISCLOSED_PATH,PORT-802EEF341C7A,CAND-DA7B74C24222D6,P2,PORT-802EEF341C7A,326.164221,8034.159,24.632251,False,False,2035,2.9289989600000013,-2.9289989600000013,True,True,True,True,,0.0,0.0,0.0,2,3,0.3670282239999999,0.65,1.3800000000000001,P2,지연·부분헤지,False,21792.0,2037,9270.0,27.947158,9115.363,9115.363,13035.821,326.164221,27.947158,80.808115,28910.273,26356.716,30277.174,17241.353,2450.987,-102.569,0.0,39.967047,12.019889,35.77621,7.829052,0.0,0.0,0.0,0.0,0.0,326.164221,13035.821,3.081754,5.514498,9291.949,1123.463,7994.645,10587.887,39.254,-17241.353,-2588.69,-91.791,100,True,7.28183
POSCO_KR,POSCO,KR,34.537,69.84605,DISCLOSED_PATH,DISCLOSED_PATH,PORT-802EEF341C7A,CAND-720A05CD8AE3E2,P1,PORT-802EEF341C7A,326.164221,12570.224,38.539554,True,True,,0.0,2.0275124185786808e-05,True,True,True,True,,0.0,0.0,0.0,2,3,0.3670282239999999,0.65,1.3800000000000001,P1,지연·현물조달,False,21792.0,2037,9270.0,42.237952,13776.509,13776.509,18004.03,326.164221,42.237952,78.439316,27207.433,25584.098,29811.62,11807.59,1537.602,-85.733,-0.0,55.19928,12.961328,47.214999,4.977048,0.0,0.0,0.0,0.0,0.0,326.164221,18004.03,4.256272,7.616182,9370.578,1123.463,7108.304,9742.806,0.0,-11807.59,-1662.144,-98.909,100,True,33.547418
POSCO_KR,POSCO,KR,34.537,69.84605,ACCELERATED_15C,DISCLOSED_PATH,PORT-802EEF341C7A,CAND-720A05CD8AE3E2,P1,PORT-802EEF341C7A,326.164221,8311.845,25.483621,False,False,2035,2.9289989600000013,-2.9289989600000013,True,True,True,True,,0.0,0.0,0.0,2,3,0.3670282239999999,0.65,1.3800000000000001,P1,지연·현물조달,False,21792.0,2037,9270.0,29.360952,9576.492,9576.492,14091.646,326.164221,29.360952,82.221909,29037.36,26817.845,31332.999,17241.353,2078.722,-140.793,0.0,43.204144,13.843193,36.165853,6.804901,0.0,0.0,0.0,0.0,0.0,326.164221,14091.646,3.331358,5.96114,9370.578,1123.463,7957.109,10695.73,0.0,-17241.353,-2246.932,-82.103,100,True,8.695624
POSCO_KR,POSCO,KR,34.537,69.84605,DISCLOSED_PATH,DISCLOSED_PATH,PORT-4FCB78A64B21,CAND-0BE357EA5504BE,P2,PORT-4FCB78A64B21,282.664267,12023.05,42.534735,True,True,,0.0,2.0275124185786808e-05,True,True,True,True,,0.0,0.0,0.0,2,3,0.3670282239999999,0.65,1.3800000000000001,P2,지연·부분헤지,False,21544.0,2037,9270.0,45.101768,12748.658,12748.658,16733.297,282.664267,45.101768,81.313437,24690.942,22984.403,26969.042,10235.745,1702.274,-4.264,0.0,59.198489,14.09672,51.139103,6.037334,0.0,0.0,0.0,0.0,0.0,282.664267,16733.297,3.955862,7.078629,8316.365,1015.986,5980.328,9400.193,34.019,-10235.745,-1709.419,-53.07,100,True,36.411234
POSCO_KR,POSCO,KR,34.537,69.84605,ACCELERATED_15C,DISCLOSED_PATH,PORT-4FCB78A64B21,CAND-0BE357EA5504BE,P2,PORT-4FCB78A64B21,282.664267,8209.26,29.04244,False,False,2030,5.470451711490618,-5.470451711490618,True,True,True,True,,0.0,0.0,0.0,2,3,0.3670282239999999,0.65,1.3800000000000001,P2,지연·부분헤지,False,21544.0,2037,9270.0,32.198158,9101.269,9101.269,13224.011,282.664267,32.198158,85.423886,26328.827,24146.28,28269.023,15045.012,2340.481,157.934,0.0,46.783456,14.585298,39.919497,7.72134,0.0,0.0,0.0,0.0,0.0,282.664267,13224.011,3.126244,5.594107,6656.759,1015.986,7932.53,10497.516,35.985,-15045.012,-1941.932,-50.565,100,True,11.53283
POSCO_KR,POSCO,KR,34.537,69.84605,DISCLOSED_PATH,DISCLOSED_PATH,PORT-4FCB78A64B21,CAND-F43ACAB6E7F085,P1,PORT-4FCB78A64B21,282.664267,12206.168,43.182564,True,True,,0.0,2.0275124185786808e-05,True,True,True,True,,0.0,0.0,0.0,2,3,0.3670282239999999,0.65,1.3800000000000001,P1,지연·현물조달,False,21544.0,2037,9270.0,46.186535,13055.283,13055.283,17644.504,282.664267,46.186535,82.398204,24770.908,23291.028,27880.249,10235.745,1475.19,-4.69,-0.0,62.422125,16.23559,51.422004,5.235469,0.0,0.0,0.0,0.0,0.0,282.664267,17644.504,4.171278,7.464093,8332.417,1015.986,5989.62,9472.304,0.0,-10235.745,-1475.712,-43.589,100,True,37.496001
POSCO_KR,POSCO,KR,34.537,69.84605,ACCELERATED_15C,DISCLOSED_PATH,PORT-4FCB78A64B21,CAND-F43ACAB6E7F085,P1,PORT-4FCB78A64B21,282.664267,8489.995,30.035614,False,False,2030,5.470451711490618,-5.470451711490618,True,True,True,True,,0.0,0.0,0.0,2,3,0.3670282239999999,0.65,1.3800000000000001,P1,지연·현물조달,False,21544.0,2037,9270.0,33.891665,9579.963,9579.963,14321.111,282.664267,33.891665,87.117394,26409.281,24624.974,29366.123,15045.012,1992.973,208.667,0.0,50.664739,16.773074,40.204125,6.31246,0.0,0.0,0.0,0.0,0.0,282.664267,14321.111,3.385606,6.05821,6465.361,1015.986,8156.867,10595.319,0.0,-15045.012,-1536.32,-72.239,100,True,13.226337
POSCO_KR,POSCO,KR,34.537,69.84605,DISCLOSED_PATH,DISCLOSED_PATH,PORT-D42DEB3BDB60,CAND-B90A406E3BDA97,P2,PORT-D42DEB3BDB60,364.533852,17040.505,46.746016,True,True,,0.0,2.0275124185786808e-05,True,True,True,True,,0.0,0.0,0.0,3,3,0.367028224,0.65,1.38,P2,지연·부분헤지,False,20893.0,2035,9270.0,49.035867,17875.234,17875.234,22624.578,364.533852,49.035867,85.347637,33106.002,31112.103,35861.447,13236.869,1900.645,-93.254,0.0,62.064408,13.02854,54.505589,5.469722,0.0,0.0,0.0,0.0,0.0,364.533852,22624.578,5.3486,9.570796,8998.442,1278.266,8242.759,14566.629,43.788,-13236.869,-1997.036,-20.744,100,True,40.345333
POSCO_KR,POSCO,KR,34.537,69.84605,ACCELERATED_15C,DISCLOSED_PATH,PORT-D42DEB3BDB60,CAND-B90A406E3BDA97,P2,PORT-D42DEB3BDB60,364.533852,12464.679,34.193476,False,False,2040,6.849092049999999,-6.849092049999999,True,True,True,True,,0.0,0.0,0.0,3,3,0.367028224,0.65,1.38,P2,지연·부분헤지,False,20893.0,2035,9270.0,36.679224,13370.819,13370.819,18571.811,364.533852,36.679224,89.614652,35382.384,32667.574,37868.566,19296.755,2616.688,-98.122,0.0,50.946739,14.267515,44.126571,7.447346,0.0,0.0,0.0,0.0,0.0,364.533852,18571.811,4.390499,7.856369,8998.442,1278.266,9171.407,15908.166,46.439,-19296.755,-2745.622,10.476,100,True,16.013896
POSCO_KR,POSCO,KR,34.537,69.84605,DISCLOSED_PATH,DISCLOSED_PATH,PORT-58F96F629E32,CAND-149176B54DA5B1,P2,PORT-58F96F629E32,243.51423,11568.344,47.505822,True,True,,0.0,2.0275124185786808e-05,True,True,True,True,,0.0,0.0,0.0,2,3,0.3395077120000001,0.65,1.22,P2,지연·부분헤지,False,18599.0,2037,9270.0,50.477676,12292.032,12292.032,15570.471,243.51423,50.477676,86.681671,22602.666,21108.22,24386.659,8816.188,1466.166,-28.28,0.0,63.940701,13.463026,56.614672,6.136996,0.0,0.0,0.0,0.0,0.0,243.51423,15570.471,3.680962,6.586722,6227.248,976.907,6122.687,9028.971,30.21,-8816.188,-1304.857,27.053,100,True,41.787142
POSCO_KR,POSCO,KR,34.537,69.84605,ACCELERATED_15C,DISCLOSED_PATH,PORT-58F96F629E32,CAND-149176B54DA5B1,P2,PORT-58F96F629E32,243.51423,8472.463,34.792476,False,False,2035,16.703997510000004,-16.703997510000004,True,True,True,True,,0.0,0.0,0.0,2,3,0.3395077120000001,0.65,1.22,P2,지연·부분헤지,False,18599.0,2037,9270.0,38.528902,9382.336,9382.336,12779.505,243.51423,38.528902,91.205339,24045.202,22209.798,25606.967,12827.462,2016.016,180.613,-0.0,52.479499,13.950598,46.066054,7.537152,0.0,0.0,0.0,0.0,0.0,243.51423,12779.505,3.02116,5.406069,6227.248,976.907,6760.737,9946.716,31.934,-12827.462,-1791.112,57.366,100,True,17.863574
POSCO_KR,POSCO,KR,34.537,69.84605,DISCLOSED_PATH,DISCLOSED_PATH,PORT-D42DEB3BDB60,CAND-12C017BA38B922,P1,PORT-D42DEB3BDB60,364.533852,17342.261,47.573801,True,True,,0.0,2.0275124185786808e-05,True,True,True,True,,0.0,0.0,0.0,3,3,0.367028224,0.65,1.38,P1,지연·현물조달,False,20893.0,2035,9270.0,50.186727,18294.761,18294.761,23763.731,364.533852,50.186727,86.498497,33151.189,31531.63,37000.6,13236.869,1534.904,-84.655,-0.0,65.189367,15.002639,54.629549,4.442822,0.0,0.0,0.0,0.0,0.0,364.533852,23763.731,5.617903,10.052688,8632.741,1278.266,8299.408,14869.851,0.0,-13236.869,-1572.071,23.435,100,True,41.496193
POSCO_KR,POSCO,KR,34.537,69.84605,ACCELERATED_15C,DISCLOSED_PATH,PORT-D42DEB3BDB60,CAND-12C017BA38B922,P1,PORT-D42DEB3BDB60,364.533852,12921.569,35.446828,False,False,2040,6.849092049999999,-6.849092049999999,True,True,True,True,,0.0,0.0,0.0,3,3,0.367028224,0.65,1.38,P1,지연·현물조달,False,20893.0,2035,9270.0,38.346376,13978.552,13978.552,20064.83,364.533852,38.346376,91.281804,35445.111,33275.307,39361.585,19296.755,2076.16,-93.644,-0.0,55.042432,16.696056,44.298645,5.952269,0.0,0.0,0.0,0.0,0.0,364.533852,20064.83,4.743459,8.487955,9027.169,1278.266,9162.08,16001.774,0.0,-19296.755,-2212.43,18.448,100,True,17.681048
POSCO_KR,POSCO,KR,34.537,69.84605,DISCLOSED_PATH,DISCLOSED_PATH,PORT-58F96F629E32,CAND-92409F72DEE5B3,P1,PORT-58F96F629E32,243.51423,11754.995,48.272311,True,True,,0.0,2.0275124185786808e-05,True,True,True,True,,0.0,0.0,0.0,2,3,0.3395077120000001,0.65,1.22,P1,지연·현물조달,False,18599.0,2037,9270.0,51.876548,12632.678,12632.678,16343.811,243.51423,51.876548,88.080543,22684.603,21448.866,25159.999,8816.188,1215.807,-19.93,-0.0,67.11645,15.239902,56.951146,5.074598,0.0,0.0,0.0,0.0,0.0,243.51423,16343.811,3.863785,6.913865,5276.902,976.907,6083.811,10087.696,0.0,-8816.188,-943.185,-33.266,100,True,43.186014
POSCO_KR,POSCO,KR,34.537,69.84605,ACCELERATED_15C,DISCLOSED_PATH,PORT-58F96F629E32,CAND-92409F72DEE5B3,P1,PORT-58F96F629E32,243.51423,8756.601,35.959299,False,False,2035,16.703997510000004,-16.703997510000004,True,True,True,True,,0.0,0.0,0.0,2,3,0.3395077120000001,0.65,1.22,P1,지연·현물조달,False,18599.0,2037,9270.0,40.416295,9841.943,9841.943,13791.308,243.51423,40.416295,93.092732,24111.8,22669.405,26618.77,12827.462,1648.653,206.258,-0.0,56.634505,16.218211,46.339544,5.923249,0.0,0.0,0.0,0.0,0.0,243.51423,13791.308,3.260356,5.834089,7426.171,976.907,5419.499,10695.73,0.0,-12827.462,-1795.328,-53.574,100,True,19.750967
POSCO_KR,POSCO,KR,34.537,69.84605,DISCLOSED_PATH,DISCLOSED_PATH,PORT-0DA980ACBA29,CAND-C5C95C9095B035,P2,PORT-0DA980ACBA29,365.583855,18887.64,51.664318,True,True,,0.0,2.0275124185786808e-05,True,True,True,True,,0.0,0.0,0.0,2,3,0.3670282239999999,0.65,1.38,P2,지연·부분헤지,False,19907.0,2032,6660.0,52.995969,19374.471,19374.471,24804.805,365.583855,52.995969,89.31736,34503.433,32652.985,38083.32,13278.514,1880.981,30.533,0.0,67.849838,14.853869,58.057593,5.061624,0.0,0.0,0.0,0.0,0.0,365.583855,24804.805,5.86402,10.49309,8021.719,1313.09,8775.677,16440.202,45.257,-13278.514,-1797.854,-145.106,100,True,44.305435
POSCO_KR,POSCO,KR,34.537,69.84605,ACCELERATED_15C,DISCLOSED_PATH,PORT-0DA980ACBA29,CAND-C5C95C9095B035,P2,PORT-0DA980ACBA29,365.583855,14334.531,39.209968,False,False,2040,7.524091650000003,-7.524091650000003,True,True,True,True,,0.0,0.0,0.0,2,3,0.3670282239999999,0.65,1.38,P2,지연·부분헤지,False,19907.0,2032,6660.0,40.626201,14852.283,14852.283,20693.224,365.583855,40.626201,93.557301,36757.483,34203.039,40043.98,19350.756,2588.505,34.061,0.0,56.603223,15.977021,47.613501,6.9873,0.0,0.0,0.0,0.0,0.0,365.583855,20693.224,4.892015,8.753783,8413.187,1313.09,9387.957,17332.221,47.935,-19350.756,-2509.134,217.784,100,True,19.960873
POSCO_KR,POSCO,KR,34.537,69.84605,DISCLOSED_PATH,DISCLOSED_PATH,PORT-34425DFA5633,CAND-7D54A929A881B5,P2,PORT-34425DFA5633,330.911223,17221.64,52.043083,True,True,,0.0,2.0275124185786808e-05,True,True,True,True,,0.0,0.0,0.0,3,3,0.3670282239999999,0.65,1.3800000000000001,P2,지연·부분헤지,False,21792.0,2035,9270.0,55.042385,18214.143,18214.143,23043.577,330.911223,55.042385,91.25227,32201.922,30196.4,35025.834,11982.257,1942.476,-63.046,0.0,69.636736,14.59435,61.10299,6.060604,0.0,0.0,0.0,0.0,0.0,330.911223,23043.577,5.447654,9.748044,8640.034,1199.255,7417.859,14849.315,42.376,-11982.257,-1951.434,-1.004,100,True,46.351851
POSCO_KR,POSCO,KR,34.537,69.84605,ACCELERATED_15C,DISCLOSED_PATH,PORT-34425DFA5633,CAND-7D54A929A881B5,P2,PORT-34425DFA5633,330.911223,13089.916,39.557184,False,False,2040,2.9297482850000023,-2.9297482850000023,True,True,True,True,,0.0,0.0,0.0,3,3,0.3670282239999999,0.65,1.3800000000000001,P2,지연·부분헤지,False,21792.0,2035,9270.0,42.886201,14191.525,14191.525,19413.346,330.911223,42.886201,95.763099,34447.642,31689.084,36910.905,17497.559,2676.17,-82.387,-0.0,58.666326,15.780125,51.222447,8.336247,0.0,0.0,0.0,0.0,0.0,330.911223,19413.346,4.589443,8.21236,8640.034,1199.255,8301.752,16228.689,44.886,-17497.559,-2685.434,-40.098,100,True,22.220873
POSCO_KR,POSCO,KR,34.537,69.84605,DISCLOSED_PATH,DISCLOSED_PATH,PORT-0DA980ACBA29,CAND-3C2E939294CFA6,P1,PORT-0DA980ACBA29,365.583855,19248.016,52.650071,True,True,,0.0,2.0275124185786808e-05,True,True,True,True,,0.0,0.0,0.0,2,3,0.3670282239999999,0.65,1.38,P1,지연·현물조달,False,19907.0,2032,6660.0,54.211897,19818.994,19818.994,26125.932,365.583855,54.211897,90.533288,34524.885,33097.509,39404.446,13278.514,1459.836,32.459,0.0,71.463582,17.251685,58.116272,3.904375,0.0,0.0,0.0,0.0,0.0,365.583855,26125.932,6.176343,11.051962,7968.43,1313.09,8869.223,16489.943,0.0,-13278.514,-1363.862,-179.315,100,True,45.521363
POSCO_KR,POSCO,KR,34.537,69.84605,ACCELERATED_15C,DISCLOSED_PATH,PORT-0DA980ACBA29,CAND-3C2E939294CFA6,P1,PORT-0DA980ACBA29,365.583855,14877.424,40.69497,False,False,2040,7.524091650000003,-7.524091650000003,True,True,True,True,,0.0,0.0,0.0,2,3,0.3670282239999999,0.65,1.38,P1,지연·현물조달,False,19907.0,2032,6660.0,42.335462,15477.162,15477.162,22262.662,365.583855,42.335462,95.266562,36781.541,34827.917,41613.418,19350.756,1970.679,17.054,0.0,60.896185,18.560722,47.67931,5.343847,0.0,0.0,0.0,0.0,0.0,365.583855,22262.662,5.263041,9.417696,8408.831,1313.09,9427.078,17337.004,0.0,-19350.756,-1907.84,249.755,100,True,21.670134
POSCO_KR,POSCO,KR,34.537,69.84605,DISCLOSED_PATH,DISCLOSED_PATH,PORT-34425DFA5633,CAND-2775122CBD1438,P1,PORT-34425DFA5633,330.911223,17524.843,52.959349,True,True,,0.0,2.0275124185786808e-05,True,True,True,True,,0.0,0.0,0.0,3,3,0.3670282239999999,0.65,1.3800000000000001,P1,지연·현물조달,False,21792.0,2035,9270.0,56.397547,18662.581,18662.581,24261.812,330.911223,56.397547,92.607431,32283.95,30644.838,36244.069,11982.257,1558.419,-80.693,0.0,73.31819,16.920643,61.350875,4.953328,0.0,0.0,0.0,0.0,0.0,330.911223,24261.812,5.735653,10.26339,10210.496,1199.255,7449.699,13620.888,0.0,-11982.257,-1848.115,12.615,100,True,47.707013
POSCO_KR,POSCO,KR,34.537,69.84605,ACCELERATED_15C,DISCLOSED_PATH,PORT-34425DFA5633,CAND-2775122CBD1438,P1,PORT-34425DFA5633,330.911223,13548.406,40.942722,False,False,2040,2.9297482850000023,-2.9297482850000023,True,True,True,True,,0.0,0.0,0.0,3,3,0.3670282239999999,0.65,1.3800000000000001,P1,지연·현물조달,False,21792.0,2035,9270.0,44.893697,14855.828,14855.828,20894.467,330.911223,44.893697,97.770595,34556.093,32353.387,38392.026,17497.559,2107.84,-94.865,-0.0,63.142212,18.248515,51.550181,6.656484,0.0,0.0,0.0,0.0,0.0,330.911223,20894.467,4.93959,8.838913,9864.566,1199.255,8229.48,15377.483,0.0,-17497.559,-2291.821,-25.575,100,True,24.228369
POSCO_KR,POSCO,KR,34.537,69.84605,DISCLOSED_PATH,DISCLOSED_PATH,PORT-B0374F687394,CAND-0F7926E25C7DDC,P2,PORT-B0374F687394,338.051243,18922.063,55.973948,True,True,,0.0,2.0275124185786808e-05,True,True,True,True,,0.0,0.0,0.0,2,3,0.3670282239999999,0.65,1.38,P2,지연·부분헤지,False,19907.0,2032,6660.0,56.726176,19176.354,19176.354,24605.332,338.051243,56.726176,93.00897,33284.295,31441.798,36870.776,12265.444,1852.656,10.159,0.0,72.785807,16.059631,62.176524,5.450348,0.0,0.0,0.0,0.0,0.0,338.051243,24605.332,5.816863,10.408708,8494.082,1258.952,7466.928,16041.36,43.728,-12265.444,-1873.544,10.292,100,True,48.035642
POSCO_KR,POSCO,KR,34.537,69.84605,ACCELERATED_15C,DISCLOSED_PATH,PORT-B0374F687394,CAND-0F7926E25C7DDC,P2,PORT-B0374F687394,338.051243,14765.954,43.679633,False,False,2035,7.519745565000001,-7.519745565000001,True,True,True,True,,0.0,0.0,0.0,2,3,0.3670282239999999,0.65,1.38,P2,지연·부분헤지,False,19907.0,2032,6660.0,44.713182,15115.347,15115.347,20887.07,338.051243,44.713182,97.559491,35442.724,32980.107,38751.831,17864.761,2540.704,78.088,-0.0,61.786698,17.073516,51.997924,7.284743,0.0,0.0,0.0,0.0,0.0,338.051243,20887.07,4.937842,8.835784,7487.03,1258.952,8809.55,17813.194,46.275,-17864.761,-2348.946,-85.949,100,True,24.047854
POSCO_KR,POSCO,KR,34.537,69.84605,DISCLOSED_PATH,DISCLOSED_PATH,PORT-B0374F687394,CAND-688976C946D330,P1,PORT-B0374F687394,338.051243,19283.901,57.044313,True,True,,0.0,2.0275124185786808e-05,True,True,True,True,,0.0,0.0,0.0,2,3,0.3670282239999999,0.65,1.38,P1,지연·현물조달,False,19907.0,2032,6660.0,57.942445,19587.515,19587.515,25831.385,338.051243,57.942445,94.225239,33281.878,31852.959,38096.828,12265.444,1450.406,21.487,0.0,76.412631,18.470186,62.169376,4.226931,0.0,0.0,0.0,0.0,0.0,338.051243,25831.385,6.10671,10.927361,7390.631,1258.952,8005.803,16489.943,0.0,-12265.444,-1263.213,-29.158,100,True,49.251911
POSCO_KR,POSCO,KR,34.537,69.84605,ACCELERATED_15C,DISCLOSED_PATH,PORT-B0374F687394,CAND-688976C946D330,P1,PORT-B0374F687394,338.051243,15310.418,45.290228,False,False,2035,7.519745565000001,-7.519745565000001,True,True,True,True,,0.0,0.0,0.0,2,3,0.3670282239999999,0.65,1.38,P1,지연·현물조달,False,19907.0,2032,6660.0,46.525377,15727.961,15727.961,22441.006,338.051243,46.525377,99.371686,35441.643,33592.722,40305.767,17864.761,1958.119,109.198,0.0,66.383446,19.85807,51.994727,5.469351,0.0,0.0,0.0,0.0,0.0,338.051243,22441.006,5.305202,9.493141,7390.631,1258.952,8897.151,17871.419,0.0,-17864.761,-1705.83,-119.601,100,True,25.860049
POSCO_KR,POSCO,KR,34.537,69.84605,DISCLOSED_PATH,DISCLOSED_PATH,PORT-39601EAF8865,CAND-E5548226AF9F6B,P2,PORT-39601EAF8865,193.924259,11348.272,58.519093,True,True,,0.0,2.0275124185786808e-05,True,True,True,True,,0.0,0.0,0.0,2,3,0.33950771199999996,0.65,1.2200000000000002,P2,지연·부분헤지,False,19250.0,2037,9270.0,62.91381,12200.514,12200.514,15282.264,193.924259,62.91381,99.024825,20661.218,19203.316,22285.066,7002.802,1427.151,-30.751,-0.0,78.805323,15.891512,70.431708,7.517898,0.0,0.0,0.0,0.0,0.0,193.924259,15282.264,3.612828,6.464803,6705.314,844.557,3717.47,9175.427,27.223,-7002.802,-1378.469,111.794,100,True,54.223276
POSCO_KR,POSCO,KR,34.537,69.84605,ACCELERATED_15C,DISCLOSED_PATH,PORT-39601EAF8865,CAND-E5548226AF9F6B,P2,PORT-39601EAF8865,193.924259,8841.378,45.591914,False,False,2030,13.94899577,-13.94899577,True,True,True,True,,0.0,0.0,0.0,2,3,0.33950771199999996,0.65,1.2200000000000002,P2,지연·부분헤지,False,19250.0,2037,9270.0,50.149279,9725.162,9725.162,12972.954,193.924259,50.149279,103.355202,22059.897,20043.081,23290.873,10317.919,1960.191,-56.626,0.0,66.897012,16.747733,60.5493,10.400021,0.0,0.0,0.0,0.0,0.0,193.924259,12972.954,3.066892,5.487903,5607.251,844.557,4246.943,11047.323,28.772,-10317.919,-1722.003,-9.761,100,True,29.483951
POSCO_KR,POSCO,KR,34.537,69.84605,DISCLOSED_PATH,DISCLOSED_PATH,PORT-CA761749FFB1,CAND-C8332513BB985B,P2,PORT-CA761749FFB1,287.411269,16854.855,58.643683,True,True,,0.0,2.0275124185786808e-05,True,True,True,True,,0.0,0.0,0.0,3,3,0.3670282239999999,0.65,1.3800000000000001,P2,지연·부분헤지,False,21544.0,2035,9270.0,62.206431,17878.829,17878.829,22745.965,287.411269,62.206431,98.427739,30207.776,28289.241,33156.377,10410.412,1871.004,-47.53,0.0,79.140824,16.934393,68.881655,6.675224,0.0,0.0,0.0,0.0,0.0,287.411269,22745.965,5.377297,9.622146,9085.31,1091.778,5987.234,13958.925,39.272,-10410.412,-1921.474,48.197,100,True,53.515897
POSCO_KR,POSCO,KR,34.537,69.84605,ACCELERATED_15C,DISCLOSED_PATH,PORT-CA761749FFB1,CAND-C8332513BB985B,P2,PORT-CA761749FFB1,287.411269,13265.017,46.153435,False,False,2030,5.470451711490618,-5.470451711490618,True,True,True,True,,0.0,0.0,0.0,3,3,0.3670282239999999,0.65,1.3800000000000001,P2,지연·부분헤지,False,21544.0,2035,9270.0,50.222814,14434.603,14434.603,19632.311,287.411269,50.222814,103.460871,32326.567,29735.82,34933.528,15301.218,2574.861,-15.886,0.0,68.30738,18.084566,59.236889,9.014076,0.0,0.0,0.0,0.0,0.0,287.411269,19632.311,4.641208,8.304988,9085.31,1091.778,6737.886,15346.304,41.617,-15301.218,-2638.883,71.808,100,True,29.557486
POSCO_KR,POSCO,KR,34.537,69.84605,DISCLOSED_PATH,DISCLOSED_PATH,PORT-8378A8ACBA64,CAND-CD94A69F094896,P2,PORT-8378A8ACBA64,275.793845,16365.727,59.340437,True,True,,0.0,2.0275124185786808e-05,True,True,True,True,,0.0,0.0,0.0,3,3,0.3395077120000001,0.65,1.22,P2,지연·부분헤지,False,18599.0,2035,9270.0,62.207287,17156.387,17156.387,21471.273,275.793845,62.207287,98.48049,28803.735,27160.313,31475.199,10003.926,1629.002,-14.42,0.0,77.852618,15.645331,68.166164,5.958877,0.0,0.0,0.0,0.0,0.0,275.793845,21471.273,5.075951,9.082918,6938.577,1106.836,5912.968,14846.071,36.992,-10003.926,-1628.851,-52.281,100,True,53.516753
POSCO_KR,POSCO,KR,34.537,69.84605,ACCELERATED_15C,DISCLOSED_PATH,PORT-8378A8ACBA64,CAND-CD94A69F094896,P2,PORT-8378A8ACBA64,275.793845,13096.798,47.487635,False,False,2040,16.709092920000007,-16.709092920000007,True,True,True,True,,0.0,0.0,0.0,3,3,0.3395077120000001,0.65,1.22,P2,지연·부분헤지,False,18599.0,2035,9270.0,50.538795,13938.289,13938.289,18724.848,275.793845,50.538795,103.366888,30882.163,28507.952,33294.51,14569.663,2253.144,-121.067,-0.0,67.894363,17.355568,59.147441,8.608646,0.0,0.0,0.0,0.0,0.0,275.793845,18724.848,4.426678,7.921107,6959.97,1106.836,6475.252,16228.689,39.226,-14569.663,-2294.446,-7.575,100,True,29.873467
POSCO_KR,POSCO,KR,34.537,69.84605,DISCLOSED_PATH,DISCLOSED_PATH,PORT-39601EAF8865,CAND-2EAFEFF65EF371,P1,PORT-39601EAF8865,193.924259,11537.636,59.495579,True,True,,0.0,2.0275124185786808e-05,True,True,True,True,,0.0,0.0,0.0,2,3,0.33950771199999996,0.65,1.2200000000000002,P1,지연·현물조달,False,19250.0,2037,9270.0,64.460894,12500.531,12500.531,16068.019,193.924259,64.460894,100.571908,20744.099,19503.333,23070.82,7002.802,1194.14,-46.626,0.0,82.857188,18.396294,70.859093,6.398199,0.0,0.0,0.0,0.0,0.0,193.924259,16068.019,3.798586,6.797198,8307.698,844.557,3198.813,8768.133,0.0,-7002.802,-1507.81,-108.058,100,True,55.77036
POSCO_KR,POSCO,KR,34.537,69.84605,ACCELERATED_15C,DISCLOSED_PATH,PORT-39601EAF8865,CAND-2EAFEFF65EF371,P1,PORT-39601EAF8865,193.924259,9128.594,47.072986,False,False,2030,13.94899577,-13.94899577,True,True,True,True,,0.0,0.0,0.0,2,3,0.33950771199999996,0.65,1.2200000000000002,P1,지연·현물조달,False,19250.0,2037,9270.0,52.479926,10177.131,10177.131,13894.324,193.924259,52.479926,105.685849,22156.014,20495.05,24212.244,10317.919,1618.796,-42.169,-0.0,71.648201,19.168275,61.044942,8.565016,0.0,0.0,0.0,0.0,0.0,193.924259,13894.324,3.28471,5.877668,5481.787,844.557,4298.474,11206.215,0.0,-10317.919,-1306.569,-29.414,100,True,31.814598
POSCO_KR,POSCO,KR,34.537,69.84605,DISCLOSED_PATH,DISCLOSED_PATH,PORT-CA761749FFB1,CAND-19C362AB4D3239,P1,PORT-CA761749FFB1,287.411269,17160.787,59.708122,True,True,,0.0,2.0275124185786808e-05,True,True,True,True,,0.0,0.0,0.0,3,3,0.3670282239999999,0.65,1.3800000000000001,P1,지연·현물조달,False,21544.0,2035,9270.0,63.817571,18341.889,18341.889,23924.417,287.411269,63.817571,100.038879,30312.316,28752.301,34334.829,10410.412,1493.095,-66.92,0.0,83.241055,19.423484,69.245383,5.427812,0.0,0.0,0.0,0.0,0.0,287.411269,23924.417,5.655891,10.120663,7979.787,1091.778,6243.289,14966.233,0.0,-10410.412,-1461.179,-67.606,100,True,55.127037
POSCO_KR,POSCO,KR,34.537,69.84605,ACCELERATED_15C,DISCLOSED_PATH,PORT-CA761749FFB1,CAND-19C362AB4D3239,P1,PORT-CA761749FFB1,287.411269,13726.556,47.759282,False,False,2030,5.470451711490618,-5.470451711490618,True,True,True,True,,0.0,0.0,0.0,3,3,0.3670282239999999,0.65,1.3800000000000001,P1,지연·현물조달,False,21544.0,2035,9270.0,52.502392,15089.779,15089.779,21156.641,287.411269,52.502392,105.740449,32445.769,30390.997,36457.859,15301.218,2020.886,-33.886,-0.0,73.611036,21.108645,59.651631,7.14924,0.0,0.0,0.0,0.0,0.0,287.411269,21156.641,5.00157,8.94982,9171.456,1091.778,6778.778,15377.483,0.0,-15301.218,-2130.841,102.342,100,True,31.837064
POSCO_KR,POSCO,KR,34.537,69.84605,DISCLOSED_PATH,DISCLOSED_PATH,PORT-7ED23B40E316,CAND-466C04961ED513,P2,PORT-7ED23B40E316,414.904229,13064.613,31.488261,True,False,,0.0,2.0275124185786808e-05,False,False,True,True,2035,4.530597659999998,0.0,0.0,2,3,0.3934020479999999,0.65,1.54,P2,지연·부분헤지,False,24086.0,2037,9270.0,33.862174,14049.559,14049.559,18309.037,414.904229,33.862174,70.112787,31225.123,29090.092,33349.569,15040.533,2072.719,-62.312,-0.0,44.128344,10.26617,39.008014,5.14584,0.0,0.0,0.0,0.0,0.0,414.904229,18309.037,4.328377,7.745208,9498.018,1294.893,9967.763,10202.516,43.918,-15040.533,-1952.31,35.293,100,True,25.17164
POSCO_KR,POSCO,KR,34.537,69.84605,ACCELERATED_15C,DISCLOSED_PATH,PORT-7ED23B40E316,CAND-466C04961ED513,P2,PORT-7ED23B40E316,414.904229,7402.041,17.84036,True,True,,0.0,2.0275124185786808e-05,True,True,True,True,,0.0,0.0,0.0,2,3,0.3934020479999999,0.65,1.54,P2,지연·부분헤지,False,24086.0,2037,9270.0,20.665328,8574.132,8574.132,13145.556,414.904229,20.665328,73.61356,33316.039,30542.577,35114.002,21968.445,2808.461,34.999,-0.0,31.683351,11.018023,27.349911,6.684584,0.0,0.0,0.0,0.0,0.0,414.904229,13145.556,3.107697,5.560919,9498.018,1294.893,11152.839,11268.866,46.468,-21968.445,-2673.411,-45.095,100,True,0.0
POSCO_KR,POSCO,KR,34.537,69.84605,DISCLOSED_PATH,DISCLOSED_PATH,PORT-7ED23B40E316,CAND-7BC738434560A6,P1,PORT-7ED23B40E316,414.904229,13238.755,31.907979,True,False,,0.0,2.0275124185786808e-05,False,False,True,True,2035,4.530597659999998,0.0,0.0,2,3,0.3934020479999999,0.65,1.54,P1,지연·현물조달,False,24086.0,2037,9270.0,34.654256,14378.197,14378.197,19353.758,414.904229,34.654256,70.904869,31316.108,29418.73,34394.291,15040.533,1814.37,-83.008,-0.0,46.646327,11.992072,39.227306,4.57305,0.0,0.0,0.0,0.0,0.0,414.904229,19353.758,4.575357,8.187153,9405.284,1294.893,9998.845,10363.774,0.0,-15040.533,-1673.281,29.214,100,True,25.963722
POSCO_KR,POSCO,KR,34.537,69.84605,ACCELERATED_15C,DISCLOSED_PATH,PORT-7ED23B40E316,CAND-7BC738434560A6,P1,PORT-7ED23B40E316,414.904229,7673.246,18.494018,True,True,,0.0,2.0275124185786808e-05,True,True,True,True,,0.0,0.0,0.0,2,3,0.3934020479999999,0.65,1.54,P1,지연·현물조달,False,24086.0,2037,9270.0,21.808531,9048.452,9048.452,14406.255,414.904229,21.808531,74.756763,33422.576,31016.897,36374.701,21968.445,2447.508,41.829,0.0,34.721881,12.91335,27.606687,5.798156,0.0,0.0,0.0,0.0,0.0,414.904229,14406.255,3.405734,6.094228,10180.989,1294.893,11742.533,10291.294,0.0,-21968.445,-2431.538,-61.273,100,True,1.143203
POSCO_KR,POSCO,KR,34.537,69.84605,DISCLOSED_PATH,DISCLOSED_PATH,PORT-7827D72F6A22,CAND-BEF797E7835E02,P2,PORT-7827D72F6A22,419.651231,17896.418,42.645933,True,False,,0.0,2.0275124185786808e-05,False,False,True,True,2037,3.1582950799999985,0.0,0.0,3,3,0.3934020479999999,0.65,1.54,P2,지연·부분헤지,False,24086.0,2035,9270.0,45.171575,18956.307,18956.307,24253.323,419.651231,45.171575,81.42835,36409.162,34171.507,39468.523,15215.2,2212.737,-24.918,0.0,57.793999,12.622424,50.503753,5.332178,0.0,0.0,0.0,0.0,0.0,419.651231,24253.323,5.733646,10.259799,11306.532,1370.685,9255.502,14644.381,49.172,-15215.2,-2370.721,-84.044,100,True,36.481041
POSCO_KR,POSCO,KR,34.537,69.84605,ACCELERATED_15C,DISCLOSED_PATH,PORT-7827D72F6A22,CAND-BEF797E7835E02,P2,PORT-7827D72F6A22,419.651231,12457.798,29.686075,True,True,,0.0,2.0275124185786808e-05,True,True,True,True,,0.0,0.0,0.0,3,3,0.3934020479999999,0.65,1.54,P2,지연·부분헤지,False,24086.0,2035,9270.0,32.432703,13610.424,13610.424,19305.658,419.651231,32.432703,85.392517,38923.83,35835.075,41530.309,22224.651,3027.286,-61.469,-0.0,46.004054,13.571351,39.792994,7.360291,0.0,0.0,0.0,0.0,0.0,419.651231,19305.658,4.563985,8.166805,11306.532,1370.685,10355.042,15981.577,52.1,-22224.651,-3242.066,11.205,100,True,11.767375
POSCO_KR,POSCO,KR,34.537,69.84605,DISCLOSED_PATH,DISCLOSED_PATH,PORT-7827D72F6A22,CAND-BBFDE735F87B40,P1,PORT-7827D72F6A22,419.651231,18193.375,43.35356,True,False,,0.0,2.0275124185786808e-05,False,False,True,True,2037,3.1582950799999985,0.0,0.0,3,3,0.3934020479999999,0.65,1.54,P1,지연·현물조달,False,24086.0,2035,9270.0,46.28155,19422.11,19422.11,25495.109,419.651231,46.28155,82.538325,36496.991,34637.31,40710.309,15215.2,1835.239,-24.442,-0.0,60.75309,14.47154,50.713043,4.431492,0.0,0.0,0.0,0.0,0.0,419.651231,25495.109,6.027213,10.785107,11413.838,1370.685,9185.478,14738.529,0.0,-15215.2,-2015.79,-55.43,100,True,37.591016
POSCO_KR,POSCO,KR,34.537,69.84605,ACCELERATED_15C,DISCLOSED_PATH,PORT-7827D72F6A22,CAND-BBFDE735F87B40,P1,PORT-7827D72F6A22,419.651231,12909.807,30.763182,True,True,,0.0,2.0275124185786808e-05,True,True,True,True,,0.0,0.0,0.0,3,3,0.3934020479999999,0.65,1.54,P1,지연·현물조달,False,24086.0,2035,9270.0,33.893181,14223.315,14223.315,20866.725,419.651231,33.893181,86.852995,39008.648,36447.966,43091.377,22224.651,2476.934,-83.748,-0.0,49.723971,15.83079,39.995108,6.101927,0.0,0.0,0.0,0.0,0.0,419.651231,20866.725,4.933032,8.827178,11413.838,1370.685,10283.829,16083.342,0.0,-22224.651,-2718.199,14.472,100,True,13.227853
POSCO_KR,POSCO,KR,34.537,69.84605,DISCLOSED_PATH,DISCLOSED_PATH,PORT-08632101CCF5,CAND-2FCEDED2C189C1,P4,PORT-08632101CCF5,488.606259,30730.025,62.893229,True,False,,0.0,2.0275124185786808e-05,False,False,True,True,2036,0.0,0.0,0.063446895000002,3,3,0.459336608,0.65,2.02,P4,균형형 전환,False,27588.0,2036,9270.0,64.617687,31572.606,31572.606,36214.028,488.606259,64.617687,100.87213,54775.269,49286.754,53928.175,17714.147,5492.139,3.624,0.0,74.116995,9.499307,75.850689,11.233002,0.0,0.0,0.0,0.0,0.0,488.606259,36214.028,8.561236,15.319494,13449.003,1771.894,10517.162,28546.443,487.568,-17714.147,-5541.344,56.028,100,True,55.927153
POSCO_KR,POSCO,KR,34.537,69.84605,ACCELERATED_15C,DISCLOSED_PATH,PORT-08632101CCF5,CAND-2FCEDED2C189C1,P4,PORT-08632101CCF5,488.606259,24223.062,49.575832,True,True,,0.0,2.0275124185786808e-05,True,True,True,True,,0.0,0.0,0.0,3,3,0.459336608,0.65,2.02,P4,균형형 전환,False,27588.0,2036,9270.0,51.374124,25101.719,25101.719,29967.41,488.606259,51.374124,104.157539,58652.136,50892.026,55757.717,25790.307,7742.298,-17.813,0.0,61.332431,9.958307,67.256259,15.882135,0.0,0.0,0.0,0.0,0.0,488.606259,29967.41,7.084494,12.677009,12312.053,1771.894,12106.454,31762.955,522.273,-25790.307,-7657.073,73.469,100,True,30.708796
POSCO_KR,POSCO,KR,34.537,69.84605,DISCLOSED_PATH,DISCLOSED_PATH,PORT-2038E8D6C481,CAND-9DAADB965AABF6,P2,PORT-2038E8D6C481,428.201226,29256.785,68.324851,True,False,,0.0,2.0275124185786808e-05,False,False,True,True,2029,4.583295980000006,0.04299987899999996,0.0,2,3,0.3934020479999999,0.65,1.5399999999999998,P2,지연·부분헤지,False,23372.0,2029,7380.0,70.799347,30316.367,30316.367,36773.347,428.201226,70.799347,107.062329,48524.386,45844.22,52301.2,15527.853,2601.093,-79.072,-0.0,85.878659,15.079311,77.058474,6.259126,0.0,0.0,0.0,0.0,0.0,428.201226,36773.347,8.693463,15.556101,10005.046,1555.976,9481.371,27099.517,61.068,-15527.853,-2506.862,148.105,100,True,62.108813
POSCO_KR,POSCO,KR,34.537,69.84605,ACCELERATED_15C,DISCLOSED_PATH,PORT-2038E8D6C481,CAND-9DAADB965AABF6,P2,PORT-2038E8D6C481,428.201226,24038.613,56.138591,True,True,,0.0,2.0275124185786808e-05,True,True,True,True,,0.0,0.0,0.0,2,3,0.3934020479999999,0.65,1.5399999999999998,P2,지연·부분헤지,False,23372.0,2029,7380.0,58.979367,25255.037,25255.037,32312.745,428.201226,58.979367,111.89218,51587.436,47912.369,54970.076,22657.331,3589.199,-85.868,-0.0,75.461588,16.482221,67.561938,8.582571,0.0,0.0,0.0,0.0,0.0,428.201226,32312.745,7.638947,13.669148,10005.046,1555.976,10562.773,28958.89,64.496,-22657.331,-3465.789,230.977,100,True,38.314039
POSCO_KR,POSCO,KR,34.537,69.84605,DISCLOSED_PATH,DISCLOSED_PATH,PORT-2038E8D6C481,CAND-25E596C7BBF514,P1,PORT-2038E8D6C481,428.201226,29861.829,69.737841,True,False,,0.0,2.0275124185786808e-05,False,False,True,True,2029,4.583295980000006,0.04299987899999996,0.0,2,3,0.3934020479999999,0.65,1.5399999999999998,P1,지연·현물조달,False,23372.0,2029,7380.0,72.624739,31098.002,31098.002,38574.362,428.201226,72.624739,108.88772,48639.418,46625.855,54102.215,15527.853,1897.513,-116.049,-0.0,90.084661,17.459922,77.327113,4.702374,0.0,0.0,0.0,0.0,0.0,428.201226,38574.362,9.119235,16.317978,10769.086,1555.976,10329.987,26069.983,0.0,-15527.853,-1925.638,-173.538,100,True,63.934205
POSCO_KR,POSCO,KR,34.537,69.84605,ACCELERATED_15C,DISCLOSED_PATH,PORT-2038E8D6C481,CAND-25E596C7BBF514,P1,PORT-2038E8D6C481,428.201226,24946.989,58.259966,True,True,,0.0,2.0275124185786808e-05,True,True,True,True,,0.0,0.0,0.0,2,3,0.3934020479999999,0.65,1.5399999999999998,P1,지연·현물조달,False,23372.0,2029,7380.0,61.6082,26380.707,26380.707,34647.835,428.201226,61.6082,114.521013,51723.514,49038.038,57305.166,22657.331,2559.154,-126.322,0.0,80.914842,19.306642,67.879727,6.271527,0.0,0.0,0.0,0.0,0.0,428.201226,34647.835,8.190977,14.656953,10769.086,1555.976,11558.88,28015.103,0.0,-22657.331,-2598.328,-262.678,100,True,40.942872
POSCO_KR,POSCO,KR,34.537,69.84605,DISCLOSED_PATH,DISCLOSED_PATH,PORT-C9ABA0ED93B4,CAND-13A3A87B46A419,P4,PORT-C9ABA0ED93B4,496.681253,41390.925,83.334985,True,False,,0.0,2.0275124185786808e-05,False,False,True,True,2028,0.030599310000003044,0.16799987899999996,0.25344701500000255,2,3,0.45933660799999987,0.65,2.02,P4,균형형 전환,False,26874.0,2036,9270.0,85.679222,42555.263,42555.263,47780.138,496.681253,85.679222,121.928908,67380.215,60559.803,65784.677,18004.54,6867.687,47.275,0.0,96.198794,10.519572,99.411193,13.731971,0.0,0.0,0.0,0.0,0.0,496.681253,47780.138,11.295541,20.212265,13256.68,1961.418,10879.702,40669.433,595.859,-18004.54,-6840.807,37.518,100,True,76.988688
POSCO_KR,POSCO,KR,34.537,69.84605,ACCELERATED_15C,DISCLOSED_PATH,PORT-C9ABA0ED93B4,CAND-13A3A87B46A419,P4,PORT-C9ABA0ED93B4,496.681253,34558.76,69.579352,True,True,,0.0,2.0275124185786808e-05,True,True,True,True,,0.0,0.0,0.0,2,3,0.45933660799999987,0.65,2.02,P4,균형형 전환,False,26874.0,2036,9270.0,71.881364,35702.126,35702.126,41095.759,496.681253,71.881364,124.59353,71660.305,61883.27,67276.903,26181.144,9751.516,-25.519,-0.0,82.740709,10.859345,91.566091,19.684727,0.0,0.0,0.0,0.0,0.0,496.681253,41095.759,9.715309,17.384596,13256.68,1961.418,12097.356,43759.107,634.378,-26181.144,-9755.908,-69.762,100,True,51.216036
POSCO_KR,POSCO,KR,34.537,69.84605,DISCLOSED_PATH,DISCLOSED_PATH,PORT-13C60822C05B,CAND-27EB06146B7A52,P3,PORT-13C60822C05B,437.704222,37480.183,85.629018,True,False,,0.0,2.0275124185786808e-05,False,False,True,True,2029,0.0,0.04299987899999996,0.0,2,3,0.45933660799999987,0.65,2.02,P3,균형형 라이트헤지,False,26874.0,2037,9270.0,88.098768,38561.203,38561.203,44799.796,437.704222,88.098768,124.353717,59325.574,54430.147,60668.74,15868.945,4768.482,-126.945,-0.0,102.351756,14.252989,99.283095,11.184327,0.0,0.0,0.0,0.0,0.0,437.704222,44799.796,10.590968,18.951502,14487.168,1685.362,9210.125,33905.792,235.927,-15868.945,-5053.621,-40.606,100,True,79.408234
POSCO_KR,POSCO,KR,34.537,69.84605,ACCELERATED_15C,DISCLOSED_PATH,PORT-13C60822C05B,CAND-27EB06146B7A52,P3,PORT-13C60822C05B,437.704222,32023.823,73.163158,True,True,,0.0,2.0275124185786808e-05,True,True,True,True,,0.0,0.0,0.0,2,3,0.45933660799999987,0.65,2.02,P3,균형형 라이트헤지,False,26874.0,2037,9270.0,75.693815,33131.502,33131.502,39702.949,437.704222,75.693815,128.611149,63104.103,56293.643,62865.09,23162.141,6707.14,-103.32,0.0,90.707255,15.013441,91.253316,15.559502,0.0,0.0,0.0,0.0,0.0,437.704222,39702.949,9.38604,16.7954,14487.168,1685.362,10289.43,36703.671,250.661,-23162.141,-7097.376,-25.272,100,True,55.028487
POSCO_KR,POSCO,KR,34.537,69.84605,DISCLOSED_PATH,DISCLOSED_PATH,PORT-13C60822C05B,CAND-9F98CFC8518527,P2,PORT-13C60822C05B,437.704222,38647.747,88.296491,True,False,,0.0,2.0275124185786808e-05,False,False,True,True,2029,0.0,0.04299987899999996,0.0,2,3,0.45933660799999987,0.65,2.02,P2,지연·부분헤지,False,26874.0,2037,9270.0,91.387517,40000.702,40000.702,47758.035,437.704222,91.387517,127.642467,59415.439,55869.647,63626.98,15868.945,3428.555,-117.237,0.0,109.110291,17.722774,99.488404,8.100887,0.0,0.0,0.0,0.0,0.0,437.704222,47758.035,11.290316,20.202915,14947.958,1685.362,9236.06,33782.876,73.135,-15868.945,-3842.306,-13.438,100,True,82.696983
POSCO_KR,POSCO,KR,34.537,69.84605,ACCELERATED_15C,DISCLOSED_PATH,PORT-13C60822C05B,CAND-9F98CFC8518527,P2,PORT-13C60822C05B,437.704222,33794.436,77.208384,True,True,,0.0,2.0275124185786808e-05,True,True,True,True,,0.0,0.0,0.0,2,3,0.45933660799999987,0.65,2.02,P2,지연·부분헤지,False,26874.0,2037,9270.0,80.393607,35188.621,35188.621,43655.653,437.704222,80.393607,133.310942,63220.239,58350.762,66817.794,23162.141,4726.806,-142.671,-0.0,99.737793,19.344186,91.518647,11.12504,0.0,0.0,0.0,0.0,0.0,437.704222,43655.653,10.320485,18.467499,14947.958,1685.362,10321.337,36606.882,77.379,-23162.141,-5310.838,22.682,100,True,59.728279
POSCO_KR,POSCO,KR,34.537,69.84605,DISCLOSED_PATH,DISCLOSED_PATH,PORT-C68307188813,CAND-717F18DFAF78F1,P4,PORT-C68307188813,501.427506,46098.554,91.934633,True,False,,0.0,2.0275124185786808e-05,False,False,True,True,2028,0.0,0.16799987899999996,0.25374674500000083,3,3,0.45933660799999987,0.65,2.02,P4,균형형 전환,False,26874.0,2034,9270.0,93.558594,46912.853,46912.853,52762.637,501.427506,93.558594,129.814666,72543.333,65092.644,70942.429,18179.792,7478.366,27.678,-0.0,105.224856,11.666262,108.417549,14.858954,0.0,0.0,0.0,0.0,0.0,501.427506,52762.637,12.473437,22.319995,12575.598,2041.369,10313.601,46815.897,644.249,-18179.792,-7393.921,95.85,100,True,84.86806
POSCO_KR,POSCO,KR,34.537,69.84605,ACCELERATED_15C,DISCLOSED_PATH,PORT-C68307188813,CAND-717F18DFAF78F1,P4,PORT-C68307188813,501.427506,39286.211,78.348736,True,True,,0.0,2.0275124185786808e-05,True,True,True,True,,0.0,0.0,0.0,3,3,0.45933660799999987,0.65,2.02,P4,균형형 전환,False,26874.0,2034,9270.0,79.864684,40046.349,40046.349,46290.818,501.427506,79.864684,132.587373,77132.979,66482.956,72727.424,26436.606,10682.844,32.821,0.0,92.318067,12.453383,101.104091,21.239408,0.0,0.0,0.0,0.0,0.0,501.427506,46290.818,10.943456,19.582244,13402.427,2041.369,11546.305,49440.588,686.108,-26436.606,-10578.56,-55.28,100,True,59.199356
POSCO_KR,POSCO,KR,34.537,69.84605,DISCLOSED_PATH,DISCLOSED_PATH,PORT-13C60822C05B,CAND-78797020DAE1ED,P1,PORT-13C60822C05B,437.704222,39456.063,90.143208,True,False,,0.0,2.0275124185786808e-05,False,False,True,True,2029,0.0,0.04299987899999996,0.0,2,3,0.45933660799999987,0.65,2.02,P1,지연·현물조달,False,26874.0,2037,9270.0,93.642657,40987.786,40987.786,49885.527,437.704222,93.642657,129.897606,59535.093,56856.731,65754.472,15868.945,2476.708,-201.654,0.0,113.970862,20.328205,99.761771,6.119115,0.0,0.0,0.0,0.0,0.0,437.704222,49885.527,11.793269,21.102901,15255.151,1685.362,9261.995,33700.931,0.0,-15868.945,-3045.701,-1.008,100,True,84.952123
POSCO_KR,POSCO,KR,34.537,69.84605,ACCELERATED_15C,DISCLOSED_PATH,PORT-13C60822C05B,CAND-78797020DAE1ED,P1,PORT-13C60822C05B,437.704222,35004.249,79.972381,True,True,,0.0,2.0275124185786808e-05,True,True,True,True,,0.0,0.0,0.0,2,3,0.45933660799999987,0.65,2.02,P1,지연·현물조달,False,26874.0,2037,9270.0,83.688202,36630.679,36630.679,46615.675,437.704222,83.688202,136.605537,63349.851,59792.82,69777.816,23162.141,3359.998,-197.033,-0.0,106.5004,22.812198,91.814765,8.126563,0.0,0.0,0.0,0.0,0.0,437.704222,46615.675,11.020254,19.719667,12189.111,1685.362,10312.099,38793.012,0.0,-23162.141,-3240.555,53.791,100,True,63.022874
POSCO_KR,POSCO,KR,34.537,69.84605,DISCLOSED_PATH,DISCLOSED_PATH,PORT-26982033AA0F,CAND-014834EFF571CA,P2,PORT-26982033AA0F,150.693902,17024.587,112.974623,False,False,2040,12.619087010000001,-12.619087010000001,True,True,True,True,,0.0,0.0,0.0,2,3,0.3107906560000001,0.65,1.06,P2,지연·부분헤지,False,14172.0,2032,6660.0,114.801047,17299.818,17299.818,21329.243,150.693902,114.801047,151.181581,23994.183,22782.142,26811.567,5482.325,1209.557,-2.484,-0.0,141.540184,26.739137,122.844113,8.043066,0.0,0.0,0.0,0.0,0.0,150.693902,21329.243,5.042374,9.022835,4102.337,887.627,2364.51,16440.202,28.444,-5482.325,-1112.104,71.126,100,True,106.110513
POSCO_KR,POSCO,KR,34.537,69.84605,ACCELERATED_15C,DISCLOSED_PATH,PORT-26982033AA0F,CAND-014834EFF571CA,P2,PORT-26982033AA0F,150.693902,15580.055,103.388754,False,False,2030,32.319087010000004,-32.319087010000004,True,True,True,True,,0.0,0.0,0.0,2,3,0.3107906560000001,0.65,1.06,P2,지연·부분헤지,False,14172.0,2032,6660.0,105.358816,15876.931,15876.931,20146.302,150.693902,105.358816,158.53569,25526.265,23890.362,28159.733,8013.431,1696.367,60.464,-0.0,133.690227,28.33141,116.214618,10.855802,0.0,0.0,0.0,0.0,0.0,150.693902,20146.302,4.762719,8.52242,4641.678,887.627,2508.834,17512.849,30.132,-8013.431,-1710.716,19.957,100,True,84.693488
POSCO_KR,POSCO,KR,34.537,69.84605,DISCLOSED_PATH,DISCLOSED_PATH,PORT-3D4DF75A91D4,CAND-022C4C9D65C291,P2,PORT-3D4DF75A91D4,247.593892,32068.846,129.521958,True,True,,0.0,2.0275124185786808e-05,True,True,True,True,,0.0,0.0,0.0,3,3,0.41130035200000004,0.65,1.6999999999999997,P2,지연·부분헤지,False,20867.0,2035,9270.0,133.623458,33084.352,33084.352,39978.567,247.593892,133.623458,169.930836,44608.921,42073.837,48968.052,8989.485,2485.304,-49.78,0.0,161.468308,27.84485,143.862337,10.238879,0.0,0.0,0.0,0.0,0.0,247.593892,39978.567,9.451198,16.911994,8522.069,1239.361,4200.2,30621.933,52.677,-8989.485,-2516.419,-45.985,100,True,124.932924
POSCO_KR,POSCO,KR,34.537,69.84605,ACCELERATED_15C,DISCLOSED_PATH,PORT-3D4DF75A91D4,CAND-022C4C9D65C291,P2,PORT-3D4DF75A91D4,247.593892,29953.33,120.977663,False,False,2030,16.16908871,-16.16908871,True,True,True,True,,0.0,0.0,0.0,3,3,0.41130035200000004,0.65,1.6999999999999997,P2,지연·부분헤지,False,20867.0,2035,9270.0,125.653579,31111.059,31111.059,38637.774,247.593892,125.653579,178.919584,47775.48,44299.396,51826.111,13188.337,3481.207,5.123,0.0,156.053016,30.399437,139.693036,14.039456,0.0,0.0,0.0,0.0,0.0,247.593892,38637.774,9.134225,16.344803,8860.331,1239.361,4581.267,33184.718,55.967,-13188.337,-3593.622,-28.625,100,True,104.988251
POSCO_KR,POSCO,KR,34.537,69.84605,DISCLOSED_PATH,DISCLOSED_PATH,PORT-2E4122B1D61A,CAND-03F5DDC22322D9,P1,PORT-2E4122B1D61A,305.733857,44650.094,146.04236,True,False,,0.0,2.0275124185786808e-05,False,False,True,True,2029,0.0,0.04299987899999996,0.0,2,3,0.41130035200000004,0.65,1.7,P1,지연·현물조달,False,19502.0,2029,7380.0,150.376049,45975.049,45975.049,55849.037,305.733857,150.376049,186.732913,58796.663,57090.574,66964.562,11115.524,1773.01,66.921,0.0,182.672072,32.296023,155.956358,5.580309,0.0,0.0,0.0,0.0,0.0,305.733857,55849.037,13.203082,23.625624,7353.539,1557.003,5777.275,43777.725,0.0,-11115.524,-1464.027,89.059,100,True,141.685515
POSCO_KR,POSCO,KR,34.537,69.84605,ACCELERATED_15C,DISCLOSED_PATH,PORT-2E4122B1D61A,CAND-03F5DDC22322D9,P1,PORT-2E4122B1D61A,305.733857,42653.182,139.510823,False,False,2035,19.399090750000003,-19.399090750000003,True,True,True,True,,0.0,0.0,0.0,2,3,0.41130035200000004,0.65,1.7,P1,지연·현물조달,False,19502.0,2029,7380.0,144.794,44268.428,44268.428,55079.154,305.733857,144.794,197.554137,62608.333,60398.988,71209.714,16130.56,2418.693,209.349,-0.0,180.153925,35.359924,152.020367,7.226366,0.0,0.0,0.0,0.0,0.0,305.733857,55079.154,13.021077,23.299943,8476.623,1557.003,6352.726,46339.097,0.0,-16130.56,-2345.356,18.895,100,True,124.128672
POSCO_KR,POSCO,KR,34.537,69.84605,DISCLOSED_PATH,DISCLOSED_PATH,PORT-C07B5FF15869,CAND-0792E2DF105A73,P5,PORT-C07B5FF15869,362.346302,44516.622,122.856566,True,True,,0.0,2.0275124185786808e-05,True,True,True,True,,0.0,0.0,0.0,3,3,0.49715238399999995,0.65,2.34,P5,조기 계약형 전환,False,27562.0,2036,9270.0,124.595962,45146.886,45146.886,48672.142,362.346302,124.595962,160.883951,68224.454,58295.705,61820.961,13148.819,9912.252,-16.497,0.0,134.324931,9.728969,151.997232,27.40127,0.0,0.0,0.0,0.0,0.0,362.346302,48672.142,11.506417,20.589607,13423.278,1735.149,6016.664,46054.192,1058.081,-13148.819,-9964.316,-27.343,100,True,115.905428
POSCO_KR,POSCO,KR,34.537,69.84605,ACCELERATED_15C,DISCLOSED_PATH,PORT-C07B5FF15869,CAND-0792E2DF105A73,P5,PORT-C07B5FF15869,362.346302,38890.511,107.329676,False,False,2030,5.470451711490618,-5.470451711490618,True,True,True,True,,0.0,0.0,0.0,3,3,0.49715238399999995,0.65,2.34,P5,조기 계약형 전환,False,27562.0,2036,9270.0,108.998309,39495.134,39495.134,42986.881,362.346302,108.998309,162.187135,72992.637,58767.908,62259.655,19272.774,14244.61,19.881,0.0,118.634799,9.636491,148.255584,39.257276,0.0,0.0,0.0,0.0,0.0,362.346302,42986.881,10.162383,18.184591,12466.495,1735.149,6936.432,50739.085,1134.859,-19272.774,-14233.402,-10.71,100,True,88.332981
POSCO_KR,POSCO,KR,34.537,69.84605,DISCLOSED_PATH,DISCLOSED_PATH,PORT-92AEBEABC7A8,CAND-0A4190A420448F,P1,PORT-92AEBEABC7A8,232.293891,16309.673,70.211374,True,True,,0.0,2.0275124185786808e-05,True,True,True,True,,0.0,0.0,0.0,3,3,0.33950771199999996,0.65,1.2199999999999998,P1,지연·현물조달,False,18351.0,2035,9270.0,74.103598,17213.813,17213.813,22041.356,232.293891,74.103598,110.402793,26931.916,25645.894,30473.437,8432.081,1194.89,-91.132,0.0,94.885646,20.782048,79.639784,5.536185,0.0,0.0,0.0,0.0,0.0,232.293891,22041.356,5.210722,9.324078,6299.647,999.359,4593.372,14966.233,0.0,-8432.081,-1168.51,-44.207,100,True,65.413064
POSCO_KR,POSCO,KR,34.537,69.84605,ACCELERATED_15C,DISCLOSED_PATH,PORT-92AEBEABC7A8,CAND-0A4190A420448F,P1,PORT-92AEBEABC7A8,232.293891,13738.317,59.141966,False,False,2030,17.86908886,-17.86908886,True,True,True,True,,0.0,0.0,0.0,3,3,0.33950771199999996,0.65,1.2199999999999998,P1,지연·현물조달,False,18351.0,2035,9270.0,63.357932,14717.66,14717.66,20238.272,232.293891,63.357932,116.623738,28838.546,27090.982,32611.594,12373.321,1622.345,-125.219,0.0,87.123567,23.765636,70.881006,7.523075,0.0,0.0,0.0,0.0,0.0,232.293891,20238.272,4.784462,8.561326,6299.647,999.359,5164.506,16357.91,0.0,-12373.321,-1588.477,-141.963,100,True,42.692604
POSCO_KR,POSCO,KR,34.537,69.84605,DISCLOSED_PATH,DISCLOSED_PATH,PORT-7DC46150E6EE,CAND-0B0DF7CC24CCF4,P3,PORT-7DC46150E6EE,388.383849,43029.809,110.791963,True,False,,0.0,2.0275124185786808e-05,False,False,True,True,2029,0.0,0.04299987899999996,0.0,2,3,0.43582950399999987,0.65,1.8599999999999999,P3,균형형 라이트헤지,False,22695.0,2029,7380.0,113.764843,44184.428,44184.428,51177.992,388.383849,113.764843,150.086967,63081.34,58291.354,65284.918,14106.926,4860.863,70.877,0.0,131.771678,18.006835,126.097968,12.333125,0.0,0.0,0.0,0.0,0.0,388.383849,51177.992,12.098816,21.649648,9975.075,1703.559,7943.22,43273.724,246.718,-14106.926,-4749.597,-101.344,100,True,105.074309
POSCO_KR,POSCO,KR,34.537,69.84605,ACCELERATED_15C,DISCLOSED_PATH,PORT-7DC46150E6EE,CAND-0B0DF7CC24CCF4,P3,PORT-7DC46150E6EE,388.383849,38554.208,99.268311,False,False,2040,5.624092200000003,-5.624092200000003,True,True,True,True,,0.0,0.0,0.0,2,3,0.43582950399999987,0.65,1.8599999999999999,P3,균형형 라이트헤지,False,22695.0,2029,7380.0,102.853226,39946.532,39946.532,47297.288,388.383849,102.853226,155.750511,67299.227,60490.983,67841.739,20544.451,6891.335,83.091,0.0,121.779751,18.926524,120.382906,17.52968,0.0,0.0,0.0,0.0,0.0,388.383849,47297.288,11.181392,20.008007,9975.075,1703.559,8837.501,46547.82,262.16,-20544.451,-6762.556,-72.574,100,True,82.187898
POSCO_KR,POSCO,KR,34.537,69.84605,DISCLOSED_PATH,DISCLOSED_PATH,PORT-531039DEA968,CAND-0CC93D992FF190,P3,PORT-531039DEA968,297.964268,27272.823,91.530514,True,True,,0.0,2.0275124185786808e-05,True,True,True,True,,0.0,0.0,0.0,2,3,0.43582950399999987,0.65,1.86,P3,균형형 라이트헤지,False,24060.0,2037,9270.0,95.00759,28308.867,28308.867,33718.142,297.964268,95.00759,131.230554,42721.514,39102.016,44511.291,10793.149,3568.308,-51.19,0.0,113.161697,18.154107,107.155015,12.147425,0.0,0.0,0.0,0.0,0.0,297.964268,33718.142,7.971192,14.263668,11228.925,1255.988,5534.52,24746.046,169.544,-10793.149,-3790.079,-42.928,100,True,86.317056
POSCO_KR,POSCO,KR,34.537,69.84605,ACCELERATED_15C,DISCLOSED_PATH,PORT-531039DEA968,CAND-0CC93D992FF190,P3,PORT-531039DEA968,297.964268,23648.405,79.366581,False,False,2030,5.470451711490618,-5.470451711490618,True,True,True,True,,0.0,0.0,0.0,2,3,0.43582950399999987,0.65,1.86,P3,균형형 라이트헤지,False,24060.0,2037,9270.0,82.639842,24623.72,24623.72,30550.243,297.964268,82.639842,135.867793,45689.779,40483.747,46410.27,15860.027,5066.037,-139.995,0.0,102.529887,19.890046,100.111841,17.471999,0.0,0.0,0.0,0.0,0.0,297.964268,30550.243,7.22228,12.923563,11228.925,1255.988,6236.536,26909.41,180.728,-15860.027,-5307.462,-20.377,100,True,61.974514
POSCO_KR,POSCO,KR,34.537,69.84605,DISCLOSED_PATH,DISCLOSED_PATH,PORT-1CB3B12B9B60,CAND-0D9DBFAFAC1A93,P2,PORT-1CB3B12B9B60,453.004224,54717.65,120.788388,True,False,,0.0,2.0275124185786808e-05,False,False,True,True,2029,0.0,0.04299987899999996,0.0,2,3,0.5181043679999999,0.65,2.5,P2,지연·부분헤지,False,29390.0,2037,9270.0,123.86448,56111.133,56111.133,66818.822,453.004224,123.86448,160.125397,76969.648,72537.481,83245.17,16426.349,4324.372,-107.795,0.0,147.501543,23.637063,133.648421,9.783941,0.0,0.0,0.0,0.0,0.0,453.004224,66818.822,15.796412,28.266133,14294.507,1925.364,8792.685,51793.856,91.924,-16426.349,-4340.283,-20.572,100,True,115.173946
POSCO_KR,POSCO,KR,34.537,69.84605,ACCELERATED_15C,DISCLOSED_PATH,PORT-1CB3B12B9B60,CAND-0D9DBFAFAC1A93,P2,PORT-1CB3B12B9B60,453.004224,50475.868,111.424718,True,True,,0.0,2.0275124185786808e-05,True,True,True,True,,0.0,0.0,0.0,2,3,0.5181043679999999,0.65,2.5,P2,지연·부분헤지,False,29390.0,2037,9270.0,114.489253,51864.115,51864.115,64129.883,453.004224,114.489253,167.418465,81935.54,75841.272,88107.04,23977.157,6025.276,-68.992,-0.0,141.56575,27.076497,127.942258,13.453005,0.0,0.0,0.0,0.0,0.0,453.004224,64129.883,15.160729,27.128641,13568.911,1925.364,9790.668,56267.956,97.389,-23977.157,-5831.88,22.864,100,True,93.823925
POSCO_KR,POSCO,KR,34.537,69.84605,DISCLOSED_PATH,DISCLOSED_PATH,PORT-9341B5E9E1AE,CAND-11A200804B1E4C,P1,PORT-9341B5E9E1AE,190.511279,1796.705,9.430965,False,False,2035,0.5397425250000012,-0.5397425250000012,True,True,True,True,,0.0,0.0,0.0,2,3,0.25895987200000004,0.65,0.74,P1,지연·현물조달,False,14849.0,2037,5768.0,10.51626,2003.466,2003.466,3573.705,190.511279,10.51626,46.751656,9473.843,8906.718,10476.956,6903.252,589.961,22.835,0.0,18.758494,8.242234,13.493121,2.976861,0.0,0.0,0.0,0.0,0.0,190.511279,3573.705,0.844847,1.511772,3446.915,740.044,5175.431,0.0,0.0,-6903.252,-442.442,-13.23,100,True,1.825726
POSCO_KR,POSCO,KR,34.537,69.84605,ACCELERATED_15C,DISCLOSED_PATH,PORT-9341B5E9E1AE,CAND-11A200804B1E4C,P1,PORT-9341B5E9E1AE,190.511279,-1122.509,-5.892089,False,False,2030,20.239742525,-20.239742525,True,True,True,True,,0.0,0.0,0.0,2,3,0.25895987200000004,0.65,0.74,P1,지연·현물조달,False,14849.0,2037,5768.0,-4.438083,-845.505,-845.505,732.406,190.511279,-4.438083,48.715257,9999.591,9280.806,10858.716,10126.311,787.696,68.911,-0.0,3.844421,8.282504,-0.665158,3.772925,0.0,0.0,0.0,0.0,0.0,190.511279,732.406,0.173146,0.309827,4842.077,740.044,4601.734,0.0,0.0,-10126.311,-839.257,-63.793,100,True,-25.103411
POSCO_KR,POSCO,KR,34.537,69.84605,DISCLOSED_PATH,DISCLOSED_PATH,PORT-2E4122B1D61A,CAND-1452ABFC21BA3C,P3,PORT-2E4122B1D61A,305.733857,42196.952,138.018577,True,False,,0.0,2.0275124185786808e-05,False,False,True,True,2029,0.0,0.04299987899999996,0.0,2,3,0.41130035200000004,0.65,1.7,P3,균형형 라이트헤지,False,19502.0,2029,7380.0,140.957104,43095.359,43095.359,49926.803,305.733857,140.957104,177.313968,58718.638,54210.883,61042.328,11115.524,4557.9,50.146,0.0,163.301519,22.344415,155.701152,14.744048,0.0,0.0,0.0,0.0,0.0,305.733857,49926.803,11.803027,21.120362,8573.421,1557.003,5490.326,42955.5,227.38,-11115.524,-4516.087,-76.659,100,True,132.26657
POSCO_KR,POSCO,KR,34.537,69.84605,ACCELERATED_15C,DISCLOSED_PATH,PORT-2E4122B1D61A,CAND-1452ABFC21BA3C,P3,PORT-2E4122B1D61A,305.733857,38980.686,127.498755,False,False,2035,19.399090750000003,-19.399090750000003,True,True,True,True,,0.0,0.0,0.0,2,3,0.41130035200000004,0.65,1.7,P3,균형형 라이트헤지,False,19502.0,2029,7380.0,130.894212,40018.792,40018.792,47225.075,305.733857,130.894212,183.654349,62509.624,56149.352,63355.635,16130.56,6496.2,135.928,0.0,154.464657,23.570445,151.697507,20.803295,0.0,0.0,0.0,0.0,0.0,305.733857,47225.075,11.16432,19.977459,7763.466,1557.003,6277.532,46547.82,241.602,-16130.56,-6246.613,8.542,100,True,110.228884
POSCO_KR,POSCO,KR,34.537,69.84605,DISCLOSED_PATH,DISCLOSED_PATH,PORT-A7B7FDCF1108,CAND-16671384F832DB,P4,PORT-A7B7FDCF1108,414.706243,56329.185,135.829122,True,False,,0.0,2.0275124185786808e-05,False,False,True,True,2028,0.0,0.16799987899999996,0.0,3,3,0.49715238399999995,0.65,2.34,P4,균형형 전환,False,28082.0,2036,9270.0,138.439,57411.517,57411.517,64205.377,414.706243,138.439,174.644727,81376.647,72426.258,79220.118,15014.741,8903.059,-47.329,-0.0,154.821342,16.382342,160.021478,21.582478,0.0,0.0,0.0,0.0,0.0,414.706243,64205.377,15.178576,27.160577,15627.932,2011.581,7371.979,55898.171,717.272,-15014.741,-9126.26,-74.415,100,True,129.748466
POSCO_KR,POSCO,KR,34.537,69.84605,ACCELERATED_15C,DISCLOSED_PATH,PORT-A7B7FDCF1108,CAND-16671384F832DB,P4,PORT-A7B7FDCF1108,414.706243,51046.418,123.090546,True,True,,0.0,2.0275124185786808e-05,True,True,True,True,,0.0,0.0,0.0,3,3,0.49715238399999995,0.65,2.34,P4,균형형 전환,False,28082.0,2036,9270.0,125.706295,52131.185,52131.185,59215.745,414.706243,125.706295,178.363454,86784.192,73968.438,81052.998,21837.252,12721.915,-93.839,0.0,142.789616,17.083321,156.609505,30.903211,0.0,0.0,0.0,0.0,0.0,414.706243,59215.745,13.998994,25.04983,15627.932,2011.581,8203.533,60513.837,765.32,-21837.252,-13046.314,-107.45,100,True,105.040967
POSCO_KR,POSCO,KR,34.537,69.84605,DISCLOSED_PATH,DISCLOSED_PATH,PORT-F7156CC53AF8,CAND-16DADA55DF87CF,P2,PORT-F7156CC53AF8,353.711217,42804.775,121.016165,True,False,,0.0,2.0275124185786808e-05,False,False,True,True,2029,0.0,0.04299987899999996,0.0,3,3,0.43582950399999987,0.65,1.86,P2,지연·부분헤지,False,24580.0,2035,9270.0,124.500631,44037.27,44037.27,52730.442,353.711217,124.500631,160.718507,60099.373,56847.939,65541.111,12810.669,3308.718,57.284,-0.0,149.077664,24.577033,133.692973,9.192341,0.0,0.0,0.0,0.0,0.0,353.711217,52730.442,12.465826,22.306375,10822.834,1589.724,6810.105,40669.917,71.592,-12810.669,-3179.074,62.839,100,True,115.810097
POSCO_KR,POSCO,KR,34.537,69.84605,ACCELERATED_15C,DISCLOSED_PATH,PORT-F7156CC53AF8,CAND-16DADA55DF87CF,P2,PORT-F7156CC53AF8,353.711217,39482.311,111.623012,False,False,2040,1.029748835000003,-1.029748835000003,True,True,True,True,,0.0,0.0,0.0,3,3,0.43582950399999987,0.65,1.86,P2,지연·부분헤지,False,24580.0,2035,9270.0,115.295996,40781.487,40781.487,50278.659,353.711217,115.295996,168.139258,63972.238,59472.742,68969.913,18691.255,4607.905,108.408,0.0,142.146069,26.850072,128.016816,12.720819,0.0,0.0,0.0,0.0,0.0,353.711217,50278.659,11.886208,21.269206,10822.834,1589.724,7617.371,43870.556,75.798,-18691.255,-4432.053,-71.488,100,True,94.630668
POSCO_KR,POSCO,KR,34.537,69.84605,DISCLOSED_PATH,DISCLOSED_PATH,PORT-0EE037EBD6C8,CAND-19A0EC6A18A011,P1,PORT-0EE037EBD6C8,387.333846,43559.568,112.460009,True,False,,0.0,2.0275124185786808e-05,False,False,True,True,2029,0.0,0.04299987899999996,0.0,3,3,0.435829504,0.65,1.8599999999999999,P1,지연·현물조달,False,23681.0,2035,9270.0,116.944297,45296.484,45296.484,55139.759,387.333846,116.944297,153.257367,61477.402,59361.765,69205.04,14065.281,2210.088,94.452,0.0,142.357193,25.412896,122.406346,5.462049,0.0,0.0,0.0,0.0,0.0,387.333846,55139.759,13.035404,23.32558,9907.734,1668.735,8016.194,41832.493,0.0,-14065.281,-1973.521,-89.87,100,True,108.253763
POSCO_KR,POSCO,KR,34.537,69.84605,ACCELERATED_15C,DISCLOSED_PATH,PORT-0EE037EBD6C8,CAND-19A0EC6A18A011,P1,PORT-0EE037EBD6C8,387.333846,40252.571,103.922164,False,False,2040,4.949092600000004,-4.949092600000004,True,True,True,True,,0.0,0.0,0.0,3,3,0.435829504,0.65,1.8599999999999999,P1,지연·현물조달,False,23681.0,2035,9270.0,108.500774,42026.022,42026.022,53051.547,387.333846,108.500774,161.40204,65562.724,62516.473,73541.997,20490.451,3005.785,-40.466,-0.0,136.965946,28.465172,116.36544,7.864666,0.0,0.0,0.0,0.0,0.0,387.333846,53051.547,12.541737,22.442211,11057.913,1668.735,8595.154,44224.113,0.0,-20490.451,-3021.492,-7.95,100,True,87.835446
POSCO_KR,POSCO,KR,34.537,69.84605,DISCLOSED_PATH,DISCLOSED_PATH,PORT-15CB4F8207C5,CAND-1F4761E26DC6B1,P2,PORT-15CB4F8207C5,312.214267,42315.721,135.534232,True,True,,0.0,2.0275124185786808e-05,True,True,True,True,,0.0,0.0,0.0,3,3,0.49715238399999995,0.65,2.34,P2,지연·부분헤지,False,27562.0,2037,9270.0,141.801703,44272.515,44272.515,54010.955,312.214267,141.801703,178.023327,59096.806,55581.423,65319.863,11308.908,3617.358,101.975,0.0,172.993233,31.19153,153.061224,11.259521,0.0,0.0,0.0,0.0,0.0,312.214267,54010.955,12.768547,22.848066,11728.439,1461.166,5322.133,40617.733,70.128,-11308.908,-3538.266,-79.912,100,True,133.111169
POSCO_KR,POSCO,KR,34.537,69.84605,ACCELERATED_15C,DISCLOSED_PATH,PORT-15CB4F8207C5,CAND-1F4761E26DC6B1,P2,PORT-15CB4F8207C5,312.214267,39702.272,127.163541,False,False,2030,5.470451711490618,-5.470451711490618,True,True,True,True,,0.0,0.0,0.0,3,3,0.49715238399999995,0.65,2.34,P2,지연·부분헤지,False,27562.0,2037,9270.0,133.925384,41813.416,41813.416,52184.953,312.214267,133.925384,187.161398,63466.426,58434.459,68805.997,16621.043,5006.235,-25.732,0.0,167.144679,33.219295,150.042416,16.117032,0.0,0.0,0.0,0.0,0.0,312.214267,52184.953,12.336868,22.075619,13654.973,1461.166,5793.673,42891.575,74.51,-16621.043,-5437.586,-3.853,100,True,113.260056
NIPPON_STEEL_JP,Nippon Steel,JP,34.3,72.6,DISCLOSED_PATH,DISCLOSED_PATH,PORT-6742936593A9,CAND-7400D0EA735D98,P3,PORT-6742936593A9,454.753949,36270.549,79.758623,True,True,,0.0,3.446647212967946e-06,True,True,True,True,,0.0,0.0,0.0,2,2,0.47641018879999986,0.65,2.16,P3,균형형 라이트헤지,False,29348.0,2034,8019.0,82.537518,37534.262,37534.262,44845.543,454.753949,82.537518,117.546999,59142.653,53454.962,60766.243,15920.7,5690.589,2.898,0.0,98.61496,16.077442,95.044702,12.507184,0.0,0.0,0.0,0.0,0.0,454.753949,44845.543,4.562286,8.355357,13834.067,1232.202,15512.675,28377.073,242.595,-15920.7,-5856.87,113.221,100,True,59.811323
NIPPON_STEEL_JP,Nippon Steel,JP,34.3,72.6,ACCELERATED_15C,DISCLOSED_PATH,PORT-6742936593A9,CAND-7400D0EA735D98,P3,PORT-6742936593A9,454.753949,31092.014,68.371069,True,True,,0.0,3.446647212967946e-06,True,True,True,True,,0.0,0.0,0.0,2,2,0.47641018879999986,0.65,2.16,P3,균형형 라이트헤지,False,29348.0,2034,8019.0,71.385172,32462.689,32462.689,40404.41,454.753949,71.385172,123.044166,63491.429,55954.82,63896.541,23492.132,7570.526,33.917,0.0,88.848948,17.463776,87.958109,16.572937,0.0,0.0,0.0,0.0,0.0,454.753949,40404.41,4.110475,7.527912,12206.398,1232.202,17561.903,32275.089,259.354,-23492.132,-7349.35,-230.775,100,True,35.843028
NIPPON_STEEL_JP,Nippon Steel,JP,34.3,72.6,DISCLOSED_PATH,DISCLOSED_PATH,PORT-6742936593A9,CAND-F6184286A4322F,P2,PORT-6742936593A9,454.753949,37375.086,82.187491,True,True,,0.0,3.446647212967946e-06,True,True,True,True,,0.0,0.0,0.0,2,2,0.47641018879999986,0.65,2.16,P2,지연·부분헤지,False,29348.0,2034,8019.0,85.703432,38973.974,38973.974,48173.704,454.753949,85.703432,120.712914,59246.81,54894.674,64094.404,15920.7,4349.581,-2.555,0.0,105.933558,20.230126,95.273741,9.570309,0.0,0.0,0.0,0.0,0.0,454.753949,48173.704,4.900871,8.975441,11993.974,1232.202,15920.657,29933.126,77.272,-15920.7,-4107.534,-155.023,100,True,62.977237
NIPPON_STEEL_JP,Nippon Steel,JP,34.3,72.6,ACCELERATED_15C,DISCLOSED_PATH,PORT-6742936593A9,CAND-F6184286A4322F,P2,PORT-6742936593A9,454.753949,32776.213,72.074609,True,True,,0.0,3.446647212967946e-06,True,True,True,True,,0.0,0.0,0.0,2,2,0.47641018879999986,0.65,2.16,P2,지연·부분헤지,False,29348.0,2034,8019.0,75.996738,34559.817,34559.817,44719.316,454.753949,75.996738,127.655732,63621.376,58051.948,68211.448,23492.132,5527.999,-41.428,0.0,98.33739,22.340652,88.243861,12.247123,0.0,0.0,0.0,0.0,0.0,454.753949,44719.316,4.549445,8.33184,11993.974,1232.202,17619.733,32723.539,82.225,-23492.132,-5280.099,-319.626,100,True,40.454594
NIPPON_STEEL_JP,Nippon Steel,JP,34.3,72.6,DISCLOSED_PATH,DISCLOSED_PATH,PORT-6742936593A9,CAND-18F73BD54A9F34,P1,PORT-6742936593A9,454.753949,38138.549,83.866339,True,True,,0.0,3.446647212967946e-06,True,True,True,True,,0.0,0.0,0.0,2,2,0.47641018879999986,0.65,2.16,P1,지연·현물조달,False,29348.0,2034,8019.0,87.915181,39979.776,39979.776,50698.073,454.753949,87.915181,122.924663,59350.234,55900.476,66618.773,15920.7,3443.584,-6.174,0.0,111.484624,23.569442,95.50117,7.585989,0.0,0.0,0.0,0.0,0.0,454.753949,50698.073,5.157684,9.445766,11852.358,1232.202,15962.968,30203.774,0.0,-15920.7,-3148.557,-202.269,100,True,65.188986
NIPPON_STEEL_JP,Nippon Steel,JP,34.3,72.6,ACCELERATED_15C,DISCLOSED_PATH,PORT-6742936593A9,CAND-18F73BD54A9F34,P1,PORT-6742936593A9,454.753949,33926.565,74.604223,True,True,,0.0,3.446647212967946e-06,True,True,True,True,,0.0,0.0,0.0,2,2,0.47641018879999986,0.65,2.16,P1,지연·현물조달,False,29348.0,2034,8019.0,79.369037,36093.383,36093.383,48029.055,454.753949,79.369037,131.028031,63747.551,59585.514,71521.187,23492.132,4224.247,62.21,0.0,105.615477,26.246441,88.52132,9.152283,0.0,0.0,0.0,0.0,0.0,454.753949,48029.055,4.886156,8.948491,11185.503,1232.202,20036.701,30428.124,0.0,-23492.132,-3631.31,334.296,100,True,43.826893
NIPPON_STEEL_JP,Nippon Steel,JP,34.3,72.6,DISCLOSED_PATH,DISCLOSED_PATH,PORT-9E76B3BFF9FF,CAND-EBD30C485CEFDA,P2,PORT-9E76B3BFF9FF,456.103943,40161.86,88.054182,True,True,,0.0,3.446647212967946e-06,True,True,True,True,,0.0,0.0,0.0,2,2,0.47641018879999986,0.65,2.16,P2,지연·부분헤지,False,28936.6,2032,6930.0,91.12161,41560.926,41560.926,51518.002,456.103943,91.12161,126.13316,61958.552,57529.831,67486.907,15968.906,4456.709,27.989,0.0,112.952327,21.830717,100.831502,9.709892,0.0,0.0,0.0,0.0,0.0,456.103943,51518.002,5.241098,9.598531,12431.165,1264.395,16556.179,31806.547,80.025,-15968.906,-4281.539,-326.941,100,True,68.395415
NIPPON_STEEL_JP,Nippon Steel,JP,34.3,72.6,ACCELERATED_15C,DISCLOSED_PATH,PORT-9E76B3BFF9FF,CAND-EBD30C485CEFDA,P2,PORT-9E76B3BFF9FF,456.103943,35619.4,78.094918,True,True,,0.0,3.446647212967946e-06,True,True,True,True,,0.0,0.0,0.0,2,2,0.47641018879999986,0.65,2.16,P2,지연·부분헤지,False,28936.6,2032,6930.0,81.605724,37220.692,37220.692,48068.997,456.103943,81.605724,133.259132,66400.631,60780.016,71628.321,23559.323,5707.231,86.616,0.0,105.390445,23.784721,93.928825,12.323101,0.0,0.0,0.0,0.0,0.0,456.103943,48068.997,4.890219,8.955933,12876.92,1264.395,17379.679,34381.761,85.094,-23559.323,-5614.963,407.131,100,True,46.06358
NIPPON_STEEL_JP,Nippon Steel,JP,34.3,72.6,DISCLOSED_PATH,DISCLOSED_PATH,PORT-9E76B3BFF9FF,CAND-C1AAA9A0078119,P1,PORT-9E76B3BFF9FF,456.103943,41012.769,89.919787,True,True,,0.0,3.446647212967946e-06,True,True,True,True,,0.0,0.0,0.0,2,2,0.47641018879999986,0.65,2.16,P1,지연·현물조달,False,28936.6,2032,6930.0,93.496236,42644.002,42644.002,54249.645,456.103943,93.496236,128.507786,62063.559,58612.908,70218.55,15968.906,3454.876,4.225,-0.0,118.941407,25.445171,101.06173,7.565494,0.0,0.0,0.0,0.0,0.0,456.103943,54249.645,5.518997,10.107474,13736.17,1264.395,15361.178,31472.704,0.0,-15968.906,-3635.644,414.105,100,True,70.770041
NIPPON_STEEL_JP,Nippon Steel,JP,34.3,72.6,ACCELERATED_15C,DISCLOSED_PATH,PORT-9E76B3BFF9FF,CAND-C1AAA9A0078119,P1,PORT-9E76B3BFF9FF,456.103943,36907.411,80.918861,True,True,,0.0,3.446647212967946e-06,True,True,True,True,,0.0,0.0,0.0,2,2,0.47641018879999986,0.65,2.16,P1,지연·현물조달,False,28936.6,2032,6930.0,85.087016,38808.523,38808.523,51577.138,456.103943,85.087016,136.740424,66522.806,62367.847,75136.462,23559.323,4234.841,79.883,0.0,113.081983,27.994967,94.196691,9.109676,0.0,0.0,0.0,0.0,0.0,456.103943,51577.138,5.247114,9.609549,12353.115,1264.395,18445.109,34794.205,0.0,-23559.323,-4001.569,-487.409,100,True,49.544872
NIPPON_STEEL_JP,Nippon Steel,JP,34.3,72.6,DISCLOSED_PATH,DISCLOSED_PATH,PORT-00B029BF7478,CAND-EF9F86F64A1C2A,P3,PORT-00B029BF7478,459.478949,42624.951,92.768018,True,True,,0.0,3.446647212967946e-06,True,True,True,True,,0.0,0.0,0.0,2,2,0.5333221247999997,0.65,2.6399999999999997,P3,균형형 라이트헤지,False,32153.0,2034,8019.0,96.946744,44544.988,44544.988,53094.513,459.478949,96.946744,131.952456,67388.582,60629.376,69178.901,16084.388,6660.982,-98.224,0.0,115.553745,18.607001,111.657333,14.710589,0.0,0.0,0.0,0.0,0.0,459.478949,53094.513,5.401482,9.892257,14578.313,1294.782,15565.309,35571.245,271.931,-16084.388,-6651.001,-1.204,100,True,74.220549
NIPPON_STEEL_JP,Nippon Steel,JP,34.3,72.6,ACCELERATED_15C,DISCLOSED_PATH,PORT-00B029BF7478,CAND-EF9F86F64A1C2A,P3,PORT-00B029BF7478,459.478949,37612.255,81.858493,True,True,,0.0,3.446647212967946e-06,True,True,True,True,,0.0,0.0,0.0,2,2,0.5333221247999997,0.65,2.6399999999999997,P3,균형형 라이트헤지,False,32153.0,2034,8019.0,86.212426,39612.795,39612.795,48628.104,459.478949,86.212426,137.873428,72393.118,63349.938,72365.246,23737.143,8888.631,-154.549,0.0,105.833148,19.620722,105.893807,19.681381,0.0,0.0,0.0,0.0,0.0,459.478949,48628.104,4.947099,9.060102,14578.313,1294.782,17190.758,39022.231,290.94,-23737.143,-8924.025,-103.063,100,True,50.670282
NIPPON_STEEL_JP,Nippon Steel,JP,34.3,72.6,DISCLOSED_PATH,DISCLOSED_PATH,PORT-00B029BF7478,CAND-BCE0067D428D60,P2,PORT-00B029BF7478,459.478949,43972.256,95.700264,True,True,,0.0,3.446647212967946e-06,True,True,True,True,,0.0,0.0,0.0,2,2,0.5333221247999997,0.65,2.6399999999999997,P2,지연·부분헤지,False,32153.0,2034,8019.0,100.940904,46380.22,46380.22,57128.576,459.478949,100.940904,135.946616,67636.835,62464.608,73212.963,16084.388,5026.953,-145.274,0.0,124.33339,23.392487,112.197625,11.256722,0.0,0.0,0.0,0.0,0.0,459.478949,57128.576,5.81188,10.64386,14590.532,1294.782,15579.919,35968.91,85.879,-16084.388,-5035.31,-20.104,100,True,78.214709
NIPPON_STEEL_JP,Nippon Steel,JP,34.3,72.6,ACCELERATED_15C,DISCLOSED_PATH,PORT-00B029BF7478,CAND-BCE0067D428D60,P2,PORT-00B029BF7478,459.478949,39677.474,86.353193,True,True,,0.0,3.446647212967946e-06,True,True,True,True,,0.0,0.0,0.0,2,2,0.5333221247999997,0.65,2.6399999999999997,P2,지연·부분헤지,False,32153.0,2034,8019.0,91.907508,42229.565,42229.565,53774.159,459.478949,91.907508,143.568509,72713.473,65966.708,77511.301,23737.143,6456.659,-290.106,0.0,117.03291,25.125403,106.591021,14.683513,0.0,0.0,0.0,0.0,0.0,459.478949,53774.159,5.470624,10.018885,14590.532,1294.782,17213.483,39477.293,91.425,-23737.143,-6510.937,-189.87,100,True,56.365364
NIPPON_STEEL_JP,Nippon Steel,JP,34.3,72.6,DISCLOSED_PATH,DISCLOSED_PATH,PORT-00B029BF7478,CAND-F940A5016FE44E,P1,PORT-00B029BF7478,459.478949,44901.773,97.723243,True,True,,0.0,3.446647212967946e-06,True,True,True,True,,0.0,0.0,0.0,2,2,0.5333221247999997,0.65,2.6399999999999997,P1,지연·현물조달,False,32153.0,2034,8019.0,103.771746,47680.933,47680.933,60163.594,459.478949,103.771746,138.777458,67850.627,63765.321,76247.982,16084.388,3890.824,-194.483,0.0,130.93874,27.166994,112.662918,8.891172,0.0,0.0,0.0,0.0,0.0,459.478949,60163.594,6.120643,11.209327,14598.678,1294.782,15594.529,36234.02,0.0,-16084.388,-3942.515,-14.173,100,True,81.045551
NIPPON_STEEL_JP,Nippon Steel,JP,34.3,72.6,ACCELERATED_15C,DISCLOSED_PATH,PORT-00B029BF7478,CAND-F940A5016FE44E,P1,PORT-00B029BF7478,459.478949,41085.871,89.418396,True,True,,0.0,3.446647212967946e-06,True,True,True,True,,0.0,0.0,0.0,2,2,0.5333221247999997,0.65,2.6399999999999997,P1,지연·현물조달,False,32153.0,2034,8019.0,95.907071,44067.28,44067.28,57631.876,459.478949,95.907071,147.568072,73002.394,67804.423,81369.019,23737.143,4801.208,-396.763,-0.0,125.428763,29.521692,107.219822,11.312751,0.0,0.0,0.0,0.0,0.0,459.478949,57631.876,5.863083,10.737632,14598.678,1294.782,17236.207,39780.667,0.0,-23737.143,-4867.68,-238.232,100,True,60.364927
NIPPON_STEEL_JP,Nippon Steel,JP,34.3,72.6,DISCLOSED_PATH,DISCLOSED_PATH,PORT-05EE518306D9,CAND-1F99EBB5AE8665,P3,PORT-05EE518306D9,460.828943,45283.626,98.265585,True,True,,0.0,3.446647212967946e-06,True,True,True,True,,0.0,0.0,0.0,2,2,0.5333221247999997,0.65,2.6399999999999997,P3,균형형 라이트헤지,False,31741.6,2038,7425.0,101.775947,46901.302,46901.302,55702.689,460.828943,101.775947,136.783717,69710.528,63033.896,71835.282,16132.594,6814.243,137.611,0.0,120.874979,19.099032,116.264256,14.48831,0.0,0.0,0.0,0.0,0.0,460.828943,55702.689,5.66682,10.378197,14133.236,1326.975,16195.859,37845.297,282.513,-16132.594,-6729.718,-20.267,100,True,79.049752
NIPPON_STEEL_JP,Nippon Steel,JP,34.3,72.6,ACCELERATED_15C,DISCLOSED_PATH,PORT-05EE518306D9,CAND-1F99EBB5AE8665,P3,PORT-05EE518306D9,460.828943,40251.786,87.346479,True,True,,0.0,3.446647212967946e-06,True,True,True,True,,0.0,0.0,0.0,2,2,0.5333221247999997,0.65,2.6399999999999997,P3,균형형 라이트헤지,False,31741.6,2038,7425.0,91.345338,42094.575,42094.575,51236.5,460.828943,91.345338,143.000804,74896.226,65898.909,75040.834,23804.334,9082.058,84.742,0.0,111.183338,19.838,110.869537,19.5242,0.0,0.0,0.0,0.0,0.0,460.828943,51236.5,5.21246,9.546083,14133.236,1326.975,17856.811,41296.039,301.965,-23804.334,-9018.312,2.195,100,True,55.803194
NIPPON_STEEL_JP,Nippon Steel,JP,34.3,72.6,DISCLOSED_PATH,DISCLOSED_PATH,PORT-05EE518306D9,CAND-7BA4793B4CD2AC,P2,PORT-05EE518306D9,460.828943,46759.03,101.467217,True,True,,0.0,3.446647212967946e-06,True,True,True,True,,0.0,0.0,0.0,2,2,0.5333221247999997,0.65,2.6399999999999997,P2,지연·부분헤지,False,31741.6,2038,7425.0,105.923336,48812.539,48812.539,59852.642,460.828943,105.923336,140.931106,69815.279,64945.133,75985.235,16132.594,5089.194,219.048,0.0,129.880387,23.957051,116.491566,10.56823,0.0,0.0,0.0,0.0,0.0,460.828943,59852.642,6.089009,11.151392,14059.207,1326.975,16364.472,38092.28,88.632,-16132.594,-4968.527,-17.906,100,True,83.197141
NIPPON_STEEL_JP,Nippon Steel,JP,34.3,72.6,ACCELERATED_15C,DISCLOSED_PATH,PORT-05EE518306D9,CAND-7BA4793B4CD2AC,P2,PORT-05EE518306D9,460.828943,42520.661,92.269944,True,True,,0.0,3.446647212967946e-06,True,True,True,True,,0.0,0.0,0.0,2,2,0.5333221247999997,0.65,2.6399999999999997,P2,지연·부분헤지,False,31741.6,2038,7425.0,97.456676,44910.857,44910.857,56579.102,460.828943,97.456676,149.112143,75064.582,68715.191,80383.436,23804.334,6570.489,221.098,0.0,122.776797,25.320121,111.234871,13.778195,0.0,0.0,0.0,0.0,0.0,460.828943,56579.102,5.755981,10.541485,14059.207,1326.975,18042.176,41575.587,94.294,-23804.334,-6419.772,36.724,100,True,61.914532
NIPPON_STEEL_JP,Nippon Steel,JP,34.3,72.6,DISCLOSED_PATH,DISCLOSED_PATH,PORT-5DE4D9A04480,CAND-C51D410B54BFD5,P3,PORT-5DE4D9A04480,461.703943,46880.712,101.538471,True,True,,0.0,3.446647212967946e-06,True,True,True,True,,0.0,0.0,0.0,2,2,0.47641018879999986,0.65,2.16,P3,균형형 라이트헤지,False,29609.8,2034,8019.0,103.428578,47753.382,47753.382,57485.396,461.703943,103.428578,138.444135,70626.819,63920.203,73652.216,16166.82,6702.55,-4.066,0.0,124.50705,21.078471,117.954372,14.525793,0.0,0.0,0.0,0.0,0.0,461.703943,57485.396,5.848181,10.71034,13027.282,1353.028,15585.594,40256.038,286.916,-16166.82,-6543.646,-45.01,100,True,80.702383
NIPPON_STEEL_JP,Nippon Steel,JP,34.3,72.6,ACCELERATED_15C,DISCLOSED_PATH,PORT-5DE4D9A04480,CAND-C51D410B54BFD5,P3,PORT-5DE4D9A04480,461.703943,41879.213,90.705772,True,True,,0.0,3.446647212967946e-06,True,True,True,True,,0.0,0.0,0.0,2,2,0.47641018879999986,0.65,2.16,P3,균형형 라이트헤지,False,29609.8,2034,8019.0,92.638748,42771.675,42771.675,53109.732,461.703943,92.638748,144.300716,75580.857,66624.21,76962.267,23852.534,9070.224,113.577,0.0,115.029843,22.391095,112.037862,19.399114,0.0,0.0,0.0,0.0,0.0,461.703943,53109.732,5.40303,9.895093,13027.282,1353.028,17166.931,43610.433,306.624,-23852.534,-8840.074,-0.014,100,True,57.096604
NIPPON_STEEL_JP,Nippon Steel,JP,34.3,72.6,DISCLOSED_PATH,DISCLOSED_PATH,PORT-05EE518306D9,CAND-CA2E4138D9BC07,P1,PORT-05EE518306D9,460.828943,47775.994,103.67403,True,True,,0.0,3.446647212967946e-06,True,True,True,True,,0.0,0.0,0.0,2,2,0.5333221247999997,0.65,2.6399999999999997,P1,지연·현물조달,False,31741.6,2038,7425.0,108.892631,50180.876,50180.876,62962.317,460.828943,108.892631,143.900401,69940.702,66313.47,79094.911,16132.594,3911.554,284.321,0.0,136.628392,27.735762,116.763735,7.871105,0.0,0.0,0.0,0.0,0.0,460.828943,62962.317,6.405366,11.730768,14009.854,1326.975,16533.085,38256.935,0.0,-16132.594,-3782.172,-31.207,100,True,86.166436
NIPPON_STEEL_JP,Nippon Steel,JP,34.3,72.6,ACCELERATED_15C,DISCLOSED_PATH,PORT-05EE518306D9,CAND-CA2E4138D9BC07,P1,PORT-05EE518306D9,460.828943,44066.717,95.624891,True,True,,0.0,3.446647212967946e-06,True,True,True,True,,0.0,0.0,0.0,2,2,0.5333221247999997,0.65,2.6399999999999997,P1,지연·현물조달,False,31741.6,2038,7425.0,101.773737,46900.283,46900.283,60564.802,460.828943,101.773737,153.429204,75262.64,70704.618,84369.136,23804.334,4822.196,264.174,-0.0,131.425778,29.652041,111.664657,9.89092,0.0,0.0,0.0,0.0,0.0,460.828943,60564.802,6.161459,11.284077,14009.854,1326.975,18227.54,41761.953,0.0,-23804.334,-4669.137,47.432,100,True,66.231593
NIPPON_STEEL_JP,Nippon Steel,JP,34.3,72.6,DISCLOSED_PATH,DISCLOSED_PATH,PORT-5DE4D9A04480,CAND-33480771F67BD6,P2,PORT-5DE4D9A04480,461.703943,48461.555,104.962402,True,True,,0.0,3.446647212967946e-06,True,True,True,True,,0.0,0.0,0.0,2,2,0.47641018879999986,0.65,2.16,P2,지연·부분헤지,False,29609.8,2034,8019.0,107.355668,49566.535,49566.535,61837.475,461.703943,107.355668,142.371224,70633.595,65733.356,78004.295,16166.82,4840.236,-60.004,-0.0,133.933174,26.577506,117.969049,10.613381,0.0,0.0,0.0,0.0,0.0,461.703943,61837.475,6.290932,11.521194,14714.96,1353.028,15307.371,39331.359,89.284,-16166.82,-5132.798,70.151,100,True,84.629473
NIPPON_STEEL_JP,Nippon Steel,JP,34.3,72.6,ACCELERATED_15C,DISCLOSED_PATH,PORT-5DE4D9A04480,CAND-33480771F67BD6,P2,PORT-5DE4D9A04480,461.703943,44313.955,95.979155,True,True,,0.0,3.446647212967946e-06,True,True,True,True,,0.0,0.0,0.0,2,2,0.47641018879999986,0.65,2.16,P2,지연·부분헤지,False,29609.8,2034,8019.0,98.523793,45488.824,45488.824,58659.856,461.703943,98.523793,150.18576,75579.874,69341.358,82512.391,23852.534,6255.244,16.728,-0.0,127.050802,28.52701,112.035733,13.51194,0.0,0.0,0.0,0.0,0.0,461.703943,58659.856,5.967663,10.929159,13539.335,1353.028,17099.528,43496.353,95.013,-23852.534,-6255.976,14.076,100,True,62.981649
NIPPON_STEEL_JP,Nippon Steel,JP,34.3,72.6,DISCLOSED_PATH,DISCLOSED_PATH,PORT-5DE4D9A04480,CAND-1D35A6D7D808A4,P1,PORT-5DE4D9A04480,461.703943,49550.401,107.320723,True,True,,0.0,3.446647212967946e-06,True,True,True,True,,0.0,0.0,0.0,2,2,0.47641018879999986,0.65,2.16,P1,지연·현물조달,False,29609.8,2034,8019.0,110.088935,50828.496,50828.496,65097.195,461.703943,110.088935,145.104492,70688.492,66995.316,81264.015,16166.82,3613.732,-79.444,0.0,140.993369,30.904434,118.087948,7.999013,0.0,0.0,0.0,0.0,0.0,461.703943,65097.195,6.622555,12.128526,14851.939,1353.028,15301.873,39363.95,0.0,-16166.82,-3978.132,102.657,100,True,87.36274
NIPPON_STEEL_JP,Nippon Steel,JP,34.3,72.6,ACCELERATED_15C,DISCLOSED_PATH,PORT-5DE4D9A04480,CAND-1D35A6D7D808A4,P1,PORT-5DE4D9A04480,461.703943,45971.96,99.570214,True,True,,0.0,3.446647212967946e-06,True,True,True,True,,0.0,0.0,0.0,2,2,0.47641018879999986,0.65,2.16,P1,지연·현물조달,False,29609.8,2034,8019.0,102.602786,47372.111,47372.111,62733.542,461.703943,102.602786,154.264754,75628.787,71224.645,86586.077,23852.534,4446.152,42.01,0.0,135.873958,33.271172,112.141674,9.538887,0.0,0.0,0.0,0.0,0.0,461.703943,62733.542,6.382092,11.688144,13529.36,1353.028,17131.493,43618.442,0.0,-23852.534,-4436.807,29.13,100,True,67.060642
NIPPON_STEEL_JP,Nippon Steel,JP,34.3,72.6,DISCLOSED_PATH,DISCLOSED_PATH,PORT-7F141003EFD9,CAND-3DE8D6197F9834,P3,PORT-7F141003EFD9,466.428943,53235.115,114.133387,True,True,,0.0,3.446647212967946e-06,True,True,True,True,,0.0,0.0,0.0,2,2,0.5333221247999997,0.65,2.6399999999999997,P3,균형형 라이트헤지,False,32414.8,2034,8019.0,116.415078,54299.362,54299.362,65085.418,466.428943,116.415078,151.426859,78183.933,70629.87,81415.926,16330.508,7617.665,63.602,0.0,139.539835,23.124757,132.610605,16.195527,0.0,0.0,0.0,0.0,0.0,466.428943,65085.418,6.621356,12.126332,15262.614,1415.609,15960.2,45237.902,316.253,-16330.508,-7590.056,27.348,100,True,93.688883
NIPPON_STEEL_JP,Nippon Steel,JP,34.3,72.6,ACCELERATED_15C,DISCLOSED_PATH,PORT-7F141003EFD9,CAND-3DE8D6197F9834,P3,PORT-7F141003EFD9,466.428943,48399.453,103.765973,True,True,,0.0,3.446647212967946e-06,True,True,True,True,,0.0,0.0,0.0,2,2,0.5333221247999997,0.65,2.6399999999999997,P3,균형형 라이트헤지,False,32414.8,2034,8019.0,106.301945,49582.304,49582.304,60737.997,466.428943,106.301945,157.96586,83940.418,73679.849,84835.542,24097.545,10354.327,93.758,-0.0,130.219185,23.91724,128.300084,21.998139,0.0,0.0,0.0,0.0,0.0,466.428943,60737.997,6.179079,11.316346,15264.661,1415.609,16856.161,50111.496,338.211,-24097.545,-10341.95,35.661,100,True,70.759801
NIPPON_STEEL_JP,Nippon Steel,JP,34.3,72.6,DISCLOSED_PATH,DISCLOSED_PATH,PORT-7F141003EFD9,CAND-C4C9319CE1829D,P2,PORT-7F141003EFD9,466.428943,55058.726,118.043115,True,True,,0.0,3.446647212967946e-06,True,True,True,True,,0.0,0.0,0.0,2,2,0.5333221247999997,0.65,2.6399999999999997,P2,지연·부분헤지,False,32414.8,2034,8019.0,120.920437,56400.791,56400.791,69923.522,466.428943,120.920437,155.932218,78210.85,72731.3,86254.03,16330.508,5481.891,2.341,-0.0,149.912485,28.992048,132.668313,11.747877,0.0,0.0,0.0,0.0,0.0,466.428943,69923.522,7.113553,13.027739,15319.157,1415.609,16132.795,45260.749,97.891,-16330.508,-5537.751,42.85,100,True,98.194242
NIPPON_STEEL_JP,Nippon Steel,JP,34.3,72.6,ACCELERATED_15C,DISCLOSED_PATH,PORT-7F141003EFD9,CAND-C4C9319CE1829D,P2,PORT-7F141003EFD9,466.428943,51215.216,109.802825,True,True,,0.0,3.446647212967946e-06,True,True,True,True,,0.0,0.0,0.0,2,2,0.5333221247999997,0.65,2.6399999999999997,P2,지연·부분헤지,False,32414.8,2034,8019.0,113.086525,52746.828,52746.828,67140.76,466.428943,113.086525,164.75044,83977.323,76844.373,91238.306,24097.545,7159.877,26.928,0.0,143.946385,30.859861,128.379207,15.292682,0.0,0.0,0.0,0.0,0.0,466.428943,67140.76,6.830453,12.509271,15321.676,1415.609,16887.251,50311.468,104.213,-24097.545,-7246.973,51.129,100,True,77.544381
NIPPON_STEEL_JP,Nippon Steel,JP,34.3,72.6,DISCLOSED_PATH,DISCLOSED_PATH,PORT-93BA44A86FDE,CAND-D862A4AE5F72FA,P3,PORT-93BA44A86FDE,468.703944,56196.179,119.896962,True,True,,0.0,3.446647212967946e-06,True,True,True,True,,0.0,0.0,0.0,2,2,0.5333221247999999,0.65,2.6399999999999997,P3,균형형 라이트헤지,False,31966.0,2034,8019.0,122.966733,57634.993,57634.993,68619.304,468.703944,122.966733,157.981025,81759.731,74046.33,85030.64,16411.337,7830.939,117.538,0.0,146.402232,23.435499,139.423607,16.456874,0.0,0.0,0.0,0.0,0.0,468.703944,68619.304,6.98087,12.784745,13609.738,1451.027,15250.602,50839.486,328.09,-16411.337,-7508.421,75.808,100,True,100.240538
NIPPON_STEEL_JP,Nippon Steel,JP,34.3,72.6,ACCELERATED_15C,DISCLOSED_PATH,PORT-93BA44A86FDE,CAND-D862A4AE5F72FA,P3,PORT-93BA44A86FDE,468.703944,51476.554,109.82744,True,True,,0.0,3.446647212967946e-06,True,True,True,True,,0.0,0.0,0.0,2,2,0.5333221247999999,0.65,2.6399999999999997,P3,균형형 라이트헤지,False,31966.0,2034,8019.0,113.458165,53178.289,53178.289,64941.39,468.703944,113.458165,165.127561,87864.369,77395.939,89159.04,24217.65,10715.91,247.48,0.0,138.555246,25.097081,135.79301,22.334845,0.0,0.0,0.0,0.0,0.0,468.703944,64941.39,6.606704,12.099497,14725.008,1451.027,16707.947,54859.672,351.084,-24217.65,-10632.781,-66.017,100,True,77.916021
NIPPON_STEEL_JP,Nippon Steel,JP,34.3,72.6,DISCLOSED_PATH,DISCLOSED_PATH,PORT-7F141003EFD9,CAND-7F68777647A3B1,P1,PORT-7F141003EFD9,466.428943,56313.625,120.733557,True,True,,0.0,3.446647212967946e-06,True,True,True,True,,0.0,0.0,0.0,2,2,0.5333221247999997,0.65,2.6399999999999997,P1,지연·현물조달,False,32414.8,2034,8019.0,124.105682,57886.482,57886.482,73455.018,466.428943,124.105682,159.117464,78308.968,74216.991,89785.526,16330.508,4049.236,-42.741,0.0,157.483833,33.37815,132.878674,8.772991,0.0,0.0,0.0,0.0,0.0,466.428943,73455.018,7.472824,13.685706,14619.131,1415.609,15335.279,46840.645,0.0,-16330.508,-3960.77,-32.903,100,True,101.379487
NIPPON_STEEL_JP,Nippon Steel,JP,34.3,72.6,ACCELERATED_15C,DISCLOSED_PATH,PORT-7F141003EFD9,CAND-7F68777647A3B1,P1,PORT-7F141003EFD9,466.428943,53131.266,113.91074,True,True,,0.0,3.446647212967946e-06,True,True,True,True,,0.0,0.0,0.0,2,2,0.5333221247999997,0.65,2.6399999999999997,P1,지연·현물조달,False,32414.8,2034,8019.0,117.772506,54932.505,54932.505,71938.848,466.428943,117.772506,169.436421,84065.07,79030.051,96036.394,24097.545,5001.017,-34.003,-0.0,154.233243,36.460737,128.567332,10.794827,0.0,0.0,0.0,0.0,0.0,466.428943,71938.848,7.318579,13.403223,15359.686,1415.609,16918.34,50444.782,0.0,-24097.545,-5174.321,65.955,100,True,82.230362
NIPPON_STEEL_JP,Nippon Steel,JP,34.3,72.6,DISCLOSED_PATH,DISCLOSED_PATH,PORT-93BA44A86FDE,CAND-505DC50EEE65AA,P2,PORT-93BA44A86FDE,468.703944,58159.645,124.086101,True,True,,0.0,3.446647212967946e-06,True,True,True,True,,0.0,0.0,0.0,2,2,0.5333221247999999,0.65,2.6399999999999997,P2,지연·부분헤지,False,31966.0,2034,8019.0,127.995867,59992.168,59992.168,73837.654,468.703944,127.995867,163.010159,81833.465,76403.505,90248.99,16411.337,5529.623,99.663,0.0,157.535806,29.539939,139.580921,11.585054,0.0,0.0,0.0,0.0,0.0,468.703944,73837.654,7.511751,13.756997,14678.484,1451.027,15140.979,50609.628,100.963,-16411.337,-5489.356,-88.219,100,True,105.269672
NIPPON_STEEL_JP,Nippon Steel,JP,34.3,72.6,ACCELERATED_15C,DISCLOSED_PATH,PORT-93BA44A86FDE,CAND-505DC50EEE65AA,P2,PORT-93BA44A86FDE,468.703944,54511.067,116.301704,True,True,,0.0,3.446647212967946e-06,True,True,True,True,,0.0,0.0,0.0,2,2,0.5333221247999999,0.65,2.6399999999999997,P2,지연·부분헤지,False,31966.0,2034,8019.0,121.071832,56746.845,56746.845,71832.071,468.703944,121.071832,172.741229,87946.203,80964.495,96049.721,24217.65,7209.062,227.354,-0.0,153.25681,32.184977,135.967606,14.895773,0.0,0.0,0.0,0.0,0.0,468.703944,71832.071,7.307716,13.383328,14678.484,1451.027,16731.454,55270.146,107.558,-24217.65,-7200.447,-73.726,100,True,85.529688
NIPPON_STEEL_JP,Nippon Steel,JP,34.3,72.6,DISCLOSED_PATH,DISCLOSED_PATH,PORT-93BA44A86FDE,CAND-0B64D3C56ED2FD,P1,PORT-93BA44A86FDE,468.703944,59510.078,126.967309,True,True,,0.0,3.446647212967946e-06,True,True,True,True,,0.0,0.0,0.0,2,2,0.5333221247999999,0.65,2.6399999999999997,P1,지연·현물조달,False,31966.0,2034,8019.0,131.506997,61637.848,61637.848,77756.147,468.703944,131.506997,166.521289,81929.8,78049.185,94167.484,16411.337,4044.685,164.07,0.0,165.89608,34.389083,139.786456,8.279459,0.0,0.0,0.0,0.0,0.0,468.703944,77756.147,7.910392,14.487067,13103.248,1451.027,15335.349,51609.298,0.0,-16411.337,-3538.54,88.804,100,True,108.780802
NIPPON_STEEL_JP,Nippon Steel,JP,34.3,72.6,ACCELERATED_15C,DISCLOSED_PATH,PORT-93BA44A86FDE,CAND-0B64D3C56ED2FD,P1,PORT-93BA44A86FDE,468.703944,56575.087,120.705378,True,True,,0.0,3.446647212967946e-06,True,True,True,True,,0.0,0.0,0.0,2,2,0.5333221247999999,0.65,2.6399999999999997,P1,지연·현물조달,False,31966.0,2034,8019.0,126.355482,59223.313,59223.313,76973.634,468.703944,126.355482,178.024878,88069.06,83440.963,101191.284,24217.65,4992.584,364.487,-0.0,164.226556,37.871074,136.229726,9.874244,0.0,0.0,0.0,0.0,0.0,468.703944,76973.634,7.830784,14.341274,14647.468,1451.027,16754.961,55543.795,0.0,-24217.65,-4887.339,-68.949,100,True,90.813338
NIPPON_STEEL_JP,Nippon Steel,JP,34.3,72.6,DISCLOSED_PATH,DISCLOSED_PATH,PORT-7CA9F3BA0776,CAND-EBFD77804A64A5,P3,PORT-7CA9F3BA0776,473.428944,62550.582,132.122428,True,True,,0.0,3.446647212967946e-06,True,True,True,True,,0.0,0.0,0.0,2,2,0.5840479807999999,0.65,3.12,P3,균형형 라이트헤지,False,34771.0,2034,8019.0,136.762463,64747.309,64747.309,76165.646,473.428944,136.762463,171.773049,90027.498,81322.333,92740.671,16575.025,8751.879,46.715,0.0,160.88084,24.118377,155.149942,18.387479,0.0,0.0,0.0,0.0,0.0,473.428944,76165.646,7.748585,14.190735,16435.372,1513.607,14937.918,56417.549,357.426,-16575.025,-8745.233,405.693,100,True,114.036268
NIPPON_STEEL_JP,Nippon Steel,JP,34.3,72.6,ACCELERATED_15C,DISCLOSED_PATH,PORT-7CA9F3BA0776,CAND-EBFD77804A64A5,P3,PORT-7CA9F3BA0776,473.428944,57996.795,122.503695,True,True,,0.0,3.446647212967946e-06,True,True,True,True,,0.0,0.0,0.0,2,2,0.5840479807999999,0.65,3.12,P3,균형형 라이트헤지,False,34771.0,2034,8019.0,127.476291,60350.966,60350.966,72578.832,473.428944,127.476291,179.147532,96901.662,84813.627,97041.493,24462.661,12015.433,-72.603,0.0,153.304595,25.828303,153.009237,25.532946,0.0,0.0,0.0,0.0,0.0,473.428944,72578.832,7.383686,13.522461,16435.372,1513.607,16496.545,61657.948,382.671,-24462.661,-12004.195,331.678,100,True,91.934147
NIPPON_STEEL_JP,Nippon Steel,JP,34.3,72.6,DISCLOSED_PATH,DISCLOSED_PATH,PORT-7CA9F3BA0776,CAND-BF06102F6003FE,P2,PORT-7CA9F3BA0776,473.428944,64756.815,136.782544,True,True,,0.0,3.446647212967946e-06,True,True,True,True,,0.0,0.0,0.0,2,2,0.5840479807999999,0.65,3.12,P2,지연·부분헤지,False,34771.0,2034,8019.0,142.575209,67499.231,67499.231,81918.15,473.428944,142.575209,177.585795,90233.8,84074.255,98493.175,16575.025,6203.111,43.566,0.0,173.031563,30.456354,155.585703,13.010494,0.0,0.0,0.0,0.0,0.0,473.428944,81918.15,8.333806,15.262507,16460.826,1513.607,14952.666,56777.924,109.569,-16575.025,-6221.32,480.983,100,True,119.849014
NIPPON_STEEL_JP,Nippon Steel,JP,34.3,72.6,ACCELERATED_15C,DISCLOSED_PATH,PORT-7CA9F3BA0776,CAND-BF06102F6003FE,P2,PORT-7CA9F3BA0776,473.428944,61412.328,129.718153,True,True,,0.0,3.446647212967946e-06,True,True,True,True,,0.0,0.0,0.0,2,2,0.5840479807999999,0.65,3.12,P2,지연·부분헤지,False,34771.0,2034,8019.0,136.04728,64408.72,64408.72,80235.777,473.428944,136.04728,187.718521,97183.607,88871.381,104698.438,24462.661,8125.188,-187.038,-0.0,169.477972,33.430692,153.604774,17.557494,0.0,0.0,0.0,0.0,0.0,473.428944,80235.777,8.162653,14.949057,16460.826,1513.607,16519.177,62085.26,116.758,-24462.661,-8191.444,367.197,100,True,100.505136
NIPPON_STEEL_JP,Nippon Steel,JP,34.3,72.6,DISCLOSED_PATH,DISCLOSED_PATH,PORT-7CA9F3BA0776,CAND-7431CBC596FC03,P1,PORT-7CA9F3BA0776,473.428944,66273.303,139.985744,True,True,,0.0,3.446647212967946e-06,True,True,True,True,,0.0,0.0,0.0,2,2,0.5840479807999999,0.65,3.12,P1,지연·현물조달,False,34771.0,2034,8019.0,146.589409,69399.669,69399.669,86127.661,473.428944,146.589409,181.599995,90434.867,85974.694,102702.686,16575.025,4439.871,-20.302,0.0,181.923099,35.33369,156.010407,9.420998,0.0,0.0,0.0,0.0,0.0,473.428944,86127.661,8.762054,16.046799,20094.002,1513.607,15017.152,55377.064,0.0,-16575.025,-5501.069,-526.062,100,True,123.863214
NIPPON_STEEL_JP,Nippon Steel,JP,34.3,72.6,ACCELERATED_15C,DISCLOSED_PATH,PORT-7CA9F3BA0776,CAND-7431CBC596FC03,P1,PORT-7CA9F3BA0776,473.428944,63734.393,134.622932,True,True,,0.0,3.446647212967946e-06,True,True,True,True,,0.0,0.0,0.0,2,2,0.5840479807999999,0.65,3.12,P1,지연·현물조달,False,34771.0,2034,8019.0,141.93382,67195.578,67195.578,85828.796,473.428944,141.93382,193.60506,97438.744,91658.239,110291.457,24462.661,5510.529,-269.976,0.0,181.291823,39.358003,154.143687,12.209868,0.0,0.0,0.0,0.0,0.0,473.428944,85828.796,8.731649,15.991116,16477.794,1513.607,16541.808,62370.135,0.0,-24462.661,-5624.853,379.747,100,True,106.391676
NIPPON_STEEL_JP,Nippon Steel,JP,34.3,72.6,DISCLOSED_PATH,DISCLOSED_PATH,PORT-7DCD4991144C,CAND-FCEB78D7C5F4C6,P1,PORT-7DCD4991144C,313.643967,6683.267,21.30845,True,True,,0.0,3.446647212967946e-06,True,True,True,True,,0.0,0.0,0.0,2,2,0.28236113919999994,0.65,0.88,P1,지연·현물조달,False,19427.1,2029,6160.0,22.726195,7127.934,7127.934,10047.129,313.643967,22.726195,57.70172,19739.222,18097.796,21016.991,10969.862,1671.696,30.269,0.0,32.033548,9.307353,27.959601,5.233406,0.0,0.0,0.0,0.0,0.0,313.643967,10047.129,1.022128,1.871922,7793.303,721.269,11437.735,0.0,0.0,-10969.862,-1827.36,-27.15,100,True,0.0
NIPPON_STEEL_JP,Nippon Steel,JP,34.3,72.6,ACCELERATED_15C,DISCLOSED_PATH,PORT-7DCD4991144C,CAND-FCEB78D7C5F4C6,P1,PORT-7DCD4991144C,313.643967,2332.517,7.43683,False,False,2035,14.544997934999998,-14.544997934999998,True,True,True,True,,0.0,0.0,0.0,2,2,0.28236113919999994,0.65,0.88,P1,지연·현물조달,False,19427.1,2029,6160.0,9.048462,2837.995,2837.995,5835.875,313.643967,9.048462,60.517689,20924.837,18981.008,21978.888,16143.013,2006.035,62.206,-0.0,18.606688,9.558226,15.246027,6.197566,0.0,0.0,0.0,0.0,0.0,313.643967,5835.875,0.593703,1.087306,7793.303,721.269,12641.724,0.0,0.0,-16143.013,-2192.832,17.544,100,True,-26.493682
NIPPON_STEEL_JP,Nippon Steel,JP,34.3,72.6,DISCLOSED_PATH,DISCLOSED_PATH,PORT-5CFD50239439,CAND-87B9435721978E,P1,PORT-5CFD50239439,321.473932,6865.237,21.355503,True,True,,0.0,3.446647212967946e-06,True,True,True,True,,0.0,0.0,0.0,2,2,0.28236113919999994,0.65,0.88,P1,지연·현물조달,False,19052.0,2029,6160.0,22.770419,7320.096,7320.096,10546.0,321.473932,22.770419,57.763789,20193.572,18569.552,21795.456,11249.456,1656.055,32.036,0.0,32.805147,10.034729,27.82221,5.051791,0.0,0.0,0.0,0.0,0.0,321.473932,10546.0,1.07288,1.964869,6767.259,744.264,12634.04,0.0,0.0,-11249.456,-1598.155,22.144,100,True,0.044224
NIPPON_STEEL_JP,Nippon Steel,JP,34.3,72.6,ACCELERATED_15C,DISCLOSED_PATH,PORT-5CFD50239439,CAND-87B9435721978E,P1,PORT-5CFD50239439,321.473932,2434.553,7.573095,False,False,2035,15.995002139999997,-15.995002139999997,True,True,True,True,,0.0,0.0,0.0,2,2,0.28236113919999994,0.65,0.88,P1,지연·현물조달,False,19052.0,2029,6160.0,9.009801,2896.416,2896.416,6297.756,321.473932,9.009801,60.437684,21472.699,19429.14,22830.48,16532.724,1987.267,-56.293,-0.0,19.590255,10.580454,15.366643,6.356842,0.0,0.0,0.0,0.0,0.0,321.473932,6297.756,0.640692,1.173361,7398.437,744.264,13424.812,0.0,0.0,-16532.724,-2090.085,-48.288,100,True,-26.532343
NIPPON_STEEL_JP,Nippon Steel,JP,34.3,72.6,DISCLOSED_PATH,DISCLOSED_PATH,PORT-032FE0BDCFB5,CAND-23459FF23C9DCD,P1,PORT-032FE0BDCFB5,326.198932,13628.462,41.779602,True,True,,0.0,3.446647212967946e-06,True,True,True,True,,0.0,0.0,0.0,2,2,0.3603653631999999,0.65,1.3599999999999999,P1,지연·현물조달,False,21857.0,2038,7425.0,44.282444,14444.886,14444.886,19086.253,326.198932,44.282444,79.270738,27919.101,25858.03,30499.398,11413.144,2117.509,56.438,-0.0,58.511085,14.228641,50.600893,6.318449,0.0,0.0,0.0,0.0,0.0,326.198932,19086.253,1.941708,3.556038,8754.419,806.845,12675.527,5808.039,0.0,-11413.144,-2155.279,-31.52,100,True,21.556249
NIPPON_STEEL_JP,Nippon Steel,JP,34.3,72.6,ACCELERATED_15C,DISCLOSED_PATH,PORT-032FE0BDCFB5,CAND-23459FF23C9DCD,P1,PORT-032FE0BDCFB5,326.198932,9593.859,29.411067,False,False,2035,14.420002140000001,-14.420002140000001,True,True,True,True,,0.0,0.0,0.0,2,2,0.3603653631999999,0.65,1.3599999999999999,P1,지연·현물조달,False,21857.0,2038,7425.0,32.085517,10466.261,10466.261,15391.976,326.198932,32.085517,83.519575,29812.745,27243.996,32169.711,16777.735,2581.677,12.928,-0.0,47.185858,15.100341,39.960311,7.874794,0.0,0.0,0.0,0.0,0.0,326.198932,15391.976,1.565877,2.867742,9563.974,806.845,13919.358,5860.998,0.0,-16777.735,-2904.284,-2.894,100,True,-3.456627
NIPPON_STEEL_JP,Nippon Steel,JP,34.3,72.6,DISCLOSED_PATH,DISCLOSED_PATH,PORT-85B082834E97,CAND-7F997B0F0381A1,P1,PORT-85B082834E97,318.368967,13446.491,42.235558,True,True,,0.0,3.446647212967946e-06,True,True,True,True,,0.0,0.0,0.0,2,2,0.3603653631999999,0.65,1.3599999999999999,P1,지연·현물조달,False,22232.1,2038,7425.0,45.020065,14332.992,14332.992,18900.504,318.368967,45.020065,79.990653,27529.903,25466.542,30034.055,11133.55,2137.584,74.222,0.0,59.366667,14.346602,51.501103,6.481039,0.0,0.0,0.0,0.0,0.0,318.368967,18900.504,1.922811,3.521431,8741.901,783.85,11463.89,6674.608,0.0,-11133.55,-2182.828,-14.879,100,True,22.29387
NIPPON_STEEL_JP,Nippon Steel,JP,34.3,72.6,ACCELERATED_15C,DISCLOSED_PATH,PORT-85B082834E97,CAND-7F997B0F0381A1,P1,PORT-85B082834E97,318.368967,9491.823,29.813907,False,False,2035,12.969997935000002,-12.969997935000002,True,True,True,True,,0.0,0.0,0.0,2,2,0.3603653631999999,0.65,1.3599999999999999,P1,지연·현물조달,False,22232.1,2038,7425.0,32.789761,10439.242,10439.242,15363.879,318.368967,32.789761,84.264701,29424.825,26827.266,31751.903,16388.024,2608.167,10.609,-0.0,48.258093,15.468332,40.948718,8.158958,0.0,0.0,0.0,0.0,0.0,318.368967,15363.879,1.563019,2.862507,7759.744,783.85,14263.259,6375.437,0.0,-16388.024,-2363.996,8.972,100,True,-2.752383
NIPPON_STEEL_JP,Nippon Steel,JP,34.3,72.6,DISCLOSED_PATH,DISCLOSED_PATH,PORT-833EEC5002A6,CAND-9EF16DBB46004F,P1,PORT-833EEC5002A6,369.073938,17893.893,48.483221,True,True,,0.0,3.446647212967946e-06,True,True,True,True,,0.0,0.0,0.0,2,2,0.3870168063999999,0.65,1.52,P1,지연·현물조달,False,23556.5,2036,6237.0,51.313144,18938.344,18938.344,24944.622,369.073938,51.313144,86.298461,34222.672,31850.513,37856.791,12912.169,2422.673,50.513,-0.0,67.58706,16.273916,57.740472,6.427328,0.0,0.0,0.0,0.0,0.0,369.073938,24944.622,2.5377,4.647535,8882.111,912.261,14129.57,10165.704,0.0,-12912.169,-2224.721,-14.411,100,True,28.586949
NIPPON_STEEL_JP,Nippon Steel,JP,34.3,72.6,ACCELERATED_15C,DISCLOSED_PATH,PORT-833EEC5002A6,CAND-9EF16DBB46004F,P1,PORT-833EEC5002A6,369.073938,13527.603,36.652825,False,False,2035,9.707756491632594,-9.707756491632594,True,True,True,True,,0.0,0.0,0.0,2,2,0.3870168063999999,0.65,1.52,P1,지연·현물조달,False,23556.5,2036,6237.0,39.872571,14715.927,14715.927,21384.509,369.073938,39.872571,91.394794,36595.714,33731.437,40400.019,19015.51,2946.031,81.754,-0.0,57.940989,18.068418,47.633284,7.760714,0.0,0.0,0.0,0.0,0.0,369.073938,21384.509,2.175517,3.984236,9193.357,912.261,14847.161,11565.522,0.0,-19015.51,-2787.56,0.696,100,True,4.330427
NIPPON_STEEL_JP,Nippon Steel,JP,34.3,72.6,DISCLOSED_PATH,DISCLOSED_PATH,PORT-10D90F59290D,CAND-BF076556907246,P1,PORT-10D90F59290D,361.243973,17711.923,49.030362,True,True,,0.0,3.446647212967946e-06,True,True,True,True,,0.0,0.0,0.0,2,2,0.3870168063999999,0.65,1.52,P1,지연·현물조달,False,23931.6,2036,6237.0,52.45936,18950.628,18950.628,24825.157,361.243973,52.45936,87.429009,33965.278,31583.202,37457.732,12632.575,2431.224,49.149,0.0,68.721305,16.261944,59.05345,6.59409,0.0,0.0,0.0,0.0,0.0,361.243973,24825.157,2.525546,4.625277,9262.161,889.266,12924.265,10833.104,0.0,-12632.575,-2315.515,-10.079,100,True,29.733165
NIPPON_STEEL_JP,Nippon Steel,JP,34.3,72.6,ACCELERATED_15C,DISCLOSED_PATH,PORT-10D90F59290D,CAND-BF076556907246,P1,PORT-10D90F59290D,361.243973,13425.567,37.164819,False,False,2035,8.257752286632595,-8.257752286632595,True,True,True,True,,0.0,0.0,0.0,2,2,0.3870168063999999,0.65,1.52,P1,지연·현물조달,False,23931.6,2036,6237.0,40.922695,14783.077,14783.077,21206.01,361.243973,40.922695,92.482859,36441.486,33408.876,39831.808,18625.799,2957.31,-75.3,0.0,58.702736,17.780041,49.317604,8.394909,0.0,0.0,0.0,0.0,0.0,361.243973,21206.01,2.157358,3.950979,8890.752,889.266,14495.188,11805.431,0.0,-18625.799,-2733.686,61.924,100,True,5.380551
NIPPON_STEEL_JP,Nippon Steel,JP,34.3,72.6,DISCLOSED_PATH,DISCLOSED_PATH,PORT-20A3A9F442CD,CAND-E6E6E810AB390A,P1,PORT-20A3A9F442CD,341.668938,16882.994,49.413313,True,True,,0.0,3.446647212967946e-06,True,True,True,True,,0.0,0.0,0.0,2,2,0.3603653631999999,0.65,1.36,P1,지연·현물조달,False,20999.0,2036,6237.0,51.860833,17719.236,17719.236,23605.045,341.668938,51.860833,86.873613,31702.129,29682.015,35567.824,11962.779,2034.206,14.092,-0.0,69.087477,17.226644,57.773321,5.912488,0.0,0.0,0.0,0.0,0.0,341.668938,23605.045,2.40142,4.397953,7371.555,867.561,13067.469,10165.704,0.0,-11962.779,-1786.173,-4.101,100,True,29.134638
NIPPON_STEEL_JP,Nippon Steel,JP,34.3,72.6,ACCELERATED_15C,DISCLOSED_PATH,PORT-20A3A9F442CD,CAND-E6E6E810AB390A,P1,PORT-20A3A9F442CD,341.668938,12932.884,37.852093,False,False,2035,15.61000095,-15.61000095,True,True,True,True,,0.0,0.0,0.0,2,2,0.3603653631999999,0.65,1.36,P1,지연·현물조달,False,20999.0,2036,6237.0,40.539996,13851.257,13851.257,20282.504,341.668938,40.539996,92.035595,33900.426,31445.704,37876.95,17594.446,2478.336,23.613,0.0,59.363031,18.823035,47.724501,7.184505,0.0,0.0,0.0,0.0,0.0,341.668938,20282.504,2.063407,3.778917,8341.497,867.561,15040.027,9644.073,0.0,-17594.446,-2494.574,47.12,100,True,4.997852
NIPPON_STEEL_JP,Nippon Steel,JP,34.3,72.6,DISCLOSED_PATH,DISCLOSED_PATH,PORT-FFBC6AEA16BA,CAND-D5FFDB7EE708DF,P1,PORT-FFBC6AEA16BA,333.838973,16701.024,50.027183,True,True,,0.0,3.446647212967946e-06,True,True,True,True,,0.0,0.0,0.0,2,2,0.3603653631999999,0.65,1.36,P1,지연·현물조달,False,21374.1,2036,6237.0,52.978664,17686.343,17686.343,23307.087,333.838973,52.978664,87.975132,31292.715,29369.528,34990.272,11683.185,2028.436,105.249,-0.0,69.815355,16.836692,58.739485,5.760822,0.0,0.0,0.0,0.0,0.0,333.838973,23307.087,2.371108,4.342439,9001.565,844.566,12668.75,9100.066,0.0,-11683.185,-2200.01,-45.408,100,True,30.252469
NIPPON_STEEL_JP,Nippon Steel,JP,34.3,72.6,ACCELERATED_15C,DISCLOSED_PATH,PORT-FFBC6AEA16BA,CAND-D5FFDB7EE708DF,P1,PORT-FFBC6AEA16BA,333.838973,12830.848,38.434244,False,False,2035,14.159996745,-14.159996745,True,True,True,True,,0.0,0.0,0.0,2,2,0.3603653631999999,0.65,1.36,P1,지연·현물조달,False,21374.1,2036,6237.0,41.782059,13948.48,13948.48,20106.957,333.838973,41.782059,93.318088,33613.362,31153.215,37311.692,17204.735,2474.61,14.463,0.0,60.229506,18.447447,49.151323,7.369264,0.0,0.0,0.0,0.0,0.0,333.838973,20106.957,2.045548,3.74621,8694.102,844.566,12776.068,11521.193,0.0,-17204.735,-2604.437,-78.276,100,True,6.239915
NIPPON_STEEL_JP,Nippon Steel,JP,34.3,72.6,DISCLOSED_PATH,DISCLOSED_PATH,PORT-A38E7AB93504,CAND-7C97E5CB4322B2,P3,PORT-A38E7AB93504,373.798938,23602.895,63.143292,True,True,,0.0,3.446647212967946e-06,True,True,True,True,,0.0,0.0,0.0,2,2,0.45364541439999984,0.65,2.0,P3,균형형 라이트헤지,False,26361.5,2038,7425.0,66.047488,24688.481,24688.481,29685.055,373.798938,66.047488,101.028477,42034.228,37764.338,42760.912,13075.857,4151.509,-118.381,-0.0,79.414498,13.36701,77.470448,11.42296,0.0,0.0,0.0,0.0,0.0,373.798938,29685.055,3.01996,5.530745,11109.241,974.842,12978.715,16652.347,174.699,-13075.857,-4204.551,79.045,100,True,43.321293
NIPPON_STEEL_JP,Nippon Steel,JP,34.3,72.6,ACCELERATED_15C,DISCLOSED_PATH,PORT-A38E7AB93504,CAND-7C97E5CB4322B2,P3,PORT-A38E7AB93504,373.798938,19115.251,51.137789,False,False,2035,9.707756491632594,-9.707756491632594,True,True,True,True,,0.0,0.0,0.0,2,2,0.45364541439999984,0.65,2.0,P3,균형형 라이트헤지,False,26361.5,2038,7425.0,54.107301,20225.252,20225.252,25734.907,373.798938,54.107301,105.633721,44940.491,39485.773,44995.428,19260.521,5389.769,-64.95,0.0,68.846924,14.739623,68.699955,14.592654,0.0,0.0,0.0,0.0,0.0,373.798938,25734.907,2.618098,4.794776,10652.604,974.842,15048.994,17879.12,186.407,-19260.521,-5273.907,17.712,100,True,18.565157
NIPPON_STEEL_JP,Nippon Steel,JP,34.3,72.6,DISCLOSED_PATH,DISCLOSED_PATH,PORT-92BAA222AC4A,CAND-D42C7F372720F7,P3,PORT-92BAA222AC4A,365.968973,23427.961,64.016249,True,True,,0.0,3.446647212967946e-06,True,True,True,True,,0.0,0.0,0.0,2,2,0.45364541439999984,0.65,2.0,P3,균형형 라이트헤지,False,26736.6,2038,7425.0,67.160806,24578.771,24578.771,29607.797,365.968973,67.160806,102.126236,41714.514,37375.034,42404.06,12796.263,4192.732,-146.748,0.0,80.902479,13.741673,79.018316,11.85751,0.0,0.0,0.0,0.0,0.0,365.968973,29607.797,3.0121,5.51635,11700.096,951.847,12095.259,16811.427,172.859,-12796.263,-4333.282,-23.173,100,True,44.434611
NIPPON_STEEL_JP,Nippon Steel,JP,34.3,72.6,ACCELERATED_15C,DISCLOSED_PATH,PORT-92BAA222AC4A,CAND-D42C7F372720F7,P3,PORT-92BAA222AC4A,365.968973,19011.589,51.948637,False,False,2035,8.257752286632595,-8.257752286632595,True,True,True,True,,0.0,0.0,0.0,2,2,0.45364541439999984,0.65,2.0,P3,균형형 라이트헤지,False,26736.6,2038,7425.0,55.200534,20201.683,20201.683,25684.263,365.968973,55.200534,106.764495,44653.59,39072.493,44555.073,18870.81,5440.091,-141.007,-0.0,70.181532,14.980998,70.450729,15.250194,0.0,0.0,0.0,0.0,0.0,365.968973,25684.263,2.612946,4.785341,11070.521,951.847,14012.45,18344.728,184.449,-18870.81,-5459.21,-32.292,100,True,19.65839
NIPPON_STEEL_JP,Nippon Steel,JP,34.3,72.6,DISCLOSED_PATH,DISCLOSED_PATH,PORT-A38E7AB93504,CAND-67842A89ECECE4,P2,PORT-A38E7AB93504,373.798938,24224.913,64.807336,True,True,,0.0,3.446647212967946e-06,True,True,True,True,,0.0,0.0,0.0,2,2,0.45364541439999984,0.65,2.0,P2,지연·부분헤지,False,26361.5,2038,7425.0,68.446652,25585.286,25585.286,31826.78,373.798938,68.446652,103.427641,42206.202,38661.142,44902.636,13075.857,3371.118,-173.942,-0.0,85.144114,16.697463,77.93052,9.483868,0.0,0.0,0.0,0.0,0.0,373.798938,31826.78,3.237844,5.929778,11146.366,974.842,12959.675,16867.29,57.076,-13075.857,-3431.908,87.803,100,True,45.720457
NIPPON_STEEL_JP,Nippon Steel,JP,34.3,72.6,ACCELERATED_15C,DISCLOSED_PATH,PORT-A38E7AB93504,CAND-67842A89ECECE4,P2,PORT-A38E7AB93504,373.798938,20047.34,53.631344,False,False,2035,9.707756491632594,-9.707756491632594,True,True,True,True,,0.0,0.0,0.0,2,2,0.45364541439999984,0.65,2.0,P2,지연·부분헤지,False,26361.5,2038,7425.0,57.383351,21449.836,21449.836,28479.88,373.798938,57.383351,108.909771,45104.845,40710.357,47740.401,19260.521,4244.606,-149.882,0.0,76.190372,18.807021,69.13964,11.756289,0.0,0.0,0.0,0.0,0.0,373.798938,28479.88,2.897353,5.306204,11146.366,974.842,14296.471,18588.907,60.592,-19260.521,-4346.345,-10.475,100,True,21.841207
NIPPON_STEEL_JP,Nippon Steel,JP,34.3,72.6,DISCLOSED_PATH,DISCLOSED_PATH,PORT-9961527CE1F4,CAND-59D7A6AFC21669,P2,PORT-9961527CE1F4,407.153943,26605.266,65.344489,True,True,,0.0,3.446647212967946e-06,True,True,True,True,,0.0,0.0,0.0,2,2,0.3870168063999999,0.65,1.52,P2,지연·부분헤지,False,24843.5,2034,8019.0,67.051846,27300.423,27300.423,34593.319,407.153943,67.051846,102.070511,44874.003,41558.411,48851.307,14257.988,3312.255,-3.337,-0.0,84.963733,17.911888,75.195184,8.143339,0.0,0.0,0.0,0.0,0.0,407.153943,34593.319,3.519294,6.445223,9708.101,1064.205,14481.423,19321.284,60.853,-14257.988,-3104.69,27.235,100,True,44.325651
NIPPON_STEEL_JP,Nippon Steel,JP,34.3,72.6,ACCELERATED_15C,DISCLOSED_PATH,PORT-9961527CE1F4,CAND-59D7A6AFC21669,P2,PORT-9961527CE1F4,407.153943,22084.982,54.242339,False,False,2040,3.7550006099999997,-3.7550006099999997,True,True,True,True,,0.0,0.0,0.0,2,2,0.3870168063999999,0.65,1.52,P2,지연·부분헤지,False,24843.5,2034,8019.0,56.268269,22909.848,22909.848,30770.9,407.153943,56.268269,107.868766,47996.997,43919.193,51780.246,21009.345,4160.976,83.172,-0.0,75.575592,19.307323,66.283655,10.015386,0.0,0.0,0.0,0.0,0.0,407.153943,30770.9,3.130426,5.733053,9708.101,1064.205,16003.848,21057.676,64.655,-21009.345,-3934.525,-44.766,100,True,20.726125
NIPPON_STEEL_JP,Nippon Steel,JP,34.3,72.6,DISCLOSED_PATH,DISCLOSED_PATH,PORT-92BAA222AC4A,CAND-73FBF939F237E6,P2,PORT-92BAA222AC4A,365.968973,24045.865,65.704656,True,True,,0.0,3.446647212967946e-06,True,True,True,True,,0.0,0.0,0.0,2,2,0.45364541439999984,0.65,2.0,P2,지연·부분헤지,False,26736.6,2038,7425.0,69.649074,25489.4,25489.4,31816.225,365.968973,69.649074,104.614504,41914.902,38285.663,44612.488,12796.263,3390.316,-238.923,0.0,86.936947,17.287873,79.565868,9.916794,0.0,0.0,0.0,0.0,0.0,365.968973,31816.225,3.236771,5.927812,11083.701,951.847,12712.304,16867.29,56.479,-12796.263,-3414.707,28.749,100,True,46.922879
NIPPON_STEEL_JP,Nippon Steel,JP,34.3,72.6,ACCELERATED_15C,DISCLOSED_PATH,PORT-92BAA222AC4A,CAND-73FBF939F237E6,P2,PORT-92BAA222AC4A,365.968973,19944.765,54.498513,False,False,2035,8.257752286632595,-8.257752286632595,True,True,True,True,,0.0,0.0,0.0,2,2,0.45364541439999984,0.65,2.0,P2,지연·부분헤지,False,26736.6,2038,7425.0,58.725569,21491.736,21491.736,28464.131,365.968973,58.725569,110.28953,44849.454,40362.546,47334.941,18870.81,4309.904,-177.004,-0.0,77.777443,19.051874,70.985921,12.260352,0.0,0.0,0.0,0.0,0.0,365.968973,28464.131,2.895751,5.303269,11083.701,951.847,14043.024,18588.907,59.955,-18870.81,-4325.345,-39.543,100,True,23.183425
NIPPON_STEEL_JP,Nippon Steel,JP,34.3,72.6,DISCLOSED_PATH,DISCLOSED_PATH,PORT-A38E7AB93504,CAND-E305EEE782C913,P1,PORT-A38E7AB93504,373.798938,24657.118,65.963584,True,True,,0.0,3.446647212967946e-06,True,True,True,True,,0.0,0.0,0.0,2,2,0.45364541439999984,0.65,2.0,P1,지연·현물조달,False,26361.5,2038,7425.0,70.163281,26226.96,26226.96,33544.051,373.798938,70.163281,105.14427,42389.009,39302.816,46619.907,13075.857,2883.29,-202.903,-0.0,89.738218,19.574938,78.419571,8.256291,0.0,0.0,0.0,0.0,0.0,373.798938,33544.051,3.412548,6.24973,12466.625,974.842,12003.284,17222.693,0.0,-13075.857,-3250.014,-114.613,100,True,47.437086
NIPPON_STEEL_JP,Nippon Steel,JP,34.3,72.6,ACCELERATED_15C,DISCLOSED_PATH,PORT-A38E7AB93504,CAND-E305EEE782C913,P1,PORT-A38E7AB93504,373.798938,20686.909,55.342342,False,False,2035,9.707756491632594,-9.707756491632594,True,True,True,True,,0.0,0.0,0.0,2,2,0.45364541439999984,0.65,2.0,P1,지연·현물조달,False,26361.5,2038,7425.0,59.774078,22343.487,22343.487,30719.459,373.798938,59.774078,111.300497,45292.179,41604.008,49979.98,19260.521,3532.995,-155.176,0.0,82.181772,22.407694,69.640803,9.866725,0.0,0.0,0.0,0.0,0.0,373.798938,30719.459,3.125193,5.723469,11171.116,974.842,14281.57,18751.693,0.0,-19260.521,-3575.752,0.539,100,True,24.231934
NIPPON_STEEL_JP,Nippon Steel,JP,34.3,72.6,DISCLOSED_PATH,DISCLOSED_PATH,PORT-9961527CE1F4,CAND-B22DEBDE0F4599,P1,PORT-9961527CE1F4,407.153943,27109.893,66.583889,True,True,,0.0,3.446647212967946e-06,True,True,True,True,,0.0,0.0,0.0,2,2,0.3870168063999999,0.65,1.52,P1,지연·현물조달,False,24843.5,2034,8019.0,68.566089,27916.953,27916.953,36458.399,407.153943,68.566089,103.584754,44898.03,42174.941,50716.386,14257.988,2688.457,-34.632,-0.0,89.544506,20.978417,75.254196,6.688107,0.0,0.0,0.0,0.0,0.0,407.153943,36458.399,3.709034,6.792714,9593.2,1064.205,14496.604,19467.506,0.0,-14257.988,-2467.334,20.76,100,True,45.839894
NIPPON_STEEL_JP,Nippon Steel,JP,34.3,72.6,ACCELERATED_15C,DISCLOSED_PATH,PORT-9961527CE1F4,CAND-B22DEBDE0F4599,P1,PORT-9961527CE1F4,407.153943,22833.515,56.08079,False,False,2040,3.7550006099999997,-3.7550006099999997,True,True,True,True,,0.0,0.0,0.0,2,2,0.3870168063999999,0.65,1.52,P1,지연·현물조달,False,24843.5,2034,8019.0,58.521824,23827.391,23827.391,33125.775,407.153943,58.521824,110.122321,48023.878,44836.737,54135.12,21009.345,3279.266,92.124,0.0,81.359337,22.837513,66.349678,7.827853,0.0,0.0,0.0,0.0,0.0,407.153943,33125.775,3.369995,6.171799,9593.2,1064.205,16030.755,21217.075,0.0,-21009.345,-3013.29,-55.207,100,True,22.97968
NIPPON_STEEL_JP,Nippon Steel,JP,34.3,72.6,DISCLOSED_PATH,DISCLOSED_PATH,PORT-92BAA222AC4A,CAND-62B732F24FF616,P1,PORT-92BAA222AC4A,365.968973,24475.147,66.877656,True,True,,0.0,3.446647212967946e-06,True,True,True,True,,0.0,0.0,0.0,2,2,0.45364541439999984,0.65,2.0,P1,지연·현물조달,False,26736.6,2038,7425.0,71.361638,26116.145,26116.145,33510.904,365.968973,71.361638,106.327068,42057.133,38912.408,46307.167,12796.263,2875.158,-269.567,0.0,91.56761,20.205972,79.954513,8.592875,0.0,0.0,0.0,0.0,0.0,365.968973,33510.904,3.409176,6.243554,11092.487,951.847,12735.15,17010.586,0.0,-12796.263,-2886.146,8.484,100,True,48.635443
NIPPON_STEEL_JP,Nippon Steel,JP,34.3,72.6,ACCELERATED_15C,DISCLOSED_PATH,PORT-92BAA222AC4A,CAND-62B732F24FF616,P1,PORT-92BAA222AC4A,365.968973,20584.873,56.24759,False,False,2035,8.257752286632595,-8.257752286632595,True,True,True,True,,0.0,0.0,0.0,2,2,0.45364541439999984,0.65,2.0,P1,지연·현물조달,False,26736.6,2038,7425.0,61.156945,22381.544,22381.544,30595.586,365.968973,61.156945,112.720906,44982.323,41252.354,49466.396,18870.81,3528.514,-201.454,-0.0,83.601586,22.444641,71.34898,10.192035,0.0,0.0,0.0,0.0,0.0,365.968973,30595.586,3.112591,5.700389,11092.487,951.847,14073.598,18751.693,0.0,-18870.81,-3548.359,-68.912,100,True,25.614801
NIPPON_STEEL_JP,Nippon Steel,JP,34.3,72.6,DISCLOSED_PATH,DISCLOSED_PATH,PORT-4025A7B6BA3A,CAND-54996F21D43414,P2,PORT-4025A7B6BA3A,379.748943,25591.241,67.389893,True,True,,0.0,3.446647212967946e-06,True,True,True,True,,0.0,0.0,0.0,2,2,0.3603653631999999,0.65,1.36,P2,지연·부분헤지,False,22286.0,2034,8019.0,68.888022,26160.154,26160.154,33074.127,379.748943,68.888022,103.933803,42391.158,39468.752,46382.725,13308.598,2910.703,-11.703,0.0,87.094718,18.206696,76.58365,7.695627,0.0,0.0,0.0,0.0,0.0,379.748943,33074.127,3.364741,6.162177,9005.329,1019.504,13253.245,19101.62,56.787,-13308.598,-2855.04,-112.692,100,True,46.161827
NIPPON_STEEL_JP,Nippon Steel,JP,34.3,72.6,ACCELERATED_15C,DISCLOSED_PATH,PORT-4025A7B6BA3A,CAND-54996F21D43414,P2,PORT-4025A7B6BA3A,379.748943,21486.892,56.581834,False,False,2040,12.890000609999998,-12.890000609999998,True,True,True,True,,0.0,0.0,0.0,2,2,0.3603653631999999,0.65,1.36,P2,지연·부분헤지,False,22286.0,2034,8019.0,58.084581,22057.558,22057.558,29550.609,379.748943,58.084581,109.66677,45417.779,41645.84,49138.891,19588.282,3678.294,-93.645,-0.0,77.816173,19.731592,68.017299,9.932718,0.0,0.0,0.0,0.0,0.0,379.748943,29550.609,3.006282,5.505696,8178.932,1019.504,14510.704,21143.628,60.394,-19588.282,-3352.044,84.722,100,True,22.542437
NIPPON_STEEL_JP,Nippon Steel,JP,34.3,72.6,DISCLOSED_PATH,DISCLOSED_PATH,PORT-4025A7B6BA3A,CAND-0CCB31C64DEB2F,P1,PORT-4025A7B6BA3A,379.748943,26098.994,68.726969,True,True,,0.0,3.446647212967946e-06,True,True,True,True,,0.0,0.0,0.0,2,2,0.3603653631999999,0.65,1.36,P1,지연·현물조달,False,22286.0,2034,8019.0,70.531522,26784.271,26784.271,34796.913,379.748943,70.531522,105.577302,42433.071,40092.869,48105.511,13308.598,2341.625,1.423,0.0,91.631363,21.099841,76.694019,6.162498,0.0,0.0,0.0,0.0,0.0,379.748943,34796.913,3.540006,6.483156,9637.333,1019.504,14825.357,16948.998,0.0,-13308.598,-2437.574,99.252,100,True,47.805327
NIPPON_STEEL_JP,Nippon Steel,JP,34.3,72.6,ACCELERATED_15C,DISCLOSED_PATH,PORT-4025A7B6BA3A,CAND-0CCB31C64DEB2F,P1,PORT-4025A7B6BA3A,379.748943,22238.796,58.561839,False,False,2040,12.890000609999998,-12.890000609999998,True,True,True,True,,0.0,0.0,0.0,2,2,0.3603653631999999,0.65,1.36,P1,지연·현물조달,False,22286.0,2034,8019.0,60.346702,22916.596,22916.596,31731.82,379.748943,60.346702,111.928891,45467.84,42504.878,51320.102,19588.282,2867.326,-95.636,0.0,83.559996,23.213294,68.149126,7.802424,0.0,0.0,0.0,0.0,0.0,379.748943,31731.82,3.228184,5.912086,10251.98,1019.504,14895.261,19603.538,0.0,-19588.282,-3193.196,-72.209,100,True,24.804558
NIPPON_STEEL_JP,Nippon Steel,JP,34.3,72.6,DISCLOSED_PATH,DISCLOSED_PATH,PORT-00A7244DC13E,CAND-43ED54F71B5B31,P2,PORT-00A7244DC13E,366.843974,25748.39,70.188942,True,True,,0.0,3.446647212967946e-06,True,True,True,True,,0.0,0.0,0.0,2,2,0.3870168063999999,0.65,1.52,P2,지연·부분헤지,False,24604.8,2034,8019.0,73.09689,26815.153,26815.153,33300.739,366.843974,73.09689,108.07222,42749.44,39645.643,46131.228,12830.489,3174.11,70.313,0.0,90.776301,17.679412,81.557699,8.460809,0.0,0.0,0.0,0.0,0.0,366.843974,33300.739,3.387795,6.204398,9963.773,977.9,12647.066,19101.62,57.131,-12830.489,-3132.852,31.004,100,True,50.370695
NIPPON_STEEL_JP,Nippon Steel,JP,34.3,72.6,ACCELERATED_15C,DISCLOSED_PATH,PORT-00A7244DC13E,CAND-43ED54F71B5B31,P2,PORT-00A7244DC13E,366.843974,21738.058,59.256959,False,False,2035,6.457752061632604,-6.457752061632604,True,True,True,True,,0.0,0.0,0.0,2,2,0.3870168063999999,0.65,1.52,P2,지연·부분헤지,False,24604.8,2034,8019.0,62.707528,23003.879,23003.879,30011.864,366.843974,62.707528,114.279889,45840.811,41922.889,48930.873,18919.01,4030.795,112.873,-0.0,81.810976,19.103448,73.387606,10.680077,0.0,0.0,0.0,0.0,0.0,366.843974,30011.864,3.053207,5.591634,9963.773,977.9,13975.15,20888.385,60.675,-18919.01,-3975.36,32.365,100,True,27.165384
NIPPON_STEEL_JP,Nippon Steel,JP,34.3,72.6,DISCLOSED_PATH,DISCLOSED_PATH,PORT-00A7244DC13E,CAND-450CB289C8C9D2,P1,PORT-00A7244DC13E,366.843974,26249.554,71.555092,True,True,,0.0,3.446647212967946e-06,True,True,True,True,,0.0,0.0,0.0,2,2,0.3870168063999999,0.65,1.52,P1,지연·현물조달,False,24604.8,2034,8019.0,74.944219,27492.835,27492.835,35110.349,366.843974,74.944219,109.91955,42812.319,40323.324,47940.838,12830.489,2585.434,96.44,-0.0,95.709215,20.764996,81.729105,6.784886,0.0,0.0,0.0,0.0,0.0,366.843974,35110.349,3.571893,6.541553,9936.931,977.9,12670.836,19223.434,0.0,-12830.489,-2525.884,40.107,100,True,52.218024
NIPPON_STEEL_JP,Nippon Steel,JP,34.3,72.6,ACCELERATED_15C,DISCLOSED_PATH,PORT-00A7244DC13E,CAND-450CB289C8C9D2,P1,PORT-00A7244DC13E,366.843974,22490.116,61.307033,False,False,2035,6.457752061632604,-6.457752061632604,True,True,True,True,,0.0,0.0,0.0,2,2,0.3870168063999999,0.65,1.52,P1,지연·현물조달,False,24604.8,2034,8019.0,65.396475,23990.303,23990.303,32282.178,366.843974,65.396475,116.968835,45925.657,42909.312,51201.188,18919.01,3157.192,140.848,0.0,87.99975,22.603275,73.618892,8.222417,0.0,0.0,0.0,0.0,0.0,366.843974,32282.178,3.284174,6.014625,9530.127,977.9,14217.077,21217.075,0.0,-18919.01,-2991.317,-41.549,100,True,29.854331
NIPPON_STEEL_JP,Nippon Steel,JP,34.3,72.6,DISCLOSED_PATH,DISCLOSED_PATH,PORT-792EEE640306,CAND-0E307C2CAB5D7A,P2,PORT-792EEE640306,339.438974,24734.365,72.86837,True,True,,0.0,3.446647212967946e-06,True,True,True,True,,0.0,0.0,0.0,2,2,0.3603653631999999,0.65,1.36,P2,지연·부분헤지,False,22047.3,2034,8019.0,75.187342,25521.514,25521.514,31841.146,339.438974,75.187342,110.189509,40014.91,37402.614,43722.245,11881.1,2792.626,180.33,0.0,93.805214,18.617872,82.883265,7.695923,0.0,0.0,0.0,0.0,0.0,339.438974,31841.146,3.239306,5.932455,9870.368,933.199,11562.876,18064.708,53.065,-11881.1,-3058.278,-23.324,100,True,52.461147
NIPPON_STEEL_JP,Nippon Steel,JP,34.3,72.6,ACCELERATED_15C,DISCLOSED_PATH,PORT-792EEE640306,CAND-0E307C2CAB5D7A,P2,PORT-792EEE640306,339.438974,21139.968,62.279141,False,False,2035,13.759996694999998,-13.759996694999998,True,True,True,True,,0.0,0.0,0.0,2,2,0.3603653631999999,0.65,1.36,P2,지연·부분헤지,False,22047.3,2034,8019.0,64.991318,22060.586,22060.586,28928.204,339.438974,64.991318,116.540926,42980.124,39558.532,46426.15,17497.946,3558.516,136.924,-0.0,85.223577,20.232259,75.071455,10.080137,0.0,0.0,0.0,0.0,0.0,339.438974,28928.204,2.942963,5.389733,8338.697,933.199,12807.627,20888.385,56.414,-17497.946,-3408.316,-57.474,100,True,29.449174
NIPPON_STEEL_JP,Nippon Steel,JP,34.3,72.6,DISCLOSED_PATH,DISCLOSED_PATH,PORT-0650AB6C64AE,CAND-BB1980A1B6CB5D,P1,PORT-0650AB6C64AE,408.503937,29984.113,73.399815,True,True,,0.0,3.446647212967946e-06,True,True,True,True,,0.0,0.0,0.0,2,2,0.3870168063999999,0.65,1.52,P1,지연·현물조달,False,24432.1,2032,6930.0,75.461839,30826.458,30826.458,39599.198,408.503937,75.461839,110.482783,47907.445,45132.652,53905.392,14306.193,2707.536,-67.257,0.0,96.937128,21.475289,82.254413,6.792574,0.0,0.0,0.0,0.0,0.0,408.503937,39599.198,4.028558,7.377889,10886.684,1096.398,14496.631,21606.753,0.0,-14306.193,-2797.943,-155.87,100,True,52.735644
NIPPON_STEEL_JP,Nippon Steel,JP,34.3,72.6,ACCELERATED_15C,DISCLOSED_PATH,PORT-0650AB6C64AE,CAND-BB1980A1B6CB5D,P1,PORT-0650AB6C64AE,408.503937,25814.361,63.192442,False,False,2040,4.005001334999999,-4.005001334999999,True,True,True,True,,0.0,0.0,0.0,2,2,0.3870168063999999,0.65,1.52,P1,지연·현물조달,False,24432.1,2032,6930.0,65.177628,26625.317,26625.317,36512.102,408.503937,65.177628,116.772081,51118.75,47701.855,57588.639,21076.537,3295.499,-121.397,-0.0,89.38005,24.202422,73.54204,8.364412,0.0,0.0,0.0,0.0,0.0,408.503937,36512.102,3.714498,6.80272,10886.684,1096.398,15925.898,23322.726,0.0,-21076.537,-3415.991,-113.86,100,True,29.635484
NIPPON_STEEL_JP,Nippon Steel,JP,34.3,72.6,DISCLOSED_PATH,DISCLOSED_PATH,PORT-792EEE640306,CAND-51563CC4DFE733,P1,PORT-792EEE640306,339.438974,25238.655,74.354028,True,True,,0.0,3.446647212967946e-06,True,True,True,True,,0.0,0.0,0.0,2,2,0.3603653631999999,0.65,1.36,P1,지연·현물조달,False,22047.3,2034,8019.0,77.030492,26147.151,26147.151,33535.591,339.438974,77.030492,112.032659,40028.564,38028.251,45416.691,11881.1,2207.723,207.41,0.0,98.797115,21.766623,82.92349,5.892998,0.0,0.0,0.0,0.0,0.0,339.438974,33535.591,3.411687,6.248154,8268.104,933.199,11630.704,19223.434,0.0,-11881.1,-2041.386,14.195,100,True,54.304297
NIPPON_STEEL_JP,Nippon Steel,JP,34.3,72.6,ACCELERATED_15C,DISCLOSED_PATH,PORT-792EEE640306,CAND-51563CC4DFE733,P1,PORT-792EEE640306,339.438974,21895.397,64.504665,False,False,2035,13.759996694999998,-13.759996694999998,True,True,True,True,,0.0,0.0,0.0,2,2,0.3603653631999999,0.65,1.36,P1,지연·현물조달,False,22047.3,2034,8019.0,67.748635,22996.527,22996.527,31086.277,339.438974,67.748635,119.298244,43014.471,40494.473,48584.223,17497.946,2698.974,178.977,0.0,91.581342,23.832706,75.172642,7.424006,0.0,0.0,0.0,0.0,0.0,339.438974,31086.277,3.162511,5.791812,8268.104,933.199,12834.357,21028.973,0.0,-17497.946,-2501.34,-68.82,100,True,32.206491
NIPPON_STEEL_JP,Nippon Steel,JP,34.3,72.6,DISCLOSED_PATH,DISCLOSED_PATH,PORT-760BEDA2ECE0,CAND-478F19D65CB3E6,P2,PORT-760BEDA2ECE0,326.243969,24676.661,75.638673,True,True,,0.0,3.446647212967946e-06,True,True,True,True,,0.0,0.0,0.0,2,2,0.3603653631999999,0.65,1.36,P2,지연·부분헤지,False,22456.5,2034,8019.0,78.149959,25495.953,25495.953,31761.411,326.243969,78.149959,113.130815,39818.01,36908.246,43173.704,11412.293,2823.202,-86.562,0.0,97.354784,19.204824,87.06894,8.91898,0.0,0.0,0.0,0.0,0.0,326.243969,31761.411,3.231194,5.917599,8925.137,907.901,10839.071,19101.62,52.39,-11412.293,-2824.077,-93.795,100,True,55.423764
NIPPON_STEEL_JP,Nippon Steel,JP,34.3,72.6,ACCELERATED_15C,DISCLOSED_PATH,PORT-760BEDA2ECE0,CAND-478F19D65CB3E6,P2,PORT-760BEDA2ECE0,326.243969,21243.94,65.116729,False,False,2035,12.74499771,-12.74499771,True,True,True,True,,0.0,0.0,0.0,2,2,0.3603653631999999,0.65,1.36,P2,지연·부분헤지,False,22456.5,2034,8019.0,68.00937,22187.647,22187.647,28989.873,326.243969,68.00937,119.50868,42575.97,38988.986,45791.212,16801.339,3590.284,3.301,-0.0,88.85949,20.85012,79.004159,10.994789,0.0,0.0,0.0,0.0,0.0,326.243969,28989.873,2.949236,5.401222,8298.437,907.901,11910.603,21143.628,55.649,-16801.339,-3389.13,61.899,100,True,32.467226
NIPPON_STEEL_JP,Nippon Steel,JP,34.3,72.6,DISCLOSED_PATH,DISCLOSED_PATH,PORT-160DD6C4A97F,CAND-97FAAFFD87E907,P1,PORT-160DD6C4A97F,442.153947,19641.24,44.421722,True,False,,0.0,3.446647212967946e-06,False,False,True,True,2034,4.469999115000004,0.0,0.0,2,2,0.41255777279999983,0.65,1.68,P1,지연·현물조달,False,26318.6,2036,6237.0,47.284146,20906.872,20906.872,27752.261,442.153947,47.284146,82.290662,39128.917,36385.141,43230.53,15478.269,2899.718,155.942,0.0,62.766059,15.481913,53.489623,6.205477,0.0,0.0,0.0,0.0,0.0,442.153947,27752.261,2.82333,5.170638,10356.989,1045.57,16597.265,11019.716,0.0,-15478.269,-2663.875,29.476,100,True,24.557951
NIPPON_STEEL_JP,Nippon Steel,JP,34.3,72.6,ACCELERATED_15C,DISCLOSED_PATH,PORT-160DD6C4A97F,CAND-97FAAFFD87E907,P1,PORT-160DD6C4A97F,442.153947,14258.889,32.248699,True,True,,0.0,3.446647212967946e-06,True,True,True,True,,0.0,0.0,0.0,2,2,0.41255777279999983,0.65,1.68,P1,지연·현물조달,False,26318.6,2036,6237.0,35.542144,15715.099,15715.099,23133.639,442.153947,35.542144,87.184349,41962.749,38548.904,45967.444,22833.805,3512.388,98.543,0.0,52.320326,16.778182,43.263086,7.720942,0.0,0.0,0.0,0.0,0.0,442.153947,23133.639,2.353462,4.310123,11979.671,1045.57,17658.782,11521.193,0.0,-22833.805,-3749.087,92.776,100,True,0.0
NIPPON_STEEL_JP,Nippon Steel,JP,34.3,72.6,DISCLOSED_PATH,DISCLOSED_PATH,PORT-0ACD636A8AEE,CAND-32B1C4DEC95227,P3,PORT-0ACD636A8AEE,446.878947,25357.995,56.744663,True,False,,0.0,3.446647212967946e-06,False,False,True,True,2034,3.3599990099999992,0.0,0.0,2,2,0.47641018879999986,0.65,2.16,P3,균형형 라이트헤지,False,29123.6,2038,7425.0,59.522707,26599.445,26599.445,32109.039,446.878947,59.522707,94.525378,47008.013,42241.402,47750.995,15641.957,4654.25,-112.361,0.0,71.851759,12.329052,70.189156,10.666449,0.0,0.0,0.0,0.0,0.0,446.878947,32109.039,3.26656,5.982367,12514.148,1108.15,16844.497,16249.661,197.018,-15641.957,-4652.53,-19.542,100,True,36.796512
NIPPON_STEEL_JP,Nippon Steel,JP,34.3,72.6,ACCELERATED_15C,DISCLOSED_PATH,PORT-0ACD636A8AEE,CAND-32B1C4DEC95227,P3,PORT-0ACD636A8AEE,446.878947,19867.245,44.457778,True,True,,0.0,3.446647212967946e-06,True,True,True,True,,0.0,0.0,0.0,2,2,0.47641018879999986,0.65,2.16,P3,균형형 라이트헤지,False,29123.6,2038,7425.0,47.438486,21199.261,21199.261,27387.202,446.878947,47.438486,99.082933,50370.562,44278.077,50466.018,23078.816,5965.618,-126.867,0.0,61.285506,13.84702,61.071899,13.633413,0.0,0.0,0.0,0.0,0.0,446.878947,27387.202,2.786191,5.102622,12763.722,1108.15,17830.622,18344.728,210.235,-23078.816,-6060.995,81.615,100,True,11.896342
NIPPON_STEEL_JP,Nippon Steel,JP,34.3,72.6,DISCLOSED_PATH,DISCLOSED_PATH,PORT-0ACD636A8AEE,CAND-2E3E235F5F3F44,P2,PORT-0ACD636A8AEE,446.878947,25974.471,58.124177,True,False,,0.0,3.446647212967946e-06,False,False,True,True,2034,3.3599990099999992,0.0,0.0,2,2,0.47641018879999986,0.65,2.16,P2,지연·부분헤지,False,29123.6,2038,7425.0,61.616517,27535.124,27535.124,34460.568,446.878947,61.616517,96.619188,47169.004,43177.081,50102.525,15641.957,3881.47,-110.453,-0.0,77.113877,15.49736,70.549412,8.932895,0.0,0.0,0.0,0.0,0.0,446.878947,34460.568,3.505788,6.42049,13948.31,1108.15,15178.835,17058.187,64.942,-15641.957,-4214.342,32.999,100,True,38.890322
NIPPON_STEEL_JP,Nippon Steel,JP,34.3,72.6,ACCELERATED_15C,DISCLOSED_PATH,PORT-0ACD636A8AEE,CAND-2E3E235F5F3F44,P2,PORT-0ACD636A8AEE,446.878947,20785.807,46.513282,True,True,,0.0,3.446647212967946e-06,True,True,True,True,,0.0,0.0,0.0,2,2,0.47641018879999986,0.65,2.16,P2,지연·부분헤지,False,29123.6,2038,7425.0,50.328597,22490.791,22490.791,30334.191,446.878947,50.328597,101.973044,50562.117,45569.606,53413.007,23078.816,4850.637,-141.874,0.0,67.880108,17.551511,61.500551,11.171953,0.0,0.0,0.0,0.0,0.0,446.878947,30334.191,3.085998,5.651688,12481.8,1108.15,18763.899,18030.178,68.961,-23078.816,-4805.017,-78.365,100,True,14.786453
NIPPON_STEEL_JP,Nippon Steel,JP,34.3,72.6,DISCLOSED_PATH,DISCLOSED_PATH,PORT-0ACD636A8AEE,CAND-8A32EE77ABBE07,P1,PORT-0ACD636A8AEE,446.878947,26404.464,59.086391,True,False,,0.0,3.446647212967946e-06,False,False,True,True,2034,3.3599990099999992,0.0,0.0,2,2,0.47641018879999986,0.65,2.16,P1,지연·현물조달,False,29123.6,2038,7425.0,63.094035,28195.396,28195.396,36453.374,446.878947,63.094035,98.096706,47296.632,43837.353,52095.331,15641.957,3341.185,-118.094,0.0,81.573264,18.479229,70.835011,7.740976,0.0,0.0,0.0,0.0,0.0,446.878947,36453.374,3.708523,6.791778,14110.059,1108.15,15027.388,17222.693,0.0,-15641.957,-3727.14,96.202,100,True,40.36784
NIPPON_STEEL_JP,Nippon Steel,JP,34.3,72.6,ACCELERATED_15C,DISCLOSED_PATH,PORT-0ACD636A8AEE,CAND-8A32EE77ABBE07,P1,PORT-0ACD636A8AEE,446.878947,21418.195,47.928405,True,True,,0.0,3.446647212967946e-06,True,True,True,True,,0.0,0.0,0.0,2,2,0.47641018879999986,0.65,2.16,P1,지연·현물조달,False,29123.6,2038,7425.0,52.435096,23432.14,23432.14,32718.174,446.878947,52.435096,104.079542,50720.628,46510.956,55796.989,23078.816,4085.82,-123.852,0.0,73.214847,20.779751,61.855257,9.420161,0.0,0.0,0.0,0.0,0.0,446.878947,32718.174,3.328529,6.095857,12805.799,1108.15,17892.793,18751.693,0.0,-23078.816,-4145.255,97.775,100,True,16.892952
NIPPON_STEEL_JP,Nippon Steel,JP,34.3,72.6,DISCLOSED_PATH,DISCLOSED_PATH,PORT-1411E33E415A,CAND-0902F4B4859A1C,P2,PORT-1411E33E415A,447.753948,27676.996,61.812958,True,False,,0.0,3.446647212967946e-06,False,False,True,True,2036,3.2699989650000028,0.0,0.0,2,2,0.41255777279999983,0.65,1.68,P2,지연·부분헤지,False,26991.8,2034,8019.0,63.827763,28579.133,28579.133,36076.308,447.753948,63.827763,98.838473,47964.771,44255.316,51752.492,15676.183,3659.701,-49.754,-0.0,80.571726,16.743963,72.112347,8.284583,0.0,0.0,0.0,0.0,0.0,447.753948,36076.308,3.670163,6.721525,10798.287,1134.203,16240.486,19321.284,65.594,-15676.183,-3426.821,122.283,100,True,41.101568
NIPPON_STEEL_JP,Nippon Steel,JP,34.3,72.6,ACCELERATED_15C,DISCLOSED_PATH,PORT-1411E33E415A,CAND-0902F4B4859A1C,P2,PORT-1411E33E415A,447.753948,22579.1,50.427473,True,True,,0.0,3.446647212967946e-06,True,True,True,True,,0.0,0.0,0.0,2,2,0.41255777279999983,0.65,1.68,P2,지연·부분헤지,False,26991.8,2034,8019.0,52.925568,23697.632,23697.632,31789.377,447.753948,52.925568,104.57674,51266.573,46824.648,54916.393,23127.016,4589.799,147.874,0.0,70.997425,18.071856,62.846028,9.92046,0.0,0.0,0.0,0.0,0.0,447.753948,31789.377,3.234039,5.92281,10798.287,1134.203,17978.819,21057.676,69.68,-23127.016,-4316.731,102.714,100,True,17.383424
NIPPON_STEEL_JP,Nippon Steel,JP,34.3,72.6,DISCLOSED_PATH,DISCLOSED_PATH,PORT-1411E33E415A,CAND-009A19D2863AA5,P1,PORT-1411E33E415A,447.753948,28178.871,62.933831,True,False,,0.0,3.446647212967946e-06,False,False,True,True,2036,3.2699989650000028,0.0,0.0,2,2,0.41255777279999983,0.65,1.68,P1,지연·현물조달,False,26991.8,2034,8019.0,65.308369,29242.08,29242.08,38047.528,447.753948,65.308369,100.319079,48013.825,44918.264,53723.712,15676.183,3062.165,-33.396,-0.0,84.974188,19.665819,72.221902,6.913533,0.0,0.0,0.0,0.0,0.0,447.753948,38047.528,3.870702,7.088791,10670.644,1134.203,16288.826,19467.506,0.0,-15676.183,-2780.14,137.224,100,True,42.582174
NIPPON_STEEL_JP,Nippon Steel,JP,34.3,72.6,ACCELERATED_15C,DISCLOSED_PATH,PORT-1411E33E415A,CAND-009A19D2863AA5,P1,PORT-1411E33E415A,447.753948,23323.438,52.089855,True,True,,0.0,3.446647212967946e-06,True,True,True,True,,0.0,0.0,0.0,2,2,0.41255777279999983,0.65,1.68,P1,지연·현물조달,False,26991.8,2034,8019.0,55.087821,24665.789,24665.789,34242.049,447.753948,55.087821,106.738993,51316.22,47792.805,57369.065,23127.016,3723.928,200.513,0.0,76.475147,21.387325,62.956908,7.869087,0.0,0.0,0.0,0.0,0.0,447.753948,34242.049,3.483558,6.379777,11064.358,1134.203,17861.041,21312.576,0.0,-23127.016,-3463.353,-116.02,100,True,19.545677
NIPPON_STEEL_JP,Nippon Steel,JP,34.3,72.6,DISCLOSED_PATH,DISCLOSED_PATH,PORT-28AC80454322,CAND-BE3632C0C6EBCB,P1,PORT-28AC80454322,449.103942,31053.092,69.144554,True,False,,0.0,3.446647212967946e-06,False,False,True,True,2036,4.0200011400000015,0.0,0.0,2,2,0.41255777279999983,0.65,1.68,P1,지연·현물조달,False,26580.4,2032,6930.0,70.98091,31877.806,31877.806,41634.834,449.103942,70.98091,105.993716,50788.13,47602.196,57359.223,15724.389,3057.211,-128.724,0.0,92.706454,21.725544,78.07489,7.093981,0.0,0.0,0.0,0.0,0.0,449.103942,41634.834,4.23565,7.757157,12101.831,1166.396,15986.448,21606.753,0.0,-15724.389,-3150.728,-108.505,100,True,48.254715
NIPPON_STEEL_JP,Nippon Steel,JP,34.3,72.6,ACCELERATED_15C,DISCLOSED_PATH,PORT-28AC80454322,CAND-BE3632C0C6EBCB,P1,PORT-28AC80454322,449.103942,26304.285,58.570594,True,True,,0.0,3.446647212967946e-06,True,True,True,True,,0.0,0.0,0.0,2,2,0.41255777279999983,0.65,1.68,P1,지연·현물조달,False,26580.4,2032,6930.0,60.176339,27025.431,27025.431,37892.173,449.103942,60.176339,111.821862,54090.071,50219.639,61086.38,23194.208,3722.055,-148.377,0.0,84.372835,24.196496,68.794461,8.618122,0.0,0.0,0.0,0.0,0.0,449.103942,37892.173,3.854897,7.059846,12101.831,1166.396,17593.022,23322.726,0.0,-23194.208,-3839.333,-125.004,100,True,24.634195
NIPPON_STEEL_JP,Nippon Steel,JP,34.3,72.6,DISCLOSED_PATH,DISCLOSED_PATH,PORT-42FD0857B83C,CAND-4C03DDE7A8F948,P3,PORT-42FD0857B83C,452.478948,33309.485,73.615546,True,False,,0.0,3.446647212967946e-06,False,False,True,True,2036,0.39999896500000176,0.0,0.0,2,2,0.47641018879999986,0.65,2.16,P3,균형형 라이트헤지,False,29796.8,2034,8019.0,76.366156,34554.078,34554.078,41694.002,452.478948,76.366156,111.373025,55798.719,50393.949,57533.874,15839.871,5471.676,66.906,-0.0,92.145729,15.779573,88.310955,11.944799,0.0,0.0,0.0,0.0,0.0,452.478948,41694.002,4.24167,7.768181,12520.752,1196.784,16032.385,25821.764,230.757,-15839.871,-5346.398,-62.096,100,True,53.639961
NIPPON_STEEL_JP,Nippon Steel,JP,34.3,72.6,ACCELERATED_15C,DISCLOSED_PATH,PORT-42FD0857B83C,CAND-4C03DDE7A8F948,P3,PORT-42FD0857B83C,452.478948,28014.913,61.91429,True,True,,0.0,3.446647212967946e-06,True,True,True,True,,0.0,0.0,0.0,2,2,0.47641018879999986,0.65,2.16,P3,균형형 라이트헤지,False,29796.8,2034,8019.0,65.016951,29418.802,29418.802,36920.43,452.478948,65.016951,116.670242,59870.65,52790.828,60292.457,23372.027,7209.864,130.043,0.0,81.595908,16.578957,80.663693,15.646742,0.0,0.0,0.0,0.0,0.0,452.478948,36920.43,3.756038,6.878797,12520.752,1196.784,17716.802,28280.217,246.48,-23372.027,-7053.916,-116.291,100,True,29.474807
NIPPON_STEEL_JP,Nippon Steel,JP,34.3,72.6,DISCLOSED_PATH,DISCLOSED_PATH,PORT-42FD0857B83C,CAND-91BB5A02A7A61F,P2,PORT-42FD0857B83C,452.478948,34274.166,75.747538,True,False,,0.0,3.446647212967946e-06,False,False,True,True,2036,0.39999896500000176,0.0,0.0,2,2,0.47641018879999986,0.65,2.16,P2,지연·부분헤지,False,29796.8,2034,8019.0,79.247632,35857.885,35857.885,44799.271,452.478948,79.247632,114.254501,55892.796,51697.757,60639.142,15839.871,4337.94,142.901,0.0,99.008519,19.760887,88.518869,9.271237,0.0,0.0,0.0,0.0,0.0,452.478948,44799.271,4.557579,8.346736,12359.875,1196.784,16085.869,26167.934,74.201,-15839.871,-4103.142,-83.765,100,True,56.521437
NIPPON_STEEL_JP,Nippon Steel,JP,34.3,72.6,ACCELERATED_15C,DISCLOSED_PATH,PORT-42FD0857B83C,CAND-91BB5A02A7A61F,P2,PORT-42FD0857B83C,452.478948,29480.361,65.153001,True,True,,0.0,3.446647212967946e-06,True,True,True,True,,0.0,0.0,0.0,2,2,0.47641018879999986,0.65,2.16,P2,지연·부분헤지,False,29796.8,2034,8019.0,69.212806,31317.338,31317.338,40844.937,452.478948,69.212806,120.866098,59995.986,54689.365,64216.964,23372.027,5509.24,202.619,0.0,90.269253,21.056447,80.940691,11.727885,0.0,0.0,0.0,0.0,0.0,452.478948,40844.937,4.155292,7.609988,12359.875,1196.784,17783.647,28668.825,78.88,-23372.027,-5236.93,-161.717,100,True,33.670662
NIPPON_STEEL_JP,Nippon Steel,JP,34.3,72.6,DISCLOSED_PATH,DISCLOSED_PATH,PORT-42FD0857B83C,CAND-C0EAED81BD41EE,P1,PORT-42FD0857B83C,452.478948,34942.096,77.223694,True,False,,0.0,3.446647212967946e-06,False,False,True,True,2036,0.39999896500000176,0.0,0.0,2,2,0.47641018879999986,0.65,2.16,P1,지연·현물조달,False,29796.8,2034,8019.0,81.300067,36786.569,36786.569,47189.229,452.478948,81.300067,116.306936,55998.299,52626.44,63029.101,15839.871,3501.321,129.461,0.0,104.290442,22.990375,88.752037,7.45197,0.0,0.0,0.0,0.0,0.0,452.478948,47189.229,4.800718,8.792019,12252.624,1196.784,16139.353,26398.714,0.0,-15839.871,-3254.867,-106.167,100,True,58.573872
NIPPON_STEEL_JP,Nippon Steel,JP,34.3,72.6,ACCELERATED_15C,DISCLOSED_PATH,PORT-42FD0857B83C,CAND-C0EAED81BD41EE,P1,PORT-42FD0857B83C,452.478948,30482.744,67.368315,True,True,,0.0,3.446647212967946e-06,True,True,True,True,,0.0,0.0,0.0,2,2,0.47641018879999986,0.65,2.16,P1,지연·현물조달,False,29796.8,2034,8019.0,72.182133,32660.896,32660.896,43907.199,452.478948,72.182133,123.835424,60185.694,56032.922,67279.226,23372.027,4291.15,138.378,0.0,97.036999,24.854866,81.359956,9.177824,0.0,0.0,0.0,0.0,0.0,452.478948,43907.199,4.466826,8.180531,12252.624,1196.784,17850.492,28927.897,0.0,-23372.027,-3995.306,-199.569,100,True,36.639989
NIPPON_STEEL_JP,Nippon Steel,JP,34.3,72.6,DISCLOSED_PATH,DISCLOSED_PATH,PORT-3391EE4132D6,CAND-61C6F8AE75933E,P3,PORT-3391EE4132D6,453.828942,35968.159,79.254882,True,False,,0.0,3.446647212967946e-06,False,False,True,True,2036,1.1500011400000005,0.0,0.0,2,2,0.47641018879999986,0.65,2.16,P3,균형형 라이트헤지,False,29385.4,2038,7425.0,80.869986,36701.14,36701.14,43921.638,453.828942,80.869986,115.878941,58183.912,52589.217,59809.715,15888.077,5648.473,53.779,0.0,96.780161,15.910175,93.197746,12.32776,0.0,0.0,0.0,0.0,0.0,453.828942,43921.638,4.468295,8.183221,12987.569,1228.977,15808.465,28027.421,241.339,-15888.077,-5622.956,-81.598,100,True,58.143791
NIPPON_STEEL_JP,Nippon Steel,JP,34.3,72.6,ACCELERATED_15C,DISCLOSED_PATH,PORT-3391EE4132D6,CAND-61C6F8AE75933E,P3,PORT-3391EE4132D6,453.828942,30654.444,67.546252,True,True,,0.0,3.446647212967946e-06,True,True,True,True,,0.0,0.0,0.0,2,2,0.47641018879999986,0.65,2.16,P3,균형형 라이트헤지,False,29385.4,2038,7425.0,69.444189,31515.783,31515.783,39167.827,453.828942,69.444189,121.091884,62306.25,54955.002,62607.045,23439.219,7458.384,107.135,0.0,86.305264,16.861075,85.642469,16.19828,0.0,0.0,0.0,0.0,0.0,453.828942,39167.827,3.984674,7.297519,12987.569,1228.977,17458.674,30504.939,257.505,-23439.219,-7437.56,-45.103,100,True,33.902045
NIPPON_STEEL_JP,Nippon Steel,JP,34.3,72.6,DISCLOSED_PATH,DISCLOSED_PATH,PORT-3391EE4132D6,CAND-45605758418B60,P2,PORT-3391EE4132D6,453.828942,37060.94,81.662796,True,False,,0.0,3.446647212967946e-06,False,False,True,True,2036,1.1500011400000005,0.0,0.0,2,2,0.47641018879999986,0.65,2.16,P2,지연·부분헤지,False,29385.4,2038,7425.0,83.722409,37995.652,37995.652,47043.693,453.828942,83.722409,118.731364,58151.695,53883.729,62931.77,15888.077,4369.158,101.193,0.0,103.659526,19.937117,93.126757,9.404348,0.0,0.0,0.0,0.0,0.0,453.828942,47043.693,4.785912,8.764904,12950.882,1228.977,15832.851,28209.23,76.953,-15888.077,-4314.977,-100.188,100,True,60.996214
NIPPON_STEEL_JP,Nippon Steel,JP,34.3,72.6,ACCELERATED_15C,DISCLOSED_PATH,PORT-3391EE4132D6,CAND-45605758418B60,P2,PORT-3391EE4132D6,453.828942,32323.548,71.224078,True,True,,0.0,3.446647212967946e-06,True,True,True,True,,0.0,0.0,0.0,2,2,0.47641018879999986,0.65,2.16,P2,지연·부분헤지,False,29385.4,2038,7425.0,73.713983,33453.539,33453.539,43158.483,453.828942,73.713983,125.361677,62295.171,56892.757,66597.702,23439.219,5576.495,174.081,0.0,95.09857,21.384587,85.618058,11.904075,0.0,0.0,0.0,0.0,0.0,453.828942,43158.483,4.390656,8.041034,12950.882,1228.977,17490.12,30708.217,81.75,-23439.219,-5513.778,-53.411,100,True,38.171839
NIPPON_STEEL_JP,Nippon Steel,JP,34.3,72.6,DISCLOSED_PATH,DISCLOSED_PATH,PORT-3391EE4132D6,CAND-185224D49A1B91,P1,PORT-3391EE4132D6,453.828942,37816.316,83.327247,True,False,,0.0,3.446647212967946e-06,False,False,True,True,2036,1.1500011400000005,0.0,0.0,2,2,0.47641018879999986,0.65,2.16,P1,지연·현물조달,False,29385.4,2038,7425.0,85.740848,38911.678,38911.678,49428.632,453.828942,85.740848,120.749803,58179.427,54799.755,65316.71,15888.077,3510.689,131.016,0.0,108.914677,23.173829,93.187865,7.447018,0.0,0.0,0.0,0.0,0.0,453.828942,49428.632,5.02854,9.209252,12926.423,1228.977,15857.237,28330.436,0.0,-15888.077,-3434.624,-108.695,100,True,63.014653
NIPPON_STEEL_JP,Nippon Steel,JP,34.3,72.6,ACCELERATED_15C,DISCLOSED_PATH,PORT-3391EE4132D6,CAND-185224D49A1B91,P1,PORT-3391EE4132D6,453.828942,33463.591,73.736132,True,True,,0.0,3.446647212967946e-06,True,True,True,True,,0.0,0.0,0.0,2,2,0.47641018879999986,0.65,2.16,P1,지연·현물조달,False,29385.4,2038,7425.0,76.709977,34813.208,34813.208,46215.451,453.828942,76.709977,128.357672,62340.596,58252.426,69654.67,23439.219,4304.791,216.621,0.0,101.834517,25.12454,85.71815,9.008173,0.0,0.0,0.0,0.0,0.0,453.828942,46215.451,4.701652,8.610591,12165.125,1228.977,17797.871,30968.515,0.0,-23439.219,-3960.049,51.987,100,True,41.167833
NIPPON_STEEL_JP,Nippon Steel,JP,34.3,72.6,DISCLOSED_PATH,DISCLOSED_PATH,PORT-D74D023C0D05,CAND-1FF01FDB28F13A,P4,PORT-D74D023C0D05,521.418946,49114.443,94.193822,True,False,,0.0,3.446647212967946e-06,False,False,True,True,2028,0.4799982000000007,0.0,0.5400000000000009,2,2,0.5333221247999997,0.65,2.6399999999999997,P4,균형형 전환,False,32153.0,2033,8019.0,96.898187,50524.551,50524.551,57357.178,521.418946,96.898187,131.86237,78108.47,68755.538,75588.165,18230.987,9374.637,21.704,-0.0,110.002098,13.10391,114.835649,17.937461,0.0,0.0,0.0,0.0,0.0,521.418946,57357.178,5.835137,10.686452,14925.693,1522.1,17804.958,43076.031,701.932,-18230.987,-9335.988,60.812,100,True,74.171992
NIPPON_STEEL_JP,Nippon Steel,JP,34.3,72.6,ACCELERATED_15C,DISCLOSED_PATH,PORT-D74D023C0D05,CAND-1FF01FDB28F13A,P4,PORT-D74D023C0D05,521.418946,42713.381,81.917585,True,True,,0.0,3.446647212967946e-06,True,True,True,True,,0.0,0.0,0.0,2,2,0.5333221247999997,0.65,2.6399999999999997,P4,균형형 전환,False,32153.0,2033,8019.0,84.782978,44207.451,44207.451,51381.859,521.418946,84.782978,136.197572,83952.232,71015.994,78190.402,26808.543,12912.318,-23.92,0.0,98.54237,13.759391,109.59266,24.809682,0.0,0.0,0.0,0.0,0.0,521.418946,51381.859,5.227248,9.573165,14925.693,1522.1,19594.806,47107.457,753.268,-26808.543,-12888.999,1.67,100,True,49.240834
NIPPON_STEEL_JP,Nippon Steel,JP,34.3,72.6,DISCLOSED_PATH,DISCLOSED_PATH,PORT-34AD95AD1263,CAND-CDFE2587E5584F,P4,PORT-34AD95AD1263,522.518939,51527.28,98.613229,True,False,,0.0,3.446647212967946e-06,False,False,True,True,2028,0.0,0.0,0.5400000000000009,2,2,0.5333221247999997,0.65,2.6399999999999997,P4,균형형 전환,False,31741.6,2037,7425.0,100.568786,52549.095,52549.095,59730.042,522.518939,100.568786,135.532986,80403.824,70818.552,77999.499,18269.457,9714.26,128.988,-0.0,114.311727,13.742941,118.913139,18.344352,0.0,0.0,0.0,0.0,0.0,522.518939,59730.042,6.076536,11.12855,15034.66,1552.928,17741.234,45357.256,726.27,-18269.457,-9644.772,50.976,100,True,77.842591
NIPPON_STEEL_JP,Nippon Steel,JP,34.3,72.6,ACCELERATED_15C,DISCLOSED_PATH,PORT-34AD95AD1263,CAND-CDFE2587E5584F,P4,PORT-34AD95AD1263,522.518939,45000.915,86.123031,True,True,,0.0,3.446647212967946e-06,True,True,True,True,,0.0,0.0,0.0,2,2,0.5333221247999997,0.65,2.6399999999999997,P4,균형형 전환,False,31741.6,2037,7425.0,88.268879,46122.161,46122.161,53485.497,522.518939,88.268879,139.673204,86256.141,72981.894,80345.231,26859.733,13379.917,105.67,0.0,102.360878,14.091999,113.673216,25.404336,0.0,0.0,0.0,0.0,0.0,522.518939,53485.497,5.441258,9.965103,14621.568,1552.928,20344.171,48842.598,778.267,-26859.733,-13139.368,-18.268,100,True,52.726735
NIPPON_STEEL_JP,Nippon Steel,JP,34.3,72.6,DISCLOSED_PATH,DISCLOSED_PATH,PORT-7DC6DDA55D96,CAND-004C84C918F9F0,P2,PORT-7DC6DDA55D96,209.368973,20043.231,95.731622,False,False,2030,4.807752286632599,-4.807752286632599,True,True,True,True,,0.0,0.0,0.0,2,2,0.4298908671999999,0.65,1.84,P2,지연·부분헤지,False,23326.6,2038,7425.0,103.043084,21574.025,21574.025,26697.625,209.368973,103.043084,138.014315,31530.58,28895.915,34019.516,7321.891,2575.249,-59.416,0.0,127.514714,24.47163,115.62692,12.583836,0.0,0.0,0.0,0.0,0.0,209.368973,26697.625,2.716038,4.974144,8858.635,621.563,5766.67,16384.067,40.164,-7321.891,-2741.569,-33.614,100,True,80.316889
NIPPON_STEEL_JP,Nippon Steel,JP,34.3,72.6,ACCELERATED_15C,DISCLOSED_PATH,PORT-7DC6DDA55D96,CAND-004C84C918F9F0,P2,PORT-7DC6DDA55D96,209.368973,17931.869,85.647215,False,False,2030,21.3077522866326,-21.3077522866326,True,True,True,True,,0.0,0.0,0.0,2,2,0.4298908671999999,0.65,1.84,P2,지연·부분헤지,False,23326.6,2038,7425.0,93.550159,19586.501,19586.501,25108.042,209.368973,93.550159,145.551724,33930.707,30474.015,35995.556,10887.514,3367.81,-88.882,0.0,119.922459,26.3723,110.060209,16.51005,0.0,0.0,0.0,0.0,0.0,209.368973,25108.042,2.554325,4.677983,8679.712,621.563,6465.798,18065.639,42.651,-10887.514,-3391.938,-9.41,100,True,58.008015
NIPPON_STEEL_JP,Nippon Steel,JP,34.3,72.6,DISCLOSED_PATH,DISCLOSED_PATH,PORT-91584DA203D9,CAND-005FE12044C08C,P2,PORT-91584DA203D9,223.148943,21588.607,96.745279,False,False,2030,8.940000609999998,-8.940000609999998,True,True,True,True,,0.0,0.0,0.0,2,2,0.3325551616000001,0.65,1.2,P2,지연·부분헤지,False,18876.0,2034,8019.0,99.9813,22310.721,22310.721,27835.167,223.148943,99.9813,135.08891,32224.769,30144.948,35669.393,7834.226,2106.63,26.809,0.0,124.738061,24.756762,109.301627,9.320327,0.0,0.0,0.0,0.0,0.0,223.148943,27835.167,2.831764,5.186084,7515.717,689.22,6232.085,17880.933,40.472,-7834.226,-2270.063,56.583,100,True,77.255105
NIPPON_STEEL_JP,Nippon Steel,JP,34.3,72.6,ACCELERATED_15C,DISCLOSED_PATH,PORT-91584DA203D9,CAND-005FE12044C08C,P2,PORT-91584DA203D9,223.148943,19473.996,87.26905,False,False,2030,25.94000061,-25.94000061,True,True,True,True,,0.0,0.0,0.0,2,2,0.3325551616000001,0.65,1.2,P2,지연·부분헤지,False,18876.0,2034,8019.0,90.27032,20143.726,20143.726,26398.408,223.148943,90.27032,142.275884,34644.164,31748.713,38003.395,11604.987,2736.137,-159.315,-0.0,118.299498,28.029179,103.245741,12.975421,0.0,0.0,0.0,0.0,0.0,223.148943,26398.408,2.685598,4.918396,7674.354,689.22,6779.854,19605.493,43.09,-11604.987,-3093.302,50.004,100,True,54.728176
JFE_STEEL_JP,JFE Steel,JP,21.95,45.3,DISCLOSED_PATH,DISCLOSED_PATH,PORT-51A2628EF9C2,CAND-E8FAD9BDD034A5,P3,PORT-51A2628EF9C2,328.220861,40363.359,122.976215,True,True,,0.0,1.265341119704999e-05,True,True,True,True,,0.0,0.0,0.0,3,3,0.41232239999999987,0.65,1.78,P3,균형형 라이트헤지,False,20429.2,2033,9930.8,126.736743,41597.643,41597.643,49273.094,328.220861,126.736743,161.776261,58449.228,53098.344,60773.795,11500.701,5500.356,149.472,0.0,150.121762,23.385019,143.039438,16.302695,0.0,0.0,0.0,0.0,0.0,328.220861,49273.094,13.662681,17.056596,9240.506,975.493,10549.341,37216.687,232.76,-11500.701,-5317.347,200.904,100,True,17.340501
JFE_STEEL_JP,JFE Steel,JP,21.95,45.3,ACCELERATED_15C,DISCLOSED_PATH,PORT-51A2628EF9C2,CAND-E8FAD9BDD034A5,P3,PORT-51A2628EF9C2,328.220861,37182.414,113.284736,True,True,,0.0,1.265341119704999e-05,True,True,True,True,,0.0,0.0,0.0,3,3,0.41232239999999987,0.65,1.78,P3,균형형 라이트헤지,False,20429.2,2033,9930.8,117.611177,38602.442,38602.442,46578.621,328.220861,117.611177,169.28548,62959.45,55563.026,63539.205,16960.584,7594.038,197.614,0.0,141.912432,24.301254,140.146076,22.534898,0.0,0.0,0.0,0.0,0.0,328.220861,46578.621,12.915545,16.123865,9240.506,975.493,11638.248,40652.662,249.432,-16960.584,-7353.273,159.959,100,True,29.268872
JFE_STEEL_JP,JFE Steel,JP,21.95,45.3,DISCLOSED_PATH,DISCLOSED_PATH,PORT-51A2628EF9C2,CAND-F4B6AD5FB08D71,P2,PORT-51A2628EF9C2,328.220861,41807.514,127.376163,True,True,,0.0,1.265341119704999e-05,True,True,True,True,,0.0,0.0,0.0,3,3,0.41232239999999987,0.65,1.78,P2,지연·부분헤지,False,20429.2,2033,9930.8,132.162259,43378.411,43378.411,53009.535,328.220861,132.162259,167.201778,58514.87,54879.111,64510.236,11500.701,3807.861,172.103,-0.0,161.505685,29.343426,143.23943,11.07717,0.0,0.0,0.0,0.0,0.0,328.220861,53009.535,14.69874,18.350019,9090.163,975.493,10566.077,37528.991,71.146,-11500.701,-3602.599,249.84,100,True,22.766017
JFE_STEEL_JP,JFE Steel,JP,21.95,45.3,ACCELERATED_15C,DISCLOSED_PATH,PORT-51A2628EF9C2,CAND-F4B6AD5FB08D71,P2,PORT-51A2628EF9C2,328.220861,39413.198,120.081332,True,True,,0.0,1.265341119704999e-05,True,True,True,True,,0.0,0.0,0.0,3,3,0.41232239999999987,0.65,1.78,P2,지연·부분헤지,False,20429.2,2033,9930.8,125.64536,41239.428,41239.428,51487.15,328.220861,125.64536,177.319663,63065.561,58200.012,68447.734,16960.584,5035.351,169.802,0.0,156.86739,31.22203,140.469368,14.824008,0.0,0.0,0.0,0.0,0.0,328.220861,51487.15,14.276605,17.823023,9090.163,975.493,11661.335,41017.253,75.909,-16960.584,-4776.408,156.268,100,True,37.303055
JFE_STEEL_JP,JFE Steel,JP,21.95,45.3,DISCLOSED_PATH,DISCLOSED_PATH,PORT-51A2628EF9C2,CAND-FCDB7C1BD7991A,P1,PORT-51A2628EF9C2,328.220861,42800.358,130.401089,True,True,,0.0,1.265341119704999e-05,True,True,True,True,,0.0,0.0,0.0,3,3,0.41232239999999987,0.65,1.78,P1,지연·현물조달,False,20429.2,2033,9930.8,135.937693,44617.587,44617.587,55793.791,328.220861,135.937693,170.977212,58597.531,56118.288,67294.492,11500.701,2695.728,216.484,0.0,169.988558,34.050864,143.491275,7.553582,0.0,0.0,0.0,0.0,0.0,328.220861,55793.791,15.470772,19.31383,9199.192,975.493,10451.788,38283.155,0.0,-11500.701,-2510.155,-281.184,100,True,26.541451
JFE_STEEL_JP,JFE Steel,JP,21.95,45.3,ACCELERATED_15C,DISCLOSED_PATH,PORT-51A2628EF9C2,CAND-FCDB7C1BD7991A,P1,PORT-51A2628EF9C2,328.220861,40930.073,124.702838,True,True,,0.0,1.265341119704999e-05,True,True,True,True,,0.0,0.0,0.0,3,3,0.41232239999999987,0.65,1.78,P1,지연·현물조달,False,20429.2,2033,9930.8,131.229777,43072.35,43072.35,55103.654,328.220861,131.229777,182.90408,63180.527,60032.934,72064.238,16960.584,3342.939,195.346,-0.0,167.885898,36.656121,140.819639,9.589862,0.0,0.0,0.0,0.0,0.0,328.220861,55103.654,15.279407,19.074929,8989.934,975.493,11684.421,41260.314,0.0,-16960.584,-3034.616,157.388,100,True,42.887472
JFE_STEEL_JP,JFE Steel,JP,21.95,45.3,DISCLOSED_PATH,DISCLOSED_PATH,PORT-CCD4397FA6D4,CAND-A735954AF09420,P3,PORT-CCD4397FA6D4,281.895878,30284.795,107.432556,True,True,,0.0,1.265341119704999e-05,True,True,True,True,,0.0,0.0,0.0,2,3,0.3119871999999999,0.65,1.1400000000000001,P3,균형형 라이트헤지,False,16139.2,2033,9930.8,109.396242,30838.35,30838.35,37268.09,281.895878,109.396242,144.453605,44737.36,40720.876,47150.616,9882.526,4060.266,43.781,0.0,132.205161,22.808919,123.644355,14.248112,0.0,0.0,0.0,0.0,0.0,281.895878,37268.09,10.333876,12.90089,7866.195,811.996,9348.658,26654.686,179.991,-9882.526,-4102.299,-38.352,100,True,0.0
JFE_STEEL_JP,JFE Steel,JP,21.95,45.3,ACCELERATED_15C,DISCLOSED_PATH,PORT-CCD4397FA6D4,CAND-A735954AF09420,P3,PORT-CCD4397FA6D4,281.895878,27384.963,97.145666,False,False,2040,5.28499579,-5.28499579,True,True,True,True,,0.0,0.0,0.0,2,3,0.3119871999999999,0.65,1.1400000000000001,P3,균형형 라이트헤지,False,16139.2,2033,9930.8,99.185662,27960.029,27960.029,34588.732,281.895878,99.185662,150.780253,47955.32,42504.332,49133.035,14544.302,5537.493,86.505,0.0,122.700383,23.514721,118.522546,19.336884,0.0,0.0,0.0,0.0,0.0,281.895878,34588.732,9.590931,11.973391,7866.195,811.996,10259.101,28941.984,192.633,-14544.302,-5588.586,21.008,100,True,10.843357
JFE_STEEL_JP,JFE Steel,JP,21.95,45.3,DISCLOSED_PATH,DISCLOSED_PATH,PORT-CCD4397FA6D4,CAND-0B566F19FFC9A2,P2,PORT-CCD4397FA6D4,281.895878,31362.25,111.25473,True,True,,0.0,1.265341119704999e-05,True,True,True,True,,0.0,0.0,0.0,2,3,0.3119871999999999,0.65,1.1400000000000001,P2,지연·부분헤지,False,16139.2,2033,9930.8,113.714526,32055.656,32055.656,40122.441,281.895878,113.714526,148.771889,44729.849,41938.182,50004.967,9882.526,2795.001,3.334,-0.0,142.330711,28.616186,123.61771,9.903185,0.0,0.0,0.0,0.0,0.0,281.895878,40122.441,11.125344,13.888965,7768.11,811.996,9366.509,26744.611,55.271,-9882.526,-2855.157,46.843,100,True,4.318284
JFE_STEEL_JP,JFE Steel,JP,21.95,45.3,ACCELERATED_15C,DISCLOSED_PATH,PORT-CCD4397FA6D4,CAND-0B566F19FFC9A2,P2,PORT-CCD4397FA6D4,281.895878,29040.327,103.01792,False,False,2040,5.28499579,-5.28499579,True,True,True,True,,0.0,0.0,0.0,2,3,0.3119871999999999,0.65,1.1400000000000001,P2,지연·부분헤지,False,16139.2,2033,9930.8,105.70705,29798.382,29798.382,38363.638,281.895878,105.70705,157.30164,47941.902,44342.684,52907.94,14544.302,3674.385,75.166,0.0,136.091517,30.384467,118.47495,12.767901,0.0,0.0,0.0,0.0,0.0,281.895878,38363.638,10.637655,13.280129,7948.065,811.996,10287.098,28990.622,58.914,-14544.302,-3803.931,49.92,100,True,17.364745
JFE_STEEL_JP,JFE Steel,JP,21.95,45.3,DISCLOSED_PATH,DISCLOSED_PATH,PORT-CCD4397FA6D4,CAND-321A1FBBC2D640,P1,PORT-CCD4397FA6D4,281.895878,32103.489,113.884208,True,True,,0.0,1.265341119704999e-05,True,True,True,True,,0.0,0.0,0.0,2,3,0.3119871999999999,0.65,1.1400000000000001,P1,지연·현물조달,False,16139.2,2033,9930.8,116.726527,32904.727,32904.727,42214.145,281.895878,116.726527,151.78389,44752.135,42787.253,52096.671,9882.526,1989.529,24.647,0.0,149.750842,33.024314,123.696769,6.970241,0.0,0.0,0.0,0.0,0.0,281.895878,42214.145,11.705342,14.613038,8002.645,811.996,9403.721,26733.777,0.0,-9882.526,-2113.933,-50.953,100,True,7.330285
JFE_STEEL_JP,JFE Steel,JP,21.95,45.3,ACCELERATED_15C,DISCLOSED_PATH,PORT-CCD4397FA6D4,CAND-321A1FBBC2D640,P1,PORT-CCD4397FA6D4,281.895878,30166.609,107.013304,False,False,2040,5.28499579,-5.28499579,True,True,True,True,,0.0,0.0,0.0,2,3,0.3119871999999999,0.65,1.1400000000000001,P1,지연·현물조달,False,16139.2,2033,9930.8,110.195252,31063.587,31063.587,41157.092,281.895878,110.195252,161.789842,47963.11,45607.89,55701.395,14544.302,2456.456,101.236,-0.0,146.001044,35.805792,118.550182,8.35493,0.0,0.0,0.0,0.0,0.0,281.895878,41157.092,11.412237,14.247124,8002.645,811.996,10315.095,29023.047,0.0,-14544.302,-2614.309,69.416,100,True,21.852947
JFE_STEEL_JP,JFE Steel,JP,21.95,45.3,DISCLOSED_PATH,DISCLOSED_PATH,PORT-E5F3D5116135,CAND-FC0AA3F9FE37C6,P3,PORT-E5F3D5116135,321.408363,31315.689,97.432714,True,False,,0.0,1.265341119704999e-05,False,False,True,True,2036,0.004998229999999992,0.0,0.0,2,3,0.3406543999999999,0.65,1.3,P3,균형형 라이트헤지,False,18185.2,2033,9930.8,99.230649,31893.56,31893.56,38623.252,321.408363,99.230649,134.272468,47550.554,43156.294,49885.986,11262.734,4425.09,30.83,0.0,120.168782,20.938134,112.902539,13.67189,0.0,0.0,0.0,0.0,0.0,321.408363,38623.252,10.709642,13.369998,8256.523,880.119,10959.419,27181.629,192.832,-11262.734,-4280.221,-34.007,100,True,-10.165593
JFE_STEEL_JP,JFE Steel,JP,21.95,45.3,ACCELERATED_15C,DISCLOSED_PATH,PORT-E5F3D5116135,CAND-FC0AA3F9FE37C6,P3,PORT-E5F3D5116135,321.408363,27857.175,86.672217,True,True,,0.0,1.265341119704999e-05,True,True,True,True,,0.0,0.0,0.0,2,3,0.3406543999999999,0.65,1.3,P3,균형형 라이트헤지,False,18185.2,2033,9930.8,88.342305,28393.956,28393.956,35437.563,321.408363,88.342305,140.006326,50919.022,44999.204,52042.812,16605.249,5973.982,54.164,0.0,110.257129,21.914824,106.760673,18.418369,0.0,0.0,0.0,0.0,0.0,321.408363,35437.563,9.826299,12.267226,8256.523,880.119,12057.997,29460.81,206.305,-16605.249,-5798.811,-63.739,100,True,0.0
JFE_STEEL_JP,JFE Steel,JP,21.95,45.3,DISCLOSED_PATH,DISCLOSED_PATH,PORT-E5F3D5116135,CAND-E72109958C3B57,P2,PORT-E5F3D5116135,321.408363,32387.753,100.768233,True,False,,0.0,1.265341119704999e-05,False,False,True,True,2036,0.004998229999999992,0.0,0.0,2,3,0.3406543999999999,0.65,1.3,P2,지연·부분헤지,False,18185.2,2033,9930.8,103.048219,33120.559,33120.559,41558.089,321.408363,103.048219,138.090039,47557.579,44383.293,52820.822,11262.734,3129.467,-44.819,0.0,129.29996,26.251741,112.924396,9.876177,0.0,0.0,0.0,0.0,0.0,321.408363,41558.089,11.523427,14.385935,9112.875,880.119,10783.454,26744.611,59.835,-11262.734,-3247.282,49.682,100,True,-6.348023
JFE_STEEL_JP,JFE Steel,JP,21.95,45.3,ACCELERATED_15C,DISCLOSED_PATH,PORT-E5F3D5116135,CAND-E72109958C3B57,P2,PORT-E5F3D5116135,321.408363,29504.994,91.799087,True,True,,0.0,1.265341119704999e-05,True,True,True,True,,0.0,0.0,0.0,2,3,0.3406543999999999,0.65,1.3,P2,지연·부분헤지,False,18185.2,2033,9930.8,93.987517,30208.374,30208.374,39195.993,321.408363,93.987517,145.651538,50921.437,46813.622,55801.242,16605.249,4055.134,-52.681,0.0,121.950756,27.963239,106.768188,12.780671,0.0,0.0,0.0,0.0,0.0,321.408363,39195.993,10.868454,13.568261,9081.698,880.119,11903.454,28990.622,63.755,-16605.249,-4199.665,93.638,100,True,5.645212
JFE_STEEL_JP,JFE Steel,JP,21.95,45.3,DISCLOSED_PATH,DISCLOSED_PATH,PORT-E5F3D5116135,CAND-E280945A557960,P1,PORT-E5F3D5116135,321.408363,33126.209,103.065795,True,False,,0.0,1.265341119704999e-05,False,False,True,True,2036,0.004998229999999992,0.0,0.0,2,3,0.3406543999999999,0.65,1.3,P1,지연·현물조달,False,18185.2,2033,9930.8,105.716795,33978.262,33978.262,43710.593,321.408363,105.716795,140.758615,47598.07,45240.996,54973.327,11262.734,2298.878,-58.196,-0.0,135.997062,30.280267,113.050374,7.333579,0.0,0.0,0.0,0.0,0.0,321.408363,43710.593,12.120284,15.131055,9171.138,880.119,10789.49,26780.967,0.0,-11262.734,-2450.583,69.866,100,True,-3.679447
JFE_STEEL_JP,JFE Steel,JP,21.95,45.3,ACCELERATED_15C,DISCLOSED_PATH,PORT-E5F3D5116135,CAND-E280945A557960,P1,PORT-E5F3D5116135,321.408363,30627.226,95.290696,True,True,,0.0,1.265341119704999e-05,True,True,True,True,,0.0,0.0,0.0,2,3,0.3406543999999999,0.65,1.3,P1,지연·현물조달,False,18185.2,2033,9930.8,97.891085,31463.013,31463.013,42024.399,321.408363,97.891085,149.555106,50955.58,48068.262,58629.648,16605.249,2827.169,-60.149,-0.0,130.750796,32.859711,106.874416,8.983331,0.0,0.0,0.0,0.0,0.0,321.408363,42024.399,11.652728,14.547355,8106.427,880.119,12150.533,29714.814,0.0,-16605.249,-2659.707,-123.924,100,True,9.54878
JFE_STEEL_JP,JFE Steel,JP,21.95,45.3,DISCLOSED_PATH,DISCLOSED_PATH,PORT-2883A9539B06,CAND-AE1C3F48385E3F,P5,PORT-2883A9539B06,367.500849,43076.746,117.215365,True,False,,0.0,1.265341119704999e-05,False,False,True,True,2028,0.0,0.0,0.9619987720000003,3,3,0.41232239999999987,0.65,1.78,P5,조기 계약형 전환,False,20429.2,2032,9930.8,118.32967,43486.254,43486.254,47132.006,367.500849,118.32967,153.318919,67008.969,56344.833,59990.584,12858.579,10632.074,-32.062,0.0,128.250059,9.920389,147.347661,29.017991,0.0,0.0,0.0,0.0,0.0,367.500849,47132.006,13.06899,16.315427,11138.267,1129.437,11931.259,41830.074,1059.504,-12858.579,-10710.219,-33.489,100,True,8.933428
JFE_STEEL_JP,JFE Steel,JP,21.95,45.3,ACCELERATED_15C,DISCLOSED_PATH,PORT-2883A9539B06,CAND-AE1C3F48385E3F,P5,PORT-2883A9539B06,367.500849,37367.085,101.678907,True,True,,0.0,1.265341119704999e-05,True,True,True,True,,0.0,0.0,0.0,3,3,0.41232239999999987,0.65,1.78,P5,조기 계약형 전환,False,20429.2,2032,9930.8,102.739411,37756.821,37756.821,41473.951,367.500849,102.739411,154.133845,71861.854,56644.319,60361.45,18887.498,15185.536,-31.999,0.0,112.854029,10.114618,144.147574,41.408163,0.0,0.0,0.0,0.0,0.0,367.500849,41473.951,11.500097,14.35681,11138.267,1129.437,13097.159,45492.441,1138.13,-18887.498,-15278.065,-73.051,100,True,14.397106
JFE_STEEL_JP,JFE Steel,JP,21.95,45.3,DISCLOSED_PATH,DISCLOSED_PATH,PORT-2883A9539B06,CAND-942FF71D4F4188,P4,PORT-2883A9539B06,367.500849,45230.214,123.075128,True,False,,0.0,1.265341119704999e-05,False,False,True,True,2028,0.0,0.0,0.9619987720000003,3,3,0.41232239999999987,0.65,1.78,P4,균형형 전환,False,20429.2,2032,9930.8,124.749038,45845.377,45845.377,52256.583,367.500849,124.749038,159.738287,66815.496,58703.956,65115.162,12858.579,8049.172,-62.368,-0.0,142.194455,17.445418,146.821205,22.072167,0.0,0.0,0.0,0.0,0.0,367.500849,52256.583,14.489958,18.089374,10634.009,1129.437,12103.731,42280.915,600.911,-12858.579,-8044.323,-0.724,100,True,15.352796
JFE_STEEL_JP,JFE Steel,JP,21.95,45.3,ACCELERATED_15C,DISCLOSED_PATH,PORT-2883A9539B06,CAND-942FF71D4F4188,P4,PORT-2883A9539B06,367.500849,40788.202,110.988047,True,True,,0.0,1.265341119704999e-05,True,True,True,True,,0.0,0.0,0.0,3,3,0.41232239999999987,0.65,1.78,P4,균형형 전환,False,20429.2,2032,9930.8,112.611451,41384.804,41384.804,48014.41,367.500849,112.611451,164.005885,71644.948,60272.302,66901.908,18887.498,11273.791,-98.855,0.0,130.651153,18.039702,143.557355,30.945904,0.0,0.0,0.0,0.0,0.0,367.500849,48014.41,13.313667,16.620884,11439.216,1129.437,13097.655,45488.744,644.815,-18887.498,-11463.369,-64.197,100,True,24.269146
JFE_STEEL_JP,JFE Steel,JP,21.95,45.3,DISCLOSED_PATH,DISCLOSED_PATH,PORT-E3494C854A0D,CAND-F1788FF7DCC7F6,P2,PORT-E3494C854A0D,323.808372,38846.247,119.966777,True,False,,0.0,1.265341119704999e-05,False,False,True,True,2029,1.6549952300000008,0.07400003299999997,0.18199837200000069,2,3,0.3406543999999999,0.65,1.3,P2,지연·부분헤지,False,17287.6,2029,7326.0,124.360313,40268.91,40268.91,48806.563,323.808372,124.360313,159.3903,54903.061,51611.914,60149.566,11343.003,3313.717,22.569,-0.0,150.726686,26.366373,134.524188,10.163875,0.0,0.0,0.0,0.0,0.0,323.808372,48806.563,13.533319,16.895099,8890.784,955.146,11378.95,33773.658,66.201,-11343.003,-3395.335,-57.491,100,True,14.964071
JFE_STEEL_JP,JFE Steel,JP,21.95,45.3,ACCELERATED_15C,DISCLOSED_PATH,PORT-E3494C854A0D,CAND-F1788FF7DCC7F6,P2,PORT-E3494C854A0D,323.808372,35953.415,111.032999,True,True,,0.0,1.265341119704999e-05,True,True,True,True,,0.0,0.0,0.0,2,3,0.3406543999999999,0.65,1.3,P2,지연·부분헤지,False,17287.6,2029,7326.0,115.886421,37524.993,37524.993,46899.086,323.808372,115.886421,167.479266,58486.425,54231.188,63605.281,16706.195,4357.985,102.748,0.0,144.835927,28.949506,129.027638,13.141217,0.0,0.0,0.0,0.0,0.0,323.808372,46899.086,13.004405,16.234798,9276.18,955.146,12523.791,36018.517,70.231,-16706.195,-4538.258,-74.419,100,True,27.544116
JFE_STEEL_JP,JFE Steel,JP,21.95,45.3,DISCLOSED_PATH,DISCLOSED_PATH,PORT-E3494C854A0D,CAND-25BA0666383526,P1,PORT-E3494C854A0D,323.808372,39789.406,122.879484,True,False,,0.0,1.265341119704999e-05,False,False,True,True,2029,1.6549952300000008,0.07400003299999997,0.18199837200000069,2,3,0.3406543999999999,0.65,1.3,P1,지연·현물조달,False,17287.6,2029,7326.0,127.985783,41442.868,41442.868,51394.218,323.808372,127.985783,163.01577,55001.52,52785.871,62737.221,11343.003,2237.325,21.676,-0.0,158.718004,30.732221,134.828253,6.84247,0.0,0.0,0.0,0.0,0.0,323.808372,51394.218,14.250837,17.790854,8517.304,955.146,10551.054,34926.64,0.0,-11343.003,-2246.741,82.467,100,True,18.589541
JFE_STEEL_JP,JFE Steel,JP,21.95,45.3,ACCELERATED_15C,DISCLOSED_PATH,PORT-E3494C854A0D,CAND-25BA0666383526,P1,PORT-E3494C854A0D,323.808372,37395.542,115.486644,True,True,,0.0,1.265341119704999e-05,True,True,True,True,,0.0,0.0,0.0,2,3,0.3406543999999999,0.65,1.3,P1,지연·현물조달,False,17287.6,2029,7326.0,121.165487,39234.399,39234.399,50307.93,323.808372,121.165487,172.758333,58621.809,55940.594,67014.125,16706.195,2742.462,61.248,0.0,155.363277,34.19779,129.445739,8.280252,0.0,0.0,0.0,0.0,0.0,323.808372,50307.93,13.949626,17.414819,9374.13,955.146,12680.105,36044.001,0.0,-16706.195,-3041.436,-71.351,100,True,32.823182
JFE_STEEL_JP,JFE Steel,JP,21.95,45.3,DISCLOSED_PATH,DISCLOSED_PATH,PORT-0FD37D80B1EA,CAND-FA1953D51D82F3,P3,PORT-0FD37D80B1EA,330.620869,46521.877,140.710649,True,False,,0.0,1.265341119704999e-05,False,False,True,True,2029,0.0,0.07400003299999997,0.18199837200000069,3,3,0.41232239999999987,0.65,1.78,P3,균형형 라이트헤지,False,19531.6,2029,7326.0,145.839443,48217.563,48217.563,56174.893,330.620869,145.839443,180.867389,65942.394,59798.533,67755.863,11580.97,5949.102,-194.758,-0.0,169.907282,24.067838,164.422239,18.582796,0.0,0.0,0.0,0.0,0.0,330.620869,56174.893,15.576446,19.445754,9099.755,1050.519,10825.766,44712.66,257.206,-11580.97,-5856.509,-290.864,100,True,36.443201
JFE_STEEL_JP,JFE Steel,JP,21.95,45.3,ACCELERATED_15C,DISCLOSED_PATH,PORT-0FD37D80B1EA,CAND-FA1953D51D82F3,P3,PORT-0FD37D80B1EA,330.620869,43157.607,130.535035,True,True,,0.0,1.265341119704999e-05,True,True,True,True,,0.0,0.0,0.0,3,3,0.41232239999999987,0.65,1.78,P3,균형형 라이트헤지,False,19531.6,2029,7326.0,135.354365,44750.978,44750.978,53534.712,330.620869,135.354365,186.958884,70345.501,61812.509,70596.243,17061.531,8216.714,-316.278,-0.0,161.921757,26.567392,161.16336,25.808995,0.0,0.0,0.0,0.0,0.0,330.620869,53534.712,14.844363,18.531817,12106.026,1050.519,11404.207,45626.204,274.293,-17061.531,-8864.645,215.905,100,True,47.01206
JFE_STEEL_JP,JFE Steel,JP,21.95,45.3,DISCLOSED_PATH,DISCLOSED_PATH,PORT-0FD37D80B1EA,CAND-1D1CB9506368C0,P2,PORT-0FD37D80B1EA,330.620869,48266.007,145.985968,True,False,,0.0,1.265341119704999e-05,False,False,True,True,2029,0.0,0.07400003299999997,0.18199837200000069,3,3,0.41232239999999987,0.65,1.78,P2,지연·부분헤지,False,19531.6,2029,7326.0,152.476145,50411.796,50411.796,60442.679,330.620869,152.476145,187.504091,66192.864,61992.766,72023.649,11580.97,3989.015,-211.083,-0.0,182.81568,30.339535,165.179814,12.703668,0.0,0.0,0.0,0.0,0.0,330.620869,60442.679,16.759838,20.92311,8952.513,1050.519,10944.469,45129.364,77.512,-11580.97,-3789.423,-372.189,100,True,43.079903
JFE_STEEL_JP,JFE Steel,JP,21.95,45.3,ACCELERATED_15C,DISCLOSED_PATH,PORT-0FD37D80B1EA,CAND-1D1CB9506368C0,P2,PORT-0FD37D80B1EA,330.620869,45861.619,138.713623,True,True,,0.0,1.265341119704999e-05,True,True,True,True,,0.0,0.0,0.0,3,3,0.41232239999999987,0.65,1.78,P2,지연·부분헤지,False,19531.6,2029,7326.0,144.930372,47917.006,47917.006,59254.604,330.620869,144.930372,196.534891,70583.244,64978.536,76316.135,17061.531,5295.273,-309.435,-0.0,179.222214,34.291842,161.88244,16.952068,0.0,0.0,0.0,0.0,0.0,330.620869,59254.604,16.430403,20.51184,8725.975,1050.519,10992.15,49541.713,82.385,-17061.531,-5043.78,-370.427,100,True,56.588067
JFE_STEEL_JP,JFE Steel,JP,21.95,45.3,DISCLOSED_PATH,DISCLOSED_PATH,PORT-0FD37D80B1EA,CAND-D31DAEDCB107AF,P1,PORT-0FD37D80B1EA,330.620869,49463.555,149.608084,True,False,,0.0,1.265341119704999e-05,False,False,True,True,2029,0.0,0.07400003299999997,0.18199837200000069,3,3,0.41232239999999987,0.65,1.78,P1,지연·현물조달,False,19531.6,2029,7326.0,157.136516,51952.612,51952.612,63612.945,330.620869,157.136516,192.164462,66395.544,63533.581,75193.915,11580.97,2631.965,-229.998,0.0,192.404507,35.267991,165.792845,8.656329,0.0,0.0,0.0,0.0,0.0,330.620869,63612.945,17.638905,22.020543,8854.351,1050.519,11063.172,45407.166,0.0,-11580.97,-2392.477,-449.151,100,True,47.740274
JFE_STEEL_JP,JFE Steel,JP,21.95,45.3,ACCELERATED_15C,DISCLOSED_PATH,PORT-0FD37D80B1EA,CAND-D31DAEDCB107AF,P1,PORT-0FD37D80B1EA,330.620869,47698.388,144.269139,True,True,,0.0,1.265341119704999e-05,True,True,True,True,,0.0,0.0,0.0,3,3,0.41232239999999987,0.65,1.78,P1,지연·현물조달,False,19531.6,2029,7326.0,151.581615,50116.045,50116.045,63479.36,330.620869,151.581615,203.186134,70780.237,67177.576,80540.891,17061.531,3259.433,-343.228,-0.0,192.000462,40.418847,162.478269,10.896653,0.0,0.0,0.0,0.0,0.0,330.620869,63479.36,17.601863,21.974301,8599.497,1050.519,10933.157,49944.118,0.0,-17061.531,-2898.485,-451.23,100,True,63.23931
JFE_STEEL_JP,JFE Steel,JP,21.95,45.3,DISCLOSED_PATH,DISCLOSED_PATH,PORT-7C1FC602A00B,CAND-B38C1D7FD5CCAE,P3,PORT-7C1FC602A00B,341.808365,62575.093,183.070688,True,False,,0.0,1.265341119704999e-05,False,False,True,True,2029,0.0,0.07400003299999997,0.0,2,3,0.41232239999999987,0.65,1.78,P3,균형형 라이트헤지,False,20952.8,2033,9930.8,188.041391,64274.12,64274.12,74226.715,341.808365,188.041391,223.078188,83659.983,76249.991,86202.586,11975.871,7600.274,190.282,-0.0,217.158861,29.11747,209.720183,21.678792,0.0,0.0,0.0,0.0,0.0,341.808365,74226.715,20.581942,25.694654,10961.064,1229.487,9822.028,61352.952,325.324,-11975.871,-7601.171,160.307,100,True,78.645149
JFE_STEEL_JP,JFE Steel,JP,21.95,45.3,ACCELERATED_15C,DISCLOSED_PATH,PORT-7C1FC602A00B,CAND-B38C1D7FD5CCAE,P3,PORT-7C1FC602A00B,341.808365,59582.638,174.315915,True,True,,0.0,1.265341119704999e-05,True,True,True,True,,0.0,0.0,0.0,2,3,0.41232239999999987,0.65,1.78,P3,균형형 라이트헤지,False,20952.8,2033,9930.8,179.092552,61215.332,61215.332,71941.763,341.808365,179.092552,230.715684,89418.484,78860.551,89586.981,17645.218,10686.306,128.373,0.0,210.473968,31.381416,209.98101,30.888458,0.0,0.0,0.0,0.0,0.0,341.808365,71941.763,19.948359,24.903684,10961.064,1229.487,10813.228,65966.261,347.381,-17645.218,-10685.846,228.976,100,True,90.750247
JFE_STEEL_JP,JFE Steel,JP,21.95,45.3,DISCLOSED_PATH,DISCLOSED_PATH,PORT-7C1FC602A00B,CAND-3DE74006E308F9,P2,PORT-7C1FC602A00B,341.808365,65023.006,190.232343,True,False,,0.0,1.265341119704999e-05,False,False,True,True,2029,0.0,0.07400003299999997,0.0,2,3,0.41232239999999987,0.65,1.78,P2,지연·부분헤지,False,20952.8,2033,9930.8,196.518693,67171.733,67171.733,79689.234,341.808365,196.518693,231.555491,83766.862,79147.604,91665.105,11975.871,4855.626,236.368,0.0,233.140094,36.621401,210.032869,13.514175,0.0,0.0,0.0,0.0,0.0,341.808365,79689.234,22.096616,27.585584,10979.581,1229.487,9835.467,61661.782,96.209,-11975.871,-4863.524,208.602,100,True,87.122451
JFE_STEEL_JP,JFE Steel,JP,21.95,45.3,ACCELERATED_15C,DISCLOSED_PATH,PORT-7C1FC602A00B,CAND-3DE74006E308F9,P2,PORT-7C1FC602A00B,341.808365,63393.476,185.464964,True,True,,0.0,1.265341119704999e-05,True,True,True,True,,0.0,0.0,0.0,2,3,0.41232239999999987,0.65,1.78,P2,지연·부분헤지,False,20952.8,2033,9930.8,191.688687,65520.797,65520.797,79316.885,341.808365,191.688687,243.311818,89492.308,83166.015,96962.103,17645.218,6558.346,232.053,-0.0,232.050742,40.362055,210.19699,18.508303,0.0,0.0,0.0,0.0,0.0,341.808365,79316.885,21.993369,27.456689,10979.581,1229.487,10824.322,66261.922,102.392,-17645.218,-6543.032,311.344,100,True,103.346382
JFE_STEEL_JP,JFE Steel,JP,21.95,45.3,DISCLOSED_PATH,DISCLOSED_PATH,PORT-7C1FC602A00B,CAND-11566829CB83FF,P1,PORT-7C1FC602A00B,341.808365,66701.442,195.142802,True,False,,0.0,1.265341119704999e-05,False,False,True,True,2029,0.0,0.07400003299999997,0.0,2,3,0.41232239999999987,0.65,1.78,P1,지연·현물조달,False,20952.8,2033,9930.8,202.39245,69179.433,69179.433,83641.839,341.808365,202.39245,237.429248,83897.026,81155.303,95617.71,11975.871,3004.029,262.305,0.0,244.703897,42.311447,210.413679,8.021229,0.0,0.0,0.0,0.0,0.0,341.808365,83641.839,23.192613,28.953835,10991.925,1229.487,9848.907,61867.668,0.0,-11975.871,-3031.419,248.735,100,True,92.996208
JFE_STEEL_JP,JFE Steel,JP,21.95,45.3,ACCELERATED_15C,DISCLOSED_PATH,PORT-7C1FC602A00B,CAND-11566829CB83FF,P1,PORT-7C1FC602A00B,341.808365,65979.02,193.029272,True,True,,0.0,1.265341119704999e-05,True,True,True,True,,0.0,0.0,0.0,2,3,0.41232239999999987,0.65,1.78,P1,지연·현물조달,False,20952.8,2033,9930.8,200.334137,68475.884,68475.884,84637.659,341.808365,200.334137,251.957268,89622.074,86121.102,102282.877,17645.218,3740.246,239.274,-0.0,247.617284,47.283148,210.576635,10.242499,0.0,0.0,0.0,0.0,0.0,341.808365,84637.659,23.468739,29.298553,10991.925,1229.487,10835.416,66459.03,0.0,-17645.218,-3773.052,378.296,100,True,111.991832
JFE_STEEL_JP,JFE Steel,JP,21.95,45.3,DISCLOSED_PATH,DISCLOSED_PATH,PORT-04FFFE8075F6,CAND-12D758CC621EDD,P3,PORT-04FFFE8075F6,348.620862,71622.763,205.446003,True,False,,0.0,1.265341119704999e-05,False,False,True,True,2029,0.0,0.07400003299999997,0.0,3,3,0.47620039999999997,0.65,2.2600000000000002,P3,균형형 라이트헤지,False,23196.8,2033,9930.8,209.943947,73190.84,73190.84,86016.469,348.620862,209.943947,244.978676,94049.126,85404.677,98230.306,12213.837,8679.388,34.938,0.0,246.733567,36.78962,234.74008,24.796133,0.0,0.0,0.0,0.0,0.0,348.620862,86016.469,23.851062,29.775848,14973.794,1324.86,9534.786,68307.005,365.252,-12213.837,-9252.123,151.104,100,True,100.547705
JFE_STEEL_JP,JFE Steel,JP,21.95,45.3,ACCELERATED_15C,DISCLOSED_PATH,PORT-04FFFE8075F6,CAND-12D758CC621EDD,P3,PORT-04FFFE8075F6,348.620862,68907.876,197.658498,True,True,,0.0,1.265341119704999e-05,True,True,True,True,,0.0,0.0,0.0,3,3,0.47620039999999997,0.65,2.2600000000000002,P3,균형형 라이트헤지,False,23196.8,2033,9930.8,202.270228,70515.621,70515.621,84160.824,348.620862,202.270228,253.903838,100852.099,88516.175,102161.378,18000.554,12253.902,-82.022,0.0,241.410752,39.140523,237.655155,35.384927,0.0,0.0,0.0,0.0,0.0,348.620862,84160.824,23.33652,29.133489,14973.794,1324.86,10522.679,74096.852,390.507,-18000.554,-12946.516,154.0,100,True,113.927923
JFE_STEEL_JP,JFE Steel,JP,21.95,45.3,DISCLOSED_PATH,DISCLOSED_PATH,PORT-04FFFE8075F6,CAND-2384C3F783562D,P2,PORT-04FFFE8075F6,348.620862,74442.767,213.535032,True,False,,0.0,1.265341119704999e-05,False,False,True,True,2029,0.0,0.07400003299999997,0.0,3,3,0.47620039999999997,0.65,2.2600000000000002,P2,지연·부분헤지,False,23196.8,2033,9930.8,219.108058,76385.64,76385.64,92569.148,348.620862,219.108058,254.142787,94088.702,88599.478,104782.985,12213.837,5555.04,65.816,0.0,265.52957,46.421511,234.853599,15.745541,0.0,0.0,0.0,0.0,0.0,348.620862,92569.148,25.66802,32.044152,12568.129,1324.86,9688.967,70736.489,107.521,-12213.837,-5610.799,-215.689,100,True,109.711816
JFE_STEEL_JP,JFE Steel,JP,21.95,45.3,ACCELERATED_15C,DISCLOSED_PATH,PORT-04FFFE8075F6,CAND-2384C3F783562D,P2,PORT-04FFFE8075F6,348.620862,73301.68,210.261885,True,True,,0.0,1.265341119704999e-05,True,True,True,True,,0.0,0.0,0.0,3,3,0.47620039999999997,0.65,2.2600000000000002,P2,지연·부분헤지,False,23196.8,2033,9930.8,216.148324,75353.815,75353.815,93000.957,348.620862,216.148324,267.781935,100921.192,93354.369,111001.511,18000.554,7471.586,-95.237,0.0,266.768192,50.619868,237.853345,21.705021,0.0,0.0,0.0,0.0,0.0,348.620862,93000.957,25.787754,32.19363,12152.925,1324.86,10667.652,76323.116,114.546,-18000.554,-7428.182,199.453,100,True,127.806019
JFE_STEEL_JP,JFE Steel,JP,21.95,45.3,DISCLOSED_PATH,DISCLOSED_PATH,PORT-04FFFE8075F6,CAND-65F7157232C73A,P1,PORT-04FFFE8075F6,348.620862,76375.591,219.079233,True,False,,0.0,1.265341119704999e-05,False,False,True,True,2029,0.0,0.07400003299999997,0.0,3,3,0.47620039999999997,0.65,2.2600000000000002,P1,지연·현물조달,False,23196.8,2033,9930.8,225.456905,78598.981,78598.981,97279.265,348.620862,225.456905,260.491634,94212.737,90812.818,109493.103,12213.837,3380.979,-18.94,-0.0,279.040286,53.583381,235.209387,9.752482,0.0,0.0,0.0,0.0,0.0,348.620862,97279.265,26.974064,33.674628,12623.39,1324.86,9725.614,70924.259,0.0,-12213.837,-3529.091,-256.214,100,True,116.060663
JFE_STEEL_JP,JFE Steel,JP,21.95,45.3,ACCELERATED_15C,DISCLOSED_PATH,PORT-04FFFE8075F6,CAND-65F7157232C73A,P1,PORT-04FFFE8075F6,348.620862,76281.866,218.810388,True,True,,0.0,1.265341119704999e-05,True,True,True,True,,0.0,0.0,0.0,3,3,0.47620039999999997,0.65,2.2600000000000002,P1,지연·현물조달,False,23196.8,2033,9930.8,225.677865,78676.012,78676.012,99350.949,348.620862,225.677865,277.311475,101071.952,96676.566,117351.503,18000.554,4226.874,-168.512,-0.0,284.9828,59.304935,238.285791,12.607926,0.0,0.0,0.0,0.0,0.0,348.620862,99350.949,27.548511,34.391771,12156.285,1324.86,10706.081,76512.477,0.0,-18000.554,-4248.206,225.069,100,True,137.33556
JFE_STEEL_JP,JFE Steel,JP,21.95,45.3,DISCLOSED_PATH,DISCLOSED_PATH,PORT-48EB0158352D,CAND-0C103CAC9E9685,P1,PORT-48EB0158352D,209.90085,39796.76,189.597896,False,False,2030,3.1659880174124027,-3.1659880174124027,True,True,True,True,,0.0,0.0,0.0,3,3,0.3867712,0.65,1.62,P1,지연·현물조달,False,17905.8,2033,9930.8,196.366885,41217.576,41217.576,51555.991,209.90085,196.366885,231.452538,50845.739,48582.085,58920.499,7364.508,2128.111,-135.543,0.0,245.620686,49.253801,207.151282,10.784397,0.0,0.0,0.0,0.0,0.0,209.90085,51555.991,14.295694,17.846854,9145.998,725.944,4973.295,35784.254,0.0,-7364.508,-2466.033,418.628,100,True,86.970643
JFE_STEEL_JP,JFE Steel,JP,21.95,45.3,ACCELERATED_15C,DISCLOSED_PATH,PORT-48EB0158352D,CAND-0C103CAC9E9685,P1,PORT-48EB0158352D,209.90085,39441.617,187.905941,False,False,2030,8.975988017412405,-8.975988017412405,True,True,True,True,,0.0,0.0,0.0,3,3,0.3867712,0.65,1.62,P1,지연·현물조달,False,17905.8,2033,9930.8,195.071068,40945.583,40945.583,52572.385,209.90085,195.071068,247.137367,54751.998,51874.344,63501.146,10928.761,2660.687,-216.968,-0.0,250.462946,55.391878,208.780658,13.70959,0.0,0.0,0.0,0.0,0.0,209.90085,52572.385,14.577525,18.198693,5160.22,725.944,5963.328,41272.705,0.0,-10928.761,-1709.668,461.814,100,True,106.728763
JFE_STEEL_JP,JFE Steel,JP,21.95,45.3,DISCLOSED_PATH,DISCLOSED_PATH,PORT-4FBC33F20EEF,CAND-156DBD688B285D,P2,PORT-4FBC33F20EEF,191.900857,12636.257,65.847842,False,False,2030,3.1659880174124027,-3.1659880174124027,True,True,True,True,,0.0,0.0,0.0,3,3,0.3119871999999999,0.65,1.1400000000000001,P2,지연·부분헤지,False,14240.6,2033,6265.6,70.302124,13491.038,13491.038,17102.575,191.900857,70.302124,105.380867,21881.541,20222.679,23834.216,6731.641,1657.415,-1.448,0.0,89.121931,18.819808,78.946495,8.644371,0.0,0.0,0.0,0.0,0.0,191.900857,17102.575,4.742285,5.920304,5562.329,451.604,6209.777,9827.838,28.897,-6731.641,-1703.566,-154.2,100,True,-39.094118
JFE_STEEL_JP,JFE Steel,JP,21.95,45.3,ACCELERATED_15C,DISCLOSED_PATH,PORT-4FBC33F20EEF,CAND-156DBD688B285D,P2,PORT-4FBC33F20EEF,191.900857,10479.776,54.610365,False,False,2030,8.975988017412405,-8.975988017412405,True,True,True,True,,0.0,0.0,0.0,3,3,0.3119871999999999,0.65,1.1400000000000001,P2,지연·부분헤지,False,14240.6,2033,6265.6,59.431761,11405.006,11405.006,15343.251,191.900857,59.431761,111.488525,23547.729,21394.744,25332.989,9989.738,2113.091,-39.895,-0.0,79.954053,20.522292,70.651022,11.219261,0.0,0.0,0.0,0.0,0.0,191.900857,15343.251,4.254451,5.311289,5714.572,451.604,6488.73,11104.416,30.76,-9989.738,-2228.104,-167.235,100,True,-28.910544
JFE_STEEL_JP,JFE Steel,JP,21.95,45.3,DISCLOSED_PATH,DISCLOSED_PATH,PORT-408F044D6828,CAND-27DEF6B976065D,P3,PORT-408F044D6828,302.295879,61544.198,203.589273,True,False,,0.0,1.265341119704999e-05,False,False,True,True,2029,0.0,0.07400003299999997,0.0,2,3,0.3867712,0.65,1.62,P3,균형형 라이트헤지,False,18906.8,2033,9930.8,208.947511,63163.972,63163.972,72917.055,302.295879,208.947511,243.998147,81006.576,73759.634,83512.717,10595.663,7228.748,-18.194,0.0,241.210879,32.263367,232.920519,23.973008,0.0,0.0,0.0,0.0,0.0,302.295879,72917.055,20.218793,25.241296,9764.823,1161.363,8414.732,61398.183,312.483,-10595.663,-7256.804,-35.145,100,True,99.551269
JFE_STEEL_JP,JFE Steel,JP,21.95,45.3,ACCELERATED_15C,DISCLOSED_PATH,PORT-408F044D6828,CAND-27DEF6B976065D,P3,PORT-408F044D6828,302.295879,59110.425,195.53831,False,False,2040,3.584995639999999,-3.584995639999999,True,True,True,True,,0.0,0.0,0.0,2,3,0.3867712,0.65,1.62,P3,균형형 라이트헤지,False,18906.8,2033,9930.8,200.915665,60735.978,60735.978,70915.87,302.295879,200.915665,252.468707,86588.845,76320.25,86500.142,15584.272,10263.065,-5.53,0.0,234.590926,33.675261,234.884356,33.968691,0.0,0.0,0.0,0.0,0.0,302.295879,70915.87,19.663895,24.548557,9764.823,1161.363,9269.989,66272.515,333.709,-15584.272,-10313.808,-168.342,100,True,112.57336
JFE_STEEL_JP,JFE Steel,JP,21.95,45.3,DISCLOSED_PATH,DISCLOSED_PATH,PORT-844170813924,CAND-2AFD85912C485D,P5,PORT-844170813924,381.425854,64412.851,168.873846,True,False,,0.0,1.265341119704999e-05,False,False,True,True,2028,0.0,0.174000033,0.33399759199999934,2,3,0.41232239999999987,0.65,1.78,P5,조기 계약형 전환,False,20952.8,2032,9930.8,170.865658,65172.579,65172.579,69730.308,381.425854,170.865658,205.84144,94176.993,78513.247,83070.975,13340.667,15692.362,28.616,-0.0,182.814843,11.949185,211.931951,41.066293,0.0,0.0,0.0,0.0,0.0,381.425854,69730.308,19.335156,24.138157,11210.479,1401.633,11348.361,68451.212,1482.615,-13340.667,-15590.187,209.133,100,True,61.469416
JFE_STEEL_JP,JFE Steel,JP,21.95,45.3,ACCELERATED_15C,DISCLOSED_PATH,PORT-844170813924,CAND-2AFD85912C485D,P5,PORT-844170813924,381.425854,57321.593,150.282399,True,False,,0.0,1.265341119704999e-05,False,False,True,True,2028,0.0,0.02400003300000003,0.0,2,3,0.41232239999999987,0.65,1.78,P5,조기 계약형 전환,False,20952.8,2032,9930.8,152.258575,58075.357,58075.357,62576.814,381.425854,152.258575,203.575589,100537.394,77648.993,82150.45,19573.636,22905.877,17.475,0.0,164.060231,11.801656,212.266048,60.007472,0.0,0.0,0.0,0.0,0.0,381.425854,62576.814,17.351601,21.661871,11591.591,1401.633,12363.868,73850.287,1584.13,-19573.636,-22987.736,-154.781,100,True,63.91627
JFE_STEEL_JP,JFE Steel,JP,21.95,45.3,DISCLOSED_PATH,DISCLOSED_PATH,PORT-9D97003767D5,CAND-2DF8CF21E8720D,P1,PORT-9D97003767D5,263.895884,5191.453,19.672352,True,False,,0.0,1.265341119704999e-05,False,False,True,True,2033,4.44999748,0.0,0.8619984320000018,2,3,0.22808320000000004,0.65,0.66,P1,지연·현물조달,False,12474.0,2033,6265.6,20.547725,5422.46,5422.46,8200.718,263.895884,20.547725,55.598134,15972.105,14672.119,17450.376,9249.659,1238.648,-61.339,-0.0,31.07558,10.527855,25.47386,4.926135,0.0,0.0,0.0,0.0,0.0,263.895884,8200.718,2.273935,2.838797,4772.027,537.655,10496.07,0.0,0.0,-9249.659,-1145.143,11.51,100,True,-88.848517
JFE_STEEL_JP,JFE Steel,JP,21.95,45.3,ACCELERATED_15C,DISCLOSED_PATH,PORT-9D97003767D5,CAND-2DF8CF21E8720D,P1,PORT-9D97003767D5,263.895884,1583.131,5.999076,False,False,2040,7.534994939999997,-7.534994939999997,False,False,True,True,2033,1.249997480000001,0.0,0.0,2,3,0.22808320000000004,0.65,0.66,P1,지연·현물조달,False,12474.0,2033,6265.6,7.019717,1852.474,1852.474,4857.175,263.895884,7.019717,58.575199,16957.973,15457.754,18462.455,13605.28,1487.375,-12.844,-0.0,18.405649,11.385932,12.704607,5.68489,0.0,0.0,0.0,0.0,0.0,263.895884,4857.175,1.346821,1.681382,4289.635,537.655,11863.343,0.0,0.0,-13605.28,-1228.66,-4.219,100,True,-81.322588
JFE_STEEL_JP,JFE Steel,JP,21.95,45.3,DISCLOSED_PATH,DISCLOSED_PATH,PORT-4FBC33F20EEF,CAND-3785968E4E1C91,P1,PORT-4FBC33F20EEF,191.900857,12884.723,67.142604,False,False,2030,3.1659880174124027,-3.1659880174124027,True,True,True,True,,0.0,0.0,0.0,3,3,0.3119871999999999,0.65,1.1400000000000001,P1,지연·현물조달,False,14240.6,2033,6265.6,72.325248,13879.277,13879.277,18090.138,191.900857,72.325248,107.403991,21957.256,20610.918,24821.779,6731.641,1368.192,21.854,-0.0,94.268147,21.942899,79.341048,7.0158,0.0,0.0,0.0,0.0,0.0,191.900857,18090.138,5.016121,6.262164,5574.268,451.604,6279.077,9893.403,0.0,-6731.641,-1403.405,-184.028,100,True,-37.070994
JFE_STEEL_JP,JFE Steel,JP,21.95,45.3,ACCELERATED_15C,DISCLOSED_PATH,PORT-4FBC33F20EEF,CAND-3785968E4E1C91,P1,PORT-4FBC33F20EEF,191.900857,10858.139,56.582024,False,False,2030,8.975988017412405,-8.975988017412405,True,True,True,True,,0.0,0.0,0.0,3,3,0.3119871999999999,0.65,1.1400000000000001,P1,지연·현물조달,False,14240.6,2033,6265.6,62.205546,11937.298,11937.298,16571.923,191.900857,62.205546,114.26231,23637.106,21927.035,26561.66,9989.738,1678.548,-31.523,-0.0,86.356689,24.151144,71.116766,8.911221,0.0,0.0,0.0,0.0,0.0,191.900857,16571.923,4.595143,5.736611,5745.541,451.604,6493.16,11212.584,0.0,-9989.738,-1780.392,-195.462,100,True,-26.136759
JFE_STEEL_JP,JFE Steel,JP,21.95,45.3,DISCLOSED_PATH,DISCLOSED_PATH,PORT-29DB1A43C5DD,CAND-3BDAECB8DA1A89,P4,PORT-29DB1A43C5DD,239.320837,41865.782,174.935799,False,False,2030,3.1659880174124027,-3.1659880174124027,True,True,True,True,,0.0,0.0,0.0,3,3,0.3867712,0.65,1.62,P4,균형형 전환,False,17905.8,2032,9930.8,177.380137,42450.763,42450.763,48246.728,239.320837,177.380137,212.484495,58109.969,50851.967,56647.933,8401.204,7328.602,70.6,0.0,201.598527,24.218391,207.707633,30.327496,0.0,0.0,0.0,0.0,0.0,239.320837,48246.728,13.378086,16.701304,7837.963,850.934,5994.021,42900.649,518.955,-8401.204,-7201.534,-49.021,100,True,67.983895
JFE_STEEL_JP,JFE Steel,JP,21.95,45.3,ACCELERATED_15C,DISCLOSED_PATH,PORT-29DB1A43C5DD,CAND-3BDAECB8DA1A89,P4,PORT-29DB1A43C5DD,239.320837,38962.103,162.802803,False,False,2030,8.975988017412405,-8.975988017412405,True,True,True,True,,0.0,0.0,0.0,3,3,0.3867712,0.65,1.62,P4,균형형 전환,False,17905.8,2032,9930.8,165.42203,39588.939,39588.939,45489.424,239.320837,165.42203,217.363102,62468.763,52019.52,57920.005,12430.581,10483.295,34.052,0.0,190.077157,24.655128,209.084101,43.662071,0.0,0.0,0.0,0.0,0.0,239.320837,45489.424,12.613527,15.746824,8349.665,850.934,6632.104,46044.567,557.6,-12430.581,-10483.21,67.86,100,True,77.079725
JFE_STEEL_JP,JFE Steel,JP,21.95,45.3,DISCLOSED_PATH,DISCLOSED_PATH,PORT-48EB0158352D,CAND-44218B07FC843F,P2,PORT-48EB0158352D,209.90085,38813.017,184.911193,False,False,2030,3.1659880174124027,-3.1659880174124027,True,True,True,True,,0.0,0.0,0.0,3,3,0.3867712,0.65,1.62,P2,지연·부분헤지,False,17905.8,2033,9930.8,190.850722,40059.729,40059.729,48976.964,209.90085,190.850722,225.936375,50734.357,47424.237,56341.473,7364.508,3208.102,-102.018,-0.0,233.333807,42.483085,206.620644,15.769922,0.0,0.0,0.0,0.0,0.0,209.90085,48976.964,13.580569,16.954086,9002.56,725.944,4981.284,35771.345,58.905,-7364.508,-3470.646,354.844,100,True,81.45448
JFE_STEEL_JP,JFE Steel,JP,21.95,45.3,ACCELERATED_15C,DISCLOSED_PATH,PORT-48EB0158352D,CAND-44218B07FC843F,P2,PORT-48EB0158352D,209.90085,37919.837,180.655948,False,False,2030,8.975988017412405,-8.975988017412405,True,True,True,True,,0.0,0.0,0.0,3,3,0.3867712,0.65,1.62,P2,지연·부분헤지,False,17905.8,2033,9930.8,186.666776,39181.515,39181.515,49082.852,209.90085,186.666776,238.733076,54625.175,50110.276,60011.613,10928.761,4315.939,-198.961,0.0,233.838272,47.171495,208.176453,21.509677,0.0,0.0,0.0,0.0,0.0,209.90085,49082.852,13.60993,16.990741,9002.56,725.944,5549.536,38965.005,62.92,-10928.761,-4622.21,426.52,100,True,98.324471
JFE_STEEL_JP,JFE Steel,JP,21.95,45.3,DISCLOSED_PATH,DISCLOSED_PATH,PORT-3776FB32D8CF,CAND-4D77DB7422B451,P2,PORT-3776FB32D8CF,284.295886,37820.744,133.033032,True,False,,0.0,1.265341119704999e-05,False,False,True,True,2029,0.0,0.07400003299999997,0.18199837200000069,2,3,0.3119871999999999,0.65,1.1400000000000001,P2,지연·부분헤지,False,15241.6,2029,7326.0,136.9085,38922.523,38922.523,47055.031,284.295886,136.9085,171.952254,51906.791,48885.319,57017.826,9962.795,2988.503,-32.969,-0.0,165.514286,28.605786,147.536414,10.627914,0.0,0.0,0.0,0.0,0.0,284.295886,47055.031,13.047646,16.288781,7993.928,887.022,9578.407,33595.452,61.637,-9962.795,-3104.639,-126.488,100,True,27.512258
JFE_STEEL_JP,JFE Steel,JP,21.95,45.3,ACCELERATED_15C,DISCLOSED_PATH,PORT-3776FB32D8CF,CAND-4D77DB7422B451,P2,PORT-3776FB32D8CF,284.295886,35488.747,124.830323,False,False,2040,5.83499479,-5.83499479,True,True,True,True,,0.0,0.0,0.0,2,3,0.3119871999999999,0.65,1.1400000000000001,P2,지연·부분헤지,False,15241.6,2029,7326.0,129.147864,36716.206,36716.206,45523.54,284.295886,129.147864,180.661972,55305.145,51361.456,60168.789,14645.249,3969.959,26.269,0.0,160.127325,30.979461,143.019643,13.871779,0.0,0.0,0.0,0.0,0.0,284.295886,45523.54,12.622987,15.758633,7993.928,887.022,10558.058,36018.517,65.39,-14645.249,-4089.095,-72.365,100,True,40.805559
JFE_STEEL_JP,JFE Steel,JP,21.95,45.3,DISCLOSED_PATH,DISCLOSED_PATH,PORT-33091F63E785,CAND-53E6B469D62558,P1,PORT-33091F63E785,303.40837,6214.172,20.481216,True,False,,0.0,1.265341119704999e-05,False,False,True,True,2033,6.754995679999997,0.0,0.8619984320000018,2,3,0.2602464,0.65,0.82,P1,지연·현물조달,False,14520.0,2033,6265.6,21.659745,6571.748,6571.748,9804.033,303.40837,21.659745,56.694594,18906.021,17201.614,20433.899,10629.866,1556.715,-147.691,0.0,32.312994,10.653249,27.277277,5.617532,0.0,0.0,0.0,0.0,0.0,303.40837,9804.033,2.71851,3.393808,6855.044,605.779,11545.224,0.0,0.0,-10629.866,-1708.541,-95.891,100,True,-87.736497
JFE_STEEL_JP,JFE Steel,JP,21.95,45.3,ACCELERATED_15C,DISCLOSED_PATH,PORT-33091F63E785,CAND-53E6B469D62558,P1,PORT-33091F63E785,303.40837,2043.749,6.735967,True,False,,0.0,1.265341119704999e-05,False,False,True,True,2033,2.754995679999997,0.0,0.0,2,3,0.2602464,0.65,0.82,P1,지연·현물조달,False,14520.0,2033,6265.6,7.927843,2405.374,2405.374,5965.104,303.40837,7.927843,59.561968,20007.393,18071.6,21631.329,15666.226,1869.1,-66.694,-0.0,19.660314,11.732471,14.308002,6.380159,0.0,0.0,0.0,0.0,0.0,303.40837,5965.104,1.654033,2.064907,6272.831,605.779,13030.365,0.0,0.0,-15666.226,-1877.52,40.146,100,True,-80.414462
JFE_STEEL_JP,JFE Steel,JP,21.95,45.3,DISCLOSED_PATH,DISCLOSED_PATH,PORT-29DB1A43C5DD,CAND-56A2BE8D3222E8,P5,PORT-29DB1A43C5DD,239.320837,39714.2,165.945435,False,False,2030,3.1659880174124027,-3.1659880174124027,True,True,True,True,,0.0,0.0,0.0,3,3,0.3867712,0.65,1.62,P5,조기 계약형 전환,False,17905.8,2032,9930.8,167.356519,40051.902,40051.902,43433.711,239.320837,167.356519,202.460877,58290.256,48453.107,51834.915,8401.204,9830.161,-6.989,0.0,181.487375,14.130856,208.46096,41.104442,0.0,0.0,0.0,0.0,0.0,239.320837,43433.711,12.043509,15.035209,7972.701,850.934,5952.479,42540.114,918.767,-8401.204,-9782.095,0.206,100,True,57.960277
JFE_STEEL_JP,JFE Steel,JP,21.95,45.3,ACCELERATED_15C,DISCLOSED_PATH,PORT-29DB1A43C5DD,CAND-56A2BE8D3222E8,P5,PORT-29DB1A43C5DD,239.320837,35510.293,148.379443,False,False,2030,8.975988017412405,-8.975988017412405,True,True,True,True,,0.0,0.0,0.0,3,3,0.3867712,0.65,1.62,P5,조기 계약형 전환,False,17905.8,2032,9930.8,149.836353,35858.961,35858.961,39153.912,239.320837,149.836353,201.777425,62631.948,48289.542,51584.493,12430.581,14347.663,5.258,0.0,163.604276,13.767923,209.765966,59.929613,0.0,0.0,0.0,0.0,0.0,239.320837,39153.912,10.856786,13.553694,8765.117,850.934,6562.214,45492.441,988.191,-12430.581,-14370.867,1.512,100,True,61.494048
JFE_STEEL_JP,JFE Steel,JP,21.95,45.3,DISCLOSED_PATH,DISCLOSED_PATH,PORT-BFE68456F5A9,CAND-5B53A6D662B077,P2,PORT-BFE68456F5A9,87.500896,10216.715,116.761265,False,False,2030,11.118342749412001,-11.118342749412001,True,True,True,True,,0.0,0.0,0.0,3,3,0.28207360000000015,0.65,0.9799999999999999,P2,지연·부분헤지,False,10898.8,2036,5940.0,124.132524,10861.707,10861.707,13519.44,87.500896,124.132524,159.115129,14937.805,13922.716,16580.449,3061.009,1001.522,-13.567,-0.0,154.506304,30.373781,135.733419,11.600895,0.0,0.0,0.0,0.0,0.0,87.500896,13519.44,3.748736,4.67995,3901.263,255.646,1511.153,9398.424,18.02,-3061.009,-1164.067,2.276,100,True,14.736282
JFE_STEEL_JP,JFE Steel,JP,21.95,45.3,ACCELERATED_15C,DISCLOSED_PATH,PORT-BFE68456F5A9,CAND-5B53A6D662B077,P2,PORT-BFE68456F5A9,87.500896,9480.135,108.343288,False,False,2030,21.618342749412,-21.618342749412,True,True,True,True,,0.0,0.0,0.0,3,3,0.28207360000000015,0.65,0.9799999999999999,P2,지연·부분헤지,False,10898.8,2036,5940.0,115.900073,10141.36,10141.36,13117.533,87.500896,115.900073,167.824171,16103.844,14684.765,17660.938,4543.405,1331.454,-87.625,-0.0,149.913122,34.013049,132.117952,16.217879,0.0,0.0,0.0,0.0,0.0,87.500896,13117.533,3.637293,4.540824,4069.898,255.646,1634.441,10202.653,19.173,-4543.405,-1548.393,51.347,100,True,27.557768
JFE_STEEL_JP,JFE Steel,JP,21.95,45.3,DISCLOSED_PATH,DISCLOSED_PATH,PORT-6E49C004BA31,CAND-6740F2BE1999AB,P2,PORT-6E49C004BA31,163.575867,28367.753,173.422604,False,False,2030,4.8049966600000005,-4.8049966600000005,True,True,True,True,,0.0,0.0,0.0,2,3,0.28207360000000015,0.65,0.9799999999999999,P2,지연·부분헤지,False,13615.8,2033,9930.8,177.413609,29020.585,29020.585,36316.931,163.575867,177.413609,212.543081,37026.467,34766.919,42063.265,5746.334,2196.51,-63.038,-0.0,222.018882,44.605273,191.227068,13.813458,0.0,0.0,0.0,0.0,0.0,163.575867,36316.931,10.070134,12.571632,5961.553,562.447,3823.426,26702.14,43.03,-5746.334,-2306.897,-18.781,100,True,68.017367
JFE_STEEL_JP,JFE Steel,JP,21.95,45.3,ACCELERATED_15C,DISCLOSED_PATH,PORT-6E49C004BA31,CAND-6740F2BE1999AB,P2,PORT-6E49C004BA31,163.575867,27546.966,168.404829,False,False,2030,15.14499666,-15.14499666,True,True,True,True,,0.0,0.0,0.0,2,3,0.28207360000000015,0.65,0.9799999999999999,P2,지연·부분헤지,False,13615.8,2033,9930.8,172.58286,28230.391,28230.391,36033.534,163.575867,172.58286,224.622803,39701.246,36742.87,44546.013,8512.479,2947.863,-10.514,0.0,220.28637,47.70351,190.668514,18.085654,0.0,0.0,0.0,0.0,0.0,163.575867,36033.534,9.991552,12.47353,5961.553,562.447,4232.855,28990.622,45.925,-8512.479,-3095.218,44.685,100,True,84.240555
JFE_STEEL_JP,JFE Steel,JP,21.95,45.3,DISCLOSED_PATH,DISCLOSED_PATH,PORT-7BA11C62DF95,CAND-68030B11D579DF,P1,PORT-7BA11C62DF95,219.408411,37370.872,170.325612,False,False,2040,0.6424927599999997,-0.6424927599999997,False,False,True,True,2029,0.0,0.07400003299999997,0.0,2,3,0.3119871999999999,0.65,1.1400000000000001,P1,지연·현물조달,False,13945.8,2029,7326.0,176.267053,38674.474,38674.474,47401.579,219.408411,176.267053,211.2355,47952.468,46346.845,55073.95,7672.372,1616.269,10.646,-0.0,216.042669,39.775616,183.585017,7.317964,0.0,0.0,0.0,0.0,0.0,219.408411,47401.579,13.143739,16.408744,6113.131,759.188,6226.835,34926.64,0.0,-7672.372,-1548.755,-130.193,100,True,66.870811
JFE_STEEL_JP,JFE Steel,JP,21.95,45.3,ACCELERATED_15C,DISCLOSED_PATH,PORT-7BA11C62DF95,CAND-68030B11D579DF,P1,PORT-7BA11C62DF95,219.408411,36405.97,165.92787,False,False,2035,10.98249276,-10.98249276,True,True,True,True,,0.0,0.0,0.0,2,3,0.3119871999999999,0.65,1.1400000000000001,P1,지연·현물조달,False,13945.8,2029,7326.0,172.075258,37754.759,37754.759,47478.137,219.408411,172.075258,223.394452,51067.914,49014.622,58738.0,11259.863,2003.359,-49.933,0.0,216.3916,44.316342,181.433568,9.35831,0.0,0.0,0.0,0.0,0.0,219.408411,47478.137,13.164967,16.435245,6336.523,759.188,7394.615,36498.556,0.0,-11259.863,-2019.688,45.428,100,True,83.732953
JFE_STEEL_JP,JFE Steel,JP,21.95,45.3,DISCLOSED_PATH,DISCLOSED_PATH,PORT-E123D45B71CC,CAND-74F6415EBB9977,P3,PORT-E123D45B71CC,226.220909,44097.644,194.931779,True,False,,0.0,1.265341119704999e-05,False,False,True,True,2029,0.0,0.07400003299999997,0.0,3,3,0.3867712,0.65,1.62,P3,균형형 라이트헤지,False,16189.8,2029,7326.0,201.762691,45642.939,45642.939,52789.352,226.220909,201.762691,236.730008,58828.064,53553.278,60699.691,7910.338,5276.715,1.929,0.0,233.35311,31.590419,225.079661,23.31697,0.0,0.0,0.0,0.0,0.0,226.220909,52789.352,14.637686,18.2738,7966.048,854.562,6038.843,43937.553,226.209,-7910.338,-5388.41,-81.526,100,True,92.366449
JFE_STEEL_JP,JFE Steel,JP,21.95,45.3,ACCELERATED_15C,DISCLOSED_PATH,PORT-E123D45B71CC,CAND-74F6415EBB9977,P3,PORT-E123D45B71CC,226.220909,42138.891,186.273194,False,False,2035,10.058341729412,-10.058341729412,True,True,True,True,,0.0,0.0,0.0,3,3,0.3867712,0.65,1.62,P3,균형형 라이트헤지,False,16189.8,2029,7326.0,193.029013,43667.199,43667.199,51399.453,226.220909,193.029013,244.373508,62876.355,55282.397,63014.651,11615.198,7515.493,-78.464,0.0,227.209117,34.180104,226.597782,33.568769,0.0,0.0,0.0,0.0,0.0,226.220909,51399.453,14.252288,17.792666,7966.048,854.562,6647.181,47357.629,241.166,-11615.198,-7624.211,-159.977,100,True,104.686708
JFE_STEEL_JP,JFE Steel,JP,21.95,45.3,DISCLOSED_PATH,DISCLOSED_PATH,PORT-0032610F15CE,CAND-8143AC9B1B780D,P5,PORT-0032610F15CE,334.010871,63227.786,189.298588,True,False,,0.0,1.265341119704999e-05,False,False,True,True,2028,0.0,0.174000033,0.28199871200000004,2,3,0.3867712,0.65,1.62,P5,조기 계약형 전환,False,18906.8,2032,9930.8,191.310083,63899.647,63899.647,68361.644,334.010871,191.310083,226.277232,90908.137,75579.056,80041.052,11679.408,15329.081,0.0,-0.0,204.668919,13.358836,237.204042,45.893959,0.0,0.0,0.0,0.0,0.0,334.010871,68361.644,18.955647,23.664374,10360.388,1317.557,9444.582,68587.442,1430.25,-11679.408,-15345.982,-215.181,100,True,81.913841
JFE_STEEL_JP,JFE Steel,JP,21.95,45.3,ACCELERATED_15C,DISCLOSED_PATH,PORT-0032610F15CE,CAND-8143AC9B1B780D,P5,PORT-0032610F15CE,334.010871,56785.216,170.010083,False,False,2040,3.584995639999999,-3.584995639999999,False,False,True,True,2028,0.0,0.02400003300000003,0.0,2,3,0.3867712,0.65,1.62,P5,조기 계약형 전환,False,18906.8,2032,9930.8,172.081575,57477.117,57477.117,61812.063,334.010871,172.081575,223.266487,97073.58,74573.434,78908.38,17096.317,22500.146,0.0,0.0,185.060034,12.978459,239.44509,67.363514,0.0,0.0,0.0,0.0,0.0,334.010871,61812.063,17.139547,21.397142,10360.388,1317.557,10350.614,73810.383,1527.921,-17096.317,-22558.904,-234.524,100,True,83.73927
JFE_STEEL_JP,JFE Steel,JP,21.95,45.3,DISCLOSED_PATH,DISCLOSED_PATH,PORT-844170813924,CAND-81AEAF431DDC0A,P4,PORT-844170813924,381.425854,67951.044,178.150075,True,False,,0.0,1.265341119704999e-05,False,False,True,True,2028,0.0,0.174000033,0.33399759199999934,2,3,0.41232239999999987,0.65,1.78,P4,균형형 전환,False,20952.8,2032,9930.8,181.598108,69266.213,69266.213,76946.765,381.425854,181.598108,216.57389,94073.453,82606.881,90287.433,13340.667,11541.061,74.49,0.0,201.73453,20.136422,211.660495,30.062387,0.0,0.0,0.0,0.0,0.0,381.425854,76946.765,21.336171,26.636238,11095.282,1401.633,11461.101,68869.411,836.06,-13340.667,-11381.047,324.441,100,True,72.201866
JFE_STEEL_JP,JFE Steel,JP,21.95,45.3,ACCELERATED_15C,DISCLOSED_PATH,PORT-844170813924,CAND-81AEAF431DDC0A,P4,PORT-844170813924,381.425854,62971.904,165.096055,True,False,,0.0,1.265341119704999e-05,False,False,True,True,2028,0.0,0.02400003300000003,0.0,2,3,0.41232239999999987,0.65,1.78,P4,균형형 전환,False,20952.8,2032,9930.8,168.643506,64324.993,64324.993,72232.669,381.425854,168.643506,219.96052,100447.961,83898.629,91806.304,19573.636,16623.243,73.91,0.0,189.375387,20.73188,212.031578,43.388071,0.0,0.0,0.0,0.0,0.0,381.425854,72232.669,20.029023,25.004385,11095.282,1401.633,12598.578,74092.912,892.623,-19573.636,-16418.59,236.19,100,True,80.301201
JFE_STEEL_JP,JFE Steel,JP,21.95,45.3,DISCLOSED_PATH,DISCLOSED_PATH,PORT-25A7E18292F6,CAND-82646489D4D4D1,P2,PORT-25A7E18292F6,310.220867,15630.754,50.385889,True,False,,0.0,1.265341119704999e-05,False,False,True,True,2033,4.44999748,0.0,0.8619984320000018,3,3,0.3406543999999999,0.65,1.3,P2,지연·부분헤지,False,16764.0,2033,6265.6,52.699046,16348.344,16348.344,21111.592,310.220867,52.699046,87.731613,29471.599,27216.177,31979.426,10867.833,2271.447,16.025,-0.0,68.053424,15.354379,59.96942,7.270375,0.0,0.0,0.0,0.0,0.0,310.220867,21111.592,5.853924,7.308084,6818.452,701.152,11388.872,10412.409,41.138,-10867.833,-2108.36,-37.486,100,True,-56.697196
JFE_STEEL_JP,JFE Steel,JP,21.95,45.3,ACCELERATED_15C,DISCLOSED_PATH,PORT-25A7E18292F6,CAND-82646489D4D4D1,P2,PORT-25A7E18292F6,310.220867,11973.137,38.595524,True,False,,0.0,1.265341119704999e-05,False,False,True,True,2033,1.249997480000001,0.0,0.0,3,3,0.3406543999999999,0.65,1.3,P2,지연·부분헤지,False,16764.0,2033,6265.6,41.255545,12798.331,12798.331,17998.469,310.220867,41.255545,92.901205,31595.319,28819.892,34020.03,16021.561,2820.454,45.027,-0.0,58.01824,16.762695,50.202159,8.946614,0.0,0.0,0.0,0.0,0.0,310.220867,17998.469,4.990702,6.230431,6918.779,701.152,12457.54,11353.379,43.749,-16021.561,-2669.767,15.062,100,True,-47.08676
JFE_STEEL_JP,JFE Steel,JP,21.95,45.3,DISCLOSED_PATH,DISCLOSED_PATH,PORT-0032610F15CE,CAND-8A107782070451,P4,PORT-0032610F15CE,334.010871,66779.822,199.933078,True,False,,0.0,1.265341119704999e-05,False,False,True,True,2028,0.0,0.174000033,0.28199871200000004,2,3,0.3867712,0.65,1.62,P4,균형형 전환,False,18906.8,2032,9930.8,203.340266,67917.859,67917.859,75460.835,334.010871,203.340266,238.307415,90736.147,79597.267,87140.243,11679.408,11194.609,55.729,-0.0,225.92329,22.583024,236.689119,33.348853,0.0,0.0,0.0,0.0,0.0,334.010871,75460.835,20.924145,26.121862,9728.755,1317.557,9482.26,68869.411,805.281,-11679.408,-10961.485,355.488,100,True,93.944024
JFE_STEEL_JP,JFE Steel,JP,21.95,45.3,ACCELERATED_15C,DISCLOSED_PATH,PORT-0032610F15CE,CAND-8A107782070451,P4,PORT-0032610F15CE,334.010871,62456.153,186.988384,False,False,2040,3.584995639999999,-3.584995639999999,False,False,True,True,2028,0.0,0.02400003300000003,0.0,2,3,0.3867712,0.65,1.62,P4,균형형 전환,False,18906.8,2032,9930.8,190.740236,63709.312,63709.312,71347.388,334.010871,190.740236,241.925148,96931.399,80805.629,88443.705,17096.317,16224.548,98.778,-0.0,213.607981,22.867745,239.019412,48.279176,0.0,0.0,0.0,0.0,0.0,334.010871,71347.388,19.783548,24.697933,9728.755,1317.557,10389.708,74092.912,859.648,-17096.317,-15938.336,355.385,100,True,102.397931
JFE_STEEL_JP,JFE Steel,JP,21.95,45.3,DISCLOSED_PATH,DISCLOSED_PATH,PORT-1741394F78A8,CAND-8A2CE57122B1A0,P1,PORT-1741394F78A8,199.008409,3795.639,19.072755,False,False,2035,2.3424929100000007,-2.3424929100000007,False,False,True,True,2036,0.004998229999999992,0.0,0.0,2,3,0.22808320000000004,0.65,0.66,P1,지연·현물조달,False,11178.2,2029,4558.4,20.331336,4046.107,4046.107,5944.969,199.008409,20.331336,55.300888,11921.455,11005.342,12904.203,6959.235,915.628,-0.486,-0.0,29.872951,9.541615,24.934728,4.603392,0.0,0.0,0.0,0.0,0.0,199.008409,5944.969,1.64845,2.057937,4136.638,409.821,7407.305,0.0,0.0,-6959.235,-941.174,-7.248,100,True,-89.064906
JFE_STEEL_JP,JFE Steel,JP,21.95,45.3,ACCELERATED_15C,DISCLOSED_PATH,PORT-1741394F78A8,CAND-8A2CE57122B1A0,P1,PORT-1741394F78A8,199.008409,1054.177,5.297148,False,False,2035,12.68249291,-12.68249291,True,True,True,True,,0.0,0.0,0.0,2,3,0.22808320000000004,0.65,0.66,P1,지연·현물조달,False,11178.2,2029,4558.4,6.572986,1308.079,1308.079,3359.233,199.008409,6.572986,57.927063,12639.993,11527.973,13579.127,10219.893,1099.492,-12.529,0.0,16.879856,10.306871,12.160792,5.587806,0.0,0.0,0.0,0.0,0.0,199.008409,3359.233,0.931464,1.162847,3570.974,409.821,8501.383,0.0,0.0,-10219.893,-954.735,0.53,100,True,-81.769319
JFE_STEEL_JP,JFE Steel,JP,21.95,45.3,DISCLOSED_PATH,DISCLOSED_PATH,PORT-E123D45B71CC,CAND-8DC42B3C7EA2DB,P2,PORT-E123D45B71CC,226.220909,45846.466,202.66237,True,False,,0.0,1.265341119704999e-05,False,False,True,True,2029,0.0,0.07400003299999997,0.0,3,3,0.3867712,0.65,1.62,P2,지연·부분헤지,False,16189.8,2029,7326.0,211.242108,47787.382,47787.382,56819.527,226.220909,211.242108,246.209425,58988.333,55697.72,64729.865,7910.338,3327.731,37.118,0.0,251.168326,39.926218,225.788124,14.546016,0.0,0.0,0.0,0.0,0.0,226.220909,56819.527,15.755193,19.668903,8059.684,854.562,6063.465,44199.235,66.636,-7910.338,-3447.177,-98.684,100,True,101.845866
JFE_STEEL_JP,JFE Steel,JP,21.95,45.3,ACCELERATED_15C,DISCLOSED_PATH,PORT-E123D45B71CC,CAND-8DC42B3C7EA2DB,P2,PORT-E123D45B71CC,226.220909,44861.978,198.310483,False,False,2035,10.058341729412,-10.058341729412,True,True,True,True,,0.0,0.0,0.0,3,3,0.3867712,0.65,1.62,P2,지연·부분헤지,False,16189.8,2029,7326.0,206.99517,46826.635,46826.635,56868.931,226.220909,206.99517,258.339665,63086.247,58441.834,68484.129,11615.198,4542.812,-101.602,-0.0,251.386715,44.391545,227.525605,20.530435,0.0,0.0,0.0,0.0,0.0,226.220909,56868.931,15.768892,19.686005,8059.684,854.562,6677.565,47645.14,70.799,-11615.198,-4666.92,-198.995,100,True,118.652865
JFE_STEEL_JP,JFE Steel,JP,21.95,45.3,DISCLOSED_PATH,DISCLOSED_PATH,PORT-576B945395C2,CAND-8F0E9CFE80824D,P6,PORT-576B945395C2,417.556839,76190.532,182.46745,True,False,,0.0,1.265341119704999e-05,False,False,True,True,2028,0.0,0.3089998460000001,1.281998712,3,3,0.47620039999999997,0.65,2.2600000000000002,P6,조기 고헤지,False,23196.8,2031,9930.8,183.268926,76525.193,76525.193,78775.542,417.556839,183.268926,218.258573,116039.506,91135.36,93385.709,14610.167,24904.147,0.0,0.0,188.65825,5.389324,242.911456,59.642531,0.0,0.0,0.0,0.0,0.0,417.556839,78775.542,21.843263,27.269296,13237.178,1645.095,11784.148,86094.536,3311.961,-14610.167,-24908.227,-29.331,100,True,73.872684
JFE_STEEL_JP,JFE Steel,JP,21.95,45.3,ACCELERATED_15C,DISCLOSED_PATH,PORT-576B945395C2,CAND-8F0E9CFE80824D,P6,PORT-576B945395C2,417.556839,65416.232,156.664258,True,False,,0.0,1.265341119704999e-05,False,False,True,True,2028,0.0,0.02899984600000005,0.0,3,3,0.47620039999999997,0.65,2.2600000000000002,P6,조기 고헤지,False,23196.8,2031,9930.8,157.461032,65748.931,65748.931,67785.95,417.556839,157.461032,208.747877,123989.922,87164.104,89201.123,21415.173,36825.818,0.0,0.0,162.339456,4.878424,245.654578,88.193546,0.0,0.0,0.0,0.0,0.0,417.556839,67785.95,18.796015,23.465089,13237.178,1645.095,12926.605,92697.723,3541.497,-21415.173,-36847.919,-36.076,100,True,69.118727
JFE_STEEL_JP,JFE Steel,JP,21.95,45.3,DISCLOSED_PATH,DISCLOSED_PATH,PORT-36B22CA0D026,CAND-94E38421D8FAE7,P1,PORT-36B22CA0D026,159.495924,2772.919,17.385515,False,False,2035,10.244990009999999,-10.244990009999999,True,True,True,True,,0.0,0.0,0.0,2,3,0.19452160000000007,0.65,0.5,P1,지연·현물조달,False,9132.2,2029,4558.4,18.401983,2935.041,2935.041,4486.105,159.495924,18.401983,53.381103,9072.173,8514.068,10065.132,5579.027,588.94,30.836,0.0,28.126766,9.724783,21.90116,3.499177,0.0,0.0,0.0,0.0,0.0,159.495924,4486.105,1.243929,1.55293,3022.063,341.697,5741.862,0.0,0.0,-5579.027,-602.322,10.769,100,True,-90.994259
JFE_STEEL_JP,JFE Steel,JP,21.95,45.3,ACCELERATED_15C,DISCLOSED_PATH,PORT-36B22CA0D026,CAND-94E38421D8FAE7,P1,PORT-36B22CA0D026,159.495924,593.56,3.721473,False,False,2035,20.58499001,-20.58499001,True,True,True,True,,0.0,0.0,0.0,2,3,0.19452160000000007,0.65,0.5,P1,지연·현물조달,False,9132.2,2029,4558.4,4.942508,788.31,788.31,2389.265,159.495924,4.942508,56.097089,9611.976,8947.257,10548.212,8158.947,707.617,42.898,0.0,14.980103,10.037595,9.110133,4.167625,0.0,0.0,0.0,0.0,0.0,159.495924,2389.265,0.662507,0.827079,3022.063,341.697,6295.803,0.0,0.0,-8158.947,-723.812,11.506,100,True,-83.399797
JFE_STEEL_JP,JFE Steel,JP,21.95,45.3,DISCLOSED_PATH,DISCLOSED_PATH,PORT-6E49C004BA31,CAND-953F1AFEF37202,P1,PORT-6E49C004BA31,163.575867,29099.891,177.898434,False,False,2030,4.8049966600000005,-4.8049966600000005,True,True,True,True,,0.0,0.0,0.0,2,3,0.28207360000000015,0.65,0.9799999999999999,P1,지연·현물조달,False,13615.8,2033,9930.8,182.433646,29841.742,29841.742,38254.683,163.575867,182.433646,217.563117,37071.098,35588.076,44001.016,5746.334,1377.477,-105.546,-0.0,233.865076,51.43143,191.499914,9.066268,0.0,0.0,0.0,0.0,0.0,163.575867,38254.683,10.607443,13.242413,6022.435,562.447,3831.883,26733.777,0.0,-5746.334,-1539.033,-23.434,100,True,73.037404
JFE_STEEL_JP,JFE Steel,JP,21.95,45.3,ACCELERATED_15C,DISCLOSED_PATH,PORT-6E49C004BA31,CAND-953F1AFEF37202,P1,PORT-6E49C004BA31,163.575867,28678.153,175.320197,False,False,2030,15.14499666,-15.14499666,True,True,True,True,,0.0,0.0,0.0,2,3,0.28207360000000015,0.65,0.9799999999999999,P1,지연·현물조달,False,13615.8,2033,9930.8,180.046269,29451.225,29451.225,38597.73,163.575867,180.046269,232.086212,39741.802,37963.703,47110.209,8512.479,1722.417,-55.682,-0.0,235.962252,55.915983,190.916448,10.870179,0.0,0.0,0.0,0.0,0.0,163.575867,38597.73,10.702565,13.361164,6022.435,562.447,4241.299,29023.047,0.0,-8512.479,-1924.429,38.904,100,True,91.703964
JFE_STEEL_JP,JFE Steel,JP,21.95,45.3,DISCLOSED_PATH,DISCLOSED_PATH,PORT-48EB0158352D,CAND-AFB45421E864E1,P3,PORT-48EB0158352D,209.90085,37378.72,178.077983,False,False,2030,3.1659880174124027,-3.1659880174124027,True,True,True,True,,0.0,0.0,0.0,3,3,0.3867712,0.65,1.62,P3,균형형 라이트헤지,False,17905.8,2033,9930.8,182.843232,38378.95,38378.95,45457.236,209.90085,182.843232,217.928885,50630.472,45743.458,52821.744,7364.508,4829.931,-57.083,0.0,216.565277,33.722045,206.125719,23.282487,0.0,0.0,0.0,0.0,0.0,209.90085,45457.236,12.604602,15.735681,8787.404,725.944,4989.274,35751.982,197.565,-7364.508,-4985.544,276.832,100,True,73.44699
JFE_STEEL_JP,JFE Steel,JP,21.95,45.3,ACCELERATED_15C,DISCLOSED_PATH,PORT-48EB0158352D,CAND-AFB45421E864E1,P3,PORT-48EB0158352D,209.90085,35677.345,169.972368,False,False,2030,8.975988017412405,-8.975988017412405,True,True,True,True,,0.0,0.0,0.0,3,3,0.3867712,0.65,1.62,P3,균형형 라이트헤지,False,17905.8,2033,9930.8,174.716596,36673.162,36673.162,44272.113,209.90085,174.716596,226.782896,54496.684,47601.923,55200.874,10928.761,6821.662,-73.1,-0.0,210.919172,36.202576,207.564302,32.847706,0.0,0.0,0.0,0.0,0.0,209.90085,44272.113,12.275985,15.325434,8787.404,725.944,5556.159,38942.454,211.992,-10928.761,-6943.196,321.163,100,True,86.374291
JFE_STEEL_JP,JFE Steel,JP,21.95,45.3,DISCLOSED_PATH,DISCLOSED_PATH,PORT-263958B6D89F,CAND-B210B35AD45FF1,P1,PORT-263958B6D89F,80.688399,792.04,9.816037,False,False,2030,12.202493780000001,-12.202493780000001,True,True,True,True,,0.0,0.0,0.0,2,3,0.19452160000000007,0.65,0.5,P1,지연·현물조달,False,8654.8,2036,3696.0,11.150206,899.692,899.692,1624.878,80.688399,11.150206,46.137174,4058.967,3722.735,4447.92,2823.042,335.607,-0.625,0.0,20.137689,8.987483,15.317253,4.167048,0.0,0.0,0.0,0.0,0.0,80.688399,1624.878,0.450554,0.562475,2006.626,160.273,1896.001,0.0,0.0,-2823.042,-340.637,0.471,100,True,-98.246036
JFE_STEEL_JP,JFE Steel,JP,21.95,45.3,ACCELERATED_15C,DISCLOSED_PATH,PORT-263958B6D89F,CAND-B210B35AD45FF1,P1,PORT-263958B6D89F,80.688399,-434.279,-5.382174,False,False,2030,22.54249378,-22.54249378,True,True,True,True,,0.0,0.0,0.0,2,3,0.19452160000000007,0.65,0.5,P1,지연·현물조달,False,8654.8,2036,3696.0,-3.877561,-312.874,-312.874,452.632,80.688399,-3.877561,48.026674,4281.161,3875.195,4640.701,4188.07,403.592,-2.374,0.0,5.609625,9.487186,1.153717,5.031279,0.0,0.0,0.0,0.0,0.0,80.688399,452.632,0.125508,0.156685,2006.626,160.273,2118.778,0.0,0.0,-4188.07,-409.736,-0.745,100,True,-92.219866
JFE_STEEL_JP,JFE Steel,JP,21.95,45.3,DISCLOSED_PATH,DISCLOSED_PATH,PORT-7F45069F34E3,CAND-B4CBF9F7B55581,P3,PORT-7F45069F34E3,203.088353,28331.05,139.501106,False,False,2030,3.1659880174124027,-3.1659880174124027,True,True,True,True,,0.0,0.0,0.0,2,3,0.3119871999999999,0.65,1.1400000000000001,P3,균형형 라이트헤지,False,15661.8,2033,9930.8,142.206897,28880.564,28880.564,34897.319,203.088353,142.206897,177.29774,39775.522,36007.106,42023.86,7126.542,3766.763,-1.653,0.0,171.833186,29.626289,160.762446,18.555549,0.0,0.0,0.0,0.0,0.0,203.088353,34897.319,9.676497,12.080213,6249.264,630.571,5616.875,27000.055,157.638,-7126.542,-3636.405,-10.892,100,True,32.810655
JFE_STEEL_JP,JFE Steel,JP,21.95,45.3,ACCELERATED_15C,DISCLOSED_PATH,PORT-7F45069F34E3,CAND-B4CBF9F7B55581,P3,PORT-7F45069F34E3,203.088353,26352.106,129.756857,False,False,2030,8.975988017412405,-8.975988017412405,True,True,True,True,,0.0,0.0,0.0,2,3,0.3119871999999999,0.65,1.1400000000000001,P3,균형형 라이트헤지,False,15661.8,2033,9930.8,132.484435,26906.046,26906.046,33228.557,203.088353,132.484435,184.547613,42673.309,37479.471,43801.982,10573.425,5250.675,56.837,-0.0,163.616263,31.131827,158.058713,25.574278,0.0,0.0,0.0,0.0,0.0,203.088353,33228.557,9.213775,11.502547,7470.376,630.571,5846.708,28688.276,168.866,-10573.425,-5373.503,48.176,100,True,44.14213
JFE_STEEL_JP,JFE Steel,JP,21.95,45.3,DISCLOSED_PATH,DISCLOSED_PATH,PORT-25A7E18292F6,CAND-BC3B7FD8701906,P1,PORT-25A7E18292F6,310.220867,15888.322,51.21616,True,False,,0.0,1.265341119704999e-05,False,False,True,True,2033,4.44999748,0.0,0.8619984320000018,3,3,0.3406543999999999,0.65,1.3,P1,지연·현물조달,False,16764.0,2033,6265.6,53.896859,16719.93,16719.93,22328.456,310.220867,53.896859,88.929426,29501.846,27587.764,33196.289,10867.833,1936.101,22.019,0.0,71.975996,18.079136,60.066923,6.170064,0.0,0.0,0.0,0.0,0.0,310.220867,22328.456,6.191342,7.729319,6732.79,701.152,11411.303,10542.926,0.0,-10867.833,-1744.633,-55.774,100,True,-55.499383
JFE_STEEL_JP,JFE Steel,JP,21.95,45.3,ACCELERATED_15C,DISCLOSED_PATH,PORT-25A7E18292F6,CAND-BC3B7FD8701906,P1,PORT-25A7E18292F6,310.220867,12346.595,39.799369,True,False,,0.0,1.265341119704999e-05,False,False,True,True,2033,1.249997480000001,0.0,0.0,3,3,0.3406543999999999,0.65,1.3,P1,지연·현물조달,False,16764.0,2033,6265.6,42.965518,13328.8,13328.8,19468.141,310.220867,42.965518,94.611177,31635.993,29350.361,35489.702,16021.561,2359.308,73.676,-0.0,62.755743,19.790225,50.333275,7.367757,0.0,0.0,0.0,0.0,0.0,310.220867,19468.141,5.39822,6.739179,8028.116,701.152,13446.803,9725.292,0.0,-16021.561,-2538.073,-12.928,100,True,-45.376787
JFE_STEEL_JP,JFE Steel,JP,21.95,45.3,DISCLOSED_PATH,DISCLOSED_PATH,PORT-BFE68456F5A9,CAND-BD5FC0B8045E4C,P1,PORT-BFE68456F5A9,87.500896,10466.189,119.612369,False,False,2030,11.118342749412001,-11.118342749412001,True,True,True,True,,0.0,0.0,0.0,3,3,0.28207360000000015,0.65,0.9799999999999999,P1,지연·현물조달,False,10898.8,2036,5940.0,128.054185,11204.856,11204.856,14282.188,87.500896,128.054185,163.03679,14999.762,14265.865,17343.197,3061.009,723.251,-10.646,-0.0,163.22333,35.169145,136.441492,8.387308,0.0,0.0,0.0,0.0,0.0,87.500896,14282.188,3.960234,4.943986,3265.919,255.646,1593.992,9893.403,0.0,-3061.009,-733.24,-9.855,100,True,18.657943
JFE_STEEL_JP,JFE Steel,JP,21.95,45.3,ACCELERATED_15C,DISCLOSED_PATH,PORT-BFE68456F5A9,CAND-BD5FC0B8045E4C,P1,PORT-BFE68456F5A9,87.500896,9868.567,112.78247,False,False,2030,21.618342749412,-21.618342749412,True,True,True,True,,0.0,0.0,0.0,3,3,0.28207360000000015,0.65,0.9799999999999999,P1,지연·현물조달,False,10898.8,2036,5940.0,121.493679,10630.806,10630.806,14137.625,87.500896,121.493679,173.417778,16176.412,15174.211,18681.03,4543.405,904.604,-97.597,-0.0,161.571204,40.077525,132.947287,11.453607,0.0,0.0,0.0,0.0,0.0,87.500896,14137.625,3.920149,4.893944,4167.472,255.646,1633.006,10210.624,0.0,-4543.405,-1167.485,74.947,100,True,33.151374
JFE_STEEL_JP,JFE Steel,JP,21.95,45.3,DISCLOSED_PATH,DISCLOSED_PATH,PORT-1C641A2E58FD,CAND-BD69BDF77D11F9,P2,PORT-1C641A2E58FD,205.820907,13211.212,64.187903,False,False,2035,1.2583418794120007,-1.2583418794120007,True,True,True,True,,0.0,0.0,0.0,3,3,0.3119871999999999,0.65,1.1400000000000001,P2,지연·부분헤지,False,13422.2,2036,5940.0,67.313457,13854.517,13854.517,17628.479,205.820907,67.313457,102.281731,22580.637,21051.719,24825.681,7197.202,1626.944,98.025,0.0,85.649603,18.336146,74.74185,7.428392,0.0,0.0,0.0,0.0,0.0,205.820907,17628.479,4.88811,6.102354,4747.187,505.194,6863.502,10412.409,30.261,-7197.202,-1492.442,-14.392,100,True,-42.082785
JFE_STEEL_JP,JFE Steel,JP,21.95,45.3,ACCELERATED_15C,DISCLOSED_PATH,PORT-1C641A2E58FD,CAND-BD69BDF77D11F9,P2,PORT-1C641A2E58FD,205.820907,10973.496,53.31575,False,False,2035,11.758341879412,-11.758341879412,True,True,True,True,,0.0,0.0,0.0,3,3,0.3119871999999999,0.65,1.1400000000000001,P2,지연·부분헤지,False,13422.2,2036,5940.0,57.109383,11754.305,11754.305,15772.139,205.820907,57.109383,108.490115,24262.869,22329.534,26347.367,10575.229,2065.692,132.356,-0.0,76.630401,19.521018,66.502674,9.393291,0.0,0.0,0.0,0.0,0.0,205.820907,15772.139,4.373375,5.459754,4885.375,505.194,8076.655,10790.796,32.162,-10575.229,-1934.89,-25.759,100,True,-31.232922
JFE_STEEL_JP,JFE Steel,JP,21.95,45.3,DISCLOSED_PATH,DISCLOSED_PATH,PORT-1C641A2E58FD,CAND-C535F3B5D7A55A,P1,PORT-1C641A2E58FD,205.820907,13469.788,65.444215,False,False,2035,1.2583418794120007,-1.2583418794120007,True,True,True,True,,0.0,0.0,0.0,3,3,0.3119871999999999,0.65,1.1400000000000001,P1,지연·현물조달,False,13422.2,2036,5940.0,69.078428,14217.785,14217.785,18637.982,205.820907,69.078428,104.046701,22594.118,21414.986,25835.183,7197.202,1305.873,126.741,0.0,90.554366,21.475938,74.80735,5.728922,0.0,0.0,0.0,0.0,0.0,205.820907,18637.982,5.16803,6.451808,4866.044,505.194,6958.995,10249.421,0.0,-7197.202,-1180.064,15.396,100,True,-40.317814
JFE_STEEL_JP,JFE Steel,JP,21.95,45.3,ACCELERATED_15C,DISCLOSED_PATH,PORT-1C641A2E58FD,CAND-C535F3B5D7A55A,P1,PORT-1C641A2E58FD,205.820907,11357.023,55.179152,False,False,2035,11.758341879412,-11.758341879412,True,True,True,True,,0.0,0.0,0.0,3,3,0.3119871999999999,0.65,1.1400000000000001,P1,지연·현물조달,False,13422.2,2036,5940.0,59.715415,12290.681,12290.681,16990.994,205.820907,59.715415,111.096146,24302.543,22865.91,27566.223,10575.229,1604.094,167.46,-0.0,82.552324,22.836909,66.695433,6.980018,0.0,0.0,0.0,0.0,0.0,205.820907,16990.994,4.711345,5.881679,4830.267,505.194,8163.238,10864.117,0.0,-10575.229,-1462.156,-34.751,100,True,-28.62689
JFE_STEEL_JP,JFE Steel,JP,21.95,45.3,DISCLOSED_PATH,DISCLOSED_PATH,PORT-E123D45B71CC,CAND-C973F96EA1BC5C,P1,PORT-E123D45B71CC,226.220909,47045.021,207.960534,True,False,,0.0,1.265341119704999e-05,False,False,True,True,2029,0.0,0.07400003299999997,0.0,3,3,0.3867712,0.65,1.62,P1,지연·현물조달,False,16189.8,2029,7326.0,217.809084,49272.969,49272.969,59737.344,226.220909,217.809084,252.776402,59151.642,57183.307,67647.682,7910.338,1987.515,19.18,-0.0,264.066413,46.257329,226.510025,8.700941,0.0,0.0,0.0,0.0,0.0,226.220909,59737.344,16.564259,20.678948,7666.021,854.562,6100.551,44494.436,0.0,-7910.338,-2041.511,109.248,100,True,108.412842
JFE_STEEL_JP,JFE Steel,JP,21.95,45.3,ACCELERATED_15C,DISCLOSED_PATH,PORT-E123D45B71CC,CAND-C973F96EA1BC5C,P1,PORT-E123D45B71CC,226.220909,46708.817,206.474357,False,False,2035,10.058341729412,-10.058341729412,True,True,True,True,,0.0,0.0,0.0,3,3,0.3867712,0.65,1.62,P1,지연·현물조달,False,16189.8,2029,7326.0,216.588674,48996.887,48996.887,60817.642,226.220909,216.588674,267.933169,63283.19,60612.085,72432.841,11615.198,2484.855,-186.25,0.0,268.841827,52.253153,228.396182,11.807508,0.0,0.0,0.0,0.0,0.0,226.220909,60817.642,16.863809,21.052909,8122.108,854.562,6707.949,47836.815,0.0,-11615.198,-2683.068,-226.28,100,True,128.246369
JFE_STEEL_JP,JFE Steel,JP,21.95,45.3,DISCLOSED_PATH,DISCLOSED_PATH,PORT-D5A2DA370FDA,CAND-CB30BCF3D9CF92,P1,PORT-D5A2DA370FDA,185.08836,3210.574,17.34617,False,False,2030,3.1659880174124027,-3.1659880174124027,False,False,True,True,2036,1.6549952300000008,0.0,0.0,2,3,0.22808320000000004,0.65,0.6599999999999999,P1,지연·현물조달,False,11996.6,2033,6265.6,19.02062,3520.495,3520.495,5504.754,185.08836,19.02062,54.104804,11009.723,10014.169,11998.428,6493.674,980.755,-14.799,0.0,29.741223,10.720603,24.39942,5.3788,0.0,0.0,0.0,0.0,0.0,185.08836,5504.754,1.526385,1.90555,4573.535,356.231,6062.373,0.0,0.0,-6493.674,-1016.965,38.996,100,True,-90.375622
JFE_STEEL_JP,JFE Steel,JP,21.95,45.3,ACCELERATED_15C,DISCLOSED_PATH,PORT-D5A2DA370FDA,CAND-CB30BCF3D9CF92,P1,PORT-D5A2DA370FDA,185.08836,555.293,3.000149,False,False,2030,9.492498710000003,-9.492498710000003,True,True,True,True,,0.0,0.0,0.0,2,3,0.22808320000000004,0.65,0.6599999999999999,P1,지연·현물조달,False,11996.6,2033,6265.6,4.796468,887.77,887.77,2970.449,185.08836,4.796468,56.849456,11698.277,10522.173,12604.851,9634.402,1177.783,1.679,-0.0,16.048815,11.252347,11.150752,6.354284,0.0,0.0,0.0,0.0,0.0,185.08836,2970.449,0.82366,1.028264,6949.267,356.231,5245.671,0.0,0.0,-9634.402,-1977.691,-51.304,100,True,-83.545837
JFE_STEEL_JP,JFE Steel,JP,21.95,45.3,DISCLOSED_PATH,DISCLOSED_PATH,PORT-408F044D6828,CAND-CBE864A3B5E624,P2,PORT-408F044D6828,302.295879,63997.503,211.704848,True,False,,0.0,1.265341119704999e-05,False,False,True,True,2029,0.0,0.07400003299999997,0.0,2,3,0.3867712,0.65,1.62,P2,지연·부분헤지,False,18906.8,2033,9930.8,218.451271,66036.919,66036.919,78314.192,302.295879,218.451271,253.501907,81114.739,76632.582,88909.855,10595.663,4520.332,38.175,0.0,259.064702,40.613431,233.278325,14.827053,0.0,0.0,0.0,0.0,0.0,302.295879,78314.192,21.715337,27.109593,9769.287,1161.363,8454.267,61716.059,91.645,-10595.663,-4515.09,-44.949,100,True,109.055029
JFE_STEEL_JP,JFE Steel,JP,21.95,45.3,ACCELERATED_15C,DISCLOSED_PATH,PORT-408F044D6828,CAND-CBE864A3B5E624,P2,PORT-408F044D6828,302.295879,62928.809,208.169588,False,False,2040,3.584995639999999,-3.584995639999999,True,True,True,True,,0.0,0.0,0.0,2,3,0.3867712,0.65,1.62,P2,지연·부분헤지,False,18906.8,2033,9930.8,215.114562,65028.246,65028.246,78163.343,302.295879,215.114562,266.667603,86694.724,80612.518,93747.615,15584.272,6141.969,59.763,0.0,258.56569,43.451128,235.234604,20.120042,0.0,0.0,0.0,0.0,0.0,302.295879,78163.343,21.673509,27.057374,9769.287,1161.363,9317.597,66629.427,97.551,-15584.272,-6144.031,-218.676,100,True,126.772257
JFE_STEEL_JP,JFE Steel,JP,21.95,45.3,DISCLOSED_PATH,DISCLOSED_PATH,PORT-6E49C004BA31,CAND-DF57CBE06564A4,P3,PORT-6E49C004BA31,163.575867,27300.156,166.895985,False,False,2030,4.8049966600000005,-4.8049966600000005,True,True,True,True,,0.0,0.0,0.0,2,3,0.28207360000000015,0.65,0.9799999999999999,P3,균형형 라이트헤지,False,13615.8,2033,9930.8,170.103919,27824.896,27824.896,33621.335,163.575867,170.103919,205.23339,37000.349,33571.23,39367.669,5746.334,3417.693,-11.426,-0.0,205.539702,35.435784,191.067396,20.963478,0.0,0.0,0.0,0.0,0.0,163.575867,33621.335,9.322686,11.638513,5870.23,562.447,3814.968,26654.686,144.796,-5746.334,-3461.119,-14.779,100,True,60.707677
JFE_STEEL_JP,JFE Steel,JP,21.95,45.3,ACCELERATED_15C,DISCLOSED_PATH,PORT-6E49C004BA31,CAND-DF57CBE06564A4,P3,PORT-6E49C004BA31,163.575867,25879.894,158.213398,False,False,2030,15.14499666,-15.14499666,True,True,True,True,,0.0,0.0,0.0,2,3,0.28207360000000015,0.65,0.9799999999999999,P3,균형형 라이트헤지,False,13615.8,2033,9930.8,161.555175,26426.528,26426.528,32467.675,163.575867,161.555175,213.595118,39692.762,34939.007,40980.153,8512.479,4816.421,62.666,0.0,198.486947,36.931772,190.616647,29.061472,0.0,0.0,0.0,0.0,0.0,163.575867,32467.675,9.002794,11.239156,5870.23,562.447,4224.411,28941.984,155.194,-8512.479,-4855.66,40.4,100,True,73.21287
JFE_STEEL_JP,JFE Steel,JP,21.95,45.3,DISCLOSED_PATH,DISCLOSED_PATH,PORT-408F044D6828,CAND-DFCA23D16E81A2,P1,PORT-408F044D6828,302.295879,65678.722,217.26635,True,False,,0.0,1.265341119704999e-05,False,False,True,True,2029,0.0,0.07400003299999997,0.0,2,3,0.3867712,0.65,1.62,P1,지연·현물조달,False,18906.8,2033,9930.8,225.031096,68025.973,68025.973,82188.579,302.295879,225.031096,260.081732,81261.67,78621.636,92784.241,10595.663,2688.691,48.658,-0.0,271.88124,46.850144,233.764373,8.733277,0.0,0.0,0.0,0.0,0.0,302.295879,82188.579,22.789646,28.450768,9834.642,1161.363,8398.996,61867.668,0.0,-10595.663,-2695.434,54.4,100,True,115.634854
JFE_STEEL_JP,JFE Steel,JP,21.95,45.3,ACCELERATED_15C,DISCLOSED_PATH,PORT-408F044D6828,CAND-DFCA23D16E81A2,P1,PORT-408F044D6828,302.295879,65518.403,216.73601,False,False,2040,3.584995639999999,-3.584995639999999,True,True,True,True,,0.0,0.0,0.0,2,3,0.3867712,0.65,1.62,P1,지연·현물조달,False,18906.8,2033,9930.8,224.855764,67972.971,67972.971,83353.518,302.295879,224.855764,276.408805,86845.313,83557.243,98937.79,15584.272,3361.487,73.418,-0.0,275.734878,50.879115,235.732756,10.876992,0.0,0.0,0.0,0.0,0.0,302.295879,83353.518,23.112666,28.854029,9834.642,1161.363,9212.948,66459.03,0.0,-15584.272,-3369.869,259.129,100,True,136.513459
JFE_STEEL_JP,JFE Steel,JP,21.95,45.3,DISCLOSED_PATH,DISCLOSED_PATH,PORT-7F45069F34E3,CAND-DFD36ABEC37623,P1,PORT-7F45069F34E3,203.088353,30122.61,148.322688,False,False,2030,3.1659880174124027,-3.1659880174124027,True,True,True,True,,0.0,0.0,0.0,2,3,0.3119871999999999,0.65,1.1400000000000001,P1,지연·현물조달,False,15661.8,2033,9930.8,152.159513,30901.825,30901.825,39648.325,203.088353,152.159513,187.250356,39853.9,38028.366,46774.867,7126.542,1728.085,-97.448,-0.0,195.226976,43.067463,161.148378,8.988865,0.0,0.0,0.0,0.0,0.0,203.088353,39648.325,10.993879,13.724842,7363.106,630.571,5153.876,26780.967,0.0,-7126.542,-1925.671,25.517,100,True,42.763271
JFE_STEEL_JP,JFE Steel,JP,21.95,45.3,ACCELERATED_15C,DISCLOSED_PATH,PORT-7F45069F34E3,CAND-DFD36ABEC37623,P1,PORT-7F45069F34E3,203.088353,29138.77,143.478295,False,False,2030,8.975988017412405,-8.975988017412405,True,True,True,True,,0.0,0.0,0.0,2,3,0.3119871999999999,0.65,1.1400000000000001,P1,지연·현물조달,False,15661.8,2033,9930.8,147.533133,29962.261,29962.261,39483.117,203.088353,147.533133,199.596311,42742.235,40535.686,50056.542,10573.425,2142.426,-64.123,0.0,194.413498,46.880364,158.398102,10.864969,0.0,0.0,0.0,0.0,0.0,203.088353,39483.117,10.948069,13.667653,6240.256,630.571,5837.699,29714.814,0.0,-10573.425,-2009.557,121.903,100,True,59.190828
JFE_STEEL_JP,JFE Steel,JP,21.95,45.3,DISCLOSED_PATH,DISCLOSED_PATH,PORT-49F18FB13125,CAND-E142C0366C78ED,P4,PORT-49F18FB13125,369.350858,50838.56,137.643,True,False,,0.0,1.265341119704999e-05,False,False,True,True,2028,0.14999703000000153,0.174000033,1.1819983720000007,3,3,0.41232239999999987,0.65,1.78,P4,균형형 전환,False,19531.6,2028,7326.0,140.780204,51997.289,51997.289,58171.026,369.350858,140.780204,175.746622,73761.176,64912.166,71085.903,12914.877,8859.168,10.158,0.0,157.495306,16.715102,164.73848,23.958277,0.0,0.0,0.0,0.0,0.0,369.350858,58171.026,16.129943,20.136744,10268.975,1201.692,12034.338,49674.39,657.316,-12914.877,-8865.803,-58.743,100,True,31.383962
JFE_STEEL_JP,JFE Steel,JP,21.95,45.3,ACCELERATED_15C,DISCLOSED_PATH,PORT-49F18FB13125,CAND-E142C0366C78ED,P4,PORT-49F18FB13125,369.350858,45969.413,124.460015,True,False,,0.0,1.265341119704999e-05,False,False,True,True,2028,0.0,0.02400003300000003,0.0,3,3,0.41232239999999987,0.65,1.78,P4,균형형 전환,False,19531.6,2028,7326.0,127.594352,47127.083,47127.083,53599.882,369.350858,127.594352,178.894051,78633.04,66074.671,72547.47,18947.588,12576.634,18.265,0.0,145.119149,17.524797,161.595542,34.00119,0.0,0.0,0.0,0.0,0.0,369.350858,53599.882,14.862434,18.554376,10213.931,1201.692,13056.983,53285.467,701.233,-18947.588,-12525.653,141.019,100,True,39.252047
JFE_STEEL_JP,JFE Steel,JP,21.95,45.3,DISCLOSED_PATH,DISCLOSED_PATH,PORT-B91429E42CEB,CAND-E1C48D333700EA,P7,PORT-B91429E42CEB,445.512827,80332.44,180.314539,True,False,,0.0,1.265341119704999e-05,False,False,True,True,2028,0.0,0.4689998460000001,2.281998712,3,3,0.47620039999999997,0.65,2.2600000000000002,P7,완전 수소·계약형,False,23196.8,2030,9930.8,180.606663,80462.585,80462.585,81120.937,445.512827,180.606663,215.585825,126023.82,96046.25,96704.602,15583.665,29977.57,-0.0,0.0,182.084402,1.477739,247.894445,67.287782,0.0,0.0,0.0,0.0,0.0,445.512827,81120.937,22.493605,28.081188,13766.371,1777.766,12666.163,92709.875,5113.755,-15583.665,-29980.509,-7.171,100,True,71.210421
JFE_STEEL_JP,JFE Steel,JP,21.95,45.3,ACCELERATED_15C,DISCLOSED_PATH,PORT-B91429E42CEB,CAND-E1C48D333700EA,P7,PORT-B91429E42CEB,445.512827,67071.669,150.549356,True,False,,0.0,1.265341119704999e-05,False,False,True,True,2028,0.0,0.26899984600000015,0.28199871200000004,3,3,0.47620039999999997,0.65,2.2600000000000002,P7,완전 수소·계약형,False,23196.8,2030,9930.8,150.806707,67186.322,67186.322,67769.367,445.512827,150.806707,201.979805,134468.404,89984.594,90567.639,22798.272,44483.81,-0.0,0.0,152.115411,1.308704,250.655258,99.848551,0.0,0.0,0.0,0.0,0.0,445.512827,67769.367,18.791417,23.459349,13766.371,1777.766,13865.202,99601.841,5462.182,-22798.272,-44484.426,-4.34,100,True,62.464402
JFE_STEEL_JP,JFE Steel,JP,21.95,45.3,DISCLOSED_PATH,DISCLOSED_PATH,PORT-7BA11C62DF95,CAND-E2E67FC7600525,P2,PORT-7BA11C62DF95,219.408411,36426.705,166.022372,False,False,2040,0.6424927599999997,-0.6424927599999997,False,False,True,True,2029,0.0,0.07400003299999997,0.0,2,3,0.3119871999999999,0.65,1.1400000000000001,P2,지연·부분헤지,False,13945.8,2029,7326.0,171.147938,37551.297,37551.297,45083.42,219.408411,171.147938,206.116386,47863.885,45223.669,52755.791,7672.372,2650.47,10.254,0.0,205.477172,34.329234,183.18128,12.033342,0.0,0.0,0.0,0.0,0.0,219.408411,45083.42,12.500948,15.606279,6135.569,759.188,6223.103,34773.115,55.324,-7672.372,-2602.1,-120.531,100,True,61.751696
JFE_STEEL_JP,JFE Steel,JP,21.95,45.3,ACCELERATED_15C,DISCLOSED_PATH,PORT-7BA11C62DF95,CAND-E2E67FC7600525,P2,PORT-7BA11C62DF95,219.408411,34953.774,159.309178,False,False,2035,10.98249276,-10.98249276,True,True,True,True,,0.0,0.0,0.0,2,3,0.3119871999999999,0.65,1.1400000000000001,P2,지연·부분헤지,False,13945.8,2029,7326.0,164.585831,36111.516,36111.516,44370.126,219.408411,164.585831,215.905025,50970.406,47371.379,55629.988,11259.863,3575.75,-23.277,0.0,202.226184,37.640353,180.989154,16.403323,0.0,0.0,0.0,0.0,0.0,219.408411,44370.126,12.303163,15.359362,7140.418,759.188,6422.164,36828.987,58.645,-11259.863,-3872.435,34.411,100,True,76.243526
JFE_STEEL_JP,JFE Steel,JP,21.95,45.3,DISCLOSED_PATH,DISCLOSED_PATH,PORT-4577AB24CD05,CAND-E5C3BE482793EF,P4,PORT-4577AB24CD05,389.600851,78510.322,201.51476,True,False,,0.0,1.265341119704999e-05,False,False,True,True,2028,0.0,0.174000033,0.28199871200000004,3,3,0.47620039999999997,0.65,2.2600000000000002,P4,균형형 전환,False,23196.8,2032,9930.8,205.652194,80122.27,80122.27,89119.176,389.600851,205.652194,240.629252,107014.493,93749.361,102746.267,13627.091,13236.281,-28.851,0.0,228.744819,23.092625,239.700199,34.048006,0.0,0.0,0.0,0.0,0.0,389.600851,89119.176,24.711395,30.849895,12236.727,1519.341,11017.167,81191.316,948.178,-13627.091,-13175.082,11.714,100,True,96.255952
JFE_STEEL_JP,JFE Steel,JP,21.95,45.3,ACCELERATED_15C,DISCLOSED_PATH,PORT-4577AB24CD05,CAND-E5C3BE482793EF,P4,PORT-4577AB24CD05,389.600851,73594.491,188.897151,True,False,,0.0,1.265341119704999e-05,False,False,True,True,2028,0.0,0.02400003300000003,0.0,3,3,0.47620039999999997,0.65,2.2600000000000002,P4,균형형 전환,False,23196.8,2032,9930.8,192.929347,75165.438,75165.438,84502.153,389.600851,192.929347,244.265888,114339.117,95166.198,104502.912,20000.76,19168.076,-4.844,0.0,216.894169,23.964821,242.141046,49.211699,0.0,0.0,0.0,0.0,0.0,389.600851,84502.153,23.431165,29.251645,12473.504,1519.341,12152.575,87249.894,1013.895,-20000.76,-19148.655,-94.356,100,True,104.587042
JFE_STEEL_JP,JFE Steel,JP,21.95,45.3,DISCLOSED_PATH,DISCLOSED_PATH,PORT-A7F00CD0D5D9,CAND-E97F5B55830909,P1,PORT-A7F00CD0D5D9,145.575874,2187.854,15.028963,False,False,2030,7.054995810000001,-7.054995810000001,True,True,True,True,,0.0,0.0,0.0,2,3,0.19452160000000007,0.65,0.5,P1,지연·현물조달,False,9950.6,2033,6265.6,16.156099,2351.938,2351.938,3922.683,145.575874,16.156099,51.28188,8161.542,7465.405,9036.149,5113.466,636.22,-59.918,-0.0,26.945967,10.789868,20.938054,4.781954,0.0,0.0,0.0,0.0,0.0,145.575874,3922.683,1.0877,1.357894,3520.146,288.107,4383.056,0.0,0.0,-5113.466,-741.293,15.389,100,True,-93.240143
JFE_STEEL_JP,JFE Steel,JP,21.95,45.3,ACCELERATED_15C,DISCLOSED_PATH,PORT-A7F00CD0D5D9,CAND-E97F5B55830909,P1,PORT-A7F00CD0D5D9,145.575874,94.675,0.650351,False,False,2030,17.39499581,-17.39499581,True,True,True,True,,0.0,0.0,0.0,2,3,0.19452160000000007,0.65,0.5,P1,지연·현물조달,False,9950.6,2033,6265.6,1.834412,267.046,267.046,1929.942,145.575874,1.834412,53.858527,8677.009,7840.502,9503.398,7573.456,764.377,-72.13,-0.0,13.257291,11.422878,7.580603,5.746191,0.0,0.0,0.0,0.0,0.0,145.575874,1929.942,0.535144,0.668077,2963.45,288.107,5329.113,0.0,0.0,-7573.456,-724.575,-15.593,100,True,-86.507893
KOBE_STEEL_JP,Kobe Steel,JP,5.96,14.3,DISCLOSED_PATH,DISCLOSED_PATH,PORT-1144EBE63B41,CAND-4D158AE8BC3521,P3,PORT-1144EBE63B41,102.391093,14716.433,143.727666,True,True,,0.0,9.990856690045291e-05,True,True,True,True,,0.0,0.0,0.0,1,1,0.28332,0.6,1.06,P3,균형형 라이트헤지,False,5037.34,2029,3118.5,147.167397,15068.631,15068.631,17726.281,102.391093,147.167397,182.089947,20422.423,18644.389,21302.039,3575.758,1797.114,19.079,-0.0,173.123275,25.955878,164.532523,17.365126,0.0,0.0,0.0,0.0,0.0,102.391093,17726.281,6.85293,16.625413,2674.299,260.812,2751.502,14661.411,79.798,-3575.758,-1795.651,12.218,100,True,92.511884
KOBE_STEEL_JP,Kobe Steel,JP,5.96,14.3,ACCELERATED_15C,DISCLOSED_PATH,PORT-1144EBE63B41,CAND-4D158AE8BC3521,P3,PORT-1144EBE63B41,102.391093,13664.434,133.453347,True,True,,0.0,9.990856690045291e-05,True,True,True,True,,0.0,0.0,0.0,1,1,0.28332,0.6,1.06,P3,균형형 라이트헤지,False,5037.34,2029,3118.5,136.924656,14019.865,14019.865,16865.443,102.391093,136.924656,188.143398,21766.351,19264.208,22109.786,5244.343,2504.027,1.884,0.0,164.715919,27.791262,161.361765,24.437109,0.0,0.0,0.0,0.0,0.0,102.391093,16865.443,6.520132,15.818036,2853.612,260.812,2762.455,15902.097,84.877,-5244.343,-2592.336,-7.309,100,True,11.907657
KOBE_STEEL_JP,Kobe Steel,JP,5.96,14.3,DISCLOSED_PATH,DISCLOSED_PATH,PORT-1144EBE63B41,CAND-C9EAFC0F482485,P2,PORT-1144EBE63B41,102.391093,15293.987,149.368332,True,True,,0.0,9.990856690045291e-05,True,True,True,True,,0.0,0.0,0.0,1,1,0.28332,0.6,1.06,P2,지연·부분헤지,False,5037.34,2029,3118.5,153.700482,15737.56,15737.56,19085.281,102.391093,153.700482,188.623032,20439.684,19313.318,22661.039,3575.758,1144.614,18.248,-0.0,186.39591,32.695428,164.701104,11.000622,0.0,0.0,0.0,0.0,0.0,102.391093,19085.281,7.378315,17.900014,2691.165,260.812,2778.302,14696.499,23.628,-3575.758,-1157.248,20.16,100,True,99.044969
KOBE_STEEL_JP,Kobe Steel,JP,5.96,14.3,ACCELERATED_15C,DISCLOSED_PATH,PORT-1144EBE63B41,CAND-C9EAFC0F482485,P2,PORT-1144EBE63B41,102.391093,14552.066,142.122383,True,True,,0.0,9.990856690045291e-05,True,True,True,True,,0.0,0.0,0.0,1,1,0.28332,0.6,1.06,P2,지연·부분헤지,False,5037.34,2029,3118.5,146.682478,15018.979,15018.979,18678.03,102.391093,146.682478,197.90122,21790.843,20263.322,23922.373,5244.343,1540.73,13.209,0.0,182.418504,35.736026,161.60097,14.918492,0.0,0.0,0.0,0.0,0.0,102.391093,18678.03,7.220873,17.518055,2414.658,260.812,2902.769,16121.123,25.061,-5244.343,-1468.94,7.84,100,True,21.665479
KOBE_STEEL_JP,Kobe Steel,JP,5.96,14.3,DISCLOSED_PATH,DISCLOSED_PATH,PORT-1144EBE63B41,CAND-DCD679F188D852,P1,PORT-1144EBE63B41,102.391093,15690.435,153.240232,True,True,,0.0,9.990856690045291e-05,True,True,True,True,,0.0,0.0,0.0,1,1,0.28332,0.6,1.06,P1,지연·현물조달,False,5037.34,2029,3118.5,158.255185,16203.921,16203.921,20079.586,102.391093,158.255185,193.177734,20470.007,19779.679,23655.344,3575.758,713.456,23.128,0.0,196.106763,37.851578,164.997252,6.742067,0.0,0.0,0.0,0.0,0.0,102.391093,20079.586,7.76271,18.832569,2702.409,260.812,2805.103,14719.891,0.0,-3575.758,-731.57,23.035,100,True,103.599672
KOBE_STEEL_JP,Kobe Steel,JP,5.96,14.3,ACCELERATED_15C,DISCLOSED_PATH,PORT-1144EBE63B41,CAND-DCD679F188D852,P1,PORT-1144EBE63B41,102.391093,15154.803,148.009,True,True,,0.0,9.990856690045291e-05,True,True,True,True,,0.0,0.0,0.0,1,1,0.28332,0.6,1.06,P1,지연·현물조달,False,5037.34,2029,3118.5,153.328585,15699.481,15699.481,19983.503,102.391093,153.328585,204.547326,21833.933,20943.824,25227.846,5244.343,884.559,-5.55,0.0,195.168376,41.839792,162.021811,8.693227,0.0,0.0,0.0,0.0,0.0,102.391093,19983.503,7.725565,18.742453,2950.689,260.812,2708.479,16027.403,0.0,-5244.343,-1001.007,-2.551,100,True,28.311586
KOBE_STEEL_JP,Kobe Steel,JP,5.96,14.3,DISCLOSED_PATH,DISCLOSED_PATH,PORT-9862FC05DA24,CAND-314B41E5534D98,P3,PORT-9862FC05DA24,105.301092,18546.646,176.129668,True,True,,0.0,9.990856690045291e-05,True,True,True,True,,0.0,0.0,0.0,1,1,0.3612199999999999,0.6,1.54,P3,균형형 라이트헤지,False,6178.04,2029,3118.5,181.519275,19114.178,19114.178,22322.57,105.301092,181.519275,216.438409,25069.739,22791.201,25999.593,3677.023,2269.861,-8.677,-0.0,211.988018,30.468743,203.157587,21.638313,0.0,0.0,0.0,0.0,0.0,105.301092,22322.57,8.629842,20.936255,3407.487,300.432,2592.148,18768.286,96.846,-3677.023,-2313.138,-60.861,100,True,126.863762
KOBE_STEEL_JP,Kobe Steel,JP,5.96,14.3,ACCELERATED_15C,DISCLOSED_PATH,PORT-9862FC05DA24,CAND-314B41E5534D98,P3,PORT-9862FC05DA24,105.301092,17627.204,167.398115,True,True,,0.0,9.990856690045291e-05,True,True,True,True,,0.0,0.0,0.0,1,1,0.3612199999999999,0.6,1.54,P3,균형형 라이트헤지,False,6178.04,2029,3118.5,172.898903,18206.443,18206.443,21522.338,105.301092,172.898903,224.139982,26794.865,23602.185,26918.079,5395.742,3170.183,-22.497,0.0,204.388551,31.489648,203.218437,30.319534,0.0,0.0,0.0,0.0,0.0,105.301092,21522.338,8.320474,20.18572,3407.487,300.432,2843.603,20230.533,103.303,-5395.742,-3231.158,-52.016,100,True,47.881904
KOBE_STEEL_JP,Kobe Steel,JP,5.96,14.3,DISCLOSED_PATH,DISCLOSED_PATH,PORT-9862FC05DA24,CAND-CE22CF7F8F72DA,P2,PORT-9862FC05DA24,105.301092,19272.91,183.02669,True,True,,0.0,9.990856690045291e-05,True,True,True,True,,0.0,0.0,0.0,1,1,0.3612199999999999,0.6,1.54,P2,지연·부분헤지,False,6178.04,2029,3118.5,189.810859,19987.291,19987.291,24026.454,105.301092,189.810859,224.729993,25132.3,23664.314,27703.477,3677.023,1455.307,-12.679,0.0,228.16909,38.358231,203.751708,13.940849,0.0,0.0,0.0,0.0,0.0,105.301092,24026.454,9.288559,22.534322,3051.679,300.432,2596.817,19016.878,28.499,-3677.023,-1403.387,73.395,100,True,135.155346
KOBE_STEEL_JP,Kobe Steel,JP,5.96,14.3,ACCELERATED_15C,DISCLOSED_PATH,PORT-9862FC05DA24,CAND-CE22CF7F8F72DA,P2,PORT-9862FC05DA24,105.301092,18743.254,177.996762,True,True,,0.0,9.990856690045291e-05,True,True,True,True,,0.0,0.0,0.0,1,1,0.3612199999999999,0.6,1.54,P2,지연·부분헤지,False,6178.04,2029,3118.5,185.094424,19490.645,19490.645,23769.803,105.301092,185.094424,236.335503,26862.12,24886.387,29165.545,5395.742,1961.376,-14.357,0.0,225.731781,40.637356,203.857125,18.762701,0.0,0.0,0.0,0.0,0.0,105.301092,23769.803,9.189338,22.293609,3455.092,300.432,2861.937,20325.428,30.296,-5395.742,-2026.037,-60.762,100,True,60.077425
KOBE_STEEL_JP,Kobe Steel,JP,5.96,14.3,DISCLOSED_PATH,DISCLOSED_PATH,PORT-9862FC05DA24,CAND-B3597FD7767497,P1,PORT-9862FC05DA24,105.301092,19771.105,187.757835,True,True,,0.0,9.990856690045291e-05,True,True,True,True,,0.0,0.0,0.0,1,1,0.3612199999999999,0.6,1.54,P1,지연·현물조달,False,6178.04,2029,3118.5,195.579147,20594.698,20594.698,25248.633,105.301092,195.579147,230.498281,25195.569,24271.721,28925.656,3677.023,915.877,-7.971,0.0,239.775605,44.196459,204.352544,8.773397,0.0,0.0,0.0,0.0,0.0,105.301092,25248.633,9.761049,23.680599,3032.989,300.432,2612.047,19093.057,0.0,-3677.023,-848.316,81.512,100,True,140.923634
KOBE_STEEL_JP,Kobe Steel,JP,5.96,14.3,ACCELERATED_15C,DISCLOSED_PATH,PORT-9862FC05DA24,CAND-B3597FD7767497,P1,PORT-9862FC05DA24,105.301092,19500.781,185.19068,True,True,,0.0,9.990856690045291e-05,True,True,True,True,,0.0,0.0,0.0,1,1,0.3612199999999999,0.6,1.54,P1,지연·현물조달,False,6178.04,2029,3118.5,193.497647,20375.514,20375.514,25380.926,105.301092,193.497647,244.738726,26930.245,25771.255,30776.668,5395.742,1144.938,-14.051,-0.0,241.031939,47.534292,204.50408,11.006432,0.0,0.0,0.0,0.0,0.0,105.301092,25380.926,9.812194,23.804676,3032.989,300.432,2869.0,20563.364,0.0,-5395.742,-1060.483,65.953,100,True,68.480648
KOBE_STEEL_JP,Kobe Steel,JP,5.96,14.3,DISCLOSED_PATH,DISCLOSED_PATH,PORT-8384667F6B8E,CAND-9DD8DD0C56A40D,P3,PORT-8384667F6B8E,96.451092,4978.625,51.618125,True,True,,0.0,9.990856690045291e-05,True,True,True,True,,0.0,0.0,0.0,1,1,0.28332,0.6,1.06,P3,균형형 라이트헤지,False,4999.94,2037,3019.5,54.655513,5271.584,5271.584,6441.301,96.451092,54.655513,89.571111,9540.651,8639.231,9808.949,3367.648,902.809,1.39,0.0,66.783084,12.127571,64.001385,9.345871,0.0,0.0,0.0,0.0,0.0,96.451092,6441.301,2.490189,6.041272,2440.573,148.869,2834.562,4121.697,39.463,-3367.648,-944.596,-1.337,100,True,0.0
KOBE_STEEL_JP,Kobe Steel,JP,5.96,14.3,ACCELERATED_15C,DISCLOSED_PATH,PORT-8384667F6B8E,CAND-9DD8DD0C56A40D,P3,PORT-8384667F6B8E,96.451092,3812.491,39.527711,False,False,2035,0.6138637290849003,-0.6138637290849003,True,True,True,True,,0.0,0.0,0.0,1,1,0.28332,0.6,1.06,P3,균형형 라이트헤지,False,4999.94,2037,3019.5,42.747461,4123.039,4123.039,5379.152,96.451092,42.747461,94.012597,10253.088,9067.618,10323.73,4944.578,1186.354,0.884,-0.0,55.770774,13.023312,55.038356,12.290895,0.0,0.0,0.0,0.0,0.0,96.451092,5379.152,2.079565,5.045087,2127.537,148.869,3401.029,4474.313,42.197,-4944.578,-1140.865,14.538,100,True,-82.269538
KOBE_STEEL_JP,Kobe Steel,JP,5.96,14.3,DISCLOSED_PATH,DISCLOSED_PATH,PORT-8384667F6B8E,CAND-7F0A690E87B72D,P2,PORT-8384667F6B8E,96.451092,5119.663,53.080408,True,True,,0.0,9.990856690045291e-05,True,True,True,True,,0.0,0.0,0.0,1,1,0.28332,0.6,1.06,P2,지연·부분헤지,False,4999.94,2037,3019.5,56.895858,5487.668,5487.668,6953.387,96.451092,56.895858,91.811456,9578.05,8855.315,10321.034,3367.648,733.83,11.095,0.0,72.092357,15.196499,64.389138,7.49328,0.0,0.0,0.0,0.0,0.0,96.451092,6953.387,2.688159,6.521555,2484.501,148.869,2811.973,4176.976,12.756,-3367.648,-779.976,0.216,100,True,2.240345
KOBE_STEEL_JP,Kobe Steel,JP,5.96,14.3,ACCELERATED_15C,DISCLOSED_PATH,PORT-8384667F6B8E,CAND-7F0A690E87B72D,P2,PORT-8384667F6B8E,96.451092,4027.512,41.757041,False,False,2035,0.6138637290849003,-0.6138637290849003,True,True,True,True,,0.0,0.0,0.0,1,1,0.28332,0.6,1.06,P2,지연·부분헤지,False,4999.94,2037,3019.5,45.873604,4424.559,4424.559,6016.443,96.451092,45.873604,97.13874,10296.556,9369.137,10961.021,4944.578,934.426,7.008,-0.0,62.378175,16.50457,55.489027,9.615423,0.0,0.0,0.0,0.0,0.0,96.451092,6016.443,2.32594,5.642799,2099.226,148.869,3438.354,4523.199,13.571,-4944.578,-871.629,17.548,100,True,-79.143395
KOBE_STEEL_JP,Kobe Steel,JP,5.96,14.3,DISCLOSED_PATH,DISCLOSED_PATH,PORT-8384667F6B8E,CAND-D80CE96AA3B5C1,P1,PORT-8384667F6B8E,96.451092,5217.907,54.098993,True,True,,0.0,9.990856690045291e-05,True,True,True,True,,0.0,0.0,0.0,1,1,0.28332,0.6,1.06,P1,지연·현물조달,False,4999.94,2037,3019.5,58.55092,5647.3,5647.3,7339.911,96.451092,58.55092,93.466518,9628.998,9014.948,10707.558,3367.648,616.861,2.811,0.0,76.09982,17.5489,64.917366,6.366446,0.0,0.0,0.0,0.0,0.0,96.451092,7339.911,2.837588,6.884075,2116.576,148.869,3406.331,3928.341,0.0,-3367.648,-568.671,-16.498,100,True,3.895407
KOBE_STEEL_JP,Kobe Steel,JP,5.96,14.3,ACCELERATED_15C,DISCLOSED_PATH,PORT-8384667F6B8E,CAND-D80CE96AA3B5C1,P1,PORT-8384667F6B8E,96.451092,4175.21,43.288359,False,False,2035,0.6138637290849003,-0.6138637290849003,True,True,True,True,,0.0,0.0,0.0,1,1,0.28332,0.6,1.06,P1,지연·현물조달,False,4999.94,2037,3019.5,48.245825,4653.362,4653.362,6511.968,96.451092,48.245825,99.51096,10344.417,9597.941,11456.546,4944.578,758.033,11.557,-0.0,67.515751,19.269927,55.985252,7.739427,0.0,0.0,0.0,0.0,0.0,96.451092,6511.968,2.517508,6.10755,2080.352,148.869,3475.678,4555.791,0.0,-4944.578,-688.181,25.432,100,True,-76.771174
KOBE_STEEL_JP,Kobe Steel,JP,5.96,14.3,DISCLOSED_PATH,DISCLOSED_PATH,PORT-8A59F01B884D,CAND-B51B2DE2F2D28C,P4,PORT-8A59F01B884D,114.781594,15757.538,137.282794,True,False,,0.0,9.990856690045291e-05,False,False,True,True,2028,0.0,0.012250011000000005,0.0,1,1,0.28332,0.6,1.06,P4,균형형 전환,False,5037.34,2028,3118.5,140.433683,16119.202,16119.202,17978.408,114.781594,140.433683,175.248598,22805.715,20115.313,21974.519,3996.111,2697.503,7.101,0.0,156.631453,16.19777,163.872996,23.439314,0.0,0.0,0.0,0.0,0.0,114.781594,17978.408,6.950401,16.861881,2937.422,294.906,3153.84,16274.557,202.912,-3996.111,-2723.253,-25.072,100,True,85.77817
KOBE_STEEL_JP,Kobe Steel,JP,5.96,14.3,ACCELERATED_15C,DISCLOSED_PATH,PORT-8A59F01B884D,CAND-B51B2DE2F2D28C,P4,PORT-8A59F01B884D,114.781594,14200.239,123.715296,True,True,,0.0,9.990856690045291e-05,True,True,True,True,,0.0,0.0,0.0,1,1,0.28332,0.6,1.06,P4,균형형 전환,False,5037.34,2028,3118.5,127.224971,14603.085,14603.085,16476.907,114.781594,127.224971,178.052468,24284.658,20437.146,22310.968,5834.061,3845.158,-2.354,-0.0,143.550083,16.325112,160.74526,33.520289,0.0,0.0,0.0,0.0,0.0,114.781594,16476.907,6.369925,15.45363,2698.749,294.906,3377.705,17683.15,215.704,-5834.061,-3845.331,12.263,100,True,2.207972
KOBE_STEEL_JP,Kobe Steel,JP,5.96,14.3,DISCLOSED_PATH,DISCLOSED_PATH,PORT-F194BB679477,CAND-0E9003448A63C3,P7,PORT-F194BB679477,131.48782,19837.419,150.868867,True,False,,0.0,9.990856690045291e-05,False,False,True,True,2028,0.0,0.012250011000000005,0.0,1,1,0.3612199999999999,0.6,1.54,P7,완전 수소·계약형,False,6178.04,2028,3118.5,151.118842,19870.287,19870.287,20040.677,131.48782,151.118842,186.011489,31860.936,24458.245,24628.635,4587.958,7402.69,0.0,0.0,152.414701,1.295859,207.41828,56.299439,0.0,0.0,0.0,0.0,0.0,131.48782,20040.677,7.747668,18.796076,3524.968,384.34,3200.302,23447.889,1295.513,-4587.958,-7400.483,5.715,100,True,96.463329
KOBE_STEEL_JP,Kobe Steel,JP,5.96,14.3,ACCELERATED_15C,DISCLOSED_PATH,PORT-F194BB679477,CAND-0E9003448A63C3,P7,PORT-F194BB679477,131.48782,16410.005,124.802469,True,True,,0.0,9.990856690045291e-05,True,True,True,True,,0.0,0.0,0.0,1,1,0.3612199999999999,0.6,1.54,P7,완전 수소·계약형,False,6178.04,2028,3118.5,125.016999,16438.213,16438.213,16591.889,131.48782,125.016999,176.042431,34006.934,23147.436,23301.112,6709.223,10859.498,-0.0,0.0,126.185751,1.168752,207.606382,82.589383,0.0,0.0,0.0,0.0,0.0,131.48782,16591.889,6.414377,15.561471,3524.968,384.34,3504.648,25197.449,1384.082,-6709.223,-10855.266,7.215,100,True,0.0
KOBE_STEEL_JP,Kobe Steel,JP,5.96,14.3,DISCLOSED_PATH,DISCLOSED_PATH,PORT-6AF097B8F6F8,CAND-C9A7A01CF97824,P6,PORT-6AF097B8F6F8,124.953456,19282.898,154.320643,True,False,,0.0,9.990856690045291e-05,False,False,True,True,2028,0.0,0.012250011000000005,0.0,1,1,0.3612199999999999,0.6,1.54,P6,조기 고헤지,False,6178.04,2028,3118.5,155.290674,19404.106,19404.106,19987.334,124.953456,155.290674,190.14798,30077.081,23759.647,24342.875,4355.541,6317.434,0.0,-0.0,159.958229,4.667555,205.848969,50.558295,0.0,0.0,0.0,0.0,0.0,124.953456,19987.334,7.727046,18.746045,3472.961,364.57,3045.551,22324.378,858.939,-4355.541,-6315.249,8.497,100,True,100.635161
KOBE_STEEL_JP,Kobe Steel,JP,5.96,14.3,ACCELERATED_15C,DISCLOSED_PATH,PORT-6AF097B8F6F8,CAND-C9A7A01CF97824,P6,PORT-6AF097B8F6F8,124.953456,16389.379,131.163871,True,True,,0.0,9.990856690045291e-05,True,True,True,True,,0.0,0.0,0.0,1,1,0.3612199999999999,0.6,1.54,P6,조기 고헤지,False,6178.04,2028,3118.5,132.049755,16500.073,16500.073,17042.064,124.953456,132.049755,183.01237,32101.601,22868.028,23410.019,6367.955,9233.572,0.0,0.0,136.387298,4.337544,205.945849,73.896094,0.0,0.0,0.0,0.0,0.0,124.953456,17042.064,6.588413,15.983688,3472.961,364.57,3335.254,23991.992,917.559,-6367.955,-9226.567,12.26,100,True,7.032756
KOBE_STEEL_JP,Kobe Steel,JP,5.96,14.3,DISCLOSED_PATH,DISCLOSED_PATH,PORT-0095E30DB97C,CAND-DDE822F7D41D2E,P5,PORT-0095E30DB97C,118.419093,19329.235,163.227356,True,False,,0.0,9.990856690045291e-05,False,False,True,True,2028,0.0,0.012250011000000005,0.0,1,1,0.3612199999999999,0.6,1.54,P5,조기 계약형 전환,False,6178.04,2028,3118.5,165.43487,19590.647,19590.647,21084.789,118.419093,165.43487,200.253349,28462.787,23713.82,25207.962,4123.173,4735.504,-13.463,0.0,178.052278,12.617408,205.537922,40.103052,0.0,0.0,0.0,0.0,0.0,118.419093,21084.789,8.151319,19.775345,3822.015,345.83,2888.661,20982.907,447.573,-4123.173,-4773.853,0.686,100,True,110.779357
KOBE_STEEL_JP,Kobe Steel,JP,5.96,14.3,ACCELERATED_15C,DISCLOSED_PATH,PORT-0095E30DB97C,CAND-DDE822F7D41D2E,P5,PORT-0095E30DB97C,118.419093,17219.924,145.415098,True,True,,0.0,9.990856690045291e-05,True,True,True,True,,0.0,0.0,0.0,1,1,0.3612199999999999,0.6,1.54,P5,조기 계약형 전환,False,6178.04,2028,3118.5,147.609452,17479.777,17479.777,18940.421,118.419093,147.609452,198.47786,30375.2,23503.568,24964.212,6023.791,6871.632,0.0,0.0,159.943982,12.33453,205.637528,58.028077,0.0,0.0,0.0,0.0,0.0,118.419093,18940.421,7.322313,17.76415,3822.015,345.83,3164.996,22589.797,477.943,-6023.791,-6894.905,-2.108,100,True,22.592453
KOBE_STEEL_JP,Kobe Steel,JP,5.96,14.3,DISCLOSED_PATH,DISCLOSED_PATH,PORT-0095E30DB97C,CAND-352C3A40240600,P4,PORT-0095E30DB97C,118.419093,20394.844,172.225976,True,False,,0.0,9.990856690045291e-05,False,False,True,True,2028,0.0,0.012250011000000005,0.0,1,1,0.3612199999999999,0.6,1.54,P4,균형형 전환,False,6178.04,2028,3118.5,175.872481,20826.66,20826.66,23407.327,118.419093,175.872481,210.69096,28433.25,24949.832,27530.499,4123.173,3471.338,-12.079,0.0,197.665141,21.79266,205.288492,29.416011,0.0,0.0,0.0,0.0,0.0,118.419093,23407.327,9.049206,21.953644,3339.149,345.83,2934.035,21526.153,252.15,-4123.173,-3452.826,5.341,100,True,121.216968
KOBE_STEEL_JP,Kobe Steel,JP,5.96,14.3,ACCELERATED_15C,DISCLOSED_PATH,PORT-0095E30DB97C,CAND-352C3A40240600,P4,PORT-0095E30DB97C,118.419093,18902.043,159.619897,True,True,,0.0,9.990856690045291e-05,True,True,True,True,,0.0,0.0,0.0,1,1,0.3612199999999999,0.6,1.54,P4,균형형 전환,False,6178.04,2028,3118.5,163.280315,19335.507,19335.507,21985.369,118.419093,163.280315,214.148723,30352.109,25359.297,28009.159,6023.791,4982.482,-10.33,0.0,185.657297,22.376982,205.442535,42.16222,0.0,0.0,0.0,0.0,0.0,118.419093,21985.369,8.499481,20.619995,3425.492,345.83,3189.473,23112.188,269.054,-6023.791,-4966.916,-15.824,100,True,38.263316
KOBE_STEEL_JP,Kobe Steel,JP,5.96,14.3,DISCLOSED_PATH,DISCLOSED_PATH,PORT-3DA05887C62D,CAND-17BC99375C7C5C,P1,PORT-3DA05887C62D,93.541093,1137.237,12.157617,True,False,,0.0,9.990856690045291e-05,False,False,True,True,2037,0.9639992259999994,0.0,0.0,1,1,0.19591999999999998,0.6,0.58,P1,지연·현물조달,False,3859.24,2029,1940.4,13.518765,1264.56,1264.56,2032.155,93.541093,13.518765,48.437991,4935.376,4530.943,5298.538,3266.383,421.15,16.716,0.0,21.72473,8.205965,17.842353,4.323589,0.0,0.0,0.0,0.0,0.0,93.541093,2032.155,0.785625,1.905951,1236.74,109.248,3511.242,0.0,0.0,-3266.383,-308.559,-17.728,100,True,-41.136748
KOBE_STEEL_JP,Kobe Steel,JP,5.96,14.3,ACCELERATED_15C,DISCLOSED_PATH,PORT-3DA05887C62D,CAND-17BC99375C7C5C,P1,PORT-3DA05887C62D,93.541093,-170.768,-1.825594,False,False,2035,0.6138637290849003,-0.6138637290849003,True,True,True,True,,0.0,0.0,0.0,1,1,0.19591999999999998,0.6,0.58,P1,지연·현물조달,False,3859.24,2029,1940.4,-0.18866,-17.647,-17.647,764.388,93.541093,-0.18866,51.052774,5247.047,4775.532,5557.568,4793.18,505.526,34.011,0.0,8.171679,8.36034,4.852068,5.040728,0.0,0.0,0.0,0.0,0.0,93.541093,764.388,0.29551,0.716916,1659.636,109.248,3535.906,0.0,0.0,-4793.18,-497.028,-32.23,100,True,-125.205659
KOBE_STEEL_JP,Kobe Steel,JP,5.96,14.3,DISCLOSED_PATH,DISCLOSED_PATH,PORT-5EAB84C29074,CAND-202E0A81514742,P2,PORT-5EAB84C29074,85.5131,14825.492,173.371009,False,False,2040,0.1489979539999986,-0.1489979539999986,True,True,True,True,,0.0,0.0,0.0,1,1,0.25216000000000005,0.6,0.8999999999999999,P2,지연·부분헤지,False,3997.29,2029,3118.5,177.560864,15183.78,15183.78,18371.54,85.5131,177.560864,212.507806,19150.629,18172.201,21359.962,2988.421,984.953,6.525,0.0,214.838899,37.278035,189.002715,11.441851,0.0,0.0,0.0,0.0,0.0,85.5131,18371.54,7.102385,17.230599,1875.272,232.512,2038.569,14886.346,21.578,-2988.421,-932.04,49.966,100,True,122.905351
KOBE_STEEL_JP,Kobe Steel,JP,5.96,14.3,ACCELERATED_15C,DISCLOSED_PATH,PORT-5EAB84C29074,CAND-202E0A81514742,P2,PORT-5EAB84C29074,85.5131,14326.694,167.538008,False,False,2040,3.128997953999999,-3.128997953999999,True,True,True,True,,0.0,0.0,0.0,1,1,0.25216000000000005,0.6,0.8999999999999999,P2,지연·부분헤지,False,3997.29,2029,3118.5,172.395251,14742.052,14742.052,18170.579,85.5131,172.395251,223.454461,20386.989,19108.284,22536.81,4366.231,1342.111,63.405,0.0,212.48883,40.093579,187.348582,14.95333,0.0,0.0,0.0,0.0,0.0,85.5131,18170.579,7.024694,17.042118,1875.272,232.512,2224.583,15940.45,22.892,-4366.231,-1272.003,84.578,100,True,47.378252
KOBE_STEEL_JP,Kobe Steel,JP,5.96,14.3,DISCLOSED_PATH,DISCLOSED_PATH,PORT-661396C334A7,CAND-20911E55FBB215,P3,PORT-661396C334A7,45.121088,3682.591,81.615735,False,False,2030,3.7213640190848984,-3.7213640190848984,True,True,True,True,,0.0,0.0,0.0,1,1,0.25216000000000005,0.6,0.8999999999999999,P3,균형형 라이트헤지,False,3925.79,2037,3019.5,86.571418,3906.197,3906.197,4797.467,45.121088,86.571418,121.43915,6104.79,5479.467,6370.737,1573.27,642.759,17.436,0.0,106.324285,19.752867,100.430193,13.858774,0.0,0.0,0.0,0.0,0.0,45.121088,4797.467,1.854687,4.499527,1068.743,40.609,640.412,4282.168,24.282,-1573.27,-570.932,-5.816,100,True,31.915905
KOBE_STEEL_JP,Kobe Steel,JP,5.96,14.3,ACCELERATED_15C,DISCLOSED_PATH,PORT-661396C334A7,CAND-20911E55FBB215,P3,PORT-661396C334A7,45.121088,3163.697,70.1157,False,False,2030,4.891364019084899,-4.891364019084899,True,True,True,True,,0.0,0.0,0.0,1,1,0.25216000000000005,0.6,0.8999999999999999,P3,균형형 라이트헤지,False,3925.79,2037,3019.5,75.525797,3407.806,3407.806,4334.615,45.121088,75.525797,127.116559,6594.964,5735.637,6662.447,2327.831,876.634,17.308,-0.0,96.066282,20.540485,94.570698,19.044901,0.0,0.0,0.0,0.0,0.0,45.121088,4334.615,1.67575,4.065419,1533.18,40.609,669.045,4359.535,26.042,-2327.831,-908.653,15.881,100,True,-49.491202
KOBE_STEEL_JP,Kobe Steel,JP,5.96,14.3,DISCLOSED_PATH,DISCLOSED_PATH,PORT-661396C334A7,CAND-344C7E39FA18A3,P1,PORT-661396C334A7,45.121088,3926.654,87.024798,False,False,2030,3.7213640190848984,-3.7213640190848984,True,True,True,True,,0.0,0.0,0.0,1,1,0.25216000000000005,0.6,0.8999999999999999,P1,지연·현물조달,False,3925.79,2037,3019.5,94.342348,4256.829,4256.829,5540.611,45.121088,94.342348,129.210079,6163.616,5830.099,7113.881,1573.27,360.269,26.752,0.0,122.794277,28.451929,101.733945,7.391597,0.0,0.0,0.0,0.0,0.0,45.121088,5540.611,2.141985,5.196519,947.819,40.609,667.185,4427.789,0.0,-1573.27,-233.479,-19.823,100,True,39.686835
KOBE_STEEL_JP,Kobe Steel,JP,5.96,14.3,ACCELERATED_15C,DISCLOSED_PATH,PORT-661396C334A7,CAND-344C7E39FA18A3,P1,PORT-661396C334A7,45.121088,3540.297,78.462134,False,False,2030,4.891364019084899,-4.891364019084899,True,True,True,True,,0.0,0.0,0.0,1,1,0.25216000000000005,0.6,0.8999999999999999,P1,지연·현물조달,False,3925.79,2037,3019.5,86.660125,3910.199,3910.199,5315.692,45.121088,86.660125,138.250887,6652.9,6238.03,7643.523,2327.831,450.441,35.572,0.0,117.809485,31.14936,95.854704,9.194579,0.0,0.0,0.0,0.0,0.0,45.121088,5315.692,2.055031,4.985568,1627.543,40.609,671.748,4436.812,0.0,-2327.831,-525.458,-13.223,100,True,-38.356874
KOBE_STEEL_JP,Kobe Steel,JP,5.96,14.3,DISCLOSED_PATH,DISCLOSED_PATH,PORT-ED997010A5D3,CAND-7994EC1E34FADB,P4,PORT-ED997010A5D3,93.684102,15219.838,162.45913,False,False,2040,0.1489979539999986,-0.1489979539999986,False,False,True,True,2028,0.0,0.012250011000000005,0.0,1,1,0.25216000000000005,0.6,0.8999999999999999,P4,균형형 전환,False,3997.29,2028,3118.5,165.141016,15471.088,15471.088,17294.237,93.684102,165.141016,199.929805,21266.14,18730.244,20553.394,3259.156,2525.023,-10.873,0.0,184.601623,19.460607,192.209602,27.068585,0.0,0.0,0.0,0.0,0.0,93.684102,17294.237,6.685903,16.2202,2147.522,258.532,2248.791,16389.118,188.977,-3259.156,-2509.37,6.676,100,True,110.485503
KOBE_STEEL_JP,Kobe Steel,JP,5.96,14.3,ACCELERATED_15C,DISCLOSED_PATH,PORT-ED997010A5D3,CAND-7994EC1E34FADB,P4,PORT-ED997010A5D3,93.684102,13960.332,149.01495,False,False,2040,3.128997953999999,-3.128997953999999,True,True,True,True,,0.0,0.0,0.0,1,1,0.25216000000000005,0.6,0.8999999999999999,P4,균형형 전환,False,3997.29,2028,3118.5,151.766849,14218.141,14218.141,16048.543,93.684102,151.766849,202.294412,22620.34,18951.77,20782.173,4733.629,3645.82,-22.75,-0.0,171.304873,19.538024,190.92579,39.15894,0.0,0.0,0.0,0.0,0.0,93.684102,16048.543,6.204321,15.051869,2492.564,258.532,2408.392,17257.111,200.782,-4733.629,-3683.867,18.256,100,True,26.74985
KOBE_STEEL_JP,Kobe Steel,JP,5.96,14.3,DISCLOSED_PATH,DISCLOSED_PATH,PORT-5EAB84C29074,CAND-88A58A95717947,P1,PORT-5EAB84C29074,85.5131,15223.673,178.027382,False,False,2040,0.1489979539999986,-0.1489979539999986,True,True,True,True,,0.0,0.0,0.0,1,1,0.25216000000000005,0.6,0.8999999999999999,P1,지연·현물조달,False,3997.29,2029,3118.5,182.857566,15636.717,15636.717,19322.79,85.5131,182.857566,217.804508,19171.375,18625.139,22311.211,2988.421,540.95,-5.286,0.0,225.962921,43.105355,189.245312,6.387746,0.0,0.0,0.0,0.0,0.0,85.5131,19322.79,7.470135,18.122772,2338.072,232.512,2050.143,14686.031,0.0,-2988.421,-627.598,-54.021,100,True,128.202053
KOBE_STEEL_JP,Kobe Steel,JP,5.96,14.3,ACCELERATED_15C,DISCLOSED_PATH,PORT-5EAB84C29074,CAND-88A58A95717947,P1,PORT-5EAB84C29074,85.5131,14931.22,174.607399,False,False,2040,3.128997953999999,-3.128997953999999,True,True,True,True,,0.0,0.0,0.0,1,1,0.25216000000000005,0.6,0.8999999999999999,P1,지연·현물조달,False,3997.29,2029,3118.5,180.356009,15422.801,15422.801,19444.366,85.5131,180.356009,231.415219,20408.618,19789.033,23810.597,4366.231,676.285,56.7,0.0,227.384645,47.028636,187.601506,7.245497,0.0,0.0,0.0,0.0,0.0,85.5131,19444.366,7.517136,18.236798,1852.91,232.512,2233.957,15986.48,0.0,-4366.231,-615.684,98.858,100,True,55.33901
KOBE_STEEL_JP,Kobe Steel,JP,5.96,14.3,DISCLOSED_PATH,DISCLOSED_PATH,PORT-5EAB84C29074,CAND-8D7AF2E68805C6,P3,PORT-5EAB84C29074,85.5131,14244.764,166.579905,False,False,2040,0.1489979539999986,-0.1489979539999986,True,True,True,True,,0.0,0.0,0.0,1,1,0.25216000000000005,0.6,0.8999999999999999,P3,균형형 라이트헤지,False,3997.29,2029,3118.5,169.911485,14529.658,14529.658,17054.448,85.5131,169.911485,204.858426,19145.204,17518.079,20042.87,2988.421,1625.104,-2.021,0.0,199.436674,29.525189,188.939271,19.027787,0.0,0.0,0.0,0.0,0.0,85.5131,17054.448,6.593201,15.995303,1908.815,232.512,2029.798,14819.616,74.057,-2988.421,-1589.304,42.586,100,True,115.255972
KOBE_STEEL_JP,Kobe Steel,JP,5.96,14.3,ACCELERATED_15C,DISCLOSED_PATH,PORT-5EAB84C29074,CAND-8D7AF2E68805C6,P3,PORT-5EAB84C29074,85.5131,13435.753,157.119237,False,False,2040,3.128997953999999,-3.128997953999999,True,True,True,True,,0.0,0.0,0.0,1,1,0.25216000000000005,0.6,0.8999999999999999,P3,균형형 라이트헤지,False,3997.29,2029,3118.5,160.821477,13752.343,13752.343,16401.626,85.5131,160.821477,211.880687,20381.416,18118.574,20767.857,4366.231,2305.493,42.651,-0.0,191.802498,30.98102,187.283413,26.461936,0.0,0.0,0.0,0.0,0.0,85.5131,16401.626,6.340822,15.383024,1896.8,232.512,2220.776,16021.965,78.779,-4366.231,-2267.024,-65.234,100,True,35.804478
KOBE_STEEL_JP,Kobe Steel,JP,5.96,14.3,DISCLOSED_PATH,DISCLOSED_PATH,PORT-661396C334A7,CAND-9D068D97FB272C,P2,PORT-661396C334A7,45.121088,3827.194,84.820518,False,False,2030,3.7213640190848984,-3.7213640190848984,True,True,True,True,,0.0,0.0,0.0,1,1,0.25216000000000005,0.6,0.8999999999999999,P2,지연·부분헤지,False,3925.79,2037,3019.5,91.112845,4111.111,4111.111,5228.753,45.121088,91.112845,125.980577,6136.955,5684.381,6802.023,1573.27,476.057,23.483,0.0,115.882689,24.769844,101.143059,10.030214,0.0,0.0,0.0,0.0,0.0,45.121088,5228.753,2.021421,4.904028,1567.803,40.609,599.938,3968.517,7.479,-1573.27,-512.108,12.143,100,True,36.457332
KOBE_STEEL_JP,Kobe Steel,JP,5.96,14.3,ACCELERATED_15C,DISCLOSED_PATH,PORT-661396C334A7,CAND-9D068D97FB272C,P2,PORT-661396C334A7,45.121088,3387.857,75.083668,False,False,2030,4.891364019084899,-4.891364019084899,True,True,True,True,,0.0,0.0,0.0,1,1,0.25216000000000005,0.6,0.8999999999999999,P2,지연·부분헤지,False,3925.79,2037,3019.5,82.063609,3702.799,3702.799,4902.161,45.121088,82.063609,133.654371,6624.448,6030.631,7229.992,2327.831,628.773,34.956,0.0,108.644566,26.580957,95.224128,13.160519,0.0,0.0,0.0,0.0,0.0,45.121088,4902.161,1.895161,4.597719,1600.387,40.609,668.252,4416.119,7.969,-2327.831,-685.051,-17.655,100,True,-42.95339
KOBE_STEEL_JP,Kobe Steel,JP,5.96,14.3,DISCLOSED_PATH,DISCLOSED_PATH,PORT-D7B02E3224C4,CAND-B928C0FFDA3842,P1,PORT-D7B02E3224C4,76.663099,670.475,8.745735,False,False,2040,0.886498003999999,-0.886498003999999,True,True,True,True,,0.0,0.0,0.0,1,1,0.1609600000000001,0.6,0.42000000000000004,P1,지연·현물조달,False,2819.19,2029,1940.4,9.801645,751.425,751.425,1412.761,76.663099,9.801645,44.747348,3663.111,3430.47,4091.807,2679.046,249.026,16.386,0.0,18.428172,8.626526,12.836225,3.03458,0.0,0.0,0.0,0.0,0.0,76.663099,1412.761,0.546169,1.325023,1022.211,80.948,2570.033,0.0,0.0,-2679.046,-231.764,-10.956,100,True,-44.853868
KOBE_STEEL_JP,Kobe Steel,JP,5.96,14.3,ACCELERATED_15C,DISCLOSED_PATH,PORT-D7B02E3224C4,CAND-B928C0FFDA3842,P1,PORT-D7B02E3224C4,76.663099,-394.351,-5.143954,False,False,2035,3.8664980039999994,-3.8664980039999994,True,True,True,True,,0.0,0.0,0.0,1,1,0.1609600000000001,0.6,0.42000000000000004,P1,지연·현물조달,False,2819.19,2029,1940.4,-3.898268,-298.853,-298.853,350.486,76.663099,-3.898268,47.170213,3902.202,3616.215,4265.554,3915.068,298.987,13.0,0.0,4.571765,8.470033,-0.167829,3.730439,0.0,0.0,0.0,0.0,0.0,76.663099,350.486,0.135497,0.328719,1091.615,80.948,2726.64,0.0,0.0,-3915.068,-293.225,10.237,100,True,-128.915267
KOBE_STEEL_JP,Kobe Steel,JP,5.96,14.3,DISCLOSED_PATH,DISCLOSED_PATH,PORT-0CA13428C264,CAND-E9169FB41B03EE,P1,PORT-0CA13428C264,42.211089,-154.017,-3.648723,False,False,2030,3.7213640190848984,-3.7213640190848984,True,True,True,True,,0.0,0.0,0.0,1,1,0.1609600000000001,0.6,0.42000000000000004,P1,지연·현물조달,False,2785.09,2037,1878.8,-2.267889,-95.73,-95.73,174.215,42.211089,-2.267889,32.604583,1548.827,1376.275,1646.22,1472.005,166.115,-6.436,0.0,4.127224,6.395113,1.81994,4.087829,0.0,0.0,0.0,0.0,0.0,42.211089,174.215,0.067351,0.163395,783.731,0.988,757.3,0.0,0.0,-1472.005,-168.231,2.487,100,True,-56.923402
KOBE_STEEL_JP,Kobe Steel,JP,5.96,14.3,ACCELERATED_15C,DISCLOSED_PATH,PORT-0CA13428C264,CAND-E9169FB41B03EE,P1,PORT-0CA13428C264,42.211089,-805.681,-19.086944,False,False,2030,4.891364019084899,-4.891364019084899,True,True,True,True,,0.0,0.0,0.0,1,1,0.1609600000000001,0.6,0.42000000000000004,P1,지연·현물조달,False,2785.09,2037,1878.8,-17.664212,-745.626,-745.626,-453.836,42.211089,-17.664212,33.896475,1635.465,1430.807,1722.597,2176.433,199.492,-5.166,0.0,-10.751582,6.91263,-12.815768,4.848444,0.0,0.0,0.0,0.0,0.0,42.211089,-453.836,-0.175452,-0.425651,786.029,0.988,840.421,0.0,0.0,-2176.433,-197.492,0.861,100,True,-142.681211
KOBE_STEEL_JP,Kobe Steel,JP,5.96,14.3,DISCLOSED_PATH,DISCLOSED_PATH,PORT-B0BA3BE7A418,CAND-F3EC79559B1773,P1,PORT-B0BA3BE7A418,25.333096,-620.778,-24.504632,False,False,2030,5.163998293999999,-5.163998293999999,True,True,True,True,,0.0,0.0,0.0,1,1,0.12448000000000004,0.6,0.26,P1,지연·현물조달,False,1745.04,2029,866.25,-24.197181,-612.989,-612.989,-567.48,25.333096,-24.197181,10.724265,272.844,271.679,317.188,884.668,1.199,0.034,0.0,-22.400741,1.796439,-24.151192,0.045989,0.0,0.0,0.0,0.0,0.0,25.333096,-567.48,-0.219386,-0.532237,245.542,-27.312,55.034,0.0,0.0,-884.668,-1.136,-0.448,100,True,-78.852694
KOBE_STEEL_JP,Kobe Steel,JP,5.96,14.3,ACCELERATED_15C,DISCLOSED_PATH,PORT-B0BA3BE7A418,CAND-F3EC79559B1773,P1,PORT-B0BA3BE7A418,25.333096,-1029.264,-40.629229,False,False,2030,8.143998294,-8.143998294,True,True,True,True,,0.0,0.0,0.0,1,1,0.12448000000000004,0.6,0.26,P1,지연·현물조달,False,1745.04,2029,866.25,-40.302074,-1020.976,-1020.976,-974.859,25.333096,-40.302074,10.947923,278.903,277.345,323.462,1298.321,1.598,0.041,0.0,-38.481635,1.820438,-40.240581,0.061493,0.0,0.0,0.0,0.0,0.0,25.333096,-974.859,-0.376878,-0.914317,215.755,-27.312,90.467,0.0,0.0,-1298.321,-1.6,0.035,100,True,-165.319073
