company_id,company_name,scenario_id,plan_id,facility_id,facility_name,region,transition_year,baseline_technology_id,baseline_technology_name,technology_id,technology_name,aligned_capex_bn_krw,incremental_capex_bn_krw,capacity_mtpa,output_mt,baseline_emissions_mtco2,emissions_2030_mtco2,emissions_2040_mtco2,residual_emissions_mtco2,annual_avoided_emissions_mtco2,cumulative_avoided_emissions_mtco2,base_case_gross_cost_bn_krw,base_case_policy_support_bn_krw,base_case_cash_cost_before_support_bn_krw,base_case_net_cash_cost_after_support_bn_krw,base_case_avoided_carbon_cost_value_bn_krw,base_case_net_cost_bn_krw,base_case_capex_cost_bn_krw,base_case_fixed_opex_cost_bn_krw,base_case_electricity_cost_bn_krw,base_case_hydrogen_cost_bn_krw,base_case_contract_premium_bn_krw,base_case_carbon_value_bn_krw,data_status,source_note,candidate_id,template_plan_id,physical_portfolio_id,candidate_path_count,candidate_p50_kkrw_per_tco2,candidate_tcar_kkrw_per_tco2,common_avoided_emissions_mtco2,deterministic_economic_npv_bn_krw,deterministic_cost_common_kkrw_per_tco2,carbon_budget_feasible,scenario_feasible,first_budget_breach_year,max_annual_budget_excess_mtco2,minimum_annual_budget_margin_mtco2,physical_constraints_feasible,resource_constraints_feasible,construction_concurrency_feasible,failure_risk_constraint_feasible,first_resource_breach_year,max_scrap_supply_excess_mt,max_hydrogen_supply_excess_mt,max_incremental_grid_excess_twh,max_concurrent_construction_projects,concurrent_construction_limit,portfolio_failure_probability,portfolio_failure_probability_limit,expected_failure_delay_years
JFE_STEEL_JP,JFE Steel,DISCLOSED_PATH,P2,JFE-CHIBA,East Japan Works Chiba,치바,2036,BF_BOF,기준 BF-BOF 복합 블록,BF_RELINE,BF 개수·효율 패키지,1650.0,330.0,6.0,5.449998,11.528348,11.528348,10.354996,10.354996,1.173352,5.866759,6.398,0.0,211.33,211.33,204.931,6.398,183.12,0.0,27.801,0.0,0.408,-204.931,model_estimate,JFE 공식 생산·배출 총량에 맞춘 설비 블록 배분,CAND-0B566F19FFC9A2,P2,PORT-CCD4397FA6D4,1000,114.157285,27.412048,281.895878,31362.25,111.25473,True,True,,0.0,1.265341119704999e-05,True,True,True,True,,0.0,0.0,0.0,2,3,0.3119871999999999,0.65,1.1400000000000001
JFE_STEEL_JP,JFE Steel,DISCLOSED_PATH,P2,JFE-FUKU,West Japan Works Fukuyama,후쿠야마,2033,BF_BOF,기준 BF-BOF 복합 블록,H2_DRI_EAF,수소 DRI + EAF,9702.0,7546.0,9.8,8.999997,19.037639,19.037639,1.799999,1.799999,17.237639,137.901116,30673.471,2151.904,35521.981,33370.077,4848.509,28521.568,4916.965,509.49,3636.405,26417.415,41.706,-4848.509,model_estimate,JFE 공식 생산·배출 총량에 맞춘 설비 블록 배분,CAND-0B566F19FFC9A2,P2,PORT-CCD4397FA6D4,1000,114.157285,27.412048,281.895878,31362.25,111.25473,True,True,,0.0,1.265341119704999e-05,True,True,True,True,,0.0,0.0,0.0,2,3,0.3119871999999999,0.65,1.1400000000000001
JFE_STEEL_JP,JFE Steel,DISCLOSED_PATH,P2,JFE-KURA,West Japan Works Kurashiki,구라시키,2029,BF_BOF,기준 BF-BOF 복합 블록,SCRAP_EAF,스크랩 기반 대형 EAF,4558.4,2930.4,7.4,6.800001,14.384,3.06,3.06,3.06,11.324,135.888002,3471.316,612.709,8221.645,7608.936,4750.329,2858.607,2365.468,299.458,5543.673,0.0,13.046,-4750.329,model_estimate,2028 혁신 EAF 공시를 반영한 조기 재투자 창; 생산량은 공식 총량에 맞춘 추정,CAND-0B566F19FFC9A2,P2,PORT-CCD4397FA6D4,1000,114.157285,27.412048,281.895878,31362.25,111.25473,True,True,,0.0,1.265341119704999e-05,True,True,True,True,,0.0,0.0,0.0,2,3,0.3119871999999999,0.65,1.1400000000000001
JFE_STEEL_JP,JFE Steel,DISCLOSED_PATH,P2,JFE-SENDAI,Sendai Works EAF,센다이,2033,EAF_BASELINE,기존 전기로 기준 블록,EAF_RENEWABLE,기존 EAF 재생전력 업그레이드,228.8,70.4,0.8,0.7,0.35,0.35,0.07,0.07,0.28,2.24,-17.429,6.895,61.328,54.433,78.757,-24.324,45.873,3.048,12.297,0.0,0.11,-78.757,model_estimate,공식 EAF 사업장 존재를 반영; 생산량·집약도·재투자연도 추정,CAND-0B566F19FFC9A2,P2,PORT-CCD4397FA6D4,1000,114.157285,27.412048,281.895878,31362.25,111.25473,True,True,,0.0,1.265341119704999e-05,True,True,True,True,,0.0,0.0,0.0,2,3,0.3119871999999999,0.65,1.1400000000000001
JFE_STEEL_JP,JFE Steel,ACCELERATED_15C,P2,JFE-CHIBA,East Japan Works Chiba,치바,2036,BF_BOF,기준 BF-BOF 복합 블록,BF_RELINE,BF 개수·효율 패키지,1650.0,330.0,6.0,5.449998,11.528348,11.528348,10.354996,10.354996,1.173352,5.866759,-91.316,0.0,214.69,214.69,306.006,-91.316,183.12,0.0,31.157,0.0,0.413,-306.006,model_estimate,JFE 공식 생산·배출 총량에 맞춘 설비 블록 배분,CAND-0B566F19FFC9A2,P2,PORT-CCD4397FA6D4,1000,106.125378,29.368218,281.895878,29040.327,103.01792,False,False,2040,5.28499579,-5.28499579,True,True,True,True,,0.0,0.0,0.0,2,3,0.3119871999999999,0.65,1.1400000000000001
JFE_STEEL_JP,JFE Steel,ACCELERATED_15C,P2,JFE-FUKU,West Japan Works Fukuyama,후쿠야마,2033,BF_BOF,기준 BF-BOF 복합 블록,H2_DRI_EAF,수소 DRI + EAF,9702.0,7546.0,9.8,8.999997,19.037639,19.037639,1.799999,1.799999,17.237639,137.901116,31007.963,2898.032,38201.982,35303.95,7194.019,28109.931,4916.965,509.49,4032.152,28698.795,44.581,-7194.019,model_estimate,JFE 공식 생산·배출 총량에 맞춘 설비 블록 배분,CAND-0B566F19FFC9A2,P2,PORT-CCD4397FA6D4,1000,106.125378,29.368218,281.895878,29040.327,103.01792,False,False,2040,5.28499579,-5.28499579,True,True,True,True,,0.0,0.0,0.0,2,3,0.3119871999999999,0.65,1.1400000000000001
JFE_STEEL_JP,JFE Steel,ACCELERATED_15C,P2,JFE-KURA,West Japan Works Kurashiki,구라시키,2029,BF_BOF,기준 BF-BOF 복합 블록,SCRAP_EAF,스크랩 기반 대형 EAF,4558.4,2930.4,7.4,6.800001,14.384,3.06,3.06,3.06,11.324,135.888002,1802.817,717.724,8730.238,8012.513,6927.42,1085.093,2365.468,299.458,6051.504,0.0,13.808,-6927.42,model_estimate,2028 혁신 EAF 공시를 반영한 조기 재투자 창; 생산량은 공식 총량에 맞춘 추정,CAND-0B566F19FFC9A2,P2,PORT-CCD4397FA6D4,1000,106.125378,29.368218,281.895878,29040.327,103.01792,False,False,2040,5.28499579,-5.28499579,True,True,True,True,,0.0,0.0,0.0,2,3,0.3119871999999999,0.65,1.1400000000000001
JFE_STEEL_JP,JFE Steel,ACCELERATED_15C,P2,JFE-SENDAI,Sendai Works EAF,센다이,2033,EAF_BASELINE,기존 전기로 기준 블록,EAF_RENEWABLE,기존 EAF 재생전력 업그레이드,228.8,70.4,0.8,0.7,0.35,0.35,0.07,0.07,0.28,2.24,-54.188,9.193,62.668,53.475,116.856,-63.381,45.873,3.048,13.635,0.0,0.112,-116.856,model_estimate,공식 EAF 사업장 존재를 반영; 생산량·집약도·재투자연도 추정,CAND-0B566F19FFC9A2,P2,PORT-CCD4397FA6D4,1000,106.125378,29.368218,281.895878,29040.327,103.01792,False,False,2040,5.28499579,-5.28499579,True,True,True,True,,0.0,0.0,0.0,2,3,0.3119871999999999,0.65,1.1400000000000001
KOBE_STEEL_JP,Kobe Steel,DISCLOSED_PATH,P7,KOB-BF1,Kakogawa Works BF 블록 1,가코가와,2028,BF_BOF,기준 BF-BOF 복합 블록,H2_DRI_EAF,수소 DRI + EAF,3118.5,2425.5,3.15,2.95,7.173636,0.59,0.59,0.59,6.583636,85.587273,18558.812,5032.418,21535.052,16502.634,2976.24,13526.394,2065.589,265.806,2193.932,16133.008,876.717,-2976.24,model_estimate,Kobe Steel 공식 조강·목표경계 배출 총량에 맞춘 블록 배분,CAND-0E9003448A63C3,P7,PORT-F194BB679477,1000,151.110277,1.285255,131.48782,19837.419,150.868867,True,False,,0.0,9.990856690045291e-05,False,False,True,True,2028,0.0,0.012250011000000005,0.0,1,1,0.3612199999999999,0.6,1.54
KOBE_STEEL_JP,Kobe Steel,DISCLOSED_PATH,P7,KOB-BF3,Kakogawa Works BF 블록 3,가코가와,2034,BF_BOF,기준 BF-BOF 복합 블록,H2_DRI_EAF,수소 DRI + EAF,3019.5,2348.5,3.05,2.909999,7.076364,7.076364,0.582,0.582,6.494364,45.460547,8671.931,2356.547,10268.214,7911.667,1596.282,6315.385,1450.502,118.533,1003.767,7277.134,418.276,-1596.282,model_estimate,2016년 BF3 개수와 장기 수명주기를 반영한 재투자연도 추정,CAND-0E9003448A63C3,P7,PORT-F194BB679477,1000,151.110277,1.285255,131.48782,19837.419,150.868867,True,False,,0.0,9.990856690045291e-05,False,False,True,True,2028,0.0,0.012250011000000005,0.0,1,1,0.3612199999999999,0.6,1.54
KOBE_STEEL_JP,Kobe Steel,DISCLOSED_PATH,P7,KOB-TAKA,Takasago Works EAF block,다카사고,2030,EAF_BASELINE,기존 전기로 기준 블록,EAF_RENEWABLE,기존 EAF 재생전력 업그레이드,40.04,12.32,0.14,0.1,0.05,0.01,0.01,0.01,0.04,0.44,-2.886,1.474,12.55,11.075,15.436,-4.36,9.426,0.0,2.603,0.0,0.52,-15.436,model_estimate,다카사고 포함 공식 조강 총량에 맞춘 소규모 EAF 블록 추정,CAND-0E9003448A63C3,P7,PORT-F194BB679477,1000,151.110277,1.285255,131.48782,19837.419,150.868867,True,False,,0.0,9.990856690045291e-05,False,False,True,True,2028,0.0,0.012250011000000005,0.0,1,1,0.3612199999999999,0.6,1.54
KOBE_STEEL_JP,Kobe Steel,ACCELERATED_15C,P7,KOB-BF1,Kakogawa Works BF 블록 1,가코가와,2028,BF_BOF,기준 BF-BOF 복합 블록,H2_DRI_EAF,수소 DRI + EAF,3118.5,2425.5,3.15,2.95,7.173636,0.59,0.59,0.59,6.583636,85.587273,18567.543,7401.391,22878.901,15477.51,4311.358,11166.152,2065.589,265.806,2384.723,17230.56,932.223,-4311.358,model_estimate,Kobe Steel 공식 조강·목표경계 배출 총량에 맞춘 블록 배분,CAND-0E9003448A63C3,P7,PORT-F194BB679477,1000,125.017179,1.138059,131.48782,16410.005,124.802469,True,True,,0.0,9.990856690045291e-05,True,True,True,True,,0.0,0.0,0.0,1,1,0.3612199999999999,0.6,1.54
KOBE_STEEL_JP,Kobe Steel,ACCELERATED_15C,P7,KOB-BF3,Kakogawa Works BF 블록 3,가코가와,2034,BF_BOF,기준 BF-BOF 복합 블록,H2_DRI_EAF,수소 DRI + EAF,3019.5,2348.5,3.05,2.909999,7.076364,7.076364,0.582,0.582,6.494364,45.460547,8693.201,3437.558,11068.43,7630.872,2375.229,5255.643,1450.502,118.533,1117.072,7930.995,451.327,-2375.229,model_estimate,2016년 BF3 개수와 장기 수명주기를 반영한 재투자연도 추정,CAND-0E9003448A63C3,P7,PORT-F194BB679477,1000,125.017179,1.138059,131.48782,16410.005,124.802469,True,True,,0.0,9.990856690045291e-05,True,True,True,True,,0.0,0.0,0.0,1,1,0.3612199999999999,0.6,1.54
KOBE_STEEL_JP,Kobe Steel,ACCELERATED_15C,P7,KOB-TAKA,Takasago Works EAF block,다카사고,2030,EAF_BASELINE,기존 전기로 기준 블록,EAF_RENEWABLE,기존 EAF 재생전력 업그레이드,40.04,12.32,0.14,0.1,0.05,0.01,0.01,0.01,0.04,0.44,-9.824,1.966,12.811,10.845,22.635,-11.79,9.426,0.0,2.853,0.0,0.531,-22.635,model_estimate,다카사고 포함 공식 조강 총량에 맞춘 소규모 EAF 블록 추정,CAND-0E9003448A63C3,P7,PORT-F194BB679477,1000,125.017179,1.138059,131.48782,16410.005,124.802469,True,True,,0.0,9.990856690045291e-05,True,True,True,True,,0.0,0.0,0.0,1,1,0.3612199999999999,0.6,1.54
NIPPON_STEEL_JP,Nippon Steel,DISCLOSED_PATH,P1,NS-EAST,East Nippon Works 블록,동일본,2034,BF_BOF,기준 BF-BOF 복합 블록,H2_DRI_EAF,수소 DRI + EAF,8019.0,6237.0,8.1,7.200001,15.239652,15.239652,1.44,1.44,13.799651,96.597559,21295.71,1078.603,24687.595,23608.992,3391.885,20217.107,3852.154,346.602,2483.549,18005.29,0.0,-3391.885,model_estimate,Nippon Steel 공식 생산·배출·용량 총량에 맞춘 지역 블록 배분,CAND-18F73BD54A9F34,P1,PORT-6742936593A9,1000,87.263296,23.470563,454.753949,38138.549,83.866339,True,True,,0.0,3.446647212967946e-06,True,True,True,True,,0.0,0.0,0.0,2,2,0.47641018879999986,0.65,2.16
NIPPON_STEEL_JP,Nippon Steel,DISCLOSED_PATH,P1,NS-KANSAI,Kansai Works 블록,간사이,2036,BF_BOF,기준 BF-BOF 복합 블록,H2_DRI_EAF,수소 DRI + EAF,6237.0,4851.0,6.3,5.600001,11.853062,11.853062,1.12,1.12,10.733062,53.665311,11805.356,753.724,13679.935,12926.211,1874.579,11051.632,2691.871,181.997,1314.06,9492.007,0.0,-1874.579,model_estimate,Nippon Steel 공식 생산·배출·용량 총량에 맞춘 지역 블록 배분,CAND-18F73BD54A9F34,P1,PORT-6742936593A9,1000,87.263296,23.470563,454.753949,38138.549,83.866339,True,True,,0.0,3.446647212967946e-06,True,True,True,True,,0.0,0.0,0.0,2,2,0.47641018879999986,0.65,2.16
NIPPON_STEEL_JP,Nippon Steel,DISCLOSED_PATH,P1,NS-KYUSHU,Kyushu Works Yawata 블록,규슈,2029,BF_BOF,기준 BF-BOF 복합 블록,SCRAP_EAF,스크랩 기반 대형 EAF,6160.0,3960.0,10.0,9.0,19.049562,4.05,4.05,4.05,14.999562,179.994744,4703.992,799.145,10996.19,10197.045,6292.198,3904.847,3196.578,462.398,7337.214,0.0,0.0,-6292.198,model_estimate,Yawata BF→EAF 공시 방향을 반영해 조기 재투자 창을 설정; 블록 생산량 추정,CAND-18F73BD54A9F34,P1,PORT-6742936593A9,1000,87.263296,23.470563,454.753949,38138.549,83.866339,True,True,,0.0,3.446647212967946e-06,True,True,True,True,,0.0,0.0,0.0,2,2,0.47641018879999986,0.65,2.16
NIPPON_STEEL_JP,Nippon Steel,DISCLOSED_PATH,P1,NS-NAGOYA,Nagoya Works 블록,나고야,2032,BF_BOF,기준 BF-BOF 복합 블록,SCRAP_EAF,스크랩 기반 대형 EAF,4312.0,2772.0,7.0,6.199998,13.123027,13.123027,2.789999,2.789999,10.333028,92.997254,2339.315,476.394,5610.132,5133.739,3270.817,1862.921,1905.575,187.564,3516.993,0.0,0.0,-3270.817,model_estimate,Nippon Steel 공식 생산·배출·용량 총량에 맞춘 지역 블록 배분,CAND-18F73BD54A9F34,P1,PORT-6742936593A9,1000,87.263296,23.470563,454.753949,38138.549,83.866339,True,True,,0.0,3.446647212967946e-06,True,True,True,True,,0.0,0.0,0.0,2,2,0.47641018879999986,0.65,2.16
NIPPON_STEEL_JP,Nippon Steel,DISCLOSED_PATH,P1,NS-SETOUCHI,Setouchi Works Hirohata 블록,세토우치,2038,BF_BOF,기준 BF-BOF 복합 블록,SCRAP_EAF,스크랩 기반 대형 EAF,4620.0,2970.0,7.5,6.3,13.334693,13.334693,2.835,2.835,10.499693,31.49908,1472.222,370.181,2563.443,2193.262,1091.221,1102.041,1480.725,53.641,1029.077,0.0,0.0,-1091.221,model_estimate,Hirohata EAF 투자 방향을 반영한 복합 블록; 생산량·재투자연도 추정,CAND-18F73BD54A9F34,P1,PORT-6742936593A9,1000,87.263296,23.470563,454.753949,38138.549,83.866339,True,True,,0.0,3.446647212967946e-06,True,True,True,True,,0.0,0.0,0.0,2,2,0.47641018879999986,0.65,2.16
NIPPON_STEEL_JP,Nippon Steel,ACCELERATED_15C,P1,NS-EAST,East Nippon Works 블록,동일본,2034,BF_BOF,기준 BF-BOF 복합 블록,H2_DRI_EAF,수소 DRI + EAF,8019.0,6237.0,8.1,7.200001,15.239652,15.239652,1.44,1.44,13.799651,96.597559,21538.694,1348.254,26585.738,25237.484,5047.043,20190.441,3852.154,346.602,2763.891,19623.091,0.0,-5047.043,model_estimate,Nippon Steel 공식 생산·배출·용량 총량에 맞춘 지역 블록 배분,CAND-18F73BD54A9F34,P1,PORT-6742936593A9,1000,78.079664,26.246184,454.753949,33926.565,74.604223,True,True,,0.0,3.446647212967946e-06,True,True,True,True,,0.0,0.0,0.0,2,2,0.47641018879999986,0.65,2.16
NIPPON_STEEL_JP,Nippon Steel,ACCELERATED_15C,P1,NS-KANSAI,Kansai Works 블록,간사이,2036,BF_BOF,기준 BF-BOF 복합 블록,H2_DRI_EAF,수소 DRI + EAF,6237.0,4851.0,6.3,5.600001,11.853062,11.853062,1.12,1.12,10.733062,53.665311,11957.133,942.155,14756.282,13814.127,2799.149,11014.978,2691.871,181.997,1472.667,10409.747,0.0,-2799.149,model_estimate,Nippon Steel 공식 생산·배출·용량 총량에 맞춘 지역 블록 배분,CAND-18F73BD54A9F34,P1,PORT-6742936593A9,1000,78.079664,26.246184,454.753949,33926.565,74.604223,True,True,,0.0,3.446647212967946e-06,True,True,True,True,,0.0,0.0,0.0,2,2,0.47641018879999986,0.65,2.16
NIPPON_STEEL_JP,Nippon Steel,ACCELERATED_15C,P1,NS-KYUSHU,Kyushu Works Yawata 블록,규슈,2029,BF_BOF,기준 BF-BOF 복합 블록,SCRAP_EAF,스크랩 기반 대형 EAF,6160.0,3960.0,10.0,9.0,19.049562,4.05,4.05,4.05,14.999562,179.994744,2492.385,958.973,11668.319,10709.345,9175.933,1533.412,3196.578,462.398,8009.343,0.0,0.0,-9175.933,model_estimate,Yawata BF→EAF 공시 방향을 반영해 조기 재투자 창을 설정; 블록 생산량 추정,CAND-18F73BD54A9F34,P1,PORT-6742936593A9,1000,78.079664,26.246184,454.753949,33926.565,74.604223,True,True,,0.0,3.446647212967946e-06,True,True,True,True,,0.0,0.0,0.0,2,2,0.47641018879999986,0.65,2.16
NIPPON_STEEL_JP,Nippon Steel,ACCELERATED_15C,P1,NS-NAGOYA,Nagoya Works 블록,나고야,2032,BF_BOF,기준 BF-BOF 복합 블록,SCRAP_EAF,스크랩 기반 대형 EAF,4312.0,2772.0,7.0,6.199998,13.123027,13.123027,2.789999,2.789999,10.333028,92.997254,1141.656,571.672,5978.303,5406.631,4836.648,569.983,1905.575,187.564,3885.164,0.0,0.0,-4836.648,model_estimate,Nippon Steel 공식 생산·배출·용량 총량에 맞춘 지역 블록 배분,CAND-18F73BD54A9F34,P1,PORT-6742936593A9,1000,78.079664,26.246184,454.753949,33926.565,74.604223,True,True,,0.0,3.446647212967946e-06,True,True,True,True,,0.0,0.0,0.0,2,2,0.47641018879999986,0.65,2.16
NIPPON_STEEL_JP,Nippon Steel,ACCELERATED_15C,P1,NS-SETOUCHI,Setouchi Works Hirohata 블록,세토우치,2038,BF_BOF,기준 BF-BOF 복합 블록,SCRAP_EAF,스크랩 기반 대형 EAF,4620.0,2970.0,7.5,6.3,13.334693,13.334693,2.835,2.835,10.499693,31.49908,1061.969,444.218,2695.327,2251.11,1633.359,617.751,1480.725,53.641,1160.962,0.0,0.0,-1633.359,model_estimate,Hirohata EAF 투자 방향을 반영한 복합 블록; 생산량·재투자연도 추정,CAND-18F73BD54A9F34,P1,PORT-6742936593A9,1000,78.079664,26.246184,454.753949,33926.565,74.604223,True,True,,0.0,3.446647212967946e-06,True,True,True,True,,0.0,0.0,0.0,2,2,0.47641018879999986,0.65,2.16
POSCO_KR,POSCO,DISCLOSED_PATH,P1,POS-GWY-E,광양제철소 BF 블록 B,광양,2037,BF_BOF,기준 BF-BOF 복합 블록,BF_RELINE,BF 개수·효율 패키지,2575.0,515.0,10.3,9.502996,19.725693,19.725693,18.055693,18.055693,1.67,6.679998,154.145,0.0,393.911,393.911,239.766,154.145,270.88,73.935,49.095,0.0,0.0,-239.766,model_estimate,POSCO 공식 국내 생산·배출 총량에 맞춘 설비 블록 배분; 개별 생산량·재투자연도는 추정,CAND-2F5D03A613EDBE,P1,PORT-0E469489028A,1000,9.265458,7.007025,261.543846,2124.876,8.124359,True,True,,0.0,2.0275124185786808e-05,True,True,True,True,,0.0,0.0,0.0,2,3,0.2589598719999999,0.65,0.7399999999999999
POSCO_KR,POSCO,DISCLOSED_PATH,P1,POS-GWY-EAF,광양 기존 EAF 블록,광양,2033,EAF_BASELINE,기존 전기로 기준 블록,EAF_RENEWABLE,기존 EAF 재생전력 업그레이드,312.0,96.0,1.2,1.134,0.5103,0.5103,0.1134,0.1134,0.3969,3.1752,0.246,6.255,115.773,109.517,115.527,-6.009,62.553,14.814,38.405,0.0,0.0,-115.527,model_estimate,2025 공식 EAF 생산 1.135Mt에 맞춘 모델 블록; 집약도·재투자연도 추정,CAND-2F5D03A613EDBE,P1,PORT-0E469489028A,1000,9.265458,7.007025,261.543846,2124.876,8.124359,True,True,,0.0,2.0275124185786808e-05,True,True,True,True,,0.0,0.0,0.0,2,3,0.2589598719999999,0.65,0.7399999999999999
POSCO_KR,POSCO,DISCLOSED_PATH,P1,POS-GWY-W,광양제철소 BF 블록 A,광양,2035,BF_BOF,기준 BF-BOF 복합 블록,SCRAP_EAF,스크랩 기반 대형 EAF,5768.0,3708.0,10.3,9.499999,19.719471,19.719471,4.275,4.275,15.444471,92.666828,1274.002,325.616,4627.949,4302.332,3353.947,948.385,2170.777,263.8,2193.372,0.0,0.0,-3353.947,model_estimate,POSCO 공식 국내 생산·배출 총량에 맞춘 설비 블록 배분; 개별 생산량·재투자연도는 추정,CAND-2F5D03A613EDBE,P1,PORT-0E469489028A,1000,9.265458,7.007025,261.543846,2124.876,8.124359,True,True,,0.0,2.0275124185786808e-05,True,True,True,True,,0.0,0.0,0.0,2,3,0.2589598719999999,0.65,0.7399999999999999
POSCO_KR,POSCO,DISCLOSED_PATH,P1,POS-POH-N,포항제철소 BF 블록 A,포항,2029,BF_BOF,기준 BF-BOF 복합 블록,SCRAP_EAF,스크랩 기반 대형 EAF,4592.0,2952.0,8.2,7.599998,15.775574,3.419999,3.419999,3.419999,12.355575,148.266898,1376.259,357.436,6763.368,6405.932,5387.108,1018.824,2382.904,446.25,3934.214,0.0,0.0,-5387.108,model_estimate,POSCO 공식 국내 생산·배출 총량에 맞춘 설비 블록 배분; 개별 생산량·재투자연도는 추정,CAND-2F5D03A613EDBE,P1,PORT-0E469489028A,1000,9.265458,7.007025,261.543846,2124.876,8.124359,True,True,,0.0,2.0275124185786808e-05,True,True,True,True,,0.0,0.0,0.0,2,3,0.2589598719999999,0.65,0.7399999999999999
POSCO_KR,POSCO,DISCLOSED_PATH,P1,POS-POH-S,포항제철소 BF 블록 B,포항,2032,BF_BOF,기준 BF-BOF 복합 블록,BF_RELINE,BF 개수·효율 패키지,1850.0,370.0,7.4,6.800001,14.114992,14.114992,12.920001,12.920001,1.194991,10.754922,9.531,0.0,401.351,401.351,391.819,9.531,254.352,102.858,44.141,0.0,0.0,-391.819,model_estimate,POSCO 공식 국내 생산·배출 총량에 맞춘 설비 블록 배분; 개별 생산량·재투자연도는 추정,CAND-2F5D03A613EDBE,P1,PORT-0E469489028A,1000,9.265458,7.007025,261.543846,2124.876,8.124359,True,True,,0.0,2.0275124185786808e-05,True,True,True,True,,0.0,0.0,0.0,2,3,0.2589598719999999,0.65,0.7399999999999999
POSCO_KR,POSCO,ACCELERATED_15C,P1,POS-GWY-E,광양제철소 BF 블록 B,광양,2037,BF_BOF,기준 BF-BOF 복합 블록,BF_RELINE,BF 개수·효율 패키지,2575.0,515.0,10.3,9.502996,19.725693,19.725693,18.055693,18.055693,1.67,6.679998,45.76,0.0,400.609,400.609,354.849,45.76,270.88,73.935,55.794,0.0,0.0,-354.849,model_estimate,POSCO 공식 국내 생산·배출 총량에 맞춘 설비 블록 배분; 개별 생산량·재투자연도는 추정,CAND-2F5D03A613EDBE,P1,PORT-0E469489028A,1000,-5.418943,7.543809,261.543846,-1733.653,-6.628536,False,False,2035,19.084092670000008,-19.084092670000008,True,True,True,True,,0.0,0.0,0.0,2,3,0.2589598719999999,0.65,0.7399999999999999
POSCO_KR,POSCO,ACCELERATED_15C,P1,POS-GWY-EAF,광양 기존 EAF 블록,광양,2033,EAF_BASELINE,기존 전기로 기준 블록,EAF_RENEWABLE,기존 EAF 재생전력 업그레이드,312.0,96.0,1.2,1.134,0.5103,0.5103,0.1134,0.1134,0.3969,3.1752,-49.178,9.383,120.354,110.971,169.532,-58.561,62.553,14.814,42.986,0.0,0.0,-169.532,model_estimate,2025 공식 EAF 생산 1.135Mt에 맞춘 모델 블록; 집약도·재투자연도 추정,CAND-2F5D03A613EDBE,P1,PORT-0E469489028A,1000,-5.418943,7.543809,261.543846,-1733.653,-6.628536,False,False,2035,19.084092670000008,-19.084092670000008,True,True,True,True,,0.0,0.0,0.0,2,3,0.2589598719999999,0.65,0.7399999999999999
POSCO_KR,POSCO,ACCELERATED_15C,P1,POS-GWY-W,광양제철소 BF 블록 A,광양,2035,BF_BOF,기준 BF-BOF 복합 블록,SCRAP_EAF,스크랩 기반 대형 EAF,5768.0,3708.0,10.3,9.499999,19.719471,19.719471,4.275,4.275,15.444471,92.666828,-39.988,434.155,4908.849,4474.693,4948.836,-474.143,2170.777,263.8,2474.272,0.0,0.0,-4948.836,model_estimate,POSCO 공식 국내 생산·배출 총량에 맞춘 설비 블록 배분; 개별 생산량·재투자연도는 추정,CAND-2F5D03A613EDBE,P1,PORT-0E469489028A,1000,-5.418943,7.543809,261.543846,-1733.653,-6.628536,False,False,2035,19.084092670000008,-19.084092670000008,True,True,True,True,,0.0,0.0,0.0,2,3,0.2589598719999999,0.65,0.7399999999999999
POSCO_KR,POSCO,ACCELERATED_15C,P1,POS-POH-N,포항제철소 BF 블록 A,포항,2029,BF_BOF,기준 BF-BOF 복합 블록,SCRAP_EAF,스크랩 기반 대형 EAF,4592.0,2952.0,8.2,7.599998,15.775574,3.419999,3.419999,3.419999,12.355575,148.266898,-603.64,476.581,7158.885,6682.305,7762.525,-1080.221,2382.904,446.25,4329.731,0.0,0.0,-7762.525,model_estimate,POSCO 공식 국내 생산·배출 총량에 맞춘 설비 블록 배분; 개별 생산량·재투자연도는 추정,CAND-2F5D03A613EDBE,P1,PORT-0E469489028A,1000,-5.418943,7.543809,261.543846,-1733.653,-6.628536,False,False,2035,19.084092670000008,-19.084092670000008,True,True,True,True,,0.0,0.0,0.0,2,3,0.2589598719999999,0.65,0.7399999999999999
POSCO_KR,POSCO,ACCELERATED_15C,P1,POS-POH-S,포항제철소 BF 블록 B,포항,2032,BF_BOF,기준 BF-BOF 복합 블록,BF_RELINE,BF 개수·효율 패키지,1850.0,370.0,7.4,6.800001,14.114992,14.114992,12.920001,12.920001,1.194991,10.754922,-166.488,0.0,406.416,406.416,572.904,-166.488,254.352,102.858,49.206,0.0,0.0,-572.904,model_estimate,POSCO 공식 국내 생산·배출 총량에 맞춘 설비 블록 배분; 개별 생산량·재투자연도는 추정,CAND-2F5D03A613EDBE,P1,PORT-0E469489028A,1000,-5.418943,7.543809,261.543846,-1733.653,-6.628536,False,False,2035,19.084092670000008,-19.084092670000008,True,True,True,True,,0.0,0.0,0.0,2,3,0.2589598719999999,0.65,0.7399999999999999
KOBE_STEEL_JP,Kobe Steel,DISCLOSED_PATH,P3,KOB-BF1,Kakogawa Works BF 블록 1,가코가와,2029,BF_BOF,기준 BF-BOF 복합 블록,H2_DRI_EAF,수소 DRI + EAF,3118.5,2425.5,3.15,2.95,7.173636,0.59,0.59,0.59,6.583636,79.003637,15969.27,1601.173,18731.053,17129.88,2761.783,14368.097,1957.904,238.172,1975.516,14485.97,73.491,-2761.783,model_estimate,Kobe Steel 공식 조강·목표경계 배출 총량에 맞춘 블록 배분,CAND-314B41E5534D98,P3,PORT-9862FC05DA24,1000,180.785343,28.396413,105.301092,18546.646,176.129668,True,True,,0.0,9.990856690045291e-05,True,True,True,True,,0.0,0.0,0.0,1,1,0.3612199999999999,0.6,1.54
KOBE_STEEL_JP,Kobe Steel,DISCLOSED_PATH,P3,KOB-BF3,Kakogawa Works BF 블록 3,가코가와,2037,BF_BOF,기준 BF-BOF 복합 블록,H2_DRI_EAF,수소 DRI + EAF,3019.5,2348.5,3.05,2.909999,7.076364,7.076364,0.582,0.582,6.494364,25.977455,4795.39,614.214,5699.379,5085.165,903.989,4181.176,1235.268,62.261,533.241,3845.304,23.305,-903.989,model_estimate,2016년 BF3 개수와 장기 수명주기를 반영한 재투자연도 추정,CAND-314B41E5534D98,P3,PORT-9862FC05DA24,1000,180.785343,28.396413,105.301092,18546.646,176.129668,True,True,,0.0,9.990856690045291e-05,True,True,True,True,,0.0,0.0,0.0,1,1,0.3612199999999999,0.6,1.54
KOBE_STEEL_JP,Kobe Steel,DISCLOSED_PATH,P3,KOB-TAKA,Takasago Works EAF block,다카사고,2033,EAF_BASELINE,기존 전기로 기준 블록,EAF_RENEWABLE,기존 EAF 재생전력 업그레이드,40.04,12.32,0.14,0.1,0.05,0.05,0.01,0.01,0.04,0.32,-1.417,1.21,9.834,8.624,11.251,-2.627,8.028,0.0,1.757,0.0,0.05,-11.251,model_estimate,다카사고 포함 공식 조강 총량에 맞춘 소규모 EAF 블록 추정,CAND-314B41E5534D98,P3,PORT-9862FC05DA24,1000,180.785343,28.396413,105.301092,18546.646,176.129668,True,True,,0.0,9.990856690045291e-05,True,True,True,True,,0.0,0.0,0.0,1,1,0.3612199999999999,0.6,1.54
KOBE_STEEL_JP,Kobe Steel,ACCELERATED_15C,P3,KOB-BF1,Kakogawa Works BF 블록 1,가코가와,2029,BF_BOF,기준 BF-BOF 복합 블록,H2_DRI_EAF,수소 DRI + EAF,3118.5,2425.5,3.15,2.95,7.173636,0.59,0.59,0.59,6.583636,79.003637,15929.427,2259.504,19956.946,17697.441,4027.518,13669.923,1957.904,238.172,2156.484,15526.18,78.206,-4027.518,model_estimate,Kobe Steel 공식 조강·목표경계 배출 총량에 맞춘 블록 배분,CAND-314B41E5534D98,P3,PORT-9862FC05DA24,1000,172.306959,29.751109,105.301092,17627.204,167.398115,True,True,,0.0,9.990856690045291e-05,True,True,True,True,,0.0,0.0,0.0,1,1,0.3612199999999999,0.6,1.54
KOBE_STEEL_JP,Kobe Steel,ACCELERATED_15C,P3,KOB-BF3,Kakogawa Works BF 블록 3,가코가와,2037,BF_BOF,기준 BF-BOF 복합 블록,H2_DRI_EAF,수소 DRI + EAF,3019.5,2348.5,3.05,2.909999,7.076364,7.076364,0.582,0.582,6.494364,25.977455,4800.539,834.977,6152.069,5317.092,1351.53,3965.562,1235.268,62.261,599.616,4229.879,25.045,-1351.53,model_estimate,2016년 BF3 개수와 장기 수명주기를 반영한 재투자연도 추정,CAND-314B41E5534D98,P3,PORT-9862FC05DA24,1000,172.306959,29.751109,105.301092,17627.204,167.398115,True,True,,0.0,9.990856690045291e-05,True,True,True,True,,0.0,0.0,0.0,1,1,0.3612199999999999,0.6,1.54
KOBE_STEEL_JP,Kobe Steel,ACCELERATED_15C,P3,KOB-TAKA,Takasago Works EAF block,다카사고,2033,EAF_BASELINE,기존 전기로 기준 블록,EAF_RENEWABLE,기존 EAF 재생전력 업그레이드,40.04,12.32,0.14,0.1,0.05,0.05,0.01,0.01,0.04,0.32,-6.667,1.614,10.027,8.413,16.694,-8.281,8.028,0.0,1.948,0.0,0.051,-16.694,model_estimate,다카사고 포함 공식 조강 총량에 맞춘 소규모 EAF 블록 추정,CAND-314B41E5534D98,P3,PORT-9862FC05DA24,1000,172.306959,29.751109,105.301092,17627.204,167.398115,True,True,,0.0,9.990856690045291e-05,True,True,True,True,,0.0,0.0,0.0,1,1,0.3612199999999999,0.6,1.54
NIPPON_STEEL_JP,Nippon Steel,DISCLOSED_PATH,P3,NS-EAST,East Nippon Works 블록,동일본,2034,BF_BOF,기준 BF-BOF 복합 블록,SCRAP_EAF,스크랩 기반 대형 EAF,4989.6,3207.6,8.1,7.200001,15.239652,15.239652,3.24,3.24,11.999651,83.997558,2239.081,509.842,5188.535,4678.693,2949.454,1729.239,1981.108,159.97,3023.451,0.0,24.006,-2949.454,model_estimate,Nippon Steel 공식 생산·배출·용량 총량에 맞춘 지역 블록 배분,CAND-32B1C4DEC95227,P3,PORT-0ACD636A8AEE,1000,58.561074,12.876338,446.878947,25357.995,56.744663,True,False,,0.0,3.446647212967946e-06,False,False,True,True,2034,3.3599990099999992,0.0,0.0,2,2,0.47641018879999986,0.65,2.16
NIPPON_STEEL_JP,Nippon Steel,DISCLOSED_PATH,P3,NS-KANSAI,Kansai Works 블록,간사이,2036,BF_BOF,기준 BF-BOF 복합 블록,H2_DRI_EAF,수소 DRI + EAF,6237.0,4851.0,6.3,5.600001,11.853062,11.853062,1.12,1.12,10.733062,53.665311,11860.997,1444.305,13735.576,12291.27,1874.579,10416.691,2691.871,181.997,1314.06,9492.007,55.641,-1874.579,model_estimate,Nippon Steel 공식 생산·배출·용량 총량에 맞춘 지역 블록 배분,CAND-32B1C4DEC95227,P3,PORT-0ACD636A8AEE,1000,58.561074,12.876338,446.878947,25357.995,56.744663,True,False,,0.0,3.446647212967946e-06,False,False,True,True,2034,3.3599990099999992,0.0,0.0,2,2,0.47641018879999986,0.65,2.16
NIPPON_STEEL_JP,Nippon Steel,DISCLOSED_PATH,P3,NS-KYUSHU,Kyushu Works Yawata 블록,규슈,2029,BF_BOF,기준 BF-BOF 복합 블록,SCRAP_EAF,스크랩 기반 대형 EAF,6160.0,3960.0,10.0,9.0,19.049562,4.05,4.05,4.05,14.999562,179.994744,4753.792,873.395,11045.989,10172.594,6292.198,3880.397,3196.578,462.398,7337.214,0.0,49.799,-6292.198,model_estimate,Yawata BF→EAF 공시 방향을 반영해 조기 재투자 창을 설정; 블록 생산량 추정,CAND-32B1C4DEC95227,P3,PORT-0ACD636A8AEE,1000,58.561074,12.876338,446.878947,25357.995,56.744663,True,False,,0.0,3.446647212967946e-06,False,False,True,True,2034,3.3599990099999992,0.0,0.0,2,2,0.47641018879999986,0.65,2.16
NIPPON_STEEL_JP,Nippon Steel,DISCLOSED_PATH,P3,NS-NAGOYA,Nagoya Works 블록,나고야,2032,BF_BOF,기준 BF-BOF 복합 블록,SCRAP_EAF,스크랩 기반 대형 EAF,4312.0,2772.0,7.0,6.199998,13.123027,13.123027,2.789999,2.789999,10.333028,92.997254,2365.146,499.835,5635.963,5136.128,3270.817,1865.311,1905.575,187.564,3516.993,0.0,25.831,-3270.817,model_estimate,Nippon Steel 공식 생산·배출·용량 총량에 맞춘 지역 블록 배분,CAND-32B1C4DEC95227,P3,PORT-0ACD636A8AEE,1000,58.561074,12.876338,446.878947,25357.995,56.744663,True,False,,0.0,3.446647212967946e-06,False,False,True,True,2034,3.3599990099999992,0.0,0.0,2,2,0.47641018879999986,0.65,2.16
NIPPON_STEEL_JP,Nippon Steel,DISCLOSED_PATH,P3,NS-SETOUCHI,Setouchi Works Hirohata 블록,세토우치,2038,BF_BOF,기준 BF-BOF 복합 블록,H2_DRI_EAF,수소 DRI + EAF,7425.0,5775.0,7.5,6.3,13.334693,13.334693,1.26,1.26,12.074693,36.22408,8713.179,1246.821,9968.087,8721.266,1254.908,7466.358,2879.188,116.221,845.313,6085.624,41.741,-1254.908,model_estimate,Hirohata EAF 투자 방향을 반영한 복합 블록; 생산량·재투자연도 추정,CAND-32B1C4DEC95227,P3,PORT-0ACD636A8AEE,1000,58.561074,12.876338,446.878947,25357.995,56.744663,True,False,,0.0,3.446647212967946e-06,False,False,True,True,2034,3.3599990099999992,0.0,0.0,2,2,0.47641018879999986,0.65,2.16
NIPPON_STEEL_JP,Nippon Steel,ACCELERATED_15C,P3,NS-EAST,East Nippon Works 블록,동일본,2034,BF_BOF,기준 BF-BOF 복합 블록,SCRAP_EAF,스크랩 기반 대형 EAF,4989.6,3207.6,8.1,7.200001,15.239652,15.239652,3.24,3.24,11.999651,83.997558,1142.64,597.453,5531.356,4933.904,4388.717,545.187,1981.108,159.97,3364.736,0.0,25.542,-4388.717,model_estimate,Nippon Steel 공식 생산·배출·용량 총량에 맞춘 지역 블록 배분,CAND-32B1C4DEC95227,P3,PORT-0ACD636A8AEE,1000,46.465727,13.587244,446.878947,19867.245,44.457778,True,True,,0.0,3.446647212967946e-06,True,True,True,True,,0.0,0.0,0.0,2,2,0.47641018879999986,0.65,2.16
NIPPON_STEEL_JP,Nippon Steel,ACCELERATED_15C,P3,NS-KANSAI,Kansai Works 블록,간사이,2036,BF_BOF,기준 BF-BOF 복합 블록,H2_DRI_EAF,수소 DRI + EAF,6237.0,4851.0,6.3,5.600001,11.853062,11.853062,1.12,1.12,10.733062,53.665311,12016.929,1994.58,14816.077,12821.497,2799.149,10022.349,2691.871,181.997,1472.667,10409.747,59.796,-2799.149,model_estimate,Nippon Steel 공식 생산·배출·용량 총량에 맞춘 지역 블록 배분,CAND-32B1C4DEC95227,P3,PORT-0ACD636A8AEE,1000,46.465727,13.587244,446.878947,19867.245,44.457778,True,True,,0.0,3.446647212967946e-06,True,True,True,True,,0.0,0.0,0.0,2,2,0.47641018879999986,0.65,2.16
NIPPON_STEEL_JP,Nippon Steel,ACCELERATED_15C,P3,NS-KYUSHU,Kyushu Works Yawata 블록,규슈,2029,BF_BOF,기준 BF-BOF 복합 블록,SCRAP_EAF,스크랩 기반 대형 EAF,6160.0,3960.0,10.0,9.0,19.049562,4.05,4.05,4.05,14.999562,179.994744,2545.209,988.176,11721.143,10732.967,9175.933,1557.033,3196.578,462.398,8009.343,0.0,52.824,-9175.933,model_estimate,Yawata BF→EAF 공시 방향을 반영해 조기 재투자 창을 설정; 블록 생산량 추정,CAND-32B1C4DEC95227,P3,PORT-0ACD636A8AEE,1000,46.465727,13.587244,446.878947,19867.245,44.457778,True,True,,0.0,3.446647212967946e-06,True,True,True,True,,0.0,0.0,0.0,2,2,0.47641018879999986,0.65,2.16
NIPPON_STEEL_JP,Nippon Steel,ACCELERATED_15C,P3,NS-NAGOYA,Nagoya Works 블록,나고야,2032,BF_BOF,기준 BF-BOF 복합 블록,SCRAP_EAF,스크랩 기반 대형 EAF,4312.0,2772.0,7.0,6.199998,13.123027,13.123027,2.789999,2.789999,10.333028,92.997254,1169.143,575.125,6005.791,5430.665,4836.648,594.018,1905.575,187.564,3885.164,0.0,27.488,-4836.648,model_estimate,Nippon Steel 공식 생산·배출·용량 총량에 맞춘 지역 블록 배분,CAND-32B1C4DEC95227,P3,PORT-0ACD636A8AEE,1000,46.465727,13.587244,446.878947,19867.245,44.457778,True,True,,0.0,3.446647212967946e-06,True,True,True,True,,0.0,0.0,0.0,2,2,0.47641018879999986,0.65,2.16
NIPPON_STEEL_JP,Nippon Steel,ACCELERATED_15C,P3,NS-SETOUCHI,Setouchi Works Hirohata 블록,세토우치,2038,BF_BOF,기준 BF-BOF 복합 블록,H2_DRI_EAF,수소 DRI + EAF,7425.0,5775.0,7.5,6.3,13.334693,13.334693,1.26,1.26,12.074693,36.22408,8829.358,1680.7,10707.727,9027.028,1878.37,7148.658,2879.188,116.221,953.647,6714.086,44.585,-1878.37,model_estimate,Hirohata EAF 투자 방향을 반영한 복합 블록; 생산량·재투자연도 추정,CAND-32B1C4DEC95227,P3,PORT-0ACD636A8AEE,1000,46.465727,13.587244,446.878947,19867.245,44.457778,True,True,,0.0,3.446647212967946e-06,True,True,True,True,,0.0,0.0,0.0,2,2,0.47641018879999986,0.65,2.16
POSCO_KR,POSCO,DISCLOSED_PATH,P1,POS-GWY-E,광양제철소 BF 블록 B,광양,2037,BF_BOF,기준 BF-BOF 복합 블록,H2_DRI_EAF,수소 DRI + EAF,9270.0,7210.0,10.3,9.502996,19.725693,19.725693,1.900599,1.900599,17.825093,71.300373,11433.805,834.312,13992.993,13158.681,2559.188,10599.493,3792.327,295.74,1153.737,8751.189,0.0,-2559.188,model_estimate,POSCO 공식 국내 생산·배출 총량에 맞춘 설비 블록 배분; 개별 생산량·재투자연도는 추정,CAND-44C957BBFA61A4,P1,PORT-96133A6427FE,1000,71.747601,19.384219,430.20423,29693.364,69.021552,True,True,,0.0,2.0275124185786808e-05,True,True,True,True,,0.0,0.0,0.0,2,3,0.45933660799999987,0.65,2.02
POSCO_KR,POSCO,DISCLOSED_PATH,P1,POS-GWY-EAF,광양 기존 EAF 블록,광양,2033,EAF_BASELINE,기존 전기로 기준 블록,EAF_RENEWABLE,기존 EAF 재생전력 업그레이드,312.0,96.0,1.2,1.134,0.5103,0.5103,0.1134,0.1134,0.3969,3.1752,0.246,6.255,115.773,109.517,115.527,-6.009,62.553,14.814,38.405,0.0,0.0,-115.527,model_estimate,2025 공식 EAF 생산 1.135Mt에 맞춘 모델 블록; 집약도·재투자연도 추정,CAND-44C957BBFA61A4,P1,PORT-96133A6427FE,1000,71.747601,19.384219,430.20423,29693.364,69.021552,True,True,,0.0,2.0275124185786808e-05,True,True,True,True,,0.0,0.0,0.0,2,3,0.45933660799999987,0.65,2.02
POSCO_KR,POSCO,DISCLOSED_PATH,P1,POS-GWY-W,광양제철소 BF 블록 A,광양,2035,BF_BOF,기준 BF-BOF 복합 블록,SCRAP_EAF,스크랩 기반 대형 EAF,5768.0,3708.0,10.3,9.499999,19.719471,19.719471,4.275,4.275,15.444471,92.666828,1274.002,325.616,4627.949,4302.332,3353.947,948.385,2170.777,263.8,2193.372,0.0,0.0,-3353.947,model_estimate,POSCO 공식 국내 생산·배출 총량에 맞춘 설비 블록 배분; 개별 생산량·재투자연도는 추정,CAND-44C957BBFA61A4,P1,PORT-96133A6427FE,1000,71.747601,19.384219,430.20423,29693.364,69.021552,True,True,,0.0,2.0275124185786808e-05,True,True,True,True,,0.0,0.0,0.0,2,3,0.45933660799999987,0.65,2.02
POSCO_KR,POSCO,DISCLOSED_PATH,P1,POS-POH-N,포항제철소 BF 블록 A,포항,2029,BF_BOF,기준 BF-BOF 복합 블록,SCRAP_EAF,스크랩 기반 대형 EAF,4592.0,2952.0,8.2,7.599998,15.775574,3.419999,3.419999,3.419999,12.355575,148.266898,1376.259,357.436,6763.368,6405.932,5387.108,1018.824,2382.904,446.25,3934.214,0.0,0.0,-5387.108,model_estimate,POSCO 공식 국내 생산·배출 총량에 맞춘 설비 블록 배분; 개별 생산량·재투자연도는 추정,CAND-44C957BBFA61A4,P1,PORT-96133A6427FE,1000,71.747601,19.384219,430.20423,29693.364,69.021552,True,True,,0.0,2.0275124185786808e-05,True,True,True,True,,0.0,0.0,0.0,2,3,0.45933660799999987,0.65,2.02
POSCO_KR,POSCO,DISCLOSED_PATH,P1,POS-POH-S,포항제철소 BF 블록 B,포항,2032,BF_BOF,기준 BF-BOF 복합 블록,H2_DRI_EAF,수소 DRI + EAF,6660.0,5180.0,7.4,6.800001,14.114992,14.114992,1.36,1.36,12.754992,114.794931,17916.074,783.403,22098.241,21314.838,4182.167,17132.671,3560.923,514.289,2030.494,15992.535,0.0,-4182.167,model_estimate,POSCO 공식 국내 생산·배출 총량에 맞춘 설비 블록 배분; 개별 생산량·재투자연도는 추정,CAND-44C957BBFA61A4,P1,PORT-96133A6427FE,1000,71.747601,19.384219,430.20423,29693.364,69.021552,True,True,,0.0,2.0275124185786808e-05,True,True,True,True,,0.0,0.0,0.0,2,3,0.45933660799999987,0.65,2.02
POSCO_KR,POSCO,ACCELERATED_15C,P1,POS-GWY-E,광양제철소 BF 블록 B,광양,2037,BF_BOF,기준 BF-BOF 복합 블록,H2_DRI_EAF,수소 DRI + EAF,9270.0,7210.0,10.3,9.502996,19.725693,19.725693,1.900599,1.900599,17.825093,71.300373,11228.957,1137.698,15016.511,13878.813,3787.555,10091.259,3792.327,295.74,1311.15,9617.294,0.0,-3787.555,model_estimate,POSCO 공식 국내 생산·배출 총량에 맞춘 설비 블록 배분; 개별 생산량·재투자연도는 추정,CAND-44C957BBFA61A4,P1,PORT-96133A6427FE,1000,60.876163,21.229236,430.20423,24922.922,57.932769,True,True,,0.0,2.0275124185786808e-05,True,True,True,True,,0.0,0.0,0.0,2,3,0.45933660799999987,0.65,2.02
POSCO_KR,POSCO,ACCELERATED_15C,P1,POS-GWY-EAF,광양 기존 EAF 블록,광양,2033,EAF_BASELINE,기존 전기로 기준 블록,EAF_RENEWABLE,기존 EAF 재생전력 업그레이드,312.0,96.0,1.2,1.134,0.5103,0.5103,0.1134,0.1134,0.3969,3.1752,-49.178,9.383,120.354,110.971,169.532,-58.561,62.553,14.814,42.986,0.0,0.0,-169.532,model_estimate,2025 공식 EAF 생산 1.135Mt에 맞춘 모델 블록; 집약도·재투자연도 추정,CAND-44C957BBFA61A4,P1,PORT-96133A6427FE,1000,60.876163,21.229236,430.20423,24922.922,57.932769,True,True,,0.0,2.0275124185786808e-05,True,True,True,True,,0.0,0.0,0.0,2,3,0.45933660799999987,0.65,2.02
POSCO_KR,POSCO,ACCELERATED_15C,P1,POS-GWY-W,광양제철소 BF 블록 A,광양,2035,BF_BOF,기준 BF-BOF 복합 블록,SCRAP_EAF,스크랩 기반 대형 EAF,5768.0,3708.0,10.3,9.499999,19.719471,19.719471,4.275,4.275,15.444471,92.666828,-39.988,434.155,4908.849,4474.693,4948.836,-474.143,2170.777,263.8,2474.272,0.0,0.0,-4948.836,model_estimate,POSCO 공식 국내 생산·배출 총량에 맞춘 설비 블록 배분; 개별 생산량·재투자연도는 추정,CAND-44C957BBFA61A4,P1,PORT-96133A6427FE,1000,60.876163,21.229236,430.20423,24922.922,57.932769,True,True,,0.0,2.0275124185786808e-05,True,True,True,True,,0.0,0.0,0.0,2,3,0.45933660799999987,0.65,2.02
POSCO_KR,POSCO,ACCELERATED_15C,P1,POS-POH-N,포항제철소 BF 블록 A,포항,2029,BF_BOF,기준 BF-BOF 복합 블록,SCRAP_EAF,스크랩 기반 대형 EAF,4592.0,2952.0,8.2,7.599998,15.775574,3.419999,3.419999,3.419999,12.355575,148.266898,-603.64,476.581,7158.885,6682.305,7762.525,-1080.221,2382.904,446.25,4329.731,0.0,0.0,-7762.525,model_estimate,POSCO 공식 국내 생산·배출 총량에 맞춘 설비 블록 배분; 개별 생산량·재투자연도는 추정,CAND-44C957BBFA61A4,P1,PORT-96133A6427FE,1000,60.876163,21.229236,430.20423,24922.922,57.932769,True,True,,0.0,2.0275124185786808e-05,True,True,True,True,,0.0,0.0,0.0,2,3,0.45933660799999987,0.65,2.02
POSCO_KR,POSCO,ACCELERATED_15C,P1,POS-POH-S,포항제철소 BF 블록 B,포항,2032,BF_BOF,기준 BF-BOF 복합 블록,H2_DRI_EAF,수소 DRI + EAF,6660.0,5180.0,7.4,6.800001,14.114992,14.114992,1.36,1.36,12.754992,114.794931,17512.865,1068.277,23627.878,22559.601,6115.012,16444.589,3560.923,514.289,2263.493,17289.173,0.0,-6115.012,model_estimate,POSCO 공식 국내 생산·배출 총량에 맞춘 설비 블록 배분; 개별 생산량·재투자연도는 추정,CAND-44C957BBFA61A4,P1,PORT-96133A6427FE,1000,60.876163,21.229236,430.20423,24922.922,57.932769,True,True,,0.0,2.0275124185786808e-05,True,True,True,True,,0.0,0.0,0.0,2,3,0.45933660799999987,0.65,2.02
POSCO_KR,POSCO,DISCLOSED_PATH,P2,POS-GWY-E,광양제철소 BF 블록 B,광양,2037,BF_BOF,기준 BF-BOF 복합 블록,H2_DRI_EAF,수소 DRI + EAF,9270.0,7210.0,10.3,9.502996,19.725693,19.725693,1.900599,1.900599,17.825093,71.300373,11451.871,1050.235,14011.059,12960.824,2559.188,10401.636,3792.327,295.74,1153.737,8751.189,18.066,-2559.188,model_estimate,POSCO 공식 국내 생산·배출 총량에 맞춘 설비 블록 배분; 개별 생산량·재투자연도는 추정,CAND-466C04961ED513,P2,PORT-7ED23B40E316,1000,33.060968,11.155769,414.904229,13064.613,31.488261,True,False,,0.0,2.0275124185786808e-05,False,False,True,True,2035,4.530597659999998,0.0,0.0,2,3,0.3934020479999999,0.65,1.54
POSCO_KR,POSCO,DISCLOSED_PATH,P2,POS-GWY-EAF,광양 기존 EAF 블록,광양,2033,EAF_BASELINE,기존 전기로 기준 블록,EAF_RENEWABLE,기존 EAF 재생전력 업그레이드,312.0,96.0,1.2,1.134,0.5103,0.5103,0.1134,0.1134,0.3969,3.1752,0.429,6.268,115.955,109.687,115.527,-5.839,62.553,14.814,38.405,0.0,0.183,-115.527,model_estimate,2025 공식 EAF 생산 1.135Mt에 맞춘 모델 블록; 집약도·재투자연도 추정,CAND-466C04961ED513,P2,PORT-7ED23B40E316,1000,33.060968,11.155769,414.904229,13064.613,31.488261,True,False,,0.0,2.0275124185786808e-05,False,False,True,True,2035,4.530597659999998,0.0,0.0,2,3,0.3934020479999999,0.65,1.54
POSCO_KR,POSCO,DISCLOSED_PATH,P2,POS-GWY-W,광양제철소 BF 블록 A,광양,2035,BF_BOF,기준 BF-BOF 복합 블록,SCRAP_EAF,스크랩 기반 대형 EAF,5768.0,3708.0,10.3,9.499999,19.719471,19.719471,4.275,4.275,15.444471,92.666828,1281.633,326.268,4635.581,4309.313,3353.947,955.366,2170.777,263.8,2193.372,0.0,7.632,-3353.947,model_estimate,POSCO 공식 국내 생산·배출 총량에 맞춘 설비 블록 배분; 개별 생산량·재투자연도는 추정,CAND-466C04961ED513,P2,PORT-7ED23B40E316,1000,33.060968,11.155769,414.904229,13064.613,31.488261,True,False,,0.0,2.0275124185786808e-05,False,False,True,True,2035,4.530597659999998,0.0,0.0,2,3,0.3934020479999999,0.65,1.54
POSCO_KR,POSCO,DISCLOSED_PATH,P2,POS-POH-N,포항제철소 BF 블록 A,포항,2029,BF_BOF,기준 BF-BOF 복합 블록,SCRAP_EAF,스크랩 기반 대형 EAF,4592.0,2952.0,8.2,7.599998,15.775574,3.419999,3.419999,3.419999,12.355575,148.266898,1386.926,358.36,6774.035,6415.675,5387.108,1028.566,2382.904,446.25,3934.214,0.0,10.667,-5387.108,model_estimate,POSCO 공식 국내 생산·배출 총량에 맞춘 설비 블록 배분; 개별 생산량·재투자연도는 추정,CAND-466C04961ED513,P2,PORT-7ED23B40E316,1000,33.060968,11.155769,414.904229,13064.613,31.488261,True,False,,0.0,2.0275124185786808e-05,False,False,True,True,2035,4.530597659999998,0.0,0.0,2,3,0.3934020479999999,0.65,1.54
POSCO_KR,POSCO,DISCLOSED_PATH,P2,POS-POH-S,포항제철소 BF 블록 B,포항,2032,BF_BOF,기준 BF-BOF 복합 블록,SCRAP_EAF,스크랩 기반 대형 EAF,4144.0,2664.0,7.4,6.800001,14.114992,14.114992,3.06,3.06,11.054992,99.49493,960.133,275.249,4584.896,4309.647,3624.763,684.884,1831.332,274.288,2471.906,0.0,7.371,-3624.763,model_estimate,POSCO 공식 국내 생산·배출 총량에 맞춘 설비 블록 배분; 개별 생산량·재투자연도는 추정,CAND-466C04961ED513,P2,PORT-7ED23B40E316,1000,33.060968,11.155769,414.904229,13064.613,31.488261,True,False,,0.0,2.0275124185786808e-05,False,False,True,True,2035,4.530597659999998,0.0,0.0,2,3,0.3934020479999999,0.65,1.54
POSCO_KR,POSCO,ACCELERATED_15C,P2,POS-GWY-E,광양제철소 BF 블록 B,광양,2037,BF_BOF,기준 BF-BOF 복합 블록,H2_DRI_EAF,수소 DRI + EAF,9270.0,7210.0,10.3,9.502996,19.725693,19.725693,1.900599,1.900599,17.825093,71.300373,11248.125,1452.798,15035.68,13582.882,3787.555,9795.327,3792.327,295.74,1311.15,9617.294,19.169,-3787.555,model_estimate,POSCO 공식 국내 생산·배출 총량에 맞춘 설비 블록 배분; 개별 생산량·재투자연도는 추정,CAND-466C04961ED513,P2,PORT-7ED23B40E316,1000,19.589242,12.047474,414.904229,7402.041,17.84036,True,True,,0.0,2.0275124185786808e-05,True,True,True,True,,0.0,0.0,0.0,2,3,0.3934020479999999,0.65,1.54
POSCO_KR,POSCO,ACCELERATED_15C,P2,POS-GWY-EAF,광양 기존 EAF 블록,광양,2033,EAF_BASELINE,기존 전기로 기준 블록,EAF_RENEWABLE,기존 EAF 재생전력 업그레이드,312.0,96.0,1.2,1.134,0.5103,0.5103,0.1134,0.1134,0.3969,3.1752,-48.989,9.402,120.544,111.142,169.532,-58.39,62.553,14.814,42.986,0.0,0.19,-169.532,model_estimate,2025 공식 EAF 생산 1.135Mt에 맞춘 모델 블록; 집약도·재투자연도 추정,CAND-466C04961ED513,P2,PORT-7ED23B40E316,1000,19.589242,12.047474,414.904229,7402.041,17.84036,True,True,,0.0,2.0275124185786808e-05,True,True,True,True,,0.0,0.0,0.0,2,3,0.3934020479999999,0.65,1.54
POSCO_KR,POSCO,ACCELERATED_15C,P2,POS-GWY-W,광양제철소 BF 블록 A,광양,2035,BF_BOF,기준 BF-BOF 복합 블록,SCRAP_EAF,스크랩 기반 대형 EAF,5768.0,3708.0,10.3,9.499999,19.719471,19.719471,4.275,4.275,15.444471,92.666828,-31.935,435.024,4916.902,4481.878,4948.836,-466.958,2170.777,263.8,2474.272,0.0,8.053,-4948.836,model_estimate,POSCO 공식 국내 생산·배출 총량에 맞춘 설비 블록 배분; 개별 생산량·재투자연도는 추정,CAND-466C04961ED513,P2,PORT-7ED23B40E316,1000,19.589242,12.047474,414.904229,7402.041,17.84036,True,True,,0.0,2.0275124185786808e-05,True,True,True,True,,0.0,0.0,0.0,2,3,0.3934020479999999,0.65,1.54
POSCO_KR,POSCO,ACCELERATED_15C,P2,POS-POH-N,포항제철소 BF 블록 A,포항,2029,BF_BOF,기준 BF-BOF 복합 블록,SCRAP_EAF,스크랩 기반 대형 EAF,4592.0,2952.0,8.2,7.599998,15.775574,3.419999,3.419999,3.419999,12.355575,148.266898,-592.38,477.534,7170.146,6692.612,7762.525,-1069.914,2382.904,446.25,4329.731,0.0,11.26,-7762.525,model_estimate,POSCO 공식 국내 생산·배출 총량에 맞춘 설비 블록 배분; 개별 생산량·재투자연도는 추정,CAND-466C04961ED513,P2,PORT-7ED23B40E316,1000,19.589242,12.047474,414.904229,7402.041,17.84036,True,True,,0.0,2.0275124185786808e-05,True,True,True,True,,0.0,0.0,0.0,2,3,0.3934020479999999,0.65,1.54
POSCO_KR,POSCO,ACCELERATED_15C,P2,POS-POH-S,포항제철소 BF 블록 B,포항,2032,BF_BOF,기준 BF-BOF 복합 블록,SCRAP_EAF,스크랩 기반 대형 EAF,4144.0,2664.0,7.4,6.800001,14.114992,14.114992,3.06,3.06,11.054992,99.49493,-431.025,366.999,4868.971,4501.973,5299.996,-798.024,1831.332,274.288,2755.556,0.0,7.796,-5299.996,model_estimate,POSCO 공식 국내 생산·배출 총량에 맞춘 설비 블록 배분; 개별 생산량·재투자연도는 추정,CAND-466C04961ED513,P2,PORT-7ED23B40E316,1000,19.589242,12.047474,414.904229,7402.041,17.84036,True,True,,0.0,2.0275124185786808e-05,True,True,True,True,,0.0,0.0,0.0,2,3,0.3934020479999999,0.65,1.54
KOBE_STEEL_JP,Kobe Steel,DISCLOSED_PATH,P3,KOB-BF1,Kakogawa Works BF 블록 1,가코가와,2029,BF_BOF,기준 BF-BOF 복합 블록,H2_DRI_EAF,수소 DRI + EAF,3118.5,2425.5,3.15,2.95,7.173636,0.59,0.59,0.59,6.583636,79.003637,15969.27,1601.173,18731.053,17129.88,2761.783,14368.097,1957.904,238.172,1975.516,14485.97,73.491,-2761.783,model_estimate,Kobe Steel 공식 조강·목표경계 배출 총량에 맞춘 블록 배분,CAND-4D158AE8BC3521,P3,PORT-1144EBE63B41,1000,147.748199,24.521249,102.391093,14716.433,143.727666,True,True,,0.0,9.990856690045291e-05,True,True,True,True,,0.0,0.0,0.0,1,1,0.28332,0.6,1.06
KOBE_STEEL_JP,Kobe Steel,DISCLOSED_PATH,P3,KOB-BF3,Kakogawa Works BF 블록 3,가코가와,2037,BF_BOF,기준 BF-BOF 복합 블록,SCRAP_EAF,스크랩 기반 대형 EAF,1878.8,1207.8,3.05,2.909999,7.076364,7.076364,1.3095,1.3095,5.766864,23.067457,510.617,159.654,1313.34,1153.687,802.724,350.963,635.28,22.64,649.163,0.0,6.256,-802.724,model_estimate,2016년 BF3 개수와 장기 수명주기를 반영한 재투자연도 추정,CAND-4D158AE8BC3521,P3,PORT-1144EBE63B41,1000,147.748199,24.521249,102.391093,14716.433,143.727666,True,True,,0.0,9.990856690045291e-05,True,True,True,True,,0.0,0.0,0.0,1,1,0.28332,0.6,1.06
KOBE_STEEL_JP,Kobe Steel,DISCLOSED_PATH,P3,KOB-TAKA,Takasago Works EAF block,다카사고,2033,EAF_BASELINE,기존 전기로 기준 블록,EAF_RENEWABLE,기존 EAF 재생전력 업그레이드,40.04,12.32,0.14,0.1,0.05,0.05,0.01,0.01,0.04,0.32,-1.417,1.21,9.834,8.624,11.251,-2.627,8.028,0.0,1.757,0.0,0.05,-11.251,model_estimate,다카사고 포함 공식 조강 총량에 맞춘 소규모 EAF 블록 추정,CAND-4D158AE8BC3521,P3,PORT-1144EBE63B41,1000,147.748199,24.521249,102.391093,14716.433,143.727666,True,True,,0.0,9.990856690045291e-05,True,True,True,True,,0.0,0.0,0.0,1,1,0.28332,0.6,1.06
KOBE_STEEL_JP,Kobe Steel,ACCELERATED_15C,P3,KOB-BF1,Kakogawa Works BF 블록 1,가코가와,2029,BF_BOF,기준 BF-BOF 복합 블록,H2_DRI_EAF,수소 DRI + EAF,3118.5,2425.5,3.15,2.95,7.173636,0.59,0.59,0.59,6.583636,79.003637,15929.427,2259.504,19956.946,17697.441,4027.518,13669.923,1957.904,238.172,2156.484,15526.18,78.206,-4027.518,model_estimate,Kobe Steel 공식 조강·목표경계 배출 총량에 맞춘 블록 배분,CAND-4D158AE8BC3521,P3,PORT-1144EBE63B41,1000,137.568184,25.805426,102.391093,13664.434,133.453347,True,True,,0.0,9.990856690045291e-05,True,True,True,True,,0.0,0.0,0.0,1,1,0.28332,0.6,1.06
KOBE_STEEL_JP,Kobe Steel,ACCELERATED_15C,P3,KOB-BF3,Kakogawa Works BF 블록 3,가코가와,2037,BF_BOF,기준 BF-BOF 복합 블록,SCRAP_EAF,스크랩 기반 대형 EAF,1878.8,1207.8,3.05,2.909999,7.076364,7.076364,1.3095,1.3095,5.766864,23.067457,194.377,191.585,1394.508,1202.923,1200.131,2.792,635.28,22.64,729.967,0.0,6.62,-1200.131,model_estimate,2016년 BF3 개수와 장기 수명주기를 반영한 재투자연도 추정,CAND-4D158AE8BC3521,P3,PORT-1144EBE63B41,1000,137.568184,25.805426,102.391093,13664.434,133.453347,True,True,,0.0,9.990856690045291e-05,True,True,True,True,,0.0,0.0,0.0,1,1,0.28332,0.6,1.06
KOBE_STEEL_JP,Kobe Steel,ACCELERATED_15C,P3,KOB-TAKA,Takasago Works EAF block,다카사고,2033,EAF_BASELINE,기존 전기로 기준 블록,EAF_RENEWABLE,기존 EAF 재생전력 업그레이드,40.04,12.32,0.14,0.1,0.05,0.05,0.01,0.01,0.04,0.32,-6.667,1.614,10.027,8.413,16.694,-8.281,8.028,0.0,1.948,0.0,0.051,-16.694,model_estimate,다카사고 포함 공식 조강 총량에 맞춘 소규모 EAF 블록 추정,CAND-4D158AE8BC3521,P3,PORT-1144EBE63B41,1000,137.568184,25.805426,102.391093,13664.434,133.453347,True,True,,0.0,9.990856690045291e-05,True,True,True,True,,0.0,0.0,0.0,1,1,0.28332,0.6,1.06
POSCO_KR,POSCO,DISCLOSED_PATH,P2,POS-GWY-E,광양제철소 BF 블록 B,광양,2037,BF_BOF,기준 BF-BOF 복합 블록,H2_DRI_EAF,수소 DRI + EAF,9270.0,7210.0,10.3,9.502996,19.725693,19.725693,1.900599,1.900599,17.825093,71.300373,11451.871,1050.235,14011.059,12960.824,2559.188,10401.636,3792.327,295.74,1153.737,8751.189,18.066,-2559.188,model_estimate,POSCO 공식 국내 생산·배출 총량에 맞춘 설비 블록 배분; 개별 생산량·재투자연도는 추정,CAND-4EF614D30D6D91,P2,PORT-96133A6427FE,1000,70.063297,16.821127,430.20423,29134.516,67.722522,True,True,,0.0,2.0275124185786808e-05,True,True,True,True,,0.0,0.0,0.0,2,3,0.45933660799999987,0.65,2.02
POSCO_KR,POSCO,DISCLOSED_PATH,P2,POS-GWY-EAF,광양 기존 EAF 블록,광양,2033,EAF_BASELINE,기존 전기로 기준 블록,EAF_RENEWABLE,기존 EAF 재생전력 업그레이드,312.0,96.0,1.2,1.134,0.5103,0.5103,0.1134,0.1134,0.3969,3.1752,0.429,6.268,115.955,109.687,115.527,-5.839,62.553,14.814,38.405,0.0,0.183,-115.527,model_estimate,2025 공식 EAF 생산 1.135Mt에 맞춘 모델 블록; 집약도·재투자연도 추정,CAND-4EF614D30D6D91,P2,PORT-96133A6427FE,1000,70.063297,16.821127,430.20423,29134.516,67.722522,True,True,,0.0,2.0275124185786808e-05,True,True,True,True,,0.0,0.0,0.0,2,3,0.45933660799999987,0.65,2.02
POSCO_KR,POSCO,DISCLOSED_PATH,P2,POS-GWY-W,광양제철소 BF 블록 A,광양,2035,BF_BOF,기준 BF-BOF 복합 블록,SCRAP_EAF,스크랩 기반 대형 EAF,5768.0,3708.0,10.3,9.499999,19.719471,19.719471,4.275,4.275,15.444471,92.666828,1281.633,326.268,4635.581,4309.313,3353.947,955.366,2170.777,263.8,2193.372,0.0,7.632,-3353.947,model_estimate,POSCO 공식 국내 생산·배출 총량에 맞춘 설비 블록 배분; 개별 생산량·재투자연도는 추정,CAND-4EF614D30D6D91,P2,PORT-96133A6427FE,1000,70.063297,16.821127,430.20423,29134.516,67.722522,True,True,,0.0,2.0275124185786808e-05,True,True,True,True,,0.0,0.0,0.0,2,3,0.45933660799999987,0.65,2.02
POSCO_KR,POSCO,DISCLOSED_PATH,P2,POS-POH-N,포항제철소 BF 블록 A,포항,2029,BF_BOF,기준 BF-BOF 복합 블록,SCRAP_EAF,스크랩 기반 대형 EAF,4592.0,2952.0,8.2,7.599998,15.775574,3.419999,3.419999,3.419999,12.355575,148.266898,1386.926,358.36,6774.035,6415.675,5387.108,1028.566,2382.904,446.25,3934.214,0.0,10.667,-5387.108,model_estimate,POSCO 공식 국내 생산·배출 총량에 맞춘 설비 블록 배분; 개별 생산량·재투자연도는 추정,CAND-4EF614D30D6D91,P2,PORT-96133A6427FE,1000,70.063297,16.821127,430.20423,29134.516,67.722522,True,True,,0.0,2.0275124185786808e-05,True,True,True,True,,0.0,0.0,0.0,2,3,0.45933660799999987,0.65,2.02
POSCO_KR,POSCO,DISCLOSED_PATH,P2,POS-POH-S,포항제철소 BF 블록 B,포항,2032,BF_BOF,기준 BF-BOF 복합 블록,H2_DRI_EAF,수소 DRI + EAF,6660.0,5180.0,7.4,6.800001,14.114992,14.114992,1.36,1.36,12.754992,114.794931,17942.234,1187.447,22124.401,20936.954,4182.167,16754.787,3560.923,514.289,2030.494,15992.535,26.16,-4182.167,model_estimate,POSCO 공식 국내 생산·배출 총량에 맞춘 설비 블록 배분; 개별 생산량·재투자연도는 추정,CAND-4EF614D30D6D91,P2,PORT-96133A6427FE,1000,70.063297,16.821127,430.20423,29134.516,67.722522,True,True,,0.0,2.0275124185786808e-05,True,True,True,True,,0.0,0.0,0.0,2,3,0.45933660799999987,0.65,2.02
POSCO_KR,POSCO,ACCELERATED_15C,P2,POS-GWY-E,광양제철소 BF 블록 B,광양,2037,BF_BOF,기준 BF-BOF 복합 블록,H2_DRI_EAF,수소 DRI + EAF,9270.0,7210.0,10.3,9.502996,19.725693,19.725693,1.900599,1.900599,17.825093,71.300373,11248.125,1452.798,15035.68,13582.882,3787.555,9795.327,3792.327,295.74,1311.15,9617.294,19.169,-3787.555,model_estimate,POSCO 공식 국내 생산·배출 총량에 맞춘 설비 블록 배분; 개별 생산량·재투자연도는 추정,CAND-4EF614D30D6D91,P2,PORT-96133A6427FE,1000,58.480114,18.155806,430.20423,24083.473,55.981487,True,True,,0.0,2.0275124185786808e-05,True,True,True,True,,0.0,0.0,0.0,2,3,0.45933660799999987,0.65,2.02
POSCO_KR,POSCO,ACCELERATED_15C,P2,POS-GWY-EAF,광양 기존 EAF 블록,광양,2033,EAF_BASELINE,기존 전기로 기준 블록,EAF_RENEWABLE,기존 EAF 재생전력 업그레이드,312.0,96.0,1.2,1.134,0.5103,0.5103,0.1134,0.1134,0.3969,3.1752,-48.989,9.402,120.544,111.142,169.532,-58.39,62.553,14.814,42.986,0.0,0.19,-169.532,model_estimate,2025 공식 EAF 생산 1.135Mt에 맞춘 모델 블록; 집약도·재투자연도 추정,CAND-4EF614D30D6D91,P2,PORT-96133A6427FE,1000,58.480114,18.155806,430.20423,24083.473,55.981487,True,True,,0.0,2.0275124185786808e-05,True,True,True,True,,0.0,0.0,0.0,2,3,0.45933660799999987,0.65,2.02
POSCO_KR,POSCO,ACCELERATED_15C,P2,POS-GWY-W,광양제철소 BF 블록 A,광양,2035,BF_BOF,기준 BF-BOF 복합 블록,SCRAP_EAF,스크랩 기반 대형 EAF,5768.0,3708.0,10.3,9.499999,19.719471,19.719471,4.275,4.275,15.444471,92.666828,-31.935,435.024,4916.902,4481.878,4948.836,-466.958,2170.777,263.8,2474.272,0.0,8.053,-4948.836,model_estimate,POSCO 공식 국내 생산·배출 총량에 맞춘 설비 블록 배분; 개별 생산량·재투자연도는 추정,CAND-4EF614D30D6D91,P2,PORT-96133A6427FE,1000,58.480114,18.155806,430.20423,24083.473,55.981487,True,True,,0.0,2.0275124185786808e-05,True,True,True,True,,0.0,0.0,0.0,2,3,0.45933660799999987,0.65,2.02
POSCO_KR,POSCO,ACCELERATED_15C,P2,POS-POH-N,포항제철소 BF 블록 A,포항,2029,BF_BOF,기준 BF-BOF 복합 블록,SCRAP_EAF,스크랩 기반 대형 EAF,4592.0,2952.0,8.2,7.599998,15.775574,3.419999,3.419999,3.419999,12.355575,148.266898,-592.38,477.534,7170.146,6692.612,7762.525,-1069.914,2382.904,446.25,4329.731,0.0,11.26,-7762.525,model_estimate,POSCO 공식 국내 생산·배출 총량에 맞춘 설비 블록 배분; 개별 생산량·재투자연도는 추정,CAND-4EF614D30D6D91,P2,PORT-96133A6427FE,1000,58.480114,18.155806,430.20423,24083.473,55.981487,True,True,,0.0,2.0275124185786808e-05,True,True,True,True,,0.0,0.0,0.0,2,3,0.45933660799999987,0.65,2.02
POSCO_KR,POSCO,ACCELERATED_15C,P2,POS-POH-S,포항제철소 BF 블록 B,포항,2032,BF_BOF,기준 BF-BOF 복합 블록,H2_DRI_EAF,수소 DRI + EAF,6660.0,5180.0,7.4,6.800001,14.114992,14.114992,1.36,1.36,12.754992,114.794931,17540.672,1657.264,23655.684,21998.42,6115.012,15883.408,3560.923,514.289,2263.493,17289.173,27.806,-6115.012,model_estimate,POSCO 공식 국내 생산·배출 총량에 맞춘 설비 블록 배분; 개별 생산량·재투자연도는 추정,CAND-4EF614D30D6D91,P2,PORT-96133A6427FE,1000,58.480114,18.155806,430.20423,24083.473,55.981487,True,True,,0.0,2.0275124185786808e-05,True,True,True,True,,0.0,0.0,0.0,2,3,0.45933660799999987,0.65,2.02
POSCO_KR,POSCO,DISCLOSED_PATH,P3,POS-GWY-E,광양제철소 BF 블록 B,광양,2037,BF_BOF,기준 BF-BOF 복합 블록,H2_DRI_EAF,수소 DRI + EAF,9270.0,7210.0,10.3,9.502996,19.725693,19.725693,1.900599,1.900599,17.825093,71.300373,11491.723,1376.256,14050.911,12674.655,2559.188,10115.467,3792.327,295.74,1153.737,8751.189,57.918,-2559.188,model_estimate,POSCO 공식 국내 생산·배출 총량에 맞춘 설비 블록 배분; 개별 생산량·재투자연도는 추정,CAND-6339E6B83A8408,P3,PORT-8826D0B469EE,1000,63.598278,13.996143,429.154227,26569.752,61.911896,True,True,,0.0,2.0275124185786808e-05,True,True,True,True,,0.0,0.0,0.0,3,3,0.459336608,0.65,2.02
POSCO_KR,POSCO,DISCLOSED_PATH,P3,POS-GWY-EAF,광양 기존 EAF 블록,광양,2033,EAF_BASELINE,기존 전기로 기준 블록,EAF_RENEWABLE,기존 EAF 재생전력 업그레이드,312.0,96.0,1.2,1.134,0.5103,0.5103,0.1134,0.1134,0.3969,3.1752,0.747,6.288,116.274,109.986,115.527,-5.541,62.553,14.814,38.405,0.0,0.501,-115.527,model_estimate,2025 공식 EAF 생산 1.135Mt에 맞춘 모델 블록; 집약도·재투자연도 추정,CAND-6339E6B83A8408,P3,PORT-8826D0B469EE,1000,63.598278,13.996143,429.154227,26569.752,61.911896,True,True,,0.0,2.0275124185786808e-05,True,True,True,True,,0.0,0.0,0.0,3,3,0.459336608,0.65,2.02
POSCO_KR,POSCO,DISCLOSED_PATH,P3,POS-GWY-W,광양제철소 BF 블록 A,광양,2035,BF_BOF,기준 BF-BOF 복합 블록,H2_DRI_EAF,수소 DRI + EAF,9270.0,7210.0,10.3,9.499999,19.719471,19.719471,1.9,1.9,17.819471,106.916827,16507.886,1792.019,20377.592,18585.573,3869.706,14715.867,4220.954,468.979,1808.57,13797.051,82.038,-3869.706,model_estimate,POSCO 공식 국내 생산·배출 총량에 맞춘 설비 블록 배분; 개별 생산량·재투자연도는 추정,CAND-6339E6B83A8408,P3,PORT-8826D0B469EE,1000,63.598278,13.996143,429.154227,26569.752,61.911896,True,True,,0.0,2.0275124185786808e-05,True,True,True,True,,0.0,0.0,0.0,3,3,0.459336608,0.65,2.02
POSCO_KR,POSCO,DISCLOSED_PATH,P3,POS-POH-N,포항제철소 BF 블록 A,포항,2029,BF_BOF,기준 BF-BOF 복합 블록,SCRAP_EAF,스크랩 기반 대형 EAF,4592.0,2952.0,8.2,7.599998,15.775574,3.419999,3.419999,3.419999,12.355575,148.266898,1406.474,359.873,6793.582,6433.709,5387.108,1046.6,2382.904,446.25,3934.214,0.0,30.214,-5387.108,model_estimate,POSCO 공식 국내 생산·배출 총량에 맞춘 설비 블록 배분; 개별 생산량·재투자연도는 추정,CAND-6339E6B83A8408,P3,PORT-8826D0B469EE,1000,63.598278,13.996143,429.154227,26569.752,61.911896,True,True,,0.0,2.0275124185786808e-05,True,True,True,True,,0.0,0.0,0.0,3,3,0.459336608,0.65,2.02
POSCO_KR,POSCO,DISCLOSED_PATH,P3,POS-POH-S,포항제철소 BF 블록 B,포항,2032,BF_BOF,기준 BF-BOF 복합 블록,SCRAP_EAF,스크랩 기반 대형 EAF,4144.0,2664.0,7.4,6.800001,14.114992,14.114992,3.06,3.06,11.054992,99.49493,973.501,276.142,4598.263,4322.122,3624.763,697.359,1831.332,274.288,2471.906,0.0,20.738,-3624.763,model_estimate,POSCO 공식 국내 생산·배출 총량에 맞춘 설비 블록 배분; 개별 생산량·재투자연도는 추정,CAND-6339E6B83A8408,P3,PORT-8826D0B469EE,1000,63.598278,13.996143,429.154227,26569.752,61.911896,True,True,,0.0,2.0275124185786808e-05,True,True,True,True,,0.0,0.0,0.0,3,3,0.459336608,0.65,2.02
POSCO_KR,POSCO,ACCELERATED_15C,P3,POS-GWY-E,광양제철소 BF 블록 B,광양,2037,BF_BOF,기준 BF-BOF 복합 블록,H2_DRI_EAF,수소 DRI + EAF,9270.0,7210.0,10.3,9.502996,19.725693,19.725693,1.900599,1.900599,17.825093,71.300373,11290.831,1928.923,15078.386,13149.463,3787.555,9361.908,3792.327,295.74,1311.15,9617.294,61.875,-3787.555,model_estimate,POSCO 공식 국내 생산·배출 총량에 맞춘 설비 블록 배분; 개별 생산량·재투자연도는 추정,CAND-6339E6B83A8408,P3,PORT-8826D0B469EE,1000,50.944214,14.887202,429.154227,21116.24,49.204315,True,True,,0.0,2.0275124185786808e-05,True,True,True,True,,0.0,0.0,0.0,3,3,0.459336608,0.65,2.02
POSCO_KR,POSCO,ACCELERATED_15C,P3,POS-GWY-EAF,광양 기존 EAF 블록,광양,2033,EAF_BASELINE,기존 전기로 기준 블록,EAF_RENEWABLE,기존 EAF 재생전력 업그레이드,312.0,96.0,1.2,1.134,0.5103,0.5103,0.1134,0.1134,0.3969,3.1752,-48.656,9.432,120.876,111.444,169.532,-58.089,62.553,14.814,42.986,0.0,0.522,-169.532,model_estimate,2025 공식 EAF 생산 1.135Mt에 맞춘 모델 블록; 집약도·재투자연도 추정,CAND-6339E6B83A8408,P3,PORT-8826D0B469EE,1000,50.944214,14.887202,429.154227,21116.24,49.204315,True,True,,0.0,2.0275124185786808e-05,True,True,True,True,,0.0,0.0,0.0,3,3,0.459336608,0.65,2.02
POSCO_KR,POSCO,ACCELERATED_15C,P3,POS-GWY-W,광양제철소 BF 블록 A,광양,2035,BF_BOF,기준 BF-BOF 복합 블록,H2_DRI_EAF,수소 DRI + EAF,9270.0,7210.0,10.3,9.499999,19.719471,19.719471,1.9,1.9,17.819471,106.916827,16173.801,2525.656,21883.653,19357.997,5709.852,13648.145,4220.954,468.979,2040.189,15065.694,87.837,-5709.852,model_estimate,POSCO 공식 국내 생산·배출 총량에 맞춘 설비 블록 배분; 개별 생산량·재투자연도는 추정,CAND-6339E6B83A8408,P3,PORT-8826D0B469EE,1000,50.944214,14.887202,429.154227,21116.24,49.204315,True,True,,0.0,2.0275124185786808e-05,True,True,True,True,,0.0,0.0,0.0,3,3,0.459336608,0.65,2.02
POSCO_KR,POSCO,ACCELERATED_15C,P3,POS-POH-N,포항제철소 BF 블록 A,포항,2029,BF_BOF,기준 BF-BOF 복합 블록,SCRAP_EAF,스크랩 기반 대형 EAF,4592.0,2952.0,8.2,7.599998,15.775574,3.419999,3.419999,3.419999,12.355575,148.266898,-571.646,479.083,7190.879,6711.797,7762.525,-1050.729,2382.904,446.25,4329.731,0.0,31.994,-7762.525,model_estimate,POSCO 공식 국내 생산·배출 총량에 맞춘 설비 블록 배분; 개별 생산량·재투자연도는 추정,CAND-6339E6B83A8408,P3,PORT-8826D0B469EE,1000,50.944214,14.887202,429.154227,21116.24,49.204315,True,True,,0.0,2.0275124185786808e-05,True,True,True,True,,0.0,0.0,0.0,3,3,0.459336608,0.65,2.02
POSCO_KR,POSCO,ACCELERATED_15C,P3,POS-POH-S,포항제철소 BF 블록 B,포항,2032,BF_BOF,기준 BF-BOF 복합 블록,SCRAP_EAF,스크랩 기반 대형 EAF,4144.0,2664.0,7.4,6.800001,14.114992,14.114992,3.06,3.06,11.054992,99.49493,-416.806,368.189,4883.19,4515.001,5299.996,-784.996,1831.332,274.288,2755.556,0.0,22.014,-5299.996,model_estimate,POSCO 공식 국내 생산·배출 총량에 맞춘 설비 블록 배분; 개별 생산량·재투자연도는 추정,CAND-6339E6B83A8408,P3,PORT-8826D0B469EE,1000,50.944214,14.887202,429.154227,21116.24,49.204315,True,True,,0.0,2.0275124185786808e-05,True,True,True,True,,0.0,0.0,0.0,3,3,0.459336608,0.65,2.02
POSCO_KR,POSCO,DISCLOSED_PATH,P1,POS-GWY-E,광양제철소 BF 블록 B,광양,2037,BF_BOF,기준 BF-BOF 복합 블록,SCRAP_EAF,스크랩 기반 대형 EAF,5768.0,3708.0,10.3,9.502996,19.725693,19.725693,4.276348,4.276348,15.449344,61.797377,1297.81,292.551,3515.907,3223.356,2218.097,1005.259,1950.339,166.354,1399.213,0.0,0.0,-2218.097,model_estimate,POSCO 공식 국내 생산·배출 총량에 맞춘 설비 블록 배분; 개별 생산량·재투자연도는 추정,CAND-63781C106D5099,P1,PORT-41705C04BF44,1000,10.584175,6.989409,234.011233,2160.761,9.233578,True,True,,0.0,2.0275124185786808e-05,True,True,True,True,,0.0,0.0,0.0,2,3,0.2589598719999999,0.65,0.7399999999999999
POSCO_KR,POSCO,DISCLOSED_PATH,P1,POS-GWY-EAF,광양 기존 EAF 블록,광양,2033,EAF_BASELINE,기존 전기로 기준 블록,EAF_RENEWABLE,기존 EAF 재생전력 업그레이드,312.0,96.0,1.2,1.134,0.5103,0.5103,0.1134,0.1134,0.3969,3.1752,0.246,6.255,115.773,109.517,115.527,-6.009,62.553,14.814,38.405,0.0,0.0,-115.527,model_estimate,2025 공식 EAF 생산 1.135Mt에 맞춘 모델 블록; 집약도·재투자연도 추정,CAND-63781C106D5099,P1,PORT-41705C04BF44,1000,10.584175,6.989409,234.011233,2160.761,9.233578,True,True,,0.0,2.0275124185786808e-05,True,True,True,True,,0.0,0.0,0.0,2,3,0.2589598719999999,0.65,0.7399999999999999
POSCO_KR,POSCO,DISCLOSED_PATH,P1,POS-GWY-W,광양제철소 BF 블록 A,광양,2035,BF_BOF,기준 BF-BOF 복합 블록,BF_RELINE,BF 개수·효율 패키지,2575.0,515.0,10.3,9.499999,19.719471,19.719471,18.049998,18.049998,1.669473,10.016837,133.156,0.0,495.702,495.702,362.546,133.156,301.497,117.245,76.96,0.0,0.0,-362.546,model_estimate,POSCO 공식 국내 생산·배출 총량에 맞춘 설비 블록 배분; 개별 생산량·재투자연도는 추정,CAND-63781C106D5099,P1,PORT-41705C04BF44,1000,10.584175,6.989409,234.011233,2160.761,9.233578,True,True,,0.0,2.0275124185786808e-05,True,True,True,True,,0.0,0.0,0.0,2,3,0.2589598719999999,0.65,0.7399999999999999
POSCO_KR,POSCO,DISCLOSED_PATH,P1,POS-POH-N,포항제철소 BF 블록 A,포항,2029,BF_BOF,기준 BF-BOF 복합 블록,SCRAP_EAF,스크랩 기반 대형 EAF,4592.0,2952.0,8.2,7.599998,15.775574,3.419999,3.419999,3.419999,12.355575,148.266898,1376.259,357.436,6763.368,6405.932,5387.108,1018.824,2382.904,446.25,3934.214,0.0,0.0,-5387.108,model_estimate,POSCO 공식 국내 생산·배출 총량에 맞춘 설비 블록 배분; 개별 생산량·재투자연도는 추정,CAND-63781C106D5099,P1,PORT-41705C04BF44,1000,10.584175,6.989409,234.011233,2160.761,9.233578,True,True,,0.0,2.0275124185786808e-05,True,True,True,True,,0.0,0.0,0.0,2,3,0.2589598719999999,0.65,0.7399999999999999
POSCO_KR,POSCO,DISCLOSED_PATH,P1,POS-POH-S,포항제철소 BF 블록 B,포항,2032,BF_BOF,기준 BF-BOF 복합 블록,BF_RELINE,BF 개수·효율 패키지,1850.0,370.0,7.4,6.800001,14.114992,14.114992,12.920001,12.920001,1.194991,10.754922,9.531,0.0,401.351,401.351,391.819,9.531,254.352,102.858,44.141,0.0,0.0,-391.819,model_estimate,POSCO 공식 국내 생산·배출 총량에 맞춘 설비 블록 배분; 개별 생산량·재투자연도는 추정,CAND-63781C106D5099,P1,PORT-41705C04BF44,1000,10.584175,6.989409,234.011233,2160.761,9.233578,True,True,,0.0,2.0275124185786808e-05,True,True,True,True,,0.0,0.0,0.0,2,3,0.2589598719999999,0.65,0.7399999999999999
POSCO_KR,POSCO,ACCELERATED_15C,P1,POS-GWY-E,광양제철소 BF 블록 B,광양,2037,BF_BOF,기준 BF-BOF 복합 블록,SCRAP_EAF,스크랩 기반 대형 EAF,5768.0,3708.0,10.3,9.502996,19.725693,19.725693,4.276348,4.276348,15.449344,61.797377,424.066,390.068,3706.812,3316.744,3282.745,33.999,1950.339,166.354,1590.118,0.0,0.0,-3282.745,model_estimate,POSCO 공식 국내 생산·배출 총량에 맞춘 설비 블록 배분; 개별 생산량·재투자연도는 추정,CAND-63781C106D5099,P1,PORT-41705C04BF44,1000,-4.240665,7.433054,234.011233,-1300.659,-5.558105,False,False,2035,19.079746585000006,-19.079746585000006,True,True,True,True,,0.0,0.0,0.0,2,3,0.2589598719999999,0.65,0.7399999999999999
POSCO_KR,POSCO,ACCELERATED_15C,P1,POS-GWY-EAF,광양 기존 EAF 블록,광양,2033,EAF_BASELINE,기존 전기로 기준 블록,EAF_RENEWABLE,기존 EAF 재생전력 업그레이드,312.0,96.0,1.2,1.134,0.5103,0.5103,0.1134,0.1134,0.3969,3.1752,-49.178,9.383,120.354,110.971,169.532,-58.561,62.553,14.814,42.986,0.0,0.0,-169.532,model_estimate,2025 공식 EAF 생산 1.135Mt에 맞춘 모델 블록; 집약도·재투자연도 추정,CAND-63781C106D5099,P1,PORT-41705C04BF44,1000,-4.240665,7.433054,234.011233,-1300.659,-5.558105,False,False,2035,19.079746585000006,-19.079746585000006,True,True,True,True,,0.0,0.0,0.0,2,3,0.2589598719999999,0.65,0.7399999999999999
POSCO_KR,POSCO,ACCELERATED_15C,P1,POS-GWY-W,광양제철소 BF 블록 A,광양,2035,BF_BOF,기준 BF-BOF 복합 블록,BF_RELINE,BF 개수·효율 패키지,2575.0,515.0,10.3,9.499999,19.719471,19.719471,18.049998,18.049998,1.669473,10.016837,-29.387,0.0,505.558,505.558,534.945,-29.387,301.497,117.245,86.817,0.0,0.0,-534.945,model_estimate,POSCO 공식 국내 생산·배출 총량에 맞춘 설비 블록 배분; 개별 생산량·재투자연도는 추정,CAND-63781C106D5099,P1,PORT-41705C04BF44,1000,-4.240665,7.433054,234.011233,-1300.659,-5.558105,False,False,2035,19.079746585000006,-19.079746585000006,True,True,True,True,,0.0,0.0,0.0,2,3,0.2589598719999999,0.65,0.7399999999999999
POSCO_KR,POSCO,ACCELERATED_15C,P1,POS-POH-N,포항제철소 BF 블록 A,포항,2029,BF_BOF,기준 BF-BOF 복합 블록,SCRAP_EAF,스크랩 기반 대형 EAF,4592.0,2952.0,8.2,7.599998,15.775574,3.419999,3.419999,3.419999,12.355575,148.266898,-603.64,476.581,7158.885,6682.305,7762.525,-1080.221,2382.904,446.25,4329.731,0.0,0.0,-7762.525,model_estimate,POSCO 공식 국내 생산·배출 총량에 맞춘 설비 블록 배분; 개별 생산량·재투자연도는 추정,CAND-63781C106D5099,P1,PORT-41705C04BF44,1000,-4.240665,7.433054,234.011233,-1300.659,-5.558105,False,False,2035,19.079746585000006,-19.079746585000006,True,True,True,True,,0.0,0.0,0.0,2,3,0.2589598719999999,0.65,0.7399999999999999
POSCO_KR,POSCO,ACCELERATED_15C,P1,POS-POH-S,포항제철소 BF 블록 B,포항,2032,BF_BOF,기준 BF-BOF 복합 블록,BF_RELINE,BF 개수·효율 패키지,1850.0,370.0,7.4,6.800001,14.114992,14.114992,12.920001,12.920001,1.194991,10.754922,-166.488,0.0,406.416,406.416,572.904,-166.488,254.352,102.858,49.206,0.0,0.0,-572.904,model_estimate,POSCO 공식 국내 생산·배출 총량에 맞춘 설비 블록 배분; 개별 생산량·재투자연도는 추정,CAND-63781C106D5099,P1,PORT-41705C04BF44,1000,-4.240665,7.433054,234.011233,-1300.659,-5.558105,False,False,2035,19.079746585000006,-19.079746585000006,True,True,True,True,,0.0,0.0,0.0,2,3,0.2589598719999999,0.65,0.7399999999999999
NIPPON_STEEL_JP,Nippon Steel,DISCLOSED_PATH,P3,NS-EAST,East Nippon Works 블록,동일본,2034,BF_BOF,기준 BF-BOF 복합 블록,H2_DRI_EAF,수소 DRI + EAF,8019.0,6237.0,8.1,7.200001,15.239652,15.239652,1.44,1.44,13.799651,96.597559,21394.63,2398.435,24786.515,22388.08,3391.885,18996.195,3852.154,346.602,2483.549,18005.29,98.92,-3391.885,model_estimate,Nippon Steel 공식 생산·배출·용량 총량에 맞춘 지역 블록 배분,CAND-7400D0EA735D98,P3,PORT-6742936593A9,1000,81.972911,16.27814,454.753949,36270.549,79.758623,True,True,,0.0,3.446647212967946e-06,True,True,True,True,,0.0,0.0,0.0,2,2,0.47641018879999986,0.65,2.16
NIPPON_STEEL_JP,Nippon Steel,DISCLOSED_PATH,P3,NS-KANSAI,Kansai Works 블록,간사이,2036,BF_BOF,기준 BF-BOF 복합 블록,H2_DRI_EAF,수소 DRI + EAF,6237.0,4851.0,6.3,5.600001,11.853062,11.853062,1.12,1.12,10.733062,53.665311,11860.997,1444.305,13735.576,12291.27,1874.579,10416.691,2691.871,181.997,1314.06,9492.007,55.641,-1874.579,model_estimate,Nippon Steel 공식 생산·배출·용량 총량에 맞춘 지역 블록 배분,CAND-7400D0EA735D98,P3,PORT-6742936593A9,1000,81.972911,16.27814,454.753949,36270.549,79.758623,True,True,,0.0,3.446647212967946e-06,True,True,True,True,,0.0,0.0,0.0,2,2,0.47641018879999986,0.65,2.16
NIPPON_STEEL_JP,Nippon Steel,DISCLOSED_PATH,P3,NS-KYUSHU,Kyushu Works Yawata 블록,규슈,2029,BF_BOF,기준 BF-BOF 복합 블록,SCRAP_EAF,스크랩 기반 대형 EAF,6160.0,3960.0,10.0,9.0,19.049562,4.05,4.05,4.05,14.999562,179.994744,4753.792,873.395,11045.989,10172.594,6292.198,3880.397,3196.578,462.398,7337.214,0.0,49.799,-6292.198,model_estimate,Yawata BF→EAF 공시 방향을 반영해 조기 재투자 창을 설정; 블록 생산량 추정,CAND-7400D0EA735D98,P3,PORT-6742936593A9,1000,81.972911,16.27814,454.753949,36270.549,79.758623,True,True,,0.0,3.446647212967946e-06,True,True,True,True,,0.0,0.0,0.0,2,2,0.47641018879999986,0.65,2.16
NIPPON_STEEL_JP,Nippon Steel,DISCLOSED_PATH,P3,NS-NAGOYA,Nagoya Works 블록,나고야,2032,BF_BOF,기준 BF-BOF 복합 블록,SCRAP_EAF,스크랩 기반 대형 EAF,4312.0,2772.0,7.0,6.199998,13.123027,13.123027,2.789999,2.789999,10.333028,92.997254,2365.146,499.835,5635.963,5136.128,3270.817,1865.311,1905.575,187.564,3516.993,0.0,25.831,-3270.817,model_estimate,Nippon Steel 공식 생산·배출·용량 총량에 맞춘 지역 블록 배분,CAND-7400D0EA735D98,P3,PORT-6742936593A9,1000,81.972911,16.27814,454.753949,36270.549,79.758623,True,True,,0.0,3.446647212967946e-06,True,True,True,True,,0.0,0.0,0.0,2,2,0.47641018879999986,0.65,2.16
NIPPON_STEEL_JP,Nippon Steel,DISCLOSED_PATH,P3,NS-SETOUCHI,Setouchi Works Hirohata 블록,세토우치,2038,BF_BOF,기준 BF-BOF 복합 블록,SCRAP_EAF,스크랩 기반 대형 EAF,4620.0,2970.0,7.5,6.3,13.334693,13.334693,2.835,2.835,10.499693,31.49908,1484.627,372.672,2575.847,2203.176,1091.221,1111.955,1480.725,53.641,1029.077,0.0,12.405,-1091.221,model_estimate,Hirohata EAF 투자 방향을 반영한 복합 블록; 생산량·재투자연도 추정,CAND-7400D0EA735D98,P3,PORT-6742936593A9,1000,81.972911,16.27814,454.753949,36270.549,79.758623,True,True,,0.0,3.446647212967946e-06,True,True,True,True,,0.0,0.0,0.0,2,2,0.47641018879999986,0.65,2.16
NIPPON_STEEL_JP,Nippon Steel,ACCELERATED_15C,P3,NS-EAST,East Nippon Works 블록,동일본,2034,BF_BOF,기준 BF-BOF 복합 블록,H2_DRI_EAF,수소 DRI + EAF,8019.0,6237.0,8.1,7.200001,15.239652,15.239652,1.44,1.44,13.799651,96.597559,21644.942,3354.746,26691.986,23337.24,5047.043,18290.197,3852.154,346.602,2763.891,19623.091,106.248,-5047.043,model_estimate,Nippon Steel 공식 생산·배출·용량 총량에 맞춘 지역 블록 배분,CAND-7400D0EA735D98,P3,PORT-6742936593A9,1000,70.755963,17.536579,454.753949,31092.014,68.371069,True,True,,0.0,3.446647212967946e-06,True,True,True,True,,0.0,0.0,0.0,2,2,0.47641018879999986,0.65,2.16
NIPPON_STEEL_JP,Nippon Steel,ACCELERATED_15C,P3,NS-KANSAI,Kansai Works 블록,간사이,2036,BF_BOF,기준 BF-BOF 복합 블록,H2_DRI_EAF,수소 DRI + EAF,6237.0,4851.0,6.3,5.600001,11.853062,11.853062,1.12,1.12,10.733062,53.665311,12016.929,1994.58,14816.077,12821.497,2799.149,10022.349,2691.871,181.997,1472.667,10409.747,59.796,-2799.149,model_estimate,Nippon Steel 공식 생산·배출·용량 총량에 맞춘 지역 블록 배분,CAND-7400D0EA735D98,P3,PORT-6742936593A9,1000,70.755963,17.536579,454.753949,31092.014,68.371069,True,True,,0.0,3.446647212967946e-06,True,True,True,True,,0.0,0.0,0.0,2,2,0.47641018879999986,0.65,2.16
NIPPON_STEEL_JP,Nippon Steel,ACCELERATED_15C,P3,NS-KYUSHU,Kyushu Works Yawata 블록,규슈,2029,BF_BOF,기준 BF-BOF 복합 블록,SCRAP_EAF,스크랩 기반 대형 EAF,6160.0,3960.0,10.0,9.0,19.049562,4.05,4.05,4.05,14.999562,179.994744,2545.209,988.176,11721.143,10732.967,9175.933,1557.033,3196.578,462.398,8009.343,0.0,52.824,-9175.933,model_estimate,Yawata BF→EAF 공시 방향을 반영해 조기 재투자 창을 설정; 블록 생산량 추정,CAND-7400D0EA735D98,P3,PORT-6742936593A9,1000,70.755963,17.536579,454.753949,31092.014,68.371069,True,True,,0.0,3.446647212967946e-06,True,True,True,True,,0.0,0.0,0.0,2,2,0.47641018879999986,0.65,2.16
NIPPON_STEEL_JP,Nippon Steel,ACCELERATED_15C,P3,NS-NAGOYA,Nagoya Works 블록,나고야,2032,BF_BOF,기준 BF-BOF 복합 블록,SCRAP_EAF,스크랩 기반 대형 EAF,4312.0,2772.0,7.0,6.199998,13.123027,13.123027,2.789999,2.789999,10.333028,92.997254,1169.143,575.125,6005.791,5430.665,4836.648,594.018,1905.575,187.564,3885.164,0.0,27.488,-4836.648,model_estimate,Nippon Steel 공식 생산·배출·용량 총량에 맞춘 지역 블록 배분,CAND-7400D0EA735D98,P3,PORT-6742936593A9,1000,70.755963,17.536579,454.753949,31092.014,68.371069,True,True,,0.0,3.446647212967946e-06,True,True,True,True,,0.0,0.0,0.0,2,2,0.47641018879999986,0.65,2.16
NIPPON_STEEL_JP,Nippon Steel,ACCELERATED_15C,P3,NS-SETOUCHI,Setouchi Works Hirohata 블록,세토우치,2038,BF_BOF,기준 BF-BOF 복합 블록,SCRAP_EAF,스크랩 기반 대형 EAF,4620.0,2970.0,7.5,6.3,13.334693,13.334693,2.835,2.835,10.499693,31.49908,1074.967,446.55,2708.326,2261.776,1633.359,628.417,1480.725,53.641,1160.962,0.0,12.998,-1633.359,model_estimate,Hirohata EAF 투자 방향을 반영한 복합 블록; 생산량·재투자연도 추정,CAND-7400D0EA735D98,P3,PORT-6742936593A9,1000,70.755963,17.536579,454.753949,31092.014,68.371069,True,True,,0.0,3.446647212967946e-06,True,True,True,True,,0.0,0.0,0.0,2,2,0.47641018879999986,0.65,2.16
POSCO_KR,POSCO,DISCLOSED_PATH,P1,POS-GWY-E,광양제철소 BF 블록 B,광양,2037,BF_BOF,기준 BF-BOF 복합 블록,H2_DRI_EAF,수소 DRI + EAF,9270.0,7210.0,10.3,9.502996,19.725693,19.725693,1.900599,1.900599,17.825093,71.300373,11433.805,834.312,13992.993,13158.681,2559.188,10599.493,3792.327,295.74,1153.737,8751.189,0.0,-2559.188,model_estimate,POSCO 공식 국내 생산·배출 총량에 맞춘 설비 블록 배분; 개별 생산량·재투자연도는 추정,CAND-7BC738434560A6,P1,PORT-7ED23B40E316,1000,33.750534,12.853835,414.904229,13238.755,31.907979,True,False,,0.0,2.0275124185786808e-05,False,False,True,True,2035,4.530597659999998,0.0,0.0,2,3,0.3934020479999999,0.65,1.54
POSCO_KR,POSCO,DISCLOSED_PATH,P1,POS-GWY-EAF,광양 기존 EAF 블록,광양,2033,EAF_BASELINE,기존 전기로 기준 블록,EAF_RENEWABLE,기존 EAF 재생전력 업그레이드,312.0,96.0,1.2,1.134,0.5103,0.5103,0.1134,0.1134,0.3969,3.1752,0.246,6.255,115.773,109.517,115.527,-6.009,62.553,14.814,38.405,0.0,0.0,-115.527,model_estimate,2025 공식 EAF 생산 1.135Mt에 맞춘 모델 블록; 집약도·재투자연도 추정,CAND-7BC738434560A6,P1,PORT-7ED23B40E316,1000,33.750534,12.853835,414.904229,13238.755,31.907979,True,False,,0.0,2.0275124185786808e-05,False,False,True,True,2035,4.530597659999998,0.0,0.0,2,3,0.3934020479999999,0.65,1.54
POSCO_KR,POSCO,DISCLOSED_PATH,P1,POS-GWY-W,광양제철소 BF 블록 A,광양,2035,BF_BOF,기준 BF-BOF 복합 블록,SCRAP_EAF,스크랩 기반 대형 EAF,5768.0,3708.0,10.3,9.499999,19.719471,19.719471,4.275,4.275,15.444471,92.666828,1274.002,325.616,4627.949,4302.332,3353.947,948.385,2170.777,263.8,2193.372,0.0,0.0,-3353.947,model_estimate,POSCO 공식 국내 생산·배출 총량에 맞춘 설비 블록 배분; 개별 생산량·재투자연도는 추정,CAND-7BC738434560A6,P1,PORT-7ED23B40E316,1000,33.750534,12.853835,414.904229,13238.755,31.907979,True,False,,0.0,2.0275124185786808e-05,False,False,True,True,2035,4.530597659999998,0.0,0.0,2,3,0.3934020479999999,0.65,1.54
POSCO_KR,POSCO,DISCLOSED_PATH,P1,POS-POH-N,포항제철소 BF 블록 A,포항,2029,BF_BOF,기준 BF-BOF 복합 블록,SCRAP_EAF,스크랩 기반 대형 EAF,4592.0,2952.0,8.2,7.599998,15.775574,3.419999,3.419999,3.419999,12.355575,148.266898,1376.259,357.436,6763.368,6405.932,5387.108,1018.824,2382.904,446.25,3934.214,0.0,0.0,-5387.108,model_estimate,POSCO 공식 국내 생산·배출 총량에 맞춘 설비 블록 배분; 개별 생산량·재투자연도는 추정,CAND-7BC738434560A6,P1,PORT-7ED23B40E316,1000,33.750534,12.853835,414.904229,13238.755,31.907979,True,False,,0.0,2.0275124185786808e-05,False,False,True,True,2035,4.530597659999998,0.0,0.0,2,3,0.3934020479999999,0.65,1.54
POSCO_KR,POSCO,DISCLOSED_PATH,P1,POS-POH-S,포항제철소 BF 블록 B,포항,2032,BF_BOF,기준 BF-BOF 복합 블록,SCRAP_EAF,스크랩 기반 대형 EAF,4144.0,2664.0,7.4,6.800001,14.114992,14.114992,3.06,3.06,11.054992,99.49493,952.763,274.7,4577.525,4302.826,3624.763,678.063,1831.332,274.288,2471.906,0.0,0.0,-3624.763,model_estimate,POSCO 공식 국내 생산·배출 총량에 맞춘 설비 블록 배분; 개별 생산량·재투자연도는 추정,CAND-7BC738434560A6,P1,PORT-7ED23B40E316,1000,33.750534,12.853835,414.904229,13238.755,31.907979,True,False,,0.0,2.0275124185786808e-05,False,False,True,True,2035,4.530597659999998,0.0,0.0,2,3,0.3934020479999999,0.65,1.54
POSCO_KR,POSCO,ACCELERATED_15C,P1,POS-GWY-E,광양제철소 BF 블록 B,광양,2037,BF_BOF,기준 BF-BOF 복합 블록,H2_DRI_EAF,수소 DRI + EAF,9270.0,7210.0,10.3,9.502996,19.725693,19.725693,1.900599,1.900599,17.825093,71.300373,11228.957,1137.698,15016.511,13878.813,3787.555,10091.259,3792.327,295.74,1311.15,9617.294,0.0,-3787.555,model_estimate,POSCO 공식 국내 생산·배출 총량에 맞춘 설비 블록 배분; 개별 생산량·재투자연도는 추정,CAND-7BC738434560A6,P1,PORT-7ED23B40E316,1000,20.520675,14.068352,414.904229,7673.246,18.494018,True,True,,0.0,2.0275124185786808e-05,True,True,True,True,,0.0,0.0,0.0,2,3,0.3934020479999999,0.65,1.54
POSCO_KR,POSCO,ACCELERATED_15C,P1,POS-GWY-EAF,광양 기존 EAF 블록,광양,2033,EAF_BASELINE,기존 전기로 기준 블록,EAF_RENEWABLE,기존 EAF 재생전력 업그레이드,312.0,96.0,1.2,1.134,0.5103,0.5103,0.1134,0.1134,0.3969,3.1752,-49.178,9.383,120.354,110.971,169.532,-58.561,62.553,14.814,42.986,0.0,0.0,-169.532,model_estimate,2025 공식 EAF 생산 1.135Mt에 맞춘 모델 블록; 집약도·재투자연도 추정,CAND-7BC738434560A6,P1,PORT-7ED23B40E316,1000,20.520675,14.068352,414.904229,7673.246,18.494018,True,True,,0.0,2.0275124185786808e-05,True,True,True,True,,0.0,0.0,0.0,2,3,0.3934020479999999,0.65,1.54
POSCO_KR,POSCO,ACCELERATED_15C,P1,POS-GWY-W,광양제철소 BF 블록 A,광양,2035,BF_BOF,기준 BF-BOF 복합 블록,SCRAP_EAF,스크랩 기반 대형 EAF,5768.0,3708.0,10.3,9.499999,19.719471,19.719471,4.275,4.275,15.444471,92.666828,-39.988,434.155,4908.849,4474.693,4948.836,-474.143,2170.777,263.8,2474.272,0.0,0.0,-4948.836,model_estimate,POSCO 공식 국내 생산·배출 총량에 맞춘 설비 블록 배분; 개별 생산량·재투자연도는 추정,CAND-7BC738434560A6,P1,PORT-7ED23B40E316,1000,20.520675,14.068352,414.904229,7673.246,18.494018,True,True,,0.0,2.0275124185786808e-05,True,True,True,True,,0.0,0.0,0.0,2,3,0.3934020479999999,0.65,1.54
POSCO_KR,POSCO,ACCELERATED_15C,P1,POS-POH-N,포항제철소 BF 블록 A,포항,2029,BF_BOF,기준 BF-BOF 복합 블록,SCRAP_EAF,스크랩 기반 대형 EAF,4592.0,2952.0,8.2,7.599998,15.775574,3.419999,3.419999,3.419999,12.355575,148.266898,-603.64,476.581,7158.885,6682.305,7762.525,-1080.221,2382.904,446.25,4329.731,0.0,0.0,-7762.525,model_estimate,POSCO 공식 국내 생산·배출 총량에 맞춘 설비 블록 배분; 개별 생산량·재투자연도는 추정,CAND-7BC738434560A6,P1,PORT-7ED23B40E316,1000,20.520675,14.068352,414.904229,7673.246,18.494018,True,True,,0.0,2.0275124185786808e-05,True,True,True,True,,0.0,0.0,0.0,2,3,0.3934020479999999,0.65,1.54
POSCO_KR,POSCO,ACCELERATED_15C,P1,POS-POH-S,포항제철소 BF 블록 B,포항,2032,BF_BOF,기준 BF-BOF 복합 블록,SCRAP_EAF,스크랩 기반 대형 EAF,4144.0,2664.0,7.4,6.800001,14.114992,14.114992,3.06,3.06,11.054992,99.49493,-438.821,366.266,4861.175,4494.909,5299.996,-805.087,1831.332,274.288,2755.556,0.0,0.0,-5299.996,model_estimate,POSCO 공식 국내 생산·배출 총량에 맞춘 설비 블록 배분; 개별 생산량·재투자연도는 추정,CAND-7BC738434560A6,P1,PORT-7ED23B40E316,1000,20.520675,14.068352,414.904229,7673.246,18.494018,True,True,,0.0,2.0275124185786808e-05,True,True,True,True,,0.0,0.0,0.0,2,3,0.3934020479999999,0.65,1.54
KOBE_STEEL_JP,Kobe Steel,DISCLOSED_PATH,P2,KOB-BF1,Kakogawa Works BF 블록 1,가코가와,2029,BF_BOF,기준 BF-BOF 복합 블록,SCRAP_EAF,스크랩 기반 대형 EAF,1940.4,1247.4,3.15,2.95,7.173636,1.3275,1.3275,1.3275,5.846136,70.153636,1051.719,255.792,3504.127,3248.335,2452.408,795.927,1006.922,86.608,2404.976,0.0,5.621,-2452.408,model_estimate,Kobe Steel 공식 조강·목표경계 배출 총량에 맞춘 블록 배분,CAND-7F0A690E87B72D,P2,PORT-8384667F6B8E,1000,55.161545,16.307509,96.451092,5119.663,53.080408,True,True,,0.0,9.990856690045291e-05,True,True,True,True,,0.0,0.0,0.0,1,1,0.28332,0.6,1.06
KOBE_STEEL_JP,Kobe Steel,DISCLOSED_PATH,P2,KOB-BF3,Kakogawa Works BF 블록 3,가코가와,2037,BF_BOF,기준 BF-BOF 복합 블록,H2_DRI_EAF,수소 DRI + EAF,3019.5,2348.5,3.05,2.909999,7.076364,7.076364,0.582,0.582,6.494364,25.977455,4779.201,452.811,5683.19,5230.379,903.989,4326.39,1235.268,62.261,533.241,3845.304,7.116,-903.989,model_estimate,2016년 BF3 개수와 장기 수명주기를 반영한 재투자연도 추정,CAND-7F0A690E87B72D,P2,PORT-8384667F6B8E,1000,55.161545,16.307509,96.451092,5119.663,53.080408,True,True,,0.0,9.990856690045291e-05,True,True,True,True,,0.0,0.0,0.0,1,1,0.28332,0.6,1.06
KOBE_STEEL_JP,Kobe Steel,DISCLOSED_PATH,P2,KOB-TAKA,Takasago Works EAF block,다카사고,2033,EAF_BASELINE,기존 전기로 기준 블록,EAF_RENEWABLE,기존 EAF 재생전력 업그레이드,40.04,12.32,0.14,0.1,0.05,0.05,0.01,0.01,0.04,0.32,-1.448,1.207,9.803,8.597,11.251,-2.654,8.028,0.0,1.757,0.0,0.019,-11.251,model_estimate,다카사고 포함 공식 조강 총량에 맞춘 소규모 EAF 블록 추정,CAND-7F0A690E87B72D,P2,PORT-8384667F6B8E,1000,55.161545,16.307509,96.451092,5119.663,53.080408,True,True,,0.0,9.990856690045291e-05,True,True,True,True,,0.0,0.0,0.0,1,1,0.28332,0.6,1.06
KOBE_STEEL_JP,Kobe Steel,ACCELERATED_15C,P2,KOB-BF1,Kakogawa Works BF 블록 1,가코가와,2029,BF_BOF,기준 BF-BOF 복합 블록,SCRAP_EAF,스크랩 기반 대형 EAF,1940.4,1247.4,3.15,2.95,7.173636,1.3275,1.3275,1.3275,5.846136,70.153636,148.411,302.936,3724.766,3421.831,3576.355,-154.524,1006.922,86.608,2625.285,0.0,5.952,-3576.355,model_estimate,Kobe Steel 공식 조강·목표경계 배출 총량에 맞춘 블록 배분,CAND-7F0A690E87B72D,P2,PORT-8384667F6B8E,1000,43.885215,17.931791,96.451092,4027.512,41.757041,False,False,2035,0.6138637290849003,-0.6138637290849003,True,True,True,True,,0.0,0.0,0.0,1,1,0.28332,0.6,1.06
KOBE_STEEL_JP,Kobe Steel,ACCELERATED_15C,P2,KOB-BF3,Kakogawa Works BF 블록 3,가코가와,2037,BF_BOF,기준 BF-BOF 복합 블록,H2_DRI_EAF,수소 DRI + EAF,3019.5,2348.5,3.05,2.909999,7.076364,7.076364,0.582,0.582,6.494364,25.977455,4783.094,592.749,6134.623,5541.874,1351.53,4190.344,1235.268,62.261,599.616,4229.879,7.6,-1351.53,model_estimate,2016년 BF3 개수와 장기 수명주기를 반영한 재투자연도 추정,CAND-7F0A690E87B72D,P2,PORT-8384667F6B8E,1000,43.885215,17.931791,96.451092,4027.512,41.757041,False,False,2035,0.6138637290849003,-0.6138637290849003,True,True,True,True,,0.0,0.0,0.0,1,1,0.28332,0.6,1.06
KOBE_STEEL_JP,Kobe Steel,ACCELERATED_15C,P2,KOB-TAKA,Takasago Works EAF block,다카사고,2033,EAF_BASELINE,기존 전기로 기준 블록,EAF_RENEWABLE,기존 EAF 재생전력 업그레이드,40.04,12.32,0.14,0.1,0.05,0.05,0.01,0.01,0.04,0.32,-6.699,1.609,9.995,8.386,16.694,-8.308,8.028,0.0,1.948,0.0,0.019,-16.694,model_estimate,다카사고 포함 공식 조강 총량에 맞춘 소규모 EAF 블록 추정,CAND-7F0A690E87B72D,P2,PORT-8384667F6B8E,1000,43.885215,17.931791,96.451092,4027.512,41.757041,False,False,2035,0.6138637290849003,-0.6138637290849003,True,True,True,True,,0.0,0.0,0.0,1,1,0.28332,0.6,1.06
POSCO_KR,POSCO,DISCLOSED_PATH,P2,POS-GWY-E,광양제철소 BF 블록 B,광양,2037,BF_BOF,기준 BF-BOF 복합 블록,H2_DRI_EAF,수소 DRI + EAF,9270.0,7210.0,10.3,9.502996,19.725693,19.725693,1.900599,1.900599,17.825093,71.300373,11451.871,1050.235,14011.059,12960.824,2559.188,10401.636,3792.327,295.74,1153.737,8751.189,18.066,-2559.188,model_estimate,POSCO 공식 국내 생산·배출 총량에 맞춘 설비 블록 배분; 개별 생산량·재투자연도는 추정,CAND-82FF2AA13BA34C,P2,PORT-8826D0B469EE,1000,65.693426,17.437641,429.154227,27287.38,63.584089,True,True,,0.0,2.0275124185786808e-05,True,True,True,True,,0.0,0.0,0.0,3,3,0.459336608,0.65,2.02
POSCO_KR,POSCO,DISCLOSED_PATH,P2,POS-GWY-EAF,광양 기존 EAF 블록,광양,2033,EAF_BASELINE,기존 전기로 기준 블록,EAF_RENEWABLE,기존 EAF 재생전력 업그레이드,312.0,96.0,1.2,1.134,0.5103,0.5103,0.1134,0.1134,0.3969,3.1752,0.429,6.268,115.955,109.687,115.527,-5.839,62.553,14.814,38.405,0.0,0.183,-115.527,model_estimate,2025 공식 EAF 생산 1.135Mt에 맞춘 모델 블록; 집약도·재투자연도 추정,CAND-82FF2AA13BA34C,P2,PORT-8826D0B469EE,1000,65.693426,17.437641,429.154227,27287.38,63.584089,True,True,,0.0,2.0275124185786808e-05,True,True,True,True,,0.0,0.0,0.0,3,3,0.459336608,0.65,2.02
POSCO_KR,POSCO,DISCLOSED_PATH,P2,POS-GWY-W,광양제철소 BF 블록 A,광양,2035,BF_BOF,기준 BF-BOF 복합 블록,H2_DRI_EAF,수소 DRI + EAF,9270.0,7210.0,10.3,9.499999,19.719471,19.719471,1.9,1.9,17.819471,106.916827,16450.8,1272.667,20320.506,19047.84,3869.706,15178.134,4220.954,468.979,1808.57,13797.051,24.952,-3869.706,model_estimate,POSCO 공식 국내 생산·배출 총량에 맞춘 설비 블록 배분; 개별 생산량·재투자연도는 추정,CAND-82FF2AA13BA34C,P2,PORT-8826D0B469EE,1000,65.693426,17.437641,429.154227,27287.38,63.584089,True,True,,0.0,2.0275124185786808e-05,True,True,True,True,,0.0,0.0,0.0,3,3,0.459336608,0.65,2.02
POSCO_KR,POSCO,DISCLOSED_PATH,P2,POS-POH-N,포항제철소 BF 블록 A,포항,2029,BF_BOF,기준 BF-BOF 복합 블록,SCRAP_EAF,스크랩 기반 대형 EAF,4592.0,2952.0,8.2,7.599998,15.775574,3.419999,3.419999,3.419999,12.355575,148.266898,1386.926,358.36,6774.035,6415.675,5387.108,1028.566,2382.904,446.25,3934.214,0.0,10.667,-5387.108,model_estimate,POSCO 공식 국내 생산·배출 총량에 맞춘 설비 블록 배분; 개별 생산량·재투자연도는 추정,CAND-82FF2AA13BA34C,P2,PORT-8826D0B469EE,1000,65.693426,17.437641,429.154227,27287.38,63.584089,True,True,,0.0,2.0275124185786808e-05,True,True,True,True,,0.0,0.0,0.0,3,3,0.459336608,0.65,2.02
POSCO_KR,POSCO,DISCLOSED_PATH,P2,POS-POH-S,포항제철소 BF 블록 B,포항,2032,BF_BOF,기준 BF-BOF 복합 블록,SCRAP_EAF,스크랩 기반 대형 EAF,4144.0,2664.0,7.4,6.800001,14.114992,14.114992,3.06,3.06,11.054992,99.49493,960.133,275.249,4584.896,4309.647,3624.763,684.884,1831.332,274.288,2471.906,0.0,7.371,-3624.763,model_estimate,POSCO 공식 국내 생산·배출 총량에 맞춘 설비 블록 배분; 개별 생산량·재투자연도는 추정,CAND-82FF2AA13BA34C,P2,PORT-8826D0B469EE,1000,65.693426,17.437641,429.154227,27287.38,63.584089,True,True,,0.0,2.0275124185786808e-05,True,True,True,True,,0.0,0.0,0.0,3,3,0.459336608,0.65,2.02
POSCO_KR,POSCO,ACCELERATED_15C,P2,POS-GWY-E,광양제철소 BF 블록 B,광양,2037,BF_BOF,기준 BF-BOF 복합 블록,H2_DRI_EAF,수소 DRI + EAF,9270.0,7210.0,10.3,9.502996,19.725693,19.725693,1.900599,1.900599,17.825093,71.300373,11248.125,1452.798,15035.68,13582.882,3787.555,9795.327,3792.327,295.74,1311.15,9617.294,19.169,-3787.555,model_estimate,POSCO 공식 국내 생산·배출 총량에 맞춘 설비 블록 배분; 개별 생산량·재투자연도는 추정,CAND-82FF2AA13BA34C,P2,PORT-8826D0B469EE,1000,54.023204,18.911423,429.154227,22213.621,51.761393,True,True,,0.0,2.0275124185786808e-05,True,True,True,True,,0.0,0.0,0.0,3,3,0.459336608,0.65,2.02
POSCO_KR,POSCO,ACCELERATED_15C,P2,POS-GWY-EAF,광양 기존 EAF 블록,광양,2033,EAF_BASELINE,기존 전기로 기준 블록,EAF_RENEWABLE,기존 EAF 재생전력 업그레이드,312.0,96.0,1.2,1.134,0.5103,0.5103,0.1134,0.1134,0.3969,3.1752,-48.989,9.402,120.544,111.142,169.532,-58.39,62.553,14.814,42.986,0.0,0.19,-169.532,model_estimate,2025 공식 EAF 생산 1.135Mt에 맞춘 모델 블록; 집약도·재투자연도 추정,CAND-82FF2AA13BA34C,P2,PORT-8826D0B469EE,1000,54.023204,18.911423,429.154227,22213.621,51.761393,True,True,,0.0,2.0275124185786808e-05,True,True,True,True,,0.0,0.0,0.0,3,3,0.459336608,0.65,2.02
POSCO_KR,POSCO,ACCELERATED_15C,P2,POS-GWY-W,광양제철소 BF 블록 A,광양,2035,BF_BOF,기준 BF-BOF 복합 블록,H2_DRI_EAF,수소 DRI + EAF,9270.0,7210.0,10.3,9.499999,19.719471,19.719471,1.9,1.9,17.819471,106.916827,16112.532,1767.911,21822.384,20054.474,5709.852,14344.621,4220.954,468.979,2040.189,15065.694,26.568,-5709.852,model_estimate,POSCO 공식 국내 생산·배출 총량에 맞춘 설비 블록 배분; 개별 생산량·재투자연도는 추정,CAND-82FF2AA13BA34C,P2,PORT-8826D0B469EE,1000,54.023204,18.911423,429.154227,22213.621,51.761393,True,True,,0.0,2.0275124185786808e-05,True,True,True,True,,0.0,0.0,0.0,3,3,0.459336608,0.65,2.02
POSCO_KR,POSCO,ACCELERATED_15C,P2,POS-POH-N,포항제철소 BF 블록 A,포항,2029,BF_BOF,기준 BF-BOF 복합 블록,SCRAP_EAF,스크랩 기반 대형 EAF,4592.0,2952.0,8.2,7.599998,15.775574,3.419999,3.419999,3.419999,12.355575,148.266898,-592.38,477.534,7170.146,6692.612,7762.525,-1069.914,2382.904,446.25,4329.731,0.0,11.26,-7762.525,model_estimate,POSCO 공식 국내 생산·배출 총량에 맞춘 설비 블록 배분; 개별 생산량·재투자연도는 추정,CAND-82FF2AA13BA34C,P2,PORT-8826D0B469EE,1000,54.023204,18.911423,429.154227,22213.621,51.761393,True,True,,0.0,2.0275124185786808e-05,True,True,True,True,,0.0,0.0,0.0,3,3,0.459336608,0.65,2.02
POSCO_KR,POSCO,ACCELERATED_15C,P2,POS-POH-S,포항제철소 BF 블록 B,포항,2032,BF_BOF,기준 BF-BOF 복합 블록,SCRAP_EAF,스크랩 기반 대형 EAF,4144.0,2664.0,7.4,6.800001,14.114992,14.114992,3.06,3.06,11.054992,99.49493,-431.025,366.999,4868.971,4501.973,5299.996,-798.024,1831.332,274.288,2755.556,0.0,7.796,-5299.996,model_estimate,POSCO 공식 국내 생산·배출 총량에 맞춘 설비 블록 배분; 개별 생산량·재투자연도는 추정,CAND-82FF2AA13BA34C,P2,PORT-8826D0B469EE,1000,54.023204,18.911423,429.154227,22213.621,51.761393,True,True,,0.0,2.0275124185786808e-05,True,True,True,True,,0.0,0.0,0.0,3,3,0.459336608,0.65,2.02
NIPPON_STEEL_JP,Nippon Steel,DISCLOSED_PATH,P1,NS-EAST,East Nippon Works 블록,동일본,2034,BF_BOF,기준 BF-BOF 복합 블록,BF_RELINE,BF 개수·효율 패키지,2227.5,445.5,8.1,7.200001,15.239652,15.239652,13.680002,13.680002,1.55965,10.917549,-27.548,0.0,355.806,355.806,383.354,-27.548,275.154,26.662,53.99,0.0,0.0,-383.354,model_estimate,Nippon Steel 공식 생산·배출·용량 총량에 맞춘 지역 블록 배분,CAND-87B9435721978E,P1,PORT-5CFD50239439,1000,23.115335,9.43632,321.473932,6865.237,21.355503,True,True,,0.0,3.446647212967946e-06,True,True,True,True,,0.0,0.0,0.0,2,2,0.28236113919999994,0.65,0.88
NIPPON_STEEL_JP,Nippon Steel,DISCLOSED_PATH,P1,NS-KANSAI,Kansai Works 블록,간사이,2036,BF_BOF,기준 BF-BOF 복합 블록,BF_RELINE,BF 개수·효율 패키지,1732.5,346.5,6.3,5.600001,11.853062,11.853062,10.640001,10.640001,1.213061,6.065305,22.976,0.0,234.843,234.843,211.867,22.976,192.276,14.0,28.567,0.0,0.0,-211.867,model_estimate,Nippon Steel 공식 생산·배출·용량 총량에 맞춘 지역 블록 배분,CAND-87B9435721978E,P1,PORT-5CFD50239439,1000,23.115335,9.43632,321.473932,6865.237,21.355503,True,True,,0.0,3.446647212967946e-06,True,True,True,True,,0.0,0.0,0.0,2,2,0.28236113919999994,0.65,0.88
NIPPON_STEEL_JP,Nippon Steel,DISCLOSED_PATH,P1,NS-KYUSHU,Kyushu Works Yawata 블록,규슈,2029,BF_BOF,기준 BF-BOF 복합 블록,SCRAP_EAF,스크랩 기반 대형 EAF,6160.0,3960.0,10.0,9.0,19.049562,4.05,4.05,4.05,14.999562,179.994744,4703.992,799.145,10996.19,10197.045,6292.198,3904.847,3196.578,462.398,7337.214,0.0,0.0,-6292.198,model_estimate,Yawata BF→EAF 공시 방향을 반영해 조기 재투자 창을 설정; 블록 생산량 추정,CAND-87B9435721978E,P1,PORT-5CFD50239439,1000,23.115335,9.43632,321.473932,6865.237,21.355503,True,True,,0.0,3.446647212967946e-06,True,True,True,True,,0.0,0.0,0.0,2,2,0.28236113919999994,0.65,0.88
NIPPON_STEEL_JP,Nippon Steel,DISCLOSED_PATH,P1,NS-NAGOYA,Nagoya Works 블록,나고야,2032,BF_BOF,기준 BF-BOF 복합 블록,SCRAP_EAF,스크랩 기반 대형 EAF,4312.0,2772.0,7.0,6.199998,13.123027,13.123027,2.789999,2.789999,10.333028,92.997254,2339.315,476.394,5610.132,5133.739,3270.817,1862.921,1905.575,187.564,3516.993,0.0,0.0,-3270.817,model_estimate,Nippon Steel 공식 생산·배출·용량 총량에 맞춘 지역 블록 배분,CAND-87B9435721978E,P1,PORT-5CFD50239439,1000,23.115335,9.43632,321.473932,6865.237,21.355503,True,True,,0.0,3.446647212967946e-06,True,True,True,True,,0.0,0.0,0.0,2,2,0.28236113919999994,0.65,0.88
NIPPON_STEEL_JP,Nippon Steel,DISCLOSED_PATH,P1,NS-SETOUCHI,Setouchi Works Hirohata 블록,세토우치,2038,BF_BOF,기준 BF-BOF 복합 블록,SCRAP_EAF,스크랩 기반 대형 EAF,4620.0,2970.0,7.5,6.3,13.334693,13.334693,2.835,2.835,10.499693,31.49908,1472.222,370.181,2563.443,2193.262,1091.221,1102.041,1480.725,53.641,1029.077,0.0,0.0,-1091.221,model_estimate,Hirohata EAF 투자 방향을 반영한 복합 블록; 생산량·재투자연도 추정,CAND-87B9435721978E,P1,PORT-5CFD50239439,1000,23.115335,9.43632,321.473932,6865.237,21.355503,True,True,,0.0,3.446647212967946e-06,True,True,True,True,,0.0,0.0,0.0,2,2,0.28236113919999994,0.65,0.88
NIPPON_STEEL_JP,Nippon Steel,ACCELERATED_15C,P1,NS-EAST,East Nippon Works 블록,동일본,2034,BF_BOF,기준 BF-BOF 복합 블록,BF_RELINE,BF 개수·효율 패키지,2227.5,445.5,8.1,7.200001,15.239652,15.239652,13.680002,13.680002,1.55965,10.917549,-208.522,0.0,361.9,361.9,570.422,-208.522,275.154,26.662,60.085,0.0,0.0,-570.422,model_estimate,Nippon Steel 공식 생산·배출·용량 총량에 맞춘 지역 블록 배분,CAND-87B9435721978E,P1,PORT-5CFD50239439,1000,9.408095,10.101758,321.473932,2434.553,7.573095,False,False,2035,15.995002139999997,-15.995002139999997,True,True,True,True,,0.0,0.0,0.0,2,2,0.28236113919999994,0.65,0.88
NIPPON_STEEL_JP,Nippon Steel,ACCELERATED_15C,P1,NS-KANSAI,Kansai Works 블록,간사이,2036,BF_BOF,기준 BF-BOF 복합 블록,BF_RELINE,BF 개수·효율 패키지,1732.5,346.5,6.3,5.600001,11.853062,11.853062,10.640001,10.640001,1.213061,6.065305,-78.072,0.0,238.291,238.291,316.362,-78.072,192.276,14.0,32.015,0.0,0.0,-316.362,model_estimate,Nippon Steel 공식 생산·배출·용량 총량에 맞춘 지역 블록 배분,CAND-87B9435721978E,P1,PORT-5CFD50239439,1000,9.408095,10.101758,321.473932,2434.553,7.573095,False,False,2035,15.995002139999997,-15.995002139999997,True,True,True,True,,0.0,0.0,0.0,2,2,0.28236113919999994,0.65,0.88
NIPPON_STEEL_JP,Nippon Steel,ACCELERATED_15C,P1,NS-KYUSHU,Kyushu Works Yawata 블록,규슈,2029,BF_BOF,기준 BF-BOF 복합 블록,SCRAP_EAF,스크랩 기반 대형 EAF,6160.0,3960.0,10.0,9.0,19.049562,4.05,4.05,4.05,14.999562,179.994744,2492.385,958.973,11668.319,10709.345,9175.933,1533.412,3196.578,462.398,8009.343,0.0,0.0,-9175.933,model_estimate,Yawata BF→EAF 공시 방향을 반영해 조기 재투자 창을 설정; 블록 생산량 추정,CAND-87B9435721978E,P1,PORT-5CFD50239439,1000,9.408095,10.101758,321.473932,2434.553,7.573095,False,False,2035,15.995002139999997,-15.995002139999997,True,True,True,True,,0.0,0.0,0.0,2,2,0.28236113919999994,0.65,0.88
NIPPON_STEEL_JP,Nippon Steel,ACCELERATED_15C,P1,NS-NAGOYA,Nagoya Works 블록,나고야,2032,BF_BOF,기준 BF-BOF 복합 블록,SCRAP_EAF,스크랩 기반 대형 EAF,4312.0,2772.0,7.0,6.199998,13.123027,13.123027,2.789999,2.789999,10.333028,92.997254,1141.656,571.672,5978.303,5406.631,4836.648,569.983,1905.575,187.564,3885.164,0.0,0.0,-4836.648,model_estimate,Nippon Steel 공식 생산·배출·용량 총량에 맞춘 지역 블록 배분,CAND-87B9435721978E,P1,PORT-5CFD50239439,1000,9.408095,10.101758,321.473932,2434.553,7.573095,False,False,2035,15.995002139999997,-15.995002139999997,True,True,True,True,,0.0,0.0,0.0,2,2,0.28236113919999994,0.65,0.88
NIPPON_STEEL_JP,Nippon Steel,ACCELERATED_15C,P1,NS-SETOUCHI,Setouchi Works Hirohata 블록,세토우치,2038,BF_BOF,기준 BF-BOF 복합 블록,SCRAP_EAF,스크랩 기반 대형 EAF,4620.0,2970.0,7.5,6.3,13.334693,13.334693,2.835,2.835,10.499693,31.49908,1061.969,444.218,2695.327,2251.11,1633.359,617.751,1480.725,53.641,1160.962,0.0,0.0,-1633.359,model_estimate,Hirohata EAF 투자 방향을 반영한 복합 블록; 생산량·재투자연도 추정,CAND-87B9435721978E,P1,PORT-5CFD50239439,1000,9.408095,10.101758,321.473932,2434.553,7.573095,False,False,2035,15.995002139999997,-15.995002139999997,True,True,True,True,,0.0,0.0,0.0,2,2,0.28236113919999994,0.65,0.88
POSCO_KR,POSCO,DISCLOSED_PATH,P3,POS-GWY-E,광양제철소 BF 블록 B,광양,2037,BF_BOF,기준 BF-BOF 복합 블록,H2_DRI_EAF,수소 DRI + EAF,9270.0,7210.0,10.3,9.502996,19.725693,19.725693,1.900599,1.900599,17.825093,71.300373,11491.723,1376.256,14050.911,12674.655,2559.188,10115.467,3792.327,295.74,1153.737,8751.189,57.918,-2559.188,model_estimate,POSCO 공식 국내 생산·배출 총량에 맞춘 설비 블록 배분; 개별 생산량·재투자연도는 추정,CAND-921D50D4015721,P3,PORT-96133A6427FE,1000,67.694509,13.531485,430.20423,28331.133,65.855078,True,True,,0.0,2.0275124185786808e-05,True,True,True,True,,0.0,0.0,0.0,2,3,0.45933660799999987,0.65,2.02
POSCO_KR,POSCO,DISCLOSED_PATH,P3,POS-GWY-EAF,광양 기존 EAF 블록,광양,2033,EAF_BASELINE,기존 전기로 기준 블록,EAF_RENEWABLE,기존 EAF 재생전력 업그레이드,312.0,96.0,1.2,1.134,0.5103,0.5103,0.1134,0.1134,0.3969,3.1752,0.747,6.288,116.274,109.986,115.527,-5.541,62.553,14.814,38.405,0.0,0.501,-115.527,model_estimate,2025 공식 EAF 생산 1.135Mt에 맞춘 모델 블록; 집약도·재투자연도 추정,CAND-921D50D4015721,P3,PORT-96133A6427FE,1000,67.694509,13.531485,430.20423,28331.133,65.855078,True,True,,0.0,2.0275124185786808e-05,True,True,True,True,,0.0,0.0,0.0,2,3,0.45933660799999987,0.65,2.02
POSCO_KR,POSCO,DISCLOSED_PATH,P3,POS-GWY-W,광양제철소 BF 블록 A,광양,2035,BF_BOF,기준 BF-BOF 복합 블록,SCRAP_EAF,스크랩 기반 대형 EAF,5768.0,3708.0,10.3,9.499999,19.719471,19.719471,4.275,4.275,15.444471,92.666828,1295.268,327.326,4649.216,4321.89,3353.947,967.943,2170.777,263.8,2193.372,0.0,21.267,-3353.947,model_estimate,POSCO 공식 국내 생산·배출 총량에 맞춘 설비 블록 배분; 개별 생산량·재투자연도는 추정,CAND-921D50D4015721,P3,PORT-96133A6427FE,1000,67.694509,13.531485,430.20423,28331.133,65.855078,True,True,,0.0,2.0275124185786808e-05,True,True,True,True,,0.0,0.0,0.0,2,3,0.45933660799999987,0.65,2.02
POSCO_KR,POSCO,DISCLOSED_PATH,P3,POS-POH-N,포항제철소 BF 블록 A,포항,2029,BF_BOF,기준 BF-BOF 복합 블록,SCRAP_EAF,스크랩 기반 대형 EAF,4592.0,2952.0,8.2,7.599998,15.775574,3.419999,3.419999,3.419999,12.355575,148.266898,1406.474,359.873,6793.582,6433.709,5387.108,1046.6,2382.904,446.25,3934.214,0.0,30.214,-5387.108,model_estimate,POSCO 공식 국내 생산·배출 총량에 맞춘 설비 블록 배분; 개별 생산량·재투자연도는 추정,CAND-921D50D4015721,P3,PORT-96133A6427FE,1000,67.694509,13.531485,430.20423,28331.133,65.855078,True,True,,0.0,2.0275124185786808e-05,True,True,True,True,,0.0,0.0,0.0,2,3,0.45933660799999987,0.65,2.02
POSCO_KR,POSCO,DISCLOSED_PATH,P3,POS-POH-S,포항제철소 BF 블록 B,포항,2032,BF_BOF,기준 BF-BOF 복합 블록,H2_DRI_EAF,수소 DRI + EAF,6660.0,5180.0,7.4,6.800001,14.114992,14.114992,1.36,1.36,12.754992,114.794931,18003.878,1797.214,22186.045,20388.831,4182.167,16206.664,3560.923,514.289,2030.494,15992.535,87.804,-4182.167,model_estimate,POSCO 공식 국내 생산·배출 총량에 맞춘 설비 블록 배분; 개별 생산량·재투자연도는 추정,CAND-921D50D4015721,P3,PORT-96133A6427FE,1000,67.694509,13.531485,430.20423,28331.133,65.855078,True,True,,0.0,2.0275124185786808e-05,True,True,True,True,,0.0,0.0,0.0,2,3,0.45933660799999987,0.65,2.02
POSCO_KR,POSCO,ACCELERATED_15C,P3,POS-GWY-E,광양제철소 BF 블록 B,광양,2037,BF_BOF,기준 BF-BOF 복합 블록,H2_DRI_EAF,수소 DRI + EAF,9270.0,7210.0,10.3,9.502996,19.725693,19.725693,1.900599,1.900599,17.825093,71.300373,11290.831,1928.923,15078.386,13149.463,3787.555,9361.908,3792.327,295.74,1311.15,9617.294,61.875,-3787.555,model_estimate,POSCO 공식 국내 생산·배출 총량에 맞춘 설비 블록 배분; 개별 생산량·재투자연도는 추정,CAND-921D50D4015721,P3,PORT-96133A6427FE,1000,55.127991,14.253499,430.20423,22859.063,53.135375,True,True,,0.0,2.0275124185786808e-05,True,True,True,True,,0.0,0.0,0.0,2,3,0.45933660799999987,0.65,2.02
POSCO_KR,POSCO,ACCELERATED_15C,P3,POS-GWY-EAF,광양 기존 EAF 블록,광양,2033,EAF_BASELINE,기존 전기로 기준 블록,EAF_RENEWABLE,기존 EAF 재생전력 업그레이드,312.0,96.0,1.2,1.134,0.5103,0.5103,0.1134,0.1134,0.3969,3.1752,-48.656,9.432,120.876,111.444,169.532,-58.089,62.553,14.814,42.986,0.0,0.522,-169.532,model_estimate,2025 공식 EAF 생산 1.135Mt에 맞춘 모델 블록; 집약도·재투자연도 추정,CAND-921D50D4015721,P3,PORT-96133A6427FE,1000,55.127991,14.253499,430.20423,22859.063,53.135375,True,True,,0.0,2.0275124185786808e-05,True,True,True,True,,0.0,0.0,0.0,2,3,0.45933660799999987,0.65,2.02
POSCO_KR,POSCO,ACCELERATED_15C,P3,POS-GWY-W,광양제철소 BF 블록 A,광양,2035,BF_BOF,기준 BF-BOF 복합 블록,SCRAP_EAF,스크랩 기반 대형 EAF,5768.0,3708.0,10.3,9.499999,19.719471,19.719471,4.275,4.275,15.444471,92.666828,-17.457,436.435,4931.38,4494.945,4948.836,-453.891,2170.777,263.8,2474.272,0.0,22.531,-4948.836,model_estimate,POSCO 공식 국내 생산·배출 총량에 맞춘 설비 블록 배분; 개별 생산량·재투자연도는 추정,CAND-921D50D4015721,P3,PORT-96133A6427FE,1000,55.127991,14.253499,430.20423,22859.063,53.135375,True,True,,0.0,2.0275124185786808e-05,True,True,True,True,,0.0,0.0,0.0,2,3,0.45933660799999987,0.65,2.02
POSCO_KR,POSCO,ACCELERATED_15C,P3,POS-POH-N,포항제철소 BF 블록 A,포항,2029,BF_BOF,기준 BF-BOF 복합 블록,SCRAP_EAF,스크랩 기반 대형 EAF,4592.0,2952.0,8.2,7.599998,15.775574,3.419999,3.419999,3.419999,12.355575,148.266898,-571.646,479.083,7190.879,6711.797,7762.525,-1050.729,2382.904,446.25,4329.731,0.0,31.994,-7762.525,model_estimate,POSCO 공식 국내 생산·배출 총량에 맞춘 설비 블록 배분; 개별 생산량·재투자연도는 추정,CAND-921D50D4015721,P3,PORT-96133A6427FE,1000,55.127991,14.253499,430.20423,22859.063,53.135375,True,True,,0.0,2.0275124185786808e-05,True,True,True,True,,0.0,0.0,0.0,2,3,0.45933660799999987,0.65,2.02
POSCO_KR,POSCO,ACCELERATED_15C,P3,POS-POH-S,포항제철소 BF 블록 B,포항,2032,BF_BOF,기준 BF-BOF 복합 블록,H2_DRI_EAF,수소 DRI + EAF,6660.0,5180.0,7.4,6.800001,14.114992,14.114992,1.36,1.36,12.754992,114.794931,17606.58,2546.716,23721.593,21174.876,6115.012,15059.864,3560.923,514.289,2263.493,17289.173,93.715,-6115.012,model_estimate,POSCO 공식 국내 생산·배출 총량에 맞춘 설비 블록 배분; 개별 생산량·재투자연도는 추정,CAND-921D50D4015721,P3,PORT-96133A6427FE,1000,55.127991,14.253499,430.20423,22859.063,53.135375,True,True,,0.0,2.0275124185786808e-05,True,True,True,True,,0.0,0.0,0.0,2,3,0.45933660799999987,0.65,2.02
NIPPON_STEEL_JP,Nippon Steel,DISCLOSED_PATH,P1,NS-EAST,East Nippon Works 블록,동일본,2034,BF_BOF,기준 BF-BOF 복합 블록,SCRAP_EAF,스크랩 기반 대형 EAF,4989.6,3207.6,8.1,7.200001,15.239652,15.239652,3.24,3.24,11.999651,83.997558,2215.075,495.277,5164.529,4669.252,2949.454,1719.798,1981.108,159.97,3023.451,0.0,0.0,-2949.454,model_estimate,Nippon Steel 공식 생산·배출·용량 총량에 맞춘 지역 블록 배분,CAND-97FAAFFD87E907,P1,PORT-160DD6C4A97F,1000,46.476557,15.203139,442.153947,19641.24,44.421722,True,False,,0.0,3.446647212967946e-06,False,False,True,True,2034,4.469999115000004,0.0,0.0,2,2,0.41255777279999983,0.65,1.68
NIPPON_STEEL_JP,Nippon Steel,DISCLOSED_PATH,P1,NS-KANSAI,Kansai Works 블록,간사이,2036,BF_BOF,기준 BF-BOF 복합 블록,H2_DRI_EAF,수소 DRI + EAF,6237.0,4851.0,6.3,5.600001,11.853062,11.853062,1.12,1.12,10.733062,53.665311,11805.356,753.724,13679.935,12926.211,1874.579,11051.632,2691.871,181.997,1314.06,9492.007,0.0,-1874.579,model_estimate,Nippon Steel 공식 생산·배출·용량 총량에 맞춘 지역 블록 배분,CAND-97FAAFFD87E907,P1,PORT-160DD6C4A97F,1000,46.476557,15.203139,442.153947,19641.24,44.421722,True,False,,0.0,3.446647212967946e-06,False,False,True,True,2034,4.469999115000004,0.0,0.0,2,2,0.41255777279999983,0.65,1.68
NIPPON_STEEL_JP,Nippon Steel,DISCLOSED_PATH,P1,NS-KYUSHU,Kyushu Works Yawata 블록,규슈,2029,BF_BOF,기준 BF-BOF 복합 블록,SCRAP_EAF,스크랩 기반 대형 EAF,6160.0,3960.0,10.0,9.0,19.049562,4.05,4.05,4.05,14.999562,179.994744,4703.992,799.145,10996.19,10197.045,6292.198,3904.847,3196.578,462.398,7337.214,0.0,0.0,-6292.198,model_estimate,Yawata BF→EAF 공시 방향을 반영해 조기 재투자 창을 설정; 블록 생산량 추정,CAND-97FAAFFD87E907,P1,PORT-160DD6C4A97F,1000,46.476557,15.203139,442.153947,19641.24,44.421722,True,False,,0.0,3.446647212967946e-06,False,False,True,True,2034,4.469999115000004,0.0,0.0,2,2,0.41255777279999983,0.65,1.68
NIPPON_STEEL_JP,Nippon Steel,DISCLOSED_PATH,P1,NS-NAGOYA,Nagoya Works 블록,나고야,2032,BF_BOF,기준 BF-BOF 복합 블록,SCRAP_EAF,스크랩 기반 대형 EAF,4312.0,2772.0,7.0,6.199998,13.123027,13.123027,2.789999,2.789999,10.333028,92.997254,2339.315,476.394,5610.132,5133.739,3270.817,1862.921,1905.575,187.564,3516.993,0.0,0.0,-3270.817,model_estimate,Nippon Steel 공식 생산·배출·용량 총량에 맞춘 지역 블록 배분,CAND-97FAAFFD87E907,P1,PORT-160DD6C4A97F,1000,46.476557,15.203139,442.153947,19641.24,44.421722,True,False,,0.0,3.446647212967946e-06,False,False,True,True,2034,4.469999115000004,0.0,0.0,2,2,0.41255777279999983,0.65,1.68
NIPPON_STEEL_JP,Nippon Steel,DISCLOSED_PATH,P1,NS-SETOUCHI,Setouchi Works Hirohata 블록,세토우치,2038,BF_BOF,기준 BF-BOF 복합 블록,SCRAP_EAF,스크랩 기반 대형 EAF,4620.0,2970.0,7.5,6.3,13.334693,13.334693,2.835,2.835,10.499693,31.49908,1472.222,370.181,2563.443,2193.262,1091.221,1102.041,1480.725,53.641,1029.077,0.0,0.0,-1091.221,model_estimate,Hirohata EAF 투자 방향을 반영한 복합 블록; 생산량·재투자연도 추정,CAND-97FAAFFD87E907,P1,PORT-160DD6C4A97F,1000,46.476557,15.203139,442.153947,19641.24,44.421722,True,False,,0.0,3.446647212967946e-06,False,False,True,True,2034,4.469999115000004,0.0,0.0,2,2,0.41255777279999983,0.65,1.68
NIPPON_STEEL_JP,Nippon Steel,ACCELERATED_15C,P1,NS-EAST,East Nippon Works 블록,동일본,2034,BF_BOF,기준 BF-BOF 복합 블록,SCRAP_EAF,스크랩 기반 대형 EAF,4989.6,3207.6,8.1,7.200001,15.239652,15.239652,3.24,3.24,11.999651,83.997558,1117.098,594.332,5505.814,4911.482,4388.717,522.765,1981.108,159.97,3364.736,0.0,0.0,-4388.717,model_estimate,Nippon Steel 공식 생산·배출·용량 총량에 맞춘 지역 블록 배분,CAND-97FAAFFD87E907,P1,PORT-160DD6C4A97F,1000,34.558493,16.596772,442.153947,14258.889,32.248699,True,True,,0.0,3.446647212967946e-06,True,True,True,True,,0.0,0.0,0.0,2,2,0.41255777279999983,0.65,1.68
NIPPON_STEEL_JP,Nippon Steel,ACCELERATED_15C,P1,NS-KANSAI,Kansai Works 블록,간사이,2036,BF_BOF,기준 BF-BOF 복합 블록,H2_DRI_EAF,수소 DRI + EAF,6237.0,4851.0,6.3,5.600001,11.853062,11.853062,1.12,1.12,10.733062,53.665311,11957.133,942.155,14756.282,13814.127,2799.149,11014.978,2691.871,181.997,1472.667,10409.747,0.0,-2799.149,model_estimate,Nippon Steel 공식 생산·배출·용량 총량에 맞춘 지역 블록 배분,CAND-97FAAFFD87E907,P1,PORT-160DD6C4A97F,1000,34.558493,16.596772,442.153947,14258.889,32.248699,True,True,,0.0,3.446647212967946e-06,True,True,True,True,,0.0,0.0,0.0,2,2,0.41255777279999983,0.65,1.68
NIPPON_STEEL_JP,Nippon Steel,ACCELERATED_15C,P1,NS-KYUSHU,Kyushu Works Yawata 블록,규슈,2029,BF_BOF,기준 BF-BOF 복합 블록,SCRAP_EAF,스크랩 기반 대형 EAF,6160.0,3960.0,10.0,9.0,19.049562,4.05,4.05,4.05,14.999562,179.994744,2492.385,958.973,11668.319,10709.345,9175.933,1533.412,3196.578,462.398,8009.343,0.0,0.0,-9175.933,model_estimate,Yawata BF→EAF 공시 방향을 반영해 조기 재투자 창을 설정; 블록 생산량 추정,CAND-97FAAFFD87E907,P1,PORT-160DD6C4A97F,1000,34.558493,16.596772,442.153947,14258.889,32.248699,True,True,,0.0,3.446647212967946e-06,True,True,True,True,,0.0,0.0,0.0,2,2,0.41255777279999983,0.65,1.68
NIPPON_STEEL_JP,Nippon Steel,ACCELERATED_15C,P1,NS-NAGOYA,Nagoya Works 블록,나고야,2032,BF_BOF,기준 BF-BOF 복합 블록,SCRAP_EAF,스크랩 기반 대형 EAF,4312.0,2772.0,7.0,6.199998,13.123027,13.123027,2.789999,2.789999,10.333028,92.997254,1141.656,571.672,5978.303,5406.631,4836.648,569.983,1905.575,187.564,3885.164,0.0,0.0,-4836.648,model_estimate,Nippon Steel 공식 생산·배출·용량 총량에 맞춘 지역 블록 배분,CAND-97FAAFFD87E907,P1,PORT-160DD6C4A97F,1000,34.558493,16.596772,442.153947,14258.889,32.248699,True,True,,0.0,3.446647212967946e-06,True,True,True,True,,0.0,0.0,0.0,2,2,0.41255777279999983,0.65,1.68
NIPPON_STEEL_JP,Nippon Steel,ACCELERATED_15C,P1,NS-SETOUCHI,Setouchi Works Hirohata 블록,세토우치,2038,BF_BOF,기준 BF-BOF 복합 블록,SCRAP_EAF,스크랩 기반 대형 EAF,4620.0,2970.0,7.5,6.3,13.334693,13.334693,2.835,2.835,10.499693,31.49908,1061.969,444.218,2695.327,2251.11,1633.359,617.751,1480.725,53.641,1160.962,0.0,0.0,-1633.359,model_estimate,Hirohata EAF 투자 방향을 반영한 복합 블록; 생산량·재투자연도 추정,CAND-97FAAFFD87E907,P1,PORT-160DD6C4A97F,1000,34.558493,16.596772,442.153947,14258.889,32.248699,True,True,,0.0,3.446647212967946e-06,True,True,True,True,,0.0,0.0,0.0,2,2,0.41255777279999983,0.65,1.68
KOBE_STEEL_JP,Kobe Steel,DISCLOSED_PATH,P3,KOB-BF1,Kakogawa Works BF 블록 1,가코가와,2029,BF_BOF,기준 BF-BOF 복합 블록,SCRAP_EAF,스크랩 기반 대형 EAF,1940.4,1247.4,3.15,2.95,7.173636,1.3275,1.3275,1.3275,5.846136,70.153636,1062.207,262.131,3514.614,3252.483,2452.408,800.075,1006.922,86.608,2404.976,0.0,16.109,-2452.408,model_estimate,Kobe Steel 공식 조강·목표경계 배출 총량에 맞춘 블록 배분,CAND-9DD8DD0C56A40D,P3,PORT-8384667F6B8E,1000,53.282495,13.004611,96.451092,4978.625,51.618125,True,True,,0.0,9.990856690045291e-05,True,True,True,True,,0.0,0.0,0.0,1,1,0.28332,0.6,1.06
KOBE_STEEL_JP,Kobe Steel,DISCLOSED_PATH,P3,KOB-BF3,Kakogawa Works BF 블록 3,가코가와,2037,BF_BOF,기준 BF-BOF 복합 블록,H2_DRI_EAF,수소 DRI + EAF,3019.5,2348.5,3.05,2.909999,7.076364,7.076364,0.582,0.582,6.494364,25.977455,4795.39,614.214,5699.379,5085.165,903.989,4181.176,1235.268,62.261,533.241,3845.304,23.305,-903.989,model_estimate,2016년 BF3 개수와 장기 수명주기를 반영한 재투자연도 추정,CAND-9DD8DD0C56A40D,P3,PORT-8384667F6B8E,1000,53.282495,13.004611,96.451092,4978.625,51.618125,True,True,,0.0,9.990856690045291e-05,True,True,True,True,,0.0,0.0,0.0,1,1,0.28332,0.6,1.06
KOBE_STEEL_JP,Kobe Steel,DISCLOSED_PATH,P3,KOB-TAKA,Takasago Works EAF block,다카사고,2033,EAF_BASELINE,기존 전기로 기준 블록,EAF_RENEWABLE,기존 EAF 재생전력 업그레이드,40.04,12.32,0.14,0.1,0.05,0.05,0.01,0.01,0.04,0.32,-1.417,1.21,9.834,8.624,11.251,-2.627,8.028,0.0,1.757,0.0,0.05,-11.251,model_estimate,다카사고 포함 공식 조강 총량에 맞춘 소규모 EAF 블록 추정,CAND-9DD8DD0C56A40D,P3,PORT-8384667F6B8E,1000,53.282495,13.004611,96.451092,4978.625,51.618125,True,True,,0.0,9.990856690045291e-05,True,True,True,True,,0.0,0.0,0.0,1,1,0.28332,0.6,1.06
KOBE_STEEL_JP,Kobe Steel,ACCELERATED_15C,P3,KOB-BF1,Kakogawa Works BF 블록 1,가코가와,2029,BF_BOF,기준 BF-BOF 복합 블록,SCRAP_EAF,스크랩 기반 대형 EAF,1940.4,1247.4,3.15,2.95,7.173636,1.3275,1.3275,1.3275,5.846136,70.153636,159.56,304.35,3735.915,3431.565,3576.355,-144.79,1006.922,86.608,2625.285,0.0,17.1,-3576.355,model_estimate,Kobe Steel 공식 조강·목표경계 배출 총량에 맞춘 블록 배분,CAND-9DD8DD0C56A40D,P3,PORT-8384667F6B8E,1000,41.22703,13.976285,96.451092,3812.491,39.527711,False,False,2035,0.6138637290849003,-0.6138637290849003,True,True,True,True,,0.0,0.0,0.0,1,1,0.28332,0.6,1.06
KOBE_STEEL_JP,Kobe Steel,ACCELERATED_15C,P3,KOB-BF3,Kakogawa Works BF 블록 3,가코가와,2037,BF_BOF,기준 BF-BOF 복합 블록,H2_DRI_EAF,수소 DRI + EAF,3019.5,2348.5,3.05,2.909999,7.076364,7.076364,0.582,0.582,6.494364,25.977455,4800.539,834.977,6152.069,5317.092,1351.53,3965.562,1235.268,62.261,599.616,4229.879,25.045,-1351.53,model_estimate,2016년 BF3 개수와 장기 수명주기를 반영한 재투자연도 추정,CAND-9DD8DD0C56A40D,P3,PORT-8384667F6B8E,1000,41.22703,13.976285,96.451092,3812.491,39.527711,False,False,2035,0.6138637290849003,-0.6138637290849003,True,True,True,True,,0.0,0.0,0.0,1,1,0.28332,0.6,1.06
KOBE_STEEL_JP,Kobe Steel,ACCELERATED_15C,P3,KOB-TAKA,Takasago Works EAF block,다카사고,2033,EAF_BASELINE,기존 전기로 기준 블록,EAF_RENEWABLE,기존 EAF 재생전력 업그레이드,40.04,12.32,0.14,0.1,0.05,0.05,0.01,0.01,0.04,0.32,-6.667,1.614,10.027,8.413,16.694,-8.281,8.028,0.0,1.948,0.0,0.051,-16.694,model_estimate,다카사고 포함 공식 조강 총량에 맞춘 소규모 EAF 블록 추정,CAND-9DD8DD0C56A40D,P3,PORT-8384667F6B8E,1000,41.22703,13.976285,96.451092,3812.491,39.527711,False,False,2035,0.6138637290849003,-0.6138637290849003,True,True,True,True,,0.0,0.0,0.0,1,1,0.28332,0.6,1.06
JFE_STEEL_JP,JFE Steel,DISCLOSED_PATH,P3,JFE-CHIBA,East Japan Works Chiba,치바,2036,BF_BOF,기준 BF-BOF 복합 블록,BF_RELINE,BF 개수·효율 패키지,1650.0,330.0,6.0,5.449998,11.528348,11.528348,10.354996,10.354996,1.173352,5.866759,7.077,0.0,212.008,212.008,204.931,7.077,183.12,0.0,27.801,0.0,1.086,-204.931,model_estimate,JFE 공식 생산·배출 총량에 맞춘 설비 블록 배분,CAND-A735954AF09420,P3,PORT-CCD4397FA6D4,1000,109.751872,21.784359,281.895878,30284.795,107.432556,True,True,,0.0,1.265341119704999e-05,True,True,True,True,,0.0,0.0,0.0,2,3,0.3119871999999999,0.65,1.1400000000000001
JFE_STEEL_JP,JFE Steel,DISCLOSED_PATH,P3,JFE-FUKU,West Japan Works Fukuyama,후쿠야마,2033,BF_BOF,기준 BF-BOF 복합 블록,H2_DRI_EAF,수소 DRI + EAF,9702.0,7546.0,9.8,8.999997,19.037639,19.037639,1.799999,1.799999,17.237639,137.901116,30773.009,3321.245,35621.518,32300.273,4848.509,27451.763,4916.965,509.49,3636.405,26417.415,141.243,-4848.509,model_estimate,JFE 공식 생산·배출 총량에 맞춘 설비 블록 배분,CAND-A735954AF09420,P3,PORT-CCD4397FA6D4,1000,109.751872,21.784359,281.895878,30284.795,107.432556,True,True,,0.0,1.265341119704999e-05,True,True,True,True,,0.0,0.0,0.0,2,3,0.3119871999999999,0.65,1.1400000000000001
JFE_STEEL_JP,JFE Steel,DISCLOSED_PATH,P3,JFE-KURA,West Japan Works Kurashiki,구라시키,2029,BF_BOF,기준 BF-BOF 복합 블록,SCRAP_EAF,스크랩 기반 대형 EAF,4558.4,2930.4,7.4,6.800001,14.384,3.06,3.06,3.06,11.324,135.888002,3495.635,645.521,8245.964,7600.443,4750.329,2850.114,2365.468,299.458,5543.673,0.0,37.365,-4750.329,model_estimate,2028 혁신 EAF 공시를 반영한 조기 재투자 창; 생산량은 공식 총량에 맞춘 추정,CAND-A735954AF09420,P3,PORT-CCD4397FA6D4,1000,109.751872,21.784359,281.895878,30284.795,107.432556,True,True,,0.0,1.265341119704999e-05,True,True,True,True,,0.0,0.0,0.0,2,3,0.3119871999999999,0.65,1.1400000000000001
JFE_STEEL_JP,JFE Steel,DISCLOSED_PATH,P3,JFE-SENDAI,Sendai Works EAF,센다이,2033,EAF_BASELINE,기존 전기로 기준 블록,EAF_RENEWABLE,기존 EAF 재생전력 업그레이드,228.8,70.4,0.8,0.7,0.35,0.35,0.07,0.07,0.28,2.24,-17.243,6.917,61.514,54.597,78.757,-24.16,45.873,3.048,12.297,0.0,0.296,-78.757,model_estimate,공식 EAF 사업장 존재를 반영; 생산량·집약도·재투자연도 추정,CAND-A735954AF09420,P3,PORT-CCD4397FA6D4,1000,109.751872,21.784359,281.895878,30284.795,107.432556,True,True,,0.0,1.265341119704999e-05,True,True,True,True,,0.0,0.0,0.0,2,3,0.3119871999999999,0.65,1.1400000000000001
JFE_STEEL_JP,JFE Steel,ACCELERATED_15C,P3,JFE-CHIBA,East Japan Works Chiba,치바,2036,BF_BOF,기준 BF-BOF 복합 블록,BF_RELINE,BF 개수·효율 패키지,1650.0,330.0,6.0,5.449998,11.528348,11.528348,10.354996,10.354996,1.173352,5.866759,-90.627,0.0,215.379,215.379,306.006,-90.627,183.12,0.0,31.157,0.0,1.102,-306.006,model_estimate,JFE 공식 생산·배출 총량에 맞춘 설비 블록 배분,CAND-A735954AF09420,P3,PORT-CCD4397FA6D4,1000,99.584903,22.935784,281.895878,27384.963,97.145666,False,False,2040,5.28499579,-5.28499579,True,True,True,True,,0.0,0.0,0.0,2,3,0.3119871999999999,0.65,1.1400000000000001
JFE_STEEL_JP,JFE Steel,ACCELERATED_15C,P3,JFE-FUKU,West Japan Works Fukuyama,후쿠야마,2033,BF_BOF,기준 BF-BOF 복합 블록,H2_DRI_EAF,수소 DRI + EAF,9702.0,7546.0,9.8,8.999997,19.037639,19.037639,1.799999,1.799999,17.237639,137.901116,31114.961,4674.343,38308.981,33634.637,7194.019,26440.618,4916.965,509.49,4032.152,28698.795,151.579,-7194.019,model_estimate,JFE 공식 생산·배출 총량에 맞춘 설비 블록 배분,CAND-A735954AF09420,P3,PORT-CCD4397FA6D4,1000,99.584903,22.935784,281.895878,27384.963,97.145666,False,False,2040,5.28499579,-5.28499579,True,True,True,True,,0.0,0.0,0.0,2,3,0.3119871999999999,0.65,1.1400000000000001
JFE_STEEL_JP,JFE Steel,ACCELERATED_15C,P3,JFE-KURA,West Japan Works Kurashiki,구라시키,2029,BF_BOF,기준 BF-BOF 복합 블록,SCRAP_EAF,스크랩 기반 대형 EAF,4558.4,2930.4,7.4,6.800001,14.384,3.06,3.06,3.06,11.324,135.888002,1828.659,730.467,8756.08,8025.613,6927.42,1098.193,2365.468,299.458,6051.504,0.0,39.65,-6927.42,model_estimate,2028 혁신 EAF 공시를 반영한 조기 재투자 창; 생산량은 공식 총량에 맞춘 추정,CAND-A735954AF09420,P3,PORT-CCD4397FA6D4,1000,99.584903,22.935784,281.895878,27384.963,97.145666,False,False,2040,5.28499579,-5.28499579,True,True,True,True,,0.0,0.0,0.0,2,3,0.3119871999999999,0.65,1.1400000000000001
JFE_STEEL_JP,JFE Steel,ACCELERATED_15C,P3,JFE-SENDAI,Sendai Works EAF,센다이,2033,EAF_BASELINE,기존 전기로 기준 블록,EAF_RENEWABLE,기존 EAF 재생전력 업그레이드,228.8,70.4,0.8,0.7,0.35,0.35,0.07,0.07,0.28,2.24,-53.998,9.223,62.858,53.636,116.856,-63.221,45.873,3.048,13.635,0.0,0.302,-116.856,model_estimate,공식 EAF 사업장 존재를 반영; 생산량·집약도·재투자연도 추정,CAND-A735954AF09420,P3,PORT-CCD4397FA6D4,1000,99.584903,22.935784,281.895878,27384.963,97.145666,False,False,2040,5.28499579,-5.28499579,True,True,True,True,,0.0,0.0,0.0,2,3,0.3119871999999999,0.65,1.1400000000000001
KOBE_STEEL_JP,Kobe Steel,DISCLOSED_PATH,P1,KOB-BF1,Kakogawa Works BF 블록 1,가코가와,2029,BF_BOF,기준 BF-BOF 복합 블록,H2_DRI_EAF,수소 DRI + EAF,3118.5,2425.5,3.15,2.95,7.173636,0.59,0.59,0.59,6.583636,79.003637,15895.779,548.213,18657.562,18109.349,2761.783,15347.565,1957.904,238.172,1975.516,14485.97,0.0,-2761.783,model_estimate,Kobe Steel 공식 조강·목표경계 배출 총량에 맞춘 블록 배분,CAND-B3597FD7767497,P1,PORT-9862FC05DA24,1000,194.545796,41.122372,105.301092,19771.105,187.757835,True,True,,0.0,9.990856690045291e-05,True,True,True,True,,0.0,0.0,0.0,1,1,0.3612199999999999,0.6,1.54
KOBE_STEEL_JP,Kobe Steel,DISCLOSED_PATH,P1,KOB-BF3,Kakogawa Works BF 블록 3,가코가와,2037,BF_BOF,기준 BF-BOF 복합 블록,H2_DRI_EAF,수소 DRI + EAF,3019.5,2348.5,3.05,2.909999,7.076364,7.076364,0.582,0.582,6.494364,25.977455,4772.085,345.875,5676.074,5330.199,903.989,4426.21,1235.268,62.261,533.241,3845.304,0.0,-903.989,model_estimate,2016년 BF3 개수와 장기 수명주기를 반영한 재투자연도 추정,CAND-B3597FD7767497,P1,PORT-9862FC05DA24,1000,194.545796,41.122372,105.301092,19771.105,187.757835,True,True,,0.0,9.990856690045291e-05,True,True,True,True,,0.0,0.0,0.0,1,1,0.3612199999999999,0.6,1.54
KOBE_STEEL_JP,Kobe Steel,DISCLOSED_PATH,P1,KOB-TAKA,Takasago Works EAF block,다카사고,2033,EAF_BASELINE,기존 전기로 기준 블록,EAF_RENEWABLE,기존 EAF 재생전력 업그레이드,40.04,12.32,0.14,0.1,0.05,0.05,0.01,0.01,0.04,0.32,-1.467,1.204,9.784,8.58,11.251,-2.671,8.028,0.0,1.757,0.0,0.0,-11.251,model_estimate,다카사고 포함 공식 조강 총량에 맞춘 소규모 EAF 블록 추정,CAND-B3597FD7767497,P1,PORT-9862FC05DA24,1000,194.545796,41.122372,105.301092,19771.105,187.757835,True,True,,0.0,9.990856690045291e-05,True,True,True,True,,0.0,0.0,0.0,1,1,0.3612199999999999,0.6,1.54
KOBE_STEEL_JP,Kobe Steel,ACCELERATED_15C,P1,KOB-BF1,Kakogawa Works BF 블록 1,가코가와,2029,BF_BOF,기준 BF-BOF 복합 블록,H2_DRI_EAF,수소 DRI + EAF,3118.5,2425.5,3.15,2.95,7.173636,0.59,0.59,0.59,6.583636,79.003637,15851.221,685.266,19878.739,19193.473,4027.518,15165.954,1957.904,238.172,2156.484,15526.18,0.0,-4027.518,model_estimate,Kobe Steel 공식 조강·목표경계 배출 총량에 맞춘 블록 배분,CAND-B3597FD7767497,P1,PORT-9862FC05DA24,1000,192.392855,45.451121,105.301092,19500.781,185.19068,True,True,,0.0,9.990856690045291e-05,True,True,True,True,,0.0,0.0,0.0,1,1,0.3612199999999999,0.6,1.54
KOBE_STEEL_JP,Kobe Steel,ACCELERATED_15C,P1,KOB-BF3,Kakogawa Works BF 블록 3,가코가와,2037,BF_BOF,기준 BF-BOF 복합 블록,H2_DRI_EAF,수소 DRI + EAF,3019.5,2348.5,3.05,2.909999,7.076364,7.076364,0.582,0.582,6.494364,25.977455,4775.494,432.344,6127.023,5694.68,1351.53,4343.15,1235.268,62.261,599.616,4229.879,0.0,-1351.53,model_estimate,2016년 BF3 개수와 장기 수명주기를 반영한 재투자연도 추정,CAND-B3597FD7767497,P1,PORT-9862FC05DA24,1000,192.392855,45.451121,105.301092,19500.781,185.19068,True,True,,0.0,9.990856690045291e-05,True,True,True,True,,0.0,0.0,0.0,1,1,0.3612199999999999,0.6,1.54
KOBE_STEEL_JP,Kobe Steel,ACCELERATED_15C,P1,KOB-TAKA,Takasago Works EAF block,다카사고,2033,EAF_BASELINE,기존 전기로 기준 블록,EAF_RENEWABLE,기존 EAF 재생전력 업그레이드,40.04,12.32,0.14,0.1,0.05,0.05,0.01,0.01,0.04,0.32,-6.718,1.606,9.976,8.37,16.694,-8.324,8.028,0.0,1.948,0.0,0.0,-16.694,model_estimate,다카사고 포함 공식 조강 총량에 맞춘 소규모 EAF 블록 추정,CAND-B3597FD7767497,P1,PORT-9862FC05DA24,1000,192.392855,45.451121,105.301092,19500.781,185.19068,True,True,,0.0,9.990856690045291e-05,True,True,True,True,,0.0,0.0,0.0,1,1,0.3612199999999999,0.6,1.54
KOBE_STEEL_JP,Kobe Steel,DISCLOSED_PATH,P4,KOB-BF1,Kakogawa Works BF 블록 1,가코가와,2028,BF_BOF,기준 BF-BOF 복합 블록,H2_DRI_EAF,수소 DRI + EAF,3118.5,2425.5,3.15,2.95,7.173636,0.59,0.59,0.59,6.583636,85.587273,17869.888,2478.186,20846.128,18367.942,2976.24,15391.702,2065.589,265.806,2193.932,16133.008,187.792,-2976.24,model_estimate,Kobe Steel 공식 조강·목표경계 배출 총량에 맞춘 블록 배분,CAND-B51B2DE2F2D28C,P4,PORT-8A59F01B884D,1000,140.165549,16.261531,114.781594,15757.538,137.282794,True,False,,0.0,9.990856690045291e-05,False,False,True,True,2028,0.0,0.012250011000000005,0.0,1,1,0.28332,0.6,1.06
KOBE_STEEL_JP,Kobe Steel,DISCLOSED_PATH,P4,KOB-BF3,Kakogawa Works BF 블록 3,가코가와,2036,BF_BOF,기준 BF-BOF 복합 블록,SCRAP_EAF,스크랩 기반 대형 EAF,1878.8,1207.8,3.05,2.909999,7.076364,7.076364,1.3095,1.3095,5.766864,28.834321,538.411,169.231,1545.621,1376.39,1007.21,369.181,670.221,29.099,831.286,0.0,15.015,-1007.21,model_estimate,2016년 BF3 개수와 장기 수명주기를 반영한 재투자연도 추정,CAND-B51B2DE2F2D28C,P4,PORT-8A59F01B884D,1000,140.165549,16.261531,114.781594,15757.538,137.282794,True,False,,0.0,9.990856690045291e-05,False,False,True,True,2028,0.0,0.012250011000000005,0.0,1,1,0.28332,0.6,1.06
KOBE_STEEL_JP,Kobe Steel,DISCLOSED_PATH,P4,KOB-TAKA,Takasago Works EAF block,다카사고,2032,EAF_BASELINE,기존 전기로 기준 블록,EAF_RENEWABLE,기존 EAF 재생전력 업그레이드,40.04,12.32,0.14,0.1,0.05,0.05,0.01,0.01,0.04,0.36,-2.062,1.283,10.6,9.317,12.662,-3.345,8.469,0.0,2.026,0.0,0.105,-12.662,model_estimate,다카사고 포함 공식 조강 총량에 맞춘 소규모 EAF 블록 추정,CAND-B51B2DE2F2D28C,P4,PORT-8A59F01B884D,1000,140.165549,16.261531,114.781594,15757.538,137.282794,True,False,,0.0,9.990856690045291e-05,False,False,True,True,2028,0.0,0.012250011000000005,0.0,1,1,0.28332,0.6,1.06
KOBE_STEEL_JP,Kobe Steel,ACCELERATED_15C,P4,KOB-BF1,Kakogawa Works BF 블록 1,가코가와,2028,BF_BOF,기준 BF-BOF 복합 블록,H2_DRI_EAF,수소 DRI + EAF,3118.5,2425.5,3.15,2.95,7.173636,0.59,0.59,0.59,6.583636,85.587273,17834.898,3564.943,22146.256,18581.313,4311.358,14269.955,2065.589,265.806,2384.723,17230.56,199.578,-4311.358,model_estimate,Kobe Steel 공식 조강·목표경계 배출 총량에 맞춘 블록 배분,CAND-B51B2DE2F2D28C,P4,PORT-8A59F01B884D,1000,126.771049,15.988302,114.781594,14200.239,123.715296,True,True,,0.0,9.990856690045291e-05,True,True,True,True,,0.0,0.0,0.0,1,1,0.28332,0.6,1.06
KOBE_STEEL_JP,Kobe Steel,ACCELERATED_15C,P4,KOB-BF3,Kakogawa Works BF 블록 3,가코가와,2036,BF_BOF,기준 BF-BOF 복합 블록,SCRAP_EAF,스크랩 기반 대형 EAF,1878.8,1207.8,3.05,2.909999,7.076364,7.076364,1.3095,1.3095,5.766864,28.834321,142.981,203.077,1646.961,1443.884,1503.98,-60.096,670.221,29.099,931.622,0.0,16.018,-1503.98,model_estimate,2016년 BF3 개수와 장기 수명주기를 반영한 재투자연도 추정,CAND-B51B2DE2F2D28C,P4,PORT-8A59F01B884D,1000,126.771049,15.988302,114.781594,14200.239,123.715296,True,True,,0.0,9.990856690045291e-05,True,True,True,True,,0.0,0.0,0.0,1,1,0.28332,0.6,1.06
KOBE_STEEL_JP,Kobe Steel,ACCELERATED_15C,P4,KOB-TAKA,Takasago Works EAF block,다카사고,2032,EAF_BASELINE,기존 전기로 기준 블록,EAF_RENEWABLE,기존 EAF 재생전력 업그레이드,40.04,12.32,0.14,0.1,0.05,0.05,0.01,0.01,0.04,0.36,-7.909,1.711,10.814,9.104,18.723,-9.62,8.469,0.0,2.238,0.0,0.107,-18.723,model_estimate,다카사고 포함 공식 조강 총량에 맞춘 소규모 EAF 블록 추정,CAND-B51B2DE2F2D28C,P4,PORT-8A59F01B884D,1000,126.771049,15.988302,114.781594,14200.239,123.715296,True,True,,0.0,9.990856690045291e-05,True,True,True,True,,0.0,0.0,0.0,1,1,0.28332,0.6,1.06
NIPPON_STEEL_JP,Nippon Steel,DISCLOSED_PATH,P1,NS-EAST,East Nippon Works 블록,동일본,2034,BF_BOF,기준 BF-BOF 복합 블록,SCRAP_EAF,스크랩 기반 대형 EAF,4989.6,3207.6,8.1,7.200001,15.239652,15.239652,3.24,3.24,11.999651,83.997558,2215.075,495.277,5164.529,4669.252,2949.454,1719.798,1981.108,159.97,3023.451,0.0,0.0,-2949.454,model_estimate,Nippon Steel 공식 생산·배출·용량 총량에 맞춘 지역 블록 배분,CAND-C1AAA9A0078119,P1,PORT-9E76B3BFF9FF,1000,93.299234,24.92825,456.103943,41012.769,89.919787,True,True,,0.0,3.446647212967946e-06,True,True,True,True,,0.0,0.0,0.0,2,2,0.47641018879999986,0.65,2.16
NIPPON_STEEL_JP,Nippon Steel,DISCLOSED_PATH,P1,NS-KANSAI,Kansai Works 블록,간사이,2036,BF_BOF,기준 BF-BOF 복합 블록,H2_DRI_EAF,수소 DRI + EAF,6237.0,4851.0,6.3,5.600001,11.853062,11.853062,1.12,1.12,10.733062,53.665311,11805.356,753.724,13679.935,12926.211,1874.579,11051.632,2691.871,181.997,1314.06,9492.007,0.0,-1874.579,model_estimate,Nippon Steel 공식 생산·배출·용량 총량에 맞춘 지역 블록 배분,CAND-C1AAA9A0078119,P1,PORT-9E76B3BFF9FF,1000,93.299234,24.92825,456.103943,41012.769,89.919787,True,True,,0.0,3.446647212967946e-06,True,True,True,True,,0.0,0.0,0.0,2,2,0.47641018879999986,0.65,2.16
NIPPON_STEEL_JP,Nippon Steel,DISCLOSED_PATH,P1,NS-KYUSHU,Kyushu Works Yawata 블록,규슈,2029,BF_BOF,기준 BF-BOF 복합 블록,SCRAP_EAF,스크랩 기반 대형 EAF,6160.0,3960.0,10.0,9.0,19.049562,4.05,4.05,4.05,14.999562,179.994744,4703.992,799.145,10996.19,10197.045,6292.198,3904.847,3196.578,462.398,7337.214,0.0,0.0,-6292.198,model_estimate,Yawata BF→EAF 공시 방향을 반영해 조기 재투자 창을 설정; 블록 생산량 추정,CAND-C1AAA9A0078119,P1,PORT-9E76B3BFF9FF,1000,93.299234,24.92825,456.103943,41012.769,89.919787,True,True,,0.0,3.446647212967946e-06,True,True,True,True,,0.0,0.0,0.0,2,2,0.47641018879999986,0.65,2.16
NIPPON_STEEL_JP,Nippon Steel,DISCLOSED_PATH,P1,NS-NAGOYA,Nagoya Works 블록,나고야,2032,BF_BOF,기준 BF-BOF 복합 블록,H2_DRI_EAF,수소 DRI + EAF,6930.0,5390.0,7.0,6.199998,13.123027,13.123027,1.24,1.24,11.883028,106.94725,24271.931,1037.48,28033.385,26995.905,3761.454,23234.451,3705.284,406.389,2888.959,21032.753,0.0,-3761.454,model_estimate,Nippon Steel 공식 생산·배출·용량 총량에 맞춘 지역 블록 배분,CAND-C1AAA9A0078119,P1,PORT-9E76B3BFF9FF,1000,93.299234,24.92825,456.103943,41012.769,89.919787,True,True,,0.0,3.446647212967946e-06,True,True,True,True,,0.0,0.0,0.0,2,2,0.47641018879999986,0.65,2.16
NIPPON_STEEL_JP,Nippon Steel,DISCLOSED_PATH,P1,NS-SETOUCHI,Setouchi Works Hirohata 블록,세토우치,2038,BF_BOF,기준 BF-BOF 복합 블록,SCRAP_EAF,스크랩 기반 대형 EAF,4620.0,2970.0,7.5,6.3,13.334693,13.334693,2.835,2.835,10.499693,31.49908,1472.222,370.181,2563.443,2193.262,1091.221,1102.041,1480.725,53.641,1029.077,0.0,0.0,-1091.221,model_estimate,Hirohata EAF 투자 방향을 반영한 복합 블록; 생산량·재투자연도 추정,CAND-C1AAA9A0078119,P1,PORT-9E76B3BFF9FF,1000,93.299234,24.92825,456.103943,41012.769,89.919787,True,True,,0.0,3.446647212967946e-06,True,True,True,True,,0.0,0.0,0.0,2,2,0.47641018879999986,0.65,2.16
NIPPON_STEEL_JP,Nippon Steel,ACCELERATED_15C,P1,NS-EAST,East Nippon Works 블록,동일본,2034,BF_BOF,기준 BF-BOF 복합 블록,SCRAP_EAF,스크랩 기반 대형 EAF,4989.6,3207.6,8.1,7.200001,15.239652,15.239652,3.24,3.24,11.999651,83.997558,1117.098,594.332,5505.814,4911.482,4388.717,522.765,1981.108,159.97,3364.736,0.0,0.0,-4388.717,model_estimate,Nippon Steel 공식 생산·배출·용량 총량에 맞춘 지역 블록 배분,CAND-C1AAA9A0078119,P1,PORT-9E76B3BFF9FF,1000,84.634765,27.360753,456.103943,36907.411,80.918861,True,True,,0.0,3.446647212967946e-06,True,True,True,True,,0.0,0.0,0.0,2,2,0.47641018879999986,0.65,2.16
NIPPON_STEEL_JP,Nippon Steel,ACCELERATED_15C,P1,NS-KANSAI,Kansai Works 블록,간사이,2036,BF_BOF,기준 BF-BOF 복합 블록,H2_DRI_EAF,수소 DRI + EAF,6237.0,4851.0,6.3,5.600001,11.853062,11.853062,1.12,1.12,10.733062,53.665311,11957.133,942.155,14756.282,13814.127,2799.149,11014.978,2691.871,181.997,1472.667,10409.747,0.0,-2799.149,model_estimate,Nippon Steel 공식 생산·배출·용량 총량에 맞춘 지역 블록 배분,CAND-C1AAA9A0078119,P1,PORT-9E76B3BFF9FF,1000,84.634765,27.360753,456.103943,36907.411,80.918861,True,True,,0.0,3.446647212967946e-06,True,True,True,True,,0.0,0.0,0.0,2,2,0.47641018879999986,0.65,2.16
NIPPON_STEEL_JP,Nippon Steel,ACCELERATED_15C,P1,NS-KYUSHU,Kyushu Works Yawata 블록,규슈,2029,BF_BOF,기준 BF-BOF 복합 블록,SCRAP_EAF,스크랩 기반 대형 EAF,6160.0,3960.0,10.0,9.0,19.049562,4.05,4.05,4.05,14.999562,179.994744,2492.385,958.973,11668.319,10709.345,9175.933,1533.412,3196.578,462.398,8009.343,0.0,0.0,-9175.933,model_estimate,Yawata BF→EAF 공시 방향을 반영해 조기 재투자 창을 설정; 블록 생산량 추정,CAND-C1AAA9A0078119,P1,PORT-9E76B3BFF9FF,1000,84.634765,27.360753,456.103943,36907.411,80.918861,True,True,,0.0,3.446647212967946e-06,True,True,True,True,,0.0,0.0,0.0,2,2,0.47641018879999986,0.65,2.16
NIPPON_STEEL_JP,Nippon Steel,ACCELERATED_15C,P1,NS-NAGOYA,Nagoya Works 블록,나고야,2032,BF_BOF,기준 BF-BOF 복합 블록,H2_DRI_EAF,수소 DRI + EAF,6930.0,5390.0,7.0,6.199998,13.123027,13.123027,1.24,1.24,11.883028,106.94725,24515.355,1296.85,30077.52,28780.671,5562.166,23218.505,3705.284,406.389,3191.385,22774.462,0.0,-5562.166,model_estimate,Nippon Steel 공식 생산·배출·용량 총량에 맞춘 지역 블록 배분,CAND-C1AAA9A0078119,P1,PORT-9E76B3BFF9FF,1000,84.634765,27.360753,456.103943,36907.411,80.918861,True,True,,0.0,3.446647212967946e-06,True,True,True,True,,0.0,0.0,0.0,2,2,0.47641018879999986,0.65,2.16
NIPPON_STEEL_JP,Nippon Steel,ACCELERATED_15C,P1,NS-SETOUCHI,Setouchi Works Hirohata 블록,세토우치,2038,BF_BOF,기준 BF-BOF 복합 블록,SCRAP_EAF,스크랩 기반 대형 EAF,4620.0,2970.0,7.5,6.3,13.334693,13.334693,2.835,2.835,10.499693,31.49908,1061.969,444.218,2695.327,2251.11,1633.359,617.751,1480.725,53.641,1160.962,0.0,0.0,-1633.359,model_estimate,Hirohata EAF 투자 방향을 반영한 복합 블록; 생산량·재투자연도 추정,CAND-C1AAA9A0078119,P1,PORT-9E76B3BFF9FF,1000,84.634765,27.360753,456.103943,36907.411,80.918861,True,True,,0.0,3.446647212967946e-06,True,True,True,True,,0.0,0.0,0.0,2,2,0.47641018879999986,0.65,2.16
POSCO_KR,POSCO,DISCLOSED_PATH,P1,POS-GWY-E,광양제철소 BF 블록 B,광양,2037,BF_BOF,기준 BF-BOF 복합 블록,H2_DRI_EAF,수소 DRI + EAF,9270.0,7210.0,10.3,9.502996,19.725693,19.725693,1.900599,1.900599,17.825093,71.300373,11433.805,834.312,13992.993,13158.681,2559.188,10599.493,3792.327,295.74,1153.737,8751.189,0.0,-2559.188,model_estimate,POSCO 공식 국내 생산·배출 총량에 맞춘 설비 블록 배분; 개별 생산량·재투자연도는 추정,CAND-C9724A8933A429,P1,PORT-8826D0B469EE,1000,67.208164,20.146781,429.154227,27787.608,64.749702,True,True,,0.0,2.0275124185786808e-05,True,True,True,True,,0.0,0.0,0.0,3,3,0.459336608,0.65,2.02
POSCO_KR,POSCO,DISCLOSED_PATH,P1,POS-GWY-EAF,광양 기존 EAF 블록,광양,2033,EAF_BASELINE,기존 전기로 기준 블록,EAF_RENEWABLE,기존 EAF 재생전력 업그레이드,312.0,96.0,1.2,1.134,0.5103,0.5103,0.1134,0.1134,0.3969,3.1752,0.246,6.255,115.773,109.517,115.527,-6.009,62.553,14.814,38.405,0.0,0.0,-115.527,model_estimate,2025 공식 EAF 생산 1.135Mt에 맞춘 모델 블록; 집약도·재투자연도 추정,CAND-C9724A8933A429,P1,PORT-8826D0B469EE,1000,67.208164,20.146781,429.154227,27787.608,64.749702,True,True,,0.0,2.0275124185786808e-05,True,True,True,True,,0.0,0.0,0.0,3,3,0.459336608,0.65,2.02
POSCO_KR,POSCO,DISCLOSED_PATH,P1,POS-GWY-W,광양제철소 BF 블록 A,광양,2035,BF_BOF,기준 BF-BOF 복합 블록,H2_DRI_EAF,수소 DRI + EAF,9270.0,7210.0,10.3,9.499999,19.719471,19.719471,1.9,1.9,17.819471,106.916827,16425.848,928.61,20295.554,19366.944,3869.706,15497.238,4220.954,468.979,1808.57,13797.051,0.0,-3869.706,model_estimate,POSCO 공식 국내 생산·배출 총량에 맞춘 설비 블록 배분; 개별 생산량·재투자연도는 추정,CAND-C9724A8933A429,P1,PORT-8826D0B469EE,1000,67.208164,20.146781,429.154227,27787.608,64.749702,True,True,,0.0,2.0275124185786808e-05,True,True,True,True,,0.0,0.0,0.0,3,3,0.459336608,0.65,2.02
POSCO_KR,POSCO,DISCLOSED_PATH,P1,POS-POH-N,포항제철소 BF 블록 A,포항,2029,BF_BOF,기준 BF-BOF 복합 블록,SCRAP_EAF,스크랩 기반 대형 EAF,4592.0,2952.0,8.2,7.599998,15.775574,3.419999,3.419999,3.419999,12.355575,148.266898,1376.259,357.436,6763.368,6405.932,5387.108,1018.824,2382.904,446.25,3934.214,0.0,0.0,-5387.108,model_estimate,POSCO 공식 국내 생산·배출 총량에 맞춘 설비 블록 배분; 개별 생산량·재투자연도는 추정,CAND-C9724A8933A429,P1,PORT-8826D0B469EE,1000,67.208164,20.146781,429.154227,27787.608,64.749702,True,True,,0.0,2.0275124185786808e-05,True,True,True,True,,0.0,0.0,0.0,3,3,0.459336608,0.65,2.02
POSCO_KR,POSCO,DISCLOSED_PATH,P1,POS-POH-S,포항제철소 BF 블록 B,포항,2032,BF_BOF,기준 BF-BOF 복합 블록,SCRAP_EAF,스크랩 기반 대형 EAF,4144.0,2664.0,7.4,6.800001,14.114992,14.114992,3.06,3.06,11.054992,99.49493,952.763,274.7,4577.525,4302.826,3624.763,678.063,1831.332,274.288,2471.906,0.0,0.0,-3624.763,model_estimate,POSCO 공식 국내 생산·배출 총량에 맞춘 설비 블록 배분; 개별 생산량·재투자연도는 추정,CAND-C9724A8933A429,P1,PORT-8826D0B469EE,1000,67.208164,20.146781,429.154227,27787.608,64.749702,True,True,,0.0,2.0275124185786808e-05,True,True,True,True,,0.0,0.0,0.0,3,3,0.459336608,0.65,2.02
POSCO_KR,POSCO,ACCELERATED_15C,P1,POS-GWY-E,광양제철소 BF 블록 B,광양,2037,BF_BOF,기준 BF-BOF 복합 블록,H2_DRI_EAF,수소 DRI + EAF,9270.0,7210.0,10.3,9.502996,19.725693,19.725693,1.900599,1.900599,17.825093,71.300373,11228.957,1137.698,15016.511,13878.813,3787.555,10091.259,3792.327,295.74,1311.15,9617.294,0.0,-3787.555,model_estimate,POSCO 공식 국내 생산·배출 총량에 맞춘 설비 블록 배분; 개별 생산량·재투자연도는 추정,CAND-C9724A8933A429,P1,PORT-8826D0B469EE,1000,56.107093,22.176531,429.154227,22967.067,53.517047,True,True,,0.0,2.0275124185786808e-05,True,True,True,True,,0.0,0.0,0.0,3,3,0.459336608,0.65,2.02
POSCO_KR,POSCO,ACCELERATED_15C,P1,POS-GWY-EAF,광양 기존 EAF 블록,광양,2033,EAF_BASELINE,기존 전기로 기준 블록,EAF_RENEWABLE,기존 EAF 재생전력 업그레이드,312.0,96.0,1.2,1.134,0.5103,0.5103,0.1134,0.1134,0.3969,3.1752,-49.178,9.383,120.354,110.971,169.532,-58.561,62.553,14.814,42.986,0.0,0.0,-169.532,model_estimate,2025 공식 EAF 생산 1.135Mt에 맞춘 모델 블록; 집약도·재투자연도 추정,CAND-C9724A8933A429,P1,PORT-8826D0B469EE,1000,56.107093,22.176531,429.154227,22967.067,53.517047,True,True,,0.0,2.0275124185786808e-05,True,True,True,True,,0.0,0.0,0.0,3,3,0.459336608,0.65,2.02
POSCO_KR,POSCO,ACCELERATED_15C,P1,POS-GWY-W,광양제철소 BF 블록 A,광양,2035,BF_BOF,기준 BF-BOF 복합 블록,H2_DRI_EAF,수소 DRI + EAF,9270.0,7210.0,10.3,9.499999,19.719471,19.719471,1.9,1.9,17.819471,106.916827,16085.964,1266.286,21795.816,20529.53,5709.852,14819.678,4220.954,468.979,2040.189,15065.694,0.0,-5709.852,model_estimate,POSCO 공식 국내 생산·배출 총량에 맞춘 설비 블록 배분; 개별 생산량·재투자연도는 추정,CAND-C9724A8933A429,P1,PORT-8826D0B469EE,1000,56.107093,22.176531,429.154227,22967.067,53.517047,True,True,,0.0,2.0275124185786808e-05,True,True,True,True,,0.0,0.0,0.0,3,3,0.459336608,0.65,2.02
POSCO_KR,POSCO,ACCELERATED_15C,P1,POS-POH-N,포항제철소 BF 블록 A,포항,2029,BF_BOF,기준 BF-BOF 복합 블록,SCRAP_EAF,스크랩 기반 대형 EAF,4592.0,2952.0,8.2,7.599998,15.775574,3.419999,3.419999,3.419999,12.355575,148.266898,-603.64,476.581,7158.885,6682.305,7762.525,-1080.221,2382.904,446.25,4329.731,0.0,0.0,-7762.525,model_estimate,POSCO 공식 국내 생산·배출 총량에 맞춘 설비 블록 배분; 개별 생산량·재투자연도는 추정,CAND-C9724A8933A429,P1,PORT-8826D0B469EE,1000,56.107093,22.176531,429.154227,22967.067,53.517047,True,True,,0.0,2.0275124185786808e-05,True,True,True,True,,0.0,0.0,0.0,3,3,0.459336608,0.65,2.02
POSCO_KR,POSCO,ACCELERATED_15C,P1,POS-POH-S,포항제철소 BF 블록 B,포항,2032,BF_BOF,기준 BF-BOF 복합 블록,SCRAP_EAF,스크랩 기반 대형 EAF,4144.0,2664.0,7.4,6.800001,14.114992,14.114992,3.06,3.06,11.054992,99.49493,-438.821,366.266,4861.175,4494.909,5299.996,-805.087,1831.332,274.288,2755.556,0.0,0.0,-5299.996,model_estimate,POSCO 공식 국내 생산·배출 총량에 맞춘 설비 블록 배분; 개별 생산량·재투자연도는 추정,CAND-C9724A8933A429,P1,PORT-8826D0B469EE,1000,56.107093,22.176531,429.154227,22967.067,53.517047,True,True,,0.0,2.0275124185786808e-05,True,True,True,True,,0.0,0.0,0.0,3,3,0.459336608,0.65,2.02
KOBE_STEEL_JP,Kobe Steel,DISCLOSED_PATH,P2,KOB-BF1,Kakogawa Works BF 블록 1,가코가와,2029,BF_BOF,기준 BF-BOF 복합 블록,H2_DRI_EAF,수소 DRI + EAF,3118.5,2425.5,3.15,2.95,7.173636,0.59,0.59,0.59,6.583636,79.003637,15917.144,967.969,18678.927,17710.958,2761.783,14949.174,1957.904,238.172,1975.516,14485.97,21.365,-2761.783,model_estimate,Kobe Steel 공식 조강·목표경계 배출 총량에 맞춘 블록 배분,CAND-C9EAFC0F482485,P2,PORT-1144EBE63B41,1000,154.387988,30.906316,102.391093,15293.987,149.368332,True,True,,0.0,9.990856690045291e-05,True,True,True,True,,0.0,0.0,0.0,1,1,0.28332,0.6,1.06
KOBE_STEEL_JP,Kobe Steel,DISCLOSED_PATH,P2,KOB-BF3,Kakogawa Works BF 블록 3,가코가와,2037,BF_BOF,기준 BF-BOF 복합 블록,SCRAP_EAF,스크랩 기반 대형 EAF,1878.8,1207.8,3.05,2.909999,7.076364,7.076364,1.3095,1.3095,5.766864,23.067457,506.605,159.138,1309.328,1150.191,802.724,347.467,635.28,22.64,649.163,0.0,2.244,-802.724,model_estimate,2016년 BF3 개수와 장기 수명주기를 반영한 재투자연도 추정,CAND-C9EAFC0F482485,P2,PORT-1144EBE63B41,1000,154.387988,30.906316,102.391093,15293.987,149.368332,True,True,,0.0,9.990856690045291e-05,True,True,True,True,,0.0,0.0,0.0,1,1,0.28332,0.6,1.06
KOBE_STEEL_JP,Kobe Steel,DISCLOSED_PATH,P2,KOB-TAKA,Takasago Works EAF block,다카사고,2033,EAF_BASELINE,기존 전기로 기준 블록,EAF_RENEWABLE,기존 EAF 재생전력 업그레이드,40.04,12.32,0.14,0.1,0.05,0.05,0.01,0.01,0.04,0.32,-1.448,1.207,9.803,8.597,11.251,-2.654,8.028,0.0,1.757,0.0,0.019,-11.251,model_estimate,다카사고 포함 공식 조강 총량에 맞춘 소규모 EAF 블록 추정,CAND-C9EAFC0F482485,P2,PORT-1144EBE63B41,1000,154.387988,30.906316,102.391093,15293.987,149.368332,True,True,,0.0,9.990856690045291e-05,True,True,True,True,,0.0,0.0,0.0,1,1,0.28332,0.6,1.06
KOBE_STEEL_JP,Kobe Steel,ACCELERATED_15C,P2,KOB-BF1,Kakogawa Works BF 블록 1,가코가와,2029,BF_BOF,기준 BF-BOF 복합 블록,H2_DRI_EAF,수소 DRI + EAF,3118.5,2425.5,3.15,2.95,7.173636,0.59,0.59,0.59,6.583636,79.003637,15873.898,1312.68,19901.416,18588.735,4027.518,14561.217,1957.904,238.172,2156.484,15526.18,22.677,-4027.518,model_estimate,Kobe Steel 공식 조강·목표경계 배출 총량에 맞춘 블록 배분,CAND-C9EAFC0F482485,P2,PORT-1144EBE63B41,1000,147.408675,33.242639,102.391093,14552.066,142.122383,True,True,,0.0,9.990856690045291e-05,True,True,True,True,,0.0,0.0,0.0,1,1,0.28332,0.6,1.06
KOBE_STEEL_JP,Kobe Steel,ACCELERATED_15C,P2,KOB-BF3,Kakogawa Works BF 블록 3,가코가와,2037,BF_BOF,기준 BF-BOF 복합 블록,SCRAP_EAF,스크랩 기반 대형 EAF,1878.8,1207.8,3.05,2.909999,7.076364,7.076364,1.3095,1.3095,5.766864,23.067457,190.122,190.965,1390.253,1199.288,1200.131,-0.843,635.28,22.64,729.967,0.0,2.366,-1200.131,model_estimate,2016년 BF3 개수와 장기 수명주기를 반영한 재투자연도 추정,CAND-C9EAFC0F482485,P2,PORT-1144EBE63B41,1000,147.408675,33.242639,102.391093,14552.066,142.122383,True,True,,0.0,9.990856690045291e-05,True,True,True,True,,0.0,0.0,0.0,1,1,0.28332,0.6,1.06
KOBE_STEEL_JP,Kobe Steel,ACCELERATED_15C,P2,KOB-TAKA,Takasago Works EAF block,다카사고,2033,EAF_BASELINE,기존 전기로 기준 블록,EAF_RENEWABLE,기존 EAF 재생전력 업그레이드,40.04,12.32,0.14,0.1,0.05,0.05,0.01,0.01,0.04,0.32,-6.699,1.609,9.995,8.386,16.694,-8.308,8.028,0.0,1.948,0.0,0.019,-16.694,model_estimate,다카사고 포함 공식 조강 총량에 맞춘 소규모 EAF 블록 추정,CAND-C9EAFC0F482485,P2,PORT-1144EBE63B41,1000,147.408675,33.242639,102.391093,14552.066,142.122383,True,True,,0.0,9.990856690045291e-05,True,True,True,True,,0.0,0.0,0.0,1,1,0.28332,0.6,1.06
KOBE_STEEL_JP,Kobe Steel,DISCLOSED_PATH,P2,KOB-BF1,Kakogawa Works BF 블록 1,가코가와,2029,BF_BOF,기준 BF-BOF 복합 블록,H2_DRI_EAF,수소 DRI + EAF,3118.5,2425.5,3.15,2.95,7.173636,0.59,0.59,0.59,6.583636,79.003637,15917.144,967.969,18678.927,17710.958,2761.783,14949.174,1957.904,238.172,1975.516,14485.97,21.365,-2761.783,model_estimate,Kobe Steel 공식 조강·목표경계 배출 총량에 맞춘 블록 배분,CAND-CE22CF7F8F72DA,P2,PORT-9862FC05DA24,1000,188.878063,35.684513,105.301092,19272.91,183.02669,True,True,,0.0,9.990856690045291e-05,True,True,True,True,,0.0,0.0,0.0,1,1,0.3612199999999999,0.6,1.54
KOBE_STEEL_JP,Kobe Steel,DISCLOSED_PATH,P2,KOB-BF3,Kakogawa Works BF 블록 3,가코가와,2037,BF_BOF,기준 BF-BOF 복합 블록,H2_DRI_EAF,수소 DRI + EAF,3019.5,2348.5,3.05,2.909999,7.076364,7.076364,0.582,0.582,6.494364,25.977455,4779.201,452.811,5683.19,5230.379,903.989,4326.39,1235.268,62.261,533.241,3845.304,7.116,-903.989,model_estimate,2016년 BF3 개수와 장기 수명주기를 반영한 재투자연도 추정,CAND-CE22CF7F8F72DA,P2,PORT-9862FC05DA24,1000,188.878063,35.684513,105.301092,19272.91,183.02669,True,True,,0.0,9.990856690045291e-05,True,True,True,True,,0.0,0.0,0.0,1,1,0.3612199999999999,0.6,1.54
KOBE_STEEL_JP,Kobe Steel,DISCLOSED_PATH,P2,KOB-TAKA,Takasago Works EAF block,다카사고,2033,EAF_BASELINE,기존 전기로 기준 블록,EAF_RENEWABLE,기존 EAF 재생전력 업그레이드,40.04,12.32,0.14,0.1,0.05,0.05,0.01,0.01,0.04,0.32,-1.448,1.207,9.803,8.597,11.251,-2.654,8.028,0.0,1.757,0.0,0.019,-11.251,model_estimate,다카사고 포함 공식 조강 총량에 맞춘 소규모 EAF 블록 추정,CAND-CE22CF7F8F72DA,P2,PORT-9862FC05DA24,1000,188.878063,35.684513,105.301092,19272.91,183.02669,True,True,,0.0,9.990856690045291e-05,True,True,True,True,,0.0,0.0,0.0,1,1,0.3612199999999999,0.6,1.54
KOBE_STEEL_JP,Kobe Steel,ACCELERATED_15C,P2,KOB-BF1,Kakogawa Works BF 블록 1,가코가와,2029,BF_BOF,기준 BF-BOF 복합 블록,H2_DRI_EAF,수소 DRI + EAF,3118.5,2425.5,3.15,2.95,7.173636,0.59,0.59,0.59,6.583636,79.003637,15873.898,1312.68,19901.416,18588.735,4027.518,14561.217,1957.904,238.172,2156.484,15526.18,22.677,-4027.518,model_estimate,Kobe Steel 공식 조강·목표경계 배출 총량에 맞춘 블록 배분,CAND-CE22CF7F8F72DA,P2,PORT-9862FC05DA24,1000,184.26601,38.626466,105.301092,18743.254,177.996762,True,True,,0.0,9.990856690045291e-05,True,True,True,True,,0.0,0.0,0.0,1,1,0.3612199999999999,0.6,1.54
KOBE_STEEL_JP,Kobe Steel,ACCELERATED_15C,P2,KOB-BF3,Kakogawa Works BF 블록 3,가코가와,2037,BF_BOF,기준 BF-BOF 복합 블록,H2_DRI_EAF,수소 DRI + EAF,3019.5,2348.5,3.05,2.909999,7.076364,7.076364,0.582,0.582,6.494364,25.977455,4783.094,592.749,6134.623,5541.874,1351.53,4190.344,1235.268,62.261,599.616,4229.879,7.6,-1351.53,model_estimate,2016년 BF3 개수와 장기 수명주기를 반영한 재투자연도 추정,CAND-CE22CF7F8F72DA,P2,PORT-9862FC05DA24,1000,184.26601,38.626466,105.301092,18743.254,177.996762,True,True,,0.0,9.990856690045291e-05,True,True,True,True,,0.0,0.0,0.0,1,1,0.3612199999999999,0.6,1.54
KOBE_STEEL_JP,Kobe Steel,ACCELERATED_15C,P2,KOB-TAKA,Takasago Works EAF block,다카사고,2033,EAF_BASELINE,기존 전기로 기준 블록,EAF_RENEWABLE,기존 EAF 재생전력 업그레이드,40.04,12.32,0.14,0.1,0.05,0.05,0.01,0.01,0.04,0.32,-6.699,1.609,9.995,8.386,16.694,-8.308,8.028,0.0,1.948,0.0,0.019,-16.694,model_estimate,다카사고 포함 공식 조강 총량에 맞춘 소규모 EAF 블록 추정,CAND-CE22CF7F8F72DA,P2,PORT-9862FC05DA24,1000,184.26601,38.626466,105.301092,18743.254,177.996762,True,True,,0.0,9.990856690045291e-05,True,True,True,True,,0.0,0.0,0.0,1,1,0.3612199999999999,0.6,1.54
KOBE_STEEL_JP,Kobe Steel,DISCLOSED_PATH,P1,KOB-BF1,Kakogawa Works BF 블록 1,가코가와,2029,BF_BOF,기준 BF-BOF 복합 블록,H2_DRI_EAF,수소 DRI + EAF,3118.5,2425.5,3.15,2.95,7.173636,0.59,0.59,0.59,6.583636,79.003637,15895.779,548.213,18657.562,18109.349,2761.783,15347.565,1957.904,238.172,1975.516,14485.97,0.0,-2761.783,model_estimate,Kobe Steel 공식 조강·목표경계 배출 총량에 맞춘 블록 배분,CAND-DCD679F188D852,P1,PORT-1144EBE63B41,1000,159.041277,35.851103,102.391093,15690.435,153.240232,True,True,,0.0,9.990856690045291e-05,True,True,True,True,,0.0,0.0,0.0,1,1,0.28332,0.6,1.06
KOBE_STEEL_JP,Kobe Steel,DISCLOSED_PATH,P1,KOB-BF3,Kakogawa Works BF 블록 3,가코가와,2037,BF_BOF,기준 BF-BOF 복합 블록,SCRAP_EAF,스크랩 기반 대형 EAF,1878.8,1207.8,3.05,2.909999,7.076364,7.076364,1.3095,1.3095,5.766864,23.067457,504.36,158.82,1307.084,1148.264,802.724,345.54,635.28,22.64,649.163,0.0,0.0,-802.724,model_estimate,2016년 BF3 개수와 장기 수명주기를 반영한 재투자연도 추정,CAND-DCD679F188D852,P1,PORT-1144EBE63B41,1000,159.041277,35.851103,102.391093,15690.435,153.240232,True,True,,0.0,9.990856690045291e-05,True,True,True,True,,0.0,0.0,0.0,1,1,0.28332,0.6,1.06
KOBE_STEEL_JP,Kobe Steel,DISCLOSED_PATH,P1,KOB-TAKA,Takasago Works EAF block,다카사고,2033,EAF_BASELINE,기존 전기로 기준 블록,EAF_RENEWABLE,기존 EAF 재생전력 업그레이드,40.04,12.32,0.14,0.1,0.05,0.05,0.01,0.01,0.04,0.32,-1.467,1.204,9.784,8.58,11.251,-2.671,8.028,0.0,1.757,0.0,0.0,-11.251,model_estimate,다카사고 포함 공식 조강 총량에 맞춘 소규모 EAF 블록 추정,CAND-DCD679F188D852,P1,PORT-1144EBE63B41,1000,159.041277,35.851103,102.391093,15690.435,153.240232,True,True,,0.0,9.990856690045291e-05,True,True,True,True,,0.0,0.0,0.0,1,1,0.28332,0.6,1.06
KOBE_STEEL_JP,Kobe Steel,ACCELERATED_15C,P1,KOB-BF1,Kakogawa Works BF 블록 1,가코가와,2029,BF_BOF,기준 BF-BOF 복합 블록,H2_DRI_EAF,수소 DRI + EAF,3118.5,2425.5,3.15,2.95,7.173636,0.59,0.59,0.59,6.583636,79.003637,15851.221,685.266,19878.739,19193.473,4027.518,15165.954,1957.904,238.172,2156.484,15526.18,0.0,-4027.518,model_estimate,Kobe Steel 공식 조강·목표경계 배출 총량에 맞춘 블록 배분,CAND-DCD679F188D852,P1,PORT-1144EBE63B41,1000,154.187924,39.064619,102.391093,15154.803,148.009,True,True,,0.0,9.990856690045291e-05,True,True,True,True,,0.0,0.0,0.0,1,1,0.28332,0.6,1.06
KOBE_STEEL_JP,Kobe Steel,ACCELERATED_15C,P1,KOB-BF3,Kakogawa Works BF 블록 3,가코가와,2037,BF_BOF,기준 BF-BOF 복합 블록,SCRAP_EAF,스크랩 기반 대형 EAF,1878.8,1207.8,3.05,2.909999,7.076364,7.076364,1.3095,1.3095,5.766864,23.067457,187.757,190.584,1387.888,1197.304,1200.131,-2.827,635.28,22.64,729.967,0.0,0.0,-1200.131,model_estimate,2016년 BF3 개수와 장기 수명주기를 반영한 재투자연도 추정,CAND-DCD679F188D852,P1,PORT-1144EBE63B41,1000,154.187924,39.064619,102.391093,15154.803,148.009,True,True,,0.0,9.990856690045291e-05,True,True,True,True,,0.0,0.0,0.0,1,1,0.28332,0.6,1.06
KOBE_STEEL_JP,Kobe Steel,ACCELERATED_15C,P1,KOB-TAKA,Takasago Works EAF block,다카사고,2033,EAF_BASELINE,기존 전기로 기준 블록,EAF_RENEWABLE,기존 EAF 재생전력 업그레이드,40.04,12.32,0.14,0.1,0.05,0.05,0.01,0.01,0.04,0.32,-6.718,1.606,9.976,8.37,16.694,-8.324,8.028,0.0,1.948,0.0,0.0,-16.694,model_estimate,다카사고 포함 공식 조강 총량에 맞춘 소규모 EAF 블록 추정,CAND-DCD679F188D852,P1,PORT-1144EBE63B41,1000,154.187924,39.064619,102.391093,15154.803,148.009,True,True,,0.0,9.990856690045291e-05,True,True,True,True,,0.0,0.0,0.0,1,1,0.28332,0.6,1.06
JFE_STEEL_JP,JFE Steel,DISCLOSED_PATH,P2,JFE-CHIBA,East Japan Works Chiba,치바,2036,BF_BOF,기준 BF-BOF 복합 블록,SCRAP_EAF,스크랩 기반 대형 EAF,3696.0,2376.0,6.0,5.449998,11.528348,11.528348,2.452499,2.452499,9.075849,45.379245,1363.299,331.398,2948.438,2617.041,1585.139,1031.901,1318.467,68.124,1556.875,0.0,4.972,-1585.139,model_estimate,JFE 공식 생산·배출 총량에 맞춘 설비 블록 배분,CAND-E72109958C3B57,P2,PORT-E5F3D5116135,1000,103.503346,25.042733,321.408363,32387.753,100.768233,True,False,,0.0,1.265341119704999e-05,False,False,True,True,2036,0.004998229999999992,0.0,0.0,2,3,0.3406543999999999,0.65,1.3
JFE_STEEL_JP,JFE Steel,DISCLOSED_PATH,P2,JFE-FUKU,West Japan Works Fukuyama,후쿠야마,2033,BF_BOF,기준 BF-BOF 복합 블록,H2_DRI_EAF,수소 DRI + EAF,9702.0,7546.0,9.8,8.999997,19.037639,19.037639,1.799999,1.799999,17.237639,137.901116,30673.471,2151.904,35521.981,33370.077,4848.509,28521.568,4916.965,509.49,3636.405,26417.415,41.706,-4848.509,model_estimate,JFE 공식 생산·배출 총량에 맞춘 설비 블록 배분,CAND-E72109958C3B57,P2,PORT-E5F3D5116135,1000,103.503346,25.042733,321.408363,32387.753,100.768233,True,False,,0.0,1.265341119704999e-05,False,False,True,True,2036,0.004998229999999992,0.0,0.0,2,3,0.3406543999999999,0.65,1.3
JFE_STEEL_JP,JFE Steel,DISCLOSED_PATH,P2,JFE-KURA,West Japan Works Kurashiki,구라시키,2029,BF_BOF,기준 BF-BOF 복합 블록,SCRAP_EAF,스크랩 기반 대형 EAF,4558.4,2930.4,7.4,6.800001,14.384,3.06,3.06,3.06,11.324,135.888002,3471.316,612.709,8221.645,7608.936,4750.329,2858.607,2365.468,299.458,5543.673,0.0,13.046,-4750.329,model_estimate,2028 혁신 EAF 공시를 반영한 조기 재투자 창; 생산량은 공식 총량에 맞춘 추정,CAND-E72109958C3B57,P2,PORT-E5F3D5116135,1000,103.503346,25.042733,321.408363,32387.753,100.768233,True,False,,0.0,1.265341119704999e-05,False,False,True,True,2036,0.004998229999999992,0.0,0.0,2,3,0.3406543999999999,0.65,1.3
JFE_STEEL_JP,JFE Steel,DISCLOSED_PATH,P2,JFE-SENDAI,Sendai Works EAF,센다이,2033,EAF_BASELINE,기존 전기로 기준 블록,EAF_RENEWABLE,기존 EAF 재생전력 업그레이드,228.8,70.4,0.8,0.7,0.35,0.35,0.07,0.07,0.28,2.24,-17.429,6.895,61.328,54.433,78.757,-24.324,45.873,3.048,12.297,0.0,0.11,-78.757,model_estimate,공식 EAF 사업장 존재를 반영; 생산량·집약도·재투자연도 추정,CAND-E72109958C3B57,P2,PORT-E5F3D5116135,1000,103.503346,25.042733,321.408363,32387.753,100.768233,True,False,,0.0,1.265341119704999e-05,False,False,True,True,2036,0.004998229999999992,0.0,0.0,2,3,0.3406543999999999,0.65,1.3
JFE_STEEL_JP,JFE Steel,ACCELERATED_15C,P2,JFE-CHIBA,East Japan Works Chiba,치바,2036,BF_BOF,기준 BF-BOF 복합 블록,SCRAP_EAF,스크랩 기반 대형 EAF,3696.0,2376.0,6.0,5.449998,11.528348,11.528348,2.452499,2.452499,9.075849,45.379245,769.683,396.331,3136.635,2740.304,2366.953,373.351,1318.467,68.124,1744.79,0.0,5.254,-2366.953,model_estimate,JFE 공식 생산·배출 총량에 맞춘 설비 블록 배분,CAND-E72109958C3B57,P2,PORT-E5F3D5116135,1000,94.651843,26.959486,321.408363,29504.994,91.799087,True,True,,0.0,1.265341119704999e-05,True,True,True,True,,0.0,0.0,0.0,2,3,0.3406543999999999,0.65,1.3
JFE_STEEL_JP,JFE Steel,ACCELERATED_15C,P2,JFE-FUKU,West Japan Works Fukuyama,후쿠야마,2033,BF_BOF,기준 BF-BOF 복합 블록,H2_DRI_EAF,수소 DRI + EAF,9702.0,7546.0,9.8,8.999997,19.037639,19.037639,1.799999,1.799999,17.237639,137.901116,31007.963,2898.032,38201.982,35303.95,7194.019,28109.931,4916.965,509.49,4032.152,28698.795,44.581,-7194.019,model_estimate,JFE 공식 생산·배출 총량에 맞춘 설비 블록 배분,CAND-E72109958C3B57,P2,PORT-E5F3D5116135,1000,94.651843,26.959486,321.408363,29504.994,91.799087,True,True,,0.0,1.265341119704999e-05,True,True,True,True,,0.0,0.0,0.0,2,3,0.3406543999999999,0.65,1.3
JFE_STEEL_JP,JFE Steel,ACCELERATED_15C,P2,JFE-KURA,West Japan Works Kurashiki,구라시키,2029,BF_BOF,기준 BF-BOF 복합 블록,SCRAP_EAF,스크랩 기반 대형 EAF,4558.4,2930.4,7.4,6.800001,14.384,3.06,3.06,3.06,11.324,135.888002,1802.817,717.724,8730.238,8012.513,6927.42,1085.093,2365.468,299.458,6051.504,0.0,13.808,-6927.42,model_estimate,2028 혁신 EAF 공시를 반영한 조기 재투자 창; 생산량은 공식 총량에 맞춘 추정,CAND-E72109958C3B57,P2,PORT-E5F3D5116135,1000,94.651843,26.959486,321.408363,29504.994,91.799087,True,True,,0.0,1.265341119704999e-05,True,True,True,True,,0.0,0.0,0.0,2,3,0.3406543999999999,0.65,1.3
JFE_STEEL_JP,JFE Steel,ACCELERATED_15C,P2,JFE-SENDAI,Sendai Works EAF,센다이,2033,EAF_BASELINE,기존 전기로 기준 블록,EAF_RENEWABLE,기존 EAF 재생전력 업그레이드,228.8,70.4,0.8,0.7,0.35,0.35,0.07,0.07,0.28,2.24,-54.188,9.193,62.668,53.475,116.856,-63.381,45.873,3.048,13.635,0.0,0.112,-116.856,model_estimate,공식 EAF 사업장 존재를 반영; 생산량·집약도·재투자연도 추정,CAND-E72109958C3B57,P2,PORT-E5F3D5116135,1000,94.651843,26.959486,321.408363,29504.994,91.799087,True,True,,0.0,1.265341119704999e-05,True,True,True,True,,0.0,0.0,0.0,2,3,0.3406543999999999,0.65,1.3
JFE_STEEL_JP,JFE Steel,DISCLOSED_PATH,P3,JFE-CHIBA,East Japan Works Chiba,치바,2036,BF_BOF,기준 BF-BOF 복합 블록,H2_DRI_EAF,수소 DRI + EAF,5940.0,4620.0,6.0,5.449998,11.528348,11.528348,1.09,1.09,10.438348,52.191742,11474.547,1388.906,13297.653,11908.747,1823.106,10085.641,2563.687,163.497,1278.862,9237.752,53.856,-1823.106,model_estimate,JFE 공식 생산·배출 총량에 맞춘 설비 블록 배분,CAND-E8FAD9BDD034A5,P3,PORT-51A2628EF9C2,1000,126.163569,23.728783,328.220861,40363.359,122.976215,True,True,,0.0,1.265341119704999e-05,True,True,True,True,,0.0,0.0,0.0,3,3,0.41232239999999987,0.65,1.78
JFE_STEEL_JP,JFE Steel,DISCLOSED_PATH,P3,JFE-FUKU,West Japan Works Fukuyama,후쿠야마,2033,BF_BOF,기준 BF-BOF 복합 블록,H2_DRI_EAF,수소 DRI + EAF,9702.0,7546.0,9.8,8.999997,19.037639,19.037639,1.799999,1.799999,17.237639,137.901116,30773.009,3321.245,35621.518,32300.273,4848.509,27451.763,4916.965,509.49,3636.405,26417.415,141.243,-4848.509,model_estimate,JFE 공식 생산·배출 총량에 맞춘 설비 블록 배분,CAND-E8FAD9BDD034A5,P3,PORT-51A2628EF9C2,1000,126.163569,23.728783,328.220861,40363.359,122.976215,True,True,,0.0,1.265341119704999e-05,True,True,True,True,,0.0,0.0,0.0,3,3,0.41232239999999987,0.65,1.78
JFE_STEEL_JP,JFE Steel,DISCLOSED_PATH,P3,JFE-KURA,West Japan Works Kurashiki,구라시키,2029,BF_BOF,기준 BF-BOF 복합 블록,SCRAP_EAF,스크랩 기반 대형 EAF,4558.4,2930.4,7.4,6.800001,14.384,3.06,3.06,3.06,11.324,135.888002,3495.635,645.521,8245.964,7600.443,4750.329,2850.114,2365.468,299.458,5543.673,0.0,37.365,-4750.329,model_estimate,2028 혁신 EAF 공시를 반영한 조기 재투자 창; 생산량은 공식 총량에 맞춘 추정,CAND-E8FAD9BDD034A5,P3,PORT-51A2628EF9C2,1000,126.163569,23.728783,328.220861,40363.359,122.976215,True,True,,0.0,1.265341119704999e-05,True,True,True,True,,0.0,0.0,0.0,3,3,0.41232239999999987,0.65,1.78
JFE_STEEL_JP,JFE Steel,DISCLOSED_PATH,P3,JFE-SENDAI,Sendai Works EAF,센다이,2033,EAF_BASELINE,기존 전기로 기준 블록,EAF_RENEWABLE,기존 EAF 재생전력 업그레이드,228.8,70.4,0.8,0.7,0.35,0.35,0.07,0.07,0.28,2.24,-17.243,6.917,61.514,54.597,78.757,-24.16,45.873,3.048,12.297,0.0,0.296,-78.757,model_estimate,공식 EAF 사업장 존재를 반영; 생산량·집약도·재투자연도 추정,CAND-E8FAD9BDD034A5,P3,PORT-51A2628EF9C2,1000,126.163569,23.728783,328.220861,40363.359,122.976215,True,True,,0.0,1.265341119704999e-05,True,True,True,True,,0.0,0.0,0.0,3,3,0.41232239999999987,0.65,1.78
JFE_STEEL_JP,JFE Steel,ACCELERATED_15C,P3,JFE-CHIBA,East Japan Works Chiba,치바,2036,BF_BOF,기준 BF-BOF 복합 블록,H2_DRI_EAF,수소 DRI + EAF,5940.0,4620.0,6.0,5.449998,11.528348,11.528348,1.09,1.09,10.438348,52.191742,11626.925,1920.101,14349.213,12429.112,2722.288,9706.823,2563.687,163.497,1433.22,10130.909,57.9,-2722.288,model_estimate,JFE 공식 생산·배출 총량에 맞춘 설비 블록 배분,CAND-E8FAD9BDD034A5,P3,PORT-51A2628EF9C2,1000,116.602278,25.333569,328.220861,37182.414,113.284736,True,True,,0.0,1.265341119704999e-05,True,True,True,True,,0.0,0.0,0.0,3,3,0.41232239999999987,0.65,1.78
JFE_STEEL_JP,JFE Steel,ACCELERATED_15C,P3,JFE-FUKU,West Japan Works Fukuyama,후쿠야마,2033,BF_BOF,기준 BF-BOF 복합 블록,H2_DRI_EAF,수소 DRI + EAF,9702.0,7546.0,9.8,8.999997,19.037639,19.037639,1.799999,1.799999,17.237639,137.901116,31114.961,4674.343,38308.981,33634.637,7194.019,26440.618,4916.965,509.49,4032.152,28698.795,151.579,-7194.019,model_estimate,JFE 공식 생산·배출 총량에 맞춘 설비 블록 배분,CAND-E8FAD9BDD034A5,P3,PORT-51A2628EF9C2,1000,116.602278,25.333569,328.220861,37182.414,113.284736,True,True,,0.0,1.265341119704999e-05,True,True,True,True,,0.0,0.0,0.0,3,3,0.41232239999999987,0.65,1.78
JFE_STEEL_JP,JFE Steel,ACCELERATED_15C,P3,JFE-KURA,West Japan Works Kurashiki,구라시키,2029,BF_BOF,기준 BF-BOF 복합 블록,SCRAP_EAF,스크랩 기반 대형 EAF,4558.4,2930.4,7.4,6.800001,14.384,3.06,3.06,3.06,11.324,135.888002,1828.659,730.467,8756.08,8025.613,6927.42,1098.193,2365.468,299.458,6051.504,0.0,39.65,-6927.42,model_estimate,2028 혁신 EAF 공시를 반영한 조기 재투자 창; 생산량은 공식 총량에 맞춘 추정,CAND-E8FAD9BDD034A5,P3,PORT-51A2628EF9C2,1000,116.602278,25.333569,328.220861,37182.414,113.284736,True,True,,0.0,1.265341119704999e-05,True,True,True,True,,0.0,0.0,0.0,3,3,0.41232239999999987,0.65,1.78
JFE_STEEL_JP,JFE Steel,ACCELERATED_15C,P3,JFE-SENDAI,Sendai Works EAF,센다이,2033,EAF_BASELINE,기존 전기로 기준 블록,EAF_RENEWABLE,기존 EAF 재생전력 업그레이드,228.8,70.4,0.8,0.7,0.35,0.35,0.07,0.07,0.28,2.24,-53.998,9.223,62.858,53.636,116.856,-63.221,45.873,3.048,13.635,0.0,0.302,-116.856,model_estimate,공식 EAF 사업장 존재를 반영; 생산량·집약도·재투자연도 추정,CAND-E8FAD9BDD034A5,P3,PORT-51A2628EF9C2,1000,116.602278,25.333569,328.220861,37182.414,113.284736,True,True,,0.0,1.265341119704999e-05,True,True,True,True,,0.0,0.0,0.0,3,3,0.41232239999999987,0.65,1.78
NIPPON_STEEL_JP,Nippon Steel,DISCLOSED_PATH,P2,NS-EAST,East Nippon Works 블록,동일본,2034,BF_BOF,기준 BF-BOF 복합 블록,SCRAP_EAF,스크랩 기반 대형 EAF,4989.6,3207.6,8.1,7.200001,15.239652,15.239652,3.24,3.24,11.999651,83.997558,2223.572,500.932,5173.027,4672.095,2949.454,1722.641,1981.108,159.97,3023.451,0.0,8.497,-2949.454,model_estimate,Nippon Steel 공식 생산·배출·용량 총량에 맞춘 지역 블록 배분,CAND-EBD30C485CEFDA,P2,PORT-9E76B3BFF9FF,1000,90.920547,21.451221,456.103943,40161.86,88.054182,True,True,,0.0,3.446647212967946e-06,True,True,True,True,,0.0,0.0,0.0,2,2,0.47641018879999986,0.65,2.16
NIPPON_STEEL_JP,Nippon Steel,DISCLOSED_PATH,P2,NS-KANSAI,Kansai Works 블록,간사이,2036,BF_BOF,기준 BF-BOF 복합 블록,H2_DRI_EAF,수소 DRI + EAF,6237.0,4851.0,6.3,5.600001,11.853062,11.853062,1.12,1.12,10.733062,53.665311,11822.203,1028.98,13696.782,12667.802,1874.579,10793.223,2691.871,181.997,1314.06,9492.007,16.847,-1874.579,model_estimate,Nippon Steel 공식 생산·배출·용량 총량에 맞춘 지역 블록 배분,CAND-EBD30C485CEFDA,P2,PORT-9E76B3BFF9FF,1000,90.920547,21.451221,456.103943,40161.86,88.054182,True,True,,0.0,3.446647212967946e-06,True,True,True,True,,0.0,0.0,0.0,2,2,0.47641018879999986,0.65,2.16
NIPPON_STEEL_JP,Nippon Steel,DISCLOSED_PATH,P2,NS-KYUSHU,Kyushu Works Yawata 블록,규슈,2029,BF_BOF,기준 BF-BOF 복합 블록,SCRAP_EAF,스크랩 기반 대형 EAF,6160.0,3960.0,10.0,9.0,19.049562,4.05,4.05,4.05,14.999562,179.994744,4721.391,828.394,11013.589,10185.195,6292.198,3892.997,3196.578,462.398,7337.214,0.0,17.399,-6292.198,model_estimate,Yawata BF→EAF 공시 방향을 반영해 조기 재투자 창을 설정; 블록 생산량 추정,CAND-EBD30C485CEFDA,P2,PORT-9E76B3BFF9FF,1000,90.920547,21.451221,456.103943,40161.86,88.054182,True,True,,0.0,3.446647212967946e-06,True,True,True,True,,0.0,0.0,0.0,2,2,0.47641018879999986,0.65,2.16
NIPPON_STEEL_JP,Nippon Steel,DISCLOSED_PATH,P2,NS-NAGOYA,Nagoya Works 블록,나고야,2032,BF_BOF,기준 BF-BOF 복합 블록,H2_DRI_EAF,수소 DRI + EAF,6930.0,5390.0,7.0,6.199998,13.123027,13.123027,1.24,1.24,11.883028,106.94725,24304.707,1657.315,28066.162,26408.847,3761.454,22647.392,3705.284,406.389,2888.959,21032.753,32.777,-3761.454,model_estimate,Nippon Steel 공식 생산·배출·용량 총량에 맞춘 지역 블록 배분,CAND-EBD30C485CEFDA,P2,PORT-9E76B3BFF9FF,1000,90.920547,21.451221,456.103943,40161.86,88.054182,True,True,,0.0,3.446647212967946e-06,True,True,True,True,,0.0,0.0,0.0,2,2,0.47641018879999986,0.65,2.16
NIPPON_STEEL_JP,Nippon Steel,DISCLOSED_PATH,P2,NS-SETOUCHI,Setouchi Works Hirohata 블록,세토우치,2038,BF_BOF,기준 BF-BOF 복합 블록,SCRAP_EAF,스크랩 기반 대형 EAF,4620.0,2970.0,7.5,6.3,13.334693,13.334693,2.835,2.835,10.499693,31.49908,1476.727,371.121,2567.948,2196.827,1091.221,1105.606,1480.725,53.641,1029.077,0.0,4.505,-1091.221,model_estimate,Hirohata EAF 투자 방향을 반영한 복합 블록; 생산량·재투자연도 추정,CAND-EBD30C485CEFDA,P2,PORT-9E76B3BFF9FF,1000,90.920547,21.451221,456.103943,40161.86,88.054182,True,True,,0.0,3.446647212967946e-06,True,True,True,True,,0.0,0.0,0.0,2,2,0.47641018879999986,0.65,2.16
NIPPON_STEEL_JP,Nippon Steel,ACCELERATED_15C,P2,NS-EAST,East Nippon Works 블록,동일본,2034,BF_BOF,기준 BF-BOF 복합 블록,SCRAP_EAF,스크랩 기반 대형 EAF,4989.6,3207.6,8.1,7.200001,15.239652,15.239652,3.24,3.24,11.999651,83.997558,1126.107,595.521,5514.823,4919.303,4388.717,530.586,1981.108,159.97,3364.736,0.0,9.009,-4388.717,model_estimate,Nippon Steel 공식 생산·배출·용량 총량에 맞춘 지역 블록 배분,CAND-EBD30C485CEFDA,P2,PORT-9E76B3BFF9FF,1000,81.281949,23.167118,456.103943,35619.4,78.094918,True,True,,0.0,3.446647212967946e-06,True,True,True,True,,0.0,0.0,0.0,2,2,0.47641018879999986,0.65,2.16
NIPPON_STEEL_JP,Nippon Steel,ACCELERATED_15C,P2,NS-KANSAI,Kansai Works 블록,간사이,2036,BF_BOF,기준 BF-BOF 복합 블록,H2_DRI_EAF,수소 DRI + EAF,6237.0,4851.0,6.3,5.600001,11.853062,11.853062,1.12,1.12,10.733062,53.665311,11975.136,1361.544,14774.284,13412.74,2799.149,10613.592,2691.871,181.997,1472.667,10409.747,18.002,-2799.149,model_estimate,Nippon Steel 공식 생산·배출·용량 총량에 맞춘 지역 블록 배분,CAND-EBD30C485CEFDA,P2,PORT-9E76B3BFF9FF,1000,81.281949,23.167118,456.103943,35619.4,78.094918,True,True,,0.0,3.446647212967946e-06,True,True,True,True,,0.0,0.0,0.0,2,2,0.47641018879999986,0.65,2.16
NIPPON_STEEL_JP,Nippon Steel,ACCELERATED_15C,P2,NS-KYUSHU,Kyushu Works Yawata 블록,규슈,2029,BF_BOF,기준 BF-BOF 복합 블록,SCRAP_EAF,스크랩 기반 대형 EAF,6160.0,3960.0,10.0,9.0,19.049562,4.05,4.05,4.05,14.999562,179.994744,2510.792,970.326,11686.726,10716.4,9175.933,1540.466,3196.578,462.398,8009.343,0.0,18.407,-9175.933,model_estimate,Yawata BF→EAF 공시 방향을 반영해 조기 재투자 창을 설정; 블록 생산량 추정,CAND-EBD30C485CEFDA,P2,PORT-9E76B3BFF9FF,1000,81.281949,23.167118,456.103943,35619.4,78.094918,True,True,,0.0,3.446647212967946e-06,True,True,True,True,,0.0,0.0,0.0,2,2,0.47641018879999986,0.65,2.16
NIPPON_STEEL_JP,Nippon Steel,ACCELERATED_15C,P2,NS-NAGOYA,Nagoya Works 블록,나고야,2032,BF_BOF,기준 BF-BOF 복합 블록,H2_DRI_EAF,수소 DRI + EAF,6930.0,5390.0,7.0,6.199998,13.123027,13.123027,1.24,1.24,11.883028,106.94725,24550.327,2237.137,30112.493,27875.356,5562.166,22313.19,3705.284,406.389,3191.385,22774.462,34.972,-5562.166,model_estimate,Nippon Steel 공식 생산·배출·용량 총량에 맞춘 지역 블록 배분,CAND-EBD30C485CEFDA,P2,PORT-9E76B3BFF9FF,1000,81.281949,23.167118,456.103943,35619.4,78.094918,True,True,,0.0,3.446647212967946e-06,True,True,True,True,,0.0,0.0,0.0,2,2,0.47641018879999986,0.65,2.16
NIPPON_STEEL_JP,Nippon Steel,ACCELERATED_15C,P2,NS-SETOUCHI,Setouchi Works Hirohata 블록,세토우치,2038,BF_BOF,기준 BF-BOF 복합 블록,SCRAP_EAF,스크랩 기반 대형 EAF,4620.0,2970.0,7.5,6.3,13.334693,13.334693,2.835,2.835,10.499693,31.49908,1066.672,445.106,2700.03,2254.924,1633.359,621.566,1480.725,53.641,1160.962,0.0,4.703,-1633.359,model_estimate,Hirohata EAF 투자 방향을 반영한 복합 블록; 생산량·재투자연도 추정,CAND-EBD30C485CEFDA,P2,PORT-9E76B3BFF9FF,1000,81.281949,23.167118,456.103943,35619.4,78.094918,True,True,,0.0,3.446647212967946e-06,True,True,True,True,,0.0,0.0,0.0,2,2,0.47641018879999986,0.65,2.16
NIPPON_STEEL_JP,Nippon Steel,DISCLOSED_PATH,P3,NS-EAST,East Nippon Works 블록,동일본,2034,BF_BOF,기준 BF-BOF 복합 블록,H2_DRI_EAF,수소 DRI + EAF,8019.0,6237.0,8.1,7.200001,15.239652,15.239652,1.44,1.44,13.799651,96.597559,21394.63,2398.435,24786.515,22388.08,3391.885,18996.195,3852.154,346.602,2483.549,18005.29,98.92,-3391.885,model_estimate,Nippon Steel 공식 생산·배출·용량 총량에 맞춘 지역 블록 배분,CAND-EF9F86F64A1C2A,P3,PORT-00B029BF7478,1000,95.263503,18.68413,459.478949,42624.951,92.768018,True,True,,0.0,3.446647212967946e-06,True,True,True,True,,0.0,0.0,0.0,2,2,0.5333221247999997,0.65,2.6399999999999997
NIPPON_STEEL_JP,Nippon Steel,DISCLOSED_PATH,P3,NS-KANSAI,Kansai Works 블록,간사이,2036,BF_BOF,기준 BF-BOF 복합 블록,H2_DRI_EAF,수소 DRI + EAF,6237.0,4851.0,6.3,5.600001,11.853062,11.853062,1.12,1.12,10.733062,53.665311,11860.997,1444.305,13735.576,12291.27,1874.579,10416.691,2691.871,181.997,1314.06,9492.007,55.641,-1874.579,model_estimate,Nippon Steel 공식 생산·배출·용량 총량에 맞춘 지역 블록 배분,CAND-EF9F86F64A1C2A,P3,PORT-00B029BF7478,1000,95.263503,18.68413,459.478949,42624.951,92.768018,True,True,,0.0,3.446647212967946e-06,True,True,True,True,,0.0,0.0,0.0,2,2,0.5333221247999997,0.65,2.6399999999999997
NIPPON_STEEL_JP,Nippon Steel,DISCLOSED_PATH,P3,NS-KYUSHU,Kyushu Works Yawata 블록,규슈,2029,BF_BOF,기준 BF-BOF 복합 블록,SCRAP_EAF,스크랩 기반 대형 EAF,6160.0,3960.0,10.0,9.0,19.049562,4.05,4.05,4.05,14.999562,179.994744,4753.792,873.395,11045.989,10172.594,6292.198,3880.397,3196.578,462.398,7337.214,0.0,49.799,-6292.198,model_estimate,Yawata BF→EAF 공시 방향을 반영해 조기 재투자 창을 설정; 블록 생산량 추정,CAND-EF9F86F64A1C2A,P3,PORT-00B029BF7478,1000,95.263503,18.68413,459.478949,42624.951,92.768018,True,True,,0.0,3.446647212967946e-06,True,True,True,True,,0.0,0.0,0.0,2,2,0.5333221247999997,0.65,2.6399999999999997
NIPPON_STEEL_JP,Nippon Steel,DISCLOSED_PATH,P3,NS-NAGOYA,Nagoya Works 블록,나고야,2032,BF_BOF,기준 BF-BOF 복합 블록,SCRAP_EAF,스크랩 기반 대형 EAF,4312.0,2772.0,7.0,6.199998,13.123027,13.123027,2.789999,2.789999,10.333028,92.997254,2365.146,499.835,5635.963,5136.128,3270.817,1865.311,1905.575,187.564,3516.993,0.0,25.831,-3270.817,model_estimate,Nippon Steel 공식 생산·배출·용량 총량에 맞춘 지역 블록 배분,CAND-EF9F86F64A1C2A,P3,PORT-00B029BF7478,1000,95.263503,18.68413,459.478949,42624.951,92.768018,True,True,,0.0,3.446647212967946e-06,True,True,True,True,,0.0,0.0,0.0,2,2,0.5333221247999997,0.65,2.6399999999999997
NIPPON_STEEL_JP,Nippon Steel,DISCLOSED_PATH,P3,NS-SETOUCHI,Setouchi Works Hirohata 블록,세토우치,2038,BF_BOF,기준 BF-BOF 복합 블록,H2_DRI_EAF,수소 DRI + EAF,7425.0,5775.0,7.5,6.3,13.334693,13.334693,1.26,1.26,12.074693,36.22408,8713.179,1246.821,9968.087,8721.266,1254.908,7466.358,2879.188,116.221,845.313,6085.624,41.741,-1254.908,model_estimate,Hirohata EAF 투자 방향을 반영한 복합 블록; 생산량·재투자연도 추정,CAND-EF9F86F64A1C2A,P3,PORT-00B029BF7478,1000,95.263503,18.68413,459.478949,42624.951,92.768018,True,True,,0.0,3.446647212967946e-06,True,True,True,True,,0.0,0.0,0.0,2,2,0.5333221247999997,0.65,2.6399999999999997
NIPPON_STEEL_JP,Nippon Steel,ACCELERATED_15C,P3,NS-EAST,East Nippon Works 블록,동일본,2034,BF_BOF,기준 BF-BOF 복합 블록,H2_DRI_EAF,수소 DRI + EAF,8019.0,6237.0,8.1,7.200001,15.239652,15.239652,1.44,1.44,13.799651,96.597559,21644.942,3354.746,26691.986,23337.24,5047.043,18290.197,3852.154,346.602,2763.891,19623.091,106.248,-5047.043,model_estimate,Nippon Steel 공식 생산·배출·용량 총량에 맞춘 지역 블록 배분,CAND-EF9F86F64A1C2A,P3,PORT-00B029BF7478,1000,84.582241,19.870457,459.478949,37612.255,81.858493,True,True,,0.0,3.446647212967946e-06,True,True,True,True,,0.0,0.0,0.0,2,2,0.5333221247999997,0.65,2.6399999999999997
NIPPON_STEEL_JP,Nippon Steel,ACCELERATED_15C,P3,NS-KANSAI,Kansai Works 블록,간사이,2036,BF_BOF,기준 BF-BOF 복합 블록,H2_DRI_EAF,수소 DRI + EAF,6237.0,4851.0,6.3,5.600001,11.853062,11.853062,1.12,1.12,10.733062,53.665311,12016.929,1994.58,14816.077,12821.497,2799.149,10022.349,2691.871,181.997,1472.667,10409.747,59.796,-2799.149,model_estimate,Nippon Steel 공식 생산·배출·용량 총량에 맞춘 지역 블록 배분,CAND-EF9F86F64A1C2A,P3,PORT-00B029BF7478,1000,84.582241,19.870457,459.478949,37612.255,81.858493,True,True,,0.0,3.446647212967946e-06,True,True,True,True,,0.0,0.0,0.0,2,2,0.5333221247999997,0.65,2.6399999999999997
NIPPON_STEEL_JP,Nippon Steel,ACCELERATED_15C,P3,NS-KYUSHU,Kyushu Works Yawata 블록,규슈,2029,BF_BOF,기준 BF-BOF 복합 블록,SCRAP_EAF,스크랩 기반 대형 EAF,6160.0,3960.0,10.0,9.0,19.049562,4.05,4.05,4.05,14.999562,179.994744,2545.209,988.176,11721.143,10732.967,9175.933,1557.033,3196.578,462.398,8009.343,0.0,52.824,-9175.933,model_estimate,Yawata BF→EAF 공시 방향을 반영해 조기 재투자 창을 설정; 블록 생산량 추정,CAND-EF9F86F64A1C2A,P3,PORT-00B029BF7478,1000,84.582241,19.870457,459.478949,37612.255,81.858493,True,True,,0.0,3.446647212967946e-06,True,True,True,True,,0.0,0.0,0.0,2,2,0.5333221247999997,0.65,2.6399999999999997
NIPPON_STEEL_JP,Nippon Steel,ACCELERATED_15C,P3,NS-NAGOYA,Nagoya Works 블록,나고야,2032,BF_BOF,기준 BF-BOF 복합 블록,SCRAP_EAF,스크랩 기반 대형 EAF,4312.0,2772.0,7.0,6.199998,13.123027,13.123027,2.789999,2.789999,10.333028,92.997254,1169.143,575.125,6005.791,5430.665,4836.648,594.018,1905.575,187.564,3885.164,0.0,27.488,-4836.648,model_estimate,Nippon Steel 공식 생산·배출·용량 총량에 맞춘 지역 블록 배분,CAND-EF9F86F64A1C2A,P3,PORT-00B029BF7478,1000,84.582241,19.870457,459.478949,37612.255,81.858493,True,True,,0.0,3.446647212967946e-06,True,True,True,True,,0.0,0.0,0.0,2,2,0.5333221247999997,0.65,2.6399999999999997
NIPPON_STEEL_JP,Nippon Steel,ACCELERATED_15C,P3,NS-SETOUCHI,Setouchi Works Hirohata 블록,세토우치,2038,BF_BOF,기준 BF-BOF 복합 블록,H2_DRI_EAF,수소 DRI + EAF,7425.0,5775.0,7.5,6.3,13.334693,13.334693,1.26,1.26,12.074693,36.22408,8829.358,1680.7,10707.727,9027.028,1878.37,7148.658,2879.188,116.221,953.647,6714.086,44.585,-1878.37,model_estimate,Hirohata EAF 투자 방향을 반영한 복합 블록; 생산량·재투자연도 추정,CAND-EF9F86F64A1C2A,P3,PORT-00B029BF7478,1000,84.582241,19.870457,459.478949,37612.255,81.858493,True,True,,0.0,3.446647212967946e-06,True,True,True,True,,0.0,0.0,0.0,2,2,0.5333221247999997,0.65,2.6399999999999997
JFE_STEEL_JP,JFE Steel,DISCLOSED_PATH,P2,JFE-CHIBA,East Japan Works Chiba,치바,2036,BF_BOF,기준 BF-BOF 복합 블록,H2_DRI_EAF,수소 DRI + EAF,5940.0,4620.0,6.0,5.449998,11.528348,11.528348,1.09,1.09,10.438348,52.191742,11436.975,985.313,13260.081,12274.768,1823.106,10451.662,2563.687,163.497,1278.862,9237.752,16.283,-1823.106,model_estimate,JFE 공식 생산·배출 총량에 맞춘 설비 블록 배분,CAND-F4B6AD5FB08D71,P2,PORT-51A2628EF9C2,1000,131.394109,29.894695,328.220861,41807.514,127.376163,True,True,,0.0,1.265341119704999e-05,True,True,True,True,,0.0,0.0,0.0,3,3,0.41232239999999987,0.65,1.78
JFE_STEEL_JP,JFE Steel,DISCLOSED_PATH,P2,JFE-FUKU,West Japan Works Fukuyama,후쿠야마,2033,BF_BOF,기준 BF-BOF 복합 블록,H2_DRI_EAF,수소 DRI + EAF,9702.0,7546.0,9.8,8.999997,19.037639,19.037639,1.799999,1.799999,17.237639,137.901116,30673.471,2151.904,35521.981,33370.077,4848.509,28521.568,4916.965,509.49,3636.405,26417.415,41.706,-4848.509,model_estimate,JFE 공식 생산·배출 총량에 맞춘 설비 블록 배분,CAND-F4B6AD5FB08D71,P2,PORT-51A2628EF9C2,1000,131.394109,29.894695,328.220861,41807.514,127.376163,True,True,,0.0,1.265341119704999e-05,True,True,True,True,,0.0,0.0,0.0,3,3,0.41232239999999987,0.65,1.78
JFE_STEEL_JP,JFE Steel,DISCLOSED_PATH,P2,JFE-KURA,West Japan Works Kurashiki,구라시키,2029,BF_BOF,기준 BF-BOF 복합 블록,SCRAP_EAF,스크랩 기반 대형 EAF,4558.4,2930.4,7.4,6.800001,14.384,3.06,3.06,3.06,11.324,135.888002,3471.316,612.709,8221.645,7608.936,4750.329,2858.607,2365.468,299.458,5543.673,0.0,13.046,-4750.329,model_estimate,2028 혁신 EAF 공시를 반영한 조기 재투자 창; 생산량은 공식 총량에 맞춘 추정,CAND-F4B6AD5FB08D71,P2,PORT-51A2628EF9C2,1000,131.394109,29.894695,328.220861,41807.514,127.376163,True,True,,0.0,1.265341119704999e-05,True,True,True,True,,0.0,0.0,0.0,3,3,0.41232239999999987,0.65,1.78
JFE_STEEL_JP,JFE Steel,DISCLOSED_PATH,P2,JFE-SENDAI,Sendai Works EAF,센다이,2033,EAF_BASELINE,기존 전기로 기준 블록,EAF_RENEWABLE,기존 EAF 재생전력 업그레이드,228.8,70.4,0.8,0.7,0.35,0.35,0.07,0.07,0.28,2.24,-17.429,6.895,61.328,54.433,78.757,-24.324,45.873,3.048,12.297,0.0,0.11,-78.757,model_estimate,공식 EAF 사업장 존재를 반영; 생산량·집약도·재투자연도 추정,CAND-F4B6AD5FB08D71,P2,PORT-51A2628EF9C2,1000,131.394109,29.894695,328.220861,41807.514,127.376163,True,True,,0.0,1.265341119704999e-05,True,True,True,True,,0.0,0.0,0.0,3,3,0.41232239999999987,0.65,1.78
JFE_STEEL_JP,JFE Steel,ACCELERATED_15C,P2,JFE-CHIBA,East Japan Works Chiba,치바,2036,BF_BOF,기준 BF-BOF 복합 블록,H2_DRI_EAF,수소 DRI + EAF,5940.0,4620.0,6.0,5.449998,11.528348,11.528348,1.09,1.09,10.438348,52.191742,11586.433,1304.878,14308.721,13003.843,2722.288,10281.555,2563.687,163.497,1433.22,10130.909,17.408,-2722.288,model_estimate,JFE 공식 생산·배출 총량에 맞춘 설비 블록 배분,CAND-F4B6AD5FB08D71,P2,PORT-51A2628EF9C2,1000,124.373461,32.639941,328.220861,39413.198,120.081332,True,True,,0.0,1.265341119704999e-05,True,True,True,True,,0.0,0.0,0.0,3,3,0.41232239999999987,0.65,1.78
JFE_STEEL_JP,JFE Steel,ACCELERATED_15C,P2,JFE-FUKU,West Japan Works Fukuyama,후쿠야마,2033,BF_BOF,기준 BF-BOF 복합 블록,H2_DRI_EAF,수소 DRI + EAF,9702.0,7546.0,9.8,8.999997,19.037639,19.037639,1.799999,1.799999,17.237639,137.901116,31007.963,2898.032,38201.982,35303.95,7194.019,28109.931,4916.965,509.49,4032.152,28698.795,44.581,-7194.019,model_estimate,JFE 공식 생산·배출 총량에 맞춘 설비 블록 배분,CAND-F4B6AD5FB08D71,P2,PORT-51A2628EF9C2,1000,124.373461,32.639941,328.220861,39413.198,120.081332,True,True,,0.0,1.265341119704999e-05,True,True,True,True,,0.0,0.0,0.0,3,3,0.41232239999999987,0.65,1.78
JFE_STEEL_JP,JFE Steel,ACCELERATED_15C,P2,JFE-KURA,West Japan Works Kurashiki,구라시키,2029,BF_BOF,기준 BF-BOF 복합 블록,SCRAP_EAF,스크랩 기반 대형 EAF,4558.4,2930.4,7.4,6.800001,14.384,3.06,3.06,3.06,11.324,135.888002,1802.817,717.724,8730.238,8012.513,6927.42,1085.093,2365.468,299.458,6051.504,0.0,13.808,-6927.42,model_estimate,2028 혁신 EAF 공시를 반영한 조기 재투자 창; 생산량은 공식 총량에 맞춘 추정,CAND-F4B6AD5FB08D71,P2,PORT-51A2628EF9C2,1000,124.373461,32.639941,328.220861,39413.198,120.081332,True,True,,0.0,1.265341119704999e-05,True,True,True,True,,0.0,0.0,0.0,3,3,0.41232239999999987,0.65,1.78
JFE_STEEL_JP,JFE Steel,ACCELERATED_15C,P2,JFE-SENDAI,Sendai Works EAF,센다이,2033,EAF_BASELINE,기존 전기로 기준 블록,EAF_RENEWABLE,기존 EAF 재생전력 업그레이드,228.8,70.4,0.8,0.7,0.35,0.35,0.07,0.07,0.28,2.24,-54.188,9.193,62.668,53.475,116.856,-63.381,45.873,3.048,13.635,0.0,0.112,-116.856,model_estimate,공식 EAF 사업장 존재를 반영; 생산량·집약도·재투자연도 추정,CAND-F4B6AD5FB08D71,P2,PORT-51A2628EF9C2,1000,124.373461,32.639941,328.220861,39413.198,120.081332,True,True,,0.0,1.265341119704999e-05,True,True,True,True,,0.0,0.0,0.0,3,3,0.41232239999999987,0.65,1.78
NIPPON_STEEL_JP,Nippon Steel,DISCLOSED_PATH,P2,NS-EAST,East Nippon Works 블록,동일본,2034,BF_BOF,기준 BF-BOF 복합 블록,H2_DRI_EAF,수소 DRI + EAF,8019.0,6237.0,8.1,7.200001,15.239652,15.239652,1.44,1.44,13.799651,96.597559,21325.145,1604.719,24717.03,23112.311,3391.885,19720.426,3852.154,346.602,2483.549,18005.29,29.435,-3391.885,model_estimate,Nippon Steel 공식 생산·배출·용량 총량에 맞춘 지역 블록 배분,CAND-F6184286A4322F,P2,PORT-6742936593A9,1000,84.978973,20.435822,454.753949,37375.086,82.187491,True,True,,0.0,3.446647212967946e-06,True,True,True,True,,0.0,0.0,0.0,2,2,0.47641018879999986,0.65,2.16
NIPPON_STEEL_JP,Nippon Steel,DISCLOSED_PATH,P2,NS-KANSAI,Kansai Works 블록,간사이,2036,BF_BOF,기준 BF-BOF 복합 블록,H2_DRI_EAF,수소 DRI + EAF,6237.0,4851.0,6.3,5.600001,11.853062,11.853062,1.12,1.12,10.733062,53.665311,11822.203,1028.98,13696.782,12667.802,1874.579,10793.223,2691.871,181.997,1314.06,9492.007,16.847,-1874.579,model_estimate,Nippon Steel 공식 생산·배출·용량 총량에 맞춘 지역 블록 배분,CAND-F6184286A4322F,P2,PORT-6742936593A9,1000,84.978973,20.435822,454.753949,37375.086,82.187491,True,True,,0.0,3.446647212967946e-06,True,True,True,True,,0.0,0.0,0.0,2,2,0.47641018879999986,0.65,2.16
NIPPON_STEEL_JP,Nippon Steel,DISCLOSED_PATH,P2,NS-KYUSHU,Kyushu Works Yawata 블록,규슈,2029,BF_BOF,기준 BF-BOF 복합 블록,SCRAP_EAF,스크랩 기반 대형 EAF,6160.0,3960.0,10.0,9.0,19.049562,4.05,4.05,4.05,14.999562,179.994744,4721.391,828.394,11013.589,10185.195,6292.198,3892.997,3196.578,462.398,7337.214,0.0,17.399,-6292.198,model_estimate,Yawata BF→EAF 공시 방향을 반영해 조기 재투자 창을 설정; 블록 생산량 추정,CAND-F6184286A4322F,P2,PORT-6742936593A9,1000,84.978973,20.435822,454.753949,37375.086,82.187491,True,True,,0.0,3.446647212967946e-06,True,True,True,True,,0.0,0.0,0.0,2,2,0.47641018879999986,0.65,2.16
NIPPON_STEEL_JP,Nippon Steel,DISCLOSED_PATH,P2,NS-NAGOYA,Nagoya Works 블록,나고야,2032,BF_BOF,기준 BF-BOF 복합 블록,SCRAP_EAF,스크랩 기반 대형 EAF,4312.0,2772.0,7.0,6.199998,13.123027,13.123027,2.789999,2.789999,10.333028,92.997254,2348.402,485.568,5619.219,5133.651,3270.817,1862.833,1905.575,187.564,3516.993,0.0,9.087,-3270.817,model_estimate,Nippon Steel 공식 생산·배출·용량 총량에 맞춘 지역 블록 배분,CAND-F6184286A4322F,P2,PORT-6742936593A9,1000,84.978973,20.435822,454.753949,37375.086,82.187491,True,True,,0.0,3.446647212967946e-06,True,True,True,True,,0.0,0.0,0.0,2,2,0.47641018879999986,0.65,2.16
NIPPON_STEEL_JP,Nippon Steel,DISCLOSED_PATH,P2,NS-SETOUCHI,Setouchi Works Hirohata 블록,세토우치,2038,BF_BOF,기준 BF-BOF 복합 블록,SCRAP_EAF,스크랩 기반 대형 EAF,4620.0,2970.0,7.5,6.3,13.334693,13.334693,2.835,2.835,10.499693,31.49908,1476.727,371.121,2567.948,2196.827,1091.221,1105.606,1480.725,53.641,1029.077,0.0,4.505,-1091.221,model_estimate,Hirohata EAF 투자 방향을 반영한 복합 블록; 생산량·재투자연도 추정,CAND-F6184286A4322F,P2,PORT-6742936593A9,1000,84.978973,20.435822,454.753949,37375.086,82.187491,True,True,,0.0,3.446647212967946e-06,True,True,True,True,,0.0,0.0,0.0,2,2,0.47641018879999986,0.65,2.16
NIPPON_STEEL_JP,Nippon Steel,ACCELERATED_15C,P2,NS-EAST,East Nippon Works 블록,동일본,2034,BF_BOF,기준 BF-BOF 복합 블록,H2_DRI_EAF,수소 DRI + EAF,8019.0,6237.0,8.1,7.200001,15.239652,15.239652,1.44,1.44,13.799651,96.597559,21570.168,2147.914,26617.211,24469.297,5047.043,19422.253,3852.154,346.602,2763.891,19623.091,31.473,-5047.043,model_estimate,Nippon Steel 공식 생산·배출·용량 총량에 맞춘 지역 블록 배분,CAND-F6184286A4322F,P2,PORT-6742936593A9,1000,75.018014,22.498848,454.753949,32776.213,72.074609,True,True,,0.0,3.446647212967946e-06,True,True,True,True,,0.0,0.0,0.0,2,2,0.47641018879999986,0.65,2.16
NIPPON_STEEL_JP,Nippon Steel,ACCELERATED_15C,P2,NS-KANSAI,Kansai Works 블록,간사이,2036,BF_BOF,기준 BF-BOF 복합 블록,H2_DRI_EAF,수소 DRI + EAF,6237.0,4851.0,6.3,5.600001,11.853062,11.853062,1.12,1.12,10.733062,53.665311,11975.136,1361.544,14774.284,13412.74,2799.149,10613.592,2691.871,181.997,1472.667,10409.747,18.002,-2799.149,model_estimate,Nippon Steel 공식 생산·배출·용량 총량에 맞춘 지역 블록 배분,CAND-F6184286A4322F,P2,PORT-6742936593A9,1000,75.018014,22.498848,454.753949,32776.213,72.074609,True,True,,0.0,3.446647212967946e-06,True,True,True,True,,0.0,0.0,0.0,2,2,0.47641018879999986,0.65,2.16
NIPPON_STEEL_JP,Nippon Steel,ACCELERATED_15C,P2,NS-KYUSHU,Kyushu Works Yawata 블록,규슈,2029,BF_BOF,기준 BF-BOF 복합 블록,SCRAP_EAF,스크랩 기반 대형 EAF,6160.0,3960.0,10.0,9.0,19.049562,4.05,4.05,4.05,14.999562,179.994744,2510.792,970.326,11686.726,10716.4,9175.933,1540.466,3196.578,462.398,8009.343,0.0,18.407,-9175.933,model_estimate,Yawata BF→EAF 공시 방향을 반영해 조기 재투자 창을 설정; 블록 생산량 추정,CAND-F6184286A4322F,P2,PORT-6742936593A9,1000,75.018014,22.498848,454.753949,32776.213,72.074609,True,True,,0.0,3.446647212967946e-06,True,True,True,True,,0.0,0.0,0.0,2,2,0.47641018879999986,0.65,2.16
NIPPON_STEEL_JP,Nippon Steel,ACCELERATED_15C,P2,NS-NAGOYA,Nagoya Works 블록,나고야,2032,BF_BOF,기준 BF-BOF 복합 블록,SCRAP_EAF,스크랩 기반 대형 EAF,4312.0,2772.0,7.0,6.199998,13.123027,13.123027,2.789999,2.789999,10.333028,92.997254,1151.294,572.959,5987.942,5414.983,4836.648,578.336,1905.575,187.564,3885.164,0.0,9.639,-4836.648,model_estimate,Nippon Steel 공식 생산·배출·용량 총량에 맞춘 지역 블록 배분,CAND-F6184286A4322F,P2,PORT-6742936593A9,1000,75.018014,22.498848,454.753949,32776.213,72.074609,True,True,,0.0,3.446647212967946e-06,True,True,True,True,,0.0,0.0,0.0,2,2,0.47641018879999986,0.65,2.16
NIPPON_STEEL_JP,Nippon Steel,ACCELERATED_15C,P2,NS-SETOUCHI,Setouchi Works Hirohata 블록,세토우치,2038,BF_BOF,기준 BF-BOF 복합 블록,SCRAP_EAF,스크랩 기반 대형 EAF,4620.0,2970.0,7.5,6.3,13.334693,13.334693,2.835,2.835,10.499693,31.49908,1066.672,445.106,2700.03,2254.924,1633.359,621.566,1480.725,53.641,1160.962,0.0,4.703,-1633.359,model_estimate,Hirohata EAF 투자 방향을 반영한 복합 블록; 생산량·재투자연도 추정,CAND-F6184286A4322F,P2,PORT-6742936593A9,1000,75.018014,22.498848,454.753949,32776.213,72.074609,True,True,,0.0,3.446647212967946e-06,True,True,True,True,,0.0,0.0,0.0,2,2,0.47641018879999986,0.65,2.16
JFE_STEEL_JP,JFE Steel,DISCLOSED_PATH,P3,JFE-CHIBA,East Japan Works Chiba,치바,2036,BF_BOF,기준 BF-BOF 복합 블록,SCRAP_EAF,스크랩 기반 대형 EAF,3696.0,2376.0,6.0,5.449998,11.528348,11.528348,2.452499,2.452499,9.075849,45.379245,1372.255,334.284,2957.394,2623.11,1585.139,1037.971,1318.467,68.124,1556.875,0.0,13.928,-1585.139,model_estimate,JFE 공식 생산·배출 총량에 맞춘 설비 블록 배분,CAND-FC0AA3F9FE37C6,P3,PORT-E5F3D5116135,1000,99.612518,19.932282,321.408363,31315.689,97.432714,True,False,,0.0,1.265341119704999e-05,False,False,True,True,2036,0.004998229999999992,0.0,0.0,2,3,0.3406543999999999,0.65,1.3
JFE_STEEL_JP,JFE Steel,DISCLOSED_PATH,P3,JFE-FUKU,West Japan Works Fukuyama,후쿠야마,2033,BF_BOF,기준 BF-BOF 복합 블록,H2_DRI_EAF,수소 DRI + EAF,9702.0,7546.0,9.8,8.999997,19.037639,19.037639,1.799999,1.799999,17.237639,137.901116,30773.009,3321.245,35621.518,32300.273,4848.509,27451.763,4916.965,509.49,3636.405,26417.415,141.243,-4848.509,model_estimate,JFE 공식 생산·배출 총량에 맞춘 설비 블록 배분,CAND-FC0AA3F9FE37C6,P3,PORT-E5F3D5116135,1000,99.612518,19.932282,321.408363,31315.689,97.432714,True,False,,0.0,1.265341119704999e-05,False,False,True,True,2036,0.004998229999999992,0.0,0.0,2,3,0.3406543999999999,0.65,1.3
JFE_STEEL_JP,JFE Steel,DISCLOSED_PATH,P3,JFE-KURA,West Japan Works Kurashiki,구라시키,2029,BF_BOF,기준 BF-BOF 복합 블록,SCRAP_EAF,스크랩 기반 대형 EAF,4558.4,2930.4,7.4,6.800001,14.384,3.06,3.06,3.06,11.324,135.888002,3495.635,645.521,8245.964,7600.443,4750.329,2850.114,2365.468,299.458,5543.673,0.0,37.365,-4750.329,model_estimate,2028 혁신 EAF 공시를 반영한 조기 재투자 창; 생산량은 공식 총량에 맞춘 추정,CAND-FC0AA3F9FE37C6,P3,PORT-E5F3D5116135,1000,99.612518,19.932282,321.408363,31315.689,97.432714,True,False,,0.0,1.265341119704999e-05,False,False,True,True,2036,0.004998229999999992,0.0,0.0,2,3,0.3406543999999999,0.65,1.3
JFE_STEEL_JP,JFE Steel,DISCLOSED_PATH,P3,JFE-SENDAI,Sendai Works EAF,센다이,2033,EAF_BASELINE,기존 전기로 기준 블록,EAF_RENEWABLE,기존 EAF 재생전력 업그레이드,228.8,70.4,0.8,0.7,0.35,0.35,0.07,0.07,0.28,2.24,-17.243,6.917,61.514,54.597,78.757,-24.16,45.873,3.048,12.297,0.0,0.296,-78.757,model_estimate,공식 EAF 사업장 존재를 반영; 생산량·집약도·재투자연도 추정,CAND-FC0AA3F9FE37C6,P3,PORT-E5F3D5116135,1000,99.612518,19.932282,321.408363,31315.689,97.432714,True,False,,0.0,1.265341119704999e-05,False,False,True,True,2036,0.004998229999999992,0.0,0.0,2,3,0.3406543999999999,0.65,1.3
JFE_STEEL_JP,JFE Steel,ACCELERATED_15C,P3,JFE-CHIBA,East Japan Works Chiba,치바,2036,BF_BOF,기준 BF-BOF 복합 블록,SCRAP_EAF,스크랩 기반 대형 EAF,3696.0,2376.0,6.0,5.449998,11.528348,11.528348,2.452499,2.452499,9.075849,45.379245,779.202,397.617,3146.155,2748.538,2366.953,381.585,1318.467,68.124,1744.79,0.0,14.774,-2366.953,model_estimate,JFE 공식 생산·배출 총량에 맞춘 설비 블록 배분,CAND-FC0AA3F9FE37C6,P3,PORT-E5F3D5116135,1000,88.9457,21.050327,321.408363,27857.175,86.672217,True,True,,0.0,1.265341119704999e-05,True,True,True,True,,0.0,0.0,0.0,2,3,0.3406543999999999,0.65,1.3
JFE_STEEL_JP,JFE Steel,ACCELERATED_15C,P3,JFE-FUKU,West Japan Works Fukuyama,후쿠야마,2033,BF_BOF,기준 BF-BOF 복합 블록,H2_DRI_EAF,수소 DRI + EAF,9702.0,7546.0,9.8,8.999997,19.037639,19.037639,1.799999,1.799999,17.237639,137.901116,31114.961,4674.343,38308.981,33634.637,7194.019,26440.618,4916.965,509.49,4032.152,28698.795,151.579,-7194.019,model_estimate,JFE 공식 생산·배출 총량에 맞춘 설비 블록 배분,CAND-FC0AA3F9FE37C6,P3,PORT-E5F3D5116135,1000,88.9457,21.050327,321.408363,27857.175,86.672217,True,True,,0.0,1.265341119704999e-05,True,True,True,True,,0.0,0.0,0.0,2,3,0.3406543999999999,0.65,1.3
JFE_STEEL_JP,JFE Steel,ACCELERATED_15C,P3,JFE-KURA,West Japan Works Kurashiki,구라시키,2029,BF_BOF,기준 BF-BOF 복합 블록,SCRAP_EAF,스크랩 기반 대형 EAF,4558.4,2930.4,7.4,6.800001,14.384,3.06,3.06,3.06,11.324,135.888002,1828.659,730.467,8756.08,8025.613,6927.42,1098.193,2365.468,299.458,6051.504,0.0,39.65,-6927.42,model_estimate,2028 혁신 EAF 공시를 반영한 조기 재투자 창; 생산량은 공식 총량에 맞춘 추정,CAND-FC0AA3F9FE37C6,P3,PORT-E5F3D5116135,1000,88.9457,21.050327,321.408363,27857.175,86.672217,True,True,,0.0,1.265341119704999e-05,True,True,True,True,,0.0,0.0,0.0,2,3,0.3406543999999999,0.65,1.3
JFE_STEEL_JP,JFE Steel,ACCELERATED_15C,P3,JFE-SENDAI,Sendai Works EAF,센다이,2033,EAF_BASELINE,기존 전기로 기준 블록,EAF_RENEWABLE,기존 EAF 재생전력 업그레이드,228.8,70.4,0.8,0.7,0.35,0.35,0.07,0.07,0.28,2.24,-53.998,9.223,62.858,53.636,116.856,-63.221,45.873,3.048,13.635,0.0,0.302,-116.856,model_estimate,공식 EAF 사업장 존재를 반영; 생산량·집약도·재투자연도 추정,CAND-FC0AA3F9FE37C6,P3,PORT-E5F3D5116135,1000,88.9457,21.050327,321.408363,27857.175,86.672217,True,True,,0.0,1.265341119704999e-05,True,True,True,True,,0.0,0.0,0.0,2,3,0.3406543999999999,0.65,1.3
JFE_STEEL_JP,JFE Steel,DISCLOSED_PATH,P1,JFE-CHIBA,East Japan Works Chiba,치바,2036,BF_BOF,기준 BF-BOF 복합 블록,H2_DRI_EAF,수소 DRI + EAF,5940.0,4620.0,6.0,5.449998,11.528348,11.528348,1.09,1.09,10.438348,52.191742,11420.692,717.832,13243.798,12525.965,1823.106,10702.859,2563.687,163.497,1278.862,9237.752,0.0,-1823.106,model_estimate,JFE 공식 생산·배출 총량에 맞춘 설비 블록 배분,CAND-FCDB7C1BD7991A,P1,PORT-51A2628EF9C2,1000,135.051563,34.690828,328.220861,42800.358,130.401089,True,True,,0.0,1.265341119704999e-05,True,True,True,True,,0.0,0.0,0.0,3,3,0.41232239999999987,0.65,1.78
JFE_STEEL_JP,JFE Steel,DISCLOSED_PATH,P1,JFE-FUKU,West Japan Works Fukuyama,후쿠야마,2033,BF_BOF,기준 BF-BOF 복합 블록,H2_DRI_EAF,수소 DRI + EAF,9702.0,7546.0,9.8,8.999997,19.037639,19.037639,1.799999,1.799999,17.237639,137.901116,30631.766,1376.75,35480.275,34103.525,4848.509,29255.015,4916.965,509.49,3636.405,26417.415,0.0,-4848.509,model_estimate,JFE 공식 생산·배출 총량에 맞춘 설비 블록 배분,CAND-FCDB7C1BD7991A,P1,PORT-51A2628EF9C2,1000,135.051563,34.690828,328.220861,42800.358,130.401089,True,True,,0.0,1.265341119704999e-05,True,True,True,True,,0.0,0.0,0.0,3,3,0.41232239999999987,0.65,1.78
JFE_STEEL_JP,JFE Steel,DISCLOSED_PATH,P1,JFE-KURA,West Japan Works Kurashiki,구라시키,2029,BF_BOF,기준 BF-BOF 복합 블록,SCRAP_EAF,스크랩 기반 대형 EAF,4558.4,2930.4,7.4,6.800001,14.384,3.06,3.06,3.06,11.324,135.888002,3458.27,591.367,8208.599,7617.232,4750.329,2866.903,2365.468,299.458,5543.673,0.0,0.0,-4750.329,model_estimate,2028 혁신 EAF 공시를 반영한 조기 재투자 창; 생산량은 공식 총량에 맞춘 추정,CAND-FCDB7C1BD7991A,P1,PORT-51A2628EF9C2,1000,135.051563,34.690828,328.220861,42800.358,130.401089,True,True,,0.0,1.265341119704999e-05,True,True,True,True,,0.0,0.0,0.0,3,3,0.41232239999999987,0.65,1.78
JFE_STEEL_JP,JFE Steel,DISCLOSED_PATH,P1,JFE-SENDAI,Sendai Works EAF,센다이,2033,EAF_BASELINE,기존 전기로 기준 블록,EAF_RENEWABLE,기존 EAF 재생전력 업그레이드,228.8,70.4,0.8,0.7,0.35,0.35,0.07,0.07,0.28,2.24,-17.539,6.881,61.218,54.337,78.757,-24.42,45.873,3.048,12.297,0.0,0.0,-78.757,model_estimate,공식 EAF 사업장 존재를 반영; 생산량·집약도·재투자연도 추정,CAND-FCDB7C1BD7991A,P1,PORT-51A2628EF9C2,1000,135.051563,34.690828,328.220861,42800.358,130.401089,True,True,,0.0,1.265341119704999e-05,True,True,True,True,,0.0,0.0,0.0,3,3,0.41232239999999987,0.65,1.78
JFE_STEEL_JP,JFE Steel,ACCELERATED_15C,P1,JFE-CHIBA,East Japan Works Chiba,치바,2036,BF_BOF,기준 BF-BOF 복합 블록,H2_DRI_EAF,수소 DRI + EAF,5940.0,4620.0,6.0,5.449998,11.528348,11.528348,1.09,1.09,10.438348,52.191742,11569.025,897.29,14291.313,13394.023,2722.288,10671.734,2563.687,163.497,1433.22,10130.909,0.0,-2722.288,model_estimate,JFE 공식 생산·배출 총량에 맞춘 설비 블록 배분,CAND-FCDB7C1BD7991A,P1,PORT-51A2628EF9C2,1000,129.789588,38.359235,328.220861,40930.073,124.702838,True,True,,0.0,1.265341119704999e-05,True,True,True,True,,0.0,0.0,0.0,3,3,0.41232239999999987,0.65,1.78
JFE_STEEL_JP,JFE Steel,ACCELERATED_15C,P1,JFE-FUKU,West Japan Works Fukuyama,후쿠야마,2033,BF_BOF,기준 BF-BOF 복합 블록,H2_DRI_EAF,수소 DRI + EAF,9702.0,7546.0,9.8,8.999997,19.037639,19.037639,1.799999,1.799999,17.237639,137.901116,30963.382,1720.938,38157.401,36436.464,7194.019,29242.444,4916.965,509.49,4032.152,28698.795,0.0,-7194.019,model_estimate,JFE 공식 생산·배출 총량에 맞춘 설비 블록 배분,CAND-FCDB7C1BD7991A,P1,PORT-51A2628EF9C2,1000,129.789588,38.359235,328.220861,40930.073,124.702838,True,True,,0.0,1.265341119704999e-05,True,True,True,True,,0.0,0.0,0.0,3,3,0.41232239999999987,0.65,1.78
JFE_STEEL_JP,JFE Steel,ACCELERATED_15C,P1,JFE-KURA,West Japan Works Kurashiki,구라시키,2029,BF_BOF,기준 BF-BOF 복합 블록,SCRAP_EAF,스크랩 기반 대형 EAF,4558.4,2930.4,7.4,6.800001,14.384,3.06,3.06,3.06,11.324,135.888002,1789.009,709.64,8716.429,8006.789,6927.42,1079.369,2365.468,299.458,6051.504,0.0,0.0,-6927.42,model_estimate,2028 혁신 EAF 공시를 반영한 조기 재투자 창; 생산량은 공식 총량에 맞춘 추정,CAND-FCDB7C1BD7991A,P1,PORT-51A2628EF9C2,1000,129.789588,38.359235,328.220861,40930.073,124.702838,True,True,,0.0,1.265341119704999e-05,True,True,True,True,,0.0,0.0,0.0,3,3,0.41232239999999987,0.65,1.78
JFE_STEEL_JP,JFE Steel,ACCELERATED_15C,P1,JFE-SENDAI,Sendai Works EAF,센다이,2033,EAF_BASELINE,기존 전기로 기준 블록,EAF_RENEWABLE,기존 EAF 재생전력 업그레이드,228.8,70.4,0.8,0.7,0.35,0.35,0.07,0.07,0.28,2.24,-54.3,9.175,62.556,53.382,116.856,-63.475,45.873,3.048,13.635,0.0,0.0,-116.856,model_estimate,공식 EAF 사업장 존재를 반영; 생산량·집약도·재투자연도 추정,CAND-FCDB7C1BD7991A,P1,PORT-51A2628EF9C2,1000,129.789588,38.359235,328.220861,40930.073,124.702838,True,True,,0.0,1.265341119704999e-05,True,True,True,True,,0.0,0.0,0.0,3,3,0.41232239999999987,0.65,1.78
NIPPON_STEEL_JP,Nippon Steel,DISCLOSED_PATH,P1,NS-EAST,East Nippon Works 블록,동일본,2034,BF_BOF,기준 BF-BOF 복합 블록,SCRAP_EAF,스크랩 기반 대형 EAF,4989.6,3207.6,8.1,7.200001,15.239652,15.239652,3.24,3.24,11.999651,83.997558,2215.075,495.277,5164.529,4669.252,2949.454,1719.798,1981.108,159.97,3023.451,0.0,0.0,-2949.454,model_estimate,Nippon Steel 공식 생산·배출·용량 총량에 맞춘 지역 블록 배분,CAND-FCEB78D7C5F4C6,P1,PORT-7DCD4991144C,1000,22.954475,9.518394,313.643967,6683.267,21.30845,True,True,,0.0,3.446647212967946e-06,True,True,True,True,,0.0,0.0,0.0,2,2,0.28236113919999994,0.65,0.88
NIPPON_STEEL_JP,Nippon Steel,DISCLOSED_PATH,P1,NS-KANSAI,Kansai Works 블록,간사이,2036,BF_BOF,기준 BF-BOF 복합 블록,BF_RELINE,BF 개수·효율 패키지,1732.5,346.5,6.3,5.600001,11.853062,11.853062,10.640001,10.640001,1.213061,6.065305,22.976,0.0,234.843,234.843,211.867,22.976,192.276,14.0,28.567,0.0,0.0,-211.867,model_estimate,Nippon Steel 공식 생산·배출·용량 총량에 맞춘 지역 블록 배분,CAND-FCEB78D7C5F4C6,P1,PORT-7DCD4991144C,1000,22.954475,9.518394,313.643967,6683.267,21.30845,True,True,,0.0,3.446647212967946e-06,True,True,True,True,,0.0,0.0,0.0,2,2,0.28236113919999994,0.65,0.88
NIPPON_STEEL_JP,Nippon Steel,DISCLOSED_PATH,P1,NS-KYUSHU,Kyushu Works Yawata 블록,규슈,2029,BF_BOF,기준 BF-BOF 복합 블록,SCRAP_EAF,스크랩 기반 대형 EAF,6160.0,3960.0,10.0,9.0,19.049562,4.05,4.05,4.05,14.999562,179.994744,4703.992,799.145,10996.19,10197.045,6292.198,3904.847,3196.578,462.398,7337.214,0.0,0.0,-6292.198,model_estimate,Yawata BF→EAF 공시 방향을 반영해 조기 재투자 창을 설정; 블록 생산량 추정,CAND-FCEB78D7C5F4C6,P1,PORT-7DCD4991144C,1000,22.954475,9.518394,313.643967,6683.267,21.30845,True,True,,0.0,3.446647212967946e-06,True,True,True,True,,0.0,0.0,0.0,2,2,0.28236113919999994,0.65,0.88
NIPPON_STEEL_JP,Nippon Steel,DISCLOSED_PATH,P1,NS-NAGOYA,Nagoya Works 블록,나고야,2032,BF_BOF,기준 BF-BOF 복합 블록,BF_RELINE,BF 개수·효율 패키지,1925.0,385.0,7.0,6.199998,13.123027,13.123027,11.779996,11.779996,1.343031,12.087281,-66.396,0.0,358.727,358.727,425.123,-66.396,264.663,31.261,62.803,0.0,0.0,-425.123,model_estimate,Nippon Steel 공식 생산·배출·용량 총량에 맞춘 지역 블록 배분,CAND-FCEB78D7C5F4C6,P1,PORT-7DCD4991144C,1000,22.954475,9.518394,313.643967,6683.267,21.30845,True,True,,0.0,3.446647212967946e-06,True,True,True,True,,0.0,0.0,0.0,2,2,0.28236113919999994,0.65,0.88
NIPPON_STEEL_JP,Nippon Steel,DISCLOSED_PATH,P1,NS-SETOUCHI,Setouchi Works Hirohata 블록,세토우치,2038,BF_BOF,기준 BF-BOF 복합 블록,SCRAP_EAF,스크랩 기반 대형 EAF,4620.0,2970.0,7.5,6.3,13.334693,13.334693,2.835,2.835,10.499693,31.49908,1472.222,370.181,2563.443,2193.262,1091.221,1102.041,1480.725,53.641,1029.077,0.0,0.0,-1091.221,model_estimate,Hirohata EAF 투자 방향을 반영한 복합 블록; 생산량·재투자연도 추정,CAND-FCEB78D7C5F4C6,P1,PORT-7DCD4991144C,1000,22.954475,9.518394,313.643967,6683.267,21.30845,True,True,,0.0,3.446647212967946e-06,True,True,True,True,,0.0,0.0,0.0,2,2,0.28236113919999994,0.65,0.88
NIPPON_STEEL_JP,Nippon Steel,ACCELERATED_15C,P1,NS-EAST,East Nippon Works 블록,동일본,2034,BF_BOF,기준 BF-BOF 복합 블록,SCRAP_EAF,스크랩 기반 대형 EAF,4989.6,3207.6,8.1,7.200001,15.239652,15.239652,3.24,3.24,11.999651,83.997558,1117.098,594.332,5505.814,4911.482,4388.717,522.765,1981.108,159.97,3364.736,0.0,0.0,-4388.717,model_estimate,Nippon Steel 공식 생산·배출·용량 총량에 맞춘 지역 블록 배분,CAND-FCEB78D7C5F4C6,P1,PORT-7DCD4991144C,1000,9.26866,10.136688,313.643967,2332.517,7.43683,False,False,2035,14.544997934999998,-14.544997934999998,True,True,True,True,,0.0,0.0,0.0,2,2,0.28236113919999994,0.65,0.88
NIPPON_STEEL_JP,Nippon Steel,ACCELERATED_15C,P1,NS-KANSAI,Kansai Works 블록,간사이,2036,BF_BOF,기준 BF-BOF 복합 블록,BF_RELINE,BF 개수·효율 패키지,1732.5,346.5,6.3,5.600001,11.853062,11.853062,10.640001,10.640001,1.213061,6.065305,-78.072,0.0,238.291,238.291,316.362,-78.072,192.276,14.0,32.015,0.0,0.0,-316.362,model_estimate,Nippon Steel 공식 생산·배출·용량 총량에 맞춘 지역 블록 배분,CAND-FCEB78D7C5F4C6,P1,PORT-7DCD4991144C,1000,9.26866,10.136688,313.643967,2332.517,7.43683,False,False,2035,14.544997934999998,-14.544997934999998,True,True,True,True,,0.0,0.0,0.0,2,2,0.28236113919999994,0.65,0.88
NIPPON_STEEL_JP,Nippon Steel,ACCELERATED_15C,P1,NS-KYUSHU,Kyushu Works Yawata 블록,규슈,2029,BF_BOF,기준 BF-BOF 복합 블록,SCRAP_EAF,스크랩 기반 대형 EAF,6160.0,3960.0,10.0,9.0,19.049562,4.05,4.05,4.05,14.999562,179.994744,2492.385,958.973,11668.319,10709.345,9175.933,1533.412,3196.578,462.398,8009.343,0.0,0.0,-9175.933,model_estimate,Yawata BF→EAF 공시 방향을 반영해 조기 재투자 창을 설정; 블록 생산량 추정,CAND-FCEB78D7C5F4C6,P1,PORT-7DCD4991144C,1000,9.26866,10.136688,313.643967,2332.517,7.43683,False,False,2035,14.544997934999998,-14.544997934999998,True,True,True,True,,0.0,0.0,0.0,2,2,0.28236113919999994,0.65,0.88
NIPPON_STEEL_JP,Nippon Steel,ACCELERATED_15C,P1,NS-NAGOYA,Nagoya Works 블록,나고야,2032,BF_BOF,기준 BF-BOF 복합 블록,BF_RELINE,BF 개수·효율 패키지,1925.0,385.0,7.0,6.199998,13.123027,13.123027,11.779996,11.779996,1.343031,12.087281,-263.339,0.0,365.302,365.302,628.641,-263.339,264.663,31.261,69.378,0.0,0.0,-628.641,model_estimate,Nippon Steel 공식 생산·배출·용량 총량에 맞춘 지역 블록 배분,CAND-FCEB78D7C5F4C6,P1,PORT-7DCD4991144C,1000,9.26866,10.136688,313.643967,2332.517,7.43683,False,False,2035,14.544997934999998,-14.544997934999998,True,True,True,True,,0.0,0.0,0.0,2,2,0.28236113919999994,0.65,0.88
NIPPON_STEEL_JP,Nippon Steel,ACCELERATED_15C,P1,NS-SETOUCHI,Setouchi Works Hirohata 블록,세토우치,2038,BF_BOF,기준 BF-BOF 복합 블록,SCRAP_EAF,스크랩 기반 대형 EAF,4620.0,2970.0,7.5,6.3,13.334693,13.334693,2.835,2.835,10.499693,31.49908,1061.969,444.218,2695.327,2251.11,1633.359,617.751,1480.725,53.641,1160.962,0.0,0.0,-1633.359,model_estimate,Hirohata EAF 투자 방향을 반영한 복합 블록; 생산량·재투자연도 추정,CAND-FCEB78D7C5F4C6,P1,PORT-7DCD4991144C,1000,9.26866,10.136688,313.643967,2332.517,7.43683,False,False,2035,14.544997934999998,-14.544997934999998,True,True,True,True,,0.0,0.0,0.0,2,2,0.28236113919999994,0.65,0.88
