company_id,company_name,country_code,reported_production_mt,reported_scope12_emissions_mtco2,scenario_id,portfolio_origin_scenario_id,portfolio_id,candidate_id,template_plan_id,physical_portfolio_id,common_avoided_emissions_mtco2,deterministic_economic_npv_bn_krw,deterministic_cost_common_kkrw_per_tco2,carbon_budget_feasible,scenario_feasible,first_budget_breach_year,max_annual_budget_excess_mtco2,minimum_annual_budget_margin_mtco2,physical_constraints_feasible,resource_constraints_feasible,construction_concurrency_feasible,failure_risk_constraint_feasible,first_resource_breach_year,max_scrap_supply_excess_mt,max_hydrogen_supply_excess_mt,max_incremental_grid_excess_twh,max_concurrent_construction_projects,concurrent_construction_limit,portfolio_failure_probability,portfolio_failure_probability_limit,expected_failure_delay_years,plan_id,plan_name,is_disclosed_plan,aligned_capex_bn_krw,peak_capex_year,peak_capex_bn_krw,expected_cost_p50_kkrw_per_tco2,expected_cost_p50_bn_krw,absolute_npv_p50_bn_krw,absolute_npv_p90_bn_krw,scenario_avoided_emissions_mtco2,net_economic_cost_p50_kkrw_per_tco2_common_denominator,net_cash_cost_after_support_p50_kkrw_per_tco2_common_denominator,cash_cost_before_support_p50_bn_krw,net_cash_cost_after_support_p50_bn_krw,net_cash_cost_after_support_p90_bn_krw,avoided_carbon_cost_value_p50_bn_krw,policy_support_value_p50_bn_krw,cash_policy_p50_nonadditivity_bn_krw,economic_cost_p50_identity_delta_bn_krw,p90_cost_kkrw_per_tco2,tcar_kkrw_per_tco2,gross_cost_p50_kkrw_per_tco2,policy_support_dependence_kkrw_per_tco2,electricity_variance_share,hydrogen_variance_share,capex_variance_share,policy_uncertainty_exposure_kkrw_per_tco2,flexibility_value_kkrw_per_tco2,avoided_emissions_mtco2,p90_net_cost_bn_krw,p90_cost_to_ebitda_x,p90_cost_to_annual_capex_x,capex_cost_p50_bn_krw,fixed_opex_cost_p50_bn_krw,electricity_cost_p50_bn_krw,hydrogen_cost_p50_bn_krw,contract_premium_p50_bn_krw,carbon_value_p50_bn_krw,policy_support_p50_bn_krw,component_reconciliation_p50_bn_krw,candidate_path_count,is_generated_candidate,scenario_regret_p50_kkrw_per_tco2
POSCO_KR,POSCO,KR,34.537,69.84605,DISCLOSED_PATH,DISCLOSED_PATH,PORT-8826D0B469EE,CAND-6339E6B83A8408,P3,PORT-8826D0B469EE,429.154227,26569.752,61.911896,True,True,,0.0,2.0275124185786808e-05,True,True,True,True,,0.0,0.0,0.0,3,3,0.459336608,0.65,2.02,P3,균형형 라이트헤지,False,27588.0,2037,9270.0,62.948845,27014.763,27014.763,33731.415,429.154227,62.948845,99.197566,46630.415,42571.055,49287.707,15556.292,3930.245,-129.115,0.0,78.599751,15.650905,72.407822,9.458977,0.0,0.0,0.0,0.0,0.0,429.154227,33731.415,7.97433,14.269283,14378.897,1500.071,10143.868,20521.997,191.41,-15556.292,-4095.622,-69.565,100,True,53.200051
POSCO_KR,POSCO,KR,34.537,69.84605,ACCELERATED_15C,DISCLOSED_PATH,PORT-8826D0B469EE,CAND-6339E6B83A8408,P3,PORT-8826D0B469EE,429.154227,21116.24,49.204315,True,True,,0.0,2.0275124185786808e-05,True,True,True,True,,0.0,0.0,0.0,3,3,0.459336608,0.65,2.02,P3,균형형 라이트헤지,False,27588.0,2037,9270.0,49.914413,21420.981,21420.981,28518.697,429.154227,49.914413,102.8778,49710.176,44150.443,51248.158,22729.461,5457.024,-102.709,-0.0,66.453258,16.538845,62.869508,12.955094,0.0,0.0,0.0,0.0,0.0,429.154227,28518.697,6.742009,12.064165,12302.668,1500.071,10515.276,25036.325,204.242,-22729.461,-5348.476,-59.663,100,True,30.629846
POSCO_KR,POSCO,KR,34.537,69.84605,DISCLOSED_PATH,DISCLOSED_PATH,PORT-8826D0B469EE,CAND-82FF2AA13BA34C,P2,PORT-8826D0B469EE,429.154227,27287.38,63.584089,True,True,,0.0,2.0275124185786808e-05,True,True,True,True,,0.0,0.0,0.0,3,3,0.459336608,0.65,2.02,P2,지연·부분헤지,False,27588.0,2037,9270.0,64.785236,27802.858,27802.858,36191.928,429.154227,64.785236,101.033957,46682.372,43359.15,51748.219,15556.292,3075.587,-247.635,-0.0,84.333149,19.547913,72.528892,7.743656,0.0,0.0,0.0,0.0,0.0,429.154227,36191.928,8.556011,15.310145,14860.934,1500.071,10301.805,20116.748,61.239,-15556.292,-3419.972,-61.674,100,True,55.036442
POSCO_KR,POSCO,KR,34.537,69.84605,ACCELERATED_15C,DISCLOSED_PATH,PORT-8826D0B469EE,CAND-82FF2AA13BA34C,P2,PORT-8826D0B469EE,429.154227,22213.621,51.761393,True,True,,0.0,2.0275124185786808e-05,True,True,True,True,,0.0,0.0,0.0,3,3,0.459336608,0.65,2.02,P2,지연·부분헤지,False,27588.0,2037,9270.0,52.585571,22567.32,22567.32,31486.236,429.154227,52.585571,105.548957,49736.755,45296.781,54215.697,22729.461,4246.199,-193.775,-0.0,73.368112,20.782541,62.931441,10.34587,0.0,0.0,0.0,0.0,0.0,429.154227,31486.236,7.443555,13.319513,14287.897,1500.071,10577.03,23434.301,64.983,-22729.461,-4492.121,-75.379,100,True,33.301004
POSCO_KR,POSCO,KR,34.537,69.84605,DISCLOSED_PATH,DISCLOSED_PATH,PORT-8826D0B469EE,CAND-C9724A8933A429,P1,PORT-8826D0B469EE,429.154227,27787.608,64.749702,True,True,,0.0,2.0275124185786808e-05,True,True,True,True,,0.0,0.0,0.0,3,3,0.459336608,0.65,2.02,P1,지연·현물조달,False,27588.0,2037,9270.0,66.077707,28357.527,28357.527,38039.748,429.154227,66.077707,102.326428,46737.071,43913.819,53596.04,15556.292,2500.586,-322.665,0.0,88.638876,22.561169,72.656348,6.578641,0.0,0.0,0.0,0.0,0.0,429.154227,38039.748,8.992848,16.091822,15182.292,1500.071,10459.741,19846.582,0.0,-15556.292,-2989.437,-85.43,100,True,56.328913
POSCO_KR,POSCO,KR,34.537,69.84605,ACCELERATED_15C,DISCLOSED_PATH,PORT-8826D0B469EE,CAND-C9724A8933A429,P1,PORT-8826D0B469EE,429.154227,22967.067,53.517047,True,True,,0.0,2.0275124185786808e-05,True,True,True,True,,0.0,0.0,0.0,3,3,0.459336608,0.65,2.02,P1,지연·현물조달,False,27588.0,2037,9270.0,54.349086,23324.14,23324.14,33719.644,429.154227,54.349086,107.312472,49800.185,46053.601,56449.105,22729.461,3388.482,-358.103,-0.0,78.572321,24.223235,63.079244,8.730158,0.0,0.0,0.0,0.0,0.0,429.154227,33719.644,7.971547,14.264304,14537.625,1500.071,10594.221,23295.558,0.0,-22729.461,-3792.326,-81.547,100,True,35.064519
POSCO_KR,POSCO,KR,34.537,69.84605,DISCLOSED_PATH,DISCLOSED_PATH,PORT-96133A6427FE,CAND-921D50D4015721,P3,PORT-96133A6427FE,430.20423,28331.133,65.855078,True,True,,0.0,2.0275124185786808e-05,True,True,True,True,,0.0,0.0,0.0,2,3,0.45933660799999987,0.65,2.02,P3,균형형 라이트헤지,False,26602.0,2037,9270.0,68.331577,29396.534,29396.534,35987.085,430.20423,68.331577,104.588629,48978.257,44994.471,51585.022,15597.937,3995.129,11.342,0.0,83.651165,15.319588,77.5918,9.260222,0.0,0.0,0.0,0.0,0.0,430.20423,35987.085,8.507585,15.223491,12802.434,1534.895,9357.329,25266.176,197.705,-15597.937,-4086.196,-77.871,100,True,58.582783
POSCO_KR,POSCO,KR,34.537,69.84605,ACCELERATED_15C,DISCLOSED_PATH,PORT-96133A6427FE,CAND-921D50D4015721,P3,PORT-96133A6427FE,430.20423,22859.063,53.135375,True,True,,0.0,2.0275124185786808e-05,True,True,True,True,,0.0,0.0,0.0,2,3,0.45933660799999987,0.65,2.02,P3,균형형 라이트헤지,False,26602.0,2037,9270.0,55.712992,23967.965,23967.965,30780.752,430.20423,55.712992,108.672633,52346.556,46751.426,53564.214,22783.461,5566.333,-28.797,0.0,71.549163,15.83617,68.718745,13.005753,0.0,0.0,0.0,0.0,0.0,430.20423,30780.752,7.276774,13.021074,12054.468,1534.895,10982.865,27379.9,210.636,-22783.461,-5425.555,14.218,100,True,36.428425
POSCO_KR,POSCO,KR,34.537,69.84605,DISCLOSED_PATH,DISCLOSED_PATH,PORT-96133A6427FE,CAND-4EF614D30D6D91,P2,PORT-96133A6427FE,430.20423,29134.516,67.722522,True,True,,0.0,2.0275124185786808e-05,True,True,True,True,,0.0,0.0,0.0,2,3,0.45933660799999987,0.65,2.02,P2,지연·부분헤지,False,26602.0,2037,9270.0,70.796393,30456.908,30456.908,38675.812,430.20423,70.796393,107.053445,49097.562,46054.845,54273.748,15597.937,3095.713,52.996,0.0,89.901049,19.104656,77.869122,7.072728,0.0,0.0,0.0,0.0,0.0,430.20423,38675.812,9.143218,16.360894,12994.653,1534.895,9358.852,25370.666,62.708,-15597.937,-3167.654,-99.276,100,True,61.047599
POSCO_KR,POSCO,KR,34.537,69.84605,ACCELERATED_15C,DISCLOSED_PATH,PORT-96133A6427FE,CAND-4EF614D30D6D91,P2,PORT-96133A6427FE,430.20423,24083.473,55.981487,True,True,,0.0,2.0275124185786808e-05,True,True,True,True,,0.0,0.0,0.0,2,3,0.45933660799999987,0.65,2.02,P2,지연·부분헤지,False,26602.0,2037,9270.0,59.223937,25478.388,25478.388,34121.661,430.20423,59.223937,112.183577,52481.457,48261.849,56905.123,22783.461,4254.432,34.824,0.0,79.31503,20.091093,69.03232,9.808383,0.0,0.0,0.0,0.0,0.0,430.20423,34121.661,8.066587,14.434368,12074.079,1534.895,11103.129,27474.586,66.478,-22783.461,-4017.554,26.236,100,True,39.93937
POSCO_KR,POSCO,KR,34.537,69.84605,DISCLOSED_PATH,DISCLOSED_PATH,PORT-96133A6427FE,CAND-44C957BBFA61A4,P1,PORT-96133A6427FE,430.20423,29693.364,69.021552,True,True,,0.0,2.0275124185786808e-05,True,True,True,True,,0.0,0.0,0.0,2,3,0.45933660799999987,0.65,2.02,P1,지연·현물조달,False,26602.0,2037,9270.0,72.549757,31211.213,31211.213,40664.31,430.20423,72.549757,108.806809,49223.057,46809.149,56262.247,15597.937,2447.23,33.322,-0.0,94.523268,21.973511,78.160832,5.611074,0.0,0.0,0.0,0.0,0.0,430.20423,40664.31,9.613312,17.202081,12087.154,1534.895,10086.806,25278.865,0.0,-15597.937,-2274.003,95.433,100,True,62.800963
POSCO_KR,POSCO,KR,34.537,69.84605,ACCELERATED_15C,DISCLOSED_PATH,PORT-96133A6427FE,CAND-44C957BBFA61A4,P1,PORT-96133A6427FE,430.20423,24922.922,57.932769,True,True,,0.0,2.0275124185786808e-05,True,True,True,True,,0.0,0.0,0.0,2,3,0.45933660799999987,0.65,2.02,P1,지연·현물조달,False,26602.0,2037,9270.0,61.614564,26506.846,26506.846,36592.003,430.20423,61.614564,114.574204,52622.265,49290.307,59375.465,22783.461,3314.776,-17.182,0.0,85.057284,23.44272,69.359624,7.74506,0.0,0.0,0.0,0.0,0.0,430.20423,36592.003,8.650592,15.479388,12087.154,1534.895,11223.393,27537.71,0.0,-22783.461,-3077.2,-15.645,100,True,42.329997
POSCO_KR,POSCO,KR,34.537,69.84605,DISCLOSED_PATH,DISCLOSED_PATH,PORT-A620DB8F058C,CAND-1205E8D72A4654,P3,PORT-A620DB8F058C,434.951232,32983.849,75.833442,True,True,,0.0,2.0275124185786808e-05,True,True,True,True,,0.0,0.0,0.0,3,3,0.45933660799999987,0.65,2.02,P3,균형형 라이트헤지,False,26602.0,2035,9270.0,77.830228,33852.354,33852.354,41910.229,434.951232,77.830228,114.093154,54157.393,49624.958,57682.833,15772.604,4387.675,-144.761,0.0,96.356157,18.525929,88.250788,10.42056,0.0,0.0,0.0,0.0,0.0,434.951232,41910.229,9.907856,17.729138,13864.836,1610.686,9293.903,29127.266,217.093,-15772.604,-4509.478,20.651,100,True,68.081434
POSCO_KR,POSCO,KR,34.537,69.84605,ACCELERATED_15C,DISCLOSED_PATH,PORT-A620DB8F058C,CAND-1205E8D72A4654,P3,PORT-A620DB8F058C,434.951232,27648.537,63.566982,True,True,,0.0,2.0275124185786808e-05,True,True,True,True,,0.0,0.0,0.0,3,3,0.45933660799999987,0.65,2.02,P3,균형형 라이트헤지,False,26602.0,2035,9270.0,65.166383,28344.199,28344.199,37078.438,434.951232,65.166383,118.137074,57651.34,51383.866,60118.105,23039.667,6157.831,-109.643,0.0,85.247345,20.080962,79.575984,14.409601,0.0,0.0,0.0,0.0,0.0,434.951232,37078.438,8.765588,15.685162,12851.516,1610.686,10310.828,32555.627,231.463,-23039.667,-6155.927,-20.326,100,True,45.881816
POSCO_KR,POSCO,KR,34.537,69.84605,DISCLOSED_PATH,DISCLOSED_PATH,PORT-A620DB8F058C,CAND-0CC63FAC54D3C0,P2,PORT-A620DB8F058C,434.951232,33966.321,78.092252,True,True,,0.0,2.0275124185786808e-05,True,True,True,True,,0.0,0.0,0.0,3,3,0.45933660799999987,0.65,2.02,P2,지연·부분헤지,False,26602.0,2035,9270.0,80.51274,35019.115,35019.115,45144.418,434.951232,80.51274,116.775666,54260.571,50791.72,60917.023,15772.604,3268.086,-200.765,0.0,103.791908,23.279168,88.488005,7.975265,0.0,0.0,0.0,0.0,0.0,434.951232,45144.418,10.672439,19.097286,14254.181,1610.686,9311.69,28994.802,67.961,-15772.604,-3472.533,24.931,100,True,70.763946
POSCO_KR,POSCO,KR,34.537,69.84605,ACCELERATED_15C,DISCLOSED_PATH,PORT-A620DB8F058C,CAND-0CC63FAC54D3C0,P2,PORT-A620DB8F058C,434.951232,29139.23,66.994246,True,True,,0.0,2.0275124185786808e-05,True,True,True,True,,0.0,0.0,0.0,3,3,0.45933660799999987,0.65,2.02,P2,지연·부분헤지,False,26602.0,2035,9270.0,68.92021,29976.93,29976.93,41103.081,434.951232,68.92021,121.890901,57747.903,53016.598,64142.748,23039.667,4497.443,-233.862,0.0,94.500436,25.580225,79.797994,10.877784,0.0,0.0,0.0,0.0,0.0,434.951232,41103.081,9.71704,17.387693,13007.018,1610.686,10320.323,32595.779,72.11,-23039.667,-4534.243,-55.075,100,True,49.635643
POSCO_KR,POSCO,KR,34.537,69.84605,DISCLOSED_PATH,DISCLOSED_PATH,PORT-A620DB8F058C,CAND-F5CF3CBE63EF2D,P1,PORT-A620DB8F058C,434.951232,34647.983,79.659466,True,True,,0.0,2.0275124185786808e-05,True,True,True,True,,0.0,0.0,0.0,3,3,0.45933660799999987,0.65,2.02,P1,지연·현물조달,False,26602.0,2035,9270.0,82.378555,35830.654,35830.654,47577.392,434.951232,82.378555,118.641481,54372.182,51603.258,63349.996,15772.604,2466.943,-301.981,0.0,109.385578,27.007023,88.744611,6.366056,0.0,0.0,0.0,0.0,0.0,434.951232,47577.392,11.24761,20.126498,14513.745,1610.686,9329.478,28906.493,0.0,-15772.604,-2791.819,34.675,100,True,72.629761
POSCO_KR,POSCO,KR,34.537,69.84605,ACCELERATED_15C,DISCLOSED_PATH,PORT-A620DB8F058C,CAND-F5CF3CBE63EF2D,P1,PORT-A620DB8F058C,434.951232,30159.483,69.339919,True,True,,0.0,2.0275124185786808e-05,True,True,True,True,,0.0,0.0,0.0,3,3,0.45933660799999987,0.65,2.02,P1,지연·현물조달,False,26602.0,2035,9270.0,71.484243,31092.159,31092.159,44082.029,434.951232,71.484243,124.454934,57858.193,54131.827,67121.696,23039.667,3345.005,-381.36,-0.0,101.34936,29.865118,80.051561,8.567319,0.0,0.0,0.0,0.0,0.0,434.951232,44082.029,10.421283,18.647867,14513.745,1610.686,10374.795,31330.795,0.0,-23039.667,-3782.634,84.439,100,True,52.199676
POSCO_KR,POSCO,KR,34.537,69.84605,DISCLOSED_PATH,DISCLOSED_PATH,PORT-66E75B54664A,CAND-7D117A922A194C,P5,PORT-66E75B54664A,505.60626,45805.939,90.596068,True,True,,0.0,2.0275124185786808e-05,True,True,True,True,,0.0,0.0,0.0,3,3,0.5181043679999999,0.65,2.5,P5,조기 계약형 전환,False,30104.0,2036,9270.0,91.963677,46497.411,46497.411,50692.884,505.60626,91.963677,128.224483,75153.936,64831.101,69026.575,18333.69,10320.663,-2.171,0.0,100.261583,8.297906,112.380423,20.416746,0.0,0.0,0.0,0.0,0.0,505.60626,50692.884,11.984133,21.444434,14843.38,2046.417,10384.933,46721.501,1168.105,-18333.69,-10291.311,-41.924,100,True,82.214883
POSCO_KR,POSCO,KR,34.537,69.84605,ACCELERATED_15C,DISCLOSED_PATH,PORT-66E75B54664A,CAND-7D117A922A194C,P5,PORT-66E75B54664A,505.60626,38239.862,75.631703,True,True,,0.0,2.0275124185786808e-05,True,True,True,True,,0.0,0.0,0.0,3,3,0.5181043679999999,0.65,2.5,P5,조기 계약형 전환,False,30104.0,2036,9270.0,76.91903,38890.743,38890.743,43175.669,505.60626,76.91903,129.711946,80410.582,65583.172,69868.097,26692.429,14791.997,-35.414,0.0,85.393857,8.474827,106.245033,29.326002,0.0,0.0,0.0,0.0,0.0,505.60626,43175.669,10.207014,18.264453,14646.812,2046.417,11711.249,50650.373,1252.055,-26692.429,-14701.77,-21.964,100,True,57.634463
POSCO_KR,POSCO,KR,34.537,69.84605,DISCLOSED_PATH,DISCLOSED_PATH,PORT-66E75B54664A,CAND-00B5592B22DA24,P4,PORT-66E75B54664A,505.60626,47712.268,94.36645,True,True,,0.0,2.0275124185786808e-05,True,True,True,True,,0.0,0.0,0.0,3,3,0.5181043679999999,0.65,2.5,P4,균형형 전환,False,30104.0,2036,9270.0,96.428379,48754.792,48754.792,56096.922,505.60626,96.428379,132.689185,75094.124,67088.483,74430.612,18333.69,7884.463,-121.178,0.0,110.949816,14.521437,112.262125,15.833746,0.0,0.0,0.0,0.0,0.0,505.60626,56096.922,13.261684,23.730485,14585.128,2046.417,10695.922,46979.724,664.921,-18333.69,-7836.729,-46.901,100,True,86.679585
POSCO_KR,POSCO,KR,34.537,69.84605,ACCELERATED_15C,DISCLOSED_PATH,PORT-66E75B54664A,CAND-00B5592B22DA24,P4,PORT-66E75B54664A,505.60626,41224.578,81.534944,True,True,,0.0,2.0275124185786808e-05,True,True,True,True,,0.0,0.0,0.0,3,3,0.5181043679999999,0.65,2.5,P4,균형형 전환,False,30104.0,2036,9270.0,83.708936,42323.762,42323.762,49999.566,505.60626,83.708936,136.501851,80292.308,69016.191,76691.994,26692.429,11263.361,-12.757,0.0,98.890322,15.181386,106.011107,22.302171,0.0,0.0,0.0,0.0,0.0,505.60626,49999.566,11.820228,21.151142,14585.128,2046.417,11868.768,51078.521,711.767,-26692.429,-11166.8,-107.61,100,True,64.424369
POSCO_KR,POSCO,KR,34.537,69.84605,DISCLOSED_PATH,DISCLOSED_PATH,PORT-077F7C54FB04,CAND-DDC1E605504409,P3,PORT-077F7C54FB04,444.454229,42079.057,94.675795,True,True,,0.0,2.0275124185786808e-05,True,True,True,True,,0.0,0.0,0.0,3,3,0.5181043679999999,0.65,2.5,P3,균형형 라이트헤지,False,30104.0,2037,9270.0,96.106271,42714.838,42714.838,52305.636,444.454229,96.106271,132.361288,64563.21,58828.534,68419.332,16113.696,5455.172,-279.503,-0.0,117.68509,21.57882,109.009007,12.902736,0.0,0.0,0.0,0.0,0.0,444.454229,52305.636,12.365399,22.126671,12846.956,1740.073,9488.096,39537.178,258.476,-16113.696,-5155.412,113.167,100,True,86.357477
POSCO_KR,POSCO,KR,34.537,69.84605,ACCELERATED_15C,DISCLOSED_PATH,PORT-077F7C54FB04,CAND-DDC1E605504409,P3,PORT-077F7C54FB04,444.454229,36961.099,83.160643,True,True,,0.0,2.0275124185786808e-05,True,True,True,True,,0.0,0.0,0.0,3,3,0.5181043679999999,0.65,2.5,P3,균형형 라이트헤지,False,30104.0,2037,9270.0,84.56243,37584.13,37584.13,47609.848,444.454229,84.56243,137.536337,68813.423,61128.607,71154.325,23544.477,7648.15,-36.666,0.0,107.1198,22.557371,101.852887,17.290457,0.0,0.0,0.0,0.0,0.0,444.454229,47609.848,11.255283,20.140228,12846.956,1740.073,10555.283,43073.546,275.943,-23544.477,-7260.915,-102.279,100,True,65.277863
POSCO_KR,POSCO,KR,34.537,69.84605,DISCLOSED_PATH,DISCLOSED_PATH,PORT-077F7C54FB04,CAND-E3FBD935777392,P2,PORT-077F7C54FB04,444.454229,43357.284,97.55174,True,True,,0.0,2.0275124185786808e-05,True,True,True,True,,0.0,0.0,0.0,3,3,0.5181043679999999,0.65,2.5,P2,지연·부분헤지,False,30104.0,2037,9270.0,99.312509,44139.864,44139.864,56134.07,444.454229,99.312509,135.567526,64673.923,60253.56,72247.765,16113.696,4076.651,-343.712,-0.0,126.298876,26.986368,109.258106,9.945598,0.0,0.0,0.0,0.0,0.0,444.454229,56134.07,13.270466,23.7462,12576.332,1740.073,9600.098,39736.459,80.028,-16113.696,-3591.934,112.504,100,True,89.563715
POSCO_KR,POSCO,KR,34.537,69.84605,ACCELERATED_15C,DISCLOSED_PATH,PORT-077F7C54FB04,CAND-E3FBD935777392,P2,PORT-077F7C54FB04,444.454229,38895.052,87.511941,True,True,,0.0,2.0275124185786808e-05,True,True,True,True,,0.0,0.0,0.0,3,3,0.5181043679999999,0.65,2.5,P2,지연·부분헤지,False,30104.0,2037,9270.0,89.310607,39694.477,39694.477,52534.928,444.454229,89.310607,142.284514,68838.734,63238.954,76079.405,23544.477,5637.498,37.717,0.0,118.200986,28.89038,101.909835,12.599229,0.0,0.0,0.0,0.0,0.0,444.454229,52534.928,12.419605,22.223668,14294.071,1740.073,10016.932,42436.226,84.993,-23544.477,-5482.861,149.52,100,True,70.02604
POSCO_KR,POSCO,KR,34.537,69.84605,DISCLOSED_PATH,DISCLOSED_PATH,PORT-077F7C54FB04,CAND-A6713428AA1463,P1,PORT-077F7C54FB04,444.454229,44242.217,99.542796,True,True,,0.0,2.0275124185786808e-05,True,True,True,True,,0.0,0.0,0.0,3,3,0.5181043679999999,0.65,2.5,P1,지연·현물조달,False,30104.0,2037,9270.0,101.576156,45145.952,45145.952,58910.15,444.454229,101.576156,137.831173,64795.02,61259.648,75023.846,16113.696,3057.127,-478.246,-0.0,132.54492,30.968764,109.530568,7.954413,0.0,0.0,0.0,0.0,0.0,444.454229,58910.15,13.926749,24.920556,12395.916,1740.073,9712.1,39869.313,0.0,-16113.696,-2543.479,85.726,100,True,91.827362
POSCO_KR,POSCO,KR,34.537,69.84605,ACCELERATED_15C,DISCLOSED_PATH,PORT-077F7C54FB04,CAND-A6713428AA1463,P1,PORT-077F7C54FB04,444.454229,40216.743,90.48568,True,True,,0.0,2.0275124185786808e-05,True,True,True,True,,0.0,0.0,0.0,3,3,0.5181043679999999,0.65,2.5,P1,지연·현물조달,False,30104.0,2037,9270.0,92.639461,41174.0,41174.0,56188.5,444.454229,92.639461,145.613368,68891.914,64718.477,79732.977,23544.477,4157.486,-15.951,0.0,126.421341,33.78188,102.029486,9.390025,0.0,0.0,0.0,0.0,0.0,444.454229,56188.5,13.283333,23.769225,14328.373,1740.073,10022.117,42487.789,0.0,-23544.477,-4059.056,199.182,100,True,73.354894
POSCO_KR,POSCO,KR,34.537,69.84605,DISCLOSED_PATH,DISCLOSED_PATH,PORT-0E469489028A,CAND-2F5D03A613EDBE,P1,PORT-0E469489028A,261.543846,2124.876,8.124359,True,True,,0.0,2.0275124185786808e-05,True,True,True,True,,0.0,0.0,0.0,2,3,0.2589598719999999,0.65,0.7399999999999999,P1,지연·현물조달,False,15097.0,2035,5768.0,9.748794,2549.737,2549.737,4744.732,261.543846,9.748794,46.026333,12795.823,12037.904,14232.899,9488.167,709.69,-48.229,0.0,18.141247,8.392453,12.64666,2.897866,0.0,0.0,0.0,0.0,0.0,261.543846,4744.732,1.121686,2.007147,5520.892,901.658,6390.691,0.0,0.0,-9488.167,-745.695,-29.641,100,True,0.0
POSCO_KR,POSCO,KR,34.537,69.84605,ACCELERATED_15C,DISCLOSED_PATH,PORT-0E469489028A,CAND-2F5D03A613EDBE,P1,PORT-0E469489028A,261.543846,-1733.653,-6.628536,False,False,2035,19.084092670000008,-19.084092670000008,True,True,True,True,,0.0,0.0,0.0,2,3,0.2589598719999999,0.65,0.7399999999999999,P1,지연·현물조달,False,15097.0,2035,5768.0,-5.236228,-1369.503,-1369.503,1072.024,261.543846,-5.236228,47.560454,13481.177,12439.144,14880.671,13808.647,947.19,-94.843,0.0,4.098832,9.33506,-1.252067,3.984161,0.0,0.0,0.0,0.0,0.0,261.543846,1072.024,0.253434,0.453495,4832.692,901.658,7520.538,0.0,0.0,-13808.647,-840.198,24.454,100,True,-24.520795
POSCO_KR,POSCO,KR,34.537,69.84605,DISCLOSED_PATH,DISCLOSED_PATH,PORT-41705C04BF44,CAND-63781C106D5099,P1,PORT-41705C04BF44,234.011233,2160.761,9.233578,True,True,,0.0,2.0275124185786808e-05,True,True,True,True,,0.0,0.0,0.0,2,3,0.2589598719999999,0.65,0.7399999999999999,P1,지연·현물조달,False,15097.0,2037,5768.0,11.10114,2597.791,2597.791,4291.996,234.011233,11.10114,47.317762,11737.658,11072.888,12767.092,8475.096,684.617,19.847,-0.0,18.340982,7.239842,13.941901,2.840761,0.0,0.0,0.0,0.0,0.0,234.011233,4291.996,1.014656,1.815628,5082.347,847.521,5800.177,0.0,0.0,-8475.096,-650.738,-6.418,100,True,1.352346
POSCO_KR,POSCO,KR,34.537,69.84605,ACCELERATED_15C,DISCLOSED_PATH,PORT-41705C04BF44,CAND-63781C106D5099,P1,PORT-41705C04BF44,234.011233,-1300.659,-5.558105,False,False,2035,19.079746585000006,-19.079746585000006,True,True,True,True,,0.0,0.0,0.0,2,3,0.2589598719999999,0.65,0.7399999999999999,P1,지연·현물조달,False,15097.0,2037,5768.0,-3.750411,-877.638,-877.638,1053.516,234.011233,-3.750411,48.907969,12368.484,11445.014,13376.169,12322.652,913.94,-9.53,-0.0,4.501991,8.252401,0.195853,3.946264,0.0,0.0,0.0,0.0,0.0,234.011233,1053.516,0.249058,0.445665,5326.979,847.521,6253.005,0.0,0.0,-12322.652,-950.205,-32.287,100,True,-23.034978
POSCO_KR,POSCO,KR,34.537,69.84605,DISCLOSED_PATH,DISCLOSED_PATH,PORT-DE64C6FAC717,CAND-455C0CE17360E6,P1,PORT-DE64C6FAC717,184.421263,1943.402,10.537843,True,True,,0.0,2.0275124185786808e-05,True,True,True,True,,0.0,0.0,0.0,2,3,0.25895987200000004,0.65,0.7399999999999999,P1,지연·현물조달,False,15748.0,2037,5768.0,11.804144,2176.935,2176.935,4186.166,184.421263,11.804144,47.926389,9526.704,8838.645,10847.876,6661.71,646.202,-41.857,0.0,22.698932,10.894788,15.535053,3.730908,0.0,0.0,0.0,0.0,0.0,184.421263,4186.166,0.989637,1.770859,4061.95,715.17,4598.083,0.0,0.0,-6661.71,-534.687,-1.871,100,True,2.05535
POSCO_KR,POSCO,KR,34.537,69.84605,ACCELERATED_15C,DISCLOSED_PATH,PORT-DE64C6FAC717,CAND-455C0CE17360E6,P1,PORT-DE64C6FAC717,184.421263,-928.666,-5.035569,False,False,2030,16.324744844999994,-16.324744844999994,True,True,True,True,,0.0,0.0,0.0,2,3,0.25895987200000004,0.65,0.7399999999999999,P1,지연·현물조달,False,15748.0,2037,5768.0,-4.028073,-742.862,-742.862,1412.613,184.421263,-4.028073,49.18222,9989.934,9070.247,11225.723,9813.109,862.724,-56.963,-0.0,7.659709,11.687782,0.95881,4.986883,0.0,0.0,0.0,0.0,0.0,184.421263,1412.613,0.333951,0.597573,5390.262,715.17,3893.13,0.0,0.0,-9813.109,-942.937,14.622,100,True,-23.31264
POSCO_KR,POSCO,KR,34.537,69.84605,DISCLOSED_PATH,DISCLOSED_PATH,PORT-CEF57596D771,CAND-9863577C4A48D7,P2,PORT-CEF57596D771,332.254237,12243.122,36.848655,True,True,,0.0,2.0275124185786808e-05,True,True,True,True,,0.0,0.0,0.0,2,3,0.367028224,0.65,1.38,P2,지연·부분헤지,False,20893.0,2037,9270.0,38.38991,12755.21,12755.21,17047.713,332.254237,38.38991,74.654703,26472.074,24804.341,29096.845,12049.131,1753.922,86.189,0.0,51.309243,12.919333,43.409358,5.019448,0.0,0.0,0.0,0.0,0.0,332.254237,17047.713,4.030192,7.211635,8508.751,1148.337,8187.312,8630.706,37.005,-12049.131,-1657.774,-49.996,100,True,28.641116
POSCO_KR,POSCO,KR,34.537,69.84605,ACCELERATED_15C,DISCLOSED_PATH,PORT-CEF57596D771,CAND-9863577C4A48D7,P2,PORT-CEF57596D771,332.254237,7840.345,23.597426,False,False,2035,6.843996639999997,-6.843996639999997,True,True,True,True,,0.0,0.0,0.0,2,3,0.367028224,0.65,1.38,P2,지연·부분헤지,False,20893.0,2037,9270.0,25.222499,8380.282,8380.282,13119.675,332.254237,25.222499,78.057203,28231.535,25934.837,30674.229,17554.554,2397.166,100.468,0.0,39.486856,14.264357,32.134971,6.912472,0.0,0.0,0.0,0.0,0.0,332.254237,13119.675,3.101578,5.54997,8467.886,1148.337,8519.525,10025.874,39.148,-17554.554,-2338.804,72.871,100,True,5.937932
POSCO_KR,POSCO,KR,34.537,69.84605,DISCLOSED_PATH,DISCLOSED_PATH,PORT-CEF57596D771,CAND-D474BBC66D4C3C,P1,PORT-CEF57596D771,332.254237,12423.527,37.391627,True,True,,0.0,2.0275124185786808e-05,True,True,True,True,,0.0,0.0,0.0,2,3,0.367028224,0.65,1.38,P1,지연·현물조달,False,20893.0,2037,9270.0,39.252275,13041.735,13041.735,18015.567,332.254237,39.252275,75.517069,26527.95,25090.866,30064.698,12049.131,1533.423,96.339,-0.0,54.222235,14.969959,43.577531,4.325255,0.0,0.0,0.0,0.0,0.0,332.254237,18015.567,4.258999,7.621063,8526.018,1148.337,8277.68,8617.32,0.0,-12049.131,-1438.293,-40.196,100,True,29.503481
POSCO_KR,POSCO,KR,34.537,69.84605,ACCELERATED_15C,DISCLOSED_PATH,PORT-CEF57596D771,CAND-D474BBC66D4C3C,P1,PORT-CEF57596D771,332.254237,8118.002,24.433103,False,False,2035,6.843996639999997,-6.843996639999997,True,True,True,True,,0.0,0.0,0.0,2,3,0.367028224,0.65,1.38,P1,지연·현물조달,False,20893.0,2037,9270.0,26.254621,8723.209,8723.209,14301.43,332.254237,26.254621,79.089325,28288.278,26277.763,31855.985,17554.554,2072.789,62.274,0.0,43.043636,16.789015,32.305755,6.051135,0.0,0.0,0.0,0.0,0.0,332.254237,14301.43,3.380953,6.049884,10177.414,1148.337,8137.877,9242.775,0.0,-17554.554,-2366.612,-62.027,100,True,6.970054
POSCO_KR,POSCO,KR,34.537,69.84605,DISCLOSED_PATH,DISCLOSED_PATH,PORT-802EEF341C7A,CAND-DA7B74C24222D6,P2,PORT-802EEF341C7A,326.164221,12389.835,37.986492,True,True,,0.0,2.0275124185786808e-05,True,True,True,True,,0.0,0.0,0.0,2,3,0.3670282239999999,0.65,1.3800000000000001,P2,지연·부분헤지,False,21792.0,2037,9270.0,38.92792,12696.895,12696.895,17205.703,326.164221,38.92792,75.129284,26341.632,24504.484,29013.293,11807.59,1799.708,-37.44,-0.0,52.751658,13.823737,44.560504,5.632584,0.0,0.0,0.0,0.0,0.0,326.164221,17205.703,4.067542,7.278469,8978.898,1123.463,6941.777,9232.917,37.123,-11807.59,-1818.162,8.468,100,True,29.179126
POSCO_KR,POSCO,KR,34.537,69.84605,ACCELERATED_15C,DISCLOSED_PATH,PORT-802EEF341C7A,CAND-DA7B74C24222D6,P2,PORT-802EEF341C7A,326.164221,8034.159,24.632251,False,False,2035,2.9289989600000013,-2.9289989600000013,True,True,True,True,,0.0,0.0,0.0,2,3,0.3670282239999999,0.65,1.3800000000000001,P2,지연·부분헤지,False,21792.0,2037,9270.0,25.490395,8314.055,8314.055,13328.565,326.164221,25.490395,78.351352,28049.455,25555.408,30569.918,17241.353,2444.136,-49.911,0.0,40.864582,15.374188,33.136995,7.6466,0.0,0.0,0.0,0.0,0.0,326.164221,13328.565,3.150961,5.638336,8978.898,1123.463,7757.61,10181.998,39.254,-17241.353,-2486.375,-39.44,100,True,6.205828
POSCO_KR,POSCO,KR,34.537,69.84605,DISCLOSED_PATH,DISCLOSED_PATH,PORT-802EEF341C7A,CAND-720A05CD8AE3E2,P1,PORT-802EEF341C7A,326.164221,12570.224,38.539554,True,True,,0.0,2.0275124185786808e-05,True,True,True,True,,0.0,0.0,0.0,2,3,0.3670282239999999,0.65,1.3800000000000001,P1,지연·현물조달,False,21792.0,2037,9270.0,39.561558,12903.565,12903.565,18168.914,326.164221,39.561558,75.762922,26365.903,24711.155,29976.504,11807.59,1572.42,-82.328,0.0,55.704805,16.143247,44.634917,5.073359,0.0,0.0,0.0,0.0,0.0,326.164221,18168.914,4.295252,7.685933,9018.397,1123.463,6867.291,9286.442,0.0,-11807.59,-1592.408,7.969,100,True,29.812764
POSCO_KR,POSCO,KR,34.537,69.84605,ACCELERATED_15C,DISCLOSED_PATH,PORT-802EEF341C7A,CAND-720A05CD8AE3E2,P1,PORT-802EEF341C7A,326.164221,8311.845,25.483621,False,False,2035,2.9289989600000013,-2.9289989600000013,True,True,True,True,,0.0,0.0,0.0,2,3,0.3670282239999999,0.65,1.3800000000000001,P1,지연·현물조달,False,21792.0,2037,9270.0,26.475293,8635.293,8635.293,14507.738,326.164221,26.475293,79.336251,28048.835,25876.646,31749.091,17241.353,2124.869,-47.319,0.0,44.479859,18.004565,33.135093,6.659799,0.0,0.0,0.0,0.0,0.0,326.164221,14507.738,3.429725,6.137158,9018.397,1123.463,7678.244,10244.743,0.0,-17241.353,-2152.2,-36.0,100,True,7.190726
POSCO_KR,POSCO,KR,34.537,69.84605,DISCLOSED_PATH,DISCLOSED_PATH,PORT-4FCB78A64B21,CAND-0BE357EA5504BE,P2,PORT-4FCB78A64B21,282.664267,12023.05,42.534735,True,True,,0.0,2.0275124185786808e-05,True,True,True,True,,0.0,0.0,0.0,2,3,0.3670282239999999,0.65,1.3800000000000001,P2,지연·부분헤지,False,21544.0,2037,9270.0,44.49414,12576.904,12576.904,17018.719,282.664267,44.49414,80.705809,24588.781,22812.648,27254.464,10235.745,1722.053,-54.079,-0.0,60.208244,15.714104,50.777681,6.283541,0.0,0.0,0.0,0.0,0.0,282.664267,17018.719,4.023338,7.19937,9606.894,1015.986,5691.02,8307.141,34.019,-10235.745,-1899.48,57.069,100,True,34.745346
POSCO_KR,POSCO,KR,34.537,69.84605,ACCELERATED_15C,DISCLOSED_PATH,PORT-4FCB78A64B21,CAND-0BE357EA5504BE,P2,PORT-4FCB78A64B21,282.664267,8209.26,29.04244,False,False,2030,5.470451711490618,-5.470451711490618,True,True,True,True,,0.0,0.0,0.0,2,3,0.3670282239999999,0.65,1.3800000000000001,P2,지연·부분헤지,False,21544.0,2037,9270.0,30.641591,8661.283,8661.283,13445.597,282.664267,30.641591,83.867319,26211.68,23706.294,28490.608,15045.012,2345.86,-159.526,0.0,47.567373,16.925783,39.505058,8.863468,0.0,0.0,0.0,0.0,0.0,282.664267,13445.597,3.178628,5.687844,9089.55,1015.986,6525.85,9577.44,35.985,-15045.012,-2424.037,-114.48,100,True,11.357024
POSCO_KR,POSCO,KR,34.537,69.84605,DISCLOSED_PATH,DISCLOSED_PATH,PORT-4FCB78A64B21,CAND-F43ACAB6E7F085,P1,PORT-4FCB78A64B21,282.664267,12206.168,43.182564,True,True,,0.0,2.0275124185786808e-05,True,True,True,True,,0.0,0.0,0.0,2,3,0.3670282239999999,0.65,1.3800000000000001,P1,지연·현물조달,False,21544.0,2037,9270.0,45.336099,12814.895,12814.895,17948.828,282.664267,45.336099,81.547768,24652.191,23050.64,28184.573,10235.745,1501.323,-100.228,-0.0,63.498751,18.162652,51.002012,5.665913,0.0,0.0,0.0,0.0,0.0,282.664267,17948.828,4.243222,7.59283,9784.263,1015.986,5649.257,8257.802,0.0,-10235.745,-1728.21,71.542,100,True,35.587305
POSCO_KR,POSCO,KR,34.537,69.84605,ACCELERATED_15C,DISCLOSED_PATH,PORT-4FCB78A64B21,CAND-F43ACAB6E7F085,P1,PORT-4FCB78A64B21,282.664267,8489.995,30.035614,False,False,2030,5.470451711490618,-5.470451711490618,True,True,True,True,,0.0,0.0,0.0,2,3,0.3670282239999999,0.65,1.3800000000000001,P1,지연·현물조달,False,21544.0,2037,9270.0,31.729379,8968.762,8968.762,14562.339,282.664267,31.729379,84.955108,26255.698,24013.773,29607.35,15045.012,2030.387,-211.539,0.0,51.518145,19.788766,39.660786,7.931407,0.0,0.0,0.0,0.0,0.0,282.664267,14562.339,3.442633,6.160255,9784.263,1015.986,6347.867,9070.083,0.0,-15045.012,-2337.048,132.622,100,True,12.444812
POSCO_KR,POSCO,KR,34.537,69.84605,DISCLOSED_PATH,DISCLOSED_PATH,PORT-D42DEB3BDB60,CAND-B90A406E3BDA97,P2,PORT-D42DEB3BDB60,364.533852,17040.505,46.746016,True,True,,0.0,2.0275124185786808e-05,True,True,True,True,,0.0,0.0,0.0,3,3,0.367028224,0.65,1.38,P2,지연·부분헤지,False,20893.0,2035,9270.0,48.6579,17737.452,17737.452,23228.011,364.533852,48.6579,84.969669,32980.672,30974.321,36464.881,13236.869,2004.879,-1.472,-0.0,63.719765,15.061866,54.16178,5.503881,0.0,0.0,0.0,0.0,0.0,364.533852,23228.011,5.491256,9.826065,10543.558,1278.266,8007.435,13350.065,43.788,-13236.869,-2282.74,33.949,100,True,38.909106
POSCO_KR,POSCO,KR,34.537,69.84605,ACCELERATED_15C,DISCLOSED_PATH,PORT-D42DEB3BDB60,CAND-B90A406E3BDA97,P2,PORT-D42DEB3BDB60,364.533852,12464.679,34.193476,False,False,2040,6.849092049999999,-6.849092049999999,True,True,True,True,,0.0,0.0,0.0,3,3,0.367028224,0.65,1.38,P2,지연·부분헤지,False,20893.0,2035,9270.0,35.835772,13063.352,13063.352,19022.261,364.533852,35.835772,88.771199,35257.112,32360.107,38319.016,19296.755,2760.106,-136.899,0.0,52.182426,16.346655,43.782921,7.94715,0.0,0.0,0.0,0.0,0.0,364.533852,19022.261,4.496988,8.046921,10543.558,1278.266,8902.154,14573.092,46.439,-19296.755,-3122.431,139.03,100,True,16.551205
POSCO_KR,POSCO,KR,34.537,69.84605,DISCLOSED_PATH,DISCLOSED_PATH,PORT-58F96F629E32,CAND-149176B54DA5B1,P2,PORT-58F96F629E32,243.51423,11568.344,47.505822,True,True,,0.0,2.0275124185786808e-05,True,True,True,True,,0.0,0.0,0.0,2,3,0.3395077120000001,0.65,1.22,P2,지연·부분헤지,False,18599.0,2037,9270.0,48.739359,11868.728,11868.728,15695.427,243.51423,48.739359,84.943355,22221.357,20684.916,24511.615,8816.188,1452.701,-83.74,-0.0,64.453838,15.714479,55.04881,6.309451,0.0,0.0,0.0,0.0,0.0,243.51423,15695.427,3.710503,6.639582,7076.304,976.907,4856.734,9232.917,30.21,-8816.188,-1486.091,-2.065,100,True,38.990565
POSCO_KR,POSCO,KR,34.537,69.84605,ACCELERATED_15C,DISCLOSED_PATH,PORT-58F96F629E32,CAND-149176B54DA5B1,P2,PORT-58F96F629E32,243.51423,8472.463,34.792476,False,False,2035,16.703997510000004,-16.703997510000004,True,True,True,True,,0.0,0.0,0.0,2,3,0.3395077120000001,0.65,1.22,P2,지연·부분헤지,False,18599.0,2037,9270.0,36.155736,8804.436,8804.436,12982.773,243.51423,36.155736,88.832173,23604.645,21631.898,25810.235,12827.462,1992.323,19.576,-0.0,53.314228,17.158492,44.256894,8.101158,0.0,0.0,0.0,0.0,0.0,243.51423,12982.773,3.069214,5.492057,7076.304,976.907,5401.953,10181.998,31.934,-12827.462,-2043.614,6.416,100,True,16.871169
POSCO_KR,POSCO,KR,34.537,69.84605,DISCLOSED_PATH,DISCLOSED_PATH,PORT-D42DEB3BDB60,CAND-12C017BA38B922,P1,PORT-D42DEB3BDB60,364.533852,17342.261,47.573801,True,True,,0.0,2.0275124185786808e-05,True,True,True,True,,0.0,0.0,0.0,3,3,0.367028224,0.65,1.38,P1,지연·현물조달,False,20893.0,2035,9270.0,49.696618,18116.1,18116.1,24463.213,364.533852,49.696618,86.008388,33036.667,31352.969,37700.083,13236.869,1615.547,-68.151,0.0,67.108207,17.411589,54.315387,4.618769,0.0,0.0,0.0,0.0,0.0,364.533852,24463.213,5.783266,10.348588,9248.551,1278.266,8119.015,14453.528,0.0,-13236.869,-1693.029,-53.362,100,True,39.947824
POSCO_KR,POSCO,KR,34.537,69.84605,ACCELERATED_15C,DISCLOSED_PATH,PORT-D42DEB3BDB60,CAND-12C017BA38B922,P1,PORT-D42DEB3BDB60,364.533852,12921.569,35.446828,False,False,2040,6.849092049999999,-6.849092049999999,True,True,True,True,,0.0,0.0,0.0,3,3,0.367028224,0.65,1.38,P1,지연·현물조달,False,20893.0,2035,9270.0,37.196798,13559.492,13559.492,20531.807,364.533852,37.196798,90.132225,35330.072,32856.247,39828.563,19296.755,2184.846,-288.979,0.0,56.323458,19.126661,43.983067,6.786269,0.0,0.0,0.0,0.0,0.0,364.533852,20531.807,4.853855,8.685499,9328.544,1278.266,9314.556,15107.36,0.0,-19296.755,-2301.298,128.819,100,True,17.912231
POSCO_KR,POSCO,KR,34.537,69.84605,DISCLOSED_PATH,DISCLOSED_PATH,PORT-58F96F629E32,CAND-92409F72DEE5B3,P1,PORT-58F96F629E32,243.51423,11754.995,48.272311,True,True,,0.0,2.0275124185786808e-05,True,True,True,True,,0.0,0.0,0.0,2,3,0.3395077120000001,0.65,1.22,P1,지연·현물조달,False,18599.0,2037,9270.0,49.595168,12077.129,12077.129,16538.845,243.51423,49.595168,85.799164,22249.413,20893.317,25355.033,8816.188,1241.3,-114.796,-0.0,67.917367,18.322199,55.164024,5.568855,0.0,0.0,0.0,0.0,0.0,243.51423,16538.845,3.909893,6.99637,7867.591,976.907,4775.005,8659.19,0.0,-8816.188,-1394.566,9.19,100,True,39.846374
POSCO_KR,POSCO,KR,34.537,69.84605,ACCELERATED_15C,DISCLOSED_PATH,PORT-58F96F629E32,CAND-92409F72DEE5B3,P1,PORT-58F96F629E32,243.51423,8756.601,35.959299,False,False,2035,16.703997510000004,-16.703997510000004,True,True,True,True,,0.0,0.0,0.0,2,3,0.3395077120000001,0.65,1.22,P1,지연·현물조달,False,18599.0,2037,9270.0,37.607189,9157.886,9157.886,14028.317,243.51423,37.607189,90.283626,23618.843,21985.348,26855.779,12827.462,1682.221,48.726,-0.0,57.607793,20.000604,44.315196,6.708007,0.0,0.0,0.0,0.0,0.0,243.51423,14028.317,3.316387,5.93435,7111.638,976.907,5328.199,10244.743,0.0,-12827.462,-1709.34,33.2,100,True,18.322622
POSCO_KR,POSCO,KR,34.537,69.84605,DISCLOSED_PATH,DISCLOSED_PATH,PORT-0DA980ACBA29,CAND-C5C95C9095B035,P2,PORT-0DA980ACBA29,365.583855,18887.64,51.664318,True,True,,0.0,2.0275124185786808e-05,True,True,True,True,,0.0,0.0,0.0,2,3,0.3670282239999999,0.65,1.38,P2,지연·부분헤지,False,19907.0,2032,6660.0,54.235201,19827.514,19827.514,25889.587,365.583855,54.235201,90.556593,35202.483,33106.028,39168.101,13278.514,1949.281,-147.174,0.0,70.817096,16.581895,59.969739,5.734538,0.0,0.0,0.0,0.0,0.0,365.583855,25889.587,6.12047,10.951982,8767.19,1313.09,8448.202,16567.006,45.257,-13278.514,-1942.65,-92.066,100,True,44.486407
POSCO_KR,POSCO,KR,34.537,69.84605,ACCELERATED_15C,DISCLOSED_PATH,PORT-0DA980ACBA29,CAND-C5C95C9095B035,P2,PORT-0DA980ACBA29,365.583855,14334.531,39.209968,False,False,2040,7.524091650000003,-7.524091650000003,True,True,True,True,,0.0,0.0,0.0,2,3,0.3670282239999999,0.65,1.38,P2,지연·부분헤지,False,19907.0,2032,6660.0,42.106455,15393.44,15393.44,22008.427,365.583855,42.106455,95.037555,37388.614,34744.196,41359.183,19350.756,2682.083,37.665,0.0,60.200763,18.094308,49.339866,7.233411,0.0,0.0,0.0,0.0,0.0,365.583855,22008.427,5.202938,9.310148,7716.638,1313.09,9745.327,18296.426,47.935,-19350.756,-2435.806,60.586,100,True,22.821888
POSCO_KR,POSCO,KR,34.537,69.84605,DISCLOSED_PATH,DISCLOSED_PATH,PORT-34425DFA5633,CAND-7D54A929A881B5,P2,PORT-34425DFA5633,330.911223,17221.64,52.043083,True,True,,0.0,2.0275124185786808e-05,True,True,True,True,,0.0,0.0,0.0,3,3,0.3670282239999999,0.65,1.3800000000000001,P2,지연·부분헤지,False,21792.0,2035,9270.0,53.392074,17668.036,17668.036,22975.357,330.911223,53.392074,89.601958,31670.108,29650.293,34957.614,11982.257,1997.438,-22.376,0.0,69.430575,16.038502,59.495869,6.103795,0.0,0.0,0.0,0.0,0.0,330.911223,22975.357,5.431526,9.719185,10030.342,1199.255,7365.049,13117.606,42.376,-11982.257,-2072.13,-32.204,100,True,43.64328
POSCO_KR,POSCO,KR,34.537,69.84605,ACCELERATED_15C,DISCLOSED_PATH,PORT-34425DFA5633,CAND-7D54A929A881B5,P2,PORT-34425DFA5633,330.911223,13089.916,39.557184,False,False,2040,2.9297482850000023,-2.9297482850000023,True,True,True,True,,0.0,0.0,0.0,3,3,0.3670282239999999,0.65,1.3800000000000001,P2,지연·부분헤지,False,21792.0,2035,9270.0,40.464304,13390.092,13390.092,19122.496,330.911223,40.464304,93.341202,33773.682,30887.651,36620.055,17497.559,2750.454,-135.576,-0.0,57.787391,17.323087,49.185769,8.721465,0.0,0.0,0.0,0.0,0.0,330.911223,19122.496,4.520685,8.089323,10030.342,1199.255,8189.943,14309.497,44.886,-17497.559,-2822.509,-63.762,100,True,21.179737
POSCO_KR,POSCO,KR,34.537,69.84605,DISCLOSED_PATH,DISCLOSED_PATH,PORT-0DA980ACBA29,CAND-3C2E939294CFA6,P1,PORT-0DA980ACBA29,365.583855,19248.016,52.650071,True,True,,0.0,2.0275124185786808e-05,True,True,True,True,,0.0,0.0,0.0,2,3,0.3670282239999999,0.65,1.38,P1,지연·현물조달,False,19907.0,2032,6660.0,55.646696,20343.534,20343.534,27365.348,365.583855,55.646696,91.968088,35301.141,33622.048,40643.862,13278.514,1532.156,-146.938,0.0,74.853819,19.207123,60.239605,4.592909,0.0,0.0,0.0,0.0,0.0,365.583855,27365.348,6.469349,11.576268,7625.213,1313.09,8876.553,17032.556,0.0,-13278.514,-1314.014,88.651,100,True,45.897902
POSCO_KR,POSCO,KR,34.537,69.84605,ACCELERATED_15C,DISCLOSED_PATH,PORT-0DA980ACBA29,CAND-3C2E939294CFA6,P1,PORT-0DA980ACBA29,365.583855,14877.424,40.69497,False,False,2040,7.524091650000003,-7.524091650000003,True,True,True,True,,0.0,0.0,0.0,2,3,0.3670282239999999,0.65,1.38,P1,지연·현물조달,False,19907.0,2032,6660.0,44.102928,16123.319,16123.319,23814.003,365.583855,44.102928,97.034028,37480.32,35474.074,43164.758,19350.756,2069.575,63.329,0.0,65.139645,21.036717,49.590714,5.487786,0.0,0.0,0.0,0.0,0.0,365.583855,23814.003,5.629788,10.073955,7625.213,1313.09,9847.513,18408.343,0.0,-19350.756,-1772.712,52.628,100,True,24.818361
POSCO_KR,POSCO,KR,34.537,69.84605,DISCLOSED_PATH,DISCLOSED_PATH,PORT-34425DFA5633,CAND-2775122CBD1438,P1,PORT-34425DFA5633,330.911223,17524.843,52.959349,True,True,,0.0,2.0275124185786808e-05,True,True,True,True,,0.0,0.0,0.0,3,3,0.3670282239999999,0.65,1.3800000000000001,P1,지연·현물조달,False,21792.0,2035,9270.0,54.437195,18013.879,18013.879,24153.799,330.911223,54.437195,90.647079,31734.835,29996.136,36136.056,11982.257,1617.4,-121.299,0.0,72.991779,18.554584,59.691473,5.254278,0.0,0.0,0.0,0.0,0.0,330.911223,24153.799,5.710118,10.217697,10474.107,1199.255,6925.139,13300.4,0.0,-11982.257,-1949.158,46.393,100,True,44.688401
POSCO_KR,POSCO,KR,34.537,69.84605,ACCELERATED_15C,DISCLOSED_PATH,PORT-34425DFA5633,CAND-2775122CBD1438,P1,PORT-34425DFA5633,330.911223,13548.406,40.942722,False,False,2040,2.9297482850000023,-2.9297482850000023,True,True,True,True,,0.0,0.0,0.0,3,3,0.3670282239999999,0.65,1.3800000000000001,P1,지연·현물조달,False,21792.0,2035,9270.0,41.881655,13859.11,13859.11,20574.865,330.911223,41.881655,94.758553,33818.09,31356.669,38072.425,17497.559,2186.047,-275.373,-0.0,62.176391,20.294736,49.319967,7.438312,0.0,0.0,0.0,0.0,0.0,330.911223,20574.865,4.864034,8.703714,9294.187,1199.255,7972.598,15107.36,0.0,-17497.559,-2293.318,76.587,100,True,22.597088
POSCO_KR,POSCO,KR,34.537,69.84605,DISCLOSED_PATH,DISCLOSED_PATH,PORT-B0374F687394,CAND-0F7926E25C7DDC,P2,PORT-B0374F687394,338.051243,18922.063,55.973948,True,True,,0.0,2.0275124185786808e-05,True,True,True,True,,0.0,0.0,0.0,2,3,0.3670282239999999,0.65,1.38,P2,지연·부분헤지,False,19907.0,2032,6660.0,58.750038,19860.523,19860.523,25426.336,338.051243,58.750038,95.032832,34115.353,32125.967,37691.78,12265.444,1926.076,-63.31,0.0,75.214444,16.464406,64.634903,5.884865,0.0,0.0,0.0,0.0,0.0,338.051243,25426.336,6.010954,10.756015,9620.103,1258.952,7361.691,15826.748,43.728,-12265.444,-2069.887,84.632,100,True,49.001244
POSCO_KR,POSCO,KR,34.537,69.84605,ACCELERATED_15C,DISCLOSED_PATH,PORT-B0374F687394,CAND-0F7926E25C7DDC,P2,PORT-B0374F687394,338.051243,14765.954,43.679633,False,False,2035,7.519745565000001,-7.519745565000001,True,True,True,True,,0.0,0.0,0.0,2,3,0.3670282239999999,0.65,1.38,P2,지연·부분헤지,False,19907.0,2032,6660.0,46.431497,15696.225,15696.225,21974.37,338.051243,46.431497,99.277807,36202.068,33560.986,39839.131,17864.761,2663.462,22.381,0.0,65.003075,18.571578,54.244164,7.812667,0.0,0.0,0.0,0.0,0.0,338.051243,21974.37,5.194887,9.295741,8573.732,1258.952,8546.724,17942.521,46.275,-17864.761,-2626.97,-180.249,100,True,27.14693
POSCO_KR,POSCO,KR,34.537,69.84605,DISCLOSED_PATH,DISCLOSED_PATH,PORT-B0374F687394,CAND-688976C946D330,P1,PORT-B0374F687394,338.051243,19283.901,57.044313,True,True,,0.0,2.0275124185786808e-05,True,True,True,True,,0.0,0.0,0.0,2,3,0.3670282239999999,0.65,1.38,P1,지연·현물조달,False,19907.0,2032,6660.0,60.184866,20345.569,20345.569,26811.691,338.051243,60.184866,96.467661,34206.154,32611.013,39077.134,12265.444,1501.199,-93.943,0.0,79.312504,19.127638,64.903506,4.718639,0.0,0.0,0.0,0.0,0.0,338.051243,26811.691,6.338461,11.342056,8613.171,1258.952,7710.792,16630.836,0.0,-12265.444,-1490.492,-112.248,100,True,50.436072
POSCO_KR,POSCO,KR,34.537,69.84605,ACCELERATED_15C,DISCLOSED_PATH,PORT-B0374F687394,CAND-688976C946D330,P1,PORT-B0374F687394,338.051243,15310.418,45.290228,False,False,2035,7.519745565000001,-7.519745565000001,True,True,True,True,,0.0,0.0,0.0,2,3,0.3670282239999999,0.65,1.38,P1,지연·현물조달,False,19907.0,2032,6660.0,48.559167,16415.487,16415.487,23736.005,338.051243,48.559167,101.405477,36299.063,34280.247,41600.766,17864.761,2028.605,9.79,0.0,70.214222,21.655055,54.531089,5.971921,0.0,0.0,0.0,0.0,0.0,338.051243,23736.005,5.611349,10.04096,8613.171,1258.952,8587.944,18015.116,0.0,-17864.761,-2011.897,-183.038,100,True,29.2746
POSCO_KR,POSCO,KR,34.537,69.84605,DISCLOSED_PATH,DISCLOSED_PATH,PORT-39601EAF8865,CAND-E5548226AF9F6B,P2,PORT-39601EAF8865,193.924259,11348.272,58.519093,True,True,,0.0,2.0275124185786808e-05,True,True,True,True,,0.0,0.0,0.0,2,3,0.33950771199999996,0.65,1.2200000000000002,P2,지연·부분헤지,False,19250.0,2037,9270.0,59.855717,11607.476,11607.476,15236.473,193.924259,59.855717,95.966731,20079.232,18610.277,22239.275,7002.802,1411.886,-57.068,0.0,78.569195,18.713478,67.430605,7.574888,0.0,0.0,0.0,0.0,0.0,193.924259,15236.473,3.602003,6.445432,7428.315,844.557,3246.779,8668.39,27.223,-7002.802,-1530.157,-74.829,100,True,50.106923
POSCO_KR,POSCO,KR,34.537,69.84605,ACCELERATED_15C,DISCLOSED_PATH,PORT-39601EAF8865,CAND-E5548226AF9F6B,P2,PORT-39601EAF8865,193.924259,8841.378,45.591914,False,False,2030,13.94899577,-13.94899577,True,True,True,True,,0.0,0.0,0.0,2,3,0.33950771199999996,0.65,1.2200000000000002,P2,지연·부분헤지,False,19250.0,2037,9270.0,46.442094,9006.249,9006.249,12939.077,193.924259,46.442094,99.648017,21401.017,19324.168,23256.996,10317.919,1932.65,-144.199,0.0,66.722322,20.280228,57.151682,10.709588,0.0,0.0,0.0,0.0,0.0,193.924259,12939.077,3.058883,5.473573,5822.074,844.557,4010.316,10300.749,28.772,-10317.919,-1730.351,48.052,100,True,27.157527
POSCO_KR,POSCO,KR,34.537,69.84605,DISCLOSED_PATH,DISCLOSED_PATH,PORT-CA761749FFB1,CAND-C8332513BB985B,P2,PORT-CA761749FFB1,287.411269,16854.855,58.643683,True,True,,0.0,2.0275124185786808e-05,True,True,True,True,,0.0,0.0,0.0,3,3,0.3670282239999999,0.65,1.3800000000000001,P2,지연·부분헤지,False,21544.0,2035,9270.0,60.182392,17297.098,17297.098,22496.744,287.411269,60.182392,96.4037,29661.303,27707.51,32907.156,10410.412,1914.764,-39.029,0.0,78.273702,18.091311,66.98029,6.797899,0.0,0.0,0.0,0.0,0.0,287.411269,22496.744,5.318379,9.516719,8968.94,1091.778,5739.913,13842.613,39.272,-10410.412,-1980.616,5.61,100,True,50.433598
POSCO_KR,POSCO,KR,34.537,69.84605,ACCELERATED_15C,DISCLOSED_PATH,PORT-CA761749FFB1,CAND-C8332513BB985B,P2,PORT-CA761749FFB1,287.411269,13265.017,46.153435,False,False,2030,5.470451711490618,-5.470451711490618,True,True,True,True,,0.0,0.0,0.0,3,3,0.3670282239999999,0.65,1.3800000000000001,P2,지연·부분헤지,False,21544.0,2035,9270.0,47.505334,13653.568,13653.568,19257.602,287.411269,47.505334,100.743391,31657.989,28954.786,34558.819,15301.218,2652.526,-50.677,0.0,67.003642,19.498308,56.910683,9.405349,0.0,0.0,0.0,0.0,0.0,287.411269,19257.602,4.552625,8.146476,9194.394,1091.778,6981.26,14357.147,41.617,-15301.218,-2690.56,-20.85,100,True,28.220767
POSCO_KR,POSCO,KR,34.537,69.84605,DISCLOSED_PATH,DISCLOSED_PATH,PORT-8378A8ACBA64,CAND-CD94A69F094896,P2,PORT-8378A8ACBA64,275.793845,16365.727,59.340437,True,True,,0.0,2.0275124185786808e-05,True,True,True,True,,0.0,0.0,0.0,3,3,0.3395077120000001,0.65,1.22,P2,지연·부분헤지,False,18599.0,2035,9270.0,60.983034,16818.745,16818.745,21716.787,275.793845,60.983034,97.256236,28661.989,26822.671,31720.713,10003.926,1716.349,-122.969,0.0,78.742828,17.759795,67.652208,6.669175,0.0,0.0,0.0,0.0,0.0,275.793845,21716.787,5.133992,9.186777,6022.792,1106.836,6476.636,14667.798,36.992,-10003.926,-1476.039,-12.344,100,True,51.23424
POSCO_KR,POSCO,KR,34.537,69.84605,ACCELERATED_15C,DISCLOSED_PATH,PORT-8378A8ACBA64,CAND-CD94A69F094896,P2,PORT-8378A8ACBA64,275.793845,13096.798,47.487635,False,False,2040,16.709092920000007,-16.709092920000007,True,True,True,True,,0.0,0.0,0.0,3,3,0.3395077120000001,0.65,1.22,P2,지연·부분헤지,False,18599.0,2035,9270.0,48.718768,13436.336,13436.336,18947.68,275.793845,48.718768,101.546861,30483.094,28005.999,33517.343,14569.663,2351.123,-125.972,-0.0,68.70233,19.983563,57.700459,8.981691,0.0,0.0,0.0,0.0,0.0,275.793845,18947.68,4.479357,8.015371,7636.083,1106.836,6555.076,15103.194,39.226,-14569.663,-2406.735,-27.68,100,True,29.434201
POSCO_KR,POSCO,KR,34.537,69.84605,DISCLOSED_PATH,DISCLOSED_PATH,PORT-39601EAF8865,CAND-2EAFEFF65EF371,P1,PORT-39601EAF8865,193.924259,11537.636,59.495579,True,True,,0.0,2.0275124185786808e-05,True,True,True,True,,0.0,0.0,0.0,2,3,0.33950771199999996,0.65,1.2200000000000002,P1,지연·현물조달,False,19250.0,2037,9270.0,60.908303,11811.598,11811.598,16004.462,193.924259,60.908303,97.019317,20094.74,18814.399,23007.264,7002.802,1201.311,-79.03,-0.0,82.529449,21.621145,67.510575,6.602271,0.0,0.0,0.0,0.0,0.0,193.924259,16004.462,3.783561,6.770312,7530.483,844.557,3202.109,8659.19,0.0,-7002.802,-1335.844,-86.096,100,True,51.159509
POSCO_KR,POSCO,KR,34.537,69.84605,ACCELERATED_15C,DISCLOSED_PATH,PORT-39601EAF8865,CAND-2EAFEFF65EF371,P1,PORT-39601EAF8865,193.924259,9128.594,47.072986,False,False,2030,13.94899577,-13.94899577,True,True,True,True,,0.0,0.0,0.0,2,3,0.33950771199999996,0.65,1.2200000000000002,P1,지연·현물조달,False,19250.0,2037,9270.0,48.054899,9319.011,9319.011,13843.18,193.924259,48.054899,101.260821,21406.968,19636.93,24161.099,10317.919,1629.091,-140.948,0.0,71.384465,23.329566,57.182372,9.127473,0.0,0.0,0.0,0.0,0.0,193.924259,13843.18,3.272619,5.856032,5723.462,844.557,4020.089,10376.689,0.0,-10317.919,-1356.292,28.425,100,True,28.770332
POSCO_KR,POSCO,KR,34.537,69.84605,DISCLOSED_PATH,DISCLOSED_PATH,PORT-CA761749FFB1,CAND-19C362AB4D3239,P1,PORT-CA761749FFB1,287.411269,17160.787,59.708122,True,True,,0.0,2.0275124185786808e-05,True,True,True,True,,0.0,0.0,0.0,3,3,0.3670282239999999,0.65,1.3800000000000001,P1,지연·현물조달,False,21544.0,2035,9270.0,61.460118,17664.331,17664.331,23640.952,287.411269,61.460118,97.681427,29691.54,28074.743,34051.364,10410.412,1521.457,-95.339,0.0,82.254784,20.794665,67.085495,5.625377,0.0,0.0,0.0,0.0,0.0,287.411269,23640.952,5.588877,10.000749,9040.54,1091.778,5731.366,13847.675,0.0,-10410.412,-1650.433,13.816,100,True,51.711324
POSCO_KR,POSCO,KR,34.537,69.84605,ACCELERATED_15C,DISCLOSED_PATH,PORT-CA761749FFB1,CAND-19C362AB4D3239,P1,PORT-CA761749FFB1,287.411269,13726.556,47.759282,False,False,2030,5.470451711490618,-5.470451711490618,True,True,True,True,,0.0,0.0,0.0,3,3,0.3670282239999999,0.65,1.3800000000000001,P1,지연·현물조달,False,21544.0,2035,9270.0,49.306941,14171.37,14171.37,20686.643,287.411269,49.306941,102.544998,31701.24,29472.588,35987.861,15301.218,2056.509,-172.143,-0.0,71.975756,22.668815,57.061166,7.754226,0.0,0.0,0.0,0.0,0.0,287.411269,20686.643,4.890459,8.750999,8546.474,1091.778,6790.136,15082.832,0.0,-15301.218,-2054.377,15.745,100,True,30.022374
POSCO_KR,POSCO,KR,34.537,69.84605,DISCLOSED_PATH,DISCLOSED_PATH,PORT-7ED23B40E316,CAND-466C04961ED513,P2,PORT-7ED23B40E316,414.904229,13064.613,31.488261,True,False,,0.0,2.0275124185786808e-05,False,False,True,True,2035,4.530597659999998,0.0,0.0,2,3,0.3934020479999999,0.65,1.54,P2,지연·부분헤지,False,24086.0,2037,9270.0,32.712705,13572.64,13572.64,18744.806,414.904229,32.712705,68.963319,30657.302,28613.173,33785.339,15040.533,2110.375,66.246,-0.0,45.178633,12.465928,37.639455,4.926749,0.0,0.0,0.0,0.0,0.0,414.904229,18744.806,4.431396,7.92955,9140.192,1294.893,10782.014,9228.978,43.918,-15040.533,-1866.705,-10.118,100,True,22.963911
POSCO_KR,POSCO,KR,34.537,69.84605,ACCELERATED_15C,DISCLOSED_PATH,PORT-7ED23B40E316,CAND-466C04961ED513,P2,PORT-7ED23B40E316,414.904229,7402.041,17.84036,True,True,,0.0,2.0275124185786808e-05,True,True,True,True,,0.0,0.0,0.0,2,3,0.3934020479999999,0.65,1.54,P2,지연·부분헤지,False,24086.0,2037,9270.0,19.284567,8001.248,8001.248,13444.673,414.904229,19.284567,72.232799,32667.415,29969.694,35413.119,21968.445,2866.166,168.445,0.0,32.404281,13.119714,25.7866,6.502033,0.0,0.0,0.0,0.0,0.0,414.904229,13444.673,3.17841,5.687453,12148.56,1294.893,10383.79,9280.227,46.468,-21968.445,-3131.257,-52.987,100,True,0.0
POSCO_KR,POSCO,KR,34.537,69.84605,DISCLOSED_PATH,DISCLOSED_PATH,PORT-7ED23B40E316,CAND-7BC738434560A6,P1,PORT-7ED23B40E316,414.904229,13238.755,31.907979,True,False,,0.0,2.0275124185786808e-05,False,False,True,True,2035,4.530597659999998,0.0,0.0,2,3,0.3934020479999999,0.65,1.54,P1,지연·현물조달,False,24086.0,2037,9270.0,33.429137,13869.89,13869.89,19743.977,414.904229,33.429137,69.67975,30714.945,28910.423,34784.51,15040.533,1862.436,57.914,0.0,47.586831,14.157695,37.778386,4.34925,0.0,0.0,0.0,0.0,0.0,414.904229,19743.977,4.667607,8.352226,9219.071,1294.893,10560.338,9427.842,0.0,-15040.533,-1609.113,17.392,100,True,23.680343
POSCO_KR,POSCO,KR,34.537,69.84605,ACCELERATED_15C,DISCLOSED_PATH,PORT-7ED23B40E316,CAND-7BC738434560A6,P1,PORT-7ED23B40E316,414.904229,7673.246,18.494018,True,True,,0.0,2.0275124185786808e-05,True,True,True,True,,0.0,0.0,0.0,2,3,0.3934020479999999,0.65,1.54,P1,지연·현물조달,False,24086.0,2037,9270.0,20.090727,8335.728,8335.728,14733.614,414.904229,20.090727,73.03896,32755.376,30304.173,36702.059,21968.445,2510.626,59.423,0.0,35.510879,15.420152,25.998603,5.907876,0.0,0.0,0.0,0.0,0.0,414.904229,14733.614,3.483124,6.232709,12387.143,1294.893,10290.278,9242.775,0.0,-21968.445,-2879.839,-31.076,100,True,0.80616
POSCO_KR,POSCO,KR,34.537,69.84605,DISCLOSED_PATH,DISCLOSED_PATH,PORT-7827D72F6A22,CAND-BEF797E7835E02,P2,PORT-7827D72F6A22,419.651231,17896.418,42.645933,True,False,,0.0,2.0275124185786808e-05,False,False,True,True,2037,3.1582950799999985,0.0,0.0,3,3,0.3934020479999999,0.65,1.54,P2,지연·부분헤지,False,24086.0,2035,9270.0,44.539173,18690.919,18690.919,24529.219,419.651231,44.539173,80.795948,36288.677,33906.119,39744.419,15215.2,2297.502,-85.056,0.0,58.45144,13.912267,50.216646,5.677472,0.0,0.0,0.0,0.0,0.0,419.651231,24529.219,5.79887,10.37651,12044.788,1370.685,9744.277,13117.606,49.172,-15215.2,-2423.9,3.491,100,True,34.790379
POSCO_KR,POSCO,KR,34.537,69.84605,ACCELERATED_15C,DISCLOSED_PATH,PORT-7827D72F6A22,CAND-BEF797E7835E02,P2,PORT-7827D72F6A22,419.651231,12457.798,29.686075,True,True,,0.0,2.0275124185786808e-05,True,True,True,True,,0.0,0.0,0.0,3,3,0.3934020479999999,0.65,1.54,P2,지연·부분헤지,False,24086.0,2035,9270.0,30.911107,12971.884,12971.884,19479.991,419.651231,30.911107,83.870922,38589.04,35196.535,41704.642,22224.651,3142.97,-249.535,0.0,46.419478,15.508371,38.995212,8.084106,0.0,0.0,0.0,0.0,0.0,419.651231,19479.991,4.605199,8.240553,12120.273,1370.685,10439.914,14573.092,52.1,-22224.651,-3489.416,129.888,100,True,11.62654
POSCO_KR,POSCO,KR,34.537,69.84605,DISCLOSED_PATH,DISCLOSED_PATH,PORT-7827D72F6A22,CAND-BBFDE735F87B40,P1,PORT-7827D72F6A22,419.651231,18193.375,43.35356,True,False,,0.0,2.0275124185786808e-05,False,False,True,True,2037,3.1582950799999985,0.0,0.0,3,3,0.3934020479999999,0.65,1.54,P1,지연·현물조달,False,24086.0,2035,9270.0,45.447312,19072.021,19072.021,25827.47,419.651231,45.447312,81.704087,36363.611,34287.221,41042.67,15215.2,1927.254,-149.136,0.0,61.545082,16.09777,50.395207,4.947895,0.0,0.0,0.0,0.0,0.0,419.651231,25827.47,6.105785,10.925705,14127.391,1370.685,9827.257,11515.13,0.0,-15215.2,-2559.344,6.102,100,True,35.698518
POSCO_KR,POSCO,KR,34.537,69.84605,ACCELERATED_15C,DISCLOSED_PATH,PORT-7827D72F6A22,CAND-BBFDE735F87B40,P1,PORT-7827D72F6A22,419.651231,12909.807,30.763182,True,True,,0.0,2.0275124185786808e-05,True,True,True,True,,0.0,0.0,0.0,3,3,0.3934020479999999,0.65,1.54,P1,지연·현물조달,False,24086.0,2035,9270.0,32.068216,13457.466,13457.466,21085.388,419.651231,32.068216,85.028031,38677.237,35682.118,43310.039,22224.651,2598.141,-396.979,0.0,50.245028,18.176812,39.205379,7.137163,0.0,0.0,0.0,0.0,0.0,419.651231,21085.388,4.984725,8.919678,12244.376,1370.685,10854.918,14225.475,0.0,-22224.651,-2861.537,-151.798,100,True,12.783649
POSCO_KR,POSCO,KR,34.537,69.84605,DISCLOSED_PATH,DISCLOSED_PATH,PORT-08632101CCF5,CAND-2FCEDED2C189C1,P4,PORT-08632101CCF5,488.606259,30730.025,62.893229,True,False,,0.0,2.0275124185786808e-05,False,False,True,True,2036,0.0,0.0,0.063446895000002,3,3,0.459336608,0.65,2.02,P4,균형형 전환,False,27588.0,2036,9270.0,64.443336,31487.417,31487.417,36736.777,488.606259,64.443336,100.697778,54686.386,49201.565,54450.925,17714.147,5459.029,-25.792,0.0,75.186875,10.743538,75.668778,11.225441,0.0,0.0,0.0,0.0,0.0,488.606259,36736.777,8.684817,15.540631,14850.992,1771.894,10614.22,27308.627,487.568,-17714.147,-5697.789,-133.948,100,True,54.694542
POSCO_KR,POSCO,KR,34.537,69.84605,ACCELERATED_15C,DISCLOSED_PATH,PORT-08632101CCF5,CAND-2FCEDED2C189C1,P4,PORT-08632101CCF5,488.606259,24223.062,49.575832,True,True,,0.0,2.0275124185786808e-05,True,True,True,True,,0.0,0.0,0.0,3,3,0.459336608,0.65,2.02,P4,균형형 전환,False,27588.0,2036,9270.0,51.021333,24929.342,24929.342,30478.145,488.606259,51.021333,103.804748,58354.658,50719.649,56268.452,25790.307,7691.511,56.502,0.0,62.377721,11.356388,66.64743,15.626097,0.0,0.0,0.0,0.0,0.0,488.606259,30478.145,7.205235,12.893063,12558.504,1771.894,12446.586,30920.322,522.273,-25790.307,-7507.993,8.063,100,True,31.736766
POSCO_KR,POSCO,KR,34.537,69.84605,DISCLOSED_PATH,DISCLOSED_PATH,PORT-2038E8D6C481,CAND-9DAADB965AABF6,P2,PORT-2038E8D6C481,428.201226,29256.785,68.324851,True,False,,0.0,2.0275124185786808e-05,False,False,True,True,2029,4.583295980000006,0.04299987899999996,0.0,2,3,0.3934020479999999,0.65,1.5399999999999998,P2,지연·부분헤지,False,23372.0,2029,7380.0,71.351165,30552.656,30552.656,38486.547,428.201226,71.351165,107.614146,49002.624,46080.509,54014.4,15527.853,2682.912,-239.202,-0.0,89.879581,18.528416,78.175326,6.824161,0.0,0.0,0.0,0.0,0.0,428.201226,38486.547,9.098474,16.28083,12572.14,1555.976,7972.948,26850.643,61.068,-15527.853,-2946.844,14.579,100,True,61.602371
POSCO_KR,POSCO,KR,34.537,69.84605,ACCELERATED_15C,DISCLOSED_PATH,PORT-2038E8D6C481,CAND-9DAADB965AABF6,P2,PORT-2038E8D6C481,428.201226,24038.613,56.138591,True,True,,0.0,2.0275124185786808e-05,True,True,True,True,,0.0,0.0,0.0,2,3,0.3934020479999999,0.65,1.5399999999999998,P2,지연·부분헤지,False,23372.0,2029,7380.0,58.376934,24997.075,24997.075,33782.58,428.201226,58.376934,111.289747,51669.171,47654.406,56439.912,22657.331,3694.468,-320.297,-0.0,78.89417,20.517236,67.752819,9.375885,0.0,0.0,0.0,0.0,0.0,428.201226,33782.58,7.986426,14.290927,12572.14,1555.976,8834.807,28564.448,64.496,-22657.331,-4050.091,112.629,100,True,39.092367
POSCO_KR,POSCO,KR,34.537,69.84605,DISCLOSED_PATH,DISCLOSED_PATH,PORT-2038E8D6C481,CAND-25E596C7BBF514,P1,PORT-2038E8D6C481,428.201226,29861.829,69.737841,True,False,,0.0,2.0275124185786808e-05,False,False,True,True,2029,4.583295980000006,0.04299987899999996,0.0,2,3,0.3934020479999999,0.65,1.5399999999999998,P1,지연·현물조달,False,23372.0,2029,7380.0,73.064116,31286.144,31286.144,40551.772,428.201226,73.064116,109.327097,49089.78,46813.997,56079.625,15527.853,1986.389,-289.394,-0.0,94.702607,21.638491,78.378868,5.314752,0.0,0.0,0.0,0.0,0.0,428.201226,40551.772,9.586707,17.154475,12812.604,1555.976,7732.661,26970.805,0.0,-15527.853,-2286.16,28.11,100,True,63.315322
POSCO_KR,POSCO,KR,34.537,69.84605,ACCELERATED_15C,DISCLOSED_PATH,PORT-2038E8D6C481,CAND-25E596C7BBF514,P1,PORT-2038E8D6C481,428.201226,24946.989,58.259966,True,True,,0.0,2.0275124185786808e-05,True,True,True,True,,0.0,0.0,0.0,2,3,0.3934020479999999,0.65,1.5399999999999998,P1,지연·현물조달,False,23372.0,2029,7380.0,60.717984,25999.515,25999.515,36240.268,428.201226,60.717984,113.630796,51718.858,48656.846,58897.599,22657.331,2683.734,-378.278,-0.0,84.633732,23.915748,67.868855,7.150872,0.0,0.0,0.0,0.0,0.0,428.201226,36240.268,8.567439,15.330594,11367.201,1555.976,10880.394,27523.924,0.0,-22657.331,-2797.677,127.029,100,True,41.433417
POSCO_KR,POSCO,KR,34.537,69.84605,DISCLOSED_PATH,DISCLOSED_PATH,PORT-C9ABA0ED93B4,CAND-13A3A87B46A419,P4,PORT-C9ABA0ED93B4,496.681253,41390.925,83.334985,True,False,,0.0,2.0275124185786808e-05,False,False,True,True,2028,0.030599310000003044,0.16799987899999996,0.25344701500000255,2,3,0.45933660799999987,0.65,2.02,P4,균형형 전환,False,26874.0,2036,9270.0,85.636125,42533.858,42533.858,48726.864,496.681253,85.636125,121.885812,67458.656,60538.398,66731.404,18004.54,6867.414,-52.844,-0.0,98.104899,12.468774,99.569121,13.932996,0.0,0.0,0.0,0.0,0.0,496.681253,48726.864,11.519353,20.612756,13074.745,1961.418,10882.863,40846.158,595.859,-18004.54,-6839.082,16.437,100,True,75.887331
POSCO_KR,POSCO,KR,34.537,69.84605,ACCELERATED_15C,DISCLOSED_PATH,PORT-C9ABA0ED93B4,CAND-13A3A87B46A419,P4,PORT-C9ABA0ED93B4,496.681253,34558.76,69.579352,True,True,,0.0,2.0275124185786808e-05,True,True,True,True,,0.0,0.0,0.0,2,3,0.45933660799999987,0.65,2.02,P4,균형형 전환,False,26874.0,2036,9270.0,71.947423,35734.936,35734.936,42069.497,496.681253,71.947423,124.659589,71808.976,61916.081,68250.642,26181.144,9766.417,-126.478,0.0,84.701199,12.753775,91.865419,19.917996,0.0,0.0,0.0,0.0,0.0,496.681253,42069.497,9.945508,17.796513,13074.745,1961.418,12093.882,43948.117,634.378,-26181.144,-9761.931,-34.528,100,True,52.662856
POSCO_KR,POSCO,KR,34.537,69.84605,DISCLOSED_PATH,DISCLOSED_PATH,PORT-13C60822C05B,CAND-27EB06146B7A52,P3,PORT-13C60822C05B,437.704222,37480.183,85.629018,True,False,,0.0,2.0275124185786808e-05,False,False,True,True,2029,0.0,0.04299987899999996,0.0,2,3,0.45933660799999987,0.65,2.02,P3,균형형 라이트헤지,False,26874.0,2037,9270.0,88.317654,38657.01,38657.01,46391.997,437.704222,88.317654,124.572604,59390.174,54525.955,62260.942,15868.945,4824.454,-39.765,0.0,105.989375,17.671721,99.430683,11.113028,0.0,0.0,0.0,0.0,0.0,437.704222,46391.997,10.967375,19.625045,14184.343,1685.362,9274.827,34077.293,235.927,-15868.945,-4937.59,5.792,100,True,78.56886
POSCO_KR,POSCO,KR,34.537,69.84605,ACCELERATED_15C,DISCLOSED_PATH,PORT-13C60822C05B,CAND-27EB06146B7A52,P3,PORT-13C60822C05B,437.704222,32023.823,73.163158,True,True,,0.0,2.0275124185786808e-05,True,True,True,True,,0.0,0.0,0.0,2,3,0.45933660799999987,0.65,2.02,P3,균형형 라이트헤지,False,26874.0,2037,9270.0,76.316303,33403.968,33403.968,41732.076,437.704222,76.316303,129.233637,63186.88,56566.109,64894.217,23162.141,6781.882,161.111,0.0,95.343096,19.026794,91.442434,15.126131,0.0,0.0,0.0,0.0,0.0,437.704222,41732.076,9.865739,17.653775,13040.411,1685.362,10444.071,37778.196,250.661,-23162.141,-6801.948,169.356,100,True,57.031736
POSCO_KR,POSCO,KR,34.537,69.84605,DISCLOSED_PATH,DISCLOSED_PATH,PORT-13C60822C05B,CAND-9F98CFC8518527,P2,PORT-13C60822C05B,437.704222,38647.747,88.296491,True,False,,0.0,2.0275124185786808e-05,False,False,True,True,2029,0.0,0.04299987899999996,0.0,2,3,0.45933660799999987,0.65,2.02,P2,지연·부분헤지,False,26874.0,2037,9270.0,91.632843,40108.082,40108.082,49771.006,437.704222,91.632843,127.887793,59538.892,55977.027,65639.95,15868.945,3481.035,-80.83,0.0,113.70922,22.076377,99.77045,8.137607,0.0,0.0,0.0,0.0,0.0,437.704222,49771.006,11.766195,21.054455,14575.25,1685.362,9314.626,33988.677,73.135,-15868.945,-3695.487,35.463,100,True,81.884049
POSCO_KR,POSCO,KR,34.537,69.84605,ACCELERATED_15C,DISCLOSED_PATH,PORT-13C60822C05B,CAND-9F98CFC8518527,P2,PORT-13C60822C05B,437.704222,33794.436,77.208384,True,True,,0.0,2.0275124185786808e-05,True,True,True,True,,0.0,0.0,0.0,2,3,0.45933660799999987,0.65,2.02,P2,지연·부분헤지,False,26874.0,2037,9270.0,81.141067,35515.788,35515.788,46135.516,437.704222,81.141067,134.058402,63338.247,58677.929,69297.656,23162.141,4831.151,170.833,0.0,105.403405,24.262338,91.788253,10.647185,0.0,0.0,0.0,0.0,0.0,437.704222,46135.516,10.906741,19.516546,13167.334,1685.362,10509.116,37896.312,77.379,-23162.141,-4858.844,201.269,100,True,61.8565
POSCO_KR,POSCO,KR,34.537,69.84605,DISCLOSED_PATH,DISCLOSED_PATH,PORT-C68307188813,CAND-717F18DFAF78F1,P4,PORT-C68307188813,501.427506,46098.554,91.934633,True,False,,0.0,2.0275124185786808e-05,False,False,True,True,2028,0.0,0.16799987899999996,0.25374674500000083,3,3,0.45933660799999987,0.65,2.02,P4,균형형 전환,False,26874.0,2034,9270.0,94.405813,47337.672,47337.672,54350.708,501.427506,94.405813,130.661885,73047.471,65517.463,72530.5,18179.792,7506.743,-23.265,0.0,108.391955,13.986142,109.422955,15.017142,0.0,0.0,0.0,0.0,0.0,501.427506,54350.708,12.848867,22.991791,14447.692,2041.369,10489.944,45534.246,644.249,-18179.792,-7593.229,-46.81,100,True,84.657019
POSCO_KR,POSCO,KR,34.537,69.84605,ACCELERATED_15C,DISCLOSED_PATH,PORT-C68307188813,CAND-717F18DFAF78F1,P4,PORT-C68307188813,501.427506,39286.211,78.348736,True,True,,0.0,2.0275124185786808e-05,True,True,True,True,,0.0,0.0,0.0,3,3,0.45933660799999987,0.65,2.02,P4,균형형 전환,False,26874.0,2034,9270.0,80.843603,40537.206,40537.206,47645.907,501.427506,80.843603,133.566293,77694.832,66973.813,74082.514,26436.606,10699.231,-21.788,-0.0,95.02053,14.176927,102.224599,21.380995,0.0,0.0,0.0,0.0,0.0,501.427506,47645.907,11.263808,20.155482,14447.692,2041.369,11667.513,48937.825,686.108,-26436.606,-10813.794,7.1,100,True,61.559036
POSCO_KR,POSCO,KR,34.537,69.84605,DISCLOSED_PATH,DISCLOSED_PATH,PORT-13C60822C05B,CAND-78797020DAE1ED,P1,PORT-13C60822C05B,437.704222,39456.063,90.143208,True,False,,0.0,2.0275124185786808e-05,False,False,True,True,2029,0.0,0.04299987899999996,0.0,2,3,0.45933660799999987,0.65,2.02,P1,지연·현물조달,False,26874.0,2037,9270.0,94.029134,41156.949,41156.949,52311.938,437.704222,94.029134,130.284084,59689.365,57025.894,68180.883,15868.945,2579.899,-83.573,-0.0,119.514356,25.485222,100.114229,6.085094,0.0,0.0,0.0,0.0,0.0,437.704222,52311.938,12.366888,22.129337,13251.949,1685.362,9461.17,35175.007,0.0,-15868.945,-2625.5,77.906,100,True,84.28034
POSCO_KR,POSCO,KR,34.537,69.84605,ACCELERATED_15C,DISCLOSED_PATH,PORT-13C60822C05B,CAND-78797020DAE1ED,P1,PORT-13C60822C05B,437.704222,35004.249,79.972381,True,True,,0.0,2.0275124185786808e-05,True,True,True,True,,0.0,0.0,0.0,2,3,0.45933660799999987,0.65,2.02,P1,지연·현물조달,False,26874.0,2037,9270.0,84.451777,36964.899,36964.899,49423.5,437.704222,84.451777,137.369112,63495.627,60127.04,72585.641,23162.141,3499.922,131.335,-0.0,112.915292,28.463514,92.147812,7.696035,0.0,0.0,0.0,0.0,0.0,437.704222,49423.5,11.684043,20.907451,13251.949,1685.362,10574.161,37975.056,0.0,-23162.141,-3562.663,203.176,100,True,65.16721
POSCO_KR,POSCO,KR,34.537,69.84605,DISCLOSED_PATH,DISCLOSED_PATH,PORT-26982033AA0F,CAND-014834EFF571CA,P2,PORT-26982033AA0F,150.693902,17024.587,112.974623,False,False,2040,12.619087010000001,-12.619087010000001,True,True,True,True,,0.0,0.0,0.0,2,3,0.3107906560000001,0.65,1.06,P2,지연·부분헤지,False,14172.0,2032,6660.0,116.903642,17616.666,17616.666,22154.775,150.693902,116.903642,153.284176,24391.935,23098.991,27637.1,5482.325,1246.277,-46.667,0.0,147.018391,30.114749,125.483579,8.579937,0.0,0.0,0.0,0.0,0.0,150.693902,22154.775,5.237535,9.372057,3937.766,887.627,2406.813,16928.554,28.444,-5482.325,-1107.336,17.124,100,True,107.154848
POSCO_KR,POSCO,KR,34.537,69.84605,ACCELERATED_15C,DISCLOSED_PATH,PORT-26982033AA0F,CAND-014834EFF571CA,P2,PORT-26982033AA0F,150.693902,15580.055,103.388754,False,False,2030,32.319087010000004,-32.319087010000004,True,True,True,True,,0.0,0.0,0.0,2,3,0.3107906560000001,0.65,1.06,P2,지연·부분헤지,False,14172.0,2032,6660.0,107.803149,16245.277,16245.277,20959.777,150.693902,107.803149,160.980023,26010.695,24258.708,28973.207,8013.431,1751.893,-0.095,-0.0,139.088419,31.285269,119.429284,11.626135,0.0,0.0,0.0,0.0,0.0,150.693902,20959.777,4.95503,8.866541,3937.766,887.627,2680.38,18296.426,30.132,-8013.431,-1556.311,-17.312,100,True,88.518582
POSCO_KR,POSCO,KR,34.537,69.84605,DISCLOSED_PATH,DISCLOSED_PATH,PORT-3D4DF75A91D4,CAND-022C4C9D65C291,P2,PORT-3D4DF75A91D4,247.593892,32068.846,129.521958,True,True,,0.0,2.0275124185786808e-05,True,True,True,True,,0.0,0.0,0.0,3,3,0.41130035200000004,0.65,1.6999999999999997,P2,지연·부분헤지,False,20867.0,2035,9270.0,133.681082,33098.619,33098.619,41234.279,247.593892,133.681082,169.988461,44547.696,42088.105,50223.764,8989.485,2591.534,131.942,-0.0,166.539969,32.858887,143.615058,9.933976,0.0,0.0,0.0,0.0,0.0,247.593892,41234.279,9.748057,17.443193,9145.858,1239.361,4032.936,30210.365,52.677,-8989.485,-2640.159,47.066,100,True,123.932288
POSCO_KR,POSCO,KR,34.537,69.84605,ACCELERATED_15C,DISCLOSED_PATH,PORT-3D4DF75A91D4,CAND-022C4C9D65C291,P2,PORT-3D4DF75A91D4,247.593892,29953.33,120.977663,False,False,2030,16.16908871,-16.16908871,True,True,True,True,,0.0,0.0,0.0,3,3,0.41130035200000004,0.65,1.6999999999999997,P2,지연·부분헤지,False,20867.0,2035,9270.0,124.551578,30838.21,30838.21,39617.065,247.593892,124.551578,177.817583,47745.014,44026.547,52805.403,13188.337,3611.212,-107.255,-0.0,160.00825,35.456672,139.569989,15.018411,0.0,0.0,0.0,0.0,0.0,247.593892,39617.065,9.365737,16.759069,9145.858,1239.361,4515.526,32766.579,55.967,-13188.337,-3672.976,-23.768,100,True,105.267011
POSCO_KR,POSCO,KR,34.537,69.84605,DISCLOSED_PATH,DISCLOSED_PATH,PORT-2E4122B1D61A,CAND-03F5DDC22322D9,P1,PORT-2E4122B1D61A,305.733857,44650.094,146.04236,True,False,,0.0,2.0275124185786808e-05,False,False,True,True,2029,0.0,0.04299987899999996,0.0,2,3,0.41130035200000004,0.65,1.7,P1,지연·현물조달,False,19502.0,2029,7380.0,149.508025,45709.665,45709.665,57690.17,305.733857,149.508025,185.864889,59014.429,56825.19,68805.695,11115.524,1885.889,-303.35,-0.0,188.694084,39.186059,156.668629,7.160604,0.0,0.0,0.0,0.0,0.0,305.733857,57690.17,13.638338,24.404472,9455.325,1557.003,5531.413,42316.138,0.0,-11115.524,-1944.267,-90.422,100,True,139.759231
POSCO_KR,POSCO,KR,34.537,69.84605,ACCELERATED_15C,DISCLOSED_PATH,PORT-2E4122B1D61A,CAND-03F5DDC22322D9,P1,PORT-2E4122B1D61A,305.733857,42653.182,139.510823,False,False,2035,19.399090750000003,-19.399090750000003,True,True,True,True,,0.0,0.0,0.0,2,3,0.41130035200000004,0.65,1.7,P1,지연·현물조달,False,19502.0,2029,7380.0,143.371066,43833.389,43833.389,57061.47,305.733857,143.371066,196.131202,62629.561,59963.949,73192.03,16130.56,2572.655,-92.957,-0.0,186.637719,43.266653,152.089798,8.718732,0.0,0.0,0.0,0.0,0.0,305.733857,57061.47,13.489709,24.138515,10922.385,1557.003,5833.587,44703.797,0.0,-16130.56,-3045.726,-7.098,100,True,124.086499
POSCO_KR,POSCO,KR,34.537,69.84605,DISCLOSED_PATH,DISCLOSED_PATH,PORT-C07B5FF15869,CAND-0792E2DF105A73,P5,PORT-C07B5FF15869,362.346302,44516.622,122.856566,True,True,,0.0,2.0275124185786808e-05,True,True,True,True,,0.0,0.0,0.0,3,3,0.49715238399999995,0.65,2.34,P5,조기 계약형 전환,False,27562.0,2036,9270.0,124.58571,45143.171,45143.171,48980.079,362.346302,124.58571,160.873699,68237.492,58291.99,62128.898,13148.819,9940.716,-4.786,0.0,135.174774,10.589064,152.033214,27.447504,0.0,0.0,0.0,0.0,0.0,362.346302,48980.079,11.579215,20.719872,12983.85,1735.149,6128.46,46473.362,1058.081,-13148.819,-9948.415,-138.498,100,True,114.836916
POSCO_KR,POSCO,KR,34.537,69.84605,ACCELERATED_15C,DISCLOSED_PATH,PORT-C07B5FF15869,CAND-0792E2DF105A73,P5,PORT-C07B5FF15869,362.346302,38890.511,107.329676,False,False,2030,5.470451711490618,-5.470451711490618,True,True,True,True,,0.0,0.0,0.0,3,3,0.49715238399999995,0.65,2.34,P5,조기 계약형 전환,False,27562.0,2036,9270.0,109.033908,39508.033,39508.033,43355.461,362.346302,109.033908,162.222734,73047.315,58780.808,62628.235,19272.774,14254.136,-12.371,0.0,119.652002,10.618095,148.406484,39.372576,0.0,0.0,0.0,0.0,0.0,362.346302,43355.461,10.249518,18.340509,14874.881,1735.149,6643.978,48834.487,1134.859,-19272.774,-14380.624,-61.923,100,True,89.749341
POSCO_KR,POSCO,KR,34.537,69.84605,DISCLOSED_PATH,DISCLOSED_PATH,PORT-92AEBEABC7A8,CAND-0A4190A420448F,P1,PORT-92AEBEABC7A8,232.293891,16309.673,70.211374,True,True,,0.0,2.0275124185786808e-05,True,True,True,True,,0.0,0.0,0.0,3,3,0.33950771199999996,0.65,1.2199999999999998,P1,지연·현물조달,False,18351.0,2035,9270.0,73.139588,16989.88,16989.88,22300.303,232.293891,73.139588,109.438783,26809.341,25421.961,30732.384,8432.081,1228.789,-158.592,0.0,96.000386,22.860798,79.112111,5.972523,0.0,0.0,0.0,0.0,0.0,232.293891,22300.303,5.271939,9.43362,7839.157,999.359,4950.69,13055.655,0.0,-8432.081,-1403.482,-19.419,100,True,63.390794
POSCO_KR,POSCO,KR,34.537,69.84605,ACCELERATED_15C,DISCLOSED_PATH,PORT-92AEBEABC7A8,CAND-0A4190A420448F,P1,PORT-92AEBEABC7A8,232.293891,13738.317,59.141966,False,False,2030,17.86908886,-17.86908886,True,True,True,True,,0.0,0.0,0.0,3,3,0.33950771199999996,0.65,1.2199999999999998,P1,지연·현물조달,False,18351.0,2035,9270.0,61.772217,14349.309,14349.309,20153.305,232.293891,61.772217,115.038023,28605.331,26722.63,32526.627,12373.321,1666.844,-215.857,0.0,86.757793,24.985576,69.877041,8.104825,0.0,0.0,0.0,0.0,0.0,232.293891,20153.305,4.764375,8.525383,7437.99,999.359,5022.365,15107.36,0.0,-12373.321,-1862.202,17.756,100,True,42.48765
POSCO_KR,POSCO,KR,34.537,69.84605,DISCLOSED_PATH,DISCLOSED_PATH,PORT-7DC46150E6EE,CAND-0B0DF7CC24CCF4,P3,PORT-7DC46150E6EE,388.383849,43029.809,110.791963,True,False,,0.0,2.0275124185786808e-05,False,False,True,True,2029,0.0,0.04299987899999996,0.0,2,3,0.43582950399999987,0.65,1.8599999999999999,P3,균형형 라이트헤지,False,22695.0,2029,7380.0,113.502192,44082.418,44082.418,53134.984,388.383849,113.502192,149.824315,63289.435,58189.344,67241.91,14106.926,4963.401,-136.69,-0.0,136.810488,23.308296,126.633765,13.131573,0.0,0.0,0.0,0.0,0.0,388.383849,53134.984,12.561462,22.477507,11181.816,1703.559,7712.315,42177.533,246.718,-14106.926,-4953.651,121.055,100,True,103.753398
POSCO_KR,POSCO,KR,34.537,69.84605,ACCELERATED_15C,DISCLOSED_PATH,PORT-7DC46150E6EE,CAND-0B0DF7CC24CCF4,P3,PORT-7DC46150E6EE,388.383849,38554.208,99.268311,False,False,2040,5.624092200000003,-5.624092200000003,True,True,True,True,,0.0,0.0,0.0,2,3,0.43582950399999987,0.65,1.8599999999999999,P3,균형형 라이트헤지,False,22695.0,2029,7380.0,102.282246,39724.772,39724.772,49400.985,388.383849,102.282246,155.179531,67384.751,60269.223,69945.436,20544.451,7054.505,-61.022,0.0,127.196291,24.914045,120.603109,18.320863,0.0,0.0,0.0,0.0,0.0,388.383849,49400.985,11.67872,20.897927,12403.518,1703.559,8842.052,44449.529,262.16,-20544.451,-7210.553,-181.04,100,True,82.997679
POSCO_KR,POSCO,KR,34.537,69.84605,DISCLOSED_PATH,DISCLOSED_PATH,PORT-531039DEA968,CAND-0CC93D992FF190,P3,PORT-531039DEA968,297.964268,27272.823,91.530514,True,True,,0.0,2.0275124185786808e-05,True,True,True,True,,0.0,0.0,0.0,2,3,0.43582950399999987,0.65,1.86,P3,균형형 라이트헤지,False,24060.0,2037,9270.0,93.583128,27884.428,27884.428,34019.507,297.964268,93.583128,129.806091,42404.584,38677.577,44812.656,10793.149,3617.865,-109.142,0.0,114.173109,20.589981,106.091363,12.508236,0.0,0.0,0.0,0.0,0.0,297.964268,34019.507,8.042437,14.391154,10870.465,1255.988,5391.904,24659.257,169.544,-10793.149,-3663.486,-6.096,100,True,83.834334
POSCO_KR,POSCO,KR,34.537,69.84605,ACCELERATED_15C,DISCLOSED_PATH,PORT-531039DEA968,CAND-0CC93D992FF190,P3,PORT-531039DEA968,297.964268,23648.405,79.366581,False,False,2030,5.470451711490618,-5.470451711490618,True,True,True,True,,0.0,0.0,0.0,2,3,0.43582950399999987,0.65,1.86,P3,균형형 라이트헤지,False,24060.0,2037,9270.0,81.663572,24332.826,24332.826,30810.292,297.964268,81.663572,134.891523,45191.765,40192.854,46670.32,15860.027,5088.884,89.973,0.0,103.402641,21.739069,98.440452,16.77688,0.0,0.0,0.0,0.0,0.0,297.964268,30810.292,7.283757,13.033571,9215.302,1255.988,6621.967,27760.927,180.728,-15860.027,-4811.395,-30.663,100,True,62.379005
POSCO_KR,POSCO,KR,34.537,69.84605,DISCLOSED_PATH,DISCLOSED_PATH,PORT-1CB3B12B9B60,CAND-0D9DBFAFAC1A93,P2,PORT-1CB3B12B9B60,453.004224,54717.65,120.788388,True,False,,0.0,2.0275124185786808e-05,False,False,True,True,2029,0.0,0.04299987899999996,0.0,2,3,0.5181043679999999,0.65,2.5,P2,지연·부분헤지,False,29390.0,2037,9270.0,125.766401,56972.711,56972.711,70020.351,453.004224,125.766401,162.027319,77854.227,73399.06,86446.699,16426.349,4436.78,-18.387,0.0,154.568869,28.802468,135.601115,9.834714,0.0,0.0,0.0,0.0,0.0,453.004224,70020.351,16.553274,29.620465,16882.869,1925.364,8491.299,50791.958,91.924,-16426.349,-4773.29,-11.064,100,True,116.017607
POSCO_KR,POSCO,KR,34.537,69.84605,ACCELERATED_15C,DISCLOSED_PATH,PORT-1CB3B12B9B60,CAND-0D9DBFAFAC1A93,P2,PORT-1CB3B12B9B60,453.004224,50475.868,111.424718,True,True,,0.0,2.0275124185786808e-05,True,True,True,True,,0.0,0.0,0.0,2,3,0.5181043679999999,0.65,2.5,P2,지연·부분헤지,False,29390.0,2037,9270.0,116.972298,52988.945,52988.945,66988.231,453.004224,116.972298,169.901511,82906.17,76966.102,90965.388,23977.157,6154.52,214.451,-0.0,147.87551,30.903212,130.084909,13.112611,0.0,0.0,0.0,0.0,0.0,453.004224,66988.231,15.836461,28.337798,14887.45,1925.364,9994.263,55838.833,97.389,-23977.157,-6177.106,399.91,100,True,97.687731
POSCO_KR,POSCO,KR,34.537,69.84605,DISCLOSED_PATH,DISCLOSED_PATH,PORT-9341B5E9E1AE,CAND-11A200804B1E4C,P1,PORT-9341B5E9E1AE,190.511279,1796.705,9.430965,False,False,2035,0.5397425250000012,-0.5397425250000012,True,True,True,True,,0.0,0.0,0.0,2,3,0.25895987200000004,0.65,0.74,P1,지연·현물조달,False,14849.0,2037,5768.0,11.20726,2135.11,2135.11,3800.349,190.511279,11.20726,47.442656,9662.538,9038.361,10703.6,6903.252,612.903,-11.275,0.0,19.948156,8.740896,14.483586,3.276326,0.0,0.0,0.0,0.0,0.0,190.511279,3800.349,0.898428,1.607648,5113.658,740.044,3840.837,0.0,0.0,-6903.252,-670.114,13.936,100,True,1.458466
POSCO_KR,POSCO,KR,34.537,69.84605,ACCELERATED_15C,DISCLOSED_PATH,PORT-9341B5E9E1AE,CAND-11A200804B1E4C,P1,PORT-9341B5E9E1AE,190.511279,-1122.509,-5.892089,False,False,2030,20.239742525,-20.239742525,True,True,True,True,,0.0,0.0,0.0,2,3,0.25895987200000004,0.65,0.74,P1,지연·현물조달,False,14849.0,2037,5768.0,-4.070765,-775.527,-775.527,949.688,190.511279,-4.070765,49.082575,10171.884,9350.784,11075.999,10126.311,818.379,-2.721,-0.0,4.984945,9.05571,0.239218,4.309983,0.0,0.0,0.0,0.0,0.0,190.511279,949.688,0.224513,0.401743,5235.131,740.044,4275.766,0.0,0.0,-10126.311,-895.61,-4.546,100,True,-23.355332
POSCO_KR,POSCO,KR,34.537,69.84605,DISCLOSED_PATH,DISCLOSED_PATH,PORT-2E4122B1D61A,CAND-1452ABFC21BA3C,P3,PORT-2E4122B1D61A,305.733857,42196.952,138.018577,True,False,,0.0,2.0275124185786808e-05,False,False,True,True,2029,0.0,0.04299987899999996,0.0,2,3,0.41130035200000004,0.65,1.7,P3,균형형 라이트헤지,False,19502.0,2029,7380.0,140.558336,42973.442,42973.442,51256.968,305.733857,140.558336,176.9152,58833.999,54088.967,62372.493,11115.524,4606.181,-138.852,0.0,167.652248,27.093912,156.078477,15.520141,0.0,0.0,0.0,0.0,0.0,305.733857,51256.968,12.117487,21.683057,10929.312,1557.003,5257.664,40953.323,227.38,-11115.524,-4869.16,33.445,100,True,130.809542
POSCO_KR,POSCO,KR,34.537,69.84605,ACCELERATED_15C,DISCLOSED_PATH,PORT-2E4122B1D61A,CAND-1452ABFC21BA3C,P3,PORT-2E4122B1D61A,305.733857,38980.686,127.498755,False,False,2035,19.399090750000003,-19.399090750000003,True,True,True,True,,0.0,0.0,0.0,2,3,0.41130035200000004,0.65,1.7,P3,균형형 라이트헤지,False,19502.0,2029,7380.0,130.072794,39767.657,39767.657,48605.872,305.733857,130.072794,182.83293,62481.31,55898.217,64736.432,16130.56,6579.303,-3.789,0.0,158.980992,28.908198,151.604896,21.532102,0.0,0.0,0.0,0.0,0.0,305.733857,48605.872,11.49075,20.561573,7703.071,1557.003,6238.478,46328.374,241.602,-16130.56,-6238.913,68.603,100,True,110.788227
POSCO_KR,POSCO,KR,34.537,69.84605,DISCLOSED_PATH,DISCLOSED_PATH,PORT-A7B7FDCF1108,CAND-16671384F832DB,P4,PORT-A7B7FDCF1108,414.706243,56329.185,135.829122,True,False,,0.0,2.0275124185786808e-05,False,False,True,True,2028,0.0,0.16799987899999996,0.0,3,3,0.49715238399999995,0.65,2.34,P4,균형형 전환,False,28082.0,2036,9270.0,138.943973,57620.933,57620.933,65723.671,414.706243,138.943973,175.149699,81543.202,72635.674,80738.412,15014.741,8904.612,-2.916,-0.0,158.482473,19.5385,160.4231,21.479128,0.0,0.0,0.0,0.0,0.0,414.706243,65723.671,15.537511,27.802856,13211.43,2011.581,7545.928,57680.877,717.272,-15014.741,-8813.531,282.117,100,True,129.195179
POSCO_KR,POSCO,KR,34.537,69.84605,ACCELERATED_15C,DISCLOSED_PATH,PORT-A7B7FDCF1108,CAND-16671384F832DB,P4,PORT-A7B7FDCF1108,414.706243,51046.418,123.090546,True,True,,0.0,2.0275124185786808e-05,True,True,True,True,,0.0,0.0,0.0,3,3,0.49715238399999995,0.65,2.34,P4,균형형 전환,False,28082.0,2036,9270.0,126.201199,52336.425,52336.425,60467.237,414.706243,126.201199,178.858358,87010.932,74173.678,82304.49,21837.252,12774.244,-63.01,-0.0,145.807395,19.606196,157.156253,30.955053,0.0,0.0,0.0,0.0,0.0,414.706243,60467.237,14.294855,25.579245,15122.107,2011.581,8158.991,61293.566,765.32,-21837.252,-13023.615,-154.273,100,True,106.916632
POSCO_KR,POSCO,KR,34.537,69.84605,DISCLOSED_PATH,DISCLOSED_PATH,PORT-F7156CC53AF8,CAND-16DADA55DF87CF,P2,PORT-F7156CC53AF8,353.711217,42804.775,121.016165,True,False,,0.0,2.0275124185786808e-05,False,False,True,True,2029,0.0,0.04299987899999996,0.0,3,3,0.43582950399999987,0.65,1.86,P2,지연·부분헤지,False,24580.0,2035,9270.0,125.992955,44565.121,44565.121,54887.778,353.711217,125.992955,162.21083,60720.758,57375.79,67698.447,12810.669,3415.216,70.248,0.0,155.176809,29.183855,135.449732,9.456778,0.0,0.0,0.0,0.0,0.0,353.711217,54887.778,12.975834,23.218986,11876.048,1589.724,6850.759,40448.792,71.592,-12810.669,-3463.746,2.621,100,True,116.244161
POSCO_KR,POSCO,KR,34.537,69.84605,ACCELERATED_15C,DISCLOSED_PATH,PORT-F7156CC53AF8,CAND-16DADA55DF87CF,P2,PORT-F7156CC53AF8,353.711217,39482.311,111.623012,False,False,2040,1.029748835000003,-1.029748835000003,True,True,True,True,,0.0,0.0,0.0,3,3,0.43582950399999987,0.65,1.86,P2,지연·부분헤지,False,24580.0,2035,9270.0,116.594362,41240.734,41240.734,52638.139,353.711217,116.594362,169.437624,64740.621,59931.988,71329.393,18691.255,4770.609,-38.024,0.0,148.816708,32.222345,130.18916,13.594798,0.0,0.0,0.0,0.0,0.0,353.711217,52638.139,12.444004,22.267329,11876.048,1589.724,7666.291,43718.754,75.798,-18691.255,-4825.861,-168.765,100,True,97.309795
POSCO_KR,POSCO,KR,34.537,69.84605,DISCLOSED_PATH,DISCLOSED_PATH,PORT-0EE037EBD6C8,CAND-19A0EC6A18A011,P1,PORT-0EE037EBD6C8,387.333846,43559.568,112.460009,True,False,,0.0,2.0275124185786808e-05,False,False,True,True,2029,0.0,0.04299987899999996,0.0,3,3,0.435829504,0.65,1.8599999999999999,P1,지연·현물조달,False,23681.0,2035,9270.0,117.463032,45497.408,45497.408,58274.391,387.333846,117.463032,153.776102,61756.945,59562.689,72339.672,14065.281,2300.371,106.115,-0.0,150.450037,32.987004,123.128058,5.665026,0.0,0.0,0.0,0.0,0.0,387.333846,58274.391,13.776452,24.651613,12681.647,1668.735,7852.5,39585.84,0.0,-14065.281,-2516.188,290.155,100,True,107.714238
POSCO_KR,POSCO,KR,34.537,69.84605,ACCELERATED_15C,DISCLOSED_PATH,PORT-0EE037EBD6C8,CAND-19A0EC6A18A011,P1,PORT-0EE037EBD6C8,387.333846,40252.571,103.922164,False,False,2040,4.949092600000004,-4.949092600000004,True,True,True,True,,0.0,0.0,0.0,3,3,0.435829504,0.65,1.8599999999999999,P1,지연·현물조달,False,23681.0,2035,9270.0,109.328492,42346.625,42346.625,55986.176,387.333846,109.328492,162.229759,65954.26,62837.076,76476.627,20490.451,3129.327,12.143,-0.0,144.542432,35.213939,117.37629,8.047797,0.0,0.0,0.0,0.0,0.0,387.333846,55986.176,13.235503,23.683637,11524.711,1668.735,8646.392,43839.059,0.0,-20490.451,-3227.653,385.833,100,True,90.043925
POSCO_KR,POSCO,KR,34.537,69.84605,DISCLOSED_PATH,DISCLOSED_PATH,PORT-15CB4F8207C5,CAND-1F4761E26DC6B1,P2,PORT-15CB4F8207C5,312.214267,42315.721,135.534232,True,True,,0.0,2.0275124185786808e-05,True,True,True,True,,0.0,0.0,0.0,3,3,0.49715238399999995,0.65,2.34,P2,지연·부분헤지,False,27562.0,2037,9270.0,137.873683,43046.131,43046.131,54243.969,312.214267,137.873683,174.095307,57841.651,54355.039,65552.877,11308.908,3648.582,161.97,0.0,173.73956,35.865877,149.041053,11.16737,0.0,0.0,0.0,0.0,0.0,312.214267,54243.969,12.823633,22.946637,11231.5,1461.166,5342.71,39708.006,70.128,-11308.908,-3367.831,-90.641,100,True,128.124889
POSCO_KR,POSCO,KR,34.537,69.84605,ACCELERATED_15C,DISCLOSED_PATH,PORT-15CB4F8207C5,CAND-1F4761E26DC6B1,P2,PORT-15CB4F8207C5,312.214267,39702.272,127.163541,False,False,2030,5.470451711490618,-5.470451711490618,True,True,True,True,,0.0,0.0,0.0,3,3,0.49715238399999995,0.65,2.34,P2,지연·부분헤지,False,27562.0,2037,9270.0,129.667378,40484.006,40484.006,52174.954,312.214267,129.667378,182.903393,62156.993,57105.049,68795.998,16621.043,5099.1,47.156,-0.0,167.112653,37.445275,145.848395,16.181017,0.0,0.0,0.0,0.0,0.0,312.214267,52174.954,12.334505,22.071389,12314.701,1461.166,5942.572,42436.226,74.51,-16621.043,-5022.183,-101.944,100,True,110.382811
NIPPON_STEEL_JP,Nippon Steel,JP,34.3,72.6,DISCLOSED_PATH,DISCLOSED_PATH,PORT-6742936593A9,CAND-7400D0EA735D98,P3,PORT-6742936593A9,454.753949,36270.549,79.758623,True,True,,0.0,3.446647212967946e-06,True,True,True,True,,0.0,0.0,0.0,2,2,0.47641018879999986,0.65,2.16,P3,균형형 라이트헤지,False,29348.0,2034,8019.0,81.452239,37040.727,37040.727,45652.135,454.753949,81.452239,116.46172,59372.179,52961.427,61572.835,15920.7,5844.973,-565.779,0.0,100.388651,18.936412,95.549426,14.097188,0.0,0.0,0.0,0.0,0.0,454.753949,45652.135,4.644344,8.505637,15678.773,1232.202,15325.904,26931.025,242.595,-15920.7,-6225.753,-223.318,100,True,58.508752
NIPPON_STEEL_JP,Nippon Steel,JP,34.3,72.6,ACCELERATED_15C,DISCLOSED_PATH,PORT-6742936593A9,CAND-7400D0EA735D98,P3,PORT-6742936593A9,454.753949,31092.014,68.371069,True,True,,0.0,3.446647212967946e-06,True,True,True,True,,0.0,0.0,0.0,2,2,0.47641018879999986,0.65,2.16,P3,균형형 라이트헤지,False,29348.0,2034,8019.0,69.584279,31643.726,31643.726,41109.905,454.753949,69.584279,121.243273,63224.035,55135.857,64602.036,23492.132,7662.382,-425.797,0.0,90.400325,20.816045,87.370113,17.785834,0.0,0.0,0.0,0.0,0.0,454.753949,41109.905,4.182248,7.659355,15678.773,1232.202,16899.266,29352.079,259.354,-23492.132,-8132.744,-153.071,100,True,35.139671
NIPPON_STEEL_JP,Nippon Steel,JP,34.3,72.6,DISCLOSED_PATH,DISCLOSED_PATH,PORT-6742936593A9,CAND-F6184286A4322F,P2,PORT-6742936593A9,454.753949,37375.086,82.187491,True,True,,0.0,3.446647212967946e-06,True,True,True,True,,0.0,0.0,0.0,2,2,0.47641018879999986,0.65,2.16,P2,지연·부분헤지,False,29348.0,2034,8019.0,84.182695,38282.413,38282.413,49128.578,454.753949,84.182695,119.192177,59627.711,54203.113,65049.278,15920.7,4504.548,-920.05,0.0,108.033318,23.850622,96.111339,11.928644,0.0,0.0,0.0,0.0,0.0,454.753949,49128.578,4.998014,9.153347,18659.601,1232.202,16273.283,23382.26,77.272,-15920.7,-5716.63,295.125,100,True,61.239208
NIPPON_STEEL_JP,Nippon Steel,JP,34.3,72.6,ACCELERATED_15C,DISCLOSED_PATH,PORT-6742936593A9,CAND-F6184286A4322F,P2,PORT-6742936593A9,454.753949,32776.213,72.074609,True,True,,0.0,3.446647212967946e-06,True,True,True,True,,0.0,0.0,0.0,2,2,0.47641018879999986,0.65,2.16,P2,지연·부분헤지,False,29348.0,2034,8019.0,73.553972,33448.959,33448.959,45615.085,454.753949,73.553972,125.212967,63411.878,56941.091,69107.217,23492.132,5742.624,-728.163,0.0,100.307178,26.753206,87.783177,14.229205,0.0,0.0,0.0,0.0,0.0,454.753949,45615.085,4.640575,8.498734,12464.693,1232.202,18435.975,29874.537,82.225,-23492.132,-5305.469,156.928,100,True,39.109364
NIPPON_STEEL_JP,Nippon Steel,JP,34.3,72.6,DISCLOSED_PATH,DISCLOSED_PATH,PORT-6742936593A9,CAND-18F73BD54A9F34,P1,PORT-6742936593A9,454.753949,38138.549,83.866339,True,True,,0.0,3.446647212967946e-06,True,True,True,True,,0.0,0.0,0.0,2,2,0.47641018879999986,0.65,2.16,P1,지연·현물조달,False,29348.0,2034,8019.0,86.037267,39125.787,39125.787,51812.702,454.753949,86.037267,121.046749,59812.538,55046.487,67733.402,15920.7,3632.805,-1133.246,-0.0,113.935683,27.898415,96.517773,10.480506,0.0,0.0,0.0,0.0,0.0,454.753949,51812.702,5.271079,9.653437,19351.189,1232.202,16377.822,22925.034,0.0,-15920.7,-5161.992,322.234,100,True,63.09378
NIPPON_STEEL_JP,Nippon Steel,JP,34.3,72.6,ACCELERATED_15C,DISCLOSED_PATH,PORT-6742936593A9,CAND-18F73BD54A9F34,P1,PORT-6742936593A9,454.753949,33926.565,74.604223,True,True,,0.0,3.446647212967946e-06,True,True,True,True,,0.0,0.0,0.0,2,2,0.47641018879999986,0.65,2.16,P1,지연·현물조달,False,29348.0,2034,8019.0,76.303108,34699.139,34699.139,49113.711,454.753949,76.303108,127.962102,63575.02,58191.271,72605.843,23492.132,4457.428,-926.321,-0.0,108.000626,31.697518,88.141926,11.838818,0.0,0.0,0.0,0.0,0.0,454.753949,49113.711,4.996501,9.150577,12381.917,1232.202,18637.848,29856.948,0.0,-23492.132,-4019.008,101.364,100,True,41.8585
NIPPON_STEEL_JP,Nippon Steel,JP,34.3,72.6,DISCLOSED_PATH,DISCLOSED_PATH,PORT-9E76B3BFF9FF,CAND-EBD30C485CEFDA,P2,PORT-9E76B3BFF9FF,456.103943,40161.86,88.054182,True,True,,0.0,3.446647212967946e-06,True,True,True,True,,0.0,0.0,0.0,2,2,0.47641018879999986,0.65,2.16,P2,지연·부분헤지,False,28936.6,2032,6930.0,91.375601,41676.772,41676.772,53183.985,456.103943,91.375601,126.387151,62177.334,57645.678,69152.89,15968.906,4608.797,77.14,0.0,116.604966,25.229364,101.311179,9.935578,0.0,0.0,0.0,0.0,0.0,456.103943,53183.985,5.410584,9.908927,13105.39,1264.395,15878.335,31383.029,80.025,-15968.906,-4422.176,356.68,100,True,68.432114
NIPPON_STEEL_JP,Nippon Steel,JP,34.3,72.6,ACCELERATED_15C,DISCLOSED_PATH,PORT-9E76B3BFF9FF,CAND-EBD30C485CEFDA,P2,PORT-9E76B3BFF9FF,456.103943,35619.4,78.094918,True,True,,0.0,3.446647212967946e-06,True,True,True,True,,0.0,0.0,0.0,2,2,0.47641018879999986,0.65,2.16,P2,지연·부분헤지,False,28936.6,2032,6930.0,81.417182,37134.698,37134.698,49887.135,456.103943,81.417182,133.07059,66498.652,60694.021,73446.458,23559.323,5904.396,99.765,-0.0,109.376681,27.959499,94.143734,12.726552,0.0,0.0,0.0,0.0,0.0,456.103943,49887.135,5.075185,9.294677,13105.39,1264.395,17562.293,34225.149,85.094,-23559.323,-5661.386,113.087,100,True,46.972574
NIPPON_STEEL_JP,Nippon Steel,JP,34.3,72.6,DISCLOSED_PATH,DISCLOSED_PATH,PORT-9E76B3BFF9FF,CAND-C1AAA9A0078119,P1,PORT-9E76B3BFF9FF,456.103943,41012.769,89.919787,True,True,,0.0,3.446647212967946e-06,True,True,True,True,,0.0,0.0,0.0,2,2,0.47641018879999986,0.65,2.16,P1,지연·현물조달,False,28936.6,2032,6930.0,93.775174,42771.226,42771.226,56221.621,456.103943,93.775174,128.786723,62312.368,58740.132,72190.527,15968.906,3614.209,41.974,-0.0,123.264931,29.489758,101.607238,7.832064,0.0,0.0,0.0,0.0,0.0,456.103943,56221.621,5.719613,10.474881,13111.618,1264.395,15928.731,31478.392,0.0,-15968.906,-3458.623,415.619,100,True,70.831687
NIPPON_STEEL_JP,Nippon Steel,JP,34.3,72.6,ACCELERATED_15C,DISCLOSED_PATH,PORT-9E76B3BFF9FF,CAND-C1AAA9A0078119,P1,PORT-9E76B3BFF9FF,456.103943,36907.411,80.918861,True,True,,0.0,3.446647212967946e-06,True,True,True,True,,0.0,0.0,0.0,2,2,0.47641018879999986,0.65,2.16,P1,지연·현물조달,False,28936.6,2032,6930.0,84.814287,38684.131,38684.131,53767.667,456.103943,84.814287,136.467696,66644.932,62243.454,77326.99,23559.323,4431.167,29.689,0.0,117.884678,33.070391,94.464452,9.650164,0.0,0.0,0.0,0.0,0.0,456.103943,53767.667,5.469964,10.017675,13111.618,1264.395,17626.387,34340.81,0.0,-23559.323,-4234.682,134.928,100,True,50.369679
NIPPON_STEEL_JP,Nippon Steel,JP,34.3,72.6,DISCLOSED_PATH,DISCLOSED_PATH,PORT-00B029BF7478,CAND-EF9F86F64A1C2A,P3,PORT-00B029BF7478,459.478949,42624.951,92.768018,True,True,,0.0,3.446647212967946e-06,True,True,True,True,,0.0,0.0,0.0,2,2,0.5333221247999997,0.65,2.6399999999999997,P3,균형형 라이트헤지,False,32153.0,2034,8019.0,93.320915,42878.996,42878.996,53259.293,459.478949,93.320915,128.326627,65540.37,58963.384,69343.681,16084.388,6728.886,151.899,-0.0,115.912367,22.591452,107.634925,14.31401,0.0,0.0,0.0,0.0,0.0,459.478949,53259.293,5.418245,9.922958,13869.112,1294.782,16375.079,33387.44,271.931,-16084.388,-6313.476,78.515,100,True,70.377428
NIPPON_STEEL_JP,Nippon Steel,JP,34.3,72.6,ACCELERATED_15C,DISCLOSED_PATH,PORT-00B029BF7478,CAND-EF9F86F64A1C2A,P3,PORT-00B029BF7478,459.478949,37612.255,81.858493,True,True,,0.0,3.446647212967946e-06,True,True,True,True,,0.0,0.0,0.0,2,2,0.5333221247999997,0.65,2.6399999999999997,P3,균형형 라이트헤지,False,32153.0,2034,8019.0,82.693334,37995.846,37995.846,48713.002,459.478949,82.693334,134.354335,70303.569,61732.989,72450.144,23737.143,8921.567,350.987,0.0,106.017918,23.324584,101.346158,18.652824,0.0,0.0,0.0,0.0,0.0,459.478949,48713.002,4.955736,9.07592,13869.112,1294.782,18028.31,36551.64,290.94,-23737.143,-8411.25,109.454,100,True,48.248726
NIPPON_STEEL_JP,Nippon Steel,JP,34.3,72.6,DISCLOSED_PATH,DISCLOSED_PATH,PORT-00B029BF7478,CAND-BCE0067D428D60,P2,PORT-00B029BF7478,459.478949,43972.256,95.700264,True,True,,0.0,3.446647212967946e-06,True,True,True,True,,0.0,0.0,0.0,2,2,0.5333221247999997,0.65,2.6399999999999997,P2,지연·부분헤지,False,32153.0,2034,8019.0,96.408253,44297.563,44297.563,57297.05,459.478949,96.408253,131.413966,65501.18,60381.951,73381.438,16084.388,5096.198,-23.032,0.0,124.700054,28.291801,107.549633,11.141379,0.0,0.0,0.0,0.0,0.0,459.478949,57297.05,5.82902,10.675249,13717.668,1294.782,16563.211,33348.344,85.879,-16084.388,-4722.846,94.911,100,True,73.464766
NIPPON_STEEL_JP,Nippon Steel,JP,34.3,72.6,ACCELERATED_15C,DISCLOSED_PATH,PORT-00B029BF7478,CAND-BCE0067D428D60,P2,PORT-00B029BF7478,459.478949,39677.474,86.353193,True,True,,0.0,3.446647212967946e-06,True,True,True,True,,0.0,0.0,0.0,2,2,0.5333221247999997,0.65,2.6399999999999997,P2,지연·부분헤지,False,32153.0,2034,8019.0,87.363475,40141.678,40141.678,53915.761,459.478949,87.363475,139.024476,70194.074,63878.82,77652.903,23737.143,6593.124,277.871,0.0,117.34109,29.977615,101.107856,13.744381,0.0,0.0,0.0,0.0,0.0,459.478949,53915.761,5.48503,10.045267,13717.668,1294.782,18230.51,36512.583,91.425,-23737.143,-6073.784,105.636,100,True,52.918867
NIPPON_STEEL_JP,Nippon Steel,JP,34.3,72.6,DISCLOSED_PATH,DISCLOSED_PATH,PORT-00B029BF7478,CAND-F940A5016FE44E,P1,PORT-00B029BF7478,459.478949,44901.773,97.723243,True,True,,0.0,3.446647212967946e-06,True,True,True,True,,0.0,0.0,0.0,2,2,0.5333221247999997,0.65,2.6399999999999997,P1,지연·현물조달,False,32153.0,2034,8019.0,98.61078,45309.578,45309.578,60294.17,459.478949,98.61078,133.616492,65529.931,61393.965,76378.558,16084.388,4080.959,-55.006,0.0,131.222922,32.612142,107.612205,9.001425,0.0,0.0,0.0,0.0,0.0,459.478949,60294.17,6.133927,11.233655,14558.94,1294.782,15413.122,34116.705,0.0,-16084.388,-3917.627,-71.956,100,True,75.667293
NIPPON_STEEL_JP,Nippon Steel,JP,34.3,72.6,ACCELERATED_15C,DISCLOSED_PATH,PORT-00B029BF7478,CAND-F940A5016FE44E,P1,PORT-00B029BF7478,459.478949,41085.871,89.418396,True,True,,0.0,3.446647212967946e-06,True,True,True,True,,0.0,0.0,0.0,2,2,0.5333221247999997,0.65,2.6399999999999997,P1,지연·현물조달,False,32153.0,2034,8019.0,90.579299,41619.281,41619.281,57784.741,459.478949,90.579299,142.240301,70119.615,65356.424,81521.884,23737.143,5041.165,277.973,-0.0,125.761455,35.182156,100.945805,10.366506,0.0,0.0,0.0,0.0,0.0,459.478949,57784.741,5.878634,10.766113,13616.706,1294.782,18432.71,36486.545,0.0,-23737.143,-4516.555,42.236,100,True,56.134691
NIPPON_STEEL_JP,Nippon Steel,JP,34.3,72.6,DISCLOSED_PATH,DISCLOSED_PATH,PORT-05EE518306D9,CAND-1F99EBB5AE8665,P3,PORT-05EE518306D9,460.828943,45283.626,98.265585,True,True,,0.0,3.446647212967946e-06,True,True,True,True,,0.0,0.0,0.0,2,2,0.5333221247999997,0.65,2.6399999999999997,P3,균형형 라이트헤지,False,31741.6,2038,7425.0,101.280426,46672.951,46672.951,56270.818,460.828943,101.280426,136.288196,69580.745,62805.545,72403.412,16132.594,6906.808,131.608,0.0,122.107821,20.827396,115.982628,14.702202,0.0,0.0,0.0,0.0,0.0,460.828943,56270.818,5.724618,10.484047,13604.656,1326.975,16240.074,37923.909,282.513,-16132.594,-6575.227,2.644,100,True,78.336939
NIPPON_STEEL_JP,Nippon Steel,JP,34.3,72.6,ACCELERATED_15C,DISCLOSED_PATH,PORT-05EE518306D9,CAND-1F99EBB5AE8665,P3,PORT-05EE518306D9,460.828943,40251.786,87.346479,True,True,,0.0,3.446647212967946e-06,True,True,True,True,,0.0,0.0,0.0,2,2,0.5333221247999997,0.65,2.6399999999999997,P3,균형형 라이트헤지,False,31741.6,2038,7425.0,90.123252,41531.403,41531.403,51673.954,460.828943,90.123252,141.778719,74458.516,65335.737,75478.289,23804.334,9192.202,69.424,-0.0,112.132615,22.009363,109.919705,19.796453,0.0,0.0,0.0,0.0,0.0,460.828943,51673.954,5.256964,9.627587,18460.302,1326.975,17376.854,37950.499,301.965,-23804.334,-10062.442,-18.417,100,True,55.678644
NIPPON_STEEL_JP,Nippon Steel,JP,34.3,72.6,DISCLOSED_PATH,DISCLOSED_PATH,PORT-05EE518306D9,CAND-7BA4793B4CD2AC,P2,PORT-05EE518306D9,460.828943,46759.03,101.467217,True,True,,0.0,3.446647212967946e-06,True,True,True,True,,0.0,0.0,0.0,2,2,0.5333221247999997,0.65,2.6399999999999997,P2,지연·부분헤지,False,31741.6,2038,7425.0,105.279009,48515.614,48515.614,60534.758,460.828943,105.279009,140.286779,69732.772,64648.208,76667.352,16132.594,5277.488,192.924,-0.0,131.360582,26.081573,116.312525,11.033516,0.0,0.0,0.0,0.0,0.0,460.828943,60534.758,6.158403,11.27848,13408.647,1326.975,16418.162,38186.614,88.632,-16132.594,-4773.464,-7.358,100,True,82.335522
NIPPON_STEEL_JP,Nippon Steel,JP,34.3,72.6,ACCELERATED_15C,DISCLOSED_PATH,PORT-05EE518306D9,CAND-7BA4793B4CD2AC,P2,PORT-05EE518306D9,460.828943,42520.661,92.269944,True,True,,0.0,3.446647212967946e-06,True,True,True,True,,0.0,0.0,0.0,2,2,0.5333221247999997,0.65,2.6399999999999997,P2,지연·부분헤지,False,31741.6,2038,7425.0,95.635649,44071.675,44071.675,57205.84,460.828943,95.635649,147.291116,74561.814,67876.009,81010.175,23804.334,6780.942,95.137,0.0,124.136822,28.501173,110.143863,14.508215,0.0,0.0,0.0,0.0,0.0,460.828943,57205.84,5.819741,10.658255,15226.259,1326.975,18846.659,39117.12,94.294,-23804.334,-6713.599,-21.7,100,True,61.191041
NIPPON_STEEL_JP,Nippon Steel,JP,34.3,72.6,DISCLOSED_PATH,DISCLOSED_PATH,PORT-5DE4D9A04480,CAND-C51D410B54BFD5,P3,PORT-5DE4D9A04480,461.703943,46880.712,101.538471,True,True,,0.0,3.446647212967946e-06,True,True,True,True,,0.0,0.0,0.0,2,2,0.47641018879999986,0.65,2.16,P3,균형형 라이트헤지,False,29609.8,2034,8019.0,104.027772,48030.033,48030.033,59640.596,461.703943,104.027772,139.043329,71237.353,64196.853,75807.416,16166.82,6852.621,-187.879,0.0,129.174976,25.147204,119.276721,15.248949,0.0,0.0,0.0,0.0,0.0,461.703943,59640.596,6.067437,11.111885,14887.127,1353.028,15380.417,39423.986,286.916,-16166.82,-6976.388,-158.233,100,True,81.084285
NIPPON_STEEL_JP,Nippon Steel,JP,34.3,72.6,ACCELERATED_15C,DISCLOSED_PATH,PORT-5DE4D9A04480,CAND-C51D410B54BFD5,P3,PORT-5DE4D9A04480,461.703943,41879.213,90.705772,True,True,,0.0,3.446647212967946e-06,True,True,True,True,,0.0,0.0,0.0,2,2,0.47641018879999986,0.65,2.16,P3,균형형 라이트헤지,False,29609.8,2034,8019.0,93.407659,43126.685,43126.685,55134.321,461.703943,93.407659,145.069627,76168.27,66979.219,78986.855,23852.534,9216.262,27.211,0.0,119.414879,26.00722,113.310134,19.902475,0.0,0.0,0.0,0.0,0.0,461.703943,55134.321,5.608998,10.272302,13178.981,1353.028,17204.717,43654.004,306.624,-23852.534,-8822.557,104.421,100,True,58.963051
NIPPON_STEEL_JP,Nippon Steel,JP,34.3,72.6,DISCLOSED_PATH,DISCLOSED_PATH,PORT-05EE518306D9,CAND-CA2E4138D9BC07,P1,PORT-05EE518306D9,460.828943,47775.994,103.67403,True,True,,0.0,3.446647212967946e-06,True,True,True,True,,0.0,0.0,0.0,2,2,0.5333221247999997,0.65,2.6399999999999997,P1,지연·현물조달,False,31741.6,2038,7425.0,108.229281,49875.185,49875.185,63695.276,460.828943,108.229281,143.237051,69952.373,66007.779,79827.87,16132.594,4065.155,120.56,0.0,138.218914,29.989633,116.789061,8.55978,0.0,0.0,0.0,0.0,0.0,460.828943,63695.276,6.479933,11.867329,13277.974,1326.975,16596.25,38361.751,0.0,-16132.594,-3557.498,2.326,100,True,85.285794
NIPPON_STEEL_JP,Nippon Steel,JP,34.3,72.6,ACCELERATED_15C,DISCLOSED_PATH,PORT-05EE518306D9,CAND-CA2E4138D9BC07,P1,PORT-05EE518306D9,460.828943,44066.717,95.624891,True,True,,0.0,3.446647212967946e-06,True,True,True,True,,0.0,0.0,0.0,2,2,0.5333221247999997,0.65,2.6399999999999997,P1,지연·현물조달,False,31741.6,2038,7425.0,99.52324,45863.19,45863.19,61427.238,460.828943,99.52324,151.178707,74761.281,69667.524,85231.572,23804.334,5011.421,-82.336,0.0,133.297266,33.774026,110.576708,11.053467,0.0,0.0,0.0,0.0,0.0,460.828943,61427.238,6.249198,11.444761,15322.788,1326.975,19173.991,39030.323,0.0,-23804.334,-5082.713,-103.841,100,True,65.078632
NIPPON_STEEL_JP,Nippon Steel,JP,34.3,72.6,DISCLOSED_PATH,DISCLOSED_PATH,PORT-5DE4D9A04480,CAND-33480771F67BD6,P2,PORT-5DE4D9A04480,461.703943,48461.555,104.962402,True,True,,0.0,3.446647212967946e-06,True,True,True,True,,0.0,0.0,0.0,2,2,0.47641018879999986,0.65,2.16,P2,지연·부분헤지,False,29609.8,2034,8019.0,108.080618,49901.247,49901.247,64462.508,461.703943,108.080618,143.096174,71418.152,66068.068,80629.328,16166.82,5057.356,-292.728,-0.0,139.618707,31.538089,119.668311,11.587693,0.0,0.0,0.0,0.0,0.0,461.703943,64462.508,6.557986,12.010275,12860.768,1353.028,16372.172,39863.217,89.284,-16166.82,-4651.076,180.674,100,True,85.137131
NIPPON_STEEL_JP,Nippon Steel,JP,34.3,72.6,ACCELERATED_15C,DISCLOSED_PATH,PORT-5DE4D9A04480,CAND-33480771F67BD6,P2,PORT-5DE4D9A04480,461.703943,44313.955,95.979155,True,True,,0.0,3.446647212967946e-06,True,True,True,True,,0.0,0.0,0.0,2,2,0.47641018879999986,0.65,2.16,P2,지연·부분헤지,False,29609.8,2034,8019.0,99.356134,45873.119,45873.119,61221.248,461.703943,99.356134,151.018102,76329.501,69725.653,85073.782,23852.534,6562.939,-40.91,-0.0,132.598495,33.242361,113.659343,14.30321,0.0,0.0,0.0,0.0,0.0,461.703943,61221.248,6.228242,11.406382,17410.611,1353.028,17297.28,41065.392,95.013,-23852.534,-7413.757,-81.915,100,True,64.911526
NIPPON_STEEL_JP,Nippon Steel,JP,34.3,72.6,DISCLOSED_PATH,DISCLOSED_PATH,PORT-5DE4D9A04480,CAND-1D35A6D7D808A4,P1,PORT-5DE4D9A04480,461.703943,49550.401,107.320723,True,True,,0.0,3.446647212967946e-06,True,True,True,True,,0.0,0.0,0.0,2,2,0.47641018879999986,0.65,2.16,P1,지연·현물조달,False,29609.8,2034,8019.0,110.951911,51226.935,51226.935,68065.959,461.703943,110.951911,145.967468,71570.527,67393.755,84232.78,16166.82,3797.016,-379.756,0.0,147.423388,36.471476,119.99834,9.046429,0.0,0.0,0.0,0.0,0.0,461.703943,68065.959,6.924577,12.681649,15374.818,1353.028,15398.37,39552.633,0.0,-16166.82,-4121.949,-163.145,100,True,88.008424
NIPPON_STEEL_JP,Nippon Steel,JP,34.3,72.6,ACCELERATED_15C,DISCLOSED_PATH,PORT-5DE4D9A04480,CAND-1D35A6D7D808A4,P1,PORT-5DE4D9A04480,461.703943,45971.96,99.570214,True,True,,0.0,3.446647212967946e-06,True,True,True,True,,0.0,0.0,0.0,2,2,0.47641018879999986,0.65,2.16,P1,지연·현물조달,False,29609.8,2034,8019.0,103.443576,47760.307,47760.307,65754.996,461.703943,103.443576,155.105544,76472.645,71612.841,89607.531,23852.534,4665.793,-194.01,0.0,142.418096,38.974519,113.969377,10.5258,0.0,0.0,0.0,0.0,0.0,461.703943,65754.996,6.689475,12.251084,13009.693,1353.028,17327.428,44072.821,0.0,-23852.534,-4193.612,43.485,100,True,68.998968
NIPPON_STEEL_JP,Nippon Steel,JP,34.3,72.6,DISCLOSED_PATH,DISCLOSED_PATH,PORT-7F141003EFD9,CAND-3DE8D6197F9834,P3,PORT-7F141003EFD9,466.428943,53235.115,114.133387,True,True,,0.0,3.446647212967946e-06,True,True,True,True,,0.0,0.0,0.0,2,2,0.5333221247999997,0.65,2.6399999999999997,P3,균형형 라이트헤지,False,32414.8,2034,8019.0,117.344907,54733.061,54733.061,66654.398,466.428943,117.344907,152.356689,78745.198,71063.569,82984.906,16330.508,7763.471,81.842,0.0,142.903648,25.558741,133.813931,16.469023,0.0,0.0,0.0,0.0,0.0,466.428943,66654.398,6.780974,12.418655,14550.629,1415.609,15350.093,47079.455,316.253,-16330.508,-7469.818,-178.651,100,True,94.40142
NIPPON_STEEL_JP,Nippon Steel,JP,34.3,72.6,ACCELERATED_15C,DISCLOSED_PATH,PORT-7F141003EFD9,CAND-3DE8D6197F9834,P3,PORT-7F141003EFD9,466.428943,48399.453,103.765973,True,True,,0.0,3.446647212967946e-06,True,True,True,True,,0.0,0.0,0.0,2,2,0.5333221247999997,0.65,2.6399999999999997,P3,균형형 라이트헤지,False,32414.8,2034,8019.0,106.736964,49785.21,49785.21,62689.548,466.428943,106.736964,158.400879,84408.626,73882.755,86787.093,24097.545,10452.281,-73.59,0.0,134.403211,27.666247,129.303898,22.566933,0.0,0.0,0.0,0.0,0.0,466.428943,62689.548,6.377617,11.679947,18492.771,1415.609,17019.392,48131.682,338.211,-24097.545,-11185.859,-329.051,100,True,72.292356
NIPPON_STEEL_JP,Nippon Steel,JP,34.3,72.6,DISCLOSED_PATH,DISCLOSED_PATH,PORT-7F141003EFD9,CAND-C4C9319CE1829D,P2,PORT-7F141003EFD9,466.428943,55058.726,118.043115,True,True,,0.0,3.446647212967946e-06,True,True,True,True,,0.0,0.0,0.0,2,2,0.5333221247999997,0.65,2.6399999999999997,P2,지연·부분헤지,False,32414.8,2034,8019.0,122.067589,56935.856,56935.856,71967.627,466.428943,122.067589,157.07937,78892.999,73266.365,88298.135,16330.508,5685.652,59.018,0.0,154.294943,32.227354,134.130807,12.063218,0.0,0.0,0.0,0.0,0.0,466.428943,71967.627,7.321507,13.408584,14442.867,1415.609,15391.95,47470.613,97.891,-16330.508,-5307.613,-244.952,100,True,99.124102
NIPPON_STEEL_JP,Nippon Steel,JP,34.3,72.6,ACCELERATED_15C,DISCLOSED_PATH,PORT-7F141003EFD9,CAND-C4C9319CE1829D,P2,PORT-7F141003EFD9,466.428943,51215.216,109.802825,True,True,,0.0,3.446647212967946e-06,True,True,True,True,,0.0,0.0,0.0,2,2,0.5333221247999997,0.65,2.6399999999999997,P2,지연·부분헤지,False,32414.8,2034,8019.0,113.428991,52906.564,52906.564,69622.694,466.428943,113.428991,165.092906,84560.681,77004.11,93720.239,24097.545,7409.74,-146.831,-0.0,149.267525,35.838534,129.629896,16.200905,0.0,0.0,0.0,0.0,0.0,466.428943,69622.694,7.082949,12.97169,16895.476,1415.609,17569.244,48332.538,104.213,-24097.545,-7696.413,383.442,100,True,78.984383
NIPPON_STEEL_JP,Nippon Steel,JP,34.3,72.6,DISCLOSED_PATH,DISCLOSED_PATH,PORT-93BA44A86FDE,CAND-D862A4AE5F72FA,P3,PORT-93BA44A86FDE,468.703944,56196.179,119.896962,True,True,,0.0,3.446647212967946e-06,True,True,True,True,,0.0,0.0,0.0,2,2,0.5333221247999999,0.65,2.6399999999999997,P3,균형형 라이트헤지,False,31966.0,2034,8019.0,122.668698,57495.303,57495.303,70875.343,468.703944,122.668698,157.682991,82040.434,73906.64,87286.68,16411.337,7957.853,-175.941,0.0,151.21559,28.546892,140.022498,17.353799,0.0,0.0,0.0,0.0,0.0,468.703944,70875.343,7.210385,13.205077,14173.075,1451.027,15895.347,49493.975,328.09,-16411.337,-7590.023,155.15,100,True,99.725211
NIPPON_STEEL_JP,Nippon Steel,JP,34.3,72.6,ACCELERATED_15C,DISCLOSED_PATH,PORT-93BA44A86FDE,CAND-D862A4AE5F72FA,P3,PORT-93BA44A86FDE,468.703944,51476.554,109.82744,True,True,,0.0,3.446647212967946e-06,True,True,True,True,,0.0,0.0,0.0,2,2,0.5333221247999999,0.65,2.6399999999999997,P3,균형형 라이트헤지,False,31966.0,2034,8019.0,112.414783,52689.252,52689.252,66694.677,468.703944,112.414783,164.084179,87839.918,76906.902,90912.327,24217.65,10774.497,-158.519,0.0,142.295958,29.881176,135.740842,23.326059,0.0,0.0,0.0,0.0,0.0,468.703944,66694.677,6.785072,12.426159,18170.715,1451.027,16922.297,51318.991,351.084,-24217.65,-11370.35,63.139,100,True,77.970175
NIPPON_STEEL_JP,Nippon Steel,JP,34.3,72.6,DISCLOSED_PATH,DISCLOSED_PATH,PORT-7F141003EFD9,CAND-7F68777647A3B1,P1,PORT-7F141003EFD9,466.428943,56313.625,120.733557,True,True,,0.0,3.446647212967946e-06,True,True,True,True,,0.0,0.0,0.0,2,2,0.5333221247999997,0.65,2.6399999999999997,P1,지연·현물조달,False,32414.8,2034,8019.0,125.396636,58488.62,58488.62,75967.15,466.428943,125.396636,160.408417,79071.263,74819.129,92297.658,16330.508,4287.386,35.252,-0.0,162.869716,37.47308,134.512995,9.11636,0.0,0.0,0.0,0.0,0.0,466.428943,75967.15,7.728391,14.153752,14371.026,1415.609,15433.807,47731.385,0.0,-16330.508,-3851.262,-281.437,100,True,102.453149
NIPPON_STEEL_JP,Nippon Steel,JP,34.3,72.6,ACCELERATED_15C,DISCLOSED_PATH,PORT-7F141003EFD9,CAND-7F68777647A3B1,P1,PORT-7F141003EFD9,466.428943,53131.266,113.91074,True,True,,0.0,3.446647212967946e-06,True,True,True,True,,0.0,0.0,0.0,2,2,0.5333221247999997,0.65,2.6399999999999997,P1,지연·현물조달,False,32414.8,2034,8019.0,118.064504,55068.702,55068.702,74818.089,466.428943,118.064504,169.728419,84748.157,79166.247,98915.635,24097.545,5299.292,-282.618,-0.0,160.406189,42.341686,130.031835,11.967332,0.0,0.0,0.0,0.0,0.0,466.428943,74818.089,7.611494,13.939666,14000.762,1415.609,18020.526,50011.779,0.0,-24097.545,-4671.307,388.878,100,True,83.619896
NIPPON_STEEL_JP,Nippon Steel,JP,34.3,72.6,DISCLOSED_PATH,DISCLOSED_PATH,PORT-93BA44A86FDE,CAND-505DC50EEE65AA,P2,PORT-93BA44A86FDE,468.703944,58159.645,124.086101,True,True,,0.0,3.446647212967946e-06,True,True,True,True,,0.0,0.0,0.0,2,2,0.5333221247999999,0.65,2.6399999999999997,P2,지연·부분헤지,False,31966.0,2034,8019.0,127.515633,59767.08,59767.08,76586.783,468.703944,127.515633,162.529926,82202.074,76178.417,92998.12,16411.337,5731.057,-292.6,-0.0,163.401192,35.885559,140.367364,12.85173,0.0,0.0,0.0,0.0,0.0,468.703944,76586.783,7.791429,14.269198,13999.182,1451.027,16075.88,49686.76,100.963,-16411.337,-5288.813,153.42,100,True,104.572146
NIPPON_STEEL_JP,Nippon Steel,JP,34.3,72.6,ACCELERATED_15C,DISCLOSED_PATH,PORT-93BA44A86FDE,CAND-505DC50EEE65AA,P2,PORT-93BA44A86FDE,468.703944,54511.067,116.301704,True,True,,0.0,3.446647212967946e-06,True,True,True,True,,0.0,0.0,0.0,2,2,0.5333221247999999,0.65,2.6399999999999997,P2,지연·부분헤지,False,31966.0,2034,8019.0,119.510451,56015.02,56015.02,73975.033,468.703944,119.510451,171.179848,88030.756,80232.67,98192.683,24217.65,7532.45,-265.636,-0.0,157.828911,38.318459,136.148004,16.637553,0.0,0.0,0.0,0.0,0.0,468.703944,73975.033,7.525727,13.782592,13999.182,1451.027,17697.519,54063.243,107.558,-24217.65,-6927.385,-158.473,100,True,85.065843
NIPPON_STEEL_JP,Nippon Steel,JP,34.3,72.6,DISCLOSED_PATH,DISCLOSED_PATH,PORT-93BA44A86FDE,CAND-0B64D3C56ED2FD,P1,PORT-93BA44A86FDE,468.703944,59510.078,126.967309,True,True,,0.0,3.446647212967946e-06,True,True,True,True,,0.0,0.0,0.0,2,2,0.5333221247999999,0.65,2.6399999999999997,P1,지연·현물조달,False,31966.0,2034,8019.0,130.931071,61367.909,61367.909,80800.572,468.703944,130.931071,165.945363,82355.3,77779.246,97211.909,16411.337,4220.159,-355.895,0.0,172.391492,41.460422,140.694279,9.763208,0.0,0.0,0.0,0.0,0.0,468.703944,80800.572,8.220112,15.054287,19418.447,1451.027,15506.385,46770.655,0.0,-16411.337,-5247.793,-119.474,100,True,107.987584
NIPPON_STEEL_JP,Nippon Steel,JP,34.3,72.6,ACCELERATED_15C,DISCLOSED_PATH,PORT-93BA44A86FDE,CAND-0B64D3C56ED2FD,P1,PORT-93BA44A86FDE,468.703944,56575.087,120.705378,True,True,,0.0,3.446647212967946e-06,True,True,True,True,,0.0,0.0,0.0,2,2,0.5333221247999999,0.65,2.6399999999999997,P1,지연·현물조달,False,31966.0,2034,8019.0,124.430382,58321.011,58321.011,79340.925,468.703944,124.430382,176.099778,88211.173,82538.661,103558.575,24217.65,5217.821,-454.692,0.0,169.277271,44.84689,136.532931,12.102549,0.0,0.0,0.0,0.0,0.0,468.703944,79340.925,8.071617,14.782334,13883.253,1451.027,17891.508,54202.793,0.0,-24217.65,-4623.958,-265.961,100,True,89.985774
NIPPON_STEEL_JP,Nippon Steel,JP,34.3,72.6,DISCLOSED_PATH,DISCLOSED_PATH,PORT-7CA9F3BA0776,CAND-EBFD77804A64A5,P3,PORT-7CA9F3BA0776,473.428944,62550.582,132.122428,True,True,,0.0,3.446647212967946e-06,True,True,True,True,,0.0,0.0,0.0,2,2,0.5840479807999999,0.65,3.12,P3,균형형 라이트헤지,False,34771.0,2034,8019.0,134.495905,63674.255,63674.255,77516.616,473.428944,134.495905,169.506492,89546.935,80249.279,94091.641,16575.025,8847.003,-450.654,0.0,163.734426,29.238521,154.134874,19.638969,0.0,0.0,0.0,0.0,0.0,473.428944,77516.616,7.886024,14.442439,15453.329,1513.607,15712.962,55518.519,357.426,-16575.025,-8420.996,114.432,100,True,111.552418
NIPPON_STEEL_JP,Nippon Steel,JP,34.3,72.6,ACCELERATED_15C,DISCLOSED_PATH,PORT-7CA9F3BA0776,CAND-EBFD77804A64A5,P3,PORT-7CA9F3BA0776,473.428944,57996.795,122.503695,True,True,,0.0,3.446647212967946e-06,True,True,True,True,,0.0,0.0,0.0,2,2,0.5840479807999999,0.65,3.12,P3,균형형 라이트헤지,False,34771.0,2034,8019.0,124.549302,58965.245,58965.245,73939.963,473.428944,124.549302,176.220543,95590.435,83427.906,98402.624,24462.661,12057.854,-104.675,-0.0,156.179642,31.63034,150.239598,25.690295,0.0,0.0,0.0,0.0,0.0,473.428944,73939.963,7.522159,13.776058,16568.212,1513.607,16334.862,60311.04,382.671,-24462.661,-11865.37,182.884,100,True,90.104694
NIPPON_STEEL_JP,Nippon Steel,JP,34.3,72.6,DISCLOSED_PATH,DISCLOSED_PATH,PORT-7CA9F3BA0776,CAND-BF06102F6003FE,P2,PORT-7CA9F3BA0776,473.428944,64756.815,136.782544,True,True,,0.0,3.446647212967946e-06,True,True,True,True,,0.0,0.0,0.0,2,2,0.5840479807999999,0.65,3.12,P2,지연·부분헤지,False,34771.0,2034,8019.0,139.675953,66126.639,66126.639,83631.234,473.428944,139.675953,174.686539,89790.488,82701.664,100206.259,16575.025,6381.751,-707.074,0.0,176.650024,36.974071,154.649319,14.973365,0.0,0.0,0.0,0.0,0.0,473.428944,83631.234,8.508084,15.581679,15252.157,1513.607,15893.791,55699.088,109.569,-16575.025,-5851.007,84.459,100,True,116.732466
NIPPON_STEEL_JP,Nippon Steel,JP,34.3,72.6,ACCELERATED_15C,DISCLOSED_PATH,PORT-7CA9F3BA0776,CAND-BF06102F6003FE,P2,PORT-7CA9F3BA0776,473.428944,61412.328,129.718153,True,True,,0.0,3.446647212967946e-06,True,True,True,True,,0.0,0.0,0.0,2,2,0.5840479807999999,0.65,3.12,P2,지연·부분헤지,False,34771.0,2034,8019.0,132.382969,62673.929,62673.929,81987.354,473.428944,132.382969,184.05421,95735.999,87136.59,106450.015,24462.661,8344.885,-254.524,0.0,173.177738,40.794769,150.547066,18.164096,0.0,0.0,0.0,0.0,0.0,473.428944,81987.354,8.340847,15.275401,16624.32,1513.607,16322.847,60468.97,116.758,-24462.661,-8153.487,243.574,100,True,97.938361
NIPPON_STEEL_JP,Nippon Steel,JP,34.3,72.6,DISCLOSED_PATH,DISCLOSED_PATH,PORT-7CA9F3BA0776,CAND-7431CBC596FC03,P1,PORT-7CA9F3BA0776,473.428944,66273.303,139.985744,True,True,,0.0,3.446647212967946e-06,True,True,True,True,,0.0,0.0,0.0,2,2,0.5840479807999999,0.65,3.12,P1,지연·현물조달,False,34771.0,2034,8019.0,143.314559,67849.26,67849.26,88196.347,473.428944,143.314559,178.325145,90015.614,84424.285,104771.371,16575.025,4675.858,-915.472,0.0,186.292679,42.978121,155.124841,11.810282,0.0,0.0,0.0,0.0,0.0,473.428944,88196.347,8.972508,16.432224,15118.042,1513.607,16074.62,55819.467,0.0,-16575.025,-4131.166,29.715,100,True,120.371072
NIPPON_STEEL_JP,Nippon Steel,JP,34.3,72.6,ACCELERATED_15C,DISCLOSED_PATH,PORT-7CA9F3BA0776,CAND-7431CBC596FC03,P1,PORT-7CA9F3BA0776,473.428944,63734.393,134.622932,True,True,,0.0,3.446647212967946e-06,True,True,True,True,,0.0,0.0,0.0,2,2,0.5840479807999999,0.65,3.12,P1,지연·현물조달,False,34771.0,2034,8019.0,137.809349,65242.935,65242.935,87960.44,473.428944,137.809349,189.48059,95896.343,89705.596,112423.1,24462.661,5799.893,-390.855,0.0,185.794385,47.985036,150.885753,13.076403,0.0,0.0,0.0,0.0,0.0,473.428944,87960.44,8.948509,16.388271,16661.725,1513.607,16310.832,60574.257,0.0,-24462.661,-5678.135,323.308,100,True,103.364741
NIPPON_STEEL_JP,Nippon Steel,JP,34.3,72.6,DISCLOSED_PATH,DISCLOSED_PATH,PORT-7DCD4991144C,CAND-FCEB78D7C5F4C6,P1,PORT-7DCD4991144C,313.643967,6683.267,21.30845,True,True,,0.0,3.446647212967946e-06,True,True,True,True,,0.0,0.0,0.0,2,2,0.28236113919999994,0.65,0.88,P1,지연·현물조달,False,19427.1,2029,6160.0,22.943487,7196.086,7196.086,10955.742,313.643967,22.943487,57.919012,20016.726,18165.949,21925.605,10969.862,1693.312,-157.465,0.0,34.930506,11.987019,28.844372,5.900885,0.0,0.0,0.0,0.0,0.0,313.643967,10955.742,1.114564,2.041209,8147.421,721.269,11132.068,0.0,0.0,-10969.862,-1869.058,34.249,100,True,0.0
NIPPON_STEEL_JP,Nippon Steel,JP,34.3,72.6,ACCELERATED_15C,DISCLOSED_PATH,PORT-7DCD4991144C,CAND-FCEB78D7C5F4C6,P1,PORT-7DCD4991144C,313.643967,2332.517,7.43683,False,False,2035,14.544997934999998,-14.544997934999998,True,True,True,True,,0.0,0.0,0.0,2,2,0.28236113919999994,0.65,0.88,P1,지연·현물조달,False,19427.1,2029,6160.0,9.42554,2956.264,2956.264,7068.202,313.643967,9.42554,60.894768,21112.283,19099.276,23211.215,16143.013,2031.975,18.968,-0.0,22.53575,13.11021,15.843668,6.418128,0.0,0.0,0.0,0.0,0.0,313.643967,7068.202,0.719072,1.316906,7517.963,721.269,12864.6,0.0,0.0,-16143.013,-2126.305,121.748,100,True,-25.019068
NIPPON_STEEL_JP,Nippon Steel,JP,34.3,72.6,DISCLOSED_PATH,DISCLOSED_PATH,PORT-5CFD50239439,CAND-87B9435721978E,P1,PORT-5CFD50239439,321.473932,6865.237,21.355503,True,True,,0.0,3.446647212967946e-06,True,True,True,True,,0.0,0.0,0.0,2,2,0.28236113919999994,0.65,0.88,P1,지연·현물조달,False,19052.0,2029,6160.0,23.708063,7621.524,7621.524,10982.043,321.473932,23.708063,58.701433,20603.259,18870.981,22231.499,11249.456,1707.3,-24.978,0.0,34.161534,10.453472,29.096612,5.38855,0.0,0.0,0.0,0.0,0.0,321.473932,10982.043,1.11724,2.04611,5923.941,744.264,13611.489,0.0,0.0,-11249.456,-1371.378,-37.336,100,True,0.764576
NIPPON_STEEL_JP,Nippon Steel,JP,34.3,72.6,ACCELERATED_15C,DISCLOSED_PATH,PORT-5CFD50239439,CAND-87B9435721978E,P1,PORT-5CFD50239439,321.473932,2434.553,7.573095,False,False,2035,15.995002139999997,-15.995002139999997,True,True,True,True,,0.0,0.0,0.0,2,2,0.28236113919999994,0.65,0.88,P1,지연·현물조달,False,19052.0,2029,6160.0,9.938447,3194.952,3194.952,6971.567,321.473932,9.938447,61.366331,21828.664,19727.676,23504.291,16532.724,2048.76,-52.228,-0.0,21.686259,11.747812,16.473932,6.535485,0.0,0.0,0.0,0.0,0.0,321.473932,6971.567,0.709241,1.298901,7839.369,744.264,13277.711,0.0,0.0,-16532.724,-2180.938,47.27,100,True,-24.506161
NIPPON_STEEL_JP,Nippon Steel,JP,34.3,72.6,DISCLOSED_PATH,DISCLOSED_PATH,PORT-032FE0BDCFB5,CAND-23459FF23C9DCD,P1,PORT-032FE0BDCFB5,326.198932,13628.462,41.779602,True,True,,0.0,3.446647212967946e-06,True,True,True,True,,0.0,0.0,0.0,2,2,0.3603653631999999,0.65,1.3599999999999999,P1,지연·현물조달,False,21857.0,2038,7425.0,43.970677,14343.188,14343.188,19397.575,326.198932,43.970677,78.958972,27814.115,25756.332,30810.719,11413.144,2143.442,85.659,-0.0,59.465477,15.4948,50.279045,6.308368,0.0,0.0,0.0,0.0,0.0,326.198932,19397.575,1.97338,3.614042,9384.433,806.845,11890.04,6034.574,0.0,-11413.144,-2299.145,-60.415,100,True,21.02719
NIPPON_STEEL_JP,Nippon Steel,JP,34.3,72.6,ACCELERATED_15C,DISCLOSED_PATH,PORT-032FE0BDCFB5,CAND-23459FF23C9DCD,P1,PORT-032FE0BDCFB5,326.198932,9593.859,29.411067,False,False,2035,14.420002140000001,-14.420002140000001,True,True,True,True,,0.0,0.0,0.0,2,2,0.3603653631999999,0.65,1.3599999999999999,P1,지연·현물조달,False,21857.0,2038,7425.0,31.554406,10293.014,10293.014,15818.456,326.198932,31.554406,82.988464,29704.007,27070.748,32596.191,16777.735,2613.624,-19.635,0.0,48.493281,16.938875,39.626961,8.072555,0.0,0.0,0.0,0.0,0.0,326.198932,15818.456,1.609264,2.947202,9384.433,806.845,13077.654,6622.88,0.0,-16777.735,-2803.508,-17.555,100,True,-2.890202
NIPPON_STEEL_JP,Nippon Steel,JP,34.3,72.6,DISCLOSED_PATH,DISCLOSED_PATH,PORT-85B082834E97,CAND-7F997B0F0381A1,P1,PORT-85B082834E97,318.368967,13446.491,42.235558,True,True,,0.0,3.446647212967946e-06,True,True,True,True,,0.0,0.0,0.0,2,2,0.3603653631999999,0.65,1.3599999999999999,P1,지연·현물조달,False,22232.1,2038,7425.0,43.922363,13983.517,13983.517,19058.108,318.368967,43.922363,78.892952,27262.544,25117.068,30191.658,11133.55,2170.666,25.189,-0.0,59.8617,15.939337,50.661325,6.738961,0.0,0.0,0.0,0.0,0.0,318.368967,19058.108,1.938845,3.550794,10255.968,783.85,10264.663,6388.494,0.0,-11133.55,-2547.773,-28.134,100,True,20.978876
NIPPON_STEEL_JP,Nippon Steel,JP,34.3,72.6,ACCELERATED_15C,DISCLOSED_PATH,PORT-85B082834E97,CAND-7F997B0F0381A1,P1,PORT-85B082834E97,318.368967,9491.823,29.813907,False,False,2035,12.969997935000002,-12.969997935000002,True,True,True,True,,0.0,0.0,0.0,2,2,0.3603653631999999,0.65,1.3599999999999999,P1,지연·현물조달,False,22232.1,2038,7425.0,31.6506,10076.569,10076.569,15500.091,318.368967,31.6506,83.125541,29065.672,26464.593,31888.114,16388.024,2644.409,43.33,-0.0,48.685935,17.035335,39.820615,8.170015,0.0,0.0,0.0,0.0,0.0,318.368967,15500.091,1.576876,2.887886,9044.49,783.85,13518.526,5859.476,0.0,-16388.024,-2688.71,-53.04,100,True,-2.794008
NIPPON_STEEL_JP,Nippon Steel,JP,34.3,72.6,DISCLOSED_PATH,DISCLOSED_PATH,PORT-833EEC5002A6,CAND-9EF16DBB46004F,P1,PORT-833EEC5002A6,369.073938,17893.893,48.483221,True,True,,0.0,3.446647212967946e-06,True,True,True,True,,0.0,0.0,0.0,2,2,0.3870168063999999,0.65,1.52,P1,지연·현물조달,False,23556.5,2036,6237.0,50.554084,18658.195,18658.195,25160.586,369.073938,50.554084,85.539401,34220.572,31570.364,38072.755,12912.169,2504.608,-145.6,0.0,68.172211,17.618127,57.734782,7.180698,0.0,0.0,0.0,0.0,0.0,369.073938,25160.586,2.55967,4.687772,10207.161,912.261,15172.358,7926.786,0.0,-12912.169,-2566.29,-81.913,100,True,27.610597
NIPPON_STEEL_JP,Nippon Steel,JP,34.3,72.6,ACCELERATED_15C,DISCLOSED_PATH,PORT-833EEC5002A6,CAND-9EF16DBB46004F,P1,PORT-833EEC5002A6,369.073938,13527.603,36.652825,False,False,2035,9.707756491632594,-9.707756491632594,True,True,True,True,,0.0,0.0,0.0,2,2,0.3870168063999999,0.65,1.52,P1,지연·현물조달,False,23556.5,2036,6237.0,38.317294,14141.915,14141.915,21447.789,369.073938,38.317294,89.839518,36439.575,33157.425,40463.298,19015.51,3045.841,-236.309,-0.0,58.112444,19.79515,47.210228,8.892933,0.0,0.0,0.0,0.0,0.0,369.073938,21447.789,2.181955,3.996026,11162.675,912.261,14181.445,10192.699,0.0,-19015.51,-3383.76,92.104,100,True,3.872686
NIPPON_STEEL_JP,Nippon Steel,JP,34.3,72.6,DISCLOSED_PATH,DISCLOSED_PATH,PORT-10D90F59290D,CAND-BF076556907246,P1,PORT-10D90F59290D,361.243973,17711.923,49.030362,True,True,,0.0,3.446647212967946e-06,True,True,True,True,,0.0,0.0,0.0,2,2,0.3870168063999999,0.65,1.52,P1,지연·현물조달,False,23931.6,2036,6237.0,51.245341,18512.071,18512.071,24763.098,361.243973,51.245341,86.21499,33386.089,31144.645,37395.672,12632.575,2528.94,287.497,0.0,68.549511,17.304169,57.450132,6.204791,0.0,0.0,0.0,0.0,0.0,361.243973,24763.098,2.519232,4.613715,10842.664,889.266,12759.143,9549.091,0.0,-12632.575,-2728.006,-167.513,100,True,28.301854
NIPPON_STEEL_JP,Nippon Steel,JP,34.3,72.6,ACCELERATED_15C,DISCLOSED_PATH,PORT-10D90F59290D,CAND-BF076556907246,P1,PORT-10D90F59290D,361.243973,13425.567,37.164819,False,False,2035,8.257752286632595,-8.257752286632595,True,True,True,True,,0.0,0.0,0.0,2,2,0.3870168063999999,0.65,1.52,P1,지연·현물조달,False,23931.6,2036,6237.0,38.898474,14051.839,14051.839,21129.423,361.243973,38.898474,90.458639,35844.632,32677.638,39755.222,18625.799,3076.182,-90.812,-0.0,58.490728,19.592254,47.665385,8.766911,0.0,0.0,0.0,0.0,0.0,361.243973,21129.423,2.149567,3.93671,10842.664,889.266,14088.942,10423.391,0.0,-18625.799,-3325.539,-241.086,100,True,4.453866
NIPPON_STEEL_JP,Nippon Steel,JP,34.3,72.6,DISCLOSED_PATH,DISCLOSED_PATH,PORT-20A3A9F442CD,CAND-E6E6E810AB390A,P1,PORT-20A3A9F442CD,341.668938,16882.994,49.413313,True,True,,0.0,3.446647212967946e-06,True,True,True,True,,0.0,0.0,0.0,2,2,0.3603653631999999,0.65,1.36,P1,지연·현물조달,False,20999.0,2036,6237.0,52.153706,17819.301,17819.301,23959.41,341.668938,52.153706,87.166486,31975.451,29782.081,35922.189,11962.779,2120.565,-72.805,0.0,70.124635,17.970929,58.573284,6.419578,0.0,0.0,0.0,0.0,0.0,341.668938,23959.41,2.437471,4.463976,6667.22,867.561,13862.319,10050.581,0.0,-11962.779,-1612.503,-53.097,100,True,29.210219
NIPPON_STEEL_JP,Nippon Steel,JP,34.3,72.6,ACCELERATED_15C,DISCLOSED_PATH,PORT-20A3A9F442CD,CAND-E6E6E810AB390A,P1,PORT-20A3A9F442CD,341.668938,12932.884,37.852093,False,False,2035,15.61000095,-15.61000095,True,True,True,True,,0.0,0.0,0.0,2,2,0.3603653631999999,0.65,1.36,P1,지연·현물조달,False,20999.0,2036,6237.0,40.083807,13695.392,13695.392,20641.979,341.668938,40.083807,91.579405,34082.057,31289.838,38236.425,17594.446,2590.707,-201.512,-0.0,60.415147,20.33134,48.256101,8.172294,0.0,0.0,0.0,0.0,0.0,341.668938,20641.979,2.099977,3.845892,10124.686,867.561,13077.883,10192.699,0.0,-17594.446,-3022.138,49.147,100,True,5.639199
NIPPON_STEEL_JP,Nippon Steel,JP,34.3,72.6,DISCLOSED_PATH,DISCLOSED_PATH,PORT-FFBC6AEA16BA,CAND-D5FFDB7EE708DF,P1,PORT-FFBC6AEA16BA,333.838973,16701.024,50.027183,True,True,,0.0,3.446647212967946e-06,True,True,True,True,,0.0,0.0,0.0,2,2,0.3603653631999999,0.65,1.36,P1,지연·현물조달,False,21374.1,2036,6237.0,52.665047,17581.645,17581.645,23572.691,333.838973,52.665047,87.661515,31301.349,29264.83,35255.876,11683.185,2142.193,105.675,0.0,70.610962,17.945915,58.765349,6.100303,0.0,0.0,0.0,0.0,0.0,333.838973,23572.691,2.398128,4.391925,9014.64,844.566,13690.177,7926.786,0.0,-11683.185,-2220.074,8.735,100,True,29.72156
NIPPON_STEEL_JP,Nippon Steel,JP,34.3,72.6,ACCELERATED_15C,DISCLOSED_PATH,PORT-FFBC6AEA16BA,CAND-D5FFDB7EE708DF,P1,PORT-FFBC6AEA16BA,333.838973,12830.848,38.434244,False,False,2035,14.159996745,-14.159996745,True,True,True,True,,0.0,0.0,0.0,2,2,0.3603653631999999,0.65,1.36,P1,지연·현물조달,False,21374.1,2036,6237.0,40.786479,13616.116,13616.116,20323.613,333.838973,40.786479,92.322508,33502.047,30820.851,37528.348,17204.735,2617.366,-63.829,-0.0,60.878492,20.092013,48.817882,8.031403,0.0,0.0,0.0,0.0,0.0,333.838973,20323.613,2.067589,3.786576,9433.929,844.566,12988.628,10423.391,0.0,-17204.735,-2834.754,-34.908,100,True,6.341871
NIPPON_STEEL_JP,Nippon Steel,JP,34.3,72.6,DISCLOSED_PATH,DISCLOSED_PATH,PORT-A38E7AB93504,CAND-7C97E5CB4322B2,P3,PORT-A38E7AB93504,373.798938,23602.895,63.143292,True,True,,0.0,3.446647212967946e-06,True,True,True,True,,0.0,0.0,0.0,2,2,0.45364541439999984,0.65,2.0,P3,균형형 라이트헤지,False,26361.5,2038,7425.0,64.835729,24235.526,24235.526,29855.316,373.798938,64.835729,99.816718,41413.086,37311.383,42931.172,13075.857,4215.15,113.447,0.0,79.869985,15.034256,75.808748,10.973019,0.0,0.0,0.0,0.0,0.0,373.798938,29855.316,3.037281,5.562467,10334.884,974.842,14003.075,15792.83,174.699,-13075.857,-3963.152,-5.794,100,True,41.892242
NIPPON_STEEL_JP,Nippon Steel,JP,34.3,72.6,ACCELERATED_15C,DISCLOSED_PATH,PORT-A38E7AB93504,CAND-7C97E5CB4322B2,P3,PORT-A38E7AB93504,373.798938,19115.251,51.137789,False,False,2035,9.707756491632594,-9.707756491632594,True,True,True,True,,0.0,0.0,0.0,2,2,0.45364541439999984,0.65,2.0,P3,균형형 라이트헤지,False,26361.5,2038,7425.0,52.749784,19717.813,19717.813,25831.353,373.798938,52.749784,104.276204,44377.722,38978.334,45091.874,19260.521,5418.523,19.135,0.0,69.104939,16.355155,67.194415,14.444631,0.0,0.0,0.0,0.0,0.0,373.798938,25831.353,2.62791,4.812746,10334.884,974.842,15386.662,17368.615,186.407,-19260.521,-5129.282,-143.793,100,True,18.305176
NIPPON_STEEL_JP,Nippon Steel,JP,34.3,72.6,DISCLOSED_PATH,DISCLOSED_PATH,PORT-92BAA222AC4A,CAND-D42C7F372720F7,P3,PORT-92BAA222AC4A,365.968973,23427.961,64.016249,True,True,,0.0,3.446647212967946e-06,True,True,True,True,,0.0,0.0,0.0,2,2,0.45364541439999984,0.65,2.0,P3,균형형 라이트헤지,False,26736.6,2038,7425.0,65.322203,23905.899,23905.899,29577.759,365.968973,65.322203,100.287633,40879.929,36702.162,42374.021,12796.263,4222.599,44.831,0.0,80.8204,15.498197,76.737835,11.415632,0.0,0.0,0.0,0.0,0.0,365.968973,29577.759,3.009044,5.510754,10881.455,951.847,12441.929,16342.578,172.859,-12796.263,-4087.0,-1.507,100,True,42.378716
NIPPON_STEEL_JP,Nippon Steel,JP,34.3,72.6,ACCELERATED_15C,DISCLOSED_PATH,PORT-92BAA222AC4A,CAND-D42C7F372720F7,P3,PORT-92BAA222AC4A,365.968973,19011.589,51.948637,False,False,2035,8.257752286632595,-8.257752286632595,True,True,True,True,,0.0,0.0,0.0,2,2,0.45364541439999984,0.65,2.0,P3,균형형 라이트헤지,False,26736.6,2038,7425.0,53.374152,19533.284,19533.284,25716.978,365.968973,53.374152,104.938112,43808.034,38404.093,44587.787,18870.81,5410.867,6.927,-0.0,70.270924,16.896772,68.140268,14.766116,0.0,0.0,0.0,0.0,0.0,365.968973,25716.978,2.616274,4.791436,10881.455,951.847,13739.184,18035.123,184.449,-18870.81,-5318.134,-69.83,100,True,18.929544
NIPPON_STEEL_JP,Nippon Steel,JP,34.3,72.6,DISCLOSED_PATH,DISCLOSED_PATH,PORT-A38E7AB93504,CAND-67842A89ECECE4,P2,PORT-A38E7AB93504,373.798938,24224.913,64.807336,True,True,,0.0,3.446647212967946e-06,True,True,True,True,,0.0,0.0,0.0,2,2,0.45364541439999984,0.65,2.0,P2,지연·부분헤지,False,26361.5,2038,7425.0,66.913647,25012.25,25012.25,32073.648,373.798938,66.913647,101.894636,41435.898,38088.107,45149.505,13075.857,3489.278,141.487,-0.0,85.804546,18.890899,75.869775,8.956128,0.0,0.0,0.0,0.0,0.0,373.798938,32073.648,3.262959,5.975773,12813.147,974.842,12693.27,15297.769,57.076,-13075.857,-3773.6,25.603,100,True,43.97016
NIPPON_STEEL_JP,Nippon Steel,JP,34.3,72.6,ACCELERATED_15C,DISCLOSED_PATH,PORT-A38E7AB93504,CAND-67842A89ECECE4,P2,PORT-A38E7AB93504,373.798938,20047.34,53.631344,False,False,2035,9.707756491632594,-9.707756491632594,True,True,True,True,,0.0,0.0,0.0,2,2,0.45364541439999984,0.65,2.0,P2,지연·부분헤지,False,26361.5,2038,7425.0,55.695247,20818.824,20818.824,28637.544,373.798938,55.695247,107.221666,44411.383,40079.345,47898.065,19260.521,4369.478,37.44,-0.0,76.61216,20.916913,67.284465,11.589219,0.0,0.0,0.0,0.0,0.0,373.798938,28637.544,2.913393,5.335579,12813.147,974.842,13952.517,16820.26,60.592,-19260.521,-4738.217,196.204,100,True,21.250639
NIPPON_STEEL_JP,Nippon Steel,JP,34.3,72.6,DISCLOSED_PATH,DISCLOSED_PATH,PORT-9961527CE1F4,CAND-59D7A6AFC21669,P2,PORT-9961527CE1F4,407.153943,26605.266,65.344489,True,True,,0.0,3.446647212967946e-06,True,True,True,True,,0.0,0.0,0.0,2,2,0.3870168063999999,0.65,1.52,P2,지연·부분헤지,False,24843.5,2034,8019.0,68.266677,27795.047,27795.047,36089.275,407.153943,68.266677,103.285342,45513.42,42053.034,50347.262,14257.988,3473.235,12.85,0.0,88.637911,20.371234,76.765638,8.498962,0.0,0.0,0.0,0.0,0.0,407.153943,36089.275,3.671482,6.723941,11247.283,1064.205,14787.144,18472.577,60.853,-14257.988,-3468.999,-110.028,100,True,45.32319
NIPPON_STEEL_JP,Nippon Steel,JP,34.3,72.6,ACCELERATED_15C,DISCLOSED_PATH,PORT-9961527CE1F4,CAND-59D7A6AFC21669,P2,PORT-9961527CE1F4,407.153943,22084.982,54.242339,False,False,2040,3.7550006099999997,-3.7550006099999997,True,True,True,True,,0.0,0.0,0.0,2,2,0.3870168063999999,0.65,1.52,P2,지연·부분헤지,False,24843.5,2034,8019.0,56.907728,23170.206,23170.206,32480.839,407.153943,56.907728,108.508224,48787.369,44179.551,53490.184,21009.345,4366.67,-241.148,0.0,79.775326,22.867598,68.224868,11.31714,0.0,0.0,0.0,0.0,0.0,407.153943,32480.839,3.304384,6.051639,11247.283,1064.205,16309.184,20157.895,64.655,-21009.345,-4350.877,-312.793,100,True,22.46312
NIPPON_STEEL_JP,Nippon Steel,JP,34.3,72.6,DISCLOSED_PATH,DISCLOSED_PATH,PORT-92BAA222AC4A,CAND-73FBF939F237E6,P2,PORT-92BAA222AC4A,365.968973,24045.865,65.704656,True,True,,0.0,3.446647212967946e-06,True,True,True,True,,0.0,0.0,0.0,2,2,0.45364541439999984,0.65,2.0,P2,지연·부분헤지,False,26736.6,2038,7425.0,67.385189,24660.888,24660.888,31767.049,365.968973,67.385189,102.350619,40903.285,37457.151,44563.312,12796.263,3471.766,25.632,0.0,86.802574,19.417385,76.801654,9.416466,0.0,0.0,0.0,0.0,0.0,365.968973,31767.049,3.231768,5.918649,10851.005,951.847,12411.733,16495.568,56.479,-12796.263,-3315.501,6.022,100,True,44.441702
NIPPON_STEEL_JP,Nippon Steel,JP,34.3,72.6,ACCELERATED_15C,DISCLOSED_PATH,PORT-92BAA222AC4A,CAND-73FBF939F237E6,P2,PORT-92BAA222AC4A,365.968973,19944.765,54.498513,False,False,2035,8.257752286632595,-8.257752286632595,True,True,True,True,,0.0,0.0,0.0,2,2,0.45364541439999984,0.65,2.0,P2,지연·부분헤지,False,26736.6,2038,7425.0,56.297548,20603.156,20603.156,28453.652,365.968973,56.297548,107.861509,43822.69,39473.966,47324.461,18870.81,4369.352,20.628,0.0,77.748809,21.451261,68.180316,11.882768,0.0,0.0,0.0,0.0,0.0,365.968973,28453.652,2.894685,5.301317,12235.026,951.847,13886.018,17054.027,59.955,-18870.81,-4600.515,-112.393,100,True,21.85294
NIPPON_STEEL_JP,Nippon Steel,JP,34.3,72.6,DISCLOSED_PATH,DISCLOSED_PATH,PORT-A38E7AB93504,CAND-E305EEE782C913,P1,PORT-A38E7AB93504,373.798938,24657.118,65.963584,True,True,,0.0,3.446647212967946e-06,True,True,True,True,,0.0,0.0,0.0,2,2,0.45364541439999984,0.65,2.0,P1,지연·현물조달,False,26361.5,2038,7425.0,68.417847,25574.519,25574.519,33860.958,373.798938,68.417847,103.398837,41487.634,38650.375,46936.815,13075.857,2928.346,91.087,0.0,90.58602,22.168173,76.008182,7.590335,0.0,0.0,0.0,0.0,0.0,373.798938,33860.958,3.444788,6.308774,10098.929,974.842,14404.005,15864.563,0.0,-13075.857,-2602.358,-89.606,100,True,45.47436
NIPPON_STEEL_JP,Nippon Steel,JP,34.3,72.6,ACCELERATED_15C,DISCLOSED_PATH,PORT-A38E7AB93504,CAND-E305EEE782C913,P1,PORT-A38E7AB93504,373.798938,20686.909,55.342342,False,False,2035,9.707756491632594,-9.707756491632594,True,True,True,True,,0.0,0.0,0.0,2,2,0.45364541439999984,0.65,2.0,P1,지연·현물조달,False,26361.5,2038,7425.0,57.791675,21602.467,21602.467,30696.633,373.798938,57.791675,109.318094,44474.111,40862.988,49957.154,19260.521,3595.995,-15.129,0.0,82.120706,24.329031,67.452279,9.660604,0.0,0.0,0.0,0.0,0.0,373.798938,30696.633,3.122871,5.719216,10098.929,974.842,15817.7,17450.208,0.0,-19260.521,-3190.624,-288.068,100,True,23.347067
NIPPON_STEEL_JP,Nippon Steel,JP,34.3,72.6,DISCLOSED_PATH,DISCLOSED_PATH,PORT-9961527CE1F4,CAND-B22DEBDE0F4599,P1,PORT-9961527CE1F4,407.153943,27109.893,66.583889,True,True,,0.0,3.446647212967946e-06,True,True,True,True,,0.0,0.0,0.0,2,2,0.3870168063999999,0.65,1.52,P1,지연·현물조달,False,24843.5,2034,8019.0,69.875089,28449.918,28449.918,38229.032,407.153943,69.875089,104.893754,45666.103,42707.906,52487.019,14257.988,2825.64,-132.558,0.0,93.893311,24.018222,77.140639,7.26555,0.0,0.0,0.0,0.0,0.0,407.153943,38229.032,3.889167,7.122608,11324.779,1064.205,14856.275,18524.497,0.0,-14257.988,-2899.443,-162.408,100,True,46.931602
NIPPON_STEEL_JP,Nippon Steel,JP,34.3,72.6,ACCELERATED_15C,DISCLOSED_PATH,PORT-9961527CE1F4,CAND-B22DEBDE0F4599,P1,PORT-9961527CE1F4,407.153943,22833.515,56.08079,False,False,2040,3.7550006099999997,-3.7550006099999997,True,True,True,True,,0.0,0.0,0.0,2,2,0.3870168063999999,0.65,1.52,P1,지연·현물조달,False,24843.5,2034,8019.0,59.206554,24106.182,24106.182,35027.219,407.153943,59.206554,110.80705,48911.437,45115.527,56036.564,21009.345,3448.323,-347.587,0.0,86.029423,26.822869,68.529587,9.323032,0.0,0.0,0.0,0.0,0.0,407.153943,35027.219,3.563436,6.526065,11324.779,1064.205,16389.974,20217.318,0.0,-21009.345,-3534.542,-346.206,100,True,24.761946
NIPPON_STEEL_JP,Nippon Steel,JP,34.3,72.6,DISCLOSED_PATH,DISCLOSED_PATH,PORT-92BAA222AC4A,CAND-62B732F24FF616,P1,PORT-92BAA222AC4A,365.968973,24475.147,66.877656,True,True,,0.0,3.446647212967946e-06,True,True,True,True,,0.0,0.0,0.0,2,2,0.45364541439999984,0.65,2.0,P1,지연·현물조달,False,26736.6,2038,7425.0,68.89133,25212.089,25212.089,33529.616,365.968973,68.89133,103.85676,40899.847,38008.352,46325.878,12796.263,2963.041,71.546,0.0,91.618739,22.727409,76.792259,7.900929,0.0,0.0,0.0,0.0,0.0,365.968973,33529.616,3.41108,6.247041,10830.704,951.847,12381.537,16597.561,0.0,-12796.263,-2796.405,43.108,100,True,45.947843
NIPPON_STEEL_JP,Nippon Steel,JP,34.3,72.6,ACCELERATED_15C,DISCLOSED_PATH,PORT-92BAA222AC4A,CAND-62B732F24FF616,P1,PORT-92BAA222AC4A,365.968973,20584.873,56.24759,False,False,2035,8.257752286632595,-8.257752286632595,True,True,True,True,,0.0,0.0,0.0,2,2,0.45364541439999984,0.65,2.0,P1,지연·현물조달,False,26736.6,2038,7425.0,58.23675,21312.844,21312.844,30645.735,365.968973,58.23675,109.800711,43819.71,40183.653,49516.544,18870.81,3628.34,-7.717,-0.0,83.738615,25.501864,68.172175,9.935424,0.0,0.0,0.0,0.0,0.0,365.968973,30645.735,3.117693,5.709733,12387.728,951.847,13888.885,17046.271,0.0,-18870.81,-3948.109,-142.969,100,True,23.792142
NIPPON_STEEL_JP,Nippon Steel,JP,34.3,72.6,DISCLOSED_PATH,DISCLOSED_PATH,PORT-4025A7B6BA3A,CAND-54996F21D43414,P2,PORT-4025A7B6BA3A,379.748943,25591.241,67.389893,True,True,,0.0,3.446647212967946e-06,True,True,True,True,,0.0,0.0,0.0,2,2,0.3603653631999999,0.65,1.36,P2,지연·부분헤지,False,22286.0,2034,8019.0,70.346286,26713.928,26713.928,34792.979,379.748943,70.346286,105.392067,43098.754,40022.526,48101.577,13308.598,3075.112,-1.117,0.0,91.621002,21.274716,78.446976,8.10069,0.0,0.0,0.0,0.0,0.0,379.748943,34792.979,3.539606,6.482423,10620.464,1019.504,14618.742,16914.289,56.787,-13308.598,-3252.245,44.985,100,True,47.402799
NIPPON_STEEL_JP,Nippon Steel,JP,34.3,72.6,ACCELERATED_15C,DISCLOSED_PATH,PORT-4025A7B6BA3A,CAND-54996F21D43414,P2,PORT-4025A7B6BA3A,379.748943,21486.892,56.581834,False,False,2040,12.890000609999998,-12.890000609999998,True,True,True,True,,0.0,0.0,0.0,2,2,0.3603653631999999,0.65,1.36,P2,지연·부분헤지,False,22286.0,2034,8019.0,59.252872,22501.215,22501.215,31201.812,379.748943,59.252872,110.835061,46084.869,42089.497,50790.094,19588.282,3877.545,-117.827,0.0,82.164315,22.911443,69.77396,10.521088,0.0,0.0,0.0,0.0,0.0,379.748943,31201.812,3.174264,5.813338,9842.571,1019.504,14943.143,20157.895,60.394,-19588.282,-3860.605,-73.405,100,True,24.808264
NIPPON_STEEL_JP,Nippon Steel,JP,34.3,72.6,DISCLOSED_PATH,DISCLOSED_PATH,PORT-4025A7B6BA3A,CAND-0CCB31C64DEB2F,P1,PORT-4025A7B6BA3A,379.748943,26098.994,68.726969,True,True,,0.0,3.446647212967946e-06,True,True,True,True,,0.0,0.0,0.0,2,2,0.3603653631999999,0.65,1.36,P1,지연·현물조달,False,22286.0,2034,8019.0,72.185303,27412.293,27412.293,36802.266,379.748943,72.185303,107.231083,43215.244,40720.89,50110.864,13308.598,2477.34,-17.013,0.0,96.912097,24.726794,78.75373,6.568427,0.0,0.0,0.0,0.0,0.0,379.748943,36802.266,3.744017,6.856782,10778.992,1019.504,14836.515,16793.066,0.0,-13308.598,-2733.859,26.673,100,True,49.241816
NIPPON_STEEL_JP,Nippon Steel,JP,34.3,72.6,ACCELERATED_15C,DISCLOSED_PATH,PORT-4025A7B6BA3A,CAND-0CCB31C64DEB2F,P1,PORT-4025A7B6BA3A,379.748943,22238.796,58.561839,False,False,2040,12.890000609999998,-12.890000609999998,True,True,True,True,,0.0,0.0,0.0,2,2,0.3603653631999999,0.65,1.36,P1,지연·현물조달,False,22286.0,2034,8019.0,61.659809,23415.247,23415.247,33631.415,379.748943,61.659809,113.241998,46216.211,43003.529,53219.697,19588.282,3026.083,-186.599,0.0,88.562236,26.902427,70.119825,8.460016,0.0,0.0,0.0,0.0,0.0,379.748943,33631.415,3.421436,6.266007,9903.862,1019.504,14984.084,20217.318,0.0,-19588.282,-3039.513,-81.727,100,True,27.215201
NIPPON_STEEL_JP,Nippon Steel,JP,34.3,72.6,DISCLOSED_PATH,DISCLOSED_PATH,PORT-00A7244DC13E,CAND-43ED54F71B5B31,P2,PORT-00A7244DC13E,366.843974,25748.39,70.188942,True,True,,0.0,3.446647212967946e-06,True,True,True,True,,0.0,0.0,0.0,2,2,0.3870168063999999,0.65,1.52,P2,지연·부분헤지,False,24604.8,2034,8019.0,73.398329,26925.735,26925.735,34241.604,366.843974,73.398329,108.37366,43189.709,39756.224,47072.093,12830.489,3298.758,-134.727,0.0,93.341055,19.942726,82.757854,9.359525,0.0,0.0,0.0,0.0,0.0,366.843974,34241.604,3.483512,6.379694,10851.362,977.9,12813.046,18472.577,57.131,-12830.489,-3345.123,-70.668,100,True,50.454842
NIPPON_STEEL_JP,Nippon Steel,JP,34.3,72.6,ACCELERATED_15C,DISCLOSED_PATH,PORT-00A7244DC13E,CAND-43ED54F71B5B31,P2,PORT-00A7244DC13E,366.843974,21738.058,59.256959,False,False,2035,6.457752061632604,-6.457752061632604,True,True,True,True,,0.0,0.0,0.0,2,2,0.3870168063999999,0.65,1.52,P2,지연·부분헤지,False,24604.8,2034,8019.0,61.805372,22672.928,22672.928,31080.334,366.843974,61.805372,113.377733,46238.684,41591.938,49999.344,18919.01,4177.68,-469.066,0.0,84.723578,22.918206,74.47219,12.666818,0.0,0.0,0.0,0.0,0.0,366.843974,31080.334,3.161906,5.790705,14565.528,977.9,13910.262,17535.559,60.675,-18919.01,-5339.658,-118.328,100,True,27.360764
NIPPON_STEEL_JP,Nippon Steel,JP,34.3,72.6,DISCLOSED_PATH,DISCLOSED_PATH,PORT-00A7244DC13E,CAND-450CB289C8C9D2,P1,PORT-00A7244DC13E,366.843974,26249.554,71.555092,True,True,,0.0,3.446647212967946e-06,True,True,True,True,,0.0,0.0,0.0,2,2,0.3870168063999999,0.65,1.52,P1,지연·현물조달,False,24604.8,2034,8019.0,75.170762,27575.941,27575.941,36193.116,366.843974,75.170762,110.146092,43342.283,40406.43,49023.605,12830.489,2672.298,-263.555,0.0,98.660789,23.490027,83.173763,8.003001,0.0,0.0,0.0,0.0,0.0,366.843974,36193.116,3.682046,6.743288,10935.468,977.9,12866.107,18524.497,0.0,-12830.489,-2786.417,-111.125,100,True,52.227275
NIPPON_STEEL_JP,Nippon Steel,JP,34.3,72.6,ACCELERATED_15C,DISCLOSED_PATH,PORT-00A7244DC13E,CAND-450CB289C8C9D2,P1,PORT-00A7244DC13E,366.843974,22490.116,61.307033,False,False,2035,6.457752061632604,-6.457752061632604,True,True,True,True,,0.0,0.0,0.0,2,2,0.3870168063999999,0.65,1.52,P1,지연·현물조달,False,24604.8,2034,8019.0,64.064411,23501.643,23501.643,33546.573,366.843974,64.064411,115.636772,46379.714,42420.653,52465.583,18919.01,3264.403,-694.658,-0.0,91.446435,27.382023,74.856632,10.79222,0.0,0.0,0.0,0.0,0.0,366.843974,33546.573,3.412805,6.2502,15113.906,977.9,13930.358,17303.611,0.0,-18919.01,-4769.524,-135.597,100,True,29.619803
NIPPON_STEEL_JP,Nippon Steel,JP,34.3,72.6,DISCLOSED_PATH,DISCLOSED_PATH,PORT-792EEE640306,CAND-0E307C2CAB5D7A,P2,PORT-792EEE640306,339.438974,24734.365,72.86837,True,True,,0.0,3.446647212967946e-06,True,True,True,True,,0.0,0.0,0.0,2,2,0.3603653631999999,0.65,1.36,P2,지연·부분헤지,False,22047.3,2034,8019.0,76.171129,25855.45,25855.45,33335.473,339.438974,76.171129,111.173296,40536.624,37736.55,45216.572,11881.1,2905.695,105.62,-0.0,98.207557,22.036428,84.420255,8.249126,0.0,0.0,0.0,0.0,0.0,339.438974,33335.473,3.391329,6.210869,9446.65,933.199,11602.187,18472.577,53.065,-11881.1,-2933.02,161.893,100,True,53.227642
NIPPON_STEEL_JP,Nippon Steel,JP,34.3,72.6,ACCELERATED_15C,DISCLOSED_PATH,PORT-792EEE640306,CAND-0E307C2CAB5D7A,P2,PORT-792EEE640306,339.438974,21139.968,62.279141,False,False,2035,13.759996694999998,-13.759996694999998,True,True,True,True,,0.0,0.0,0.0,2,2,0.3603653631999999,0.65,1.36,P2,지연·부분헤지,False,22047.3,2034,8019.0,65.239681,22144.89,22144.89,30278.404,339.438974,65.239681,116.78929,43492.589,39642.837,47776.35,17497.946,3703.367,-146.385,0.0,89.201319,23.961638,76.581196,11.341514,0.0,0.0,0.0,0.0,0.0,339.438974,30278.404,3.080323,5.641294,9446.65,933.199,12788.95,20157.895,56.414,-17497.946,-3720.38,-19.892,100,True,30.795073
NIPPON_STEEL_JP,Nippon Steel,JP,34.3,72.6,DISCLOSED_PATH,DISCLOSED_PATH,PORT-0650AB6C64AE,CAND-BB1980A1B6CB5D,P1,PORT-0650AB6C64AE,408.503937,29984.113,73.399815,True,True,,0.0,3.446647212967946e-06,True,True,True,True,,0.0,0.0,0.0,2,2,0.3870168063999999,0.65,1.52,P1,지연·현물조달,False,24432.1,2032,6930.0,77.344198,31595.409,31595.409,41954.655,408.503937,77.344198,112.365142,48694.593,45901.603,56260.848,14306.193,2833.756,40.766,0.0,102.703183,25.358985,84.181318,6.83712,0.0,0.0,0.0,0.0,0.0,408.503937,41954.655,4.268187,7.816744,11197.933,1096.398,14751.533,21956.197,0.0,-14306.193,-2859.897,-240.561,100,True,54.400711
NIPPON_STEEL_JP,Nippon Steel,JP,34.3,72.6,ACCELERATED_15C,DISCLOSED_PATH,PORT-0650AB6C64AE,CAND-BB1980A1B6CB5D,P1,PORT-0650AB6C64AE,408.503937,25814.361,63.192442,False,False,2040,4.005001334999999,-4.005001334999999,True,True,True,True,,0.0,0.0,0.0,2,2,0.3870168063999999,0.65,1.52,P1,지연·현물조달,False,24432.1,2032,6930.0,67.851003,27717.402,27717.402,39085.594,408.503937,67.851003,119.445456,51913.232,48793.939,60162.131,21076.537,3455.779,336.486,-0.0,95.679846,27.828842,75.486898,7.635895,0.0,0.0,0.0,0.0,0.0,408.503937,39085.594,3.976308,7.282198,9047.201,1096.398,16851.897,24512.604,0.0,-21076.537,-2821.06,106.899,100,True,33.406395
NIPPON_STEEL_JP,Nippon Steel,JP,34.3,72.6,DISCLOSED_PATH,DISCLOSED_PATH,PORT-792EEE640306,CAND-51563CC4DFE733,P1,PORT-792EEE640306,339.438974,25238.655,74.354028,True,True,,0.0,3.446647212967946e-06,True,True,True,True,,0.0,0.0,0.0,2,2,0.3603653631999999,0.65,1.36,P1,지연·현물조달,False,22047.3,2034,8019.0,78.058094,26495.959,26495.959,35295.415,339.438974,78.058094,113.060261,40645.887,38377.059,47176.515,11881.1,2297.017,28.189,0.0,103.981622,25.923528,84.742146,6.684052,0.0,0.0,0.0,0.0,0.0,339.438974,35295.415,3.59072,6.576034,9514.551,933.199,11619.925,18524.497,0.0,-11881.1,-2373.893,158.779,100,True,55.114607
NIPPON_STEEL_JP,Nippon Steel,JP,34.3,72.6,ACCELERATED_15C,DISCLOSED_PATH,PORT-792EEE640306,CAND-51563CC4DFE733,P1,PORT-792EEE640306,339.438974,21895.397,64.504665,False,False,2035,13.759996694999998,-13.759996694999998,True,True,True,True,,0.0,0.0,0.0,2,2,0.3603653631999999,0.65,1.36,P1,지연·현물조달,False,22047.3,2034,8019.0,67.814997,23019.053,23019.053,32593.056,339.438974,67.814997,119.364605,43623.278,40516.999,50091.002,17497.946,2815.307,-290.972,-0.0,96.020369,28.205373,76.966212,9.151216,0.0,0.0,0.0,0.0,0.0,339.438974,32593.056,3.3158,6.072546,12049.364,933.199,12309.193,18932.461,0.0,-17497.946,-3763.79,56.572,100,True,33.370389
NIPPON_STEEL_JP,Nippon Steel,JP,34.3,72.6,DISCLOSED_PATH,DISCLOSED_PATH,PORT-760BEDA2ECE0,CAND-478F19D65CB3E6,P2,PORT-760BEDA2ECE0,326.243969,24676.661,75.638673,True,True,,0.0,3.446647212967946e-06,True,True,True,True,,0.0,0.0,0.0,2,2,0.3603653631999999,0.65,1.36,P2,지연·부분헤지,False,22456.5,2034,8019.0,78.932718,25751.323,25751.323,32911.728,326.243969,78.932718,113.913574,40261.167,37163.617,44324.021,11412.293,2928.7,-168.851,0.0,100.880725,21.948007,88.427302,9.494584,0.0,0.0,0.0,0.0,0.0,326.243969,32911.728,3.34822,6.131919,9615.361,907.901,11175.865,18472.577,52.39,-11412.293,-2982.364,-78.113,100,True,55.989231
NIPPON_STEEL_JP,Nippon Steel,JP,34.3,72.6,ACCELERATED_15C,DISCLOSED_PATH,PORT-760BEDA2ECE0,CAND-478F19D65CB3E6,P2,PORT-760BEDA2ECE0,326.243969,21243.94,65.116729,False,False,2035,12.74499771,-12.74499771,True,True,True,True,,0.0,0.0,0.0,2,2,0.3603653631999999,0.65,1.36,P2,지연·부분헤지,False,22456.5,2034,8019.0,68.110783,22220.732,22220.732,30273.708,326.243969,68.110783,119.610093,43066.727,39022.071,47075.048,16801.339,3724.445,-320.21,0.0,92.794692,24.683909,80.508423,12.39764,0.0,0.0,0.0,0.0,0.0,326.243969,30273.708,3.079845,5.640419,9615.361,907.901,12317.929,20157.895,55.649,-16801.339,-3779.214,-253.45,100,True,33.666175
NIPPON_STEEL_JP,Nippon Steel,JP,34.3,72.6,DISCLOSED_PATH,DISCLOSED_PATH,PORT-160DD6C4A97F,CAND-97FAAFFD87E907,P1,PORT-160DD6C4A97F,442.153947,19641.24,44.421722,True,False,,0.0,3.446647212967946e-06,False,False,True,True,2034,4.469999115000004,0.0,0.0,2,2,0.41255777279999983,0.65,1.68,P1,지연·현물조달,False,26318.6,2036,6237.0,47.012048,20786.563,20786.563,28052.961,442.153947,47.012048,82.018564,39195.883,36264.832,43531.23,15478.269,3025.34,94.289,0.0,63.44614,16.434091,53.641077,6.629029,0.0,0.0,0.0,0.0,0.0,442.153947,28052.961,2.853921,5.226662,12023.141,1045.57,18347.335,7926.786,0.0,-15478.269,-3093.51,15.509,100,True,24.068561
NIPPON_STEEL_JP,Nippon Steel,JP,34.3,72.6,ACCELERATED_15C,DISCLOSED_PATH,PORT-160DD6C4A97F,CAND-97FAAFFD87E907,P1,PORT-160DD6C4A97F,442.153947,14258.889,32.248699,True,True,,0.0,3.446647212967946e-06,True,True,True,True,,0.0,0.0,0.0,2,2,0.41255777279999983,0.65,1.68,P1,지연·현물조달,False,26318.6,2036,6237.0,34.444608,15229.82,15229.82,23352.181,442.153947,34.444608,86.086814,41929.317,38063.624,46185.986,22833.805,3675.193,-190.5,0.0,52.814593,18.369985,43.187475,8.742866,0.0,0.0,0.0,0.0,0.0,442.153947,23352.181,2.375695,4.350841,15934.319,1045.57,18454.474,7579.26,0.0,-22833.805,-4968.885,18.887,100,True,0.0
NIPPON_STEEL_JP,Nippon Steel,JP,34.3,72.6,DISCLOSED_PATH,DISCLOSED_PATH,PORT-0ACD636A8AEE,CAND-32B1C4DEC95227,P3,PORT-0ACD636A8AEE,446.878947,25357.995,56.744663,True,False,,0.0,3.446647212967946e-06,False,False,True,True,2034,3.3599990099999992,0.0,0.0,2,2,0.47641018879999986,0.65,2.16,P3,균형형 라이트헤지,False,29123.6,2038,7425.0,58.187594,26002.811,26002.811,32287.132,446.878947,58.187594,93.190265,46328.055,41644.768,47929.089,15641.957,4760.588,77.301,-0.0,72.250286,14.062692,68.667585,10.479991,0.0,0.0,0.0,0.0,0.0,446.878947,32287.132,3.284678,6.015548,14523.723,1108.15,15473.436,15344.412,197.018,-15641.957,-5014.318,12.345,100,True,35.244107
NIPPON_STEEL_JP,Nippon Steel,JP,34.3,72.6,ACCELERATED_15C,DISCLOSED_PATH,PORT-0ACD636A8AEE,CAND-32B1C4DEC95227,P3,PORT-0ACD636A8AEE,446.878947,19867.245,44.457778,True,True,,0.0,3.446647212967946e-06,True,True,True,True,,0.0,0.0,0.0,2,2,0.47641018879999986,0.65,2.16,P3,균형형 라이트헤지,False,29123.6,2038,7425.0,45.741261,20440.806,20440.806,27269.96,446.878947,45.741261,97.385707,49659.407,43519.622,50348.776,23078.816,6073.909,-65.875,0.0,61.023149,15.281888,59.480518,13.739257,0.0,0.0,0.0,0.0,0.0,446.878947,27269.96,2.774264,5.080778,14292.839,1108.15,17273.46,16848.764,210.235,-23078.816,-6297.222,83.396,100,True,11.296653
NIPPON_STEEL_JP,Nippon Steel,JP,34.3,72.6,DISCLOSED_PATH,DISCLOSED_PATH,PORT-0ACD636A8AEE,CAND-2E3E235F5F3F44,P2,PORT-0ACD636A8AEE,446.878947,25974.471,58.124177,True,False,,0.0,3.446647212967946e-06,False,False,True,True,2034,3.3599990099999992,0.0,0.0,2,2,0.47641018879999986,0.65,2.16,P2,지연·부분헤지,False,29123.6,2038,7425.0,59.874345,26756.584,26756.584,34666.177,446.878947,59.874345,94.877016,46403.089,42398.541,50308.134,15641.957,4007.618,3.069,0.0,77.573976,17.699631,68.835492,8.961147,0.0,0.0,0.0,0.0,0.0,446.878947,34666.177,3.526706,6.458798,14670.959,1108.15,15584.487,15303.532,64.942,-15641.957,-4316.545,-16.984,100,True,36.930858
NIPPON_STEEL_JP,Nippon Steel,JP,34.3,72.6,ACCELERATED_15C,DISCLOSED_PATH,PORT-0ACD636A8AEE,CAND-2E3E235F5F3F44,P2,PORT-0ACD636A8AEE,446.878947,20785.807,46.513282,True,True,,0.0,3.446647212967946e-06,True,True,True,True,,0.0,0.0,0.0,2,2,0.47641018879999986,0.65,2.16,P2,지연·부분헤지,False,29123.6,2038,7425.0,48.139516,21512.536,21512.536,30118.119,446.878947,48.139516,99.783963,49685.395,44591.352,53196.935,23078.816,5019.677,-74.366,0.0,67.396595,19.257079,59.538673,11.399156,0.0,0.0,0.0,0.0,0.0,446.878947,30118.119,3.064017,5.611431,11874.158,1108.15,18814.583,17417.571,68.961,-23078.816,-4560.428,-131.643,100,True,13.694908
NIPPON_STEEL_JP,Nippon Steel,JP,34.3,72.6,DISCLOSED_PATH,DISCLOSED_PATH,PORT-0ACD636A8AEE,CAND-8A32EE77ABBE07,P1,PORT-0ACD636A8AEE,446.878947,26404.464,59.086391,True,False,,0.0,3.446647212967946e-06,False,False,True,True,2034,3.3599990099999992,0.0,0.0,2,2,0.47641018879999986,0.65,2.16,P1,지연·현물조달,False,29123.6,2038,7425.0,61.045279,27279.85,27279.85,36622.193,446.878947,61.045279,96.04795,46491.064,42921.807,52264.15,15641.957,3461.837,-107.42,0.0,81.951038,20.905758,69.032357,7.987078,0.0,0.0,0.0,0.0,0.0,446.878947,36622.193,3.725698,6.823231,11776.638,1108.15,17272.974,15864.563,0.0,-15641.957,-3089.434,-11.085,100,True,38.101792
NIPPON_STEEL_JP,Nippon Steel,JP,34.3,72.6,ACCELERATED_15C,DISCLOSED_PATH,PORT-0ACD636A8AEE,CAND-8A32EE77ABBE07,P1,PORT-0ACD636A8AEE,446.878947,21418.195,47.928405,True,True,,0.0,3.446647212967946e-06,True,True,True,True,,0.0,0.0,0.0,2,2,0.47641018879999986,0.65,2.16,P1,지연·현물조달,False,29123.6,2038,7425.0,49.840404,22272.627,22272.627,32333.102,446.878947,49.840404,101.484851,49795.559,45351.443,55411.918,23078.816,4241.704,-202.411,0.0,72.353156,22.512752,59.78519,9.944786,0.0,0.0,0.0,0.0,0.0,446.878947,32333.102,3.289354,6.024113,11776.638,1108.15,19013.823,17450.208,0.0,-23078.816,-3775.116,-222.26,100,True,15.395796
NIPPON_STEEL_JP,Nippon Steel,JP,34.3,72.6,DISCLOSED_PATH,DISCLOSED_PATH,PORT-1411E33E415A,CAND-0902F4B4859A1C,P2,PORT-1411E33E415A,447.753948,27676.996,61.812958,True,False,,0.0,3.446647212967946e-06,False,False,True,True,2036,3.2699989650000028,0.0,0.0,2,2,0.41255777279999983,0.65,1.68,P2,지연·부분헤지,False,26991.8,2034,8019.0,64.699504,28969.458,28969.458,37408.396,447.753948,64.699504,99.710213,48599.353,44645.642,53084.58,15676.183,3830.567,-123.145,-0.0,83.54677,18.847266,73.529602,8.830098,0.0,0.0,0.0,0.0,0.0,447.753948,37408.396,3.805681,6.969712,12483.284,1134.203,16424.325,18472.577,65.594,-15676.183,-3831.757,-102.584,100,True,41.756017
NIPPON_STEEL_JP,Nippon Steel,JP,34.3,72.6,ACCELERATED_15C,DISCLOSED_PATH,PORT-1411E33E415A,CAND-0902F4B4859A1C,P2,PORT-1411E33E415A,447.753948,22579.1,50.427473,True,True,,0.0,3.446647212967946e-06,True,True,True,True,,0.0,0.0,0.0,2,2,0.41255777279999983,0.65,1.68,P2,지연·부분헤지,False,26991.8,2034,8019.0,53.07235,23763.354,23763.354,33290.535,447.753948,53.07235,104.723522,52024.278,46890.37,56417.551,23127.016,4773.744,-360.164,0.0,74.350064,21.277713,64.538263,11.465913,0.0,0.0,0.0,0.0,0.0,447.753948,33290.535,3.386757,6.202496,12483.284,1134.203,18146.245,20157.895,69.68,-23127.016,-4782.315,-318.623,100,True,18.627742
NIPPON_STEEL_JP,Nippon Steel,JP,34.3,72.6,DISCLOSED_PATH,DISCLOSED_PATH,PORT-1411E33E415A,CAND-009A19D2863AA5,P1,PORT-1411E33E415A,447.753948,28178.871,62.933831,True,False,,0.0,3.446647212967946e-06,False,False,True,True,2036,3.2699989650000028,0.0,0.0,2,2,0.41255777279999983,0.65,1.68,P1,지연·현물조달,False,26991.8,2034,8019.0,66.188585,29636.2,29636.2,39615.855,447.753948,66.188585,101.199295,48752.06,45312.384,55292.039,15676.183,3219.064,-220.612,0.0,88.476842,22.288257,73.870653,7.682068,0.0,0.0,0.0,0.0,0.0,447.753948,39615.855,4.030253,7.380993,12566.267,1134.203,16505.107,18524.497,0.0,-15676.183,-3259.875,-157.816,100,True,43.245098
NIPPON_STEEL_JP,Nippon Steel,JP,34.3,72.6,ACCELERATED_15C,DISCLOSED_PATH,PORT-1411E33E415A,CAND-009A19D2863AA5,P1,PORT-1411E33E415A,447.753948,23323.438,52.089855,True,True,,0.0,3.446647212967946e-06,True,True,True,True,,0.0,0.0,0.0,2,2,0.41255777279999983,0.65,1.68,P1,지연·현물조달,False,26991.8,2034,8019.0,55.064555,24655.372,24655.372,36016.041,447.753948,55.064555,106.715726,52177.167,47782.388,59143.057,23127.016,3917.085,-477.695,0.0,80.437126,25.372571,64.879721,9.815166,0.0,0.0,0.0,0.0,0.0,447.753948,36016.041,3.664032,6.710297,12566.267,1134.203,18240.494,20217.318,0.0,-23127.016,-3967.06,-408.834,100,True,20.619947
NIPPON_STEEL_JP,Nippon Steel,JP,34.3,72.6,DISCLOSED_PATH,DISCLOSED_PATH,PORT-28AC80454322,CAND-BE3632C0C6EBCB,P1,PORT-28AC80454322,449.103942,31053.092,69.144554,True,False,,0.0,3.446647212967946e-06,False,False,True,True,2036,4.0200011400000015,0.0,0.0,2,2,0.41255777279999983,0.65,1.68,P1,지연·현물조달,False,26580.4,2032,6930.0,73.169037,32860.503,32860.503,43719.207,449.103942,73.169037,108.181844,51571.497,48584.892,59443.596,15724.389,3189.53,202.925,0.0,97.347635,24.178598,79.819179,6.650142,0.0,0.0,0.0,0.0,0.0,449.103942,43719.207,4.447701,8.145505,10079.857,1166.396,17228.207,22567.359,0.0,-15724.389,-2614.085,157.158,100,True,50.22555
NIPPON_STEEL_JP,Nippon Steel,JP,34.3,72.6,ACCELERATED_15C,DISCLOSED_PATH,PORT-28AC80454322,CAND-BE3632C0C6EBCB,P1,PORT-28AC80454322,449.103942,26304.285,58.570594,True,True,,0.0,3.446647212967946e-06,True,True,True,True,,0.0,0.0,0.0,2,2,0.41255777279999983,0.65,1.68,P1,지연·현물조달,False,26580.4,2032,6930.0,63.315699,28435.33,28435.33,40407.908,449.103942,63.315699,114.961221,55027.248,51629.537,63602.115,23194.208,3877.266,479.555,0.0,89.974512,26.658813,70.881232,7.565533,0.0,0.0,0.0,0.0,0.0,449.103942,40407.908,4.110831,7.528563,10079.857,1166.396,19050.715,24512.604,0.0,-23194.208,-3180.824,0.789,100,True,28.871091
NIPPON_STEEL_JP,Nippon Steel,JP,34.3,72.6,DISCLOSED_PATH,DISCLOSED_PATH,PORT-42FD0857B83C,CAND-4C03DDE7A8F948,P3,PORT-42FD0857B83C,452.478948,33309.485,73.615546,True,False,,0.0,3.446647212967946e-06,False,False,True,True,2036,0.39999896500000176,0.0,0.0,2,2,0.47641018879999986,0.65,2.16,P3,균형형 라이트헤지,False,29796.8,2034,8019.0,75.332153,34086.213,34086.213,42089.254,452.478948,75.332153,110.339022,55609.957,49926.085,57929.126,15839.871,5589.645,-94.228,0.0,93.019254,17.687101,87.893781,12.561629,0.0,0.0,0.0,0.0,0.0,452.478948,42089.254,4.28188,7.841822,13528.922,1196.784,17262.723,23188.781,230.757,-15839.871,-5475.049,-6.835,100,True,52.388666
NIPPON_STEEL_JP,Nippon Steel,JP,34.3,72.6,ACCELERATED_15C,DISCLOSED_PATH,PORT-42FD0857B83C,CAND-4C03DDE7A8F948,P3,PORT-42FD0857B83C,452.478948,28014.913,61.91429,True,True,,0.0,3.446647212967946e-06,True,True,True,True,,0.0,0.0,0.0,2,2,0.47641018879999986,0.65,2.16,P3,균형형 라이트헤지,False,29796.8,2034,8019.0,62.878409,28451.156,28451.156,37159.231,452.478948,62.878409,114.5317,59366.797,51823.183,60531.258,23372.027,7304.127,-239.487,0.0,82.123669,19.24526,79.550153,16.671745,0.0,0.0,0.0,0.0,0.0,452.478948,37159.231,3.780332,6.923289,17356.298,1196.784,17830.196,23204.334,246.48,-23372.027,-8094.594,83.685,100,True,28.433801
NIPPON_STEEL_JP,Nippon Steel,JP,34.3,72.6,DISCLOSED_PATH,DISCLOSED_PATH,PORT-42FD0857B83C,CAND-91BB5A02A7A61F,P2,PORT-42FD0857B83C,452.478948,34274.166,75.747538,True,False,,0.0,3.446647212967946e-06,False,False,True,True,2036,0.39999896500000176,0.0,0.0,2,2,0.47641018879999986,0.65,2.16,P2,지연·부분헤지,False,29796.8,2034,8019.0,77.873324,35236.04,35236.04,45265.652,452.478948,77.873324,112.880193,55717.801,51075.911,61105.523,15839.871,4416.003,-225.887,0.0,100.039245,22.165921,88.132122,10.258798,0.0,0.0,0.0,0.0,0.0,452.478948,45265.652,4.605026,8.43363,13600.7,1196.784,17579.851,23008.355,74.201,-15839.871,-4350.825,-33.154,100,True,54.929837
NIPPON_STEEL_JP,Nippon Steel,JP,34.3,72.6,ACCELERATED_15C,DISCLOSED_PATH,PORT-42FD0857B83C,CAND-91BB5A02A7A61F,P2,PORT-42FD0857B83C,452.478948,29480.361,65.153001,True,True,,0.0,3.446647212967946e-06,True,True,True,True,,0.0,0.0,0.0,2,2,0.47641018879999986,0.65,2.16,P2,지연·부분헤지,False,29796.8,2034,8019.0,66.166044,29938.742,29938.742,41054.137,452.478948,66.166044,117.819335,59438.334,53310.769,64426.164,23372.027,5639.073,-488.492,0.0,90.731596,24.565552,79.708255,13.542211,0.0,0.0,0.0,0.0,0.0,452.478948,41054.137,4.176574,7.648965,15892.377,1196.784,16925.146,25580.871,78.88,-23372.027,-6215.874,-147.415,100,True,31.721436
NIPPON_STEEL_JP,Nippon Steel,JP,34.3,72.6,DISCLOSED_PATH,DISCLOSED_PATH,PORT-42FD0857B83C,CAND-C0EAED81BD41EE,P1,PORT-42FD0857B83C,452.478948,34942.096,77.223694,True,False,,0.0,3.446647212967946e-06,False,False,True,True,2036,0.39999896500000176,0.0,0.0,2,2,0.47641018879999986,0.65,2.16,P1,지연·현물조달,False,29796.8,2034,8019.0,79.616806,36024.929,36024.929,47672.665,452.478948,79.616806,114.623675,55859.968,51864.8,63512.536,15839.871,3649.43,-345.738,0.0,105.358857,25.742051,88.446317,8.829511,0.0,0.0,0.0,0.0,0.0,452.478948,47672.665,4.849899,8.88209,18947.995,1196.784,16447.592,20388.571,0.0,-15839.871,-5036.291,-79.851,100,True,56.673319
NIPPON_STEEL_JP,Nippon Steel,JP,34.3,72.6,ACCELERATED_15C,DISCLOSED_PATH,PORT-42FD0857B83C,CAND-C0EAED81BD41EE,P1,PORT-42FD0857B83C,452.478948,30482.744,67.368315,True,True,,0.0,3.446647212967946e-06,True,True,True,True,,0.0,0.0,0.0,2,2,0.47641018879999986,0.65,2.16,P1,지연·현물조달,False,29796.8,2034,8019.0,68.367403,30934.811,30934.811,43989.201,452.478948,68.367403,120.020695,59559.874,54306.838,67361.228,23372.027,4475.558,-777.478,0.0,97.218227,28.850824,79.976863,11.609459,0.0,0.0,0.0,0.0,0.0,452.478948,43989.201,4.475168,8.195809,18947.995,1196.784,18012.485,22160.052,0.0,-23372.027,-6183.219,172.74,100,True,33.922795
NIPPON_STEEL_JP,Nippon Steel,JP,34.3,72.6,DISCLOSED_PATH,DISCLOSED_PATH,PORT-3391EE4132D6,CAND-61C6F8AE75933E,P3,PORT-3391EE4132D6,453.828942,35968.159,79.254882,True,False,,0.0,3.446647212967946e-06,False,False,True,True,2036,1.1500011400000005,0.0,0.0,2,2,0.47641018879999986,0.65,2.16,P3,균형형 라이트헤지,False,29385.4,2038,7425.0,82.036826,37230.686,37230.686,45100.78,453.828942,82.036826,117.045782,58641.375,53118.763,60988.857,15888.077,5802.306,279.694,-0.0,99.378368,17.341542,94.205754,12.168928,0.0,0.0,0.0,0.0,0.0,453.828942,45100.78,4.588253,8.402912,14113.465,1228.977,15732.572,27717.379,241.339,-15888.077,-5886.238,-28.732,100,True,59.093339
NIPPON_STEEL_JP,Nippon Steel,JP,34.3,72.6,ACCELERATED_15C,DISCLOSED_PATH,PORT-3391EE4132D6,CAND-61C6F8AE75933E,P3,PORT-3391EE4132D6,453.828942,30654.444,67.546252,True,True,,0.0,3.446647212967946e-06,True,True,True,True,,0.0,0.0,0.0,2,2,0.47641018879999986,0.65,2.16,P3,균형형 라이트헤지,False,29385.4,2038,7425.0,70.542432,32014.197,32014.197,40439.487,453.828942,70.542432,122.190127,62883.838,55453.416,63878.706,23439.219,7625.429,195.007,0.0,89.107334,18.564902,86.91517,16.372738,0.0,0.0,0.0,0.0,0.0,453.828942,40439.487,4.114044,7.534447,12434.543,1228.977,18214.725,30603.718,257.505,-23439.219,-7288.339,2.287,100,True,36.097824
NIPPON_STEEL_JP,Nippon Steel,JP,34.3,72.6,DISCLOSED_PATH,DISCLOSED_PATH,PORT-3391EE4132D6,CAND-45605758418B60,P2,PORT-3391EE4132D6,453.828942,37060.94,81.662796,True,False,,0.0,3.446647212967946e-06,False,False,True,True,2036,1.1500011400000005,0.0,0.0,2,2,0.47641018879999986,0.65,2.16,P2,지연·부분헤지,False,29385.4,2038,7425.0,85.161931,38648.949,38648.949,48496.475,453.828942,85.161931,120.170886,58701.196,54537.026,64384.552,15888.077,4540.518,376.348,0.0,106.860692,21.698761,94.337569,9.175638,0.0,0.0,0.0,0.0,0.0,453.828942,48496.475,4.933708,9.035578,12270.234,1228.977,16714.455,28363.072,76.953,-15888.077,-4135.727,19.063,100,True,62.218444
NIPPON_STEEL_JP,Nippon Steel,JP,34.3,72.6,ACCELERATED_15C,DISCLOSED_PATH,PORT-3391EE4132D6,CAND-45605758418B60,P2,PORT-3391EE4132D6,453.828942,32323.548,71.224078,True,True,,0.0,3.446647212967946e-06,True,True,True,True,,0.0,0.0,0.0,2,2,0.47641018879999986,0.65,2.16,P2,지연·부분헤지,False,29385.4,2038,7425.0,75.060628,34064.685,34064.685,44859.599,453.828942,75.060628,126.708322,62981.408,57503.904,68298.818,23439.219,5797.431,319.928,-0.0,98.846933,23.786305,87.130162,12.069534,0.0,0.0,0.0,0.0,0.0,453.828942,44859.599,4.563717,8.357976,14336.6,1228.977,17409.06,30354.267,81.75,-23439.219,-5932.223,25.473,100,True,40.61602
NIPPON_STEEL_JP,Nippon Steel,JP,34.3,72.6,DISCLOSED_PATH,DISCLOSED_PATH,PORT-3391EE4132D6,CAND-185224D49A1B91,P1,PORT-3391EE4132D6,453.828942,37816.316,83.327247,True,False,,0.0,3.446647212967946e-06,False,False,True,True,2036,1.1500011400000005,0.0,0.0,2,2,0.47641018879999986,0.65,2.16,P1,지연·현물조달,False,29385.4,2038,7425.0,87.407039,39667.844,39667.844,51178.534,453.828942,87.407039,122.415995,58836.905,55555.921,67066.611,15888.077,3644.525,363.541,0.0,112.770539,25.363499,94.6366,7.22956,0.0,0.0,0.0,0.0,0.0,453.828942,51178.534,5.206563,9.535283,14485.356,1228.977,15748.818,27917.047,0.0,-15888.077,-3844.646,20.369,100,True,64.463552
NIPPON_STEEL_JP,Nippon Steel,JP,34.3,72.6,ACCELERATED_15C,DISCLOSED_PATH,PORT-3391EE4132D6,CAND-185224D49A1B91,P1,PORT-3391EE4132D6,453.828942,33463.591,73.736132,True,True,,0.0,3.446647212967946e-06,True,True,True,True,,0.0,0.0,0.0,2,2,0.47641018879999986,0.65,2.16,P1,지연·현물조달,False,29385.4,2038,7425.0,78.25818,35515.827,35515.827,48304.773,453.828942,78.25818,129.905875,63151.789,58955.046,71743.992,23439.219,4469.031,272.288,0.0,106.438283,28.180103,87.505593,9.247413,0.0,0.0,0.0,0.0,0.0,453.828942,48304.773,4.914206,8.999861,14485.356,1228.977,17426.202,30450.458,0.0,-23439.219,-4717.786,81.838,100,True,43.813572
NIPPON_STEEL_JP,Nippon Steel,JP,34.3,72.6,DISCLOSED_PATH,DISCLOSED_PATH,PORT-D74D023C0D05,CAND-1FF01FDB28F13A,P4,PORT-D74D023C0D05,521.418946,49114.443,94.193822,True,False,,0.0,3.446647212967946e-06,False,False,True,True,2028,0.4799982000000007,0.0,0.5400000000000009,2,2,0.5333221247999997,0.65,2.6399999999999997,P4,균형형 전환,False,32153.0,2033,8019.0,95.247085,49663.634,49663.634,57952.38,521.418946,95.247085,130.211267,77327.761,67894.622,76183.367,18230.987,9352.793,-80.346,-0.0,111.143602,15.896518,113.33837,18.091286,0.0,0.0,0.0,0.0,0.0,521.418946,57952.38,5.895689,10.797346,14365.405,1522.1,18739.084,41377.643,701.932,-18230.987,-9021.269,209.726,100,True,72.303598
NIPPON_STEEL_JP,Nippon Steel,JP,34.3,72.6,ACCELERATED_15C,DISCLOSED_PATH,PORT-D74D023C0D05,CAND-1FF01FDB28F13A,P4,PORT-D74D023C0D05,521.418946,42713.381,81.917585,True,True,,0.0,3.446647212967946e-06,True,True,True,True,,0.0,0.0,0.0,2,2,0.5333221247999997,0.65,2.6399999999999997,P4,균형형 전환,False,32153.0,2033,8019.0,82.911717,43231.74,43231.74,51973.125,521.418946,82.911717,134.326311,82749.88,70040.283,78781.669,26808.543,12794.082,84.486,0.0,99.676327,16.76461,107.286736,24.375019,0.0,0.0,0.0,0.0,0.0,521.418946,51973.125,5.287399,9.683327,17315.948,1522.1,20050.302,43486.127,753.268,-26808.543,-13016.367,-71.095,100,True,48.467109
NIPPON_STEEL_JP,Nippon Steel,JP,34.3,72.6,DISCLOSED_PATH,DISCLOSED_PATH,PORT-34AD95AD1263,CAND-CDFE2587E5584F,P4,PORT-34AD95AD1263,522.518939,51527.28,98.613229,True,False,,0.0,3.446647212967946e-06,False,False,True,True,2028,0.0,0.0,0.5400000000000009,2,2,0.5333221247999997,0.65,2.6399999999999997,P4,균형형 전환,False,31741.6,2037,7425.0,100.964476,52755.851,52755.851,60986.247,522.518939,100.964476,135.928676,80885.585,71025.308,79255.703,18269.457,9722.975,-137.302,0.0,116.715859,15.751383,119.835136,18.87066,0.0,0.0,0.0,0.0,0.0,522.518939,60986.247,6.204334,11.362598,16047.736,1552.928,18585.414,43931.22,726.27,-18269.457,-9801.105,-17.156,100,True,78.020989
NIPPON_STEEL_JP,Nippon Steel,JP,34.3,72.6,ACCELERATED_15C,DISCLOSED_PATH,PORT-34AD95AD1263,CAND-CDFE2587E5584F,P4,PORT-34AD95AD1263,522.518939,45000.915,86.123031,True,True,,0.0,3.446647212967946e-06,True,True,True,True,,0.0,0.0,0.0,2,2,0.5333221247999997,0.65,2.6399999999999997,P4,균형형 전환,False,31741.6,2037,7425.0,88.333372,46155.86,46155.86,54867.623,522.518939,88.333372,139.737696,86433.453,73015.593,81727.357,26859.733,13368.784,-49.076,0.0,105.005999,16.672628,114.012556,25.679184,0.0,0.0,0.0,0.0,0.0,522.518939,54867.623,5.581866,10.222612,15349.467,1552.928,19582.434,49173.118,778.267,-26859.733,-13340.817,-79.805,100,True,53.888764
NIPPON_STEEL_JP,Nippon Steel,JP,34.3,72.6,DISCLOSED_PATH,DISCLOSED_PATH,PORT-7DC6DDA55D96,CAND-004C84C918F9F0,P2,PORT-7DC6DDA55D96,209.368973,20043.231,95.731622,False,False,2030,4.807752286632599,-4.807752286632599,True,True,True,True,,0.0,0.0,0.0,2,2,0.4298908671999999,0.65,1.84,P2,지연·부분헤지,False,23326.6,2038,7425.0,96.989559,20306.604,20306.604,26291.207,209.368973,96.989559,131.96079,30218.652,27628.495,33613.098,7321.891,2592.388,2.232,0.0,125.573561,28.584002,109.360812,12.371254,0.0,0.0,0.0,0.0,0.0,209.368973,26291.207,2.674692,4.898423,9375.68,621.563,5013.19,15297.769,40.164,-7321.891,-2741.424,21.554,100,True,74.046072
NIPPON_STEEL_JP,Nippon Steel,JP,34.3,72.6,ACCELERATED_15C,DISCLOSED_PATH,PORT-7DC6DDA55D96,CAND-004C84C918F9F0,P2,PORT-7DC6DDA55D96,209.368973,17931.869,85.647215,False,False,2030,21.3077522866326,-21.3077522866326,True,True,True,True,,0.0,0.0,0.0,2,2,0.4298908671999999,0.65,1.84,P2,지연·부분헤지,False,23326.6,2038,7425.0,86.712807,18154.971,18154.971,24540.412,209.368973,86.712807,138.714373,32399.958,29042.486,35427.926,10887.514,3343.708,-13.764,-0.0,117.211311,30.498504,102.748957,16.03615,0.0,0.0,0.0,0.0,0.0,209.368973,24540.412,2.496578,4.572225,7989.14,621.563,6784.032,16684.976,42.651,-10887.514,-3122.82,42.945,100,True,52.268199
NIPPON_STEEL_JP,Nippon Steel,JP,34.3,72.6,DISCLOSED_PATH,DISCLOSED_PATH,PORT-91584DA203D9,CAND-005FE12044C08C,P2,PORT-91584DA203D9,223.148943,21588.607,96.745279,False,False,2030,8.940000609999998,-8.940000609999998,True,True,True,True,,0.0,0.0,0.0,2,2,0.3325551616000001,0.65,1.2,P2,지연·부분헤지,False,18876.0,2034,8019.0,100.161018,22350.825,22350.825,28773.238,223.148943,100.161018,135.268629,32258.21,30185.052,36607.464,7834.226,2192.38,119.222,0.0,128.941852,28.780834,109.451488,9.29047,0.0,0.0,0.0,0.0,0.0,223.148943,28773.238,2.927197,5.36086,6752.842,689.22,6409.023,18472.577,40.472,-7834.226,-2130.126,-48.957,100,True,77.217531
NIPPON_STEEL_JP,Nippon Steel,JP,34.3,72.6,ACCELERATED_15C,DISCLOSED_PATH,PORT-91584DA203D9,CAND-005FE12044C08C,P2,PORT-91584DA203D9,223.148943,19473.996,87.26905,False,False,2030,25.94000061,-25.94000061,True,True,True,True,,0.0,0.0,0.0,2,2,0.3325551616000001,0.65,1.2,P2,지연·부분헤지,False,18876.0,2034,8019.0,89.802284,20039.285,20039.285,27029.735,223.148943,89.802284,141.807848,34719.279,31644.271,38634.722,11604.987,2850.864,-224.143,-0.0,121.128673,31.326389,103.582352,13.780068,0.0,0.0,0.0,0.0,0.0,223.148943,27029.735,2.749825,5.036021,8749.025,689.22,6659.205,18865.496,43.09,-11604.987,-3435.291,73.526,100,True,55.357676
JFE_STEEL_JP,JFE Steel,JP,21.95,45.3,DISCLOSED_PATH,DISCLOSED_PATH,PORT-51A2628EF9C2,CAND-E8FAD9BDD034A5,P3,PORT-51A2628EF9C2,328.220861,40363.359,122.976215,True,True,,0.0,1.265341119704999e-05,True,True,True,True,,0.0,0.0,0.0,3,3,0.41232239999999987,0.65,1.78,P3,균형형 라이트헤지,False,20429.2,2033,9930.8,124.607044,40898.631,40898.631,50681.26,328.220861,124.607044,159.646563,57963.528,52399.332,62181.961,11500.701,5530.85,-33.347,0.0,154.412063,29.805019,141.559642,16.952598,0.0,0.0,0.0,0.0,0.0,328.220861,50681.26,14.053144,17.544053,9875.16,975.493,10580.511,36266.702,232.76,-11500.701,-5421.234,-110.06,100,True,14.644248
JFE_STEEL_JP,JFE Steel,JP,21.95,45.3,ACCELERATED_15C,DISCLOSED_PATH,PORT-51A2628EF9C2,CAND-E8FAD9BDD034A5,P3,PORT-51A2628EF9C2,328.220861,37182.414,113.284736,True,True,,0.0,1.265341119704999e-05,True,True,True,True,,0.0,0.0,0.0,3,3,0.41232239999999987,0.65,1.78,P3,균형형 라이트헤지,False,20429.2,2033,9930.8,114.966531,37734.414,37734.414,48219.013,328.220861,114.966531,166.640834,62288.444,54694.998,65179.597,16960.584,7560.914,-32.532,0.0,146.910263,31.943732,138.101704,23.135173,0.0,0.0,0.0,0.0,0.0,328.220861,48219.013,13.370401,16.69171,9202.489,975.493,12158.027,39198.009,249.432,-16960.584,-7174.605,86.154,100,True,26.380916
JFE_STEEL_JP,JFE Steel,JP,21.95,45.3,DISCLOSED_PATH,DISCLOSED_PATH,PORT-51A2628EF9C2,CAND-F4B6AD5FB08D71,P2,PORT-51A2628EF9C2,328.220861,41807.514,127.376163,True,True,,0.0,1.265341119704999e-05,True,True,True,True,,0.0,0.0,0.0,3,3,0.41232239999999987,0.65,1.78,P2,지연·부분헤지,False,20429.2,2033,9930.8,129.349952,42455.353,42455.353,54817.105,328.220861,129.349952,164.38947,57952.211,53956.053,66317.806,11500.701,3891.39,-104.767,0.0,167.012862,37.66291,141.52516,12.175208,0.0,0.0,0.0,0.0,0.0,328.220861,54817.105,15.199952,18.975736,13678.96,975.493,9874.487,33911.389,71.146,-11500.701,-4725.849,170.428,100,True,19.387156
JFE_STEEL_JP,JFE Steel,JP,21.95,45.3,ACCELERATED_15C,DISCLOSED_PATH,PORT-51A2628EF9C2,CAND-F4B6AD5FB08D71,P2,PORT-51A2628EF9C2,328.220861,39413.198,120.081332,True,True,,0.0,1.265341119704999e-05,True,True,True,True,,0.0,0.0,0.0,3,3,0.41232239999999987,0.65,1.78,P2,지연·부분헤지,False,20429.2,2033,9930.8,122.272252,40132.304,40132.304,53658.115,328.220861,122.272252,173.946555,62280.222,57092.888,70618.7,16960.584,5125.112,-62.222,0.0,163.481734,41.209482,138.076654,15.804402,0.0,0.0,0.0,0.0,0.0,328.220861,53658.115,14.878581,18.574535,9043.373,975.493,12292.494,39271.67,75.909,-16960.584,-4669.567,103.516,100,True,33.686637
JFE_STEEL_JP,JFE Steel,JP,21.95,45.3,DISCLOSED_PATH,DISCLOSED_PATH,PORT-51A2628EF9C2,CAND-FCDB7C1BD7991A,P1,PORT-51A2628EF9C2,328.220861,42800.358,130.401089,True,True,,0.0,1.265341119704999e-05,True,True,True,True,,0.0,0.0,0.0,3,3,0.41232239999999987,0.65,1.78,P1,지연·현물조달,False,20429.2,2033,9930.8,132.724264,43562.872,43562.872,57916.973,328.220861,132.724264,167.763782,57981.05,55063.573,69417.674,11500.701,2823.98,-93.497,0.0,176.457319,43.733055,141.613025,8.888762,0.0,0.0,0.0,0.0,0.0,328.220861,57916.973,16.059498,20.0488,8937.296,975.493,11304.6,36097.675,0.0,-11500.701,-2421.961,170.469,100,True,22.761468
JFE_STEEL_JP,JFE Steel,JP,21.95,45.3,ACCELERATED_15C,DISCLOSED_PATH,PORT-51A2628EF9C2,CAND-FCDB7C1BD7991A,P1,PORT-51A2628EF9C2,328.220861,40930.073,124.702838,True,True,,0.0,1.265341119704999e-05,True,True,True,True,,0.0,0.0,0.0,3,3,0.41232239999999987,0.65,1.78,P1,지연·현물조달,False,20429.2,2033,9930.8,127.351746,41799.5,41799.5,57717.985,328.220861,127.351746,179.026049,62314.884,58760.084,74678.569,16960.584,3501.594,-53.207,0.0,175.851056,48.49931,138.18226,10.830514,0.0,0.0,0.0,0.0,0.0,328.220861,57717.985,16.004321,19.979917,9868.686,975.493,11692.864,39656.799,0.0,-16960.584,-3337.676,-96.082,100,True,38.766131
JFE_STEEL_JP,JFE Steel,JP,21.95,45.3,DISCLOSED_PATH,DISCLOSED_PATH,PORT-CCD4397FA6D4,CAND-A735954AF09420,P3,PORT-CCD4397FA6D4,281.895878,30284.795,107.432556,True,True,,0.0,1.265341119704999e-05,True,True,True,True,,0.0,0.0,0.0,2,3,0.3119871999999999,0.65,1.1400000000000001,P3,균형형 라이트헤지,False,16139.2,2033,9930.8,109.962796,30998.059,30998.059,38852.889,281.895878,109.962796,145.020159,44932.425,40880.585,48735.415,9882.526,4111.926,60.086,-0.0,137.82709,27.864294,124.336329,14.373533,0.0,0.0,0.0,0.0,0.0,281.895878,38852.889,10.773316,13.449491,7543.505,811.996,9300.969,27096.227,179.991,-9882.526,-4033.407,-18.695,100,True,0.0
JFE_STEEL_JP,JFE Steel,JP,21.95,45.3,ACCELERATED_15C,DISCLOSED_PATH,PORT-CCD4397FA6D4,CAND-A735954AF09420,P3,PORT-CCD4397FA6D4,281.895878,27384.963,97.145666,False,False,2040,5.28499579,-5.28499579,True,True,True,True,,0.0,0.0,0.0,2,3,0.3119871999999999,0.65,1.1400000000000001,P3,균형형 라이트헤지,False,16139.2,2033,9930.8,99.276148,27985.537,27985.537,36486.82,281.895878,99.276148,150.870738,48157.746,42529.839,51031.123,14544.302,5567.54,-60.367,0.0,129.433678,30.157531,119.240636,19.964488,0.0,0.0,0.0,0.0,0.0,281.895878,36486.82,10.117242,12.630442,7403.415,811.996,10043.632,29486.844,192.633,-14544.302,-5440.554,31.873,100,True,10.690533
JFE_STEEL_JP,JFE Steel,JP,21.95,45.3,DISCLOSED_PATH,DISCLOSED_PATH,PORT-CCD4397FA6D4,CAND-0B566F19FFC9A2,P2,PORT-CCD4397FA6D4,281.895878,31362.25,111.25473,True,True,,0.0,1.265341119704999e-05,True,True,True,True,,0.0,0.0,0.0,2,3,0.3119871999999999,0.65,1.1400000000000001,P2,지연·부분헤지,False,16139.2,2033,9930.8,114.421761,32255.023,32255.023,42151.603,281.895878,114.421761,149.479124,44969.641,42137.549,52034.129,9882.526,2878.922,46.83,-0.0,149.52898,35.10722,124.468349,10.046588,0.0,0.0,0.0,0.0,0.0,281.895878,42151.603,11.688,14.591389,7661.429,811.996,9340.298,27101.844,55.271,-9882.526,-2848.667,15.378,100,True,4.458965
JFE_STEEL_JP,JFE Steel,JP,21.95,45.3,ACCELERATED_15C,DISCLOSED_PATH,PORT-CCD4397FA6D4,CAND-0B566F19FFC9A2,P2,PORT-CCD4397FA6D4,281.895878,29040.327,103.01792,False,False,2040,5.28499579,-5.28499579,True,True,True,True,,0.0,0.0,0.0,2,3,0.3119871999999999,0.65,1.1400000000000001,P2,지연·부분헤지,False,16139.2,2033,9930.8,105.734916,29806.237,29806.237,40672.591,281.895878,105.734916,157.329506,48203.258,44350.539,55216.894,14544.302,3798.871,-53.847,0.0,144.282321,38.547405,119.402084,13.667169,0.0,0.0,0.0,0.0,0.0,281.895878,40672.591,11.277892,14.079407,8202.884,811.996,10992.465,28161.001,58.914,-14544.302,-3858.868,-17.852,100,True,17.149301
JFE_STEEL_JP,JFE Steel,JP,21.95,45.3,DISCLOSED_PATH,DISCLOSED_PATH,PORT-CCD4397FA6D4,CAND-321A1FBBC2D640,P1,PORT-CCD4397FA6D4,281.895878,32103.489,113.884208,True,True,,0.0,1.265341119704999e-05,True,True,True,True,,0.0,0.0,0.0,2,3,0.3119871999999999,0.65,1.1400000000000001,P1,지연·현물조달,False,16139.2,2033,9930.8,117.463555,33112.492,33112.492,44648.085,281.895878,117.463555,152.520918,45028.746,42995.018,54530.611,9882.526,2087.417,53.689,-0.0,158.385022,40.921468,124.67802,7.214465,0.0,0.0,0.0,0.0,0.0,281.895878,44648.085,12.380236,15.455582,11803.531,811.996,8577.86,24942.629,0.0,-9882.526,-3146.019,5.021,100,True,7.500759
JFE_STEEL_JP,JFE Steel,JP,21.95,45.3,ACCELERATED_15C,DISCLOSED_PATH,PORT-CCD4397FA6D4,CAND-321A1FBBC2D640,P1,PORT-CCD4397FA6D4,281.895878,30166.609,107.013304,False,False,2040,5.28499579,-5.28499579,True,True,True,True,,0.0,0.0,0.0,2,3,0.3119871999999999,0.65,1.1400000000000001,P1,지연·현물조달,False,16139.2,2033,9930.8,110.230922,31073.643,31073.643,43777.375,281.895878,110.230922,161.825513,48292.945,45617.945,58321.677,14544.302,2581.123,-93.877,0.0,155.296258,45.065336,119.72024,9.489318,0.0,0.0,0.0,0.0,0.0,281.895878,43777.375,12.138802,15.154173,7361.873,811.996,10007.282,29749.527,0.0,-14544.302,-2342.965,30.232,100,True,21.645307
JFE_STEEL_JP,JFE Steel,JP,21.95,45.3,DISCLOSED_PATH,DISCLOSED_PATH,PORT-E5F3D5116135,CAND-FC0AA3F9FE37C6,P3,PORT-E5F3D5116135,321.408363,31315.689,97.432714,True,False,,0.0,1.265341119704999e-05,False,False,True,True,2036,0.004998229999999992,0.0,0.0,2,3,0.3406543999999999,0.65,1.3,P3,균형형 라이트헤지,False,18185.2,2033,9930.8,99.673077,32035.76,32035.76,40122.888,321.408363,99.673077,134.714897,47706.844,43298.494,51385.622,11262.734,4455.224,46.874,-0.0,124.834612,25.161535,113.388805,13.715728,0.0,0.0,0.0,0.0,0.0,321.408363,40122.888,11.125468,13.889119,8681.656,880.119,10813.362,27080.771,192.832,-11262.734,-4353.729,3.482,100,True,-10.289719
JFE_STEEL_JP,JFE Steel,JP,21.95,45.3,ACCELERATED_15C,DISCLOSED_PATH,PORT-E5F3D5116135,CAND-FC0AA3F9FE37C6,P3,PORT-E5F3D5116135,321.408363,27857.175,86.672217,True,True,,0.0,1.265341119704999e-05,True,True,True,True,,0.0,0.0,0.0,2,3,0.3406543999999999,0.65,1.3,P3,균형형 라이트헤지,False,18185.2,2033,9930.8,88.585615,28472.157,28472.157,37298.383,321.408363,88.585615,140.249636,51166.725,45077.406,53903.631,16605.249,6021.881,-67.439,0.0,116.046708,27.461093,107.531355,18.94574,0.0,0.0,0.0,0.0,0.0,321.408363,37298.383,10.342276,12.911376,8702.497,880.119,11957.949,29276.975,206.305,-16605.249,-5914.303,-32.136,100,True,0.0
JFE_STEEL_JP,JFE Steel,JP,21.95,45.3,DISCLOSED_PATH,DISCLOSED_PATH,PORT-E5F3D5116135,CAND-E72109958C3B57,P2,PORT-E5F3D5116135,321.408363,32387.753,100.768233,True,False,,0.0,1.265341119704999e-05,False,False,True,True,2036,0.004998229999999992,0.0,0.0,2,3,0.3406543999999999,0.65,1.3,P2,지연·부분헤지,False,18185.2,2033,9930.8,103.53095,33275.713,33275.713,43476.888,321.408363,103.53095,138.57277,47740.903,44538.447,54739.622,11262.734,3234.183,31.727,0.0,135.269933,31.738982,113.494773,9.963822,0.0,0.0,0.0,0.0,0.0,321.408363,43476.888,12.055481,15.050155,9654.176,880.119,11345.514,25990.35,59.835,-11262.734,-3381.651,-9.896,100,True,-6.431846
JFE_STEEL_JP,JFE Steel,JP,21.95,45.3,ACCELERATED_15C,DISCLOSED_PATH,PORT-E5F3D5116135,CAND-E72109958C3B57,P2,PORT-E5F3D5116135,321.408363,29504.994,91.799087,True,True,,0.0,1.265341119704999e-05,True,True,True,True,,0.0,0.0,0.0,2,3,0.3406543999999999,0.65,1.3,P2,지연·부분헤지,False,18185.2,2033,9930.8,94.220636,30283.3,30283.3,41644.99,321.408363,94.220636,145.884657,51220.064,46888.549,58250.239,16605.249,4188.93,-142.585,-0.0,129.570337,35.349701,107.697307,13.476671,0.0,0.0,0.0,0.0,0.0,321.408363,41644.99,11.547524,14.416017,8715.356,880.119,11982.778,29392.611,63.755,-16605.249,-4094.055,-52.016,100,True,5.635021
JFE_STEEL_JP,JFE Steel,JP,21.95,45.3,DISCLOSED_PATH,DISCLOSED_PATH,PORT-E5F3D5116135,CAND-E280945A557960,P1,PORT-E5F3D5116135,321.408363,33126.209,103.065795,True,False,,0.0,1.265341119704999e-05,False,False,True,True,2036,0.004998229999999992,0.0,0.0,2,3,0.3406543999999999,0.65,1.3,P1,지연·현물조달,False,18185.2,2033,9930.8,106.184051,34128.442,34128.442,46037.927,321.408363,106.184051,141.225871,47799.504,45391.176,57300.661,11262.734,2417.944,9.616,-0.0,143.238111,37.05406,113.677098,7.493048,0.0,0.0,0.0,0.0,0.0,321.408363,46037.927,12.765619,15.936696,8723.929,880.119,10908.642,27177.892,0.0,-11262.734,-2334.547,35.141,100,True,-3.778745
JFE_STEEL_JP,JFE Steel,JP,21.95,45.3,ACCELERATED_15C,DISCLOSED_PATH,PORT-E5F3D5116135,CAND-E280945A557960,P1,PORT-E5F3D5116135,321.408363,30627.226,95.290696,True,True,,0.0,1.265341119704999e-05,True,True,True,True,,0.0,0.0,0.0,2,3,0.3406543999999999,0.65,1.3,P1,지연·현물조달,False,18185.2,2033,9930.8,98.139923,31542.992,31542.992,44930.442,321.408363,98.139923,149.803944,51308.044,48148.241,61535.691,16605.249,2980.151,-179.652,0.0,139.792387,41.652464,107.971041,9.831118,0.0,0.0,0.0,0.0,0.0,321.408363,44930.442,12.45853,15.553324,9780.101,880.119,12548.753,28101.246,0.0,-16605.249,-3218.689,56.71,100,True,9.554308
JFE_STEEL_JP,JFE Steel,JP,21.95,45.3,DISCLOSED_PATH,DISCLOSED_PATH,PORT-2883A9539B06,CAND-AE1C3F48385E3F,P5,PORT-2883A9539B06,367.500849,43076.746,117.215365,True,False,,0.0,1.265341119704999e-05,False,False,True,True,2028,0.0,0.0,0.9619987720000003,3,3,0.41232239999999987,0.65,1.78,P5,조기 계약형 전환,False,20429.2,2032,9930.8,118.697367,43621.383,43621.383,47960.919,367.500849,118.697367,153.686616,67235.662,56479.962,60819.497,12858.579,10712.991,-42.709,-0.0,130.505599,11.808233,147.96451,29.267143,0.0,0.0,0.0,0.0,0.0,367.500849,47960.919,13.298835,16.602367,11290.92,1129.437,12100.941,41543.306,1059.504,-12858.579,-10715.86,71.714,100,True,8.734571
JFE_STEEL_JP,JFE Steel,JP,21.95,45.3,ACCELERATED_15C,DISCLOSED_PATH,PORT-2883A9539B06,CAND-AE1C3F48385E3F,P5,PORT-2883A9539B06,367.500849,37367.085,101.678907,True,True,,0.0,1.265341119704999e-05,True,True,True,True,,0.0,0.0,0.0,3,3,0.41232239999999987,0.65,1.78,P5,조기 계약형 전환,False,20429.2,2032,9930.8,103.01013,37856.31,37856.31,42143.776,367.500849,103.01013,154.404564,72002.79,56743.808,61031.274,18887.498,15274.558,15.576,0.0,114.676677,11.666547,144.531074,41.520944,0.0,0.0,0.0,0.0,0.0,367.500849,42143.776,11.68583,14.588679,9926.737,1129.437,13486.965,46173.627,1138.13,-18887.498,-15120.578,9.491,100,True,14.424515
JFE_STEEL_JP,JFE Steel,JP,21.95,45.3,DISCLOSED_PATH,DISCLOSED_PATH,PORT-2883A9539B06,CAND-942FF71D4F4188,P4,PORT-2883A9539B06,367.500849,45230.214,123.075128,True,False,,0.0,1.265341119704999e-05,False,False,True,True,2028,0.0,0.0,0.9619987720000003,3,3,0.41232239999999987,0.65,1.78,P4,균형형 전환,False,20429.2,2032,9930.8,125.389799,46080.857,46080.857,53396.506,367.500849,125.389799,160.379048,67082.073,58939.436,66255.085,12858.579,8133.22,-9.417,-0.0,145.29628,19.906482,147.546582,22.156784,0.0,0.0,0.0,0.0,0.0,367.500849,53396.506,14.806041,18.483975,12195.028,1129.437,11822.113,41484.424,600.911,-12858.579,-8340.297,47.819,100,True,15.427003
JFE_STEEL_JP,JFE Steel,JP,21.95,45.3,ACCELERATED_15C,DISCLOSED_PATH,PORT-2883A9539B06,CAND-942FF71D4F4188,P4,PORT-2883A9539B06,367.500849,40788.202,110.988047,True,True,,0.0,1.265341119704999e-05,True,True,True,True,,0.0,0.0,0.0,3,3,0.41232239999999987,0.65,1.78,P4,균형형 전환,False,20429.2,2032,9930.8,113.159247,41586.119,41586.119,49073.337,367.500849,113.159247,164.553681,71841.103,60473.618,67960.835,18887.498,11464.627,97.141,0.0,133.53258,20.373333,144.091108,30.931861,0.0,0.0,0.0,0.0,0.0,367.500849,49073.337,13.607292,16.987447,10705.912,1129.437,13210.213,45933.38,644.815,-18887.498,-11318.215,168.076,100,True,24.573632
JFE_STEEL_JP,JFE Steel,JP,21.95,45.3,DISCLOSED_PATH,DISCLOSED_PATH,PORT-E3494C854A0D,CAND-F1788FF7DCC7F6,P2,PORT-E3494C854A0D,323.808372,38846.247,119.966777,True,False,,0.0,1.265341119704999e-05,False,False,True,True,2029,1.6549952300000008,0.07400003299999997,0.18199837200000069,2,3,0.3406543999999999,0.65,1.3,P2,지연·부분헤지,False,17287.6,2029,7326.0,122.507277,39668.882,39668.882,49668.526,323.808372,122.507277,157.537264,54677.269,51011.885,61011.529,11343.003,3371.291,-294.093,0.0,153.388641,30.881365,133.826885,11.319609,0.0,0.0,0.0,0.0,0.0,323.808372,49668.526,13.772329,17.19348,10152.198,955.146,9947.434,33559.739,66.201,-11343.003,-3684.371,15.538,100,True,12.544481
JFE_STEEL_JP,JFE Steel,JP,21.95,45.3,ACCELERATED_15C,DISCLOSED_PATH,PORT-E3494C854A0D,CAND-F1788FF7DCC7F6,P2,PORT-E3494C854A0D,323.808372,35953.415,111.032999,True,True,,0.0,1.265341119704999e-05,True,True,True,True,,0.0,0.0,0.0,2,3,0.3406543999999999,0.65,1.3,P2,지연·부분헤지,False,17287.6,2029,7326.0,113.649741,36800.738,36800.738,47438.2,323.808372,113.649741,165.242587,58214.547,53506.933,64144.395,16706.195,4421.199,-286.416,0.0,146.500845,32.851104,128.188014,14.538273,0.0,0.0,0.0,0.0,0.0,323.808372,47438.2,13.153893,16.421421,10075.427,955.146,12512.819,34802.608,70.231,-16706.195,-4732.019,-177.28,100,True,25.064126
JFE_STEEL_JP,JFE Steel,JP,21.95,45.3,DISCLOSED_PATH,DISCLOSED_PATH,PORT-E3494C854A0D,CAND-25BA0666383526,P1,PORT-E3494C854A0D,323.808372,39789.406,122.879484,True,False,,0.0,1.265341119704999e-05,False,False,True,True,2029,1.6549952300000008,0.07400003299999997,0.18199837200000069,2,3,0.3406543999999999,0.65,1.3,P1,지연·현물조달,False,17287.6,2029,7326.0,125.727676,40711.674,40711.674,52361.602,323.808372,125.727676,160.757663,54773.657,52054.677,63704.605,11343.003,2332.797,-386.183,-0.0,161.705521,35.977846,134.124556,8.39688,0.0,0.0,0.0,0.0,0.0,323.808372,52361.602,14.519078,18.125727,10359.649,955.146,9841.128,33578.444,0.0,-11343.003,-2730.693,51.003,100,True,15.76488
JFE_STEEL_JP,JFE Steel,JP,21.95,45.3,ACCELERATED_15C,DISCLOSED_PATH,PORT-E3494C854A0D,CAND-25BA0666383526,P1,PORT-E3494C854A0D,323.808372,37395.542,115.486644,True,True,,0.0,1.265341119704999e-05,True,True,True,True,,0.0,0.0,0.0,2,3,0.3406543999999999,0.65,1.3,P1,지연·현물조달,False,17287.6,2029,7326.0,118.590798,38400.693,38400.693,50797.336,323.808372,118.590798,170.183643,58314.501,55106.888,67503.531,16706.195,2863.895,-343.717,0.0,156.874683,38.283885,128.496694,9.905896,0.0,0.0,0.0,0.0,0.0,323.808372,50797.336,14.08533,17.584234,6891.744,955.146,12709.725,36634.386,0.0,-16706.195,-2248.202,164.089,100,True,30.005183
JFE_STEEL_JP,JFE Steel,JP,21.95,45.3,DISCLOSED_PATH,DISCLOSED_PATH,PORT-0FD37D80B1EA,CAND-FA1953D51D82F3,P3,PORT-0FD37D80B1EA,330.620869,46521.877,140.710649,True,False,,0.0,1.265341119704999e-05,False,False,True,True,2029,0.0,0.07400003299999997,0.18199837200000069,3,3,0.41232239999999987,0.65,1.78,P3,균형형 라이트헤지,False,19531.6,2029,7326.0,143.757919,47529.368,47529.368,57049.894,330.620869,143.757919,178.785865,65020.331,59110.338,68630.864,11580.97,6058.675,148.683,-0.0,172.553819,28.7959,161.633356,17.875437,0.0,0.0,0.0,0.0,0.0,330.620869,57049.894,15.81907,19.748648,10163.871,1050.519,10422.947,42821.161,257.206,-11580.97,-5990.243,384.876,100,True,33.795123
JFE_STEEL_JP,JFE Steel,JP,21.95,45.3,ACCELERATED_15C,DISCLOSED_PATH,PORT-0FD37D80B1EA,CAND-FA1953D51D82F3,P3,PORT-0FD37D80B1EA,330.620869,43157.607,130.535035,True,True,,0.0,1.265341119704999e-05,True,True,True,True,,0.0,0.0,0.0,3,3,0.41232239999999987,0.65,1.78,P3,균형형 라이트헤지,False,19531.6,2029,7326.0,133.312386,44075.857,44075.857,54505.859,330.620869,133.312386,184.916905,69621.809,61137.388,71567.39,17061.531,8420.228,-64.193,0.0,164.859102,31.546715,158.974471,25.662084,0.0,0.0,0.0,0.0,0.0,330.620869,54505.859,15.113648,18.867993,10163.871,1050.519,11507.039,46188.022,274.293,-17061.531,-8279.852,233.497,100,True,44.726771
JFE_STEEL_JP,JFE Steel,JP,21.95,45.3,DISCLOSED_PATH,DISCLOSED_PATH,PORT-0FD37D80B1EA,CAND-1D1CB9506368C0,P2,PORT-0FD37D80B1EA,330.620869,48266.007,145.985968,True,False,,0.0,1.265341119704999e-05,False,False,True,True,2029,0.0,0.07400003299999997,0.18199837200000069,3,3,0.41232239999999987,0.65,1.78,P2,지연·부분헤지,False,19531.6,2029,7326.0,149.741174,49507.557,49507.557,61517.0,330.620869,149.741174,184.76912,65055.674,61088.527,73097.97,11580.97,4056.278,89.132,0.0,186.065085,36.323911,161.740255,11.999081,0.0,0.0,0.0,0.0,0.0,330.620869,61517.0,17.057731,21.295001,12535.977,1050.519,10037.843,42505.744,77.512,-11580.97,-4653.056,-466.012,100,True,39.778378
JFE_STEEL_JP,JFE Steel,JP,21.95,45.3,ACCELERATED_15C,DISCLOSED_PATH,PORT-0FD37D80B1EA,CAND-1D1CB9506368C0,P2,PORT-0FD37D80B1EA,330.620869,45861.619,138.713623,True,True,,0.0,1.265341119704999e-05,True,True,True,True,,0.0,0.0,0.0,3,3,0.41232239999999987,0.65,1.78,P2,지연·부분헤지,False,19531.6,2029,7326.0,142.133069,46992.159,46992.159,60442.981,330.620869,142.133069,193.737588,69693.544,64053.69,77504.512,17061.531,5393.678,-246.176,0.0,182.816594,40.683525,159.191442,17.058373,0.0,0.0,0.0,0.0,0.0,330.620869,60442.981,16.759922,20.923214,10262.194,1050.519,11545.738,46241.612,82.385,-17061.531,-5401.521,272.761,100,True,53.547454
JFE_STEEL_JP,JFE Steel,JP,21.95,45.3,DISCLOSED_PATH,DISCLOSED_PATH,PORT-0FD37D80B1EA,CAND-D31DAEDCB107AF,P1,PORT-0FD37D80B1EA,330.620869,49463.555,149.608084,True,False,,0.0,1.265341119704999e-05,False,False,True,True,2029,0.0,0.07400003299999997,0.18199837200000069,3,3,0.41232239999999987,0.65,1.78,P1,지연·현물조달,False,19531.6,2029,7326.0,153.833551,50860.582,50860.582,64828.773,330.620869,153.833551,188.861497,65146.836,62441.552,76409.743,11580.97,2755.991,50.706,-0.0,196.081914,42.248362,162.015987,8.182436,0.0,0.0,0.0,0.0,0.0,330.620869,64828.773,17.976035,22.44142,10327.743,1050.519,10487.717,42885.167,0.0,-11580.97,-2814.709,505.116,100,True,43.870755
JFE_STEEL_JP,JFE Steel,JP,21.95,45.3,ACCELERATED_15C,DISCLOSED_PATH,PORT-0FD37D80B1EA,CAND-D31DAEDCB107AF,P1,PORT-0FD37D80B1EA,330.620869,47698.388,144.269139,True,True,,0.0,1.265341119704999e-05,True,True,True,True,,0.0,0.0,0.0,3,3,0.41232239999999987,0.65,1.78,P1,지연·현물조달,False,19531.6,2029,7326.0,148.114263,48969.666,48969.666,64825.408,330.620869,148.114263,199.718782,69816.427,66031.197,81886.939,17061.531,3411.818,-373.412,-0.0,196.071737,47.957474,159.563116,11.448853,0.0,0.0,0.0,0.0,0.0,330.620869,64825.408,17.975102,22.440255,10327.743,1050.519,11584.438,46277.339,0.0,-17061.531,-3489.159,280.317,100,True,59.528648
JFE_STEEL_JP,JFE Steel,JP,21.95,45.3,DISCLOSED_PATH,DISCLOSED_PATH,PORT-7C1FC602A00B,CAND-B38C1D7FD5CCAE,P3,PORT-7C1FC602A00B,341.808365,62575.093,183.070688,True,False,,0.0,1.265341119704999e-05,False,False,True,True,2029,0.0,0.07400003299999997,0.0,2,3,0.41232239999999987,0.65,1.78,P3,균형형 라이트헤지,False,20952.8,2033,9930.8,188.042298,64274.43,64274.43,76956.893,341.808365,188.042298,223.079096,83857.393,76250.301,88932.763,11975.871,7666.562,59.47,0.0,225.146312,37.104014,210.297727,22.255429,0.0,0.0,0.0,0.0,0.0,341.808365,76956.893,21.338979,26.639744,9381.627,1229.487,10363.329,62023.638,325.324,-11975.871,-7240.492,167.388,100,True,78.079502
JFE_STEEL_JP,JFE Steel,JP,21.95,45.3,ACCELERATED_15C,DISCLOSED_PATH,PORT-7C1FC602A00B,CAND-B38C1D7FD5CCAE,P3,PORT-7C1FC602A00B,341.808365,59582.638,174.315915,True,True,,0.0,1.265341119704999e-05,True,True,True,True,,0.0,0.0,0.0,2,3,0.41232239999999987,0.65,1.78,P3,균형형 라이트헤지,False,20952.8,2033,9930.8,179.182867,61246.203,61246.203,75016.783,341.808365,179.182867,230.805998,89718.69,78891.421,92662.002,17645.218,10848.423,21.154,-0.0,219.470297,40.287431,210.859297,31.676431,0.0,0.0,0.0,0.0,0.0,341.808365,75016.783,20.801016,25.968147,13984.177,1229.487,10563.221,64095.087,347.381,-17645.218,-11490.682,162.751,100,True,90.597252
JFE_STEEL_JP,JFE Steel,JP,21.95,45.3,DISCLOSED_PATH,DISCLOSED_PATH,PORT-7C1FC602A00B,CAND-3DE74006E308F9,P2,PORT-7C1FC602A00B,341.808365,65023.006,190.232343,True,False,,0.0,1.265341119704999e-05,False,False,True,True,2029,0.0,0.07400003299999997,0.0,2,3,0.41232239999999987,0.65,1.78,P2,지연·부분헤지,False,20952.8,2033,9930.8,196.443378,67145.99,67145.99,83134.158,341.808365,196.443378,231.480175,83992.513,79121.86,95110.028,11975.871,4954.648,83.995,0.0,243.218617,46.775239,210.693038,14.24966,0.0,0.0,0.0,0.0,0.0,341.808365,83134.158,23.051841,28.778094,9035.658,1229.487,10492.762,62466.605,96.209,-11975.871,-4362.424,163.564,100,True,86.480582
JFE_STEEL_JP,JFE Steel,JP,21.95,45.3,ACCELERATED_15C,DISCLOSED_PATH,PORT-7C1FC602A00B,CAND-3DE74006E308F9,P2,PORT-7C1FC602A00B,341.808365,63393.476,185.464964,True,True,,0.0,1.265341119704999e-05,True,True,True,True,,0.0,0.0,0.0,2,3,0.41232239999999987,0.65,1.78,P2,지연·부분헤지,False,20952.8,2033,9930.8,191.546844,65472.314,65472.314,83294.367,341.808365,191.546844,243.169975,89869.911,83117.532,100939.585,17645.218,6634.261,-118.118,0.0,243.687328,52.140484,211.301711,19.754867,0.0,0.0,0.0,0.0,0.0,341.808365,83294.367,23.096264,28.833553,14700.335,1229.487,10520.742,64016.513,102.392,-17645.218,-7714.851,262.914,100,True,102.961229
JFE_STEEL_JP,JFE Steel,JP,21.95,45.3,DISCLOSED_PATH,DISCLOSED_PATH,PORT-7C1FC602A00B,CAND-11566829CB83FF,P1,PORT-7C1FC602A00B,341.808365,66701.442,195.142802,True,False,,0.0,1.265341119704999e-05,False,False,True,True,2029,0.0,0.07400003299999997,0.0,2,3,0.41232239999999987,0.65,1.78,P1,지연·현물조달,False,20952.8,2033,9930.8,202.259507,69133.991,69133.991,87631.754,341.808365,202.259507,237.296305,84161.91,81109.862,99607.624,11975.871,3132.487,80.438,0.0,256.376856,54.117349,211.188628,8.929121,0.0,0.0,0.0,0.0,0.0,341.808365,87631.754,24.298956,30.335002,8805.012,1229.487,10622.195,62761.916,0.0,-11975.871,-2426.363,117.616,100,True,92.296711
JFE_STEEL_JP,JFE Steel,JP,21.95,45.3,ACCELERATED_15C,DISCLOSED_PATH,PORT-7C1FC602A00B,CAND-11566829CB83FF,P1,PORT-7C1FC602A00B,341.808365,65979.02,193.029272,True,True,,0.0,1.265341119704999e-05,True,True,True,True,,0.0,0.0,0.0,2,3,0.41232239999999987,0.65,1.78,P1,지연·현물조달,False,20952.8,2033,9930.8,199.925435,68336.186,68336.186,89312.593,341.808365,199.925435,251.548567,90056.369,85981.404,106957.812,17645.218,3898.546,-176.419,-0.0,261.294347,61.368912,211.847218,11.921783,0.0,0.0,0.0,0.0,0.0,341.808365,89312.593,24.765027,30.916849,15177.774,1229.487,10478.263,63964.13,0.0,-17645.218,-5222.043,353.793,100,True,111.33982
JFE_STEEL_JP,JFE Steel,JP,21.95,45.3,DISCLOSED_PATH,DISCLOSED_PATH,PORT-04FFFE8075F6,CAND-12D758CC621EDD,P3,PORT-04FFFE8075F6,348.620862,71622.763,205.446003,True,False,,0.0,1.265341119704999e-05,False,False,True,True,2029,0.0,0.07400003299999997,0.0,3,3,0.47620039999999997,0.65,2.2600000000000002,P3,균형형 라이트헤지,False,23196.8,2033,9930.8,209.970102,73199.958,73199.958,88504.305,348.620862,209.970102,245.004831,94430.666,85413.795,100718.142,12213.837,8747.563,-269.308,0.0,253.869788,43.899687,235.834506,25.864404,0.0,0.0,0.0,0.0,0.0,348.620862,88504.305,24.540901,30.637048,15411.349,1324.86,9309.034,68689.151,365.252,-12213.837,-9385.067,-300.784,100,True,100.007306
JFE_STEEL_JP,JFE Steel,JP,21.95,45.3,ACCELERATED_15C,DISCLOSED_PATH,PORT-04FFFE8075F6,CAND-12D758CC621EDD,P3,PORT-04FFFE8075F6,348.620862,68907.876,197.658498,True,True,,0.0,1.265341119704999e-05,True,True,True,True,,0.0,0.0,0.0,3,3,0.47620039999999997,0.65,2.2600000000000002,P3,균형형 라이트헤지,False,23196.8,2033,9930.8,201.604688,70283.6,70283.6,86987.063,348.620862,201.604688,253.238299,100941.939,88284.154,104987.617,18000.554,12369.73,-288.056,0.0,249.517663,47.912974,237.912858,36.308169,0.0,0.0,0.0,0.0,0.0,348.620862,86987.063,24.120193,30.111833,12451.639,1324.86,10604.743,75659.417,390.507,-18000.554,-12250.418,103.406,100,True,113.019073
JFE_STEEL_JP,JFE Steel,JP,21.95,45.3,DISCLOSED_PATH,DISCLOSED_PATH,PORT-04FFFE8075F6,CAND-2384C3F783562D,P2,PORT-04FFFE8075F6,348.620862,74442.767,213.535032,True,False,,0.0,1.265341119704999e-05,False,False,True,True,2029,0.0,0.07400003299999997,0.0,3,3,0.47620039999999997,0.65,2.2600000000000002,P2,지연·부분헤지,False,23196.8,2033,9930.8,219.110431,76386.467,76386.467,95717.002,348.620862,219.110431,254.14516,94581.427,88600.305,107930.839,12213.837,5637.139,-343.983,0.0,274.559019,55.448588,236.266954,17.156524,0.0,0.0,0.0,0.0,0.0,348.620862,95717.002,26.540872,33.133828,16169.496,1324.86,9272.121,68617.67,107.521,-12213.837,-6539.6,-351.762,100,True,109.147635
JFE_STEEL_JP,JFE Steel,JP,21.95,45.3,ACCELERATED_15C,DISCLOSED_PATH,PORT-04FFFE8075F6,CAND-2384C3F783562D,P2,PORT-04FFFE8075F6,348.620862,73301.68,210.261885,True,True,,0.0,1.265341119704999e-05,True,True,True,True,,0.0,0.0,0.0,3,3,0.47620039999999997,0.65,2.2600000000000002,P2,지연·부분헤지,False,23196.8,2033,9930.8,215.15287,75006.779,75006.779,96662.184,348.620862,215.15287,266.78648,101127.625,93007.333,114662.738,18000.554,7670.961,-449.331,0.0,277.270222,62.117351,238.445485,23.292615,0.0,0.0,0.0,0.0,0.0,348.620862,96662.184,26.802957,33.461016,12526.776,1324.86,10637.927,75867.528,114.546,-18000.554,-7537.209,72.906,100,True,126.567255
JFE_STEEL_JP,JFE Steel,JP,21.95,45.3,DISCLOSED_PATH,DISCLOSED_PATH,PORT-04FFFE8075F6,CAND-65F7157232C73A,P1,PORT-04FFFE8075F6,348.620862,76375.591,219.079233,True,False,,0.0,1.265341119704999e-05,False,False,True,True,2029,0.0,0.07400003299999997,0.0,3,3,0.47620039999999997,0.65,2.2600000000000002,P1,지연·현물조달,False,23196.8,2033,9930.8,225.347439,78560.819,78560.819,100934.696,348.620862,225.347439,260.382168,94768.157,90774.656,113148.534,12213.837,3531.37,-462.131,0.0,289.525692,64.178253,236.802578,11.455139,0.0,0.0,0.0,0.0,0.0,348.620862,100934.696,27.98766,34.940008,16674.927,1324.86,9235.208,68570.016,0.0,-12213.837,-4659.518,-370.837,100,True,115.384643
JFE_STEEL_JP,JFE Steel,JP,21.95,45.3,ACCELERATED_15C,DISCLOSED_PATH,PORT-04FFFE8075F6,CAND-65F7157232C73A,P1,PORT-04FFFE8075F6,348.620862,76281.866,218.810388,True,True,,0.0,1.265341119704999e-05,True,True,True,True,,0.0,0.0,0.0,3,3,0.47620039999999997,0.65,2.2600000000000002,P1,지연·현물조달,False,23196.8,2033,9930.8,224.337167,78208.617,78208.617,103655.536,348.620862,224.337167,275.970777,101319.536,96209.17,121656.09,18000.554,4414.837,-695.529,0.0,297.330273,72.993106,238.995973,14.658806,0.0,0.0,0.0,0.0,0.0,348.620862,103655.536,28.742107,35.881867,12576.868,1324.86,10671.11,76006.268,0.0,-18000.554,-4395.424,25.488,100,True,135.751552
JFE_STEEL_JP,JFE Steel,JP,21.95,45.3,DISCLOSED_PATH,DISCLOSED_PATH,PORT-48EB0158352D,CAND-0C103CAC9E9685,P1,PORT-48EB0158352D,209.90085,39796.76,189.597896,False,False,2030,3.1659880174124027,-3.1659880174124027,True,True,True,True,,0.0,0.0,0.0,3,3,0.3867712,0.65,1.62,P1,지연·현물조달,False,17905.8,2033,9930.8,193.651311,40647.575,40647.575,52903.896,209.90085,193.651311,228.736964,50425.308,48012.083,60268.405,7364.508,2260.64,-152.585,0.0,252.042315,58.391005,205.148285,11.496975,0.0,0.0,0.0,0.0,0.0,209.90085,52903.896,14.669448,18.313451,8451.296,725.944,5164.127,35784.417,0.0,-7364.508,-2271.266,157.564,100,True,83.688515
JFE_STEEL_JP,JFE Steel,JP,21.95,45.3,ACCELERATED_15C,DISCLOSED_PATH,PORT-48EB0158352D,CAND-0C103CAC9E9685,P1,PORT-48EB0158352D,209.90085,39441.617,187.905941,False,False,2030,8.975988017412405,-8.975988017412405,True,True,True,True,,0.0,0.0,0.0,3,3,0.3867712,0.65,1.62,P1,지연·현물조달,False,17905.8,2033,9930.8,192.393701,40383.601,40383.601,54055.386,209.90085,192.393701,244.46,54078.585,51312.362,64984.147,10928.761,2826.399,60.176,0.0,257.52819,65.13449,205.572412,13.178711,0.0,0.0,0.0,0.0,0.0,209.90085,54055.386,14.988738,18.712056,8451.296,725.944,5745.314,39159.026,0.0,-10928.761,-2839.733,70.514,100,True,103.808086
JFE_STEEL_JP,JFE Steel,JP,21.95,45.3,DISCLOSED_PATH,DISCLOSED_PATH,PORT-4FBC33F20EEF,CAND-156DBD688B285D,P2,PORT-4FBC33F20EEF,191.900857,12636.257,65.847842,False,False,2030,3.1659880174124027,-3.1659880174124027,True,True,True,True,,0.0,0.0,0.0,3,3,0.3119871999999999,0.65,1.1400000000000001,P2,지연·부분헤지,False,14240.6,2033,6265.6,67.867537,13023.838,13023.838,17238.68,191.900857,67.867537,102.94628,21542.503,19755.479,23970.321,6731.641,1725.589,-61.435,0.0,89.83118,21.963644,77.179759,9.312222,0.0,0.0,0.0,0.0,0.0,191.900857,17238.68,4.780025,5.967419,6276.435,451.604,5377.873,9479.119,28.897,-6731.641,-1852.663,-5.786,100,True,-42.095259
JFE_STEEL_JP,JFE Steel,JP,21.95,45.3,ACCELERATED_15C,DISCLOSED_PATH,PORT-4FBC33F20EEF,CAND-156DBD688B285D,P2,PORT-4FBC33F20EEF,191.900857,10479.776,54.610365,False,False,2030,8.975988017412405,-8.975988017412405,True,True,True,True,,0.0,0.0,0.0,3,3,0.3119871999999999,0.65,1.1400000000000001,P2,지연·부분헤지,False,14240.6,2033,6265.6,56.552171,10852.41,10852.41,15355.765,191.900857,56.552171,108.608936,23026.075,20842.148,25345.503,9989.738,2183.764,-0.163,0.0,80.019263,23.467091,67.932669,11.380497,0.0,0.0,0.0,0.0,0.0,191.900857,15355.765,4.257921,5.315621,6433.264,451.604,6290.185,10043.096,30.76,-9989.738,-2388.324,-18.438,100,True,-32.033444
JFE_STEEL_JP,JFE Steel,JP,21.95,45.3,DISCLOSED_PATH,DISCLOSED_PATH,PORT-408F044D6828,CAND-27DEF6B976065D,P3,PORT-408F044D6828,302.295879,61544.198,203.589273,True,False,,0.0,1.265341119704999e-05,False,False,True,True,2029,0.0,0.07400003299999997,0.0,2,3,0.3867712,0.65,1.62,P3,균형형 라이트헤지,False,18906.8,2033,9930.8,208.690588,63086.305,63086.305,75470.665,302.295879,208.690588,243.741223,80921.798,73681.967,86066.328,10595.663,7355.445,115.614,-0.0,249.658265,40.967678,232.640073,23.949486,0.0,0.0,0.0,0.0,0.0,302.295879,75470.665,20.92687,26.125265,8355.961,1161.363,8566.74,62023.638,312.483,-10595.663,-6926.167,187.95,100,True,98.727792
JFE_STEEL_JP,JFE Steel,JP,21.95,45.3,ACCELERATED_15C,DISCLOSED_PATH,PORT-408F044D6828,CAND-27DEF6B976065D,P3,PORT-408F044D6828,302.295879,59110.425,195.53831,False,False,2040,3.584995639999999,-3.584995639999999,True,True,True,True,,0.0,0.0,0.0,2,3,0.3867712,0.65,1.62,P3,균형형 라이트헤지,False,18906.8,2033,9930.8,200.710383,60673.922,60673.922,73931.661,302.295879,200.710383,252.263425,86741.916,76258.194,89515.934,15584.272,10448.96,-34.762,-0.0,244.567216,43.856832,235.390717,34.680334,0.0,0.0,0.0,0.0,0.0,302.295879,73931.661,20.500128,25.592516,12682.932,1161.363,8886.856,64095.087,333.709,-15584.272,-11035.268,133.515,100,True,112.124768
JFE_STEEL_JP,JFE Steel,JP,21.95,45.3,DISCLOSED_PATH,DISCLOSED_PATH,PORT-844170813924,CAND-2AFD85912C485D,P5,PORT-844170813924,381.425854,64412.851,168.873846,True,False,,0.0,1.265341119704999e-05,False,False,True,True,2028,0.0,0.174000033,0.33399759199999934,2,3,0.41232239999999987,0.65,1.78,P5,조기 계약형 전환,False,20952.8,2032,9930.8,170.615424,65077.134,65077.134,70994.51,381.425854,170.615424,205.591206,94155.455,78417.801,84335.178,13340.667,15723.971,-13.682,-0.0,186.129256,15.513831,211.875484,41.26006,0.0,0.0,0.0,0.0,0.0,381.425854,70994.51,19.6857,24.575779,11617.922,1401.633,11278.411,68163.129,1482.615,-13340.667,-15641.139,115.23,100,True,60.652628
JFE_STEEL_JP,JFE Steel,JP,21.95,45.3,ACCELERATED_15C,DISCLOSED_PATH,PORT-844170813924,CAND-2AFD85912C485D,P5,PORT-844170813924,381.425854,57321.593,150.282399,True,False,,0.0,1.265341119704999e-05,False,False,True,True,2028,0.0,0.02400003300000003,0.0,2,3,0.41232239999999987,0.65,1.78,P5,조기 계약형 전환,False,20952.8,2032,9930.8,151.861238,57923.802,57923.802,63728.748,381.425854,151.861238,203.178252,100410.494,77497.438,83302.384,19573.636,22946.42,33.364,0.0,167.080305,15.219067,211.933348,60.07211,0.0,0.0,0.0,0.0,0.0,381.425854,63728.748,17.671015,22.06063,11617.922,1401.633,12397.577,73295.058,1584.13,-19573.636,-22837.759,38.877,100,True,63.275623
JFE_STEEL_JP,JFE Steel,JP,21.95,45.3,DISCLOSED_PATH,DISCLOSED_PATH,PORT-9D97003767D5,CAND-2DF8CF21E8720D,P1,PORT-9D97003767D5,263.895884,5191.453,19.672352,True,False,,0.0,1.265341119704999e-05,False,False,True,True,2033,4.44999748,0.0,0.8619984320000018,2,3,0.22808320000000004,0.65,0.66,P1,지연·현물조달,False,12474.0,2033,6265.6,22.140898,5842.892,5842.892,8836.904,263.895884,22.140898,57.191306,16304.262,15092.55,18086.563,9249.659,1291.844,80.133,0.0,33.486328,11.345431,26.732524,4.591627,0.0,0.0,0.0,0.0,0.0,263.895884,8836.904,2.450339,3.059023,4865.828,537.655,10791.233,0.0,0.0,-9249.659,-1173.424,71.258,100,True,-87.821898
JFE_STEEL_JP,JFE Steel,JP,21.95,45.3,ACCELERATED_15C,DISCLOSED_PATH,PORT-9D97003767D5,CAND-2DF8CF21E8720D,P1,PORT-9D97003767D5,263.895884,1583.131,5.999076,False,False,2040,7.534994939999997,-7.534994939999997,False,False,True,True,2033,1.249997480000001,0.0,0.0,2,3,0.22808320000000004,0.65,0.66,P1,지연·현물조달,False,12474.0,2033,6265.6,8.50908,2245.511,2245.511,5546.91,263.895884,8.50908,60.064562,17399.09,15850.791,19152.19,13605.28,1551.112,2.813,-0.0,21.019314,12.510234,14.376162,5.867083,0.0,0.0,0.0,0.0,0.0,263.895884,5546.91,1.538074,1.920143,4865.828,537.655,11842.294,0.0,0.0,-13605.28,-1408.891,13.904,100,True,-80.076535
JFE_STEEL_JP,JFE Steel,JP,21.95,45.3,DISCLOSED_PATH,DISCLOSED_PATH,PORT-4FBC33F20EEF,CAND-3785968E4E1C91,P1,PORT-4FBC33F20EEF,191.900857,12884.723,67.142604,False,False,2030,3.1659880174124027,-3.1659880174124027,True,True,True,True,,0.0,0.0,0.0,3,3,0.3119871999999999,0.65,1.1400000000000001,P1,지연·현물조달,False,14240.6,2033,6265.6,69.461254,13329.674,13329.674,18216.496,191.900857,69.461254,104.539997,21557.091,20061.315,24948.137,6731.641,1433.165,-62.611,0.0,94.926601,25.465347,77.255779,7.794525,0.0,0.0,0.0,0.0,0.0,191.900857,18216.496,5.051158,6.305904,4759.164,451.604,6301.891,9781.364,0.0,-6731.641,-1208.647,-24.062,100,True,-40.501542
JFE_STEEL_JP,JFE Steel,JP,21.95,45.3,ACCELERATED_15C,DISCLOSED_PATH,PORT-4FBC33F20EEF,CAND-3785968E4E1C91,P1,PORT-4FBC33F20EEF,191.900857,10858.139,56.582024,False,False,2030,8.975988017412405,-8.975988017412405,True,True,True,True,,0.0,0.0,0.0,3,3,0.3119871999999999,0.65,1.1400000000000001,P1,지연·현물조달,False,14240.6,2033,6265.6,58.803456,11284.434,11284.434,16545.914,191.900857,58.803456,110.860221,23046.206,21274.171,26535.651,9989.738,1755.905,-16.13,0.0,86.221156,27.417699,68.037571,9.234115,0.0,0.0,0.0,0.0,0.0,191.900857,16545.914,4.587931,5.727608,6554.069,451.604,6259.578,10033.34,0.0,-9989.738,-2023.394,-1.025,100,True,-29.782159
JFE_STEEL_JP,JFE Steel,JP,21.95,45.3,DISCLOSED_PATH,DISCLOSED_PATH,PORT-29DB1A43C5DD,CAND-3BDAECB8DA1A89,P4,PORT-29DB1A43C5DD,239.320837,41865.782,174.935799,False,False,2030,3.1659880174124027,-3.1659880174124027,True,True,True,True,,0.0,0.0,0.0,3,3,0.3867712,0.65,1.62,P4,균형형 전환,False,17905.8,2032,9930.8,177.513425,42482.661,42482.661,49083.194,239.320837,177.513425,212.617783,58312.277,50883.866,57484.399,8401.204,7365.159,-63.252,-0.0,205.093693,27.580269,208.552976,31.039552,0.0,0.0,0.0,0.0,0.0,239.320837,49083.194,13.610025,16.990859,8629.889,850.934,5935.021,42343.552,518.955,-8401.204,-7345.832,-48.653,100,True,67.550629
JFE_STEEL_JP,JFE Steel,JP,21.95,45.3,ACCELERATED_15C,DISCLOSED_PATH,PORT-29DB1A43C5DD,CAND-3BDAECB8DA1A89,P4,PORT-29DB1A43C5DD,239.320837,38962.103,162.802803,False,False,2030,8.975988017412405,-8.975988017412405,True,True,True,True,,0.0,0.0,0.0,3,3,0.3867712,0.65,1.62,P4,균형형 전환,False,17905.8,2032,9930.8,165.353545,39572.549,39572.549,46239.015,239.320837,165.353545,217.294618,62547.861,52003.13,58669.596,12430.581,10639.345,94.614,-0.0,193.209313,27.855768,209.414612,44.061067,0.0,0.0,0.0,0.0,0.0,239.320837,46239.015,12.821377,16.006305,8742.983,850.934,6621.398,45780.908,557.6,-12430.581,-10553.471,2.778,100,True,76.76793
JFE_STEEL_JP,JFE Steel,JP,21.95,45.3,DISCLOSED_PATH,DISCLOSED_PATH,PORT-48EB0158352D,CAND-44218B07FC843F,P2,PORT-48EB0158352D,209.90085,38813.017,184.911193,False,False,2030,3.1659880174124027,-3.1659880174124027,True,True,True,True,,0.0,0.0,0.0,3,3,0.3867712,0.65,1.62,P2,지연·부분헤지,False,17905.8,2033,9930.8,188.441608,39554.054,39554.054,50190.71,209.90085,188.441608,223.527261,50352.466,46918.562,57555.218,7364.508,3275.792,-158.111,0.0,239.116278,50.67467,204.801255,16.359647,0.0,0.0,0.0,0.0,0.0,209.90085,50190.71,13.917122,17.374242,8385.048,725.944,5143.491,35771.492,58.905,-7364.508,-3302.179,135.86,100,True,78.478812
JFE_STEEL_JP,JFE Steel,JP,21.95,45.3,ACCELERATED_15C,DISCLOSED_PATH,PORT-48EB0158352D,CAND-44218B07FC843F,P2,PORT-48EB0158352D,209.90085,37919.837,180.655948,False,False,2030,8.975988017412405,-8.975988017412405,True,True,True,True,,0.0,0.0,0.0,3,3,0.3867712,0.65,1.62,P2,지연·부분헤지,False,17905.8,2033,9930.8,184.515375,38729.934,38729.934,50361.198,209.90085,184.515375,236.581675,54018.784,49658.695,61289.958,10928.761,4433.623,73.533,0.0,239.928507,55.413132,205.287513,20.772138,0.0,0.0,0.0,0.0,0.0,209.90085,50361.198,13.964396,17.433259,8385.048,725.944,5721.578,39126.094,62.92,-10928.761,-4420.44,57.55,100,True,95.92976
JFE_STEEL_JP,JFE Steel,JP,21.95,45.3,DISCLOSED_PATH,DISCLOSED_PATH,PORT-3776FB32D8CF,CAND-4D77DB7422B451,P2,PORT-3776FB32D8CF,284.295886,37820.744,133.033032,True,False,,0.0,1.265341119704999e-05,False,False,True,True,2029,0.0,0.07400003299999997,0.18199837200000069,2,3,0.3119871999999999,0.65,1.1400000000000001,P2,지연·부분헤지,False,15241.6,2029,7326.0,134.918566,38356.793,38356.793,48230.658,284.295886,134.918566,169.962321,51574.401,48319.589,58193.453,9962.795,3008.342,-246.47,0.0,169.64951,34.730944,146.367244,11.448678,0.0,0.0,0.0,0.0,0.0,284.295886,48230.658,13.37363,16.695741,8857.0,887.022,8503.493,33559.739,61.637,-9962.795,-3307.326,-241.976,100,True,24.95577
JFE_STEEL_JP,JFE Steel,JP,21.95,45.3,ACCELERATED_15C,DISCLOSED_PATH,PORT-3776FB32D8CF,CAND-4D77DB7422B451,P2,PORT-3776FB32D8CF,284.295886,35488.747,124.830323,False,False,2040,5.83499479,-5.83499479,True,True,True,True,,0.0,0.0,0.0,2,3,0.3119871999999999,0.65,1.1400000000000001,P2,지연·부분헤지,False,15241.6,2029,7326.0,126.488355,35960.119,35960.119,46345.519,284.295886,126.488355,178.002463,54766.524,50605.368,60990.768,14645.249,4010.995,-150.161,-0.0,163.018606,36.530251,141.125063,14.636708,0.0,0.0,0.0,0.0,0.0,284.295886,46345.519,12.850909,16.043173,6069.26,887.022,10472.99,36549.864,65.39,-14645.249,-3512.407,73.249,100,True,37.90274
JFE_STEEL_JP,JFE Steel,JP,21.95,45.3,DISCLOSED_PATH,DISCLOSED_PATH,PORT-33091F63E785,CAND-53E6B469D62558,P1,PORT-33091F63E785,303.40837,6214.172,20.481216,True,False,,0.0,1.265341119704999e-05,False,False,True,True,2033,6.754995679999997,0.0,0.8619984320000018,2,3,0.2602464,0.65,0.82,P1,지연·현물조달,False,14520.0,2033,6265.6,22.23077,6745.002,6745.002,10287.283,303.40837,22.23077,57.265619,19120.915,17374.868,20917.149,10629.866,1625.597,-120.45,0.0,33.905731,11.674961,27.985544,5.754774,0.0,0.0,0.0,0.0,0.0,303.40837,10287.283,2.852507,3.561092,5836.015,605.779,12387.227,0.0,0.0,-10629.866,-1455.091,0.938,100,True,-87.732026
JFE_STEEL_JP,JFE Steel,JP,21.95,45.3,ACCELERATED_15C,DISCLOSED_PATH,PORT-33091F63E785,CAND-53E6B469D62558,P1,PORT-33091F63E785,303.40837,2043.749,6.735967,True,False,,0.0,1.265341119704999e-05,False,False,True,True,2033,2.754995679999997,0.0,0.0,2,3,0.2602464,0.65,0.82,P1,지연·현물조달,False,14520.0,2033,6265.6,8.296618,2517.263,2517.263,6368.989,303.40837,8.296618,59.930743,20347.259,18183.489,22035.215,15666.226,1951.714,-212.055,-0.0,20.991474,12.694856,15.428161,7.131543,0.0,0.0,0.0,0.0,0.0,303.40837,6368.989,1.766024,2.204718,6726.038,605.779,12897.078,0.0,0.0,-15666.226,-2014.029,-31.376,100,True,-80.288997
JFE_STEEL_JP,JFE Steel,JP,21.95,45.3,DISCLOSED_PATH,DISCLOSED_PATH,PORT-29DB1A43C5DD,CAND-56A2BE8D3222E8,P5,PORT-29DB1A43C5DD,239.320837,39714.2,165.945435,False,False,2030,3.1659880174124027,-3.1659880174124027,True,True,True,True,,0.0,0.0,0.0,3,3,0.3867712,0.65,1.62,P5,조기 계약형 전환,False,17905.8,2032,9930.8,167.768311,40150.453,40150.453,44021.619,239.320837,167.768311,202.872669,58458.929,48551.657,52422.823,8401.204,9917.695,10.423,0.0,183.943944,16.175633,209.165761,41.39745,0.0,0.0,0.0,0.0,0.0,239.320837,44021.619,12.206527,15.238721,9293.785,850.934,5816.066,41638.88,918.767,-8401.204,-9949.955,-16.82,100,True,57.805515
JFE_STEEL_JP,JFE Steel,JP,21.95,45.3,ACCELERATED_15C,DISCLOSED_PATH,PORT-29DB1A43C5DD,CAND-56A2BE8D3222E8,P5,PORT-29DB1A43C5DD,239.320837,35510.293,148.379443,False,False,2030,8.975988017412405,-8.975988017412405,True,True,True,True,,0.0,0.0,0.0,3,3,0.3867712,0.65,1.62,P5,조기 계약형 전환,False,17905.8,2032,9930.8,149.960011,35888.555,35888.555,39669.036,239.320837,149.960011,201.901084,62717.882,48319.136,52099.617,12430.581,14420.757,22.011,0.0,165.756714,15.796703,210.125041,60.165029,0.0,0.0,0.0,0.0,0.0,239.320837,39669.036,10.999622,13.732012,8606.215,850.934,6582.411,45678.363,988.191,-12430.581,-14384.187,-2.79,100,True,61.374396
JFE_STEEL_JP,JFE Steel,JP,21.95,45.3,DISCLOSED_PATH,DISCLOSED_PATH,PORT-BFE68456F5A9,CAND-5B53A6D662B077,P2,PORT-BFE68456F5A9,87.500896,10216.715,116.761265,False,False,2030,11.118342749412001,-11.118342749412001,True,True,True,True,,0.0,0.0,0.0,3,3,0.28207360000000015,0.65,0.9799999999999999,P2,지연·부분헤지,False,10898.8,2036,5940.0,119.663565,10470.669,10470.669,13410.737,87.500896,119.663565,154.646171,14504.997,13531.679,16471.746,3061.009,1027.633,54.315,-0.0,153.263994,33.600429,130.787086,11.12352,0.0,0.0,0.0,0.0,0.0,87.500896,13410.737,3.718594,4.642321,2997.56,255.646,1546.513,9625.234,18.02,-3061.009,-893.828,-17.466,100,True,9.700769
JFE_STEEL_JP,JFE Steel,JP,21.95,45.3,ACCELERATED_15C,DISCLOSED_PATH,PORT-BFE68456F5A9,CAND-5B53A6D662B077,P2,PORT-BFE68456F5A9,87.500896,9480.135,108.343288,False,False,2030,21.618342749412,-21.618342749412,True,True,True,True,,0.0,0.0,0.0,3,3,0.28207360000000015,0.65,0.9799999999999999,P2,지연·부분헤지,False,10898.8,2036,5940.0,111.485139,9755.05,9755.05,12952.99,87.500896,111.485139,163.409237,15626.803,14298.455,17496.395,4543.405,1360.066,31.718,-0.0,148.032651,36.547513,126.666101,15.180963,0.0,0.0,0.0,0.0,0.0,87.500896,12952.99,3.591668,4.483865,4112.675,255.646,1585.014,9864.409,19.173,-4543.405,-1537.296,-1.167,100,True,22.899524
JFE_STEEL_JP,JFE Steel,JP,21.95,45.3,DISCLOSED_PATH,DISCLOSED_PATH,PORT-6E49C004BA31,CAND-6740F2BE1999AB,P2,PORT-6E49C004BA31,163.575867,28367.753,173.422604,False,False,2030,4.8049966600000005,-4.8049966600000005,True,True,True,True,,0.0,0.0,0.0,2,3,0.28207360000000015,0.65,0.9799999999999999,P2,지연·부분헤지,False,13615.8,2033,9930.8,177.182249,28982.74,28982.74,37587.62,163.575867,177.182249,212.31172,37051.786,34729.074,43333.954,5746.334,2276.172,-46.54,-0.0,229.787076,52.604827,191.381849,14.1996,0.0,0.0,0.0,0.0,0.0,163.575867,37587.62,10.422477,13.0115,4813.674,562.447,3906.7,27213.443,43.03,-5746.334,-1970.749,160.53,100,True,67.219453
JFE_STEEL_JP,JFE Steel,JP,21.95,45.3,ACCELERATED_15C,DISCLOSED_PATH,PORT-6E49C004BA31,CAND-6740F2BE1999AB,P2,PORT-6E49C004BA31,163.575867,27546.966,168.404829,False,False,2030,15.14499666,-15.14499666,True,True,True,True,,0.0,0.0,0.0,2,3,0.28207360000000015,0.65,0.9799999999999999,P2,지연·부분헤지,False,13615.8,2033,9930.8,171.992686,28133.853,28133.853,37256.284,163.575867,171.992686,224.032629,39708.844,36646.332,45768.763,8512.479,3100.837,38.325,-0.0,227.761494,55.768808,190.714962,18.722275,0.0,0.0,0.0,0.0,0.0,163.575867,37256.284,10.330602,12.896803,8590.875,562.447,3991.307,27265.864,45.925,-8512.479,-3882.32,72.234,100,True,83.407071
JFE_STEEL_JP,JFE Steel,JP,21.95,45.3,DISCLOSED_PATH,DISCLOSED_PATH,PORT-7BA11C62DF95,CAND-68030B11D579DF,P1,PORT-7BA11C62DF95,219.408411,37370.872,170.325612,False,False,2040,0.6424927599999997,-0.6424927599999997,False,False,True,True,2029,0.0,0.07400003299999997,0.0,2,3,0.3119871999999999,0.65,1.1400000000000001,P1,지연·현물조달,False,13945.8,2029,7326.0,172.641546,37879.007,37879.007,48126.28,219.408411,172.641546,207.609993,47344.512,45551.379,55798.652,7672.372,1655.977,-137.156,-0.0,219.345648,46.704103,180.814127,8.172582,0.0,0.0,0.0,0.0,0.0,219.408411,48126.28,13.344687,16.65961,6980.278,759.188,6253.718,33224.399,0.0,-7672.372,-1815.059,148.854,100,True,62.67875
JFE_STEEL_JP,JFE Steel,JP,21.95,45.3,ACCELERATED_15C,DISCLOSED_PATH,PORT-7BA11C62DF95,CAND-68030B11D579DF,P1,PORT-7BA11C62DF95,219.408411,36405.97,165.92787,False,False,2035,10.98249276,-10.98249276,True,True,True,True,,0.0,0.0,0.0,2,3,0.3119871999999999,0.65,1.1400000000000001,P1,지연·현물조달,False,13945.8,2029,7326.0,168.458465,36961.204,36961.204,48211.044,219.408411,168.458465,219.777659,50327.498,48221.067,59470.907,11259.863,2057.104,-49.328,0.0,219.731977,51.273512,178.058969,9.600504,0.0,0.0,0.0,0.0,0.0,219.408411,48211.044,13.368191,16.688952,5147.294,759.188,7376.877,36634.386,0.0,-11259.863,-1640.458,-56.22,100,True,79.87285
JFE_STEEL_JP,JFE Steel,JP,21.95,45.3,DISCLOSED_PATH,DISCLOSED_PATH,PORT-E123D45B71CC,CAND-74F6415EBB9977,P3,PORT-E123D45B71CC,226.220909,44097.644,194.931779,True,False,,0.0,1.265341119704999e-05,False,False,True,True,2029,0.0,0.07400003299999997,0.0,3,3,0.3867712,0.65,1.62,P3,균형형 라이트헤지,False,16189.8,2029,7326.0,198.160277,44827.998,44827.998,53351.647,226.220909,198.160277,233.127594,58254.168,52738.336,61261.985,7910.338,5328.438,-187.394,0.0,235.838708,37.678431,222.542778,24.382501,0.0,0.0,0.0,0.0,0.0,226.220909,53351.647,14.793602,18.468446,8911.293,854.562,5843.591,42526.311,226.209,-7910.338,-5506.695,-116.934,100,True,88.197481
JFE_STEEL_JP,JFE Steel,JP,21.95,45.3,ACCELERATED_15C,DISCLOSED_PATH,PORT-E123D45B71CC,CAND-74F6415EBB9977,P3,PORT-E123D45B71CC,226.220909,42138.891,186.273194,False,False,2035,10.058341729412,-10.058341729412,True,True,True,True,,0.0,0.0,0.0,3,3,0.3867712,0.65,1.62,P3,균형형 라이트헤지,False,16189.8,2029,7326.0,189.13389,42786.041,42786.041,52044.23,226.220909,189.13389,240.478386,62135.706,54401.239,63659.429,11615.198,7515.722,-218.745,0.0,230.059328,40.925438,223.323778,34.189887,0.0,0.0,0.0,0.0,0.0,226.220909,52044.23,14.431075,18.015865,8801.116,854.562,6484.044,45748.35,241.166,-11615.198,-7756.054,28.056,100,True,100.548275
JFE_STEEL_JP,JFE Steel,JP,21.95,45.3,DISCLOSED_PATH,DISCLOSED_PATH,PORT-0032610F15CE,CAND-8143AC9B1B780D,P5,PORT-0032610F15CE,334.010871,63227.786,189.298588,True,False,,0.0,1.265341119704999e-05,False,False,True,True,2028,0.0,0.174000033,0.28199871200000004,2,3,0.3867712,0.65,1.62,P5,조기 계약형 전환,False,18906.8,2032,9930.8,190.999803,63796.011,63796.011,69505.6,334.010871,190.999803,225.966953,90818.116,75475.419,81185.008,11679.408,15343.348,0.651,0.0,208.093824,17.094021,236.934529,45.934726,0.0,0.0,0.0,0.0,0.0,334.010871,69505.6,19.272848,24.060371,10409.396,1317.557,9362.196,68163.129,1430.25,-11679.408,-15267.072,59.964,100,True,81.037007
JFE_STEEL_JP,JFE Steel,JP,21.95,45.3,ACCELERATED_15C,DISCLOSED_PATH,PORT-0032610F15CE,CAND-8143AC9B1B780D,P5,PORT-0032610F15CE,334.010871,56785.216,170.010083,False,False,2040,3.584995639999999,-3.584995639999999,False,False,True,True,2028,0.0,0.02400003300000003,0.0,2,3,0.3867712,0.65,1.62,P5,조기 계약형 전환,False,18906.8,2032,9930.8,171.537978,57295.549,57295.549,62957.716,334.010871,171.537978,222.722889,96838.57,74391.866,80054.033,17096.317,22467.16,20.456,0.0,188.49002,16.952042,238.741491,67.203514,0.0,0.0,0.0,0.0,0.0,334.010871,62957.716,17.457219,21.793726,10409.396,1317.557,10256.838,73295.058,1527.921,-17096.317,-22409.943,-4.96,100,True,82.952363
JFE_STEEL_JP,JFE Steel,JP,21.95,45.3,DISCLOSED_PATH,DISCLOSED_PATH,PORT-844170813924,CAND-81AEAF431DDC0A,P4,PORT-844170813924,381.425854,67951.044,178.150075,True,False,,0.0,1.265341119704999e-05,False,False,True,True,2028,0.0,0.174000033,0.33399759199999934,2,3,0.41232239999999987,0.65,1.78,P4,균형형 전환,False,20952.8,2032,9930.8,180.752211,68943.566,68943.566,79024.757,381.425854,180.752211,215.727993,93912.873,82284.234,92365.425,13340.667,11543.544,-85.095,0.0,207.182488,26.430277,211.239496,30.487285,0.0,0.0,0.0,0.0,0.0,381.425854,79024.757,21.912366,27.355565,13226.7,1401.633,11058.736,67626.353,836.06,-13340.667,-11777.415,-87.834,100,True,70.789415
JFE_STEEL_JP,JFE Steel,JP,21.95,45.3,ACCELERATED_15C,DISCLOSED_PATH,PORT-844170813924,CAND-81AEAF431DDC0A,P4,PORT-844170813924,381.425854,62971.904,165.096055,True,False,,0.0,1.265341119704999e-05,False,False,True,True,2028,0.0,0.02400003300000003,0.0,2,3,0.41232239999999987,0.65,1.78,P4,균형형 전환,False,20952.8,2032,9930.8,167.483247,63882.441,63882.441,74168.155,381.425854,167.483247,218.800261,100128.816,83456.076,93741.791,19573.636,16654.359,-18.381,-0.0,194.449732,26.966485,211.19486,43.711613,0.0,0.0,0.0,0.0,0.0,381.425854,74168.155,20.565704,25.674382,13226.7,1401.633,12147.621,72552.865,892.623,-19573.636,-16820.176,54.81,100,True,78.897632
JFE_STEEL_JP,JFE Steel,JP,21.95,45.3,DISCLOSED_PATH,DISCLOSED_PATH,PORT-25A7E18292F6,CAND-82646489D4D4D1,P2,PORT-25A7E18292F6,310.220867,15630.754,50.385889,True,False,,0.0,1.265341119704999e-05,False,False,True,True,2033,4.44999748,0.0,0.8619984320000018,3,3,0.3406543999999999,0.65,1.3,P2,지연·부분헤지,False,16764.0,2033,6265.6,52.10557,16164.235,16164.235,21242.418,310.220867,52.10557,87.138137,29353.846,27032.069,32110.251,10867.833,2368.435,46.658,-0.0,68.475142,16.369571,59.589843,7.484272,0.0,0.0,0.0,0.0,0.0,310.220867,21242.418,5.8902,7.353371,7675.615,701.152,11132.604,9728.247,41.138,-10867.833,-2301.639,54.953,100,True,-57.857226
JFE_STEEL_JP,JFE Steel,JP,21.95,45.3,ACCELERATED_15C,DISCLOSED_PATH,PORT-25A7E18292F6,CAND-82646489D4D4D1,P2,PORT-25A7E18292F6,310.220867,11973.137,38.595524,True,False,,0.0,1.265341119704999e-05,False,False,True,True,2033,1.249997480000001,0.0,0.0,3,3,0.3406543999999999,0.65,1.3,P2,지연·부분헤지,False,16764.0,2033,6265.6,40.33153,12511.682,12511.682,17962.033,310.220867,40.33153,91.97719,31399.455,28533.244,33983.594,16021.561,2929.082,62.871,-0.0,57.900788,17.569258,49.570791,9.239261,0.0,0.0,0.0,0.0,0.0,310.220867,17962.033,4.980599,6.217818,7675.615,701.152,12287.508,10717.115,43.749,-16021.561,-2868.417,-23.477,100,True,-48.254085
JFE_STEEL_JP,JFE Steel,JP,21.95,45.3,DISCLOSED_PATH,DISCLOSED_PATH,PORT-0032610F15CE,CAND-8A107782070451,P4,PORT-0032610F15CE,334.010871,66779.822,199.933078,True,False,,0.0,1.265341119704999e-05,False,False,True,True,2028,0.0,0.174000033,0.28199871200000004,2,3,0.3867712,0.65,1.62,P4,균형형 전환,False,18906.8,2032,9930.8,202.487087,67632.888,67632.888,77333.873,334.010871,202.487087,237.454237,90528.268,79312.296,89013.281,11679.408,11177.826,-38.145,0.0,231.531006,29.043918,236.066746,33.579659,0.0,0.0,0.0,0.0,0.0,334.010871,77333.873,21.44351,26.770241,10464.217,1317.557,9404.184,68416.708,805.281,-11679.408,-11110.262,14.612,100,True,92.524291
JFE_STEEL_JP,JFE Steel,JP,21.95,45.3,ACCELERATED_15C,DISCLOSED_PATH,PORT-0032610F15CE,CAND-8A107782070451,P4,PORT-0032610F15CE,334.010871,62456.153,186.988384,False,False,2040,3.584995639999999,-3.584995639999999,False,False,True,True,2028,0.0,0.02400003300000003,0.0,2,3,0.3867712,0.65,1.62,P4,균형형 전환,False,18906.8,2032,9930.8,189.328391,63237.741,63237.741,73273.974,334.010871,189.328391,240.513303,96519.583,80334.058,90370.291,17096.317,16235.849,50.323,0.0,219.376015,30.047624,237.786471,48.458081,0.0,0.0,0.0,0.0,0.0,334.010871,73273.974,20.317761,25.364848,10464.217,1317.557,10305.74,73590.747,859.648,-17096.317,-16098.492,-105.358,100,True,100.742776
JFE_STEEL_JP,JFE Steel,JP,21.95,45.3,DISCLOSED_PATH,DISCLOSED_PATH,PORT-1741394F78A8,CAND-8A2CE57122B1A0,P1,PORT-1741394F78A8,199.008409,3795.639,19.072755,False,False,2035,2.3424929100000007,-2.3424929100000007,False,False,True,True,2036,0.004998229999999992,0.0,0.0,2,3,0.22808320000000004,0.65,0.66,P1,지연·현물조달,False,11178.2,2029,4558.4,21.010751,4181.316,4181.316,6237.71,199.008409,21.010751,55.980303,12120.227,11140.551,13196.945,6959.235,958.071,-21.605,0.0,31.343951,10.3332,25.933538,4.922787,0.0,0.0,0.0,0.0,0.0,199.008409,6237.71,1.729622,2.159274,5246.971,409.821,6666.503,0.0,0.0,-6959.235,-1156.4,-26.344,100,True,-88.952045
JFE_STEEL_JP,JFE Steel,JP,21.95,45.3,ACCELERATED_15C,DISCLOSED_PATH,PORT-1741394F78A8,CAND-8A2CE57122B1A0,P1,PORT-1741394F78A8,199.008409,1054.177,5.297148,False,False,2035,12.68249291,-12.68249291,True,True,True,True,,0.0,0.0,0.0,2,3,0.22808320000000004,0.65,0.66,P1,지연·현물조달,False,11178.2,2029,4558.4,6.870407,1367.269,1367.269,3752.064,199.008409,6.870407,58.224485,12829.233,11587.162,13971.957,10219.893,1150.719,-91.352,-0.0,18.853794,11.983387,13.111707,6.241299,0.0,0.0,0.0,0.0,0.0,199.008409,3752.064,1.04039,1.298831,4438.414,409.821,7964.525,0.0,0.0,-10219.893,-1227.978,2.38,100,True,-81.715208
JFE_STEEL_JP,JFE Steel,JP,21.95,45.3,DISCLOSED_PATH,DISCLOSED_PATH,PORT-E123D45B71CC,CAND-8DC42B3C7EA2DB,P2,PORT-E123D45B71CC,226.220909,45846.466,202.66237,True,False,,0.0,1.265341119704999e-05,False,False,True,True,2029,0.0,0.07400003299999997,0.0,3,3,0.3867712,0.65,1.62,P2,지연·부분헤지,False,16189.8,2029,7326.0,206.605728,46738.536,46738.536,57506.854,226.220909,206.605728,241.573046,58345.656,54648.874,65417.192,7910.338,3386.153,-310.629,0.0,254.206625,47.600897,222.947199,16.341471,0.0,0.0,0.0,0.0,0.0,226.220909,57506.854,15.945778,19.906831,9087.46,854.562,5882.629,42323.649,66.636,-7910.338,-3711.148,145.086,100,True,96.642932
JFE_STEEL_JP,JFE Steel,JP,21.95,45.3,ACCELERATED_15C,DISCLOSED_PATH,PORT-E123D45B71CC,CAND-8DC42B3C7EA2DB,P2,PORT-E123D45B71CC,226.220909,44861.978,198.310483,False,False,2035,10.058341729412,-10.058341729412,True,True,True,True,,0.0,0.0,0.0,3,3,0.3867712,0.65,1.62,P2,지연·부분헤지,False,16189.8,2029,7326.0,201.790113,45649.143,45649.143,57666.683,226.220909,201.790113,253.134609,62215.263,57264.341,69281.881,11615.198,4614.697,-336.225,0.0,254.913143,53.123029,223.675457,21.885343,0.0,0.0,0.0,0.0,0.0,226.220909,57666.683,15.990096,19.962158,8197.428,854.562,6552.773,46241.612,70.799,-11615.198,-4680.093,27.26,100,True,113.204498
JFE_STEEL_JP,JFE Steel,JP,21.95,45.3,DISCLOSED_PATH,DISCLOSED_PATH,PORT-576B945395C2,CAND-8F0E9CFE80824D,P6,PORT-576B945395C2,417.556839,76190.532,182.46745,True,False,,0.0,1.265341119704999e-05,False,False,True,True,2028,0.0,0.3089998460000001,1.281998712,3,3,0.47620039999999997,0.65,2.2600000000000002,P6,조기 고헤지,False,23196.8,2031,9930.8,183.299915,76538.133,76538.133,79299.729,417.556839,183.299915,218.289562,116060.743,91148.299,93909.895,14610.167,24912.443,0.0,0.0,189.913615,6.613701,242.962315,59.662401,0.0,0.0,0.0,0.0,0.0,417.556839,79299.729,21.988612,27.450751,13453.283,1645.095,11751.569,85876.227,3311.961,-14610.167,-24908.205,18.369,100,True,73.337119
JFE_STEEL_JP,JFE Steel,JP,21.95,45.3,ACCELERATED_15C,DISCLOSED_PATH,PORT-576B945395C2,CAND-8F0E9CFE80824D,P6,PORT-576B945395C2,417.556839,65416.232,156.664258,True,False,,0.0,1.265341119704999e-05,False,False,True,True,2028,0.0,0.02899984600000005,0.0,3,3,0.47620039999999997,0.65,2.2600000000000002,P6,조기 고헤지,False,23196.8,2031,9930.8,157.444161,65741.886,65741.886,68324.615,417.556839,157.444161,208.731006,123977.405,87157.059,89739.787,21415.173,36820.346,0.0,0.0,163.629495,6.185334,245.624601,88.18044,0.0,0.0,0.0,0.0,0.0,417.556839,68324.615,18.945379,23.651556,13389.997,1645.095,12897.214,92524.353,3541.497,-21415.173,-36828.221,-12.876,100,True,68.858546
JFE_STEEL_JP,JFE Steel,JP,21.95,45.3,DISCLOSED_PATH,DISCLOSED_PATH,PORT-36B22CA0D026,CAND-94E38421D8FAE7,P1,PORT-36B22CA0D026,159.495924,2772.919,17.385515,False,False,2035,10.244990009999999,-10.244990009999999,True,True,True,True,,0.0,0.0,0.0,2,3,0.19452160000000007,0.65,0.5,P1,지연·현물조달,False,9132.2,2029,4558.4,18.55283,2959.101,2959.101,4699.22,159.495924,18.55283,53.53195,9149.946,8538.128,10278.247,5579.027,611.805,-0.012,0.0,29.462946,10.910116,22.388776,3.835946,0.0,0.0,0.0,0.0,0.0,159.495924,4699.22,1.303022,1.626703,3597.542,341.697,5370.815,0.0,0.0,-5579.027,-769.454,-2.472,100,True,-91.409966
JFE_STEEL_JP,JFE Steel,JP,21.95,45.3,ACCELERATED_15C,DISCLOSED_PATH,PORT-36B22CA0D026,CAND-94E38421D8FAE7,P1,PORT-36B22CA0D026,159.495924,593.56,3.721473,False,False,2035,20.58499001,-20.58499001,True,True,True,True,,0.0,0.0,0.0,2,3,0.19452160000000007,0.65,0.5,P1,지연·현물조달,False,9132.2,2029,4558.4,4.903322,782.06,782.06,2718.147,159.495924,4.903322,56.057902,9696.196,8941.007,10877.094,8158.947,735.17,-20.019,-0.0,17.04211,12.138788,9.63817,4.734848,0.0,0.0,0.0,0.0,0.0,159.495924,2718.147,0.753701,0.940926,2598.56,341.697,6580.987,0.0,0.0,-8158.947,-584.491,4.253,100,True,-83.682293
JFE_STEEL_JP,JFE Steel,JP,21.95,45.3,DISCLOSED_PATH,DISCLOSED_PATH,PORT-6E49C004BA31,CAND-953F1AFEF37202,P1,PORT-6E49C004BA31,163.575867,29099.891,177.898434,False,False,2030,4.8049966600000005,-4.8049966600000005,True,True,True,True,,0.0,0.0,0.0,2,3,0.28207360000000015,0.65,0.9799999999999999,P1,지연·현물조달,False,13615.8,2033,9930.8,182.246649,29811.154,29811.154,39701.372,163.575867,182.246649,217.37612,37106.645,35557.487,45447.705,5746.334,1482.78,-66.377,0.0,242.709223,60.462574,191.717224,9.470575,0.0,0.0,0.0,0.0,0.0,163.575867,39701.372,11.008588,13.743205,8980.422,562.447,3571.385,24942.629,0.0,-5746.334,-2326.407,-172.989,100,True,72.283853
JFE_STEEL_JP,JFE Steel,JP,21.95,45.3,ACCELERATED_15C,DISCLOSED_PATH,PORT-6E49C004BA31,CAND-953F1AFEF37202,P1,PORT-6E49C004BA31,163.575867,28678.153,175.320197,False,False,2030,15.14499666,-15.14499666,True,True,True,True,,0.0,0.0,0.0,2,3,0.28207360000000015,0.65,0.9799999999999999,P1,지연·현물조달,False,13615.8,2033,9930.8,179.290831,29327.653,29327.653,40070.543,163.575867,179.290831,231.330774,39756.403,37840.132,48583.022,8512.479,1854.09,-62.181,0.0,244.966106,65.675275,191.005707,11.714876,0.0,0.0,0.0,0.0,0.0,163.575867,40070.543,11.110954,13.870999,4731.071,562.447,4365.975,29749.527,0.0,-8512.479,-1426.427,-142.462,100,True,90.705216
JFE_STEEL_JP,JFE Steel,JP,21.95,45.3,DISCLOSED_PATH,DISCLOSED_PATH,PORT-48EB0158352D,CAND-AFB45421E864E1,P3,PORT-48EB0158352D,209.90085,37378.72,178.077983,False,False,2030,3.1659880174124027,-3.1659880174124027,True,True,True,True,,0.0,0.0,0.0,3,3,0.3867712,0.65,1.62,P3,균형형 라이트헤지,False,17905.8,2033,9930.8,180.898379,37970.724,37970.724,46433.208,209.90085,180.898379,215.984032,50286.563,45335.232,53797.716,7364.508,4864.358,-86.973,-0.0,221.214958,40.316579,204.487284,23.588905,0.0,0.0,0.0,0.0,0.0,209.90085,46433.208,12.875224,16.073528,8285.675,725.944,5122.856,35752.105,197.565,-7364.508,-4854.473,105.559,100,True,70.935583
JFE_STEEL_JP,JFE Steel,JP,21.95,45.3,ACCELERATED_15C,DISCLOSED_PATH,PORT-48EB0158352D,CAND-AFB45421E864E1,P3,PORT-48EB0158352D,209.90085,35677.345,169.972368,False,False,2030,8.975988017412405,-8.975988017412405,True,True,True,True,,0.0,0.0,0.0,3,3,0.3867712,0.65,1.62,P3,균형형 라이트헤지,False,17905.8,2033,9930.8,172.993547,36311.493,36311.493,45275.874,209.90085,172.993547,225.059846,54000.29,47240.253,56204.635,10928.761,6796.256,36.218,-0.0,215.701243,42.707696,205.199406,32.20586,0.0,0.0,0.0,0.0,0.0,209.90085,45275.874,12.554313,15.6729,8285.675,725.944,5697.841,39076.696,211.992,-10928.761,-6797.694,39.799,100,True,84.407932
JFE_STEEL_JP,JFE Steel,JP,21.95,45.3,DISCLOSED_PATH,DISCLOSED_PATH,PORT-263958B6D89F,CAND-B210B35AD45FF1,P1,PORT-263958B6D89F,80.688399,792.04,9.816037,False,False,2030,12.202493780000001,-12.202493780000001,True,True,True,True,,0.0,0.0,0.0,2,3,0.19452160000000007,0.65,0.5,P1,지연·현물조달,False,8654.8,2036,3696.0,11.523746,929.833,929.833,1629.456,80.688399,11.523746,46.510715,4102.904,3752.875,4452.498,2823.042,340.864,-9.165,0.0,20.194424,8.670678,15.861776,4.338029,0.0,0.0,0.0,0.0,0.0,80.688399,1629.456,0.451823,0.56406,1993.094,160.273,1905.91,0.0,0.0,-2823.042,-306.934,0.532,100,True,-98.43905
JFE_STEEL_JP,JFE Steel,JP,21.95,45.3,ACCELERATED_15C,DISCLOSED_PATH,PORT-263958B6D89F,CAND-B210B35AD45FF1,P1,PORT-263958B6D89F,80.688399,-434.279,-5.382174,False,False,2030,22.54249378,-22.54249378,True,True,True,True,,0.0,0.0,0.0,2,3,0.19452160000000007,0.65,0.5,P1,지연·현물조달,False,8654.8,2036,3696.0,-3.597176,-290.25,-290.25,441.022,80.688399,-3.597176,48.307059,4321.853,3897.819,4629.091,4188.07,410.209,-13.825,0.0,5.465741,9.062917,1.658028,5.255204,0.0,0.0,0.0,0.0,0.0,80.688399,441.022,0.122289,0.152666,2205.862,160.273,1931.315,0.0,0.0,-4188.07,-409.184,9.554,100,True,-92.182791
JFE_STEEL_JP,JFE Steel,JP,21.95,45.3,DISCLOSED_PATH,DISCLOSED_PATH,PORT-7F45069F34E3,CAND-B4CBF9F7B55581,P3,PORT-7F45069F34E3,203.088353,28331.05,139.501106,False,False,2030,3.1659880174124027,-3.1659880174124027,True,True,True,True,,0.0,0.0,0.0,2,3,0.3119871999999999,0.65,1.1400000000000001,P3,균형형 라이트헤지,False,15661.8,2033,9930.8,142.563744,28953.036,28953.036,35832.828,203.088353,142.563744,177.654587,39795.672,36079.577,42959.37,7126.542,3801.918,85.823,-0.0,176.439602,33.875858,160.861664,18.29792,0.0,0.0,0.0,0.0,0.0,203.088353,35832.828,9.9359,12.404053,6215.818,630.571,5575.015,27080.771,157.638,-7126.542,-3593.385,13.149,100,True,32.600948
JFE_STEEL_JP,JFE Steel,JP,21.95,45.3,ACCELERATED_15C,DISCLOSED_PATH,PORT-7F45069F34E3,CAND-B4CBF9F7B55581,P3,PORT-7F45069F34E3,203.088353,26352.106,129.756857,False,False,2030,8.975988017412405,-8.975988017412405,True,True,True,True,,0.0,0.0,0.0,2,3,0.3119871999999999,0.65,1.1400000000000001,P3,균형형 라이트헤지,False,15661.8,2033,9930.8,132.454895,26900.046,26900.046,34178.245,203.088353,132.454895,184.518073,42766.479,37473.471,44751.67,10573.425,5249.224,-43.784,-0.0,168.292491,35.837596,158.517482,26.062587,0.0,0.0,0.0,0.0,0.0,203.088353,34178.245,9.477109,11.831295,6781.274,630.571,5974.324,29276.975,168.866,-10573.425,-5223.568,-134.971,100,True,43.86928
JFE_STEEL_JP,JFE Steel,JP,21.95,45.3,DISCLOSED_PATH,DISCLOSED_PATH,PORT-25A7E18292F6,CAND-BC3B7FD8701906,P1,PORT-25A7E18292F6,310.220867,15888.322,51.21616,True,False,,0.0,1.265341119704999e-05,False,False,True,True,2033,4.44999748,0.0,0.8619984320000018,3,3,0.3406543999999999,0.65,1.3,P1,지연·현물조달,False,16764.0,2033,6265.6,53.405169,16567.398,16567.398,22426.912,310.220867,53.405169,88.437736,29402.192,27435.231,33294.745,10867.833,2040.259,73.299,0.0,72.293369,18.8882,59.745685,6.340516,0.0,0.0,0.0,0.0,0.0,310.220867,22426.912,6.218642,7.763401,5915.494,701.152,12509.093,9781.364,0.0,-10867.833,-1544.355,72.484,100,True,-56.557627
JFE_STEEL_JP,JFE Steel,JP,21.95,45.3,ACCELERATED_15C,DISCLOSED_PATH,PORT-25A7E18292F6,CAND-BC3B7FD8701906,P1,PORT-25A7E18292F6,310.220867,12346.595,39.799369,True,False,,0.0,1.265341119704999e-05,False,False,True,True,2033,1.249997480000001,0.0,0.0,3,3,0.3406543999999999,0.65,1.3,P1,지연·현물조달,False,16764.0,2033,6265.6,41.864406,12987.212,12987.212,19363.133,310.220867,41.864406,93.510066,31442.321,29008.774,35384.695,16021.561,2483.713,50.166,-0.0,62.41725,20.552843,49.708969,7.844563,0.0,0.0,0.0,0.0,0.0,310.220867,19363.133,5.369103,6.702829,7697.097,701.152,12266.409,10782.249,0.0,-16021.561,-2429.134,-9.0,100,True,-46.721209
JFE_STEEL_JP,JFE Steel,JP,21.95,45.3,DISCLOSED_PATH,DISCLOSED_PATH,PORT-BFE68456F5A9,CAND-BD5FC0B8045E4C,P1,PORT-BFE68456F5A9,87.500896,10466.189,119.612369,False,False,2030,11.118342749412001,-11.118342749412001,True,True,True,True,,0.0,0.0,0.0,3,3,0.28207360000000015,0.65,0.9799999999999999,P1,지연·현물조달,False,10898.8,2036,5940.0,123.014468,10763.876,10763.876,14158.836,87.500896,123.014468,157.997074,14515.574,13824.886,17219.845,3061.009,732.581,41.892,0.0,161.813611,38.799143,130.907973,7.893505,0.0,0.0,0.0,0.0,0.0,87.500896,14158.836,3.92603,4.901286,2851.155,255.646,1576.666,9781.364,0.0,-3061.009,-654.709,14.762,100,True,13.051672
JFE_STEEL_JP,JFE Steel,JP,21.95,45.3,ACCELERATED_15C,DISCLOSED_PATH,PORT-BFE68456F5A9,CAND-BD5FC0B8045E4C,P1,PORT-BFE68456F5A9,87.500896,9868.567,112.78247,False,False,2030,21.618342749412,-21.618342749412,True,True,True,True,,0.0,0.0,0.0,3,3,0.28207360000000015,0.65,0.9799999999999999,P1,지연·현물조달,False,10898.8,2036,5940.0,116.400995,10185.191,10185.191,13911.629,87.500896,116.400995,168.325093,15642.703,14728.597,18455.034,4543.405,916.416,2.31,0.0,158.98842,42.587425,126.847814,10.446819,0.0,0.0,0.0,0.0,0.0,87.500896,13911.629,3.857484,4.815712,2788.903,255.646,1787.644,10681.908,0.0,-4543.405,-764.949,-20.556,100,True,27.81538
JFE_STEEL_JP,JFE Steel,JP,21.95,45.3,DISCLOSED_PATH,DISCLOSED_PATH,PORT-1C641A2E58FD,CAND-BD69BDF77D11F9,P2,PORT-1C641A2E58FD,205.820907,13211.212,64.187903,False,False,2035,1.2583418794120007,-1.2583418794120007,True,True,True,True,,0.0,0.0,0.0,3,3,0.3119871999999999,0.65,1.1400000000000001,P2,지연·부분헤지,False,13422.2,2036,5940.0,65.325323,13445.317,13445.317,17367.892,205.820907,65.325323,100.293596,22258.126,20642.519,24565.094,7197.202,1669.029,53.422,0.0,84.383519,19.058196,73.1749,7.849577,0.0,0.0,0.0,0.0,0.0,205.820907,17367.892,4.815853,6.012148,5248.656,505.194,6904.634,9540.856,30.261,-7197.202,-1620.445,33.364,100,True,-44.637473
JFE_STEEL_JP,JFE Steel,JP,21.95,45.3,ACCELERATED_15C,DISCLOSED_PATH,PORT-1C641A2E58FD,CAND-BD69BDF77D11F9,P2,PORT-1C641A2E58FD,205.820907,10973.496,53.31575,False,False,2035,11.758341879412,-11.758341879412,True,True,True,True,,0.0,0.0,0.0,3,3,0.3119871999999999,0.65,1.1400000000000001,P2,지연·부분헤지,False,13422.2,2036,5940.0,54.717124,11261.928,11261.928,15500.008,205.820907,54.717124,106.097855,23814.334,21837.157,26075.236,10575.229,2122.724,145.547,0.0,75.308228,20.591104,64.323421,9.606297,0.0,0.0,0.0,0.0,0.0,205.820907,15500.008,4.297917,5.365552,5237.264,505.194,7433.049,10717.115,32.162,-10575.229,-2017.015,-70.613,100,True,-33.868491
JFE_STEEL_JP,JFE Steel,JP,21.95,45.3,DISCLOSED_PATH,DISCLOSED_PATH,PORT-1C641A2E58FD,CAND-C535F3B5D7A55A,P1,PORT-1C641A2E58FD,205.820907,13469.788,65.444215,False,False,2035,1.2583418794120007,-1.2583418794120007,True,True,True,True,,0.0,0.0,0.0,3,3,0.3119871999999999,0.65,1.1400000000000001,P1,지연·현물조달,False,13422.2,2036,5940.0,66.748151,13738.165,13738.165,18341.882,205.820907,66.748151,101.716425,22234.231,20935.367,25539.084,7197.202,1364.537,65.673,-0.0,89.115739,22.367588,73.058802,6.31065,0.0,0.0,0.0,0.0,0.0,205.820907,18341.882,5.085926,6.349308,5238.958,505.194,6903.002,9574.534,0.0,-7197.202,-1318.872,32.552,100,True,-43.214645
JFE_STEEL_JP,JFE Steel,JP,21.95,45.3,ACCELERATED_15C,DISCLOSED_PATH,PORT-1C641A2E58FD,CAND-C535F3B5D7A55A,P1,PORT-1C641A2E58FD,205.820907,11357.023,55.179152,False,False,2035,11.758341879412,-11.758341879412,True,True,True,True,,0.0,0.0,0.0,3,3,0.3119871999999999,0.65,1.1400000000000001,P1,지연·현물조달,False,13422.2,2036,5940.0,56.834143,11697.655,11697.655,16707.101,205.820907,56.834143,108.214875,23805.41,22272.884,27282.33,10575.229,1679.098,146.571,-0.0,81.173003,24.338859,64.280066,7.445923,0.0,0.0,0.0,0.0,0.0,205.820907,16707.101,4.632626,5.783405,5238.958,505.194,7573.682,10500.982,0.0,-10575.229,-1624.404,78.472,100,True,-31.751472
JFE_STEEL_JP,JFE Steel,JP,21.95,45.3,DISCLOSED_PATH,DISCLOSED_PATH,PORT-E123D45B71CC,CAND-C973F96EA1BC5C,P1,PORT-E123D45B71CC,226.220909,47045.021,207.960534,True,False,,0.0,1.265341119704999e-05,False,False,True,True,2029,0.0,0.07400003299999997,0.0,3,3,0.3867712,0.65,1.62,P1,지연·현물조달,False,16189.8,2029,7326.0,212.351792,48038.415,48038.415,60505.806,226.220909,212.351792,247.31911,58442.31,55948.754,68416.145,7910.338,2077.333,-416.224,-0.0,267.463368,55.111576,223.374453,11.022661,0.0,0.0,0.0,0.0,0.0,226.220909,60505.806,16.777342,20.944962,9278.356,854.562,5875.339,42289.705,0.0,-7910.338,-2511.945,162.737,100,True,102.388996
JFE_STEEL_JP,JFE Steel,JP,21.95,45.3,ACCELERATED_15C,DISCLOSED_PATH,PORT-E123D45B71CC,CAND-C973F96EA1BC5C,P1,PORT-E123D45B71CC,226.220909,46708.817,206.474357,False,False,2035,10.058341729412,-10.058341729412,True,True,True,True,,0.0,0.0,0.0,3,3,0.3867712,0.65,1.62,P1,지연·현물조달,False,16189.8,2029,7326.0,210.381512,47592.697,47592.697,61720.859,226.220909,210.381512,261.726007,62307.104,59207.895,73336.057,11615.198,2597.312,-501.896,0.0,272.834456,62.452944,224.081434,13.699922,0.0,0.0,0.0,0.0,0.0,226.220909,61720.859,17.114258,21.36557,8277.07,854.562,6561.135,46277.339,0.0,-11615.198,-2774.731,12.52,100,True,121.795897
JFE_STEEL_JP,JFE Steel,JP,21.95,45.3,DISCLOSED_PATH,DISCLOSED_PATH,PORT-D5A2DA370FDA,CAND-CB30BCF3D9CF92,P1,PORT-D5A2DA370FDA,185.08836,3210.574,17.34617,False,False,2030,3.1659880174124027,-3.1659880174124027,False,False,True,True,2036,1.6549952300000008,0.0,0.0,2,3,0.22808320000000004,0.65,0.6599999999999999,P1,지연·현물조달,False,11996.6,2033,6265.6,19.28258,3568.981,3568.981,5685.669,185.08836,19.28258,54.366764,11146.768,10062.655,12179.343,6493.674,1041.939,-42.174,0.0,30.718674,11.436094,25.139852,5.857272,0.0,0.0,0.0,0.0,0.0,185.08836,5685.669,1.57655,1.968177,4095.236,356.231,6515.132,0.0,0.0,-6493.674,-913.946,10.003,100,True,-90.680216
JFE_STEEL_JP,JFE Steel,JP,21.95,45.3,ACCELERATED_15C,DISCLOSED_PATH,PORT-D5A2DA370FDA,CAND-CB30BCF3D9CF92,P1,PORT-D5A2DA370FDA,185.08836,555.293,3.000149,False,False,2030,9.492498710000003,-9.492498710000003,True,True,True,True,,0.0,0.0,0.0,2,3,0.22808320000000004,0.65,0.6599999999999999,P1,지연·현물조달,False,11996.6,2033,6265.6,4.927552,912.032,912.032,3129.103,185.08836,4.927552,56.98054,11810.653,10546.435,12763.505,9634.402,1251.262,-12.956,-0.0,16.905994,11.978443,11.757902,6.83035,0.0,0.0,0.0,0.0,0.0,185.08836,3129.103,0.867653,1.083184,5065.883,356.231,6568.706,0.0,0.0,-9634.402,-1423.743,-20.643,100,True,-83.658063
JFE_STEEL_JP,JFE Steel,JP,21.95,45.3,DISCLOSED_PATH,DISCLOSED_PATH,PORT-408F044D6828,CAND-CBE864A3B5E624,P2,PORT-408F044D6828,302.295879,63997.503,211.704848,True,False,,0.0,1.265341119704999e-05,False,False,True,True,2029,0.0,0.07400003299999997,0.0,2,3,0.3867712,0.65,1.62,P2,지연·부분헤지,False,18906.8,2033,9930.8,218.132157,65940.452,65940.452,81522.41,302.295879,218.132157,253.182792,81037.873,76536.115,92118.073,10595.663,4573.635,71.876,0.0,269.677542,51.545386,233.024052,14.891895,0.0,0.0,0.0,0.0,0.0,302.295879,81522.41,22.604927,28.220164,11510.169,1161.363,8424.226,60494.58,91.645,-10595.663,-4939.072,-206.797,100,True,108.169361
JFE_STEEL_JP,JFE Steel,JP,21.95,45.3,ACCELERATED_15C,DISCLOSED_PATH,PORT-408F044D6828,CAND-CBE864A3B5E624,P2,PORT-408F044D6828,302.295879,62928.809,208.169588,False,False,2040,3.584995639999999,-3.584995639999999,True,True,True,True,,0.0,0.0,0.0,2,3,0.3867712,0.65,1.62,P2,지연·부분헤지,False,18906.8,2033,9930.8,214.751209,64918.406,64918.406,82079.902,302.295879,214.751209,266.30425,86924.302,80502.678,97664.174,15584.272,6233.983,-187.641,-0.0,271.521736,56.770527,235.994053,21.242844,0.0,0.0,0.0,0.0,0.0,302.295879,82079.902,22.759511,28.413148,8035.303,1161.363,9517.339,67548.452,97.551,-15584.272,-5595.863,-261.467,100,True,126.165594
JFE_STEEL_JP,JFE Steel,JP,21.95,45.3,DISCLOSED_PATH,DISCLOSED_PATH,PORT-6E49C004BA31,CAND-DF57CBE06564A4,P3,PORT-6E49C004BA31,163.575867,27300.156,166.895985,False,False,2030,4.8049966600000005,-4.8049966600000005,True,True,True,True,,0.0,0.0,0.0,2,3,0.28207360000000015,0.65,0.9799999999999999,P3,균형형 라이트헤지,False,13615.8,2033,9930.8,169.844783,27782.508,27782.508,34636.868,163.575867,169.844783,204.974254,37007.436,33528.841,40383.202,5746.334,3462.094,-16.5,-0.0,211.748032,41.903249,191.110723,21.265941,0.0,0.0,0.0,0.0,0.0,163.575867,34636.868,9.604278,11.990054,4937.578,562.447,3883.546,27080.771,144.796,-5746.334,-3210.646,130.348,100,True,59.881987
JFE_STEEL_JP,JFE Steel,JP,21.95,45.3,ACCELERATED_15C,DISCLOSED_PATH,PORT-6E49C004BA31,CAND-DF57CBE06564A4,P3,PORT-6E49C004BA31,163.575867,25879.894,158.213398,False,False,2030,15.14499666,-15.14499666,True,True,True,True,,0.0,0.0,0.0,2,3,0.28207360000000015,0.65,0.9799999999999999,P3,균형형 라이트헤지,False,13615.8,2033,9930.8,161.186559,26366.231,26366.231,33381.528,163.575867,161.186559,213.226502,39678.166,34878.71,41894.007,8512.479,4838.232,38.776,-0.0,204.073674,42.887115,190.527418,29.340859,0.0,0.0,0.0,0.0,0.0,163.575867,33381.528,9.256191,11.5555,4937.578,562.447,4311.685,29486.844,155.194,-8512.479,-4567.157,-7.882,100,True,72.600944
JFE_STEEL_JP,JFE Steel,JP,21.95,45.3,DISCLOSED_PATH,DISCLOSED_PATH,PORT-408F044D6828,CAND-DFCA23D16E81A2,P1,PORT-408F044D6828,302.295879,65678.722,217.26635,True,False,,0.0,1.265341119704999e-05,False,False,True,True,2029,0.0,0.07400003299999997,0.0,2,3,0.3867712,0.65,1.62,P1,지연·현물조달,False,18906.8,2033,9930.8,224.669104,67916.544,67916.544,85871.42,302.295879,224.669104,259.71974,81188.561,78512.207,96467.082,10595.663,2805.411,129.057,0.0,284.064142,59.395038,233.522527,8.853424,0.0,0.0,0.0,0.0,0.0,302.295879,85871.42,23.810842,29.725637,7821.53,1161.363,8710.956,62761.916,0.0,-10595.663,-2140.836,197.278,100,True,114.706308
JFE_STEEL_JP,JFE Steel,JP,21.95,45.3,ACCELERATED_15C,DISCLOSED_PATH,PORT-408F044D6828,CAND-DFCA23D16E81A2,P1,PORT-408F044D6828,302.295879,65518.403,216.73601,False,False,2040,3.584995639999999,-3.584995639999999,True,True,True,True,,0.0,0.0,0.0,2,3,0.3867712,0.65,1.62,P1,지연·현물조달,False,18906.8,2033,9930.8,224.269182,67795.649,67795.649,87960.971,302.295879,224.269182,275.822223,87113.841,83379.921,103545.243,15584.272,3507.325,-226.595,-0.0,290.976414,66.707232,236.621052,12.35187,0.0,0.0,0.0,0.0,0.0,302.295879,87960.971,24.390243,30.448965,11806.197,1161.363,9202.518,65613.827,0.0,-15584.272,-4033.672,-370.312,100,True,135.683567
JFE_STEEL_JP,JFE Steel,JP,21.95,45.3,DISCLOSED_PATH,DISCLOSED_PATH,PORT-7F45069F34E3,CAND-DFD36ABEC37623,P1,PORT-7F45069F34E3,203.088353,30122.61,148.322688,False,False,2030,3.1659880174124027,-3.1659880174124027,True,True,True,True,,0.0,0.0,0.0,2,3,0.3119871999999999,0.65,1.1400000000000001,P1,지연·현물조달,False,15661.8,2033,9930.8,152.535535,30978.191,30978.191,40973.757,203.088353,152.535535,187.626378,39892.428,38104.732,48100.298,7126.542,1825.63,37.934,0.0,201.753357,49.217822,161.338086,8.802551,0.0,0.0,0.0,0.0,0.0,203.088353,40973.757,11.361401,14.18366,6064.27,630.571,5690.92,27301.89,0.0,-7126.542,-1527.822,-55.098,100,True,42.572739
JFE_STEEL_JP,JFE Steel,JP,21.95,45.3,ACCELERATED_15C,DISCLOSED_PATH,PORT-7F45069F34E3,CAND-DFD36ABEC37623,P1,PORT-7F45069F34E3,203.088353,29138.77,143.478295,False,False,2030,8.975988017412405,-8.975988017412405,True,True,True,True,,0.0,0.0,0.0,2,3,0.3119871999999999,0.65,1.1400000000000001,P1,지연·현물조달,False,15661.8,2033,9930.8,147.006969,29855.403,29855.403,41006.124,203.088353,147.006969,199.070147,42860.574,40428.828,51579.549,10573.425,2262.659,-169.086,0.0,201.912733,54.905764,158.9808,11.97383,0.0,0.0,0.0,0.0,0.0,203.088353,41006.124,11.370376,14.194864,6847.209,630.571,6006.761,29469.701,0.0,-10573.425,-2222.581,-302.833,100,True,58.421354
JFE_STEEL_JP,JFE Steel,JP,21.95,45.3,DISCLOSED_PATH,DISCLOSED_PATH,PORT-49F18FB13125,CAND-E142C0366C78ED,P4,PORT-49F18FB13125,369.350858,50838.56,137.643,True,False,,0.0,1.265341119704999e-05,False,False,True,True,2028,0.14999703000000153,0.174000033,1.1819983720000007,3,3,0.41232239999999987,0.65,1.78,P4,균형형 전환,False,19531.6,2028,7326.0,139.777921,51627.095,51627.095,59612.393,369.350858,139.777921,174.744339,73527.772,64541.972,72527.27,12914.877,8862.072,-123.728,0.0,161.397738,21.619818,164.106549,24.328629,0.0,0.0,0.0,0.0,0.0,369.350858,59612.393,16.529612,20.635694,11639.208,1201.692,11975.315,48076.048,657.316,-12914.877,-9015.182,7.575,100,True,29.815125
JFE_STEEL_JP,JFE Steel,JP,21.95,45.3,ACCELERATED_15C,DISCLOSED_PATH,PORT-49F18FB13125,CAND-E142C0366C78ED,P4,PORT-49F18FB13125,369.350858,45969.413,124.460015,True,False,,0.0,1.265341119704999e-05,False,False,True,True,2028,0.0,0.02400003300000003,0.0,3,3,0.41232239999999987,0.65,1.78,P4,균형형 전환,False,19531.6,2028,7326.0,126.800807,46833.987,46833.987,55012.324,369.350858,126.800807,178.100506,78472.875,65781.575,73959.912,18947.588,12650.652,-40.648,0.0,148.943269,22.142463,161.161901,34.361095,0.0,0.0,0.0,0.0,0.0,369.350858,55012.324,15.254083,19.043314,11639.208,1201.692,13161.845,51660.618,701.233,-18947.588,-12688.296,105.275,100,True,38.215192
JFE_STEEL_JP,JFE Steel,JP,21.95,45.3,DISCLOSED_PATH,DISCLOSED_PATH,PORT-B91429E42CEB,CAND-E1C48D333700EA,P7,PORT-B91429E42CEB,445.512827,80332.44,180.314539,True,False,,0.0,1.265341119704999e-05,False,False,True,True,2028,0.0,0.4689998460000001,2.281998712,3,3,0.47620039999999997,0.65,2.2600000000000002,P7,완전 수소·계약형,False,23196.8,2030,9930.8,180.486886,80409.223,80409.223,81336.48,445.512827,180.486886,215.466048,125949.953,95992.888,96920.145,15583.665,29957.065,0.0,0.0,182.568212,2.081326,247.728643,67.241757,0.0,0.0,0.0,0.0,0.0,445.512827,81336.48,22.553372,28.155802,13748.218,1777.766,12666.163,92619.244,5113.755,-15583.665,-29950.973,18.714,100,True,70.52409
JFE_STEEL_JP,JFE Steel,JP,21.95,45.3,ACCELERATED_15C,DISCLOSED_PATH,PORT-B91429E42CEB,CAND-E1C48D333700EA,P7,PORT-B91429E42CEB,445.512827,67071.669,150.549356,True,False,,0.0,1.265341119704999e-05,False,False,True,True,2028,0.0,0.26899984600000015,0.28199871200000004,3,3,0.47620039999999997,0.65,2.2600000000000002,P7,완전 수소·계약형,False,23196.8,2030,9930.8,150.71271,67144.446,67144.446,67957.946,445.512827,150.71271,201.885809,134392.269,89942.717,90756.218,22798.272,44449.552,-0.0,0.0,152.538696,1.825986,250.484365,99.771655,0.0,0.0,0.0,0.0,0.0,445.512827,67957.946,18.843707,23.524628,13748.218,1777.766,13865.202,99517.201,5462.182,-22798.272,-44443.813,15.962,100,True,62.127095
JFE_STEEL_JP,JFE Steel,JP,21.95,45.3,DISCLOSED_PATH,DISCLOSED_PATH,PORT-7BA11C62DF95,CAND-E2E67FC7600525,P2,PORT-7BA11C62DF95,219.408411,36426.705,166.022372,False,False,2040,0.6424927599999997,-0.6424927599999997,False,False,True,True,2029,0.0,0.07400003299999997,0.0,2,3,0.3119871999999999,0.65,1.1400000000000001,P2,지연·부분헤지,False,13945.8,2029,7326.0,168.086273,36879.542,36879.542,45729.656,219.408411,168.086273,203.05472,47326.119,44551.914,53402.027,7672.372,2701.194,-73.012,0.0,208.422528,40.336255,180.7303,12.644027,0.0,0.0,0.0,0.0,0.0,219.408411,45729.656,12.68014,15.829983,6906.367,759.188,6245.953,33241.098,55.324,-7672.372,-2789.959,133.941,100,True,58.123477
JFE_STEEL_JP,JFE Steel,JP,21.95,45.3,ACCELERATED_15C,DISCLOSED_PATH,PORT-7BA11C62DF95,CAND-E2E67FC7600525,P2,PORT-7BA11C62DF95,219.408411,34953.774,159.309178,False,False,2035,10.98249276,-10.98249276,True,True,True,True,,0.0,0.0,0.0,2,3,0.3119871999999999,0.65,1.1400000000000001,P2,지연·부분헤지,False,13945.8,2029,7326.0,161.445884,35422.585,35422.585,45033.693,219.408411,161.445884,212.765078,50315.552,46682.448,56293.556,11259.863,3615.212,-17.893,-0.0,205.250532,43.804647,178.004523,16.558638,0.0,0.0,0.0,0.0,0.0,219.408411,45033.693,12.48716,15.589066,5277.047,759.188,7292.889,36549.864,58.645,-11259.863,-3233.962,-21.223,100,True,72.860269
JFE_STEEL_JP,JFE Steel,JP,21.95,45.3,DISCLOSED_PATH,DISCLOSED_PATH,PORT-4577AB24CD05,CAND-E5C3BE482793EF,P4,PORT-4577AB24CD05,389.600851,78510.322,201.51476,True,False,,0.0,1.265341119704999e-05,False,False,True,True,2028,0.0,0.174000033,0.28199871200000004,3,3,0.47620039999999997,0.65,2.2600000000000002,P4,균형형 전환,False,23196.8,2032,9930.8,204.784809,79784.336,79784.336,92223.406,389.600851,204.784809,239.761867,106968.072,93411.427,105850.498,13627.091,13379.59,-177.055,0.0,236.712539,31.92773,239.58105,34.796241,0.0,0.0,0.0,0.0,0.0,389.600851,92223.406,25.572151,31.924469,14903.845,1519.341,10721.122,78971.569,948.178,-13627.091,-13618.934,-33.694,100,True,94.822013
JFE_STEEL_JP,JFE Steel,JP,21.95,45.3,ACCELERATED_15C,DISCLOSED_PATH,PORT-4577AB24CD05,CAND-E5C3BE482793EF,P4,PORT-4577AB24CD05,389.600851,73594.491,188.897151,True,False,,0.0,1.265341119704999e-05,False,False,True,True,2028,0.0,0.02400003300000003,0.0,3,3,0.47620039999999997,0.65,2.2600000000000002,P4,균형형 전환,False,23196.8,2032,9930.8,192.447651,74977.769,74977.769,87383.796,389.600851,192.447651,243.784191,114347.651,94978.528,107384.556,20000.76,19441.383,72.26,-0.0,224.290568,31.842917,242.16295,49.715299,0.0,0.0,0.0,0.0,0.0,389.600851,87383.796,24.230201,30.249168,13007.87,1519.341,12079.642,86439.344,1013.895,-20000.76,-19176.49,94.926,100,True,103.862036
JFE_STEEL_JP,JFE Steel,JP,21.95,45.3,DISCLOSED_PATH,DISCLOSED_PATH,PORT-A7F00CD0D5D9,CAND-E97F5B55830909,P1,PORT-A7F00CD0D5D9,145.575874,2187.854,15.028963,False,False,2030,7.054995810000001,-7.054995810000001,True,True,True,True,,0.0,0.0,0.0,2,3,0.19452160000000007,0.65,0.5,P1,지연·현물조달,False,9950.6,2033,6265.6,17.035779,2479.998,2479.998,4212.013,145.575874,17.035779,52.16156,8322.028,7593.465,9325.479,5113.466,684.856,-43.707,-0.0,28.933454,11.897675,22.040478,5.004699,0.0,0.0,0.0,0.0,0.0,145.575874,4212.013,1.167927,1.458049,3582.785,288.107,4474.045,0.0,0.0,-5113.466,-754.014,2.542,100,True,-92.927017
JFE_STEEL_JP,JFE Steel,JP,21.95,45.3,ACCELERATED_15C,DISCLOSED_PATH,PORT-A7F00CD0D5D9,CAND-E97F5B55830909,P1,PORT-A7F00CD0D5D9,145.575874,94.675,0.650351,False,False,2030,17.39499581,-17.39499581,True,True,True,True,,0.0,0.0,0.0,2,3,0.19452160000000007,0.65,0.5,P1,지연·현물조달,False,9950.6,2033,6265.6,2.359556,343.494,343.494,2314.004,145.575874,2.359556,54.383671,8810.277,7916.95,9887.46,7573.456,822.811,-70.516,0.0,15.895522,13.535965,8.49606,6.136504,0.0,0.0,0.0,0.0,0.0,145.575874,2314.004,0.641638,0.801026,3840.569,288.107,4741.534,0.0,0.0,-7573.456,-950.901,-2.358,100,True,-86.226059
KOBE_STEEL_JP,Kobe Steel,JP,5.96,14.3,DISCLOSED_PATH,DISCLOSED_PATH,PORT-1144EBE63B41,CAND-4D158AE8BC3521,P3,PORT-1144EBE63B41,102.391093,14716.433,143.727666,True,True,,0.0,9.990856690045291e-05,True,True,True,True,,0.0,0.0,0.0,1,1,0.28332,0.6,1.06,P3,균형형 라이트헤지,False,5037.34,2029,3118.5,145.028275,14849.604,14849.604,17904.0,102.391093,145.028275,179.950824,20234.246,18425.362,21479.758,3575.758,1804.557,-4.327,-0.0,174.858961,29.830687,162.694693,17.666419,0.0,0.0,0.0,0.0,0.0,102.391093,17904.0,6.921635,16.792095,2806.355,260.812,2661.172,14431.637,79.798,-3575.758,-1814.467,0.056,100,True,92.161974
KOBE_STEEL_JP,Kobe Steel,JP,5.96,14.3,ACCELERATED_15C,DISCLOSED_PATH,PORT-1144EBE63B41,CAND-4D158AE8BC3521,P3,PORT-1144EBE63B41,102.391093,13664.434,133.453347,True,True,,0.0,9.990856690045291e-05,True,True,True,True,,0.0,0.0,0.0,1,1,0.28332,0.6,1.06,P3,균형형 라이트헤지,False,5037.34,2029,3118.5,134.972977,13820.031,13820.031,17043.742,102.391093,134.972977,186.191719,21533.752,19064.374,22288.085,5244.343,2510.626,41.247,0.0,166.457275,31.484298,159.090098,24.117121,0.0,0.0,0.0,0.0,0.0,102.391093,17043.742,6.589062,15.985262,2806.355,260.812,2931.431,15486.209,84.877,-5244.343,-2518.788,13.477,100,True,10.005236
KOBE_STEEL_JP,Kobe Steel,JP,5.96,14.3,DISCLOSED_PATH,DISCLOSED_PATH,PORT-1144EBE63B41,CAND-C9EAFC0F482485,P2,PORT-1144EBE63B41,102.391093,15293.987,149.368332,True,True,,0.0,9.990856690045291e-05,True,True,True,True,,0.0,0.0,0.0,1,1,0.28332,0.6,1.06,P2,지연·부분헤지,False,5037.34,2029,3118.5,150.965625,15457.535,15457.535,19296.3,102.391093,150.965625,185.888174,20219.422,19033.293,22872.058,3575.758,1172.417,-13.712,0.0,188.456825,37.4912,162.549924,11.584299,0.0,0.0,0.0,0.0,0.0,102.391093,19296.3,7.459895,18.097928,2769.559,260.812,2598.322,14559.004,23.628,-3575.758,-1175.819,-2.212,100,True,98.099324
KOBE_STEEL_JP,Kobe Steel,JP,5.96,14.3,ACCELERATED_15C,DISCLOSED_PATH,PORT-1144EBE63B41,CAND-C9EAFC0F482485,P2,PORT-1144EBE63B41,102.391093,14552.066,142.122383,True,True,,0.0,9.990856690045291e-05,True,True,True,True,,0.0,0.0,0.0,1,1,0.28332,0.6,1.06,P2,지연·부분헤지,False,5037.34,2029,3118.5,144.048756,14749.31,14749.31,18891.315,102.391093,144.048756,195.267498,21513.748,19993.653,24135.658,5244.343,1553.182,33.087,0.0,184.501546,40.452789,158.894725,14.845969,0.0,0.0,0.0,0.0,0.0,102.391093,18891.315,7.303328,17.718094,2853.696,260.812,2940.652,15478.215,25.061,-5244.343,-1590.515,25.731,100,True,19.081015
KOBE_STEEL_JP,Kobe Steel,JP,5.96,14.3,DISCLOSED_PATH,DISCLOSED_PATH,PORT-1144EBE63B41,CAND-DCD679F188D852,P1,PORT-1144EBE63B41,102.391093,15690.435,153.240232,True,True,,0.0,9.990856690045291e-05,True,True,True,True,,0.0,0.0,0.0,1,1,0.28332,0.6,1.06,P1,지연·현물조달,False,5037.34,2029,3118.5,155.039452,15874.659,15874.659,20317.412,102.391093,155.039452,189.962002,20223.772,19450.417,23893.17,3575.758,723.831,-49.525,-0.0,198.42949,43.390038,162.592408,7.552956,0.0,0.0,0.0,0.0,0.0,102.391093,20317.412,7.854654,19.055625,2885.256,260.812,2676.058,14413.526,0.0,-3575.758,-787.388,2.153,100,True,102.173151
KOBE_STEEL_JP,Kobe Steel,JP,5.96,14.3,ACCELERATED_15C,DISCLOSED_PATH,PORT-1144EBE63B41,CAND-DCD679F188D852,P1,PORT-1144EBE63B41,102.391093,15154.803,148.009,True,True,,0.0,9.990856690045291e-05,True,True,True,True,,0.0,0.0,0.0,1,1,0.28332,0.6,1.06,P1,지연·현물조달,False,5037.34,2029,3118.5,150.249221,15384.182,15384.182,20213.471,102.391093,150.249221,201.467963,21515.712,20628.525,25457.814,5244.343,896.084,8.897,0.0,197.414346,47.165125,158.913907,8.664686,0.0,0.0,0.0,0.0,0.0,102.391093,20213.471,7.81447,18.958139,3077.159,260.812,2868.079,15501.963,0.0,-5244.343,-1043.586,-35.902,100,True,25.28148
KOBE_STEEL_JP,Kobe Steel,JP,5.96,14.3,DISCLOSED_PATH,DISCLOSED_PATH,PORT-9862FC05DA24,CAND-314B41E5534D98,P3,PORT-9862FC05DA24,105.301092,18546.646,176.129668,True,True,,0.0,9.990856690045291e-05,True,True,True,True,,0.0,0.0,0.0,1,1,0.3612199999999999,0.6,1.54,P3,균형형 라이트헤지,False,6178.04,2029,3118.5,179.372196,18888.088,18888.088,22572.687,105.301092,179.372196,214.29133,24870.729,22565.111,26249.71,3677.023,2261.88,-43.737,0.0,214.363271,34.991075,201.267673,21.895476,0.0,0.0,0.0,0.0,0.0,105.301092,22572.687,8.726536,21.170838,3416.402,300.432,2537.486,18528.996,96.846,-3677.023,-2293.746,-21.305,100,True,126.505895
KOBE_STEEL_JP,Kobe Steel,JP,5.96,14.3,ACCELERATED_15C,DISCLOSED_PATH,PORT-9862FC05DA24,CAND-314B41E5534D98,P3,PORT-9862FC05DA24,105.301092,17627.204,167.398115,True,True,,0.0,9.990856690045291e-05,True,True,True,True,,0.0,0.0,0.0,1,1,0.3612199999999999,0.6,1.54,P3,균형형 라이트헤지,False,6178.04,2029,3118.5,170.494495,17953.257,17953.257,21961.946,105.301092,170.494495,221.735574,26560.487,23348.998,27357.688,5395.742,3161.35,-50.14,0.0,208.563328,38.068833,200.992653,30.498157,0.0,0.0,0.0,0.0,0.0,105.301092,21961.946,8.490426,20.598027,3416.402,300.432,2792.238,19999.442,103.303,-5395.742,-3202.687,-60.132,100,True,45.526754
KOBE_STEEL_JP,Kobe Steel,JP,5.96,14.3,DISCLOSED_PATH,DISCLOSED_PATH,PORT-9862FC05DA24,CAND-CE22CF7F8F72DA,P2,PORT-9862FC05DA24,105.301092,19272.91,183.02669,True,True,,0.0,9.990856690045291e-05,True,True,True,True,,0.0,0.0,0.0,1,1,0.3612199999999999,0.6,1.54,P2,지연·부분헤지,False,6178.04,2029,3118.5,187.055382,19697.136,19697.136,24350.783,105.301092,187.055382,221.974517,24897.113,23374.159,28027.806,3677.023,1474.814,-48.14,0.0,231.249105,44.193723,201.518229,14.462846,0.0,0.0,0.0,0.0,0.0,105.301092,24350.783,9.413943,22.838509,3466.064,300.432,2543.266,18568.54,28.499,-3677.023,-1504.301,-28.341,100,True,134.189081
KOBE_STEEL_JP,Kobe Steel,JP,5.96,14.3,ACCELERATED_15C,DISCLOSED_PATH,PORT-9862FC05DA24,CAND-CE22CF7F8F72DA,P2,PORT-9862FC05DA24,105.301092,18743.254,177.996762,True,True,,0.0,9.990856690045291e-05,True,True,True,True,,0.0,0.0,0.0,1,1,0.3612199999999999,0.6,1.54,P2,지연·부분헤지,False,6178.04,2029,3118.5,181.892341,19153.462,19153.462,24356.449,105.301092,181.892341,233.13342,26584.445,24549.204,29752.19,5395.742,1974.839,-60.402,0.0,231.302908,49.410567,201.220166,19.327824,0.0,0.0,0.0,0.0,0.0,105.301092,24356.449,9.416134,22.843822,3466.064,300.432,2799.565,20048.119,30.296,-5395.742,-2014.811,-80.46,100,True,56.9246
KOBE_STEEL_JP,Kobe Steel,JP,5.96,14.3,DISCLOSED_PATH,DISCLOSED_PATH,PORT-9862FC05DA24,CAND-B3597FD7767497,P1,PORT-9862FC05DA24,105.301092,19771.105,187.757835,True,True,,0.0,9.990856690045291e-05,True,True,True,True,,0.0,0.0,0.0,1,1,0.3612199999999999,0.6,1.54,P1,지연·현물조달,False,6178.04,2029,3118.5,192.329559,20252.513,20252.513,25637.012,105.301092,192.329559,227.248693,24932.227,23929.536,29314.035,3677.023,927.026,-75.665,-0.0,243.463876,51.134318,201.851698,9.52214,0.0,0.0,0.0,0.0,0.0,105.301092,25637.012,9.911196,24.044858,3499.172,300.432,2549.046,18594.903,0.0,-3677.023,-978.785,-35.232,100,True,139.463258
KOBE_STEEL_JP,Kobe Steel,JP,5.96,14.3,ACCELERATED_15C,DISCLOSED_PATH,PORT-9862FC05DA24,CAND-B3597FD7767497,P1,PORT-9862FC05DA24,105.301092,19500.781,185.19068,True,True,,0.0,9.990856690045291e-05,True,True,True,True,,0.0,0.0,0.0,1,1,0.3612199999999999,0.6,1.54,P1,지연·현물조달,False,6178.04,2029,3118.5,189.648623,19970.207,19970.207,26088.607,105.301092,189.648623,240.889701,26619.44,25365.949,31484.349,5395.742,1158.91,-94.581,0.0,247.752486,58.103864,201.552502,11.903879,0.0,0.0,0.0,0.0,0.0,105.301092,26088.607,10.085781,24.468407,3499.172,300.432,2806.891,20080.57,0.0,-5395.742,-1223.576,-97.541,100,True,64.680882
KOBE_STEEL_JP,Kobe Steel,JP,5.96,14.3,DISCLOSED_PATH,DISCLOSED_PATH,PORT-8384667F6B8E,CAND-9DD8DD0C56A40D,P3,PORT-8384667F6B8E,96.451092,4978.625,51.618125,True,True,,0.0,9.990856690045291e-05,True,True,True,True,,0.0,0.0,0.0,1,1,0.28332,0.6,1.06,P3,균형형 라이트헤지,False,4999.94,2037,3019.5,52.866301,5099.012,5099.012,6517.187,96.451092,52.866301,87.781899,9328.797,8466.66,9884.834,3367.648,902.576,40.439,0.0,67.569858,14.703557,61.804889,8.938588,0.0,0.0,0.0,0.0,0.0,96.451092,6517.187,2.519526,6.112445,2022.247,148.869,3229.414,3870.263,39.463,-3367.648,-831.308,-12.289,100,True,0.0
KOBE_STEEL_JP,Kobe Steel,JP,5.96,14.3,ACCELERATED_15C,DISCLOSED_PATH,PORT-8384667F6B8E,CAND-9DD8DD0C56A40D,P3,PORT-8384667F6B8E,96.451092,3812.491,39.527711,False,False,2035,0.6138637290849003,-0.6138637290849003,True,True,True,True,,0.0,0.0,0.0,1,1,0.28332,0.6,1.06,P3,균형형 라이트헤지,False,4999.94,2037,3019.5,40.620306,3917.873,3917.873,5461.635,96.451092,40.620306,91.885441,10037.152,8862.451,10406.214,4944.578,1165.64,-9.061,0.0,56.625957,16.005652,52.799549,12.179243,0.0,0.0,0.0,0.0,0.0,96.451092,5461.635,2.111453,5.122447,2507.328,148.869,3160.809,4278.639,42.197,-4944.578,-1238.719,-36.672,100,True,-84.347435
KOBE_STEEL_JP,Kobe Steel,JP,5.96,14.3,DISCLOSED_PATH,DISCLOSED_PATH,PORT-8384667F6B8E,CAND-7F0A690E87B72D,P2,PORT-8384667F6B8E,96.451092,5119.663,53.080408,True,True,,0.0,9.990856690045291e-05,True,True,True,True,,0.0,0.0,0.0,1,1,0.28332,0.6,1.06,P2,지연·부분헤지,False,4999.94,2037,3019.5,54.651416,5271.189,5271.189,7046.322,96.451092,54.651416,89.567014,9323.918,8638.836,10413.969,3367.648,735.691,50.609,0.0,73.055905,18.404488,61.754305,7.102888,0.0,0.0,0.0,0.0,0.0,96.451092,7046.322,2.724088,6.608719,2558.266,148.869,2824.727,3873.528,12.756,-3367.648,-795.65,16.341,100,True,1.785115
KOBE_STEEL_JP,Kobe Steel,JP,5.96,14.3,ACCELERATED_15C,DISCLOSED_PATH,PORT-8384667F6B8E,CAND-7F0A690E87B72D,P2,PORT-8384667F6B8E,96.451092,4027.512,41.757041,False,False,2035,0.6138637290849003,-0.6138637290849003,True,True,True,True,,0.0,0.0,0.0,1,1,0.28332,0.6,1.06,P2,지연·부분헤지,False,4999.94,2037,3019.5,43.132685,4160.195,4160.195,6108.132,96.451092,43.132685,94.397821,10038.199,9104.773,11052.71,4944.578,926.22,-7.207,-0.0,63.328799,20.196114,52.810403,9.677718,0.0,0.0,0.0,0.0,0.0,96.451092,6108.132,2.361386,5.728794,2471.565,148.869,3362.958,4123.188,13.571,-4944.578,-977.423,-37.954,100,True,-81.835056
KOBE_STEEL_JP,Kobe Steel,JP,5.96,14.3,DISCLOSED_PATH,DISCLOSED_PATH,PORT-8384667F6B8E,CAND-D80CE96AA3B5C1,P1,PORT-8384667F6B8E,96.451092,5217.907,54.098993,True,True,,0.0,9.990856690045291e-05,True,True,True,True,,0.0,0.0,0.0,1,1,0.28332,0.6,1.06,P1,지연·현물조달,False,4999.94,2037,3019.5,55.970284,5398.395,5398.395,7470.675,96.451092,55.970284,90.885882,9345.014,8766.043,10838.323,3367.648,619.202,40.231,0.0,77.455581,21.485297,61.973026,6.002742,0.0,0.0,0.0,0.0,0.0,96.451092,7470.675,2.888142,7.006718,2596.772,148.869,2804.389,3876.664,0.0,-3367.648,-694.202,33.55,100,True,3.103983
KOBE_STEEL_JP,Kobe Steel,JP,5.96,14.3,ACCELERATED_15C,DISCLOSED_PATH,PORT-8384667F6B8E,CAND-D80CE96AA3B5C1,P1,PORT-8384667F6B8E,96.451092,4175.21,43.288359,False,False,2035,0.6138637290849003,-0.6138637290849003,True,True,True,True,,0.0,0.0,0.0,1,1,0.28332,0.6,1.06,P1,지연·현물조달,False,4999.94,2037,3019.5,44.885362,4329.242,4329.242,6614.575,96.451092,44.885362,96.150498,10051.915,9273.82,11559.153,4944.578,760.878,-17.217,-0.0,68.579576,23.694214,52.952611,8.067249,0.0,0.0,0.0,0.0,0.0,96.451092,6614.575,2.557176,6.203785,2499.233,148.869,3386.978,4111.333,0.0,-4944.578,-831.483,-41.109,100,True,-80.082379
KOBE_STEEL_JP,Kobe Steel,JP,5.96,14.3,DISCLOSED_PATH,DISCLOSED_PATH,PORT-8A59F01B884D,CAND-B51B2DE2F2D28C,P4,PORT-8A59F01B884D,114.781594,15757.538,137.282794,True,False,,0.0,9.990856690045291e-05,False,False,True,True,2028,0.0,0.012250011000000005,0.0,1,1,0.28332,0.6,1.06,P4,균형형 전환,False,5037.34,2028,3118.5,138.525029,15900.124,15900.124,18237.919,114.781594,138.525029,173.339944,22614.743,19896.235,22234.03,3996.111,2686.111,-32.397,0.0,158.892365,20.367336,162.209206,23.684178,0.0,0.0,0.0,0.0,0.0,114.781594,18237.919,7.050727,17.105276,3007.681,294.906,3002.676,16095.662,202.912,-3996.111,-2717.109,9.507,100,True,85.658728
KOBE_STEEL_JP,Kobe Steel,JP,5.96,14.3,ACCELERATED_15C,DISCLOSED_PATH,PORT-8A59F01B884D,CAND-B51B2DE2F2D28C,P4,PORT-8A59F01B884D,114.781594,14200.239,123.715296,True,True,,0.0,9.990856690045291e-05,True,True,True,True,,0.0,0.0,0.0,1,1,0.28332,0.6,1.06,P4,균형형 전환,False,5037.34,2028,3118.5,125.095807,14358.696,14358.696,16730.441,114.781594,125.095807,175.923304,24017.871,20192.757,22564.503,5834.061,3821.801,-3.313,0.0,145.758923,20.663116,158.420955,33.325148,0.0,0.0,0.0,0.0,0.0,114.781594,16730.441,6.467941,15.691419,2763.638,294.906,3456.946,17196.339,215.704,-5834.061,-3766.611,31.836,100,True,0.128066
KOBE_STEEL_JP,Kobe Steel,JP,5.96,14.3,DISCLOSED_PATH,DISCLOSED_PATH,PORT-F194BB679477,CAND-0E9003448A63C3,P7,PORT-F194BB679477,131.48782,19837.419,150.868867,True,False,,0.0,9.990856690045291e-05,False,False,True,True,2028,0.0,0.012250011000000005,0.0,1,1,0.3612199999999999,0.6,1.54,P7,완전 수소·계약형,False,6178.04,2028,3118.5,151.041283,19860.089,19860.089,20096.864,131.48782,151.041283,185.93393,31847.261,24448.047,24684.822,4587.958,7399.214,0.0,0.0,152.84202,1.800737,207.314281,56.272997,0.0,0.0,0.0,0.0,0.0,131.48782,20096.864,7.76939,18.848774,3558.233,384.34,3200.302,23412.148,1295.513,-4587.958,-7400.147,-2.342,100,True,98.174982
KOBE_STEEL_JP,Kobe Steel,JP,5.96,14.3,ACCELERATED_15C,DISCLOSED_PATH,PORT-F194BB679477,CAND-0E9003448A63C3,P7,PORT-F194BB679477,131.48782,16410.005,124.802469,True,True,,0.0,9.990856690045291e-05,True,True,True,True,,0.0,0.0,0.0,1,1,0.3612199999999999,0.6,1.54,P7,완전 수소·계약형,False,6178.04,2028,3118.5,124.967741,16431.736,16431.736,16639.08,131.48782,124.967741,175.993173,33994.148,23140.959,23348.303,6709.223,10853.19,-0.0,-0.0,126.544649,1.576908,207.509146,82.541406,0.0,0.0,0.0,0.0,0.0,131.48782,16639.08,6.432621,15.605731,3547.684,384.34,3504.648,25169.371,1384.082,-6709.223,-10851.854,2.689,100,True,0.0
KOBE_STEEL_JP,Kobe Steel,JP,5.96,14.3,DISCLOSED_PATH,DISCLOSED_PATH,PORT-6AF097B8F6F8,CAND-C9A7A01CF97824,P6,PORT-6AF097B8F6F8,124.953456,19282.898,154.320643,True,False,,0.0,9.990856690045291e-05,False,False,True,True,2028,0.0,0.012250011000000005,0.0,1,1,0.3612199999999999,0.6,1.54,P6,조기 고헤지,False,6178.04,2028,3118.5,155.055857,19374.765,19374.765,20094.218,124.953456,155.055857,189.913164,30038.007,23730.306,24449.759,4355.541,6307.701,0.0,0.0,160.813626,5.757769,205.536259,50.480402,0.0,0.0,0.0,0.0,0.0,124.953456,20094.218,7.768367,18.846292,3390.805,364.57,3050.519,22385.895,858.939,-4355.541,-6308.241,-12.18,100,True,102.189556
KOBE_STEEL_JP,Kobe Steel,JP,5.96,14.3,ACCELERATED_15C,DISCLOSED_PATH,PORT-6AF097B8F6F8,CAND-C9A7A01CF97824,P6,PORT-6AF097B8F6F8,124.953456,16389.379,131.163871,True,True,,0.0,9.990856690045291e-05,True,True,True,True,,0.0,0.0,0.0,1,1,0.3612199999999999,0.6,1.54,P6,조기 고헤지,False,6178.04,2028,3118.5,131.908282,16482.396,16482.396,17134.853,124.953456,131.908282,182.870898,32074.157,22850.351,23502.808,6367.955,9223.806,0.0,-0.0,137.129883,5.221601,205.726216,73.817934,0.0,0.0,0.0,0.0,0.0,124.953456,17134.853,6.624285,16.070714,3390.805,364.57,3341.43,24061.979,917.559,-6367.955,-9225.274,-0.718,100,True,6.940541
KOBE_STEEL_JP,Kobe Steel,JP,5.96,14.3,DISCLOSED_PATH,DISCLOSED_PATH,PORT-0095E30DB97C,CAND-DDE822F7D41D2E,P5,PORT-0095E30DB97C,118.419093,19329.235,163.227356,True,False,,0.0,9.990856690045291e-05,False,False,True,True,2028,0.0,0.012250011000000005,0.0,1,1,0.3612199999999999,0.6,1.54,P5,조기 계약형 전환,False,6178.04,2028,3118.5,165.621405,19612.736,19612.736,21203.394,118.419093,165.621405,200.439884,28480.897,23735.909,25326.567,4123.173,4731.986,-13.002,0.0,179.05385,13.432445,205.690856,40.069451,0.0,0.0,0.0,0.0,0.0,118.419093,21203.394,8.197172,19.886584,3391.118,345.83,2910.298,21387.784,447.573,-4123.173,-4730.064,-16.63,100,True,112.755104
KOBE_STEEL_JP,Kobe Steel,JP,5.96,14.3,ACCELERATED_15C,DISCLOSED_PATH,PORT-0095E30DB97C,CAND-DDE822F7D41D2E,P5,PORT-0095E30DB97C,118.419093,17219.924,145.415098,True,True,,0.0,9.990856690045291e-05,True,True,True,True,,0.0,0.0,0.0,1,1,0.3612199999999999,0.6,1.54,P5,조기 계약형 전환,False,6178.04,2028,3118.5,147.571294,17475.259,17475.259,19071.598,118.419093,147.571294,198.439702,30361.094,23499.049,25095.388,6023.791,6862.045,0.0,0.0,161.051712,13.480418,205.518408,57.947114,0.0,0.0,0.0,0.0,0.0,118.419093,19071.598,7.373025,17.88718,3391.118,345.83,3187.845,22980.611,477.943,-6023.791,-6855.873,-28.424,100,True,22.603553
KOBE_STEEL_JP,Kobe Steel,JP,5.96,14.3,DISCLOSED_PATH,DISCLOSED_PATH,PORT-0095E30DB97C,CAND-352C3A40240600,P4,PORT-0095E30DB97C,118.419093,20394.844,172.225976,True,False,,0.0,9.990856690045291e-05,False,False,True,True,2028,0.0,0.012250011000000005,0.0,1,1,0.3612199999999999,0.6,1.54,P4,균형형 전환,False,6178.04,2028,3118.5,175.809968,20819.257,20819.257,23564.38,118.419093,175.809968,210.628446,28472.098,24942.429,27687.552,4123.173,3470.903,-58.766,0.0,198.99139,23.181422,205.616552,29.806584,0.0,0.0,0.0,0.0,0.0,118.419093,23564.38,9.109922,22.100944,4018.487,345.83,2874.55,21066.163,252.15,-4123.173,-3580.744,-34.006,100,True,122.943667
KOBE_STEEL_JP,Kobe Steel,JP,5.96,14.3,ACCELERATED_15C,DISCLOSED_PATH,PORT-0095E30DB97C,CAND-352C3A40240600,P4,PORT-0095E30DB97C,118.419093,18902.043,159.619897,True,True,,0.0,9.990856690045291e-05,True,True,True,True,,0.0,0.0,0.0,1,1,0.3612199999999999,0.6,1.54,P4,균형형 전환,False,6178.04,2028,3118.5,162.891435,19289.456,19289.456,22177.963,118.419093,162.891435,213.759843,30340.079,25313.247,28201.754,6023.791,4975.855,-50.977,0.0,187.283674,24.39224,205.340941,42.449507,0.0,0.0,0.0,0.0,0.0,118.419093,22177.963,8.573937,20.800628,4018.487,345.83,3152.828,22673.416,269.054,-6023.791,-5089.174,-57.193,100,True,37.923694
KOBE_STEEL_JP,Kobe Steel,JP,5.96,14.3,DISCLOSED_PATH,DISCLOSED_PATH,PORT-3DA05887C62D,CAND-17BC99375C7C5C,P1,PORT-3DA05887C62D,93.541093,1137.237,12.157617,True,False,,0.0,9.990856690045291e-05,False,False,True,True,2037,0.9639992259999994,0.0,0.0,1,1,0.19591999999999998,0.6,0.58,P1,지연·현물조달,False,3859.24,2029,1940.4,13.277011,1241.946,1241.946,2186.788,93.541093,13.277011,48.196237,4949.905,4508.329,5453.171,3266.383,426.502,-15.074,-0.0,23.377836,10.100825,17.997675,4.720664,0.0,0.0,0.0,0.0,0.0,93.541093,2186.788,0.845406,2.050981,1772.371,109.248,3022.008,0.0,0.0,-3266.383,-441.874,46.576,100,True,-39.58929
KOBE_STEEL_JP,Kobe Steel,JP,5.96,14.3,ACCELERATED_15C,DISCLOSED_PATH,PORT-3DA05887C62D,CAND-17BC99375C7C5C,P1,PORT-3DA05887C62D,93.541093,-170.768,-1.825594,False,False,2035,0.6138637290849003,-0.6138637290849003,True,True,True,True,,0.0,0.0,0.0,1,1,0.19591999999999998,0.6,0.58,P1,지연·현물조달,False,3859.24,2029,1940.4,-0.474782,-44.412,-44.412,911.184,93.541093,-0.474782,50.766651,5252.838,4748.768,5704.364,4793.18,512.007,7.936,0.0,9.741006,10.215789,4.913977,5.388759,0.0,0.0,0.0,0.0,0.0,93.541093,911.184,0.352261,0.854596,1203.225,109.248,3779.131,0.0,0.0,-4793.18,-360.264,17.428,100,True,-125.442523
KOBE_STEEL_JP,Kobe Steel,JP,5.96,14.3,DISCLOSED_PATH,DISCLOSED_PATH,PORT-5EAB84C29074,CAND-202E0A81514742,P2,PORT-5EAB84C29074,85.5131,14825.492,173.371009,False,False,2040,0.1489979539999986,-0.1489979539999986,True,True,True,True,,0.0,0.0,0.0,1,1,0.25216000000000005,0.6,0.8999999999999999,P2,지연·부분헤지,False,3997.29,2029,3118.5,175.308594,14991.181,14991.181,18648.658,85.5131,175.308594,210.255536,18989.067,17979.603,21637.079,2988.421,993.079,-16.385,-0.0,218.079548,42.770953,187.113385,11.804791,0.0,0.0,0.0,0.0,0.0,85.5131,18648.658,7.209518,17.490507,2186.705,232.512,1985.044,14559.004,21.578,-2988.421,-1006.285,1.045,100,True,122.442293
KOBE_STEEL_JP,Kobe Steel,JP,5.96,14.3,ACCELERATED_15C,DISCLOSED_PATH,PORT-5EAB84C29074,CAND-202E0A81514742,P2,PORT-5EAB84C29074,85.5131,14326.694,167.538008,False,False,2040,3.128997953999999,-3.128997953999999,True,True,True,True,,0.0,0.0,0.0,1,1,0.25216000000000005,0.6,0.8999999999999999,P2,지연·부분헤지,False,3997.29,2029,3118.5,169.037137,14454.89,14454.89,18341.136,85.5131,169.037137,220.096347,20195.625,18821.121,22707.367,4366.231,1341.012,-33.492,0.0,214.48335,45.446213,185.110749,16.073612,0.0,0.0,0.0,0.0,0.0,85.5131,18341.136,7.090631,17.202083,2204.711,232.512,2184.329,15553.159,22.892,-4366.231,-1368.182,-8.3,100,True,44.069396
KOBE_STEEL_JP,Kobe Steel,JP,5.96,14.3,DISCLOSED_PATH,DISCLOSED_PATH,PORT-661396C334A7,CAND-20911E55FBB215,P3,PORT-661396C334A7,45.121088,3682.591,81.615735,False,False,2030,3.7213640190848984,-3.7213640190848984,True,True,True,True,,0.0,0.0,0.0,1,1,0.25216000000000005,0.6,0.8999999999999999,P3,균형형 라이트헤지,False,3925.79,2037,3019.5,81.9293,3696.739,3696.739,4664.772,45.121088,81.9293,116.797031,5888.797,5270.009,6238.042,1573.27,621.88,3.092,-0.0,103.383407,21.454108,95.64323,13.713931,0.0,0.0,0.0,0.0,0.0,45.121088,4664.772,1.803387,4.375072,1636.475,40.609,555.864,3672.564,24.282,-1573.27,-661.997,2.213,100,True,29.062999
KOBE_STEEL_JP,Kobe Steel,JP,5.96,14.3,ACCELERATED_15C,DISCLOSED_PATH,PORT-661396C334A7,CAND-20911E55FBB215,P3,PORT-661396C334A7,45.121088,3163.697,70.1157,False,False,2030,4.891364019084899,-4.891364019084899,True,True,True,True,,0.0,0.0,0.0,1,1,0.25216000000000005,0.6,0.8999999999999999,P3,균형형 라이트헤지,False,3925.79,2037,3019.5,69.919074,3154.825,3154.825,4206.068,45.121088,69.919074,121.509836,6344.828,5482.656,6533.899,2327.831,850.901,-11.271,-0.0,93.217339,23.298265,89.02704,19.107966,0.0,0.0,0.0,0.0,0.0,45.121088,4206.068,1.626054,3.944855,1636.475,40.609,623.783,4039.392,26.042,-2327.831,-888.813,5.168,100,True,-55.048667
KOBE_STEEL_JP,Kobe Steel,JP,5.96,14.3,DISCLOSED_PATH,DISCLOSED_PATH,PORT-661396C334A7,CAND-344C7E39FA18A3,P1,PORT-661396C334A7,45.121088,3926.654,87.024798,False,False,2030,3.7213640190848984,-3.7213640190848984,True,True,True,True,,0.0,0.0,0.0,1,1,0.25216000000000005,0.6,0.8999999999999999,P1,지연·현물조달,False,3925.79,2037,3019.5,87.306049,3939.344,3939.344,5351.529,45.121088,87.306049,122.173781,5869.746,5512.614,6924.799,1573.27,355.596,-1.536,0.0,118.603722,31.297673,95.221018,7.914969,0.0,0.0,0.0,0.0,0.0,45.121088,5351.529,2.068886,5.019179,1477.339,40.609,578.439,3800.213,0.0,-1573.27,-375.174,-8.812,100,True,34.439748
KOBE_STEEL_JP,Kobe Steel,JP,5.96,14.3,ACCELERATED_15C,DISCLOSED_PATH,PORT-661396C334A7,CAND-344C7E39FA18A3,P1,PORT-661396C334A7,45.121088,3540.297,78.462134,False,False,2030,4.891364019084899,-4.891364019084899,True,True,True,True,,0.0,0.0,0.0,1,1,0.25216000000000005,0.6,0.8999999999999999,P1,지연·현물조달,False,3925.79,2037,3019.5,78.008659,3519.836,3519.836,5113.687,45.121088,78.008659,129.599421,6323.465,5847.667,7441.518,2327.831,444.588,-31.209,0.0,113.332519,35.32386,88.553564,10.544905,0.0,0.0,0.0,0.0,0.0,45.121088,5113.687,1.976937,4.796108,1433.083,40.609,638.101,4199.183,0.0,-2327.831,-451.309,-11.999,100,True,-46.959082
KOBE_STEEL_JP,Kobe Steel,JP,5.96,14.3,DISCLOSED_PATH,DISCLOSED_PATH,PORT-ED997010A5D3,CAND-7994EC1E34FADB,P4,PORT-ED997010A5D3,93.684102,15219.838,162.45913,False,False,2040,0.1489979539999986,-0.1489979539999986,False,False,True,True,2028,0.0,0.012250011000000005,0.0,1,1,0.25216000000000005,0.6,0.8999999999999999,P4,균형형 전환,False,3997.29,2028,3118.5,164.173132,15380.412,15380.412,17507.786,93.684102,164.173132,198.961922,21140.398,18639.569,20766.942,3259.156,2525.597,24.768,0.0,186.881078,22.707945,190.867404,26.694272,0.0,0.0,0.0,0.0,0.0,93.684102,17507.786,6.76846,16.420487,2478.849,258.532,2188.778,16095.662,188.977,-3259.156,-2561.902,-9.326,100,True,111.306831
KOBE_STEEL_JP,Kobe Steel,JP,5.96,14.3,ACCELERATED_15C,DISCLOSED_PATH,PORT-ED997010A5D3,CAND-7994EC1E34FADB,P4,PORT-ED997010A5D3,93.684102,13960.332,149.01495,False,False,2040,3.128997953999999,-3.128997953999999,True,True,True,True,,0.0,0.0,0.0,1,1,0.25216000000000005,0.6,0.8999999999999999,P4,균형형 전환,False,3997.29,2028,3118.5,150.216778,14072.924,14072.924,16347.915,93.684102,150.216778,200.74434,22442.71,18806.553,21081.545,4733.629,3631.32,-4.837,0.0,174.500423,24.283645,189.029727,38.81295,0.0,0.0,0.0,0.0,0.0,93.684102,16347.915,6.320057,15.332649,2478.849,258.532,2377.379,17157.592,200.782,-4733.629,-3660.748,-5.832,100,True,25.249037
KOBE_STEEL_JP,Kobe Steel,JP,5.96,14.3,DISCLOSED_PATH,DISCLOSED_PATH,PORT-5EAB84C29074,CAND-88A58A95717947,P1,PORT-5EAB84C29074,85.5131,15223.673,178.027382,False,False,2040,0.1489979539999986,-0.1489979539999986,True,True,True,True,,0.0,0.0,0.0,1,1,0.25216000000000005,0.6,0.8999999999999999,P1,지연·현물조달,False,3997.29,2029,3118.5,180.227146,15411.782,15411.782,19629.303,85.5131,180.227146,215.174088,18992.745,18400.203,22617.724,2988.421,561.498,-31.043,-0.0,229.547319,49.320173,187.156397,6.929251,0.0,0.0,0.0,0.0,0.0,85.5131,19629.303,7.588632,18.41025,2203.273,232.512,1984.37,14567.119,0.0,-2988.421,-588.808,1.738,100,True,127.360845
KOBE_STEEL_JP,Kobe Steel,JP,5.96,14.3,ACCELERATED_15C,DISCLOSED_PATH,PORT-5EAB84C29074,CAND-88A58A95717947,P1,PORT-5EAB84C29074,85.5131,14931.22,174.607399,False,False,2040,3.128997953999999,-3.128997953999999,True,True,True,True,,0.0,0.0,0.0,1,1,0.25216000000000005,0.6,0.8999999999999999,P1,지연·현물조달,False,3997.29,2029,3118.5,176.404816,15084.923,15084.923,19627.845,85.5131,176.404816,227.464026,20196.587,19451.154,23994.077,4366.231,701.983,-43.45,0.0,229.530277,53.125461,185.121991,8.717175,0.0,0.0,0.0,0.0,0.0,85.5131,19627.845,7.588069,18.408883,2223.53,232.512,2186.599,15556.156,0.0,-4366.231,-745.436,-2.207,100,True,51.437075
KOBE_STEEL_JP,Kobe Steel,JP,5.96,14.3,DISCLOSED_PATH,DISCLOSED_PATH,PORT-5EAB84C29074,CAND-8D7AF2E68805C6,P3,PORT-5EAB84C29074,85.5131,14244.764,166.579905,False,False,2040,0.1489979539999986,-0.1489979539999986,True,True,True,True,,0.0,0.0,0.0,1,1,0.25216000000000005,0.6,0.8999999999999999,P3,균형형 라이트헤지,False,3997.29,2029,3118.5,168.14018,14378.188,14378.188,17282.293,85.5131,168.14018,203.087122,19004.207,17366.609,20270.714,2988.421,1632.341,-5.256,0.0,202.101118,33.960937,187.290436,19.150255,0.0,0.0,0.0,0.0,0.0,85.5131,17282.293,6.681285,16.208998,2176.484,232.512,2002.178,14522.211,74.057,-2988.421,-1639.995,-0.837,100,True,115.273879
KOBE_STEEL_JP,Kobe Steel,JP,5.96,14.3,ACCELERATED_15C,DISCLOSED_PATH,PORT-5EAB84C29074,CAND-8D7AF2E68805C6,P3,PORT-5EAB84C29074,85.5131,13435.753,157.119237,False,False,2040,3.128997953999999,-3.128997953999999,True,True,True,True,,0.0,0.0,0.0,1,1,0.25216000000000005,0.6,0.8999999999999999,P3,균형형 라이트헤지,False,3997.29,2029,3118.5,158.291519,13535.998,13535.998,16547.178,85.5131,158.291519,209.350728,20216.001,17902.23,20913.409,4366.231,2303.219,-10.552,-0.0,193.504598,35.21308,185.34902,27.057502,0.0,0.0,0.0,0.0,0.0,85.5131,16547.178,6.397092,15.519536,2176.484,232.512,2182.059,15548.662,78.779,-4366.231,-2307.224,-9.042,100,True,33.323778
KOBE_STEEL_JP,Kobe Steel,JP,5.96,14.3,DISCLOSED_PATH,DISCLOSED_PATH,PORT-661396C334A7,CAND-9D068D97FB272C,P2,PORT-661396C334A7,45.121088,3827.194,84.820518,False,False,2030,3.7213640190848984,-3.7213640190848984,True,True,True,True,,0.0,0.0,0.0,1,1,0.25216000000000005,0.6,0.8999999999999999,P2,지연·부분헤지,False,3925.79,2037,3019.5,85.142048,3841.702,3841.702,5063.068,45.121088,85.142048,120.00978,5874.715,5414.972,6636.338,1573.27,466.178,6.435,0.0,112.210678,27.068629,95.331138,10.18909,0.0,0.0,0.0,0.0,0.0,45.121088,5063.068,1.957368,4.748632,1694.935,40.609,551.132,3638.016,7.479,-1573.27,-522.462,5.263,100,True,32.275747
KOBE_STEEL_JP,Kobe Steel,JP,5.96,14.3,ACCELERATED_15C,DISCLOSED_PATH,PORT-661396C334A7,CAND-9D068D97FB272C,P2,PORT-661396C334A7,45.121088,3387.857,75.083668,False,False,2030,4.891364019084899,-4.891364019084899,True,True,True,True,,0.0,0.0,0.0,1,1,0.25216000000000005,0.6,0.8999999999999999,P2,지연·부분헤지,False,3925.79,2037,3019.5,74.700179,3370.553,3370.553,4732.162,45.121088,74.700179,126.290942,6329.322,5698.385,7059.993,2327.831,606.425,-24.512,0.0,104.876948,30.176769,88.683373,13.983194,0.0,0.0,0.0,0.0,0.0,45.121088,4732.162,1.82944,4.438277,1427.534,40.609,639.652,4202.253,7.969,-2327.831,-608.332,-11.3,100,True,-50.267562
KOBE_STEEL_JP,Kobe Steel,JP,5.96,14.3,DISCLOSED_PATH,DISCLOSED_PATH,PORT-D7B02E3224C4,CAND-B928C0FFDA3842,P1,PORT-D7B02E3224C4,76.663099,670.475,8.745735,False,False,2040,0.886498003999999,-0.886498003999999,True,True,True,True,,0.0,0.0,0.0,1,1,0.1609600000000001,0.6,0.42000000000000004,P1,지연·현물조달,False,2819.19,2029,1940.4,9.892548,758.393,758.393,1483.401,76.663099,9.892548,44.838251,3690.432,3437.439,4162.447,2679.046,258.543,5.551,0.0,19.349611,9.457063,13.192604,3.300055,0.0,0.0,0.0,0.0,0.0,76.663099,1483.401,0.573479,1.391276,1191.079,80.948,2441.698,0.0,0.0,-2679.046,-274.394,-1.892,100,True,-42.973753
KOBE_STEEL_JP,Kobe Steel,JP,5.96,14.3,ACCELERATED_15C,DISCLOSED_PATH,PORT-D7B02E3224C4,CAND-B928C0FFDA3842,P1,PORT-D7B02E3224C4,76.663099,-394.351,-5.143954,False,False,2035,3.8664980039999994,-3.8664980039999994,True,True,True,True,,0.0,0.0,0.0,1,1,0.1609600000000001,0.6,0.42000000000000004,P1,지연·현물조달,False,2819.19,2029,1940.4,-4.272923,-327.576,-327.576,472.235,76.663099,-4.272923,46.795558,3911.299,3587.493,4387.303,3915.068,310.428,-13.379,0.0,6.159868,10.432792,-0.049159,4.223765,0.0,0.0,0.0,0.0,0.0,76.663099,472.235,0.182565,0.442907,1394.539,80.948,2509.026,0.0,0.0,-3915.068,-391.471,-5.549,100,True,-129.240664
KOBE_STEEL_JP,Kobe Steel,JP,5.96,14.3,DISCLOSED_PATH,DISCLOSED_PATH,PORT-0CA13428C264,CAND-E9169FB41B03EE,P1,PORT-0CA13428C264,42.211089,-154.017,-3.648723,False,False,2030,3.7213640190848984,-3.7213640190848984,True,True,True,True,,0.0,0.0,0.0,1,1,0.1609600000000001,0.6,0.42000000000000004,P1,지연·현물조달,False,2785.09,2037,1878.8,-2.859169,-120.689,-120.689,208.975,42.211089,-2.859169,32.013303,1508.789,1351.316,1680.98,1472.005,163.888,6.415,0.0,4.95072,7.809889,0.871434,3.730603,0.0,0.0,0.0,0.0,0.0,42.211089,208.975,0.080789,0.195997,828.584,0.988,694.697,0.0,0.0,-1472.005,-172.915,-0.037,100,True,-55.72547
KOBE_STEEL_JP,Kobe Steel,JP,5.96,14.3,ACCELERATED_15C,DISCLOSED_PATH,PORT-0CA13428C264,CAND-E9169FB41B03EE,P1,PORT-0CA13428C264,42.211089,-805.681,-19.086944,False,False,2030,4.891364019084899,-4.891364019084899,True,True,True,True,,0.0,0.0,0.0,1,1,0.1609600000000001,0.6,0.42000000000000004,P1,지연·현물조달,False,2785.09,2037,1878.8,-18.386365,-776.109,-776.109,-442.182,42.211089,-18.386365,33.174322,1595.329,1400.324,1734.25,2176.433,196.814,1.809,0.0,-10.475505,7.91086,-13.766622,4.619744,0.0,0.0,0.0,0.0,0.0,42.211089,-442.182,-0.170946,-0.414721,917.847,0.988,718.379,0.0,0.0,-2176.433,-238.586,1.696,100,True,-143.354106
KOBE_STEEL_JP,Kobe Steel,JP,5.96,14.3,DISCLOSED_PATH,DISCLOSED_PATH,PORT-B0BA3BE7A418,CAND-F3EC79559B1773,P1,PORT-B0BA3BE7A418,25.333096,-620.778,-24.504632,False,False,2030,5.163998293999999,-5.163998293999999,True,True,True,True,,0.0,0.0,0.0,1,1,0.12448000000000004,0.6,0.26,P1,지연·현물조달,False,1745.04,2029,866.25,-24.004557,-608.11,-608.11,-569.943,25.333096,-24.004557,10.916889,277.661,276.559,314.726,884.668,1.29,0.188,0.0,-22.497947,1.506609,-23.961029,0.043527,0.0,0.0,0.0,0.0,0.0,25.333096,-569.943,-0.220338,-0.534547,249.727,-27.312,55.718,0.0,0.0,-884.668,-1.098,-0.476,100,True,-76.870858
KOBE_STEEL_JP,Kobe Steel,JP,5.96,14.3,ACCELERATED_15C,DISCLOSED_PATH,PORT-B0BA3BE7A418,CAND-F3EC79559B1773,P1,PORT-B0BA3BE7A418,25.333096,-1029.264,-40.629229,False,False,2030,8.143998294,-8.143998294,True,True,True,True,,0.0,0.0,0.0,1,1,0.12448000000000004,0.6,0.26,P1,지연·현물조달,False,1745.04,2029,866.25,-40.134685,-1016.736,-1016.736,-978.608,25.333096,-40.134685,11.115312,283.056,281.585,319.713,1298.321,1.721,0.25,0.0,-38.629637,1.505048,-40.076649,0.058036,0.0,0.0,0.0,0.0,0.0,25.333096,-978.608,-0.378327,-0.917833,249.727,-27.312,61.086,0.0,0.0,-1298.321,-1.464,-0.452,100,True,-165.102426
