company_id,company_name,country_code,reported_production_mt,reported_scope12_emissions_mtco2,scenario_id,portfolio_origin_scenario_id,portfolio_id,candidate_id,template_plan_id,physical_portfolio_id,common_avoided_emissions_mtco2,deterministic_economic_npv_bn_krw,deterministic_cost_common_kkrw_per_tco2,carbon_budget_feasible,scenario_feasible,first_budget_breach_year,max_annual_budget_excess_mtco2,minimum_annual_budget_margin_mtco2,physical_constraints_feasible,resource_constraints_feasible,construction_concurrency_feasible,failure_risk_constraint_feasible,first_resource_breach_year,max_scrap_supply_excess_mt,max_hydrogen_supply_excess_mt,max_incremental_grid_excess_twh,max_concurrent_construction_projects,concurrent_construction_limit,portfolio_failure_probability,portfolio_failure_probability_limit,expected_failure_delay_years,plan_id,plan_name,is_disclosed_plan,aligned_capex_bn_krw,peak_capex_year,peak_capex_bn_krw,expected_cost_p50_kkrw_per_tco2,expected_cost_p50_bn_krw,absolute_npv_p50_bn_krw,absolute_npv_p90_bn_krw,scenario_avoided_emissions_mtco2,net_economic_cost_p50_kkrw_per_tco2_common_denominator,net_cash_cost_after_support_p50_kkrw_per_tco2_common_denominator,cash_cost_before_support_p50_bn_krw,net_cash_cost_after_support_p50_bn_krw,net_cash_cost_after_support_p90_bn_krw,avoided_carbon_cost_value_p50_bn_krw,policy_support_value_p50_bn_krw,cash_policy_p50_nonadditivity_bn_krw,economic_cost_p50_identity_delta_bn_krw,p90_cost_kkrw_per_tco2,tcar_kkrw_per_tco2,gross_cost_p50_kkrw_per_tco2,policy_support_dependence_kkrw_per_tco2,electricity_variance_share,hydrogen_variance_share,capex_variance_share,policy_uncertainty_exposure_kkrw_per_tco2,flexibility_value_kkrw_per_tco2,avoided_emissions_mtco2,p90_net_cost_bn_krw,p90_cost_to_ebitda_x,p90_cost_to_annual_capex_x,capex_cost_p50_bn_krw,fixed_opex_cost_p50_bn_krw,electricity_cost_p50_bn_krw,hydrogen_cost_p50_bn_krw,contract_premium_p50_bn_krw,carbon_value_p50_bn_krw,policy_support_p50_bn_krw,component_reconciliation_p50_bn_krw,candidate_path_count,is_generated_candidate,scenario_regret_p50_kkrw_per_tco2
POSCO_KR,POSCO,KR,34.537,69.84605,DISCLOSED_PATH,DISCLOSED_PATH,PORT-8826D0B469EE,CAND-6339E6B83A8408,P3,PORT-8826D0B469EE,429.154227,26569.752,61.911896,True,True,,0.0,2.0275124185786808e-05,True,True,True,True,,0.0,0.0,0.0,3,3,0.459336608,0.65,2.02,P3,균형형 라이트헤지,False,27588.0,2037,9270.0,62.867879,26980.016,26980.016,32265.822,429.154227,62.867879,99.1166,46399.457,42536.308,47822.113,15556.292,3839.429,-23.72,0.0,75.184676,12.316797,71.869653,9.001773,0.0,0.0,0.0,0.0,0.0,429.154227,32265.822,7.627854,13.649298,12931.205,1500.071,9663.01,22111.586,191.41,-15556.292,-3862.395,1.422,100,True,53.52486
POSCO_KR,POSCO,KR,34.537,69.84605,ACCELERATED_15C,DISCLOSED_PATH,PORT-8826D0B469EE,CAND-6339E6B83A8408,P3,PORT-8826D0B469EE,429.154227,21116.24,49.204315,True,True,,0.0,2.0275124185786808e-05,True,True,True,True,,0.0,0.0,0.0,3,3,0.459336608,0.65,2.02,P3,균형형 라이트헤지,False,27588.0,2037,9270.0,50.191164,21539.75,21539.75,27103.852,429.154227,50.191164,103.15455,49655.085,44269.211,49833.313,22729.461,5357.902,-27.971,-0.0,63.156437,12.965273,62.741136,12.549972,0.0,0.0,0.0,0.0,0.0,429.154227,27103.852,6.40753,11.465648,12931.205,1500.071,10745.099,24255.429,204.242,-22729.461,-5365.076,-1.759,100,True,31.21167
POSCO_KR,POSCO,KR,34.537,69.84605,DISCLOSED_PATH,DISCLOSED_PATH,PORT-8826D0B469EE,CAND-82FF2AA13BA34C,P2,PORT-8826D0B469EE,429.154227,27287.38,63.584089,True,True,,0.0,2.0275124185786808e-05,True,True,True,True,,0.0,0.0,0.0,3,3,0.459336608,0.65,2.02,P2,지연·부분헤지,False,27588.0,2037,9270.0,64.751898,27788.551,27788.551,34394.847,429.154227,64.751898,101.000619,46375.555,43344.843,49951.139,15556.292,2989.19,-41.522,0.0,80.145656,15.393758,71.813956,7.062058,0.0,0.0,0.0,0.0,0.0,429.154227,34394.847,8.13117,14.549932,13069.844,1500.071,9322.47,22533.257,61.239,-15556.292,-3135.757,-6.281,100,True,55.408879
POSCO_KR,POSCO,KR,34.537,69.84605,ACCELERATED_15C,DISCLOSED_PATH,PORT-8826D0B469EE,CAND-82FF2AA13BA34C,P2,PORT-8826D0B469EE,429.154227,22213.621,51.761393,True,True,,0.0,2.0275124185786808e-05,True,True,True,True,,0.0,0.0,0.0,3,3,0.459336608,0.65,2.02,P2,지연·부분헤지,False,27588.0,2037,9270.0,52.993645,22742.447,22742.447,29866.163,429.154227,52.993645,105.957031,49636.378,45471.908,52595.624,22729.461,4102.267,-62.203,0.0,69.593077,16.599432,62.697547,9.703902,0.0,0.0,0.0,0.0,0.0,429.154227,29866.163,7.060559,12.634179,12140.275,1500.071,10345.411,25490.892,64.983,-22729.461,-4039.294,-30.431,100,True,34.014151
POSCO_KR,POSCO,KR,34.537,69.84605,DISCLOSED_PATH,DISCLOSED_PATH,PORT-8826D0B469EE,CAND-C9724A8933A429,P1,PORT-8826D0B469EE,429.154227,27787.608,64.749702,True,True,,0.0,2.0275124185786808e-05,True,True,True,True,,0.0,0.0,0.0,3,3,0.459336608,0.65,2.02,P1,지연·현물조달,False,27588.0,2037,9270.0,66.07074,28354.537,28354.537,35942.092,429.154227,66.07074,102.319461,46406.222,43910.829,51498.384,15556.292,2414.718,-80.675,0.0,83.750992,17.680251,71.885416,5.814676,0.0,0.0,0.0,0.0,0.0,429.154227,35942.092,8.496948,15.204458,13177.796,1500.071,9772.8,21966.035,0.0,-15556.292,-2505.144,-0.728,100,True,56.727721
POSCO_KR,POSCO,KR,34.537,69.84605,ACCELERATED_15C,DISCLOSED_PATH,PORT-8826D0B469EE,CAND-C9724A8933A429,P1,PORT-8826D0B469EE,429.154227,22967.067,53.517047,True,True,,0.0,2.0275124185786808e-05,True,True,True,True,,0.0,0.0,0.0,3,3,0.459336608,0.65,2.02,P1,지연·현물조달,False,27588.0,2037,9270.0,54.946896,23580.693,23580.693,31906.36,429.154227,54.946896,107.910283,49658.376,46310.154,54635.821,22729.461,3272.898,-75.324,-0.0,74.347071,19.400175,62.748805,7.801909,0.0,0.0,0.0,0.0,0.0,429.154227,31906.36,7.542875,13.497236,12121.551,1500.071,10321.729,25580.659,0.0,-22729.461,-3173.873,-39.983,100,True,35.967402
POSCO_KR,POSCO,KR,34.537,69.84605,DISCLOSED_PATH,DISCLOSED_PATH,PORT-96133A6427FE,CAND-921D50D4015721,P3,PORT-96133A6427FE,430.20423,28331.133,65.855078,True,True,,0.0,2.0275124185786808e-05,True,True,True,True,,0.0,0.0,0.0,2,3,0.45933660799999987,0.65,2.02,P3,균형형 라이트헤지,False,26602.0,2037,9270.0,67.044232,28842.712,28842.712,33761.231,430.20423,67.044232,103.301283,48333.279,44440.649,49359.167,15597.937,3942.189,49.559,-0.0,78.477217,11.432985,76.092562,9.04833,0.0,0.0,0.0,0.0,0.0,430.20423,33761.231,7.981378,14.281896,11924.625,1534.895,9319.026,25345.639,197.705,-15597.937,-3875.441,-5.799,100,True,57.701213
POSCO_KR,POSCO,KR,34.537,69.84605,ACCELERATED_15C,DISCLOSED_PATH,PORT-96133A6427FE,CAND-921D50D4015721,P3,PORT-96133A6427FE,430.20423,22859.063,53.135375,True,True,,0.0,2.0275124185786808e-05,True,True,True,True,,0.0,0.0,0.0,2,3,0.45933660799999987,0.65,2.02,P3,균형형 라이트헤지,False,26602.0,2037,9270.0,54.477009,23436.24,23436.24,28632.169,430.20423,54.477009,107.43665,51608.983,46219.701,51415.63,22783.461,5493.316,104.034,0.0,66.554829,12.077819,67.004273,12.527264,0.0,0.0,0.0,0.0,0.0,430.20423,28632.169,6.768834,12.112167,12059.518,1534.895,11008.469,26788.674,210.636,-22783.461,-5358.235,-24.256,100,True,35.497515
POSCO_KR,POSCO,KR,34.537,69.84605,DISCLOSED_PATH,DISCLOSED_PATH,PORT-96133A6427FE,CAND-4EF614D30D6D91,P2,PORT-96133A6427FE,430.20423,29134.516,67.722522,True,True,,0.0,2.0275124185786808e-05,True,True,True,True,,0.0,0.0,0.0,2,3,0.45933660799999987,0.65,2.02,P2,지연·부분헤지,False,26602.0,2037,9270.0,69.217302,29777.576,29777.576,35908.048,430.20423,69.217302,105.474354,48295.469,45375.513,51505.985,15597.937,2989.811,69.855,0.0,83.467445,14.250143,76.004673,6.787371,0.0,0.0,0.0,0.0,0.0,430.20423,35908.048,8.4889,15.190057,11914.274,1534.895,9312.341,25466.022,62.708,-15597.937,-2905.283,-9.442,100,True,59.874283
POSCO_KR,POSCO,KR,34.537,69.84605,ACCELERATED_15C,DISCLOSED_PATH,PORT-96133A6427FE,CAND-4EF614D30D6D91,P2,PORT-96133A6427FE,430.20423,24083.473,55.981487,True,True,,0.0,2.0275124185786808e-05,True,True,True,True,,0.0,0.0,0.0,2,3,0.45933660799999987,0.65,2.02,P2,지연·부분헤지,False,26602.0,2037,9270.0,57.661577,24806.254,24806.254,31398.373,430.20423,57.661577,110.621217,51582.78,47589.716,54181.835,22783.461,4115.224,122.16,0.0,72.984808,15.323231,66.943364,9.281787,0.0,0.0,0.0,0.0,0.0,430.20423,31398.373,7.422783,13.282345,12080.295,1534.895,11134.219,26765.116,66.478,-22783.461,-3983.359,-7.928,100,True,38.682083
POSCO_KR,POSCO,KR,34.537,69.84605,DISCLOSED_PATH,DISCLOSED_PATH,PORT-96133A6427FE,CAND-44C957BBFA61A4,P1,PORT-96133A6427FE,430.20423,29693.364,69.021552,True,True,,0.0,2.0275124185786808e-05,True,True,True,True,,0.0,0.0,0.0,2,3,0.45933660799999987,0.65,2.02,P1,지연·현물조달,False,26602.0,2037,9270.0,70.742734,30433.823,30433.823,37533.496,430.20423,70.742734,106.999785,48343.813,46031.76,53131.433,15597.937,2347.536,35.483,0.0,87.245762,16.503028,76.117049,5.374315,0.0,0.0,0.0,0.0,0.0,430.20423,37533.496,8.873167,15.877664,11911.564,1534.895,9568.075,25276.016,0.0,-15597.937,-2264.709,5.92,100,True,61.399715
POSCO_KR,POSCO,KR,34.537,69.84605,ACCELERATED_15C,DISCLOSED_PATH,PORT-96133A6427FE,CAND-44C957BBFA61A4,P1,PORT-96133A6427FE,430.20423,24922.922,57.932769,True,True,,0.0,2.0275124185786808e-05,True,True,True,True,,0.0,0.0,0.0,2,3,0.45933660799999987,0.65,2.02,P1,지연·현물조달,False,26602.0,2037,9270.0,59.897669,25768.23,25768.23,33476.996,430.20423,59.897669,112.857309,51615.372,48551.692,56260.457,22783.461,3180.297,116.618,-0.0,77.816519,17.91885,67.019123,7.121454,0.0,0.0,0.0,0.0,0.0,430.20423,33476.996,7.914183,14.161657,11907.372,1534.895,10400.603,27749.453,0.0,-22783.461,-3054.619,13.988,100,True,40.918175
POSCO_KR,POSCO,KR,34.537,69.84605,DISCLOSED_PATH,DISCLOSED_PATH,PORT-A620DB8F058C,CAND-1205E8D72A4654,P3,PORT-A620DB8F058C,434.951232,32983.849,75.833442,True,True,,0.0,2.0275124185786808e-05,True,True,True,True,,0.0,0.0,0.0,3,3,0.45933660799999987,0.65,2.02,P3,균형형 라이트헤지,False,26602.0,2035,9270.0,77.313671,33627.676,33627.676,39398.304,434.951232,77.313671,113.576596,53769.381,49400.281,55170.908,15772.604,4346.641,-22.459,-0.0,90.580968,13.267298,87.358706,10.045035,0.0,0.0,0.0,0.0,0.0,434.951232,39398.304,9.31402,16.666527,12391.166,1610.686,9560.341,29947.02,217.093,-15772.604,-4293.352,-32.673,100,True,67.970652
POSCO_KR,POSCO,KR,34.537,69.84605,ACCELERATED_15C,DISCLOSED_PATH,PORT-A620DB8F058C,CAND-1205E8D72A4654,P3,PORT-A620DB8F058C,434.951232,27648.537,63.566982,True,True,,0.0,2.0275124185786808e-05,True,True,True,True,,0.0,0.0,0.0,3,3,0.45933660799999987,0.65,2.02,P3,균형형 라이트헤지,False,26602.0,2035,9270.0,65.263079,28386.257,28386.257,34567.256,434.951232,65.263079,118.23377,57425.844,51425.924,57606.923,23039.667,6088.95,89.03,0.0,79.473866,14.210787,79.057545,13.794466,0.0,0.0,0.0,0.0,0.0,434.951232,34567.256,8.171928,14.622866,12391.166,1610.686,10658.28,32611.064,231.463,-23039.667,-6018.773,-57.962,100,True,46.283585
POSCO_KR,POSCO,KR,34.537,69.84605,DISCLOSED_PATH,DISCLOSED_PATH,PORT-A620DB8F058C,CAND-0CC63FAC54D3C0,P2,PORT-A620DB8F058C,434.951232,33966.321,78.092252,True,True,,0.0,2.0275124185786808e-05,True,True,True,True,,0.0,0.0,0.0,3,3,0.45933660799999987,0.65,2.02,P2,지연·부분헤지,False,26602.0,2035,9270.0,79.929221,34765.313,34765.313,42005.969,434.951232,79.929221,116.192147,53779.476,50537.918,57778.573,15772.604,3176.686,-64.872,-0.0,96.576272,16.647051,87.381915,7.452694,0.0,0.0,0.0,0.0,0.0,434.951232,42005.969,9.930489,17.769639,12440.434,1610.686,9635.222,29978.507,67.961,-15772.604,-3157.246,-37.647,100,True,70.586202
POSCO_KR,POSCO,KR,34.537,69.84605,ACCELERATED_15C,DISCLOSED_PATH,PORT-A620DB8F058C,CAND-0CC63FAC54D3C0,P2,PORT-A620DB8F058C,434.951232,29139.23,66.994246,True,True,,0.0,2.0275124185786808e-05,True,True,True,True,,0.0,0.0,0.0,3,3,0.45933660799999987,0.65,2.02,P2,지연·부분헤지,False,26602.0,2035,9270.0,69.190527,30094.505,30094.505,37948.993,434.951232,69.190527,122.161218,57454.981,53134.172,60988.66,23039.667,4398.27,77.461,0.0,87.248845,18.058318,79.124534,9.934007,0.0,0.0,0.0,0.0,0.0,434.951232,37948.993,8.971393,16.05343,14394.974,1610.686,10455.412,31457.739,72.11,-23039.667,-4844.203,-12.547,100,True,50.211033
POSCO_KR,POSCO,KR,34.537,69.84605,DISCLOSED_PATH,DISCLOSED_PATH,PORT-A620DB8F058C,CAND-F5CF3CBE63EF2D,P1,PORT-A620DB8F058C,434.951232,34647.983,79.659466,True,True,,0.0,2.0275124185786808e-05,True,True,True,True,,0.0,0.0,0.0,3,3,0.45933660799999987,0.65,2.02,P1,지연·현물조달,False,26602.0,2035,9270.0,81.762687,35562.781,35562.781,43925.263,434.951232,81.762687,118.025612,53830.377,51335.385,59697.867,15772.604,2400.92,-94.071,0.0,100.988938,19.226251,87.498942,5.736255,0.0,0.0,0.0,0.0,0.0,434.951232,43925.263,10.384223,18.581551,12473.278,1610.686,9710.103,29999.498,0.0,-15772.604,-2401.802,-56.378,100,True,72.419668
POSCO_KR,POSCO,KR,34.537,69.84605,ACCELERATED_15C,DISCLOSED_PATH,PORT-A620DB8F058C,CAND-F5CF3CBE63EF2D,P1,PORT-A620DB8F058C,434.951232,30159.483,69.339919,True,True,,0.0,2.0275124185786808e-05,True,True,True,True,,0.0,0.0,0.0,3,3,0.45933660799999987,0.65,2.02,P1,지연·현물조달,False,26602.0,2035,9270.0,71.888827,31268.134,31268.134,40417.879,434.951232,71.888827,124.859518,57504.201,54307.801,63457.546,23039.667,3254.464,58.064,0.0,92.925082,21.036255,79.237695,7.348868,0.0,0.0,0.0,0.0,0.0,434.951232,40417.879,9.555054,17.097835,12473.278,1610.686,10826.179,32696.463,0.0,-23039.667,-3254.418,-44.387,100,True,52.909333
POSCO_KR,POSCO,KR,34.537,69.84605,DISCLOSED_PATH,DISCLOSED_PATH,PORT-66E75B54664A,CAND-7D117A922A194C,P5,PORT-66E75B54664A,505.60626,45805.939,90.596068,True,True,,0.0,2.0275124185786808e-05,True,True,True,True,,0.0,0.0,0.0,3,3,0.5181043679999999,0.65,2.5,P5,조기 계약형 전환,False,30104.0,2036,9270.0,91.134682,46078.266,46078.266,49751.176,505.60626,91.134682,127.395488,74605.971,64411.956,68084.866,18333.69,10219.396,25.382,0.0,98.39905,7.264368,111.296645,20.161963,0.0,0.0,0.0,0.0,0.0,505.60626,49751.176,11.761507,21.046067,15474.964,2046.417,10280.758,45667.569,1168.105,-18333.69,-10220.334,-5.522,100,True,81.791663
POSCO_KR,POSCO,KR,34.537,69.84605,ACCELERATED_15C,DISCLOSED_PATH,PORT-66E75B54664A,CAND-7D117A922A194C,P5,PORT-66E75B54664A,505.60626,38239.862,75.631703,True,True,,0.0,2.0275124185786808e-05,True,True,True,True,,0.0,0.0,0.0,3,3,0.5181043679999999,0.65,2.5,P5,조기 계약형 전환,False,30104.0,2036,9270.0,76.278552,38566.913,38566.913,42167.475,505.60626,76.278552,129.071467,79793.453,65259.342,68859.904,26692.429,14597.904,63.793,-0.0,83.399828,7.121276,105.024459,28.745908,0.0,0.0,0.0,0.0,0.0,505.60626,42167.475,9.96867,17.83796,13250.2,2046.417,12013.701,51166.019,1252.055,-26692.429,-14480.401,11.35,100,True,57.299058
POSCO_KR,POSCO,KR,34.537,69.84605,DISCLOSED_PATH,DISCLOSED_PATH,PORT-66E75B54664A,CAND-00B5592B22DA24,P4,PORT-66E75B54664A,505.60626,47712.268,94.36645,True,True,,0.0,2.0275124185786808e-05,True,True,True,True,,0.0,0.0,0.0,3,3,0.5181043679999999,0.65,2.5,P4,균형형 전환,False,30104.0,2036,9270.0,95.42579,48247.877,48247.877,54349.099,505.60626,95.42579,131.686596,74241.786,66581.567,72682.79,18333.69,7828.744,168.526,-0.0,107.492932,12.067142,110.576352,15.150561,0.0,0.0,0.0,0.0,0.0,505.60626,54349.099,12.848487,22.99111,13685.856,2046.417,10799.556,47041.463,664.921,-18333.69,-7670.576,13.93,100,True,86.082771
POSCO_KR,POSCO,KR,34.537,69.84605,ACCELERATED_15C,DISCLOSED_PATH,PORT-66E75B54664A,CAND-00B5592B22DA24,P4,PORT-66E75B54664A,505.60626,41224.578,81.534944,True,True,,0.0,2.0275124185786808e-05,True,True,True,True,,0.0,0.0,0.0,3,3,0.5181043679999999,0.65,2.5,P4,균형형 전환,False,30104.0,2036,9270.0,82.777139,41852.64,41852.64,48096.903,505.60626,82.777139,135.570055,79547.684,68545.068,74789.332,26692.429,11092.583,89.967,-0.0,95.127191,12.350052,104.538372,21.761233,0.0,0.0,0.0,0.0,0.0,505.60626,48096.903,11.370426,20.346266,14246.463,2046.417,12113.377,50444.345,711.767,-26692.429,-10924.031,-93.269,100,True,63.797645
POSCO_KR,POSCO,KR,34.537,69.84605,DISCLOSED_PATH,DISCLOSED_PATH,PORT-077F7C54FB04,CAND-DDC1E605504409,P3,PORT-077F7C54FB04,444.454229,42079.057,94.675795,True,True,,0.0,2.0275124185786808e-05,True,True,True,True,,0.0,0.0,0.0,3,3,0.5181043679999999,0.65,2.5,P3,균형형 라이트헤지,False,30104.0,2037,9270.0,96.382341,42837.539,42837.539,50246.151,444.454229,96.382341,132.637358,64301.415,58951.235,66359.847,16113.696,5430.349,80.169,-0.0,113.051351,16.66901,108.41998,12.037639,0.0,0.0,0.0,0.0,0.0,444.454229,50246.151,11.878523,21.255454,13545.812,1740.073,9541.377,39195.18,258.476,-16113.696,-5258.069,-71.614,100,True,87.039322
POSCO_KR,POSCO,KR,34.537,69.84605,ACCELERATED_15C,DISCLOSED_PATH,PORT-077F7C54FB04,CAND-DDC1E605504409,P3,PORT-077F7C54FB04,444.454229,36961.099,83.160643,True,True,,0.0,2.0275124185786808e-05,True,True,True,True,,0.0,0.0,0.0,3,3,0.5181043679999999,0.65,2.5,P3,균형형 라이트헤지,False,30104.0,2037,9270.0,85.001949,37779.476,37779.476,45842.191,444.454229,85.001949,137.975856,68812.162,61323.953,69386.668,23544.477,7625.915,137.705,-0.0,103.142658,18.14071,101.850049,16.848101,0.0,0.0,0.0,0.0,0.0,444.454229,45842.191,10.837397,19.392462,13858.202,1740.073,10455.041,42485.205,275.943,-23544.477,-7486.15,-4.36,100,True,66.022455
POSCO_KR,POSCO,KR,34.537,69.84605,DISCLOSED_PATH,DISCLOSED_PATH,PORT-077F7C54FB04,CAND-E3FBD935777392,P2,PORT-077F7C54FB04,444.454229,43357.284,97.55174,True,True,,0.0,2.0275124185786808e-05,True,True,True,True,,0.0,0.0,0.0,3,3,0.5181043679999999,0.65,2.5,P2,지연·부분헤지,False,30104.0,2037,9270.0,99.70855,44315.887,44315.887,53613.167,444.454229,99.70855,135.963568,64275.088,60429.583,69726.863,16113.696,3946.378,100.872,-0.0,120.62697,20.918419,108.360747,8.652197,0.0,0.0,0.0,0.0,0.0,444.454229,53613.167,12.674508,22.679791,14176.772,1740.073,8613.661,39692.222,80.028,-16113.696,-3958.199,85.026,100,True,90.365531
POSCO_KR,POSCO,KR,34.537,69.84605,ACCELERATED_15C,DISCLOSED_PATH,PORT-077F7C54FB04,CAND-E3FBD935777392,P2,PORT-077F7C54FB04,444.454229,38895.052,87.511941,True,True,,0.0,2.0275124185786808e-05,True,True,True,True,,0.0,0.0,0.0,3,3,0.5181043679999999,0.65,2.5,P2,지연·부분헤지,False,30104.0,2037,9270.0,89.88553,39950.004,39950.004,50274.152,444.454229,89.88553,142.859437,68785.251,63494.481,73818.629,23544.477,5495.554,204.783,-0.0,113.114351,23.228821,101.789502,11.903972,0.0,0.0,0.0,0.0,0.0,444.454229,50274.152,11.885142,21.267299,12726.782,1740.073,10436.534,43588.493,84.993,-23544.477,-5060.361,-22.033,100,True,70.906036
POSCO_KR,POSCO,KR,34.537,69.84605,DISCLOSED_PATH,DISCLOSED_PATH,PORT-077F7C54FB04,CAND-A6713428AA1463,P1,PORT-077F7C54FB04,444.454229,44242.217,99.542796,True,True,,0.0,2.0275124185786808e-05,True,True,True,True,,0.0,0.0,0.0,3,3,0.5181043679999999,0.65,2.5,P1,지연·현물조달,False,30104.0,2037,9270.0,102.044267,45354.006,45354.006,56117.808,444.454229,102.044267,138.299284,64306.698,61467.702,72231.503,16113.696,2948.666,109.67,0.0,126.262288,24.218021,108.431868,6.387601,0.0,0.0,0.0,0.0,0.0,444.454229,56117.808,13.266621,23.739321,13363.562,1740.073,9788.217,39413.315,0.0,-16113.696,-2712.59,-124.875,100,True,92.701248
POSCO_KR,POSCO,KR,34.537,69.84605,ACCELERATED_15C,DISCLOSED_PATH,PORT-077F7C54FB04,CAND-A6713428AA1463,P1,PORT-077F7C54FB04,444.454229,40216.743,90.48568,True,True,,0.0,2.0275124185786808e-05,True,True,True,True,,0.0,0.0,0.0,3,3,0.5181043679999999,0.65,2.5,P1,지연·현물조달,False,30104.0,2037,9270.0,93.315895,41474.644,41474.644,53471.414,444.454229,93.315895,146.289802,68815.64,65019.121,77015.891,23544.477,4010.176,213.657,0.0,120.308032,26.992138,101.857875,8.54198,0.0,0.0,0.0,0.0,0.0,444.454229,53471.414,12.640996,22.619826,13796.102,1740.073,10655.394,42656.22,0.0,-23544.477,-3871.49,42.823,100,True,74.336401
POSCO_KR,POSCO,KR,34.537,69.84605,DISCLOSED_PATH,DISCLOSED_PATH,PORT-0E469489028A,CAND-2F5D03A613EDBE,P1,PORT-0E469489028A,261.543846,2124.876,8.124359,True,True,,0.0,2.0275124185786808e-05,True,True,True,True,,0.0,0.0,0.0,2,3,0.2589598719999999,0.65,0.7399999999999999,P1,지연·현물조달,False,15097.0,2035,5768.0,9.343019,2443.609,2443.609,3927.261,261.543846,9.343019,45.620559,12660.256,11931.776,13415.428,9488.167,711.392,-17.089,0.0,15.015689,5.67267,12.128327,2.785308,0.0,0.0,0.0,0.0,0.0,261.543846,3927.261,0.92843,1.661336,5632.382,901.658,6167.879,0.0,0.0,-9488.167,-769.83,-0.314,100,True,0.0
POSCO_KR,POSCO,KR,34.537,69.84605,ACCELERATED_15C,DISCLOSED_PATH,PORT-0E469489028A,CAND-2F5D03A613EDBE,P1,PORT-0E469489028A,261.543846,-1733.653,-6.628536,False,False,2035,19.084092670000008,-19.084092670000008,True,True,True,True,,0.0,0.0,0.0,2,3,0.2589598719999999,0.65,0.7399999999999999,P1,지연·현물조달,False,15097.0,2035,5768.0,-5.355377,-1400.666,-1400.666,203.237,261.543846,-5.355377,47.441305,13384.353,12407.981,14011.884,13808.647,949.847,-26.524,0.0,0.777065,6.132441,-1.622267,3.73311,0.0,0.0,0.0,0.0,0.0,261.543846,203.237,0.048046,0.085974,5248.49,901.658,7215.708,0.0,0.0,-13808.647,-941.125,-16.75,100,True,-24.334871
POSCO_KR,POSCO,KR,34.537,69.84605,DISCLOSED_PATH,DISCLOSED_PATH,PORT-41705C04BF44,CAND-63781C106D5099,P1,PORT-41705C04BF44,234.011233,2160.761,9.233578,True,True,,0.0,2.0275124185786808e-05,True,True,True,True,,0.0,0.0,0.0,2,3,0.2589598719999999,0.65,0.7399999999999999,P1,지연·현물조달,False,15097.0,2037,5768.0,10.234145,2394.905,2394.905,3768.899,234.011233,10.234145,46.450767,11499.477,10870.001,12243.996,8475.096,684.924,55.449,0.0,16.105633,5.871488,12.924083,2.689938,0.0,0.0,0.0,0.0,0.0,234.011233,3768.899,0.890993,1.594344,4920.569,847.521,5702.458,0.0,0.0,-8475.096,-647.849,47.302,100,True,0.891126
POSCO_KR,POSCO,KR,34.537,69.84605,ACCELERATED_15C,DISCLOSED_PATH,PORT-41705C04BF44,CAND-63781C106D5099,P1,PORT-41705C04BF44,234.011233,-1300.659,-5.558105,False,False,2035,19.079746585000006,-19.079746585000006,True,True,True,True,,0.0,0.0,0.0,2,3,0.2589598719999999,0.65,0.7399999999999999,P1,지연·현물조달,False,15097.0,2037,5768.0,-4.572284,-1069.966,-1069.966,423.884,234.011233,-4.572284,48.086095,12134.645,11252.686,12746.536,12322.652,914.33,32.372,-0.0,1.811381,6.383665,-0.803412,3.768872,0.0,0.0,0.0,0.0,0.0,234.011233,423.884,0.100209,0.179314,4920.569,847.521,6342.781,0.0,0.0,-12322.652,-864.963,6.778,100,True,-23.551778
POSCO_KR,POSCO,KR,34.537,69.84605,DISCLOSED_PATH,DISCLOSED_PATH,PORT-DE64C6FAC717,CAND-455C0CE17360E6,P1,PORT-DE64C6FAC717,184.421263,1943.402,10.537843,True,True,,0.0,2.0275124185786808e-05,True,True,True,True,,0.0,0.0,0.0,2,3,0.25895987200000004,0.65,0.7399999999999999,P1,지연·현물조달,False,15748.0,2037,5768.0,10.63976,1962.198,1962.198,3601.93,184.421263,10.63976,46.762005,9209.494,8623.908,10263.64,6661.71,618.135,32.549,-0.0,19.530993,8.891233,13.815024,3.175264,0.0,0.0,0.0,0.0,0.0,184.421263,3601.93,0.85152,1.523712,4752.884,715.17,3743.087,0.0,0.0,-6661.71,-594.559,7.326,100,True,1.296741
POSCO_KR,POSCO,KR,34.537,69.84605,ACCELERATED_15C,DISCLOSED_PATH,PORT-DE64C6FAC717,CAND-455C0CE17360E6,P1,PORT-DE64C6FAC717,184.421263,-928.666,-5.035569,False,False,2030,16.324744844999994,-16.324744844999994,True,True,True,True,,0.0,0.0,0.0,2,3,0.25895987200000004,0.65,0.7399999999999999,P1,지연·현물조달,False,15748.0,2037,5768.0,-4.955365,-913.875,-913.875,858.903,184.421263,-4.955365,48.254928,9714.536,8899.235,10672.012,9813.109,825.233,9.931,-0.0,4.657287,9.612652,-0.534502,4.420863,0.0,0.0,0.0,0.0,0.0,184.421263,858.903,0.20305,0.363339,4752.884,715.17,4223.483,0.0,0.0,-9813.109,-794.053,1.75,100,True,-23.934859
POSCO_KR,POSCO,KR,34.537,69.84605,DISCLOSED_PATH,DISCLOSED_PATH,PORT-CEF57596D771,CAND-9863577C4A48D7,P2,PORT-CEF57596D771,332.254237,12243.122,36.848655,True,True,,0.0,2.0275124185786808e-05,True,True,True,True,,0.0,0.0,0.0,2,3,0.367028224,0.65,1.38,P2,지연·부분헤지,False,20893.0,2037,9270.0,37.822116,12566.558,12566.558,16176.058,332.254237,37.822116,74.08691,26394.787,24615.69,28225.189,12049.131,1711.492,-67.605,0.0,48.685785,10.863668,43.176742,5.354626,0.0,0.0,0.0,0.0,0.0,332.254237,16176.058,3.824127,6.842902,8672.127,1148.337,7354.945,9137.257,37.005,-12049.131,-1739.043,5.061,100,True,28.479097
POSCO_KR,POSCO,KR,34.537,69.84605,ACCELERATED_15C,DISCLOSED_PATH,PORT-CEF57596D771,CAND-9863577C4A48D7,P2,PORT-CEF57596D771,332.254237,7840.345,23.597426,False,False,2035,6.843996639999997,-6.843996639999997,True,True,True,True,,0.0,0.0,0.0,2,3,0.367028224,0.65,1.38,P2,지연·부분헤지,False,20893.0,2037,9270.0,24.637254,8185.832,8185.832,12133.074,332.254237,24.637254,77.471958,28108.219,25740.386,29687.628,17554.554,2329.194,-38.639,0.0,36.517438,11.880184,31.763824,7.12657,0.0,0.0,0.0,0.0,0.0,332.254237,12133.074,2.868339,5.132612,9238.313,1148.337,8787.587,8961.063,39.148,-17554.554,-2423.439,-10.622,100,True,5.65776
POSCO_KR,POSCO,KR,34.537,69.84605,DISCLOSED_PATH,DISCLOSED_PATH,PORT-CEF57596D771,CAND-D474BBC66D4C3C,P1,PORT-CEF57596D771,332.254237,12423.527,37.391627,True,True,,0.0,2.0275124185786808e-05,True,True,True,True,,0.0,0.0,0.0,2,3,0.367028224,0.65,1.38,P1,지연·현물조달,False,20893.0,2037,9270.0,38.476672,12784.037,12784.037,16953.883,332.254237,38.476672,74.741466,26421.616,24833.169,29003.015,12049.131,1500.12,-88.328,0.0,51.026839,12.550166,43.257492,4.78082,0.0,0.0,0.0,0.0,0.0,332.254237,16953.883,4.00801,7.171942,8709.816,1148.337,7298.425,9180.154,0.0,-12049.131,-1514.264,10.7,100,True,29.133653
POSCO_KR,POSCO,KR,34.537,69.84605,ACCELERATED_15C,DISCLOSED_PATH,PORT-CEF57596D771,CAND-D474BBC66D4C3C,P1,PORT-CEF57596D771,332.254237,8118.002,24.433103,False,False,2035,6.843996639999997,-6.843996639999997,True,True,True,True,,0.0,0.0,0.0,2,3,0.367028224,0.65,1.38,P1,지연·현물조달,False,20893.0,2037,9270.0,25.64079,8519.261,8519.261,13177.22,332.254237,25.64079,78.475495,28127.23,26073.816,30731.774,17554.554,2026.73,-26.684,0.0,39.66005,14.01926,31.82104,6.180249,0.0,0.0,0.0,0.0,0.0,332.254237,13177.22,3.115182,5.574313,7692.57,1148.337,8652.504,10429.029,0.0,-17554.554,-1837.288,-11.337,100,True,6.661296
POSCO_KR,POSCO,KR,34.537,69.84605,DISCLOSED_PATH,DISCLOSED_PATH,PORT-802EEF341C7A,CAND-DA7B74C24222D6,P2,PORT-802EEF341C7A,326.164221,12389.835,37.986492,True,True,,0.0,2.0275124185786808e-05,True,True,True,True,,0.0,0.0,0.0,2,3,0.3670282239999999,0.65,1.3800000000000001,P2,지연·부분헤지,False,21792.0,2037,9270.0,38.667375,12611.914,12611.914,16544.789,326.164221,38.667375,74.868739,26150.031,24419.504,28352.379,11807.59,1766.315,35.788,0.0,50.725334,12.057958,43.973066,5.305691,0.0,0.0,0.0,0.0,0.0,326.164221,16544.789,3.911298,6.998884,8593.441,1123.463,7381.129,9031.203,37.123,-11807.59,-1742.87,-3.985,100,True,29.324356
POSCO_KR,POSCO,KR,34.537,69.84605,ACCELERATED_15C,DISCLOSED_PATH,PORT-802EEF341C7A,CAND-DA7B74C24222D6,P2,PORT-802EEF341C7A,326.164221,8034.159,24.632251,False,False,2035,2.9289989600000013,-2.9289989600000013,True,True,True,True,,0.0,0.0,0.0,2,3,0.3670282239999999,0.65,1.3800000000000001,P2,지연·부분헤지,False,21792.0,2037,9270.0,25.421485,8291.579,8291.579,12543.318,326.164221,25.421485,78.282443,27883.38,25532.932,29784.671,17241.353,2397.469,47.021,0.0,38.457063,13.035578,32.627819,7.206334,0.0,0.0,0.0,0.0,0.0,326.164221,12543.318,2.965323,5.306156,8593.441,1123.463,8248.793,9911.884,39.254,-17241.353,-2379.714,-4.189,100,True,6.441991
POSCO_KR,POSCO,KR,34.537,69.84605,DISCLOSED_PATH,DISCLOSED_PATH,PORT-802EEF341C7A,CAND-720A05CD8AE3E2,P1,PORT-802EEF341C7A,326.164221,12570.224,38.539554,True,True,,0.0,2.0275124185786808e-05,True,True,True,True,,0.0,0.0,0.0,2,3,0.3670282239999999,0.65,1.3800000000000001,P1,지연·현물조달,False,21792.0,2037,9270.0,39.30106,12818.6,12818.6,17360.532,326.164221,39.30106,75.502424,26135.225,24626.189,29168.122,11807.59,1535.391,26.355,0.0,53.226353,13.925292,43.927675,4.626614,0.0,0.0,0.0,0.0,0.0,326.164221,17360.532,4.104145,7.343965,8584.757,1123.463,7384.175,9062.316,0.0,-11807.59,-1516.334,-12.188,100,True,29.958041
POSCO_KR,POSCO,KR,34.537,69.84605,ACCELERATED_15C,DISCLOSED_PATH,PORT-802EEF341C7A,CAND-720A05CD8AE3E2,P1,PORT-802EEF341C7A,326.164221,8311.845,25.483621,False,False,2035,2.9289989600000013,-2.9289989600000013,True,True,True,True,,0.0,0.0,0.0,2,3,0.3670282239999999,0.65,1.3800000000000001,P1,지연·현물조달,False,21792.0,2037,9270.0,26.41318,8615.034,8615.034,13570.632,326.164221,26.41318,79.274137,27878.496,25856.387,30811.985,17241.353,2070.24,48.132,0.0,41.606745,15.193565,32.612843,6.199663,0.0,0.0,0.0,0.0,0.0,326.164221,13570.632,3.208187,5.740737,7714.913,1123.463,8427.211,10429.029,0.0,-17241.353,-1842.477,4.248,100,True,7.433686
POSCO_KR,POSCO,KR,34.537,69.84605,DISCLOSED_PATH,DISCLOSED_PATH,PORT-4FCB78A64B21,CAND-0BE357EA5504BE,P2,PORT-4FCB78A64B21,282.664267,12023.05,42.534735,True,True,,0.0,2.0275124185786808e-05,True,True,True,True,,0.0,0.0,0.0,2,3,0.3670282239999999,0.65,1.3800000000000001,P2,지연·부분헤지,False,21544.0,2037,9270.0,43.238454,12221.966,12221.966,16230.154,282.664267,43.238454,79.450123,24024.054,22457.711,26465.899,10235.745,1650.042,83.699,-0.0,57.418487,14.180033,48.779809,5.541355,0.0,0.0,0.0,0.0,0.0,282.664267,16230.154,3.836916,6.865786,8646.665,1015.986,6313.075,8155.582,34.019,-10235.745,-1706.838,-0.778,100,True,33.895435
POSCO_KR,POSCO,KR,34.537,69.84605,ACCELERATED_15C,DISCLOSED_PATH,PORT-4FCB78A64B21,CAND-0BE357EA5504BE,P2,PORT-4FCB78A64B21,282.664267,8209.26,29.04244,False,False,2030,5.470451711490618,-5.470451711490618,True,True,True,True,,0.0,0.0,0.0,2,3,0.3670282239999999,0.65,1.3800000000000001,P2,지연·부분헤지,False,21544.0,2037,9270.0,30.024697,8486.909,8486.909,12789.252,282.664267,30.024697,83.250425,25708.169,23531.92,27834.264,15045.012,2249.233,72.985,0.0,45.245381,15.220684,37.723755,7.699059,0.0,0.0,0.0,0.0,0.0,282.664267,12789.252,3.023464,5.410193,7321.294,1015.986,6844.177,10361.711,35.985,-15045.012,-2036.134,-11.098,100,True,11.045203
POSCO_KR,POSCO,KR,34.537,69.84605,DISCLOSED_PATH,DISCLOSED_PATH,PORT-4FCB78A64B21,CAND-F43ACAB6E7F085,P1,PORT-4FCB78A64B21,282.664267,12206.168,43.182564,True,True,,0.0,2.0275124185786808e-05,True,True,True,True,,0.0,0.0,0.0,2,3,0.3670282239999999,0.65,1.3800000000000001,P1,지연·현물조달,False,21544.0,2037,9270.0,44.044008,12449.667,12449.667,17063.826,282.664267,44.044008,80.255677,24005.88,22685.412,27299.571,10235.745,1458.594,138.126,0.0,60.367823,16.323815,48.715513,4.671506,0.0,0.0,0.0,0.0,0.0,282.664267,17063.826,4.034002,7.218451,8704.004,1015.986,6381.087,8089.404,0.0,-10235.745,-1513.849,8.78,100,True,34.700989
POSCO_KR,POSCO,KR,34.537,69.84605,ACCELERATED_15C,DISCLOSED_PATH,PORT-4FCB78A64B21,CAND-F43ACAB6E7F085,P1,PORT-4FCB78A64B21,282.664267,8489.995,30.035614,False,False,2030,5.470451711490618,-5.470451711490618,True,True,True,True,,0.0,0.0,0.0,2,3,0.3670282239999999,0.65,1.3800000000000001,P1,지연·현물조달,False,21544.0,2037,9270.0,31.171651,8811.112,8811.112,13849.198,282.664267,31.171651,84.39738,25696.663,23856.124,28894.21,15045.012,1971.477,130.937,0.0,48.99522,17.823569,37.683051,6.511399,0.0,0.0,0.0,0.0,0.0,282.664267,13849.198,3.274042,5.858578,9795.598,1015.986,6429.334,9002.196,0.0,-15045.012,-2401.073,14.082,100,True,12.192157
POSCO_KR,POSCO,KR,34.537,69.84605,DISCLOSED_PATH,DISCLOSED_PATH,PORT-D42DEB3BDB60,CAND-B90A406E3BDA97,P2,PORT-D42DEB3BDB60,364.533852,17040.505,46.746016,True,True,,0.0,2.0275124185786808e-05,True,True,True,True,,0.0,0.0,0.0,3,3,0.367028224,0.65,1.38,P2,지연·부분헤지,False,20893.0,2035,9270.0,48.270663,17596.291,17596.291,21971.457,364.533852,48.270663,84.582432,32954.172,30833.16,35208.327,13236.869,1958.398,-162.614,0.0,60.272749,12.002086,54.089087,5.818424,0.0,0.0,0.0,0.0,0.0,364.533852,21971.457,5.194198,9.294509,10461.387,1278.266,8733.235,12538.446,43.788,-13236.869,-2236.065,14.103,100,True,38.927644
POSCO_KR,POSCO,KR,34.537,69.84605,ACCELERATED_15C,DISCLOSED_PATH,PORT-D42DEB3BDB60,CAND-B90A406E3BDA97,P2,PORT-D42DEB3BDB60,364.533852,12464.679,34.193476,False,False,2040,6.849092049999999,-6.849092049999999,True,True,True,True,,0.0,0.0,0.0,3,3,0.367028224,0.65,1.38,P2,지연·부분헤지,False,20893.0,2035,9270.0,35.572224,12967.28,12967.28,17750.657,364.533852,35.572224,88.507652,35088.283,32264.035,37047.413,19296.755,2691.666,-132.582,-0.0,48.694126,13.121902,43.319784,7.74756,0.0,0.0,0.0,0.0,0.0,364.533852,17750.657,4.196373,7.508999,10955.325,1278.266,9220.473,13857.021,46.439,-19296.755,-3087.625,-5.863,100,True,16.59273
POSCO_KR,POSCO,KR,34.537,69.84605,DISCLOSED_PATH,DISCLOSED_PATH,PORT-58F96F629E32,CAND-149176B54DA5B1,P2,PORT-58F96F629E32,243.51423,11568.344,47.505822,True,True,,0.0,2.0275124185786808e-05,True,True,True,True,,0.0,0.0,0.0,2,3,0.3395077120000001,0.65,1.22,P2,지연·부분헤지,False,18599.0,2037,9270.0,48.615413,11838.545,11838.545,15298.703,243.51423,48.615413,84.819408,21994.408,20654.733,24114.891,8816.188,1415.903,76.228,-0.0,62.824677,14.209264,54.116837,5.501424,0.0,0.0,0.0,0.0,0.0,243.51423,15298.703,3.616715,6.471757,6248.929,976.907,5349.441,9374.724,30.21,-8816.188,-1345.383,19.905,100,True,39.272394
POSCO_KR,POSCO,KR,34.537,69.84605,ACCELERATED_15C,DISCLOSED_PATH,PORT-58F96F629E32,CAND-149176B54DA5B1,P2,PORT-58F96F629E32,243.51423,8472.463,34.792476,False,False,2035,16.703997510000004,-16.703997510000004,True,True,True,True,,0.0,0.0,0.0,2,3,0.3395077120000001,0.65,1.22,P2,지연·부분헤지,False,18599.0,2037,9270.0,35.718857,8698.05,8698.05,12515.921,243.51423,35.718857,88.395293,23472.008,21525.512,25343.383,12827.462,1944.695,-1.801,0.0,51.397082,15.678225,43.712212,7.993355,0.0,0.0,0.0,0.0,0.0,243.51423,12515.921,2.958847,5.294566,7581.668,976.907,5360.975,9707.381,31.934,-12827.462,-2140.022,6.667,100,True,16.739363
POSCO_KR,POSCO,KR,34.537,69.84605,DISCLOSED_PATH,DISCLOSED_PATH,PORT-D42DEB3BDB60,CAND-12C017BA38B922,P1,PORT-D42DEB3BDB60,364.533852,17342.261,47.573801,True,True,,0.0,2.0275124185786808e-05,True,True,True,True,,0.0,0.0,0.0,3,3,0.367028224,0.65,1.38,P1,지연·현물조달,False,20893.0,2035,9270.0,49.291014,17968.243,17968.243,23020.148,364.533852,49.291014,85.602783,33007.474,31205.112,36257.017,13236.869,1606.213,-196.149,0.0,63.149548,13.858534,54.235305,4.944291,0.0,0.0,0.0,0.0,0.0,364.533852,23020.148,5.442115,9.738133,10672.983,1278.266,8809.302,12398.601,0.0,-13236.869,-1968.963,14.923,100,True,39.947995
POSCO_KR,POSCO,KR,34.537,69.84605,ACCELERATED_15C,DISCLOSED_PATH,PORT-D42DEB3BDB60,CAND-12C017BA38B922,P1,PORT-D42DEB3BDB60,364.533852,12921.569,35.446828,False,False,2040,6.849092049999999,-6.849092049999999,True,True,True,True,,0.0,0.0,0.0,3,3,0.367028224,0.65,1.38,P1,지연·현물조달,False,20893.0,2035,9270.0,36.939806,13465.81,13465.81,19071.374,364.533852,36.939806,89.875233,35160.887,32762.565,38368.129,19296.755,2169.022,-229.3,0.0,52.317155,15.377349,43.518953,6.579147,0.0,0.0,0.0,0.0,0.0,364.533852,19071.374,4.508599,8.067697,9280.113,1278.266,9161.251,15331.916,0.0,-19296.755,-2266.981,-22.0,100,True,17.960312
POSCO_KR,POSCO,KR,34.537,69.84605,DISCLOSED_PATH,DISCLOSED_PATH,PORT-58F96F629E32,CAND-92409F72DEE5B3,P1,PORT-58F96F629E32,243.51423,11754.995,48.272311,True,True,,0.0,2.0275124185786808e-05,True,True,True,True,,0.0,0.0,0.0,2,3,0.3395077120000001,0.65,1.22,P1,지연·현물조달,False,18599.0,2037,9270.0,49.552629,12066.77,12066.77,16067.696,243.51423,49.552629,85.756624,22013.631,20882.958,24883.884,8816.188,1211.064,80.391,-0.0,65.982577,16.429948,54.195779,4.643151,0.0,0.0,0.0,0.0,0.0,243.51423,16067.696,3.79851,6.797062,6180.841,976.907,5367.438,9444.006,0.0,-8816.188,-1096.398,10.164,100,True,40.20961
POSCO_KR,POSCO,KR,34.537,69.84605,ACCELERATED_15C,DISCLOSED_PATH,PORT-58F96F629E32,CAND-92409F72DEE5B3,P1,PORT-58F96F629E32,243.51423,8756.601,35.959299,False,False,2035,16.703997510000004,-16.703997510000004,True,True,True,True,,0.0,0.0,0.0,2,3,0.3395077120000001,0.65,1.22,P1,지연·현물조달,False,18599.0,2037,9270.0,37.076715,9028.708,9028.708,13465.976,243.51423,37.076715,89.753152,23464.099,21856.17,26293.438,12827.462,1639.577,31.648,-0.0,55.298517,18.221802,43.679733,6.603018,0.0,0.0,0.0,0.0,0.0,243.51423,13465.976,3.183446,5.696465,5422.054,976.907,5904.333,10868.099,0.0,-12827.462,-1302.737,-12.487,100,True,18.097221
POSCO_KR,POSCO,KR,34.537,69.84605,DISCLOSED_PATH,DISCLOSED_PATH,PORT-0DA980ACBA29,CAND-C5C95C9095B035,P2,PORT-0DA980ACBA29,365.583855,18887.64,51.664318,True,True,,0.0,2.0275124185786808e-05,True,True,True,True,,0.0,0.0,0.0,2,3,0.3670282239999999,0.65,1.38,P2,지연·부분헤지,False,19907.0,2032,6660.0,53.63388,19607.681,19607.681,23918.032,365.583855,53.63388,89.955272,34868.813,32886.195,37196.546,13278.514,1948.284,-34.334,0.0,65.424202,11.790322,59.057036,5.423155,0.0,0.0,0.0,0.0,0.0,365.583855,23918.032,5.654381,10.117962,10518.919,1313.09,7843.25,15483.599,45.257,-13278.514,-2292.346,-25.574,100,True,44.290861
POSCO_KR,POSCO,KR,34.537,69.84605,ACCELERATED_15C,DISCLOSED_PATH,PORT-0DA980ACBA29,CAND-C5C95C9095B035,P2,PORT-0DA980ACBA29,365.583855,14334.531,39.209968,False,False,2040,7.524091650000003,-7.524091650000003,True,True,True,True,,0.0,0.0,0.0,2,3,0.3670282239999999,0.65,1.38,P2,지연·부분헤지,False,19907.0,2032,6660.0,41.188311,15057.782,15057.782,19799.789,365.583855,41.188311,94.119411,37183.625,34408.537,39150.545,19350.756,2671.886,-103.201,0.0,54.159364,12.971053,48.779148,7.590837,0.0,0.0,0.0,0.0,0.0,365.583855,19799.789,4.680801,8.375836,8671.3,1313.09,9582.0,17534.975,47.935,-19350.756,-2697.864,-42.897,100,True,22.208817
POSCO_KR,POSCO,KR,34.537,69.84605,DISCLOSED_PATH,DISCLOSED_PATH,PORT-34425DFA5633,CAND-7D54A929A881B5,P2,PORT-34425DFA5633,330.911223,17221.64,52.043083,True,True,,0.0,2.0275124185786808e-05,True,True,True,True,,0.0,0.0,0.0,3,3,0.3670282239999999,0.65,1.3800000000000001,P2,지연·부분헤지,False,21792.0,2035,9270.0,53.268554,17627.162,17627.162,22046.978,330.911223,53.268554,89.478438,31675.67,29609.419,34029.235,11982.257,1954.819,-111.431,0.0,66.625053,13.356498,59.512677,6.244123,0.0,0.0,0.0,0.0,0.0,330.911223,22046.978,5.212051,9.326456,10578.689,1199.255,7199.062,12844.037,42.376,-11982.257,-2249.707,-4.292,100,True,43.925535
POSCO_KR,POSCO,KR,34.537,69.84605,ACCELERATED_15C,DISCLOSED_PATH,PORT-34425DFA5633,CAND-7D54A929A881B5,P2,PORT-34425DFA5633,330.911223,13089.916,39.557184,False,False,2040,2.9297482850000023,-2.9297482850000023,True,True,True,True,,0.0,0.0,0.0,3,3,0.3670282239999999,0.65,1.3800000000000001,P2,지연·부분헤지,False,21792.0,2035,9270.0,40.688936,13464.426,13464.426,18252.674,330.911223,40.688936,93.565835,33740.715,30961.985,35750.233,17497.559,2687.32,-91.41,0.0,55.158825,14.469888,49.086144,8.397208,0.0,0.0,0.0,0.0,0.0,330.911223,18252.674,4.315053,7.721365,8811.929,1199.255,7817.979,15784.16,44.886,-17497.559,-2645.373,-50.853,100,True,21.709442
POSCO_KR,POSCO,KR,34.537,69.84605,DISCLOSED_PATH,DISCLOSED_PATH,PORT-0DA980ACBA29,CAND-3C2E939294CFA6,P1,PORT-0DA980ACBA29,365.583855,19248.016,52.650071,True,True,,0.0,2.0275124185786808e-05,True,True,True,True,,0.0,0.0,0.0,2,3,0.3670282239999999,0.65,1.38,P1,지연·현물조달,False,19907.0,2032,6660.0,54.855344,20054.228,20054.228,25068.535,365.583855,54.855344,91.176735,34928.232,33332.742,38347.049,13278.514,1537.048,-58.441,-0.0,68.571231,13.715887,59.219567,4.364223,0.0,0.0,0.0,0.0,0.0,365.583855,25068.535,5.926368,10.604655,8699.208,1313.09,8683.356,16195.028,0.0,-13278.514,-1558.655,0.716,100,True,45.512325
POSCO_KR,POSCO,KR,34.537,69.84605,ACCELERATED_15C,DISCLOSED_PATH,PORT-0DA980ACBA29,CAND-3C2E939294CFA6,P1,PORT-0DA980ACBA29,365.583855,14877.424,40.69497,False,False,2040,7.524091650000003,-7.524091650000003,True,True,True,True,,0.0,0.0,0.0,2,3,0.3670282239999999,0.65,1.38,P1,지연·현물조달,False,19907.0,2032,6660.0,42.979621,15712.656,15712.656,21260.848,365.583855,42.979621,95.910721,37251.072,35063.411,40611.604,19350.756,2073.526,-114.135,0.0,58.155873,15.176251,48.963641,5.98402,0.0,0.0,0.0,0.0,0.0,365.583855,21260.848,5.026205,8.993903,8699.208,1313.09,9655.363,17562.286,0.0,-19350.756,-2107.356,-59.179,100,True,24.000127
POSCO_KR,POSCO,KR,34.537,69.84605,DISCLOSED_PATH,DISCLOSED_PATH,PORT-34425DFA5633,CAND-2775122CBD1438,P1,PORT-34425DFA5633,330.911223,17524.843,52.959349,True,True,,0.0,2.0275124185786808e-05,True,True,True,True,,0.0,0.0,0.0,3,3,0.3670282239999999,0.65,1.3800000000000001,P1,지연·현물조달,False,21792.0,2035,9270.0,54.313925,17973.087,17973.087,23075.893,330.911223,54.313925,90.523809,31715.423,29955.344,35058.15,11982.257,1602.551,-157.528,0.0,69.734393,15.420468,59.632811,5.318886,0.0,0.0,0.0,0.0,0.0,330.911223,23075.893,5.455294,9.761715,10792.137,1199.255,7194.565,12738.147,0.0,-11982.257,-1973.743,4.984,100,True,44.970906
POSCO_KR,POSCO,KR,34.537,69.84605,ACCELERATED_15C,DISCLOSED_PATH,PORT-34425DFA5633,CAND-2775122CBD1438,P1,PORT-34425DFA5633,330.911223,13548.406,40.942722,False,False,2040,2.9297482850000023,-2.9297482850000023,True,True,True,True,,0.0,0.0,0.0,3,3,0.3670282239999999,0.65,1.3800000000000001,P1,지연·현물조달,False,21792.0,2035,9270.0,42.26163,13984.848,13984.848,19551.428,330.911223,42.26163,95.138529,33735.142,31482.407,37048.987,17497.559,2166.339,-86.395,-0.0,59.083605,16.821975,49.069301,6.807671,0.0,0.0,0.0,0.0,0.0,330.911223,19551.428,4.622087,8.270773,9413.14,1199.255,7887.943,15331.916,0.0,-17497.559,-2297.878,-51.969,100,True,23.282136
POSCO_KR,POSCO,KR,34.537,69.84605,DISCLOSED_PATH,DISCLOSED_PATH,PORT-B0374F687394,CAND-0F7926E25C7DDC,P2,PORT-B0374F687394,338.051243,18922.063,55.973948,True,True,,0.0,2.0275124185786808e-05,True,True,True,True,,0.0,0.0,0.0,2,3,0.3670282239999999,0.65,1.38,P2,지연·부분헤지,False,19907.0,2032,6660.0,57.724478,19513.831,19513.831,23711.837,338.051243,57.724478,94.007272,33650.206,31779.275,35977.281,12265.444,1908.305,37.374,0.0,70.14273,12.418252,63.258936,5.534458,0.0,0.0,0.0,0.0,0.0,338.051243,23711.837,5.605635,10.030736,8364.127,1258.952,8039.871,15950.004,43.728,-12265.444,-1842.373,-35.034,100,True,48.381459
POSCO_KR,POSCO,KR,34.537,69.84605,ACCELERATED_15C,DISCLOSED_PATH,PORT-B0374F687394,CAND-0F7926E25C7DDC,P2,PORT-B0374F687394,338.051243,14765.954,43.679633,False,False,2035,7.519745565000001,-7.519745565000001,True,True,True,True,,0.0,0.0,0.0,2,3,0.3670282239999999,0.65,1.38,P2,지연·부분헤지,False,19907.0,2032,6660.0,45.504385,15382.814,15382.814,19962.916,338.051243,45.504385,98.350695,35873.611,33247.575,37827.677,17864.761,2618.271,-7.766,0.0,59.05293,13.548545,53.272547,7.768162,0.0,0.0,0.0,0.0,0.0,338.051243,19962.916,4.719366,8.444843,8364.127,1258.952,8909.865,17259.85,46.275,-17864.761,-2526.341,-65.154,100,True,26.524891
POSCO_KR,POSCO,KR,34.537,69.84605,DISCLOSED_PATH,DISCLOSED_PATH,PORT-B0374F687394,CAND-688976C946D330,P1,PORT-B0374F687394,338.051243,19283.901,57.044313,True,True,,0.0,2.0275124185786808e-05,True,True,True,True,,0.0,0.0,0.0,2,3,0.3670282239999999,0.65,1.38,P1,지연·현물조달,False,19907.0,2032,6660.0,59.013349,19949.536,19949.536,24819.555,338.051243,59.013349,95.296143,33700.226,32214.98,37084.999,12265.444,1485.011,-0.236,0.0,73.419505,14.406156,63.406904,4.393555,0.0,0.0,0.0,0.0,0.0,338.051243,24819.555,5.867507,10.49933,8800.175,1258.952,7875.68,15736.987,0.0,-12265.444,-1531.559,74.745,100,True,49.67033
POSCO_KR,POSCO,KR,34.537,69.84605,ACCELERATED_15C,DISCLOSED_PATH,PORT-B0374F687394,CAND-688976C946D330,P1,PORT-B0374F687394,338.051243,15310.418,45.290228,False,False,2035,7.519745565000001,-7.519745565000001,True,True,True,True,,0.0,0.0,0.0,2,3,0.3670282239999999,0.65,1.38,P1,지연·현물조달,False,19907.0,2032,6660.0,47.422441,16031.215,16031.215,21377.268,338.051243,47.422441,100.268751,35926.918,33895.976,39242.028,17864.761,2004.21,-26.732,0.0,63.236767,15.814326,53.430236,6.007794,0.0,0.0,0.0,0.0,0.0,338.051243,21377.268,5.053728,9.043151,8377.365,1258.952,9015.168,17256.592,0.0,-17864.761,-1930.08,-82.022,100,True,28.442947
POSCO_KR,POSCO,KR,34.537,69.84605,DISCLOSED_PATH,DISCLOSED_PATH,PORT-39601EAF8865,CAND-E5548226AF9F6B,P2,PORT-39601EAF8865,193.924259,11348.272,58.519093,True,True,,0.0,2.0275124185786808e-05,True,True,True,True,,0.0,0.0,0.0,2,3,0.33950771199999996,0.65,1.2200000000000002,P2,지연·부분헤지,False,19250.0,2037,9270.0,58.86761,11415.858,11415.858,15141.367,193.924259,58.86761,94.978624,19764.749,18418.659,22144.169,7002.802,1357.728,11.638,-0.0,78.078768,19.211159,65.808929,6.941319,0.0,0.0,0.0,0.0,0.0,193.924259,15141.367,3.579519,6.4052,6199.256,844.557,3457.673,9233.832,27.223,-7002.802,-1326.259,-17.622,100,True,49.524591
POSCO_KR,POSCO,KR,34.537,69.84605,ACCELERATED_15C,DISCLOSED_PATH,PORT-39601EAF8865,CAND-E5548226AF9F6B,P2,PORT-39601EAF8865,193.924259,8841.378,45.591914,False,False,2030,13.94899577,-13.94899577,True,True,True,True,,0.0,0.0,0.0,2,3,0.33950771199999996,0.65,1.2200000000000002,P2,지연·부분헤지,False,19250.0,2037,9270.0,46.284741,8975.734,8975.734,12953.829,193.924259,46.284741,99.490664,21115.697,19293.653,23271.749,10317.919,1860.173,38.13,0.0,66.798396,20.513654,55.680387,9.395646,0.0,0.0,0.0,0.0,0.0,193.924259,12953.829,3.062371,5.479813,6199.256,844.557,3908.87,10140.229,28.772,-10317.919,-1825.462,-2.568,100,True,27.305247
POSCO_KR,POSCO,KR,34.537,69.84605,DISCLOSED_PATH,DISCLOSED_PATH,PORT-CA761749FFB1,CAND-C8332513BB985B,P2,PORT-CA761749FFB1,287.411269,16854.855,58.643683,True,True,,0.0,2.0275124185786808e-05,True,True,True,True,,0.0,0.0,0.0,3,3,0.3670282239999999,0.65,1.3800000000000001,P2,지연·부분헤지,False,21544.0,2035,9270.0,59.572402,17121.78,17121.78,21301.041,287.411269,59.572402,95.79371,29436.751,27532.192,31711.454,10410.412,1859.445,-45.114,0.0,74.113452,14.541051,66.198999,6.626597,0.0,0.0,0.0,0.0,0.0,287.411269,21301.041,5.035707,9.010905,8890.088,1091.778,5806.073,13598.24,39.272,-10410.412,-1930.639,37.38,100,True,50.229383
POSCO_KR,POSCO,KR,34.537,69.84605,ACCELERATED_15C,DISCLOSED_PATH,PORT-CA761749FFB1,CAND-C8332513BB985B,P2,PORT-CA761749FFB1,287.411269,13265.017,46.153435,False,False,2030,5.470451711490618,-5.470451711490618,True,True,True,True,,0.0,0.0,0.0,3,3,0.3670282239999999,0.65,1.3800000000000001,P2,지연·부분헤지,False,21544.0,2035,9270.0,47.049098,13522.441,13522.441,18067.077,287.411269,47.049098,100.287156,31421.118,28823.659,33368.294,15301.218,2552.849,-44.61,0.0,62.861407,15.812308,56.086529,9.037431,0.0,0.0,0.0,0.0,0.0,287.411269,18067.077,4.271177,7.642853,8136.621,1091.778,6537.301,15517.24,41.617,-15301.218,-2508.618,7.719,100,True,28.069604
POSCO_KR,POSCO,KR,34.537,69.84605,DISCLOSED_PATH,DISCLOSED_PATH,PORT-8378A8ACBA64,CAND-CD94A69F094896,P2,PORT-8378A8ACBA64,275.793845,16365.727,59.340437,True,True,,0.0,2.0275124185786808e-05,True,True,True,True,,0.0,0.0,0.0,3,3,0.3395077120000001,0.65,1.22,P2,지연·부분헤지,False,18599.0,2035,9270.0,60.554651,16700.6,16700.6,20743.113,275.793845,60.554651,96.827853,28519.593,26704.526,30747.039,10003.926,1676.42,-138.647,0.0,75.212384,14.657734,67.135895,6.581245,0.0,0.0,0.0,0.0,0.0,275.793845,20743.113,4.903809,8.774887,7390.859,1106.836,5992.982,13886.383,36.992,-10003.926,-1690.583,-18.944,100,True,51.211632
POSCO_KR,POSCO,KR,34.537,69.84605,ACCELERATED_15C,DISCLOSED_PATH,PORT-8378A8ACBA64,CAND-CD94A69F094896,P2,PORT-8378A8ACBA64,275.793845,13096.798,47.487635,False,False,2040,16.709092920000007,-16.709092920000007,True,True,True,True,,0.0,0.0,0.0,3,3,0.3395077120000001,0.65,1.22,P2,지연·부분헤지,False,18599.0,2035,9270.0,48.924518,13493.081,13493.081,17802.768,275.793845,48.924518,101.752611,30407.09,28062.744,32372.431,14569.663,2310.704,-33.643,-0.0,64.551,15.626482,57.424877,8.500359,0.0,0.0,0.0,0.0,0.0,275.793845,17802.768,4.208692,7.531043,7390.859,1106.836,6660.426,15215.007,39.226,-14569.663,-2330.507,-19.103,100,True,29.945024
POSCO_KR,POSCO,KR,34.537,69.84605,DISCLOSED_PATH,DISCLOSED_PATH,PORT-39601EAF8865,CAND-2EAFEFF65EF371,P1,PORT-39601EAF8865,193.924259,11537.636,59.495579,True,True,,0.0,2.0275124185786808e-05,True,True,True,True,,0.0,0.0,0.0,2,3,0.33950771199999996,0.65,1.2200000000000002,P1,지연·현물조달,False,19250.0,2037,9270.0,59.938052,11623.442,11623.442,15918.631,193.924259,59.938052,96.049066,19735.312,18626.244,22921.432,7002.802,1158.634,49.566,-0.0,82.086845,22.148794,65.65713,5.719078,0.0,0.0,0.0,0.0,0.0,193.924259,15918.631,3.76327,6.734003,6082.717,844.557,3599.646,9113.478,0.0,-7002.802,-1032.499,18.346,100,True,50.595033
POSCO_KR,POSCO,KR,34.537,69.84605,ACCELERATED_15C,DISCLOSED_PATH,PORT-39601EAF8865,CAND-2EAFEFF65EF371,P1,PORT-39601EAF8865,193.924259,9128.594,47.072986,False,False,2030,13.94899577,-13.94899577,True,True,True,True,,0.0,0.0,0.0,2,3,0.33950771199999996,0.65,1.2200000000000002,P1,지연·현물조달,False,19250.0,2037,9270.0,47.983321,9305.13,9305.13,13855.272,193.924259,47.983321,101.189244,21096.901,19623.049,24173.192,10317.919,1571.439,97.587,-0.0,71.446824,23.463502,55.583463,7.600141,0.0,0.0,0.0,0.0,0.0,193.924259,13855.272,3.275478,5.861148,6147.792,844.557,3900.741,10198.333,0.0,-10317.919,-1472.493,4.12,100,True,29.003827
POSCO_KR,POSCO,KR,34.537,69.84605,DISCLOSED_PATH,DISCLOSED_PATH,PORT-CA761749FFB1,CAND-19C362AB4D3239,P1,PORT-CA761749FFB1,287.411269,17160.787,59.708122,True,True,,0.0,2.0275124185786808e-05,True,True,True,True,,0.0,0.0,0.0,3,3,0.3670282239999999,0.65,1.3800000000000001,P1,지연·현물조달,False,21544.0,2035,9270.0,60.786105,17470.611,17470.611,22282.46,287.411269,60.786105,97.007413,29445.34,27881.024,32692.872,10410.412,1489.287,-75.029,0.0,77.528135,16.742031,66.228885,5.44278,0.0,0.0,0.0,0.0,0.0,287.411269,22282.46,5.267721,9.426071,8539.847,1091.778,6007.654,13807.464,0.0,-10410.412,-1521.733,-43.987,100,True,51.443086
POSCO_KR,POSCO,KR,34.537,69.84605,ACCELERATED_15C,DISCLOSED_PATH,PORT-CA761749FFB1,CAND-19C362AB4D3239,P1,PORT-CA761749FFB1,287.411269,13726.556,47.759282,False,False,2030,5.470451711490618,-5.470451711490618,True,True,True,True,,0.0,0.0,0.0,3,3,0.3670282239999999,0.65,1.3800000000000001,P1,지연·현물조달,False,21544.0,2035,9270.0,48.687387,13993.304,13993.304,19321.056,287.411269,48.687387,101.925444,31426.79,29294.521,34622.273,15301.218,2013.366,-118.903,-0.0,67.22442,18.537033,56.106264,7.418878,0.0,0.0,0.0,0.0,0.0,287.411269,19321.056,4.567626,8.173319,8104.181,1091.778,6542.795,15567.412,0.0,-15301.218,-1978.426,-33.22,100,True,29.707893
POSCO_KR,POSCO,KR,34.537,69.84605,DISCLOSED_PATH,DISCLOSED_PATH,PORT-7ED23B40E316,CAND-466C04961ED513,P2,PORT-7ED23B40E316,414.904229,13064.613,31.488261,True,False,,0.0,2.0275124185786808e-05,False,False,True,True,2035,4.530597659999998,0.0,0.0,2,3,0.3934020479999999,0.65,1.54,P2,지연·부분헤지,False,24086.0,2037,9270.0,32.510601,13488.786,13488.786,17418.176,414.904229,32.510601,68.761214,30598.721,28529.319,32458.709,15040.533,2042.334,-27.069,-0.0,41.981196,9.470595,37.498264,4.987664,0.0,0.0,0.0,0.0,0.0,414.904229,17418.176,4.117772,7.36835,10181.852,1294.893,10404.042,8581.867,43.918,-15040.533,-1969.272,-7.981,100,True,23.167582
POSCO_KR,POSCO,KR,34.537,69.84605,ACCELERATED_15C,DISCLOSED_PATH,PORT-7ED23B40E316,CAND-466C04961ED513,P2,PORT-7ED23B40E316,414.904229,7402.041,17.84036,True,True,,0.0,2.0275124185786808e-05,True,True,True,True,,0.0,0.0,0.0,2,3,0.3934020479999999,0.65,1.54,P2,지연·부분헤지,False,24086.0,2037,9270.0,18.979494,7874.672,7874.672,12151.324,414.904229,18.979494,71.927726,32579.864,29843.118,34119.769,21968.445,2771.492,34.746,-0.0,29.287057,10.307563,25.575585,6.596091,0.0,0.0,0.0,0.0,0.0,414.904229,12151.324,2.872653,5.140332,11654.247,1294.893,10885.654,9063.706,46.468,-21968.445,-3115.299,13.45,100,True,0.0
POSCO_KR,POSCO,KR,34.537,69.84605,DISCLOSED_PATH,DISCLOSED_PATH,PORT-7ED23B40E316,CAND-7BC738434560A6,P1,PORT-7ED23B40E316,414.904229,13238.755,31.907979,True,False,,0.0,2.0275124185786808e-05,False,False,True,True,2035,4.530597659999998,0.0,0.0,2,3,0.3934020479999999,0.65,1.54,P1,지연·현물조달,False,24086.0,2037,9270.0,33.1233,13742.997,13742.997,18267.688,414.904229,33.1233,69.373914,30635.977,28783.53,33308.221,15040.533,1818.651,-33.796,0.0,44.028686,10.905387,37.588057,4.464757,0.0,0.0,0.0,0.0,0.0,414.904229,18267.688,4.318602,7.727717,10174.597,1294.893,10512.114,8563.053,0.0,-15040.533,-1745.515,-15.612,100,True,23.780281
POSCO_KR,POSCO,KR,34.537,69.84605,ACCELERATED_15C,DISCLOSED_PATH,PORT-7ED23B40E316,CAND-7BC738434560A6,P1,PORT-7ED23B40E316,414.904229,7673.246,18.494018,True,True,,0.0,2.0275124185786808e-05,True,True,True,True,,0.0,0.0,0.0,2,3,0.3934020479999999,0.65,1.54,P1,지연·현물조달,False,24086.0,2037,9270.0,19.779362,8206.541,8206.541,13216.37,414.904229,19.779362,72.727594,32590.628,30174.986,35184.815,21968.445,2449.648,34.007,-0.0,31.854026,12.074664,25.601529,5.822167,0.0,0.0,0.0,0.0,0.0,414.904229,13216.37,3.124437,5.590875,11831.041,1294.893,10880.705,9002.196,0.0,-21968.445,-2873.821,39.972,100,True,0.799868
POSCO_KR,POSCO,KR,34.537,69.84605,DISCLOSED_PATH,DISCLOSED_PATH,PORT-7827D72F6A22,CAND-BEF797E7835E02,P2,PORT-7827D72F6A22,419.651231,17896.418,42.645933,True,False,,0.0,2.0275124185786808e-05,False,False,True,True,2037,3.1582950799999985,0.0,0.0,3,3,0.3934020479999999,0.65,1.54,P2,지연·부분헤지,False,24086.0,2035,9270.0,43.591129,18293.071,18293.071,23269.186,419.651231,43.591129,79.847904,35926.338,33508.271,38484.386,15215.2,2245.586,-172.481,0.0,55.448869,11.85774,49.353216,5.762087,0.0,0.0,0.0,0.0,0.0,419.651231,23269.186,5.50099,9.843483,10621.696,1370.685,9840.128,13871.48,49.172,-15215.2,-2239.291,-5.599,100,True,34.24811
POSCO_KR,POSCO,KR,34.537,69.84605,ACCELERATED_15C,DISCLOSED_PATH,PORT-7827D72F6A22,CAND-BEF797E7835E02,P2,PORT-7827D72F6A22,419.651231,12457.798,29.686075,True,True,,0.0,2.0275124185786808e-05,True,True,True,True,,0.0,0.0,0.0,3,3,0.3934020479999999,0.65,1.54,P2,지연·부분헤지,False,24086.0,2035,9270.0,30.66481,12868.525,12868.525,18200.563,419.651231,30.66481,83.624625,38128.454,35093.177,40425.215,22224.651,3056.325,21.048,0.0,43.370689,12.705879,37.897667,7.232856,0.0,0.0,0.0,0.0,0.0,419.651231,18200.563,4.302734,7.699321,10592.322,1370.685,10633.458,15517.24,52.1,-22224.651,-3079.928,7.3,100,True,11.685316
POSCO_KR,POSCO,KR,34.537,69.84605,DISCLOSED_PATH,DISCLOSED_PATH,PORT-7827D72F6A22,CAND-BBFDE735F87B40,P1,PORT-7827D72F6A22,419.651231,18193.375,43.35356,True,False,,0.0,2.0275124185786808e-05,False,False,True,True,2037,3.1582950799999985,0.0,0.0,3,3,0.3934020479999999,0.65,1.54,P1,지연·현물조달,False,24086.0,2035,9270.0,44.436268,18647.735,18647.735,24379.703,419.651231,44.436268,80.693043,35937.873,33862.935,39594.903,15215.2,1896.234,-178.703,0.0,58.095155,13.658886,49.380703,4.944434,0.0,0.0,0.0,0.0,0.0,419.651231,24379.703,5.763523,10.313261,10610.352,1370.685,9502.05,14264.792,0.0,-15215.2,-1897.396,12.452,100,True,35.093249
POSCO_KR,POSCO,KR,34.537,69.84605,ACCELERATED_15C,DISCLOSED_PATH,PORT-7827D72F6A22,CAND-BBFDE735F87B40,P1,PORT-7827D72F6A22,419.651231,12909.807,30.763182,True,True,,0.0,2.0275124185786808e-05,True,True,True,True,,0.0,0.0,0.0,3,3,0.3934020479999999,0.65,1.54,P1,지연·현물조달,False,24086.0,2035,9270.0,31.912526,13392.131,13392.131,19586.436,419.651231,31.912526,84.872341,38137.718,35616.782,41811.087,22224.651,2558.364,37.428,-0.0,46.673128,14.760602,37.919742,6.007216,0.0,0.0,0.0,0.0,0.0,419.651231,19586.436,4.630363,8.285582,10421.803,1370.685,11792.104,14531.017,0.0,-22224.651,-2481.368,-17.46,100,True,12.933032
POSCO_KR,POSCO,KR,34.537,69.84605,DISCLOSED_PATH,DISCLOSED_PATH,PORT-08632101CCF5,CAND-2FCEDED2C189C1,P4,PORT-08632101CCF5,488.606259,30730.025,62.893229,True,False,,0.0,2.0275124185786808e-05,False,False,True,True,2036,0.0,0.0,0.063446895000002,3,3,0.459336608,0.65,2.02,P4,균형형 전환,False,27588.0,2036,9270.0,63.536551,31044.357,31044.357,35605.953,488.606259,63.536551,99.790994,54182.301,48758.504,53320.101,17714.147,5372.368,-51.429,0.0,72.872487,9.335935,74.6371,11.100548,0.0,0.0,0.0,0.0,0.0,488.606259,35605.953,8.417483,15.062262,11151.444,1771.894,11695.818,28798.056,487.568,-17714.147,-5166.577,20.3,100,True,54.193532
POSCO_KR,POSCO,KR,34.537,69.84605,ACCELERATED_15C,DISCLOSED_PATH,PORT-08632101CCF5,CAND-2FCEDED2C189C1,P4,PORT-08632101CCF5,488.606259,24223.062,49.575832,True,True,,0.0,2.0275124185786808e-05,True,True,True,True,,0.0,0.0,0.0,3,3,0.459336608,0.65,2.02,P4,균형형 전환,False,27588.0,2036,9270.0,50.386259,24619.042,24619.042,29282.819,488.606259,50.386259,103.169674,57916.298,50409.349,55073.126,25790.307,7559.229,52.28,-0.0,59.931321,9.545062,65.750266,15.364006,0.0,0.0,0.0,0.0,0.0,488.606259,29282.819,6.922652,12.387409,12147.18,1771.894,12567.64,30881.013,522.273,-25790.307,-7460.11,-20.541,100,True,31.406765
POSCO_KR,POSCO,KR,34.537,69.84605,DISCLOSED_PATH,DISCLOSED_PATH,PORT-2038E8D6C481,CAND-9DAADB965AABF6,P2,PORT-2038E8D6C481,428.201226,29256.785,68.324851,True,False,,0.0,2.0275124185786808e-05,False,False,True,True,2029,4.583295980000006,0.04299987899999996,0.0,2,3,0.3934020479999999,0.65,1.5399999999999998,P2,지연·부분헤지,False,23372.0,2029,7380.0,70.330889,30115.773,30115.773,36352.148,428.201226,70.330889,106.59387,48239.034,45643.626,51880.001,15527.853,2668.711,73.303,0.0,84.895011,14.564122,76.392076,6.061187,0.0,0.0,0.0,0.0,0.0,428.201226,36352.148,8.593888,15.377922,10269.415,1555.976,10318.852,25814.89,61.068,-15527.853,-2476.42,99.846,100,True,60.98787
POSCO_KR,POSCO,KR,34.537,69.84605,ACCELERATED_15C,DISCLOSED_PATH,PORT-2038E8D6C481,CAND-9DAADB965AABF6,P2,PORT-2038E8D6C481,428.201226,24038.613,56.138591,True,True,,0.0,2.0275124185786808e-05,True,True,True,True,,0.0,0.0,0.0,2,3,0.3934020479999999,0.65,1.5399999999999998,P2,지연·부분헤지,False,23372.0,2029,7380.0,58.386582,25001.206,25001.206,31611.634,428.201226,58.386582,111.299395,51263.803,47658.537,54268.965,22657.331,3674.004,68.739,0.0,73.824249,15.437667,66.806141,8.419559,0.0,0.0,0.0,0.0,0.0,428.201226,31611.634,7.473199,13.372559,10825.924,1555.976,10914.622,28004.034,64.496,-22657.331,-3634.255,-72.26,100,True,39.407088
POSCO_KR,POSCO,KR,34.537,69.84605,DISCLOSED_PATH,DISCLOSED_PATH,PORT-2038E8D6C481,CAND-25E596C7BBF514,P1,PORT-2038E8D6C481,428.201226,29861.829,69.737841,True,False,,0.0,2.0275124185786808e-05,False,False,True,True,2029,4.583295980000006,0.04299987899999996,0.0,2,3,0.3934020479999999,0.65,1.5399999999999998,P1,지연·현물조달,False,23372.0,2029,7380.0,72.090271,30869.142,30869.142,38057.249,428.201226,72.090271,108.353252,48303.311,46396.996,53585.102,15527.853,1998.565,92.25,0.0,88.877021,16.78675,76.542185,4.451914,0.0,0.0,0.0,0.0,0.0,428.201226,38057.249,8.996986,16.099226,10848.111,1555.976,9845.833,26209.936,0.0,-15527.853,-1961.27,-101.59,100,True,62.747252
POSCO_KR,POSCO,KR,34.537,69.84605,ACCELERATED_15C,DISCLOSED_PATH,PORT-2038E8D6C481,CAND-25E596C7BBF514,P1,PORT-2038E8D6C481,428.201226,24946.989,58.259966,True,True,,0.0,2.0275124185786808e-05,True,True,True,True,,0.0,0.0,0.0,2,3,0.3934020479999999,0.65,1.5399999999999998,P1,지연·현물조달,False,23372.0,2029,7380.0,60.886047,26071.48,26071.48,33800.126,428.201226,60.886047,113.798859,51363.305,48728.811,56457.457,22657.331,2702.236,67.742,-0.0,78.935146,18.049099,67.038513,6.152466,0.0,0.0,0.0,0.0,0.0,428.201226,33800.126,7.990574,14.29835,9812.832,1555.976,10972.256,28716.616,0.0,-22657.331,-2410.027,81.158,100,True,41.906553
POSCO_KR,POSCO,KR,34.537,69.84605,DISCLOSED_PATH,DISCLOSED_PATH,PORT-C9ABA0ED93B4,CAND-13A3A87B46A419,P4,PORT-C9ABA0ED93B4,496.681253,41390.925,83.334985,True,False,,0.0,2.0275124185786808e-05,False,False,True,True,2028,0.030599310000003044,0.16799987899999996,0.25344701500000255,2,3,0.45933660799999987,0.65,2.02,P4,균형형 전환,False,26874.0,2036,9270.0,84.983336,42209.63,42209.63,46584.43,496.681253,84.983336,121.233022,67011.5,60214.17,64588.97,18004.54,6811.17,13.839,0.0,93.7914,8.808064,98.668835,13.685499,0.0,0.0,0.0,0.0,0.0,496.681253,46584.43,11.012868,19.706449,13077.005,1961.418,10778.719,40752.57,595.859,-18004.54,-6818.02,-133.381,100,True,75.640317
POSCO_KR,POSCO,KR,34.537,69.84605,ACCELERATED_15C,DISCLOSED_PATH,PORT-C9ABA0ED93B4,CAND-13A3A87B46A419,P4,PORT-C9ABA0ED93B4,496.681253,34558.76,69.579352,True,True,,0.0,2.0275124185786808e-05,True,True,True,True,,0.0,0.0,0.0,2,3,0.45933660799999987,0.65,2.02,P4,균형형 전환,False,26874.0,2036,9270.0,71.049698,35289.053,35289.053,39829.614,496.681253,71.049698,123.761864,71312.42,61470.198,66010.759,26181.144,9703.075,-139.148,-0.0,80.191499,9.141801,90.865672,19.815974,0.0,0.0,0.0,0.0,0.0,496.681253,39829.614,9.415984,16.848983,16411.218,1961.418,11285.147,41350.839,634.378,-26181.144,-10194.941,22.137,100,True,52.070204
POSCO_KR,POSCO,KR,34.537,69.84605,DISCLOSED_PATH,DISCLOSED_PATH,PORT-13C60822C05B,CAND-27EB06146B7A52,P3,PORT-13C60822C05B,437.704222,37480.183,85.629018,True,False,,0.0,2.0275124185786808e-05,False,False,True,True,2029,0.0,0.04299987899999996,0.0,2,3,0.45933660799999987,0.65,2.02,P3,균형형 라이트헤지,False,26874.0,2037,9270.0,87.650147,38364.839,38364.839,44276.531,437.704222,87.650147,123.905097,58818.914,54233.784,60145.475,15868.945,4784.298,199.168,-0.0,101.156279,13.506133,98.125554,10.475408,0.0,0.0,0.0,0.0,0.0,437.704222,44276.531,10.467265,18.730147,9979.491,1685.362,9863.045,36818.942,235.927,-15868.945,-4375.119,26.135,100,True,78.307128
POSCO_KR,POSCO,KR,34.537,69.84605,ACCELERATED_15C,DISCLOSED_PATH,PORT-13C60822C05B,CAND-27EB06146B7A52,P3,PORT-13C60822C05B,437.704222,32023.823,73.163158,True,True,,0.0,2.0275124185786808e-05,True,True,True,True,,0.0,0.0,0.0,2,3,0.45933660799999987,0.65,2.02,P3,균형형 라이트헤지,False,26874.0,2037,9270.0,75.008211,32831.411,32831.411,39195.646,437.704222,75.008211,127.925546,62756.807,55993.552,62357.787,23162.141,6696.166,-67.089,-0.0,89.548247,14.540036,90.459868,15.451657,0.0,0.0,0.0,0.0,0.0,437.704222,39195.646,9.26611,16.580798,12319.293,1685.362,10516.607,37663.076,250.661,-23162.141,-6551.062,109.615,100,True,56.028717
POSCO_KR,POSCO,KR,34.537,69.84605,DISCLOSED_PATH,DISCLOSED_PATH,PORT-13C60822C05B,CAND-9F98CFC8518527,P2,PORT-13C60822C05B,437.704222,38647.747,88.296491,True,False,,0.0,2.0275124185786808e-05,False,False,True,True,2029,0.0,0.04299987899999996,0.0,2,3,0.45933660799999987,0.65,2.02,P2,지연·부분헤지,False,26874.0,2037,9270.0,90.894649,39784.972,39784.972,47139.08,437.704222,90.894649,127.149599,58830.855,55653.916,63008.024,15868.945,3447.524,270.586,0.0,107.696196,16.801547,98.152835,7.258185,0.0,0.0,0.0,0.0,0.0,437.704222,47139.08,11.14399,19.941081,9400.048,1685.362,10028.891,37278.656,73.135,-15868.945,-2831.279,19.103,100,True,81.55163
POSCO_KR,POSCO,KR,34.537,69.84605,ACCELERATED_15C,DISCLOSED_PATH,PORT-13C60822C05B,CAND-9F98CFC8518527,P2,PORT-13C60822C05B,437.704222,33794.436,77.208384,True,True,,0.0,2.0275124185786808e-05,True,True,True,True,,0.0,0.0,0.0,2,3,0.45933660799999987,0.65,2.02,P2,지연·부분헤지,False,26874.0,2037,9270.0,79.521722,34806.993,34806.993,42934.713,437.704222,79.521722,132.439056,62742.162,57969.134,66096.854,23162.141,4755.085,-17.942,-0.0,98.090699,18.568978,90.426409,10.904687,0.0,0.0,0.0,0.0,0.0,437.704222,42934.713,10.15005,18.162522,13888.679,1685.362,10081.739,37395.624,77.379,-23162.141,-5029.662,-129.988,100,True,60.542228
POSCO_KR,POSCO,KR,34.537,69.84605,DISCLOSED_PATH,DISCLOSED_PATH,PORT-C68307188813,CAND-717F18DFAF78F1,P4,PORT-C68307188813,501.427506,46098.554,91.934633,True,False,,0.0,2.0275124185786808e-05,False,False,True,True,2028,0.0,0.16799987899999996,0.25374674500000083,3,3,0.45933660799999987,0.65,2.02,P4,균형형 전환,False,26874.0,2034,9270.0,93.762794,47015.244,47015.244,51896.481,501.427506,93.762794,130.018866,72643.267,65195.036,70076.273,18179.792,7474.241,26.009,0.0,103.497476,9.734682,108.616848,14.854055,0.0,0.0,0.0,0.0,0.0,501.427506,51896.481,12.268672,21.953588,16258.591,2041.369,10011.5,43954.691,644.249,-18179.792,-7748.971,33.606,100,True,84.419775
POSCO_KR,POSCO,KR,34.537,69.84605,ACCELERATED_15C,DISCLOSED_PATH,PORT-C68307188813,CAND-717F18DFAF78F1,P4,PORT-C68307188813,501.427506,39286.211,78.348736,True,True,,0.0,2.0275124185786808e-05,True,True,True,True,,0.0,0.0,0.0,3,3,0.45933660799999987,0.65,2.02,P4,균형형 전환,False,26874.0,2034,9270.0,80.301544,40265.403,40265.403,45305.078,501.427506,80.301544,133.024234,77341.338,66702.01,71741.685,26436.606,10637.928,-1.401,0.0,90.3522,10.050655,101.519624,21.218079,0.0,0.0,0.0,0.0,0.0,501.427506,45305.078,10.71042,19.165249,13867.678,2041.369,11745.429,48946.306,686.108,-26436.606,-10667.629,82.749,100,True,61.32205
POSCO_KR,POSCO,KR,34.537,69.84605,DISCLOSED_PATH,DISCLOSED_PATH,PORT-13C60822C05B,CAND-78797020DAE1ED,P1,PORT-13C60822C05B,437.704222,39456.063,90.143208,True,False,,0.0,2.0275124185786808e-05,False,False,True,True,2029,0.0,0.04299987899999996,0.0,2,3,0.45933660799999987,0.65,2.02,P1,지연·현물조달,False,26874.0,2037,9270.0,93.263021,40821.618,40821.618,49268.557,437.704222,93.263021,129.517971,58877.256,56690.563,65137.502,15868.945,2542.583,355.89,0.0,112.561303,19.298282,98.258845,4.995824,0.0,0.0,0.0,0.0,0.0,437.704222,49268.557,11.647413,20.841906,9013.752,1685.362,10194.738,37585.132,0.0,-15868.945,-1781.074,-7.347,100,True,83.920002
POSCO_KR,POSCO,KR,34.537,69.84605,ACCELERATED_15C,DISCLOSED_PATH,PORT-13C60822C05B,CAND-78797020DAE1ED,P1,PORT-13C60822C05B,437.704222,35004.249,79.972381,True,True,,0.0,2.0275124185786808e-05,True,True,True,True,,0.0,0.0,0.0,2,3,0.45933660799999987,0.65,2.02,P1,지연·현물조달,False,26874.0,2037,9270.0,82.637521,36170.792,36170.792,45638.821,437.704222,82.637521,135.554856,62813.646,59332.933,68800.962,23162.141,3449.031,-31.681,0.0,104.268634,21.631112,90.589724,7.952202,0.0,0.0,0.0,0.0,0.0,437.704222,45638.821,10.789319,19.306432,14063.463,1685.362,10071.365,37418.736,0.0,-23162.141,-3779.921,-126.071,100,True,63.658027
POSCO_KR,POSCO,KR,34.537,69.84605,DISCLOSED_PATH,DISCLOSED_PATH,PORT-26982033AA0F,CAND-014834EFF571CA,P2,PORT-26982033AA0F,150.693902,17024.587,112.974623,False,False,2040,12.619087010000001,-12.619087010000001,True,True,True,True,,0.0,0.0,0.0,2,3,0.3107906560000001,0.65,1.06,P2,지연·부분헤지,False,14172.0,2032,6660.0,116.717957,17588.684,17588.684,20880.828,150.693902,116.717957,153.098492,24176.834,23071.009,26363.152,5482.325,1227.778,121.953,-0.0,138.564516,21.846559,124.056179,7.338222,0.0,0.0,0.0,0.0,0.0,150.693902,20880.828,4.936366,8.833144,3815.297,887.627,2467.218,16996.374,28.444,-5482.325,-1081.748,-42.203,100,True,107.374938
POSCO_KR,POSCO,KR,34.537,69.84605,ACCELERATED_15C,DISCLOSED_PATH,PORT-26982033AA0F,CAND-014834EFF571CA,P2,PORT-26982033AA0F,150.693902,15580.055,103.388754,False,False,2030,32.319087010000004,-32.319087010000004,True,True,True,True,,0.0,0.0,0.0,2,3,0.3107906560000001,0.65,1.06,P2,지연·부분헤지,False,14172.0,2032,6660.0,106.587243,16062.048,16062.048,19836.353,150.693902,106.587243,159.764117,25894.174,24075.478,27849.784,8013.431,1702.162,-116.534,-0.0,131.633418,25.046175,118.656054,12.068811,0.0,0.0,0.0,0.0,0.0,150.693902,19836.353,4.689445,8.391304,5033.566,887.627,2601.894,17293.247,30.132,-8013.431,-1802.794,31.805,100,True,87.607749
POSCO_KR,POSCO,KR,34.537,69.84605,DISCLOSED_PATH,DISCLOSED_PATH,PORT-3D4DF75A91D4,CAND-022C4C9D65C291,P2,PORT-3D4DF75A91D4,247.593892,32068.846,129.521958,True,True,,0.0,2.0275124185786808e-05,True,True,True,True,,0.0,0.0,0.0,3,3,0.41130035200000004,0.65,1.6999999999999997,P2,지연·부분헤지,False,20867.0,2035,9270.0,131.962012,32672.988,32672.988,38759.976,247.593892,131.962012,168.269391,44220.088,41662.473,47749.461,8989.485,2507.945,-49.67,-0.0,156.546577,24.584565,142.29189,10.329878,0.0,0.0,0.0,0.0,0.0,247.593892,38759.976,9.163115,16.396498,10210.726,1239.361,3971.143,29033.888,52.677,-8989.485,-2828.543,-16.778,100,True,122.618993
POSCO_KR,POSCO,KR,34.537,69.84605,ACCELERATED_15C,DISCLOSED_PATH,PORT-3D4DF75A91D4,CAND-022C4C9D65C291,P2,PORT-3D4DF75A91D4,247.593892,29953.33,120.977663,False,False,2030,16.16908871,-16.16908871,True,True,True,True,,0.0,0.0,0.0,3,3,0.41130035200000004,0.65,1.6999999999999997,P2,지연·부분헤지,False,20867.0,2035,9270.0,123.121938,30484.24,30484.24,37441.831,247.593892,123.121938,176.387943,47248.852,43672.577,50630.168,13188.337,3509.321,-66.953,-0.0,151.222755,28.100817,137.566052,14.444114,0.0,0.0,0.0,0.0,0.0,247.593892,37441.831,8.851497,15.838887,6225.093,1239.361,4847.206,34166.255,55.967,-13188.337,-2904.672,43.367,100,True,104.142444
POSCO_KR,POSCO,KR,34.537,69.84605,DISCLOSED_PATH,DISCLOSED_PATH,PORT-2E4122B1D61A,CAND-03F5DDC22322D9,P1,PORT-2E4122B1D61A,305.733857,44650.094,146.04236,True,False,,0.0,2.0275124185786808e-05,False,False,True,True,2029,0.0,0.04299987899999996,0.0,2,3,0.41130035200000004,0.65,1.7,P1,지연·현물조달,False,19502.0,2029,7380.0,151.332333,46267.418,46267.418,55109.98,305.733857,151.332333,187.689198,59460.579,57382.942,66225.505,11115.524,1895.537,-182.1,-0.0,180.254751,28.922418,158.127906,6.795573,0.0,0.0,0.0,0.0,0.0,305.733857,55109.98,13.028364,23.312983,10619.991,1557.003,5427.048,41849.747,0.0,-11115.524,-2235.983,165.136,100,True,141.989314
POSCO_KR,POSCO,KR,34.537,69.84605,ACCELERATED_15C,DISCLOSED_PATH,PORT-2E4122B1D61A,CAND-03F5DDC22322D9,P1,PORT-2E4122B1D61A,305.733857,42653.182,139.510823,False,False,2035,19.399090750000003,-19.399090750000003,True,True,True,True,,0.0,0.0,0.0,2,3,0.41130035200000004,0.65,1.7,P1,지연·현물조달,False,19502.0,2029,7380.0,144.747987,44254.36,44254.36,54255.487,305.733857,144.747987,197.508124,63238.2,60384.92,70386.047,16130.56,2585.684,-267.596,-0.0,177.459857,32.711869,154.080546,9.332559,0.0,0.0,0.0,0.0,0.0,305.733857,54255.487,12.826356,22.95151,11345.197,1557.003,6045.75,44857.458,0.0,-16130.56,-3176.597,-243.89,100,True,125.768493
POSCO_KR,POSCO,KR,34.537,69.84605,DISCLOSED_PATH,DISCLOSED_PATH,PORT-C07B5FF15869,CAND-0792E2DF105A73,P5,PORT-C07B5FF15869,362.346302,44516.622,122.856566,True,True,,0.0,2.0275124185786808e-05,True,True,True,True,,0.0,0.0,0.0,3,3,0.49715238399999995,0.65,2.34,P5,조기 계약형 전환,False,27562.0,2036,9270.0,123.347558,44694.532,44694.532,48145.658,362.346302,123.347558,159.635548,67640.201,57843.35,61294.477,13148.819,9806.064,9.214,0.0,132.871946,9.524388,150.384816,27.037258,0.0,0.0,0.0,0.0,0.0,362.346302,48145.658,11.381952,20.36689,12354.89,1735.149,6085.982,46420.692,1058.081,-13148.819,-9791.294,-20.149,100,True,114.004539
POSCO_KR,POSCO,KR,34.537,69.84605,ACCELERATED_15C,DISCLOSED_PATH,PORT-C07B5FF15869,CAND-0792E2DF105A73,P5,PORT-C07B5FF15869,362.346302,38890.511,107.329676,False,False,2030,5.470451711490618,-5.470451711490618,True,True,True,True,,0.0,0.0,0.0,3,3,0.49715238399999995,0.65,2.34,P5,조기 계약형 전환,False,27562.0,2036,9270.0,107.983921,39127.574,39127.574,42518.517,362.346302,107.983921,161.172747,72456.986,58400.349,61791.291,19272.774,14065.394,8.757,0.0,117.342213,9.358292,146.777299,38.793378,0.0,0.0,0.0,0.0,0.0,362.346302,42518.517,10.051659,17.98646,11375.272,1735.149,7013.918,51166.019,1134.859,-19272.774,-14036.367,11.497,100,True,89.004427
POSCO_KR,POSCO,KR,34.537,69.84605,DISCLOSED_PATH,DISCLOSED_PATH,PORT-92AEBEABC7A8,CAND-0A4190A420448F,P1,PORT-92AEBEABC7A8,232.293891,16309.673,70.211374,True,True,,0.0,2.0275124185786808e-05,True,True,True,True,,0.0,0.0,0.0,3,3,0.33950771199999996,0.65,1.2199999999999998,P1,지연·현물조달,False,18351.0,2035,9270.0,71.961274,16716.164,16716.164,20922.905,232.293891,71.961274,108.260469,26390.768,25148.246,29354.986,8432.081,1192.771,-49.752,-0.0,90.070834,18.10956,77.310197,5.348923,0.0,0.0,0.0,0.0,0.0,232.293891,20922.905,4.946313,8.850943,8925.735,999.359,3965.335,12911.091,0.0,-8432.081,-1669.622,16.347,100,True,62.618255
POSCO_KR,POSCO,KR,34.537,69.84605,ACCELERATED_15C,DISCLOSED_PATH,PORT-92AEBEABC7A8,CAND-0A4190A420448F,P1,PORT-92AEBEABC7A8,232.293891,13738.317,59.141966,False,False,2030,17.86908886,-17.86908886,True,True,True,True,,0.0,0.0,0.0,3,3,0.33950771199999996,0.65,1.2199999999999998,P1,지연·현물조달,False,18351.0,2035,9270.0,60.987429,14167.007,14167.007,18805.994,232.293891,60.987429,114.253236,28188.084,26540.329,31179.316,12373.321,1620.271,-27.484,-0.0,80.957765,19.970336,68.080837,7.093408,0.0,0.0,0.0,0.0,0.0,232.293891,18805.994,4.445862,7.955434,7977.838,999.359,4667.591,14755.836,0.0,-12373.321,-1904.379,44.083,100,True,42.007935
POSCO_KR,POSCO,KR,34.537,69.84605,DISCLOSED_PATH,DISCLOSED_PATH,PORT-7DC46150E6EE,CAND-0B0DF7CC24CCF4,P3,PORT-7DC46150E6EE,388.383849,43029.809,110.791963,True,False,,0.0,2.0275124185786808e-05,False,False,True,True,2029,0.0,0.04299987899999996,0.0,2,3,0.43582950399999987,0.65,1.8599999999999999,P3,균형형 라이트헤지,False,22695.0,2029,7380.0,113.47243,44070.859,44070.859,50644.719,388.383849,113.47243,149.794553,63130.617,58177.785,64751.645,14106.926,4953.05,0.217,0.0,130.398624,16.926194,126.224846,12.752416,0.0,0.0,0.0,0.0,0.0,388.383849,50644.719,11.972747,21.424059,9878.249,1703.559,7938.87,42865.17,246.718,-14106.926,-4711.057,256.277,100,True,104.129411
POSCO_KR,POSCO,KR,34.537,69.84605,ACCELERATED_15C,DISCLOSED_PATH,PORT-7DC46150E6EE,CAND-0B0DF7CC24CCF4,P3,PORT-7DC46150E6EE,388.383849,38554.208,99.268311,False,False,2040,5.624092200000003,-5.624092200000003,True,True,True,True,,0.0,0.0,0.0,2,3,0.43582950399999987,0.65,1.8599999999999999,P3,균형형 라이트헤지,False,22695.0,2029,7380.0,102.357672,39754.067,39754.067,46730.317,388.383849,102.357672,155.254957,67220.102,60298.518,67274.768,20544.451,7043.753,122.169,0.0,120.319928,17.962257,120.179175,17.821503,0.0,0.0,0.0,0.0,0.0,388.383849,46730.317,11.047356,19.768163,11308.886,1703.559,8634.61,45634.394,262.16,-20544.451,-7105.897,-139.195,100,True,83.378178
POSCO_KR,POSCO,KR,34.537,69.84605,DISCLOSED_PATH,DISCLOSED_PATH,PORT-531039DEA968,CAND-0CC93D992FF190,P3,PORT-531039DEA968,297.964268,27272.823,91.530514,True,True,,0.0,2.0275124185786808e-05,True,True,True,True,,0.0,0.0,0.0,2,3,0.43582950399999987,0.65,1.86,P3,균형형 라이트헤지,False,24060.0,2037,9270.0,93.145823,27754.127,27754.127,32131.762,297.964268,93.145823,129.368787,42074.162,38547.276,42924.91,10793.149,3564.984,38.098,0.0,107.837634,14.69181,104.98243,11.836607,0.0,0.0,0.0,0.0,0.0,297.964268,32131.762,7.596161,13.592587,9946.815,1255.988,5665.44,25070.073,169.544,-10793.149,-3538.937,-21.646,100,True,83.802804
POSCO_KR,POSCO,KR,34.537,69.84605,ACCELERATED_15C,DISCLOSED_PATH,PORT-531039DEA968,CAND-0CC93D992FF190,P3,PORT-531039DEA968,297.964268,23648.405,79.366581,False,False,2030,5.470451711490618,-5.470451711490618,True,True,True,True,,0.0,0.0,0.0,2,3,0.43582950399999987,0.65,1.86,P3,균형형 라이트헤지,False,24060.0,2037,9270.0,81.235635,24205.317,24205.317,28768.478,297.964268,81.235635,134.463586,45026.481,40065.344,44628.505,15860.027,5007.026,45.889,0.0,96.550092,15.314457,97.885741,16.650106,0.0,0.0,0.0,0.0,0.0,297.964268,28768.478,6.801059,12.169829,9806.744,1255.988,6188.53,27626.621,180.728,-15860.027,-4985.083,-8.184,100,True,62.256141
POSCO_KR,POSCO,KR,34.537,69.84605,DISCLOSED_PATH,DISCLOSED_PATH,PORT-1CB3B12B9B60,CAND-0D9DBFAFAC1A93,P2,PORT-1CB3B12B9B60,453.004224,54717.65,120.788388,True,False,,0.0,2.0275124185786808e-05,False,False,True,True,2029,0.0,0.04299987899999996,0.0,2,3,0.5181043679999999,0.65,2.5,P2,지연·부분헤지,False,29390.0,2037,9270.0,124.455453,56378.846,56378.846,66328.023,453.004224,124.455453,160.71637,77457.689,72805.194,82754.372,16426.349,4392.536,-259.959,0.0,146.418112,21.962659,134.725765,10.270312,0.0,0.0,0.0,0.0,0.0,453.004224,66328.023,15.680384,28.058513,16844.387,1925.364,8335.688,50626.576,91.924,-16426.349,-4800.375,-218.37,100,True,115.112434
POSCO_KR,POSCO,KR,34.537,69.84605,ACCELERATED_15C,DISCLOSED_PATH,PORT-1CB3B12B9B60,CAND-0D9DBFAFAC1A93,P2,PORT-1CB3B12B9B60,453.004224,50475.868,111.424718,True,True,,0.0,2.0275124185786808e-05,True,True,True,True,,0.0,0.0,0.0,2,3,0.5181043679999999,0.65,2.5,P2,지연·부분헤지,False,29390.0,2037,9270.0,115.357962,52257.644,52257.644,62682.589,453.004224,115.357962,168.287175,82349.587,76234.801,86659.746,23977.157,6108.604,-6.181,0.0,138.370872,23.01291,128.856259,13.498297,0.0,0.0,0.0,0.0,0.0,453.004224,62682.589,14.818579,26.516398,16844.387,1925.364,9268.758,54312.73,97.389,-23977.157,-6645.403,431.575,100,True,96.378468
POSCO_KR,POSCO,KR,34.537,69.84605,DISCLOSED_PATH,DISCLOSED_PATH,PORT-9341B5E9E1AE,CAND-11A200804B1E4C,P1,PORT-9341B5E9E1AE,190.511279,1796.705,9.430965,False,False,2035,0.5397425250000012,-0.5397425250000012,True,True,True,True,,0.0,0.0,0.0,2,3,0.25895987200000004,0.65,0.74,P1,지연·현물조달,False,14849.0,2037,5768.0,10.54153,2008.28,2008.28,3202.059,190.511279,10.54153,46.776926,9496.964,8911.532,10105.311,6903.252,584.998,-0.433,0.0,16.807714,6.266184,13.614479,3.07295,0.0,0.0,0.0,0.0,0.0,190.511279,3202.059,0.756988,1.354556,4999.745,740.044,3821.267,0.0,0.0,-6903.252,-621.219,-28.305,100,True,1.198511
POSCO_KR,POSCO,KR,34.537,69.84605,ACCELERATED_15C,DISCLOSED_PATH,PORT-9341B5E9E1AE,CAND-11A200804B1E4C,P1,PORT-9341B5E9E1AE,190.511279,-1122.509,-5.892089,False,False,2030,20.239742525,-20.239742525,True,True,True,True,,0.0,0.0,0.0,2,3,0.25895987200000004,0.65,0.74,P1,지연·현물조달,False,14849.0,2037,5768.0,-4.855757,-925.076,-925.076,309.776,190.511279,-4.855757,48.297583,9991.65,9201.234,10436.086,10126.311,780.897,-9.518,-0.0,1.626022,6.481779,-0.706841,4.148915,0.0,0.0,0.0,0.0,0.0,190.511279,309.776,0.073233,0.131043,4468.77,740.044,4757.451,0.0,0.0,-10126.311,-766.527,1.496,100,True,-23.835251
POSCO_KR,POSCO,KR,34.537,69.84605,DISCLOSED_PATH,DISCLOSED_PATH,PORT-2E4122B1D61A,CAND-1452ABFC21BA3C,P3,PORT-2E4122B1D61A,305.733857,42196.952,138.018577,True,False,,0.0,2.0275124185786808e-05,False,False,True,True,2029,0.0,0.04299987899999996,0.0,2,3,0.41130035200000004,0.65,1.7,P3,균형형 라이트헤지,False,19502.0,2029,7380.0,141.768762,43343.51,43343.51,49417.531,305.733857,141.768762,178.125626,59181.073,54459.035,60533.056,11115.524,4619.709,-102.33,0.0,161.635783,19.867021,157.213694,15.444932,0.0,0.0,0.0,0.0,0.0,305.733857,49417.531,11.682632,20.904926,9178.602,1557.003,5533.009,42704.536,227.38,-11115.524,-4641.87,-99.625,100,True,132.425743
POSCO_KR,POSCO,KR,34.537,69.84605,ACCELERATED_15C,DISCLOSED_PATH,PORT-2E4122B1D61A,CAND-1452ABFC21BA3C,P3,PORT-2E4122B1D61A,305.733857,38980.686,127.498755,False,False,2035,19.399090750000003,-19.399090750000003,True,True,True,True,,0.0,0.0,0.0,2,3,0.41130035200000004,0.65,1.7,P3,균형형 라이트헤지,False,19502.0,2029,7380.0,131.174172,40104.386,40104.386,46696.616,305.733857,131.174172,183.934308,62946.794,56234.946,62827.176,16130.56,6603.256,-108.592,0.0,152.736164,21.561992,153.12741,21.953238,0.0,0.0,0.0,0.0,0.0,305.733857,46696.616,11.039389,19.753907,9178.602,1557.003,6130.26,45888.744,241.602,-16130.56,-6610.35,-150.916,100,True,112.194678
POSCO_KR,POSCO,KR,34.537,69.84605,DISCLOSED_PATH,DISCLOSED_PATH,PORT-A7B7FDCF1108,CAND-16671384F832DB,P4,PORT-A7B7FDCF1108,414.706243,56329.185,135.829122,True,False,,0.0,2.0275124185786808e-05,False,False,True,True,2028,0.0,0.16799987899999996,0.0,3,3,0.49715238399999995,0.65,2.34,P4,균형형 전환,False,28082.0,2036,9270.0,138.471239,57424.887,57424.887,62688.843,414.706243,138.471239,174.676966,81380.298,72439.628,77703.584,15014.741,8890.553,-50.117,0.0,151.164454,12.693214,160.030283,21.559044,0.0,0.0,0.0,0.0,0.0,414.706243,62688.843,14.820057,26.519043,13447.527,2011.581,7434.923,57718.165,717.272,-15014.741,-8861.23,-28.61,100,True,129.12822
POSCO_KR,POSCO,KR,34.537,69.84605,ACCELERATED_15C,DISCLOSED_PATH,PORT-A7B7FDCF1108,CAND-16671384F832DB,P4,PORT-A7B7FDCF1108,414.706243,51046.418,123.090546,True,True,,0.0,2.0275124185786808e-05,True,True,True,True,,0.0,0.0,0.0,3,3,0.49715238399999995,0.65,2.34,P4,균형형 전환,False,28082.0,2036,9270.0,125.718652,52136.31,52136.31,57470.077,414.706243,125.718652,178.37581,86701.688,73973.562,79307.33,21837.252,12697.728,-30.397,-0.0,138.580208,12.861556,156.410559,30.691907,0.0,0.0,0.0,0.0,0.0,414.706243,57470.077,13.586307,24.311367,13351.916,2011.581,8343.884,62164.734,765.32,-21837.252,-12670.047,6.175,100,True,106.739158
POSCO_KR,POSCO,KR,34.537,69.84605,DISCLOSED_PATH,DISCLOSED_PATH,PORT-F7156CC53AF8,CAND-16DADA55DF87CF,P2,PORT-F7156CC53AF8,353.711217,42804.775,121.016165,True,False,,0.0,2.0275124185786808e-05,False,False,True,True,2029,0.0,0.04299987899999996,0.0,3,3,0.43582950399999987,0.65,1.86,P2,지연·부분헤지,False,24580.0,2035,9270.0,124.545252,44053.053,44053.053,51997.382,353.711217,124.545252,160.763127,60585.465,56863.721,64808.05,12810.669,3353.252,-368.491,0.0,147.005182,22.45993,135.067235,10.521983,0.0,0.0,0.0,0.0,0.0,353.711217,51997.382,12.292525,21.996271,13412.682,1589.724,6077.913,39399.227,71.592,-12810.669,-3752.307,64.89,100,True,115.202233
POSCO_KR,POSCO,KR,34.537,69.84605,ACCELERATED_15C,DISCLOSED_PATH,PORT-F7156CC53AF8,CAND-16DADA55DF87CF,P2,PORT-F7156CC53AF8,353.711217,39482.311,111.623012,False,False,2040,1.029748835000003,-1.029748835000003,True,True,True,True,,0.0,0.0,0.0,3,3,0.43582950399999987,0.65,1.86,P2,지연·부분헤지,False,24580.0,2035,9270.0,114.822711,40614.081,40614.081,48930.698,353.711217,114.822711,167.665973,64351.015,59305.335,67621.952,18691.255,4660.764,-384.916,0.0,138.33516,23.512449,129.087681,14.264971,0.0,0.0,0.0,0.0,0.0,353.711217,48930.698,11.567541,20.698983,12813.121,1589.724,7202.136,42361.777,75.798,-18691.255,-4979.594,242.374,100,True,95.843217
POSCO_KR,POSCO,KR,34.537,69.84605,DISCLOSED_PATH,DISCLOSED_PATH,PORT-0EE037EBD6C8,CAND-19A0EC6A18A011,P1,PORT-0EE037EBD6C8,387.333846,43559.568,112.460009,True,False,,0.0,2.0275124185786808e-05,False,False,True,True,2029,0.0,0.04299987899999996,0.0,3,3,0.435829504,0.65,1.8599999999999999,P1,지연·현물조달,False,23681.0,2035,9270.0,117.079657,45348.914,45348.914,54316.369,387.333846,117.079657,153.392727,61578.583,59414.195,68381.65,14065.281,2314.76,150.372,0.0,140.231405,23.151748,122.667572,5.587915,0.0,0.0,0.0,0.0,0.0,387.333846,54316.369,12.840749,22.977265,10605.594,1668.735,7985.631,41208.544,0.0,-14065.281,-2119.357,65.047,100,True,107.736638
POSCO_KR,POSCO,KR,34.537,69.84605,ACCELERATED_15C,DISCLOSED_PATH,PORT-0EE037EBD6C8,CAND-19A0EC6A18A011,P1,PORT-0EE037EBD6C8,387.333846,40252.571,103.922164,False,False,2040,4.949092600000004,-4.949092600000004,True,True,True,True,,0.0,0.0,0.0,3,3,0.435829504,0.65,1.8599999999999999,P1,지연·현물조달,False,23681.0,2035,9270.0,109.123655,42267.285,42267.285,51503.93,387.333846,109.123655,162.024921,65814.951,62757.736,71994.381,20490.451,3148.46,91.244,-0.0,132.970384,23.846729,117.016627,7.892972,0.0,0.0,0.0,0.0,0.0,387.333846,51503.93,12.17587,21.787528,10605.594,1668.735,8882.705,44524.335,0.0,-20490.451,-2881.125,-42.508,100,True,90.144161
POSCO_KR,POSCO,KR,34.537,69.84605,DISCLOSED_PATH,DISCLOSED_PATH,PORT-15CB4F8207C5,CAND-1F4761E26DC6B1,P2,PORT-15CB4F8207C5,312.214267,42315.721,135.534232,True,True,,0.0,2.0275124185786808e-05,True,True,True,True,,0.0,0.0,0.0,3,3,0.49715238399999995,0.65,2.34,P2,지연·부분헤지,False,27562.0,2037,9270.0,137.690202,42988.846,42988.846,51616.249,312.214267,137.690202,173.911826,57883.225,54297.753,62925.157,11308.908,3582.262,-3.21,0.0,165.32316,27.632958,149.174212,11.48401,0.0,0.0,0.0,0.0,0.0,312.214267,51616.249,12.202423,21.835042,12663.788,1461.166,5110.795,38662.749,70.128,-11308.908,-3669.476,-1.397,100,True,128.347183
POSCO_KR,POSCO,KR,34.537,69.84605,ACCELERATED_15C,DISCLOSED_PATH,PORT-15CB4F8207C5,CAND-1F4761E26DC6B1,P2,PORT-15CB4F8207C5,312.214267,39702.272,127.163541,False,False,2030,5.470451711490618,-5.470451711490618,True,True,True,True,,0.0,0.0,0.0,3,3,0.49715238399999995,0.65,2.34,P2,지연·부분헤지,False,27562.0,2037,9270.0,129.339057,40381.499,40381.499,50051.06,312.214267,129.339057,182.575071,61958.642,57002.542,66672.103,16621.043,4952.511,-3.589,0.0,160.309971,30.970914,145.213091,15.874034,0.0,0.0,0.0,0.0,0.0,312.214267,50051.06,11.832402,21.172926,11378.414,1461.166,5848.766,43054.568,74.51,-16621.043,-4788.382,-26.5,100,True,110.359563
NIPPON_STEEL_JP,Nippon Steel,JP,34.3,72.6,DISCLOSED_PATH,DISCLOSED_PATH,PORT-6742936593A9,CAND-7400D0EA735D98,P3,PORT-6742936593A9,454.753949,36270.549,79.758623,True,True,,0.0,3.446647212967946e-06,True,True,True,True,,0.0,0.0,0.0,2,2,0.47641018879999986,0.65,2.16,P3,균형형 라이트헤지,False,29348.0,2034,8019.0,81.683404,37145.85,37145.85,44184.626,454.753949,81.683404,116.692885,58706.986,53066.55,60105.326,15920.7,5677.419,36.984,0.0,97.16161,15.478206,94.086672,12.403268,0.0,0.0,0.0,0.0,0.0,454.753949,44184.626,4.495049,8.232219,13865.92,1232.202,16172.502,27368.738,242.595,-15920.7,-5789.147,-26.259,100,True,58.618961
NIPPON_STEEL_JP,Nippon Steel,JP,34.3,72.6,ACCELERATED_15C,DISCLOSED_PATH,PORT-6742936593A9,CAND-7400D0EA735D98,P3,PORT-6742936593A9,454.753949,31092.014,68.371069,True,True,,0.0,3.446647212967946e-06,True,True,True,True,,0.0,0.0,0.0,2,2,0.47641018879999986,0.65,2.16,P3,균형형 라이트헤지,False,29348.0,2034,8019.0,70.226785,31935.908,31935.908,39510.251,454.753949,70.226785,121.885779,62964.325,55428.039,63002.383,23492.132,7478.087,-58.198,0.0,86.882701,16.655916,86.799012,16.572227,0.0,0.0,0.0,0.0,0.0,454.753949,39510.251,4.01951,7.361317,13603.273,1232.202,18282.507,29577.282,259.354,-23492.132,-7515.869,-10.709,100,True,35.865983
NIPPON_STEEL_JP,Nippon Steel,JP,34.3,72.6,DISCLOSED_PATH,DISCLOSED_PATH,PORT-6742936593A9,CAND-F6184286A4322F,P2,PORT-6742936593A9,454.753949,37375.086,82.187491,True,True,,0.0,3.446647212967946e-06,True,True,True,True,,0.0,0.0,0.0,2,2,0.47641018879999986,0.65,2.16,P2,지연·부분헤지,False,29348.0,2034,8019.0,84.572873,38459.848,38459.848,47331.072,454.753949,84.572873,119.582355,58782.544,54380.548,63251.772,15920.7,4381.61,-20.386,-0.0,104.080618,19.507745,94.252825,9.679952,0.0,0.0,0.0,0.0,0.0,454.753949,47331.072,4.815148,8.818447,13713.205,1232.202,16794.176,27012.072,77.272,-15920.7,-4479.323,30.944,100,True,61.50843
NIPPON_STEEL_JP,Nippon Steel,JP,34.3,72.6,ACCELERATED_15C,DISCLOSED_PATH,PORT-6742936593A9,CAND-F6184286A4322F,P2,PORT-6742936593A9,454.753949,32776.213,72.074609,True,True,,0.0,3.446647212967946e-06,True,True,True,True,,0.0,0.0,0.0,2,2,0.47641018879999986,0.65,2.16,P2,지연·부분헤지,False,29348.0,2034,8019.0,74.365957,33818.212,33818.212,43560.575,454.753949,74.365957,126.024951,62996.32,57310.344,67052.706,23492.132,5589.4,-96.576,0.0,95.789327,21.42337,86.869368,12.503412,0.0,0.0,0.0,0.0,0.0,454.753949,43560.575,4.431562,8.11595,14036.463,1232.202,17922.484,29802.99,82.225,-23492.132,-5778.192,12.172,100,True,40.005155
NIPPON_STEEL_JP,Nippon Steel,JP,34.3,72.6,DISCLOSED_PATH,DISCLOSED_PATH,PORT-6742936593A9,CAND-18F73BD54A9F34,P1,PORT-6742936593A9,454.753949,38138.549,83.866339,True,True,,0.0,3.446647212967946e-06,True,True,True,True,,0.0,0.0,0.0,2,2,0.47641018879999986,0.65,2.16,P1,지연·현물조달,False,29348.0,2034,8019.0,86.64864,39403.811,39403.811,49744.016,454.753949,86.64864,121.658121,58911.23,55324.511,65664.716,15920.7,3522.815,-63.903,0.0,109.386661,22.738021,94.535803,7.887163,0.0,0.0,0.0,0.0,0.0,454.753949,49744.016,5.060625,9.268012,10419.367,1232.202,16347.583,30087.691,0.0,-15920.7,-2756.64,-5.691,100,True,63.584197
NIPPON_STEEL_JP,Nippon Steel,JP,34.3,72.6,ACCELERATED_15C,DISCLOSED_PATH,PORT-6742936593A9,CAND-18F73BD54A9F34,P1,PORT-6742936593A9,454.753949,33926.565,74.604223,True,True,,0.0,3.446647212967946e-06,True,True,True,True,,0.0,0.0,0.0,2,2,0.47641018879999986,0.65,2.16,P1,지연·현물조달,False,29348.0,2034,8019.0,77.308233,35156.224,35156.224,46645.41,454.753949,77.308233,128.967227,63129.139,58648.356,70137.542,23492.132,4315.582,-165.201,-0.0,102.572854,25.264621,87.161437,9.853204,0.0,0.0,0.0,0.0,0.0,454.753949,46645.41,4.745393,8.690698,14150.158,1232.202,18033.741,29777.452,0.0,-23492.132,-4575.272,30.075,100,True,42.947431
NIPPON_STEEL_JP,Nippon Steel,JP,34.3,72.6,DISCLOSED_PATH,DISCLOSED_PATH,PORT-9E76B3BFF9FF,CAND-EBD30C485CEFDA,P2,PORT-9E76B3BFF9FF,456.103943,40161.86,88.054182,True,True,,0.0,3.446647212967946e-06,True,True,True,True,,0.0,0.0,0.0,2,2,0.47641018879999986,0.65,2.16,P2,지연·부분헤지,False,28936.6,2032,6930.0,90.726621,41380.769,41380.769,49506.96,456.103943,90.726621,125.73817,62033.058,57349.675,65475.866,15968.906,4484.115,-199.268,0.0,108.543153,17.816532,100.994857,10.268237,0.0,0.0,0.0,0.0,0.0,456.103943,49506.96,5.036508,9.223845,9805.309,1264.395,17662.169,32181.496,80.025,-15968.906,-3618.345,-25.374,100,True,67.662178
NIPPON_STEEL_JP,Nippon Steel,JP,34.3,72.6,ACCELERATED_15C,DISCLOSED_PATH,PORT-9E76B3BFF9FF,CAND-EBD30C485CEFDA,P2,PORT-9E76B3BFF9FF,456.103943,35619.4,78.094918,True,True,,0.0,3.446647212967946e-06,True,True,True,True,,0.0,0.0,0.0,2,2,0.47641018879999986,0.65,2.16,P2,지연·부분헤지,False,28936.6,2032,6930.0,80.971142,36931.257,36931.257,45728.245,456.103943,80.971142,132.62455,66380.612,60490.58,69287.568,23559.323,5739.15,-150.883,-0.0,100.258386,19.287244,93.884936,12.913794,0.0,0.0,0.0,0.0,0.0,456.103943,45728.245,4.652087,8.519817,13215.191,1264.395,17730.258,33921.621,85.094,-23559.323,-5723.823,-2.155,100,True,46.61034
NIPPON_STEEL_JP,Nippon Steel,JP,34.3,72.6,DISCLOSED_PATH,DISCLOSED_PATH,PORT-9E76B3BFF9FF,CAND-C1AAA9A0078119,P1,PORT-9E76B3BFF9FF,456.103943,41012.769,89.919787,True,True,,0.0,3.446647212967946e-06,True,True,True,True,,0.0,0.0,0.0,2,2,0.47641018879999986,0.65,2.16,P1,지연·현물조달,False,28936.6,2032,6930.0,93.042097,42436.867,42436.867,51814.712,456.103943,93.042097,128.053646,62138.243,58405.773,67783.618,15968.906,3524.282,-208.188,-0.0,113.60286,20.560763,101.225472,8.183375,0.0,0.0,0.0,0.0,0.0,456.103943,51814.712,5.271283,9.653812,15599.724,1264.395,15280.272,30434.953,0.0,-15968.906,-4124.389,-49.182,100,True,69.977654
NIPPON_STEEL_JP,Nippon Steel,JP,34.3,72.6,ACCELERATED_15C,DISCLOSED_PATH,PORT-9E76B3BFF9FF,CAND-C1AAA9A0078119,P1,PORT-9E76B3BFF9FF,456.103943,36907.411,80.918861,True,True,,0.0,3.446647212967946e-06,True,True,True,True,,0.0,0.0,0.0,2,2,0.47641018879999986,0.65,2.16,P1,지연·현물조달,False,28936.6,2032,6930.0,84.279404,38440.169,38440.169,48808.356,456.103943,84.279404,135.932813,66489.747,61999.492,72367.679,23559.323,4316.925,-173.33,-0.0,107.011475,22.732071,94.124211,9.844806,0.0,0.0,0.0,0.0,0.0,456.103943,48808.356,4.965437,9.093685,13689.13,1264.395,17519.179,33943.137,0.0,-23559.323,-4432.487,16.139,100,True,49.918602
NIPPON_STEEL_JP,Nippon Steel,JP,34.3,72.6,DISCLOSED_PATH,DISCLOSED_PATH,PORT-00B029BF7478,CAND-EF9F86F64A1C2A,P3,PORT-00B029BF7478,459.478949,42624.951,92.768018,True,True,,0.0,3.446647212967946e-06,True,True,True,True,,0.0,0.0,0.0,2,2,0.5333221247999997,0.65,2.6399999999999997,P3,균형형 라이트헤지,False,32153.0,2034,8019.0,94.727805,43525.432,43525.432,51142.209,459.478949,94.727805,129.733518,66151.528,59609.82,67226.597,16084.388,6589.049,47.341,0.0,111.304793,16.576988,108.965035,14.23723,0.0,0.0,0.0,0.0,0.0,459.478949,51142.209,5.202867,9.528515,13236.133,1294.782,15720.011,35370.678,271.931,-16084.388,-6269.607,-14.108,100,True,71.663362
NIPPON_STEEL_JP,Nippon Steel,JP,34.3,72.6,ACCELERATED_15C,DISCLOSED_PATH,PORT-00B029BF7478,CAND-EF9F86F64A1C2A,P3,PORT-00B029BF7478,459.478949,37612.255,81.858493,True,True,,0.0,3.446647212967946e-06,True,True,True,True,,0.0,0.0,0.0,2,2,0.5333221247999997,0.65,2.6399999999999997,P3,균형형 라이트헤지,False,32153.0,2034,8019.0,84.002813,38597.524,38597.524,46629.623,459.478949,84.002813,135.663814,70972.785,62334.667,70366.765,23737.143,8757.885,119.766,-0.0,101.483698,17.480885,102.802627,18.799814,0.0,0.0,0.0,0.0,0.0,459.478949,46629.623,4.743787,8.687757,14503.556,1294.782,18081.409,36749.164,290.94,-23737.143,-8644.553,59.368,100,True,49.642011
NIPPON_STEEL_JP,Nippon Steel,JP,34.3,72.6,DISCLOSED_PATH,DISCLOSED_PATH,PORT-00B029BF7478,CAND-BCE0067D428D60,P2,PORT-00B029BF7478,459.478949,43972.256,95.700264,True,True,,0.0,3.446647212967946e-06,True,True,True,True,,0.0,0.0,0.0,2,2,0.5333221247999997,0.65,2.6399999999999997,P2,지연·부분헤지,False,32153.0,2034,8019.0,98.097738,45073.846,45073.846,54684.838,459.478949,98.097738,133.103451,66196.661,61158.234,70769.226,16084.388,5008.887,-29.541,-0.0,119.014893,20.917154,109.063263,10.965524,0.0,0.0,0.0,0.0,0.0,459.478949,54684.838,5.563271,10.188557,12938.617,1294.782,15767.772,35728.229,85.879,-16084.388,-4575.694,-81.353,100,True,75.033295
NIPPON_STEEL_JP,Nippon Steel,JP,34.3,72.6,ACCELERATED_15C,DISCLOSED_PATH,PORT-00B029BF7478,CAND-BCE0067D428D60,P2,PORT-00B029BF7478,459.478949,39677.474,86.353193,True,True,,0.0,3.446647212967946e-06,True,True,True,True,,0.0,0.0,0.0,2,2,0.5333221247999997,0.65,2.6399999999999997,P2,지연·부분헤지,False,32153.0,2034,8019.0,89.064152,40923.103,40923.103,51236.112,459.478949,89.064152,140.725153,70968.184,64660.245,74973.255,23737.143,6448.246,140.307,0.0,111.509161,22.445009,102.792612,13.72846,0.0,0.0,0.0,0.0,0.0,459.478949,51236.112,5.21242,9.546011,14498.523,1294.782,18294.987,36749.612,91.425,-23737.143,-6347.645,78.562,100,True,54.70335
NIPPON_STEEL_JP,Nippon Steel,JP,34.3,72.6,DISCLOSED_PATH,DISCLOSED_PATH,PORT-00B029BF7478,CAND-F940A5016FE44E,P1,PORT-00B029BF7478,459.478949,44901.773,97.723243,True,True,,0.0,3.446647212967946e-06,True,True,True,True,,0.0,0.0,0.0,2,2,0.5333221247999997,0.65,2.6399999999999997,P1,지연·현물조달,False,32153.0,2034,8019.0,100.565506,46207.733,46207.733,57367.23,459.478949,100.565506,135.571219,66320.241,62292.121,73451.618,16084.388,4008.127,-19.992,0.0,124.852793,24.287287,109.332218,8.766712,0.0,0.0,0.0,0.0,0.0,459.478949,57367.23,5.83616,10.688324,12740.274,1294.782,15815.532,35966.596,0.0,-16084.388,-3431.644,-93.42,100,True,77.501063
NIPPON_STEEL_JP,Nippon Steel,JP,34.3,72.6,ACCELERATED_15C,DISCLOSED_PATH,PORT-00B029BF7478,CAND-F940A5016FE44E,P1,PORT-00B029BF7478,459.478949,41085.871,89.418396,True,True,,0.0,3.446647212967946e-06,True,True,True,True,,0.0,0.0,0.0,2,2,0.5333221247999997,0.65,2.6399999999999997,P1,지연·현물조달,False,32153.0,2034,8019.0,92.632057,42562.48,42562.48,54700.653,459.478949,92.632057,144.293058,71052.06,66299.623,78437.795,23737.143,4945.749,193.312,0.0,119.049312,26.417255,102.975158,10.343101,0.0,0.0,0.0,0.0,0.0,459.478949,54700.653,5.56488,10.191503,14495.168,1294.782,18508.565,36749.91,0.0,-23737.143,-4816.618,67.816,100,True,58.271255
NIPPON_STEEL_JP,Nippon Steel,JP,34.3,72.6,DISCLOSED_PATH,DISCLOSED_PATH,PORT-05EE518306D9,CAND-1F99EBB5AE8665,P3,PORT-05EE518306D9,460.828943,45283.626,98.265585,True,True,,0.0,3.446647212967946e-06,True,True,True,True,,0.0,0.0,0.0,2,2,0.5333221247999997,0.65,2.6399999999999997,P3,균형형 라이트헤지,False,31741.6,2038,7425.0,100.410602,46272.112,46272.112,53311.499,460.828943,100.410602,135.418373,69166.817,62404.705,69444.092,16132.594,6827.244,65.132,-0.0,115.68609,15.275488,115.084403,14.6738,0.0,0.0,0.0,0.0,0.0,460.828943,53311.499,5.423556,9.932684,14609.013,1326.975,15875.402,37031.884,282.513,-16132.594,-6753.514,32.433,100,True,77.346159
NIPPON_STEEL_JP,Nippon Steel,JP,34.3,72.6,ACCELERATED_15C,DISCLOSED_PATH,PORT-05EE518306D9,CAND-1F99EBB5AE8665,P3,PORT-05EE518306D9,460.828943,40251.786,87.346479,True,True,,0.0,3.446647212967946e-06,True,True,True,True,,0.0,0.0,0.0,2,2,0.5333221247999997,0.65,2.6399999999999997,P3,균형형 라이트헤지,False,31741.6,2038,7425.0,89.673423,41324.108,41324.108,48896.275,460.828943,89.673423,141.328889,74248.062,65128.443,72700.609,23804.334,9180.888,61.269,0.0,106.105044,16.431621,109.463019,19.789597,0.0,0.0,0.0,0.0,0.0,460.828943,48896.275,4.974381,9.110066,14609.013,1326.975,17508.082,40464.402,301.965,-23804.334,-9052.7,-29.295,100,True,55.312621
NIPPON_STEEL_JP,Nippon Steel,JP,34.3,72.6,DISCLOSED_PATH,DISCLOSED_PATH,PORT-05EE518306D9,CAND-7BA4793B4CD2AC,P2,PORT-05EE518306D9,460.828943,46759.03,101.467217,True,True,,0.0,3.446647212967946e-06,True,True,True,True,,0.0,0.0,0.0,2,2,0.5333221247999997,0.65,2.6399999999999997,P2,지연·부분헤지,False,31741.6,2038,7425.0,104.216457,48025.96,48025.96,56830.965,460.828943,104.216457,139.224227,69167.146,64158.553,72963.559,16132.594,5134.001,125.409,-0.0,123.323341,19.106884,115.085116,10.868659,0.0,0.0,0.0,0.0,0.0,460.828943,56830.965,5.781603,10.588411,14644.778,1326.975,15975.346,37116.184,88.632,-16132.594,-5063.297,69.935,100,True,81.152014
NIPPON_STEEL_JP,Nippon Steel,JP,34.3,72.6,ACCELERATED_15C,DISCLOSED_PATH,PORT-05EE518306D9,CAND-7BA4793B4CD2AC,P2,PORT-05EE518306D9,460.828943,42520.661,92.269944,True,True,,0.0,3.446647212967946e-06,True,True,True,True,,0.0,0.0,0.0,2,2,0.5333221247999997,0.65,2.6399999999999997,P2,지연·부분헤지,False,31741.6,2038,7425.0,95.237148,43888.034,43888.034,53670.924,460.828943,95.237148,146.892615,74306.762,67692.369,77475.258,23804.334,6603.643,-10.75,-0.0,116.466045,21.228897,109.590399,14.35325,0.0,0.0,0.0,0.0,0.0,460.828943,53670.924,5.460122,9.999651,14644.778,1326.975,17618.719,40577.623,94.294,-23804.334,-6532.501,-37.52,100,True,60.876346
NIPPON_STEEL_JP,Nippon Steel,JP,34.3,72.6,DISCLOSED_PATH,DISCLOSED_PATH,PORT-5DE4D9A04480,CAND-C51D410B54BFD5,P3,PORT-5DE4D9A04480,461.703943,46880.712,101.538471,True,True,,0.0,3.446647212967946e-06,True,True,True,True,,0.0,0.0,0.0,2,2,0.47641018879999986,0.65,2.16,P3,균형형 라이트헤지,False,29609.8,2034,8019.0,104.142391,48082.953,48082.953,56060.181,461.703943,104.142391,139.157947,70996.633,64249.773,72227.001,16166.82,6741.709,-5.151,0.0,121.420191,17.2778,118.755348,14.612957,0.0,0.0,0.0,0.0,0.0,461.703943,56060.181,5.703189,10.444803,13373.955,1353.028,15957.342,39869.995,286.916,-16166.82,-6623.272,31.809,100,True,81.077948
NIPPON_STEEL_JP,Nippon Steel,JP,34.3,72.6,ACCELERATED_15C,DISCLOSED_PATH,PORT-5DE4D9A04480,CAND-C51D410B54BFD5,P3,PORT-5DE4D9A04480,461.703943,41879.213,90.705772,True,True,,0.0,3.446647212967946e-06,True,True,True,True,,0.0,0.0,0.0,2,2,0.47641018879999986,0.65,2.16,P3,균형형 라이트헤지,False,29609.8,2034,8019.0,93.566917,43200.215,43200.215,51834.346,461.703943,93.566917,145.228885,75984.881,67052.749,75686.881,23852.534,9094.885,162.754,0.0,112.267497,18.70058,112.912933,19.346016,0.0,0.0,0.0,0.0,0.0,461.703943,51834.346,5.273281,9.65747,14684.292,1353.028,17429.339,42548.785,306.624,-23852.534,-9268.361,-0.959,100,True,59.206115
NIPPON_STEEL_JP,Nippon Steel,JP,34.3,72.6,DISCLOSED_PATH,DISCLOSED_PATH,PORT-05EE518306D9,CAND-CA2E4138D9BC07,P1,PORT-05EE518306D9,460.828943,47775.994,103.67403,True,True,,0.0,3.446647212967946e-06,True,True,True,True,,0.0,0.0,0.0,2,2,0.5333221247999997,0.65,2.6399999999999997,P1,지연·현물조달,False,31741.6,2038,7425.0,107.033507,49324.138,49324.138,59464.91,460.828943,107.033507,142.041277,69240.477,65456.732,75597.504,16132.594,3997.666,213.92,0.0,129.03901,22.005502,115.244245,8.210738,0.0,0.0,0.0,0.0,0.0,460.828943,59464.91,6.049563,11.079152,14668.622,1326.975,16075.29,37172.384,0.0,-16132.594,-3936.251,149.712,100,True,83.969064
NIPPON_STEEL_JP,Nippon Steel,JP,34.3,72.6,ACCELERATED_15C,DISCLOSED_PATH,PORT-05EE518306D9,CAND-CA2E4138D9BC07,P1,PORT-05EE518306D9,460.828943,44066.717,95.624891,True,True,,0.0,3.446647212967946e-06,True,True,True,True,,0.0,0.0,0.0,2,2,0.5333221247999997,0.65,2.6399999999999997,P1,지연·현물조달,False,31741.6,2038,7425.0,99.125285,45679.8,45679.8,57280.608,460.828943,99.125285,150.780752,74443.509,69484.134,81084.942,23804.334,4931.472,-27.903,0.0,124.299067,25.173782,109.887141,10.761856,0.0,0.0,0.0,0.0,0.0,460.828943,57280.608,5.827347,10.672185,14668.622,1326.975,17729.356,40653.104,0.0,-23804.334,-4849.08,-44.843,100,True,64.764483
NIPPON_STEEL_JP,Nippon Steel,JP,34.3,72.6,DISCLOSED_PATH,DISCLOSED_PATH,PORT-5DE4D9A04480,CAND-33480771F67BD6,P2,PORT-5DE4D9A04480,461.703943,48461.555,104.962402,True,True,,0.0,3.446647212967946e-06,True,True,True,True,,0.0,0.0,0.0,2,2,0.47641018879999986,0.65,2.16,P2,지연·부분헤지,False,29609.8,2034,8019.0,108.288532,49997.242,49997.242,60063.073,461.703943,108.288532,143.304088,71081.308,66164.063,76229.893,16166.82,4930.047,12.802,-0.0,130.090014,21.801482,118.938745,10.650213,0.0,0.0,0.0,0.0,0.0,461.703943,60063.073,6.110417,11.190598,13317.375,1353.028,16089.946,40036.385,89.284,-16166.82,-4780.637,58.681,100,True,85.224089
NIPPON_STEEL_JP,Nippon Steel,JP,34.3,72.6,ACCELERATED_15C,DISCLOSED_PATH,PORT-5DE4D9A04480,CAND-33480771F67BD6,P2,PORT-5DE4D9A04480,461.703943,44313.955,95.979155,True,True,,0.0,3.446647212967946e-06,True,True,True,True,,0.0,0.0,0.0,2,2,0.47641018879999986,0.65,2.16,P2,지연·부분헤지,False,29609.8,2034,8019.0,99.6006,45985.99,45985.99,57132.917,461.703943,99.6006,151.262568,76129.169,69838.524,80985.452,23852.534,6391.145,100.5,0.0,123.74362,24.14302,113.225445,13.624845,0.0,0.0,0.0,0.0,0.0,461.703943,57132.917,5.812322,10.644669,14930.098,1353.028,17538.828,42579.031,95.013,-23852.534,-6678.153,20.678,100,True,65.239798
NIPPON_STEEL_JP,Nippon Steel,JP,34.3,72.6,DISCLOSED_PATH,DISCLOSED_PATH,PORT-5DE4D9A04480,CAND-1D35A6D7D808A4,P1,PORT-5DE4D9A04480,461.703943,49550.401,107.320723,True,True,,0.0,3.446647212967946e-06,True,True,True,True,,0.0,0.0,0.0,2,2,0.47641018879999986,0.65,2.16,P1,지연·현물조달,False,29609.8,2034,8019.0,111.259138,51368.783,51368.783,63103.119,461.703943,111.259138,146.274694,71231.146,67535.603,79269.939,16166.82,3735.558,40.015,-0.0,136.674421,25.415283,119.263277,8.00414,0.0,0.0,0.0,0.0,0.0,461.703943,63103.119,6.419691,11.757002,13279.656,1353.028,16222.549,40147.312,0.0,-16166.82,-3543.763,76.821,100,True,88.194695
NIPPON_STEEL_JP,Nippon Steel,JP,34.3,72.6,ACCELERATED_15C,DISCLOSED_PATH,PORT-5DE4D9A04480,CAND-1D35A6D7D808A4,P1,PORT-5DE4D9A04480,461.703943,45971.96,99.570214,True,True,,0.0,3.446647212967946e-06,True,True,True,True,,0.0,0.0,0.0,2,2,0.47641018879999986,0.65,2.16,P1,지연·현물조달,False,29609.8,2034,8019.0,103.825989,47936.869,47936.869,61084.035,461.703943,103.825989,155.487957,76251.19,71789.403,84936.569,23852.534,4595.007,133.22,-0.0,132.301307,28.475317,113.48973,9.66374,0.0,0.0,0.0,0.0,0.0,461.703943,61084.035,6.214282,11.380818,13279.656,1353.028,17908.328,43655.836,0.0,-23852.534,-4356.979,-50.466,100,True,69.465187
NIPPON_STEEL_JP,Nippon Steel,JP,34.3,72.6,DISCLOSED_PATH,DISCLOSED_PATH,PORT-7F141003EFD9,CAND-3DE8D6197F9834,P3,PORT-7F141003EFD9,466.428943,53235.115,114.133387,True,True,,0.0,3.446647212967946e-06,True,True,True,True,,0.0,0.0,0.0,2,2,0.5333221247999997,0.65,2.6399999999999997,P3,균형형 라이트헤지,False,32414.8,2034,8019.0,116.730212,54446.349,54446.349,63323.775,466.428943,116.730212,151.741993,78556.403,70776.858,79654.283,16330.508,7651.488,-128.057,0.0,135.762962,19.03275,133.409162,16.67895,0.0,0.0,0.0,0.0,0.0,466.428943,63323.775,6.442139,11.798113,15100.227,1415.609,16214.243,45275.174,316.253,-16330.508,-7533.083,-11.566,100,True,93.665769
NIPPON_STEEL_JP,Nippon Steel,JP,34.3,72.6,ACCELERATED_15C,DISCLOSED_PATH,PORT-7F141003EFD9,CAND-3DE8D6197F9834,P3,PORT-7F141003EFD9,466.428943,48399.453,103.765973,True,True,,0.0,3.446647212967946e-06,True,True,True,True,,0.0,0.0,0.0,2,2,0.5333221247999997,0.65,2.6399999999999997,P3,균형형 라이트헤지,False,32414.8,2034,8019.0,106.336921,49598.617,49598.617,59343.148,466.428943,106.336921,158.000836,84107.114,73696.163,83440.694,24097.545,10353.004,-57.946,-0.0,127.2287,20.89178,128.657471,22.32055,0.0,0.0,0.0,0.0,0.0,466.428943,59343.148,6.037176,11.056466,15226.258,1415.609,17233.673,49515.331,338.211,-24097.545,-10233.013,200.093,100,True,71.976119
NIPPON_STEEL_JP,Nippon Steel,JP,34.3,72.6,DISCLOSED_PATH,DISCLOSED_PATH,PORT-7F141003EFD9,CAND-C4C9319CE1829D,P2,PORT-7F141003EFD9,466.428943,55058.726,118.043115,True,True,,0.0,3.446647212967946e-06,True,True,True,True,,0.0,0.0,0.0,2,2,0.5333221247999997,0.65,2.6399999999999997,P2,지연·부분헤지,False,32414.8,2034,8019.0,121.263686,56560.893,56560.893,67753.346,466.428943,121.263686,156.275468,78644.919,72891.401,84083.854,16330.508,5580.953,-172.565,0.0,145.259737,23.996051,133.598937,12.335251,0.0,0.0,0.0,0.0,0.0,466.428943,67753.346,6.892774,12.623404,15119.296,1415.609,16441.275,45305.476,97.891,-16330.508,-5462.751,-25.394,100,True,98.199243
NIPPON_STEEL_JP,Nippon Steel,JP,34.3,72.6,ACCELERATED_15C,DISCLOSED_PATH,PORT-7F141003EFD9,CAND-C4C9319CE1829D,P2,PORT-7F141003EFD9,466.428943,51215.216,109.802825,True,True,,0.0,3.446647212967946e-06,True,True,True,True,,0.0,0.0,0.0,2,2,0.5333221247999997,0.65,2.6399999999999997,P2,지연·부분헤지,False,32414.8,2034,8019.0,113.083077,52745.22,52745.22,65256.44,466.428943,113.083077,164.746992,84172.37,76842.766,89353.986,24097.545,7270.524,-59.081,-0.0,139.906499,26.823421,128.797379,15.714301,0.0,0.0,0.0,0.0,0.0,466.428943,65256.44,6.638755,12.158196,13170.08,1415.609,17042.35,51395.187,104.213,-24097.545,-6531.74,247.066,100,True,78.722275
NIPPON_STEEL_JP,Nippon Steel,JP,34.3,72.6,DISCLOSED_PATH,DISCLOSED_PATH,PORT-93BA44A86FDE,CAND-D862A4AE5F72FA,P3,PORT-93BA44A86FDE,468.703944,56196.179,119.896962,True,True,,0.0,3.446647212967946e-06,True,True,True,True,,0.0,0.0,0.0,2,2,0.5333221247999999,0.65,2.6399999999999997,P3,균형형 라이트헤지,False,31966.0,2034,8019.0,122.041565,57201.363,57201.363,67141.553,468.703944,122.041565,157.055857,81725.468,73612.7,83552.89,16411.337,7827.287,-285.481,0.0,143.249387,21.207822,139.350505,17.30894,0.0,0.0,0.0,0.0,0.0,468.703944,67141.553,6.830534,12.509419,17080.719,1451.027,14847.023,48154.947,328.09,-16411.337,-8245.719,-3.387,100,True,98.977122
NIPPON_STEEL_JP,Nippon Steel,JP,34.3,72.6,ACCELERATED_15C,DISCLOSED_PATH,PORT-93BA44A86FDE,CAND-D862A4AE5F72FA,P3,PORT-93BA44A86FDE,468.703944,51476.554,109.82744,True,True,,0.0,3.446647212967946e-06,True,True,True,True,,0.0,0.0,0.0,2,2,0.5333221247999999,0.65,2.6399999999999997,P3,균형형 라이트헤지,False,31966.0,2034,8019.0,111.689889,52349.491,52349.491,63045.097,468.703944,111.689889,163.359285,87568.587,76567.141,87262.747,24217.65,10695.869,-305.577,0.0,134.509424,22.819535,135.161946,23.472057,0.0,0.0,0.0,0.0,0.0,468.703944,63045.097,6.413788,11.746191,15077.912,1451.027,17120.06,53208.895,351.084,-24217.65,-10552.999,-88.837,100,True,77.329087
NIPPON_STEEL_JP,Nippon Steel,JP,34.3,72.6,DISCLOSED_PATH,DISCLOSED_PATH,PORT-7F141003EFD9,CAND-7F68777647A3B1,P1,PORT-7F141003EFD9,466.428943,56313.625,120.733557,True,True,,0.0,3.446647212967946e-06,True,True,True,True,,0.0,0.0,0.0,2,2,0.5333221247999997,0.65,2.6399999999999997,P1,지연·현물조달,False,32414.8,2034,8019.0,124.493947,58067.58,58067.58,71072.506,466.428943,124.493947,159.505728,78759.345,74398.088,87403.014,16330.508,4189.244,-172.013,0.0,152.375848,27.881901,133.84426,9.350313,0.0,0.0,0.0,0.0,0.0,466.428943,71072.506,7.230443,13.241811,17867.018,1415.609,15749.542,44139.575,0.0,-16330.508,-4837.83,64.175,100,True,101.429504
NIPPON_STEEL_JP,Nippon Steel,JP,34.3,72.6,ACCELERATED_15C,DISCLOSED_PATH,PORT-7F141003EFD9,CAND-7F68777647A3B1,P1,PORT-7F141003EFD9,466.428943,53131.266,113.91074,True,True,,0.0,3.446647212967946e-06,True,True,True,True,,0.0,0.0,0.0,2,2,0.5333221247999997,0.65,2.6399999999999997,P1,지연·현물조달,False,32414.8,2034,8019.0,117.867919,54977.009,54977.009,69659.904,466.428943,117.867919,169.531834,84344.965,79074.554,93757.449,24097.545,5177.836,-92.575,0.0,149.347301,31.479382,129.167413,11.299494,0.0,0.0,0.0,0.0,0.0,466.428943,69659.904,7.086734,12.978623,12939.141,1415.609,17100.81,51648.914,0.0,-24097.545,-4313.173,283.252,100,True,83.507117
NIPPON_STEEL_JP,Nippon Steel,JP,34.3,72.6,DISCLOSED_PATH,DISCLOSED_PATH,PORT-93BA44A86FDE,CAND-505DC50EEE65AA,P2,PORT-93BA44A86FDE,468.703944,58159.645,124.086101,True,True,,0.0,3.446647212967946e-06,True,True,True,True,,0.0,0.0,0.0,2,2,0.5333221247999999,0.65,2.6399999999999997,P2,지연·부분헤지,False,31966.0,2034,8019.0,126.719605,59393.979,59393.979,71945.61,468.703944,126.719605,161.733897,81824.103,75805.315,88356.947,16411.337,5584.824,-433.963,-0.0,153.499051,26.779446,139.560946,12.841342,0.0,0.0,0.0,0.0,0.0,468.703944,71945.61,7.319267,13.404482,18173.671,1451.027,15444.608,46998.306,100.963,-16411.337,-6371.946,8.688,100,True,103.655162
NIPPON_STEEL_JP,Nippon Steel,JP,34.3,72.6,ACCELERATED_15C,DISCLOSED_PATH,PORT-93BA44A86FDE,CAND-505DC50EEE65AA,P2,PORT-93BA44A86FDE,468.703944,54511.067,116.301704,True,True,,0.0,3.446647212967946e-06,True,True,True,True,,0.0,0.0,0.0,2,2,0.5333221247999999,0.65,2.6399999999999997,P2,지연·부분헤지,False,31966.0,2034,8019.0,118.655881,55614.479,55614.479,69415.425,468.703944,118.655881,170.325278,87677.181,79832.129,93633.075,24217.65,7326.982,-518.07,-0.0,148.100791,29.44491,135.393637,16.737756,0.0,0.0,0.0,0.0,0.0,468.703944,69415.425,7.061862,12.933073,15112.827,1451.027,17231.878,53289.214,107.558,-24217.65,-7242.055,-118.318,100,True,84.295079
NIPPON_STEEL_JP,Nippon Steel,JP,34.3,72.6,DISCLOSED_PATH,DISCLOSED_PATH,PORT-93BA44A86FDE,CAND-0B64D3C56ED2FD,P1,PORT-93BA44A86FDE,468.703944,59510.078,126.967309,True,True,,0.0,3.446647212967946e-06,True,True,True,True,,0.0,0.0,0.0,2,2,0.5333221247999999,0.65,2.6399999999999997,P1,지연·현물조달,False,31966.0,2034,8019.0,129.927525,60897.543,60897.543,75498.391,468.703944,129.927525,164.941817,81983.363,77308.88,91909.728,16411.337,4123.089,-551.394,0.0,161.07906,31.151535,139.900735,9.97321,0.0,0.0,0.0,0.0,0.0,468.703944,75498.391,7.680703,14.066416,17909.221,1451.027,14758.808,48029.913,0.0,-16411.337,-4844.409,4.32,100,True,106.863082
NIPPON_STEEL_JP,Nippon Steel,JP,34.3,72.6,ACCELERATED_15C,DISCLOSED_PATH,PORT-93BA44A86FDE,CAND-0B64D3C56ED2FD,P1,PORT-93BA44A86FDE,468.703944,56575.087,120.705378,True,True,,0.0,3.446647212967946e-06,True,True,True,True,,0.0,0.0,0.0,2,2,0.5333221247999999,0.65,2.6399999999999997,P1,지연·현물조달,False,31966.0,2034,8019.0,123.489411,57879.974,57879.974,74103.387,468.703944,123.489411,175.158808,87792.903,82097.624,98321.037,24217.65,5090.776,-604.503,-0.0,158.102759,34.613348,135.640533,12.151122,0.0,0.0,0.0,0.0,0.0,468.703944,74103.387,7.538784,13.806507,14641.655,1451.027,18273.585,52428.756,0.0,-24217.65,-4835.912,138.514,100,True,89.128609
NIPPON_STEEL_JP,Nippon Steel,JP,34.3,72.6,DISCLOSED_PATH,DISCLOSED_PATH,PORT-7CA9F3BA0776,CAND-EBFD77804A64A5,P3,PORT-7CA9F3BA0776,473.428944,62550.582,132.122428,True,True,,0.0,3.446647212967946e-06,True,True,True,True,,0.0,0.0,0.0,2,2,0.5840479807999999,0.65,3.12,P3,균형형 라이트헤지,False,34771.0,2034,8019.0,134.917044,63873.634,63873.634,74140.655,473.428944,134.917044,169.92763,89292.137,80448.659,90715.68,16575.025,8734.952,-108.526,0.0,156.603554,21.686509,153.596677,18.679632,0.0,0.0,0.0,0.0,0.0,473.428944,74140.655,7.542576,13.81345,16135.747,1513.607,14658.431,56200.215,357.426,-16575.025,-8595.648,178.88,100,True,111.852601
NIPPON_STEEL_JP,Nippon Steel,JP,34.3,72.6,ACCELERATED_15C,DISCLOSED_PATH,PORT-7CA9F3BA0776,CAND-EBFD77804A64A5,P3,PORT-7CA9F3BA0776,473.428944,57996.795,122.503695,True,True,,0.0,3.446647212967946e-06,True,True,True,True,,0.0,0.0,0.0,2,2,0.5840479807999999,0.65,3.12,P3,균형형 라이트헤지,False,34771.0,2034,8019.0,125.311469,59326.077,59326.077,70218.429,473.428944,125.311469,176.98271,95718.754,83788.737,94681.09,24462.661,11958.225,28.208,0.0,148.318835,23.007366,150.510639,25.19917,0.0,0.0,0.0,0.0,0.0,473.428944,70218.429,7.143555,13.082684,17237.308,1513.607,16902.052,59852.578,382.671,-24462.661,-12038.13,-61.35,100,True,90.950667
NIPPON_STEEL_JP,Nippon Steel,JP,34.3,72.6,DISCLOSED_PATH,DISCLOSED_PATH,PORT-7CA9F3BA0776,CAND-BF06102F6003FE,P2,PORT-7CA9F3BA0776,473.428944,64756.815,136.782544,True,True,,0.0,3.446647212967946e-06,True,True,True,True,,0.0,0.0,0.0,2,2,0.5840479807999999,0.65,3.12,P2,지연·부분헤지,False,34771.0,2034,8019.0,140.2849,66414.932,66414.932,79322.338,473.428944,140.2849,175.295486,89356.242,82989.957,95897.363,16575.025,6242.521,-123.764,0.0,167.548561,27.263661,153.732081,13.447181,0.0,0.0,0.0,0.0,0.0,473.428944,79322.338,8.069726,14.778871,17447.824,1513.607,15457.246,55094.108,109.569,-16575.025,-6422.656,-209.741,100,True,117.220457
NIPPON_STEEL_JP,Nippon Steel,JP,34.3,72.6,ACCELERATED_15C,DISCLOSED_PATH,PORT-7CA9F3BA0776,CAND-BF06102F6003FE,P2,PORT-7CA9F3BA0776,473.428944,61412.328,129.718153,True,True,,0.0,3.446647212967946e-06,True,True,True,True,,0.0,0.0,0.0,2,2,0.5840479807999999,0.65,3.12,P2,지연·부분헤지,False,34771.0,2034,8019.0,133.279266,63098.262,63098.262,77132.093,473.428944,133.279266,184.950506,95837.708,87560.923,101594.753,24462.661,8200.422,-76.363,0.0,162.922216,29.64295,150.7619,17.482634,0.0,0.0,0.0,0.0,0.0,473.428944,77132.093,7.846905,14.370797,17447.824,1513.607,17011.577,59918.817,116.758,-24462.661,-8388.126,-59.534,100,True,98.918464
NIPPON_STEEL_JP,Nippon Steel,JP,34.3,72.6,DISCLOSED_PATH,DISCLOSED_PATH,PORT-7CA9F3BA0776,CAND-7431CBC596FC03,P1,PORT-7CA9F3BA0776,473.428944,66273.303,139.985744,True,True,,0.0,3.446647212967946e-06,True,True,True,True,,0.0,0.0,0.0,2,2,0.5840479807999999,0.65,3.12,P1,지연·현물조달,False,34771.0,2034,8019.0,144.006188,68176.697,68176.697,83134.564,473.428944,144.006188,179.016774,89527.092,84751.722,99709.588,16575.025,4590.093,-185.277,0.0,175.600932,31.594744,154.09296,10.086773,0.0,0.0,0.0,0.0,0.0,473.428944,83134.564,8.457556,15.489142,16062.929,1513.607,14568.146,56728.396,0.0,-16575.025,-4372.189,250.833,100,True,120.941745
NIPPON_STEEL_JP,Nippon Steel,JP,34.3,72.6,ACCELERATED_15C,DISCLOSED_PATH,PORT-7CA9F3BA0776,CAND-7431CBC596FC03,P1,PORT-7CA9F3BA0776,473.428944,63734.393,134.622932,True,True,,0.0,3.446647212967946e-06,True,True,True,True,,0.0,0.0,0.0,2,2,0.5840479807999999,0.65,3.12,P1,지연·현물조달,False,34771.0,2034,8019.0,138.792548,65708.409,65708.409,82219.86,473.428944,138.792548,190.463789,95978.355,90171.07,106682.521,24462.661,5703.029,-104.256,0.0,173.66885,34.876302,151.058981,12.266433,0.0,0.0,0.0,0.0,0.0,473.428944,82219.86,8.3645,15.31872,17588.167,1513.607,17121.103,59962.976,0.0,-24462.661,-5960.587,-54.196,100,True,104.431746
NIPPON_STEEL_JP,Nippon Steel,JP,34.3,72.6,DISCLOSED_PATH,DISCLOSED_PATH,PORT-7DCD4991144C,CAND-FCEB78D7C5F4C6,P1,PORT-7DCD4991144C,313.643967,6683.267,21.30845,True,True,,0.0,3.446647212967946e-06,True,True,True,True,,0.0,0.0,0.0,2,2,0.28236113919999994,0.65,0.88,P1,지연·현물조달,False,19427.1,2029,6160.0,23.064443,7234.024,7234.024,9561.702,313.643967,23.064443,58.039968,19953.426,18203.886,20531.564,10969.862,1733.544,-15.996,0.0,30.485847,7.421403,28.642552,5.578109,0.0,0.0,0.0,0.0,0.0,313.643967,9561.702,0.972744,1.78148,7095.083,721.269,12032.255,0.0,0.0,-10969.862,-1649.501,4.779,100,True,0.0
NIPPON_STEEL_JP,Nippon Steel,JP,34.3,72.6,ACCELERATED_15C,DISCLOSED_PATH,PORT-7DCD4991144C,CAND-FCEB78D7C5F4C6,P1,PORT-7DCD4991144C,313.643967,2332.517,7.43683,False,False,2035,14.544997934999998,-14.544997934999998,True,True,True,True,,0.0,0.0,0.0,2,2,0.28236113919999994,0.65,0.88,P1,지연·현물조달,False,19427.1,2029,6160.0,9.356641,2934.654,2934.654,5516.299,313.643967,9.356641,60.825868,21091.807,19077.667,21659.311,16143.013,2080.253,66.112,0.0,17.587773,8.231132,15.778384,6.421743,0.0,0.0,0.0,0.0,0.0,313.643967,5516.299,0.561191,1.027764,7095.083,721.269,13267.364,0.0,0.0,-16143.013,-1979.401,-26.649,100,True,-25.004161
NIPPON_STEEL_JP,Nippon Steel,JP,34.3,72.6,DISCLOSED_PATH,DISCLOSED_PATH,PORT-5CFD50239439,CAND-87B9435721978E,P1,PORT-5CFD50239439,321.473932,6865.237,21.355503,True,True,,0.0,3.446647212967946e-06,True,True,True,True,,0.0,0.0,0.0,2,2,0.28236113919999994,0.65,0.88,P1,지연·현물조달,False,19052.0,2029,6160.0,23.231417,7468.295,7468.295,9818.003,321.473932,23.231417,58.224787,20530.753,18717.751,21067.459,11249.456,1701.436,-111.566,0.0,30.540588,7.309171,28.87107,5.639654,0.0,0.0,0.0,0.0,0.0,321.473932,9818.003,0.998818,1.829232,7290.553,744.264,12345.709,0.0,0.0,-11249.456,-1717.178,54.405,100,True,0.166974
NIPPON_STEEL_JP,Nippon Steel,JP,34.3,72.6,ACCELERATED_15C,DISCLOSED_PATH,PORT-5CFD50239439,CAND-87B9435721978E,P1,PORT-5CFD50239439,321.473932,2434.553,7.573095,False,False,2035,15.995002139999997,-15.995002139999997,True,True,True,True,,0.0,0.0,0.0,2,2,0.28236113919999994,0.65,0.88,P1,지연·현물조달,False,19052.0,2029,6160.0,9.604259,3087.519,3087.519,5547.572,321.473932,9.604259,61.032143,21659.632,19620.243,22080.296,16532.724,2041.723,2.334,-0.0,17.256678,7.652419,15.948129,6.34387,0.0,0.0,0.0,0.0,0.0,321.473932,5547.572,0.564373,1.033591,4945.786,744.264,15299.704,0.0,0.0,-16532.724,-1371.778,2.267,100,True,-24.756543
NIPPON_STEEL_JP,Nippon Steel,JP,34.3,72.6,DISCLOSED_PATH,DISCLOSED_PATH,PORT-032FE0BDCFB5,CAND-23459FF23C9DCD,P1,PORT-032FE0BDCFB5,326.198932,13628.462,41.779602,True,True,,0.0,3.446647212967946e-06,True,True,True,True,,0.0,0.0,0.0,2,2,0.3603653631999999,0.65,1.3599999999999999,P1,지연·현물조달,False,21857.0,2038,7425.0,43.90723,14322.491,14322.491,18253.785,326.198932,43.90723,78.895524,27917.691,25735.636,29666.929,11413.144,2157.865,-24.19,-0.0,55.959057,12.051827,50.59657,6.68934,0.0,0.0,0.0,0.0,0.0,326.198932,18253.785,1.857018,3.400938,7690.225,806.845,12134.189,6905.736,0.0,-11413.144,-1906.564,105.204,100,True,20.842787
NIPPON_STEEL_JP,Nippon Steel,JP,34.3,72.6,ACCELERATED_15C,DISCLOSED_PATH,PORT-032FE0BDCFB5,CAND-23459FF23C9DCD,P1,PORT-032FE0BDCFB5,326.198932,9593.859,29.411067,False,False,2035,14.420002140000001,-14.420002140000001,True,True,True,True,,0.0,0.0,0.0,2,2,0.3603653631999999,0.65,1.3599999999999999,P1,지연·현물조달,False,21857.0,2038,7425.0,31.814658,10377.907,10377.907,14740.381,326.198932,31.814658,83.248716,29738.308,27155.642,31518.115,16777.735,2629.325,46.659,-0.0,45.188317,13.373659,39.732113,7.917456,0.0,0.0,0.0,0.0,0.0,326.198932,14740.381,1.499588,2.746341,6302.86,806.845,15084.852,6879.689,0.0,-16777.735,-1918.599,-0.004,100,True,-2.546144
NIPPON_STEEL_JP,Nippon Steel,JP,34.3,72.6,DISCLOSED_PATH,DISCLOSED_PATH,PORT-85B082834E97,CAND-7F997B0F0381A1,P1,PORT-85B082834E97,318.368967,13446.491,42.235558,True,True,,0.0,3.446647212967946e-06,True,True,True,True,,0.0,0.0,0.0,2,2,0.3603653631999999,0.65,1.3599999999999999,P1,지연·현물조달,False,22232.1,2038,7425.0,44.613785,14203.644,14203.644,18247.478,318.368967,44.613785,79.584373,27626.041,25337.195,29381.028,11133.55,2186.566,-102.28,0.0,57.315505,12.70172,51.803072,7.189287,0.0,0.0,0.0,0.0,0.0,318.368967,18247.478,1.856377,3.399763,6665.995,783.85,13357.223,6226.065,0.0,-11133.55,-1671.662,-24.276,100,True,21.549342
NIPPON_STEEL_JP,Nippon Steel,JP,34.3,72.6,ACCELERATED_15C,DISCLOSED_PATH,PORT-85B082834E97,CAND-7F997B0F0381A1,P1,PORT-85B082834E97,318.368967,9491.823,29.813907,False,False,2035,12.969997935000002,-12.969997935000002,True,True,True,True,,0.0,0.0,0.0,2,2,0.3603653631999999,0.65,1.3599999999999999,P1,지연·현물조달,False,22232.1,2038,7425.0,32.223789,10259.054,10259.054,14860.848,318.368967,32.223789,83.698729,29358.775,26647.078,31248.872,16388.024,2664.74,-46.957,0.0,46.678069,14.45428,40.741256,8.517467,0.0,0.0,0.0,0.0,0.0,318.368967,14860.848,1.511844,2.768786,7612.121,783.85,12858.556,7638.773,0.0,-16388.024,-2298.301,52.08,100,True,-2.137013
NIPPON_STEEL_JP,Nippon Steel,JP,34.3,72.6,DISCLOSED_PATH,DISCLOSED_PATH,PORT-833EEC5002A6,CAND-9EF16DBB46004F,P1,PORT-833EEC5002A6,369.073938,17893.893,48.483221,True,True,,0.0,3.446647212967946e-06,True,True,True,True,,0.0,0.0,0.0,2,2,0.3870168063999999,0.65,1.52,P1,지연·현물조달,False,23556.5,2036,6237.0,50.467709,18626.316,18626.316,23329.447,369.073938,50.467709,85.453027,33994.668,31538.485,36241.616,12912.169,2469.543,13.36,-0.0,63.210767,12.743058,57.122698,6.654988,0.0,0.0,0.0,0.0,0.0,369.073938,23329.447,2.373382,4.346605,9553.195,912.261,14468.482,9017.977,0.0,-12912.169,-2398.422,-15.008,100,True,27.403266
NIPPON_STEEL_JP,Nippon Steel,JP,34.3,72.6,ACCELERATED_15C,DISCLOSED_PATH,PORT-833EEC5002A6,CAND-9EF16DBB46004F,P1,PORT-833EEC5002A6,369.073938,13527.603,36.652825,False,False,2035,9.707756491632594,-9.707756491632594,True,True,True,True,,0.0,0.0,0.0,2,2,0.3870168063999999,0.65,1.52,P1,지연·현물조달,False,23556.5,2036,6237.0,38.762145,14306.097,14306.097,19481.657,369.073938,38.762145,90.284369,36294.501,33321.607,38497.167,19015.51,3004.333,31.439,0.0,52.78524,14.023096,46.817154,8.055009,0.0,0.0,0.0,0.0,0.0,369.073938,19481.657,1.981934,3.629708,7136.42,912.261,16794.377,10663.173,0.0,-19015.51,-2197.478,12.855,100,True,4.401343
NIPPON_STEEL_JP,Nippon Steel,JP,34.3,72.6,DISCLOSED_PATH,DISCLOSED_PATH,PORT-10D90F59290D,CAND-BF076556907246,P1,PORT-10D90F59290D,361.243973,17711.923,49.030362,True,True,,0.0,3.446647212967946e-06,True,True,True,True,,0.0,0.0,0.0,2,2,0.3870168063999999,0.65,1.52,P1,지연·현물조달,False,23931.6,2036,6237.0,50.405738,18208.769,18208.769,23483.405,361.243973,50.405738,85.375387,33200.704,30841.344,36115.98,12632.575,2458.896,99.536,0.0,65.00705,14.601312,56.936948,6.53121,0.0,0.0,0.0,0.0,0.0,361.243973,23483.405,2.389045,4.37529,8994.592,889.266,13383.842,9828.829,0.0,-12632.575,-2244.422,-10.764,100,True,27.341295
NIPPON_STEEL_JP,Nippon Steel,JP,34.3,72.6,ACCELERATED_15C,DISCLOSED_PATH,PORT-10D90F59290D,CAND-BF076556907246,P1,PORT-10D90F59290D,361.243973,13425.567,37.164819,False,False,2035,8.257752286632595,-8.257752286632595,True,True,True,True,,0.0,0.0,0.0,2,2,0.3870168063999999,0.65,1.52,P1,지연·현물조달,False,23931.6,2036,6237.0,38.888325,14048.173,14048.173,19702.374,361.243973,38.888325,90.448489,35507.656,32673.972,38328.173,18625.799,2986.056,152.372,-0.0,54.540353,15.652028,46.732564,7.84424,0.0,0.0,0.0,0.0,0.0,361.243973,19702.374,2.004388,3.67083,9490.871,889.266,15052.838,10076.07,0.0,-18625.799,-2851.69,16.617,100,True,4.527523
NIPPON_STEEL_JP,Nippon Steel,JP,34.3,72.6,DISCLOSED_PATH,DISCLOSED_PATH,PORT-20A3A9F442CD,CAND-E6E6E810AB390A,P1,PORT-20A3A9F442CD,341.668938,16882.994,49.413313,True,True,,0.0,3.446647212967946e-06,True,True,True,True,,0.0,0.0,0.0,2,2,0.3603653631999999,0.65,1.36,P1,지연·현물조달,False,20999.0,2036,6237.0,51.309623,17530.904,17530.904,22197.886,341.668938,51.309623,86.322402,31585.944,29493.684,34160.665,11962.779,2075.822,-16.438,-0.0,64.968991,13.659368,57.433272,6.12365,0.0,0.0,0.0,0.0,0.0,341.668938,22197.886,2.258265,4.135779,8043.175,867.561,12010.261,10503.903,0.0,-11962.779,-1960.88,29.664,100,True,28.24518
NIPPON_STEEL_JP,Nippon Steel,JP,34.3,72.6,ACCELERATED_15C,DISCLOSED_PATH,PORT-20A3A9F442CD,CAND-E6E6E810AB390A,P1,PORT-20A3A9F442CD,341.668938,12932.884,37.852093,False,False,2035,15.61000095,-15.61000095,True,True,True,True,,0.0,0.0,0.0,2,2,0.3603653631999999,0.65,1.36,P1,지연·현물조달,False,20999.0,2036,6237.0,39.918533,13638.923,13638.923,18626.948,341.668938,39.918533,91.414131,33666.908,31233.369,36221.395,17594.446,2532.298,98.759,0.0,54.517535,14.599002,47.041039,7.122505,0.0,0.0,0.0,0.0,0.0,341.668938,18626.948,1.894982,3.470463,8125.206,867.561,14826.73,9851.386,0.0,-17594.446,-2415.633,-21.88,100,True,5.557731
NIPPON_STEEL_JP,Nippon Steel,JP,34.3,72.6,DISCLOSED_PATH,DISCLOSED_PATH,PORT-FFBC6AEA16BA,CAND-D5FFDB7EE708DF,P1,PORT-FFBC6AEA16BA,333.838973,16701.024,50.027183,True,True,,0.0,3.446647212967946e-06,True,True,True,True,,0.0,0.0,0.0,2,2,0.3603653631999999,0.65,1.36,P1,지연·현물조달,False,21374.1,2036,6237.0,51.568737,17215.654,17215.654,22221.681,333.838973,51.568737,86.565205,30849.145,28898.839,33904.866,11683.185,2074.424,124.118,0.0,66.56407,14.995333,57.410793,5.842056,0.0,0.0,0.0,0.0,0.0,333.838973,22221.681,2.260686,4.140213,8307.908,844.566,12596.092,9189.983,0.0,-11683.185,-2009.194,-30.516,100,True,28.504294
NIPPON_STEEL_JP,Nippon Steel,JP,34.3,72.6,ACCELERATED_15C,DISCLOSED_PATH,PORT-FFBC6AEA16BA,CAND-D5FFDB7EE708DF,P1,PORT-FFBC6AEA16BA,333.838973,12830.848,38.434244,False,False,2035,14.159996745,-14.159996745,True,True,True,True,,0.0,0.0,0.0,2,2,0.3603653631999999,0.65,1.36,P1,지연·현물조달,False,21374.1,2036,6237.0,39.566905,13208.975,13208.975,18853.863,333.838973,39.566905,91.102935,32969.791,30413.71,36058.598,17204.735,2526.999,-29.082,-0.0,56.475918,16.909013,47.223533,7.656627,0.0,0.0,0.0,0.0,0.0,333.838973,18853.863,1.918066,3.512741,12043.717,844.566,11878.022,9319.058,0.0,-17204.735,-3638.634,-33.018,100,True,5.206103
NIPPON_STEEL_JP,Nippon Steel,JP,34.3,72.6,DISCLOSED_PATH,DISCLOSED_PATH,PORT-A38E7AB93504,CAND-7C97E5CB4322B2,P3,PORT-A38E7AB93504,373.798938,23602.895,63.143292,True,True,,0.0,3.446647212967946e-06,True,True,True,True,,0.0,0.0,0.0,2,2,0.45364541439999984,0.65,2.0,P3,균형형 라이트헤지,False,26361.5,2038,7425.0,64.17035,23986.809,23986.809,29370.211,373.798938,64.17035,99.151339,41125.116,37062.665,42446.068,13075.857,4171.409,108.958,-0.0,78.572216,14.401867,75.03836,10.868011,0.0,0.0,0.0,0.0,0.0,373.798938,29370.211,2.987929,5.472085,10872.144,974.842,13292.207,15836.397,174.699,-13075.857,-4075.751,-11.872,100,True,41.105907
NIPPON_STEEL_JP,Nippon Steel,JP,34.3,72.6,ACCELERATED_15C,DISCLOSED_PATH,PORT-A38E7AB93504,CAND-7C97E5CB4322B2,P3,PORT-A38E7AB93504,373.798938,19115.251,51.137789,False,False,2035,9.707756491632594,-9.707756491632594,True,True,True,True,,0.0,0.0,0.0,2,2,0.45364541439999984,0.65,2.0,P3,균형형 라이트헤지,False,26361.5,2038,7425.0,52.416141,19593.098,19593.098,25165.389,373.798938,52.416141,103.94256,44069.155,38853.619,44425.91,19260.521,5378.636,163.1,0.0,67.323328,14.907187,66.368925,13.952784,0.0,0.0,0.0,0.0,0.0,373.798938,25165.389,2.560159,4.688667,9175.403,974.842,15919.939,17438.104,186.407,-19260.521,-4815.315,-25.762,100,True,18.055339
NIPPON_STEEL_JP,Nippon Steel,JP,34.3,72.6,DISCLOSED_PATH,DISCLOSED_PATH,PORT-92BAA222AC4A,CAND-D42C7F372720F7,P3,PORT-92BAA222AC4A,365.968973,23427.961,64.016249,True,True,,0.0,3.446647212967946e-06,True,True,True,True,,0.0,0.0,0.0,2,2,0.45364541439999984,0.65,2.0,P3,균형형 라이트헤지,False,26736.6,2038,7425.0,65.204718,23862.904,23862.904,29349.35,365.968973,65.204718,100.170148,40634.697,36659.166,42145.612,12796.263,4144.28,168.749,-0.0,80.196278,14.991561,76.067744,10.863027,0.0,0.0,0.0,0.0,0.0,365.968973,29349.35,2.985807,5.468198,9455.735,951.847,14059.354,15843.252,172.859,-12796.263,-3795.079,-28.802,100,True,42.140275
NIPPON_STEEL_JP,Nippon Steel,JP,34.3,72.6,ACCELERATED_15C,DISCLOSED_PATH,PORT-92BAA222AC4A,CAND-D42C7F372720F7,P3,PORT-92BAA222AC4A,365.968973,19011.589,51.948637,False,False,2035,8.257752286632595,-8.257752286632595,True,True,True,True,,0.0,0.0,0.0,2,2,0.45364541439999984,0.65,2.0,P3,균형형 라이트헤지,False,26736.6,2038,7425.0,53.420195,19550.134,19550.134,25224.621,365.968973,53.420195,104.984155,43605.955,38420.944,44095.431,18870.81,5365.038,180.026,-0.0,68.925574,15.505379,67.588095,14.1679,0.0,0.0,0.0,0.0,0.0,365.968973,25224.621,2.566185,4.699703,10328.338,951.847,14743.608,17372.246,184.449,-18870.81,-5132.005,-27.538,100,True,19.059393
NIPPON_STEEL_JP,Nippon Steel,JP,34.3,72.6,DISCLOSED_PATH,DISCLOSED_PATH,PORT-A38E7AB93504,CAND-67842A89ECECE4,P2,PORT-A38E7AB93504,373.798938,24224.913,64.807336,True,True,,0.0,3.446647212967946e-06,True,True,True,True,,0.0,0.0,0.0,2,2,0.45364541439999984,0.65,2.0,P2,지연·부분헤지,False,26361.5,2038,7425.0,66.075392,24698.911,24698.911,31451.391,373.798938,66.075392,101.056382,41087.647,37774.768,44527.248,13075.857,3410.754,97.875,-0.0,84.139862,18.064469,74.938123,8.862731,0.0,0.0,0.0,0.0,0.0,373.798938,31451.391,3.199655,5.859838,10854.554,974.842,13340.343,15888.15,57.076,-13075.857,-3312.432,-27.764,100,True,43.010949
NIPPON_STEEL_JP,Nippon Steel,JP,34.3,72.6,ACCELERATED_15C,DISCLOSED_PATH,PORT-A38E7AB93504,CAND-67842A89ECECE4,P2,PORT-A38E7AB93504,373.798938,20047.34,53.631344,False,False,2035,9.707756491632594,-9.707756491632594,True,True,True,True,,0.0,0.0,0.0,2,2,0.45364541439999984,0.65,2.0,P2,지연·부분헤지,False,26361.5,2038,7425.0,55.295608,20669.439,20669.439,27766.812,373.798938,55.295608,106.822027,44053.781,39929.96,47027.333,19260.521,4296.638,172.818,0.0,74.282746,18.987138,66.327797,11.032189,0.0,0.0,0.0,0.0,0.0,373.798938,27766.812,2.82481,5.173349,8766.257,974.842,16249.732,17500.959,60.592,-19260.521,-3580.408,-42.013,100,True,20.934806
NIPPON_STEEL_JP,Nippon Steel,JP,34.3,72.6,DISCLOSED_PATH,DISCLOSED_PATH,PORT-9961527CE1F4,CAND-59D7A6AFC21669,P2,PORT-9961527CE1F4,407.153943,26605.266,65.344489,True,True,,0.0,3.446647212967946e-06,True,True,True,True,,0.0,0.0,0.0,2,2,0.3870168063999999,0.65,1.52,P2,지연·부분헤지,False,24843.5,2034,8019.0,67.598769,27523.105,27523.105,34049.382,407.153943,67.598769,102.617434,45356.482,41781.093,48307.37,14257.988,3385.269,-190.12,0.0,83.627784,16.029015,76.380189,8.78142,0.0,0.0,0.0,0.0,0.0,407.153943,34049.382,3.463957,6.34388,11005.212,1064.205,14881.719,18226.11,60.853,-14257.988,-3400.449,-56.557,100,True,44.534326
NIPPON_STEEL_JP,Nippon Steel,JP,34.3,72.6,ACCELERATED_15C,DISCLOSED_PATH,PORT-9961527CE1F4,CAND-59D7A6AFC21669,P2,PORT-9961527CE1F4,407.153943,22084.982,54.242339,False,False,2040,3.7550006099999997,-3.7550006099999997,True,True,True,True,,0.0,0.0,0.0,2,2,0.3870168063999999,0.65,1.52,P2,지연·부분헤지,False,24843.5,2034,8019.0,56.672172,23074.298,23074.298,30164.096,407.153943,56.672172,108.272669,48523.659,44083.644,51173.441,21009.345,4263.649,-176.366,0.0,74.085235,17.413063,67.577176,10.905003,0.0,0.0,0.0,0.0,0.0,407.153943,30164.096,3.068694,5.619997,9170.959,1064.205,17126.201,20365.324,64.655,-21009.345,-3727.695,19.996,100,True,22.31137
NIPPON_STEEL_JP,Nippon Steel,JP,34.3,72.6,DISCLOSED_PATH,DISCLOSED_PATH,PORT-92BAA222AC4A,CAND-73FBF939F237E6,P2,PORT-92BAA222AC4A,365.968973,24045.865,65.704656,True,True,,0.0,3.446647212967946e-06,True,True,True,True,,0.0,0.0,0.0,2,2,0.45364541439999984,0.65,2.0,P2,지연·부분헤지,False,26736.6,2038,7425.0,67.251816,24612.078,24612.078,31463.533,365.968973,67.251816,102.217246,40602.692,37408.341,44259.796,12796.263,3399.707,205.355,0.0,85.973226,18.721409,75.980292,8.728476,0.0,0.0,0.0,0.0,0.0,365.968973,31463.533,3.20089,5.8621,9096.272,951.847,14375.75,15896.376,56.479,-12796.263,-2923.706,-44.676,100,True,44.187373
NIPPON_STEEL_JP,Nippon Steel,JP,34.3,72.6,ACCELERATED_15C,DISCLOSED_PATH,PORT-92BAA222AC4A,CAND-73FBF939F237E6,P2,PORT-92BAA222AC4A,365.968973,19944.765,54.498513,False,False,2035,8.257752286632595,-8.257752286632595,True,True,True,True,,0.0,0.0,0.0,2,2,0.45364541439999984,0.65,2.0,P2,지연·부분헤지,False,26736.6,2038,7425.0,56.19052,20563.987,20563.987,27862.929,365.968973,56.19052,107.754481,43546.996,39434.797,46733.739,18870.81,4270.417,158.218,-0.0,76.134677,19.944157,67.42699,11.23647,0.0,0.0,0.0,0.0,0.0,365.968973,27862.929,2.834589,5.191257,10170.245,951.847,14930.858,17421.929,59.955,-18870.81,-3996.488,-103.549,100,True,21.829718
NIPPON_STEEL_JP,Nippon Steel,JP,34.3,72.6,DISCLOSED_PATH,DISCLOSED_PATH,PORT-A38E7AB93504,CAND-E305EEE782C913,P1,PORT-A38E7AB93504,373.798938,24657.118,65.963584,True,True,,0.0,3.446647212967946e-06,True,True,True,True,,0.0,0.0,0.0,2,2,0.45364541439999984,0.65,2.0,P1,지연·현물조달,False,26361.5,2038,7425.0,67.492191,25228.509,25228.509,32986.795,373.798938,67.492191,102.47318,41135.606,38304.366,46062.651,13075.857,2910.985,79.745,-0.0,88.247427,20.755237,75.066423,7.574232,0.0,0.0,0.0,0.0,0.0,373.798938,32986.795,3.355857,6.145905,8493.494,974.842,15109.15,15931.792,0.0,-13075.857,-2226.796,21.884,100,True,44.427748
NIPPON_STEEL_JP,Nippon Steel,JP,34.3,72.6,ACCELERATED_15C,DISCLOSED_PATH,PORT-A38E7AB93504,CAND-E305EEE782C913,P1,PORT-A38E7AB93504,373.798938,20686.909,55.342342,False,False,2035,9.707756491632594,-9.707756491632594,True,True,True,True,,0.0,0.0,0.0,2,2,0.45364541439999984,0.65,2.0,P1,지연·현물조달,False,26361.5,2038,7425.0,57.370491,21445.028,21445.028,29694.086,373.798938,57.370491,108.89691,44064.047,40705.549,48954.607,19260.521,3571.387,212.89,-0.0,79.438657,22.068167,66.355261,8.98477,0.0,0.0,0.0,0.0,0.0,373.798938,29694.086,3.020878,5.532427,10842.827,974.842,14739.072,17520.212,0.0,-19260.521,-3436.687,65.283,100,True,23.009689
NIPPON_STEEL_JP,Nippon Steel,JP,34.3,72.6,DISCLOSED_PATH,DISCLOSED_PATH,PORT-9961527CE1F4,CAND-B22DEBDE0F4599,P1,PORT-9961527CE1F4,407.153943,27109.893,66.583889,True,True,,0.0,3.446647212967946e-06,True,True,True,True,,0.0,0.0,0.0,2,2,0.3870168063999999,0.65,1.52,P1,지연·현물조달,False,24843.5,2034,8019.0,69.072819,28123.271,28123.271,35780.419,407.153943,69.072819,104.091484,45487.648,42381.258,50038.406,14257.988,2816.866,-289.524,-0.0,87.879337,18.806518,76.702341,7.629522,0.0,0.0,0.0,0.0,0.0,407.153943,35780.419,3.640061,6.666397,11052.45,1064.205,14967.54,18250.645,0.0,-14257.988,-2831.617,-121.964,100,True,46.008376
NIPPON_STEEL_JP,Nippon Steel,JP,34.3,72.6,ACCELERATED_15C,DISCLOSED_PATH,PORT-9961527CE1F4,CAND-B22DEBDE0F4599,P1,PORT-9961527CE1F4,407.153943,22833.515,56.08079,False,False,2040,3.7550006099999997,-3.7550006099999997,True,True,True,True,,0.0,0.0,0.0,2,2,0.3870168063999999,0.65,1.52,P1,지연·현물조달,False,24843.5,2034,8019.0,58.963552,24007.243,24007.243,32271.569,407.153943,58.963552,110.564048,48645.231,45016.588,53280.914,21009.345,3437.46,-191.183,-0.0,79.261345,20.297793,67.875764,8.912212,0.0,0.0,0.0,0.0,0.0,407.153943,32271.569,3.283094,6.012649,13151.581,1064.205,15801.864,19088.102,0.0,-21009.345,-4128.851,39.688,100,True,24.60275
NIPPON_STEEL_JP,Nippon Steel,JP,34.3,72.6,DISCLOSED_PATH,DISCLOSED_PATH,PORT-92BAA222AC4A,CAND-62B732F24FF616,P1,PORT-92BAA222AC4A,365.968973,24475.147,66.877656,True,True,,0.0,3.446647212967946e-06,True,True,True,True,,0.0,0.0,0.0,2,2,0.45364541439999984,0.65,2.0,P1,지연·현물조달,False,26736.6,2038,7425.0,68.850205,25197.039,25197.039,33028.214,365.968973,68.850205,103.815635,40630.563,37993.301,45824.477,12796.263,2912.423,275.162,0.0,90.248673,21.398469,76.056448,7.206244,0.0,0.0,0.0,0.0,0.0,365.968973,33028.214,3.36007,6.153622,10064.85,951.847,13728.384,15820.211,0.0,-12796.263,-2630.045,58.056,100,True,45.785762
NIPPON_STEEL_JP,Nippon Steel,JP,34.3,72.6,ACCELERATED_15C,DISCLOSED_PATH,PORT-92BAA222AC4A,CAND-62B732F24FF616,P1,PORT-92BAA222AC4A,365.968973,20584.873,56.24759,False,False,2035,8.257752286632595,-8.257752286632595,True,True,True,True,,0.0,0.0,0.0,2,2,0.45364541439999984,0.65,2.0,P1,지연·현물조달,False,26736.6,2038,7425.0,58.326269,21345.605,21345.605,29822.291,365.968973,58.326269,109.89023,43562.577,40216.414,48693.101,18870.81,3573.067,226.905,0.0,81.488577,23.162308,67.469564,9.143295,0.0,0.0,0.0,0.0,0.0,365.968973,29822.291,3.033921,5.556314,10064.85,951.847,15118.109,17455.05,0.0,-18870.81,-3233.629,-139.812,100,True,23.965467
NIPPON_STEEL_JP,Nippon Steel,JP,34.3,72.6,DISCLOSED_PATH,DISCLOSED_PATH,PORT-4025A7B6BA3A,CAND-54996F21D43414,P2,PORT-4025A7B6BA3A,379.748943,25591.241,67.389893,True,True,,0.0,3.446647212967946e-06,True,True,True,True,,0.0,0.0,0.0,2,2,0.3603653631999999,0.65,1.36,P2,지연·부분헤지,False,22286.0,2034,8019.0,69.547438,26410.566,26410.566,32574.958,379.748943,69.547438,104.593218,42810.015,39719.164,45883.556,13308.598,3013.114,-77.738,0.0,85.780247,16.232809,77.686634,8.139196,0.0,0.0,0.0,0.0,0.0,379.748943,32574.958,3.313959,6.069174,9781.865,1019.504,13778.951,18226.11,56.787,-13308.598,-3042.867,-101.185,100,True,46.482995
NIPPON_STEEL_JP,Nippon Steel,JP,34.3,72.6,ACCELERATED_15C,DISCLOSED_PATH,PORT-4025A7B6BA3A,CAND-54996F21D43414,P2,PORT-4025A7B6BA3A,379.748943,21486.892,56.581834,False,False,2040,12.890000609999998,-12.890000609999998,True,True,True,True,,0.0,0.0,0.0,2,2,0.3603653631999999,0.65,1.36,P2,지연·부분헤지,False,22286.0,2034,8019.0,59.224128,22490.3,22490.3,29000.931,379.748943,59.224128,110.806317,45828.992,42078.582,48589.213,19588.282,3824.296,73.885,0.0,76.368694,17.144566,69.100154,9.876026,0.0,0.0,0.0,0.0,0.0,379.748943,29000.931,2.950361,5.403283,9781.865,1019.504,15144.779,19908.725,60.394,-19588.282,-3848.539,11.853,100,True,24.863326
NIPPON_STEEL_JP,Nippon Steel,JP,34.3,72.6,DISCLOSED_PATH,DISCLOSED_PATH,PORT-4025A7B6BA3A,CAND-0CCB31C64DEB2F,P1,PORT-4025A7B6BA3A,379.748943,26098.994,68.726969,True,True,,0.0,3.446647212967946e-06,True,True,True,True,,0.0,0.0,0.0,2,2,0.3603653631999999,0.65,1.36,P1,지연·현물조달,False,22286.0,2034,8019.0,71.330787,27087.791,27087.791,34160.474,379.748943,71.330787,106.376568,42887.083,40396.389,47469.072,13308.598,2413.891,-76.802,0.0,89.955416,18.624629,77.889577,6.55879,0.0,0.0,0.0,0.0,0.0,379.748943,34160.474,3.475259,6.364578,9835.569,1019.504,13848.524,18250.645,0.0,-13308.598,-2478.329,-79.524,100,True,48.266344
NIPPON_STEEL_JP,Nippon Steel,JP,34.3,72.6,ACCELERATED_15C,DISCLOSED_PATH,PORT-4025A7B6BA3A,CAND-0CCB31C64DEB2F,P1,PORT-4025A7B6BA3A,379.748943,22238.796,58.561839,False,False,2040,12.890000609999998,-12.890000609999998,True,True,True,True,,0.0,0.0,0.0,2,2,0.3603653631999999,0.65,1.36,P1,지연·현물조달,False,22286.0,2034,8019.0,61.761356,23453.81,23453.81,31036.615,379.748943,61.761356,113.343545,45947.475,43042.092,50624.897,19588.282,2955.706,50.322,-0.0,81.729299,19.967942,69.412158,7.650802,0.0,0.0,0.0,0.0,0.0,379.748943,31036.615,3.157458,5.782559,9835.569,1019.504,15221.303,19940.462,0.0,-19588.282,-3025.939,51.193,100,True,27.400554
NIPPON_STEEL_JP,Nippon Steel,JP,34.3,72.6,DISCLOSED_PATH,DISCLOSED_PATH,PORT-00A7244DC13E,CAND-43ED54F71B5B31,P2,PORT-00A7244DC13E,366.843974,25748.39,70.188942,True,True,,0.0,3.446647212967946e-06,True,True,True,True,,0.0,0.0,0.0,2,2,0.3870168063999999,0.65,1.52,P2,지연·부분헤지,False,24604.8,2034,8019.0,72.124472,26458.428,26458.428,33110.843,366.843974,72.124472,107.099803,42574.551,39288.917,45941.332,12830.489,3215.541,-70.093,-0.0,90.258653,18.134181,81.08096,8.956488,0.0,0.0,0.0,0.0,0.0,366.843974,33110.843,3.368476,6.169017,10621.342,977.9,13050.523,17847.803,57.131,-12830.489,-3254.361,-11.42,100,True,49.060029
NIPPON_STEEL_JP,Nippon Steel,JP,34.3,72.6,ACCELERATED_15C,DISCLOSED_PATH,PORT-00A7244DC13E,CAND-43ED54F71B5B31,P2,PORT-00A7244DC13E,366.843974,21738.058,59.256959,False,False,2035,6.457752061632604,-6.457752061632604,True,True,True,True,,0.0,0.0,0.0,2,2,0.3870168063999999,0.65,1.52,P2,지연·부분헤지,False,24604.8,2034,8019.0,61.39463,22522.25,22522.25,29695.093,366.843974,61.39463,112.966991,45432.019,41441.26,48614.103,18919.01,4061.003,70.244,0.0,80.947474,19.552844,72.273258,10.878628,0.0,0.0,0.0,0.0,0.0,366.843974,29695.093,3.020981,5.532615,9209.004,977.9,14080.016,20888.223,60.675,-18919.01,-3736.232,-38.326,100,True,27.033828
NIPPON_STEEL_JP,Nippon Steel,JP,34.3,72.6,DISCLOSED_PATH,DISCLOSED_PATH,PORT-00A7244DC13E,CAND-450CB289C8C9D2,P1,PORT-00A7244DC13E,366.843974,26249.554,71.555092,True,True,,0.0,3.446647212967946e-06,True,True,True,True,,0.0,0.0,0.0,2,2,0.3870168063999999,0.65,1.52,P1,지연·현물조달,False,24604.8,2034,8019.0,73.913296,27114.647,27114.647,34770.75,366.843974,73.913296,108.888626,42628.446,39945.136,47601.24,12830.489,2645.385,-37.925,-0.0,94.783485,20.870189,81.227877,7.314581,0.0,0.0,0.0,0.0,0.0,366.843974,34770.75,3.537344,6.478281,8910.429,977.9,13641.865,18691.428,0.0,-12830.489,-2270.138,-6.348,100,True,50.848853
NIPPON_STEEL_JP,Nippon Steel,JP,34.3,72.6,ACCELERATED_15C,DISCLOSED_PATH,PORT-00A7244DC13E,CAND-450CB289C8C9D2,P1,PORT-00A7244DC13E,366.843974,22490.116,61.307033,False,False,2035,6.457752061632604,-6.457752061632604,True,True,True,True,,0.0,0.0,0.0,2,2,0.3870168063999999,0.65,1.52,P1,지연·현물조달,False,24604.8,2034,8019.0,63.923309,23449.881,23449.881,31790.061,366.843974,63.923309,115.49567,45480.478,42368.891,50709.071,18919.01,3229.44,117.853,0.0,86.658262,22.734953,72.405355,8.482046,0.0,0.0,0.0,0.0,0.0,366.843974,31790.061,3.234109,5.922937,8104.071,977.9,14291.732,21482.319,0.0,-18919.01,-2520.761,33.63,100,True,29.562507
NIPPON_STEEL_JP,Nippon Steel,JP,34.3,72.6,DISCLOSED_PATH,DISCLOSED_PATH,PORT-792EEE640306,CAND-0E307C2CAB5D7A,P2,PORT-792EEE640306,339.438974,24734.365,72.86837,True,True,,0.0,3.446647212967946e-06,True,True,True,True,,0.0,0.0,0.0,2,2,0.3603653631999999,0.65,1.36,P2,지연·부분헤지,False,22047.3,2034,8019.0,75.220257,25532.687,25532.687,31562.902,339.438974,75.220257,110.222424,40434.532,37413.787,43444.001,11881.1,2848.331,-172.415,0.0,92.985497,17.76524,84.119486,8.899229,0.0,0.0,0.0,0.0,0.0,339.438974,31562.902,3.210999,5.880614,7813.749,933.199,12481.461,18622.814,53.065,-11881.1,-2543.536,53.034,100,True,52.155814
NIPPON_STEEL_JP,Nippon Steel,JP,34.3,72.6,ACCELERATED_15C,DISCLOSED_PATH,PORT-792EEE640306,CAND-0E307C2CAB5D7A,P2,PORT-792EEE640306,339.438974,21139.968,62.279141,False,False,2035,13.759996694999998,-13.759996694999998,True,True,True,True,,0.0,0.0,0.0,2,2,0.3603653631999999,0.65,1.36,P2,지연·부분헤지,False,22047.3,2034,8019.0,64.548726,21910.353,21910.353,28521.864,339.438974,64.548726,116.098335,43284.527,39408.3,46019.81,17497.946,3628.544,-247.684,0.0,84.026485,19.477759,75.968238,11.419512,0.0,0.0,0.0,0.0,0.0,339.438974,28521.864,2.901624,5.314026,7200.497,933.199,12860.279,21296.396,56.414,-17497.946,-3088.048,149.562,100,True,30.187924
NIPPON_STEEL_JP,Nippon Steel,JP,34.3,72.6,DISCLOSED_PATH,DISCLOSED_PATH,PORT-0650AB6C64AE,CAND-BB1980A1B6CB5D,P1,PORT-0650AB6C64AE,408.503937,29984.113,73.399815,True,True,,0.0,3.446647212967946e-06,True,True,True,True,,0.0,0.0,0.0,2,2,0.3870168063999999,0.65,1.52,P1,지연·현물조달,False,24432.1,2032,6930.0,75.904806,31007.412,31007.412,38819.916,408.503937,75.904806,110.92575,48140.294,45313.606,53126.109,14306.193,2804.859,-21.83,0.0,95.029478,19.124672,82.824418,6.919612,0.0,0.0,0.0,0.0,0.0,408.503937,38819.916,3.949279,7.232698,10965.699,1096.398,14806.907,21411.081,0.0,-14306.193,-2829.009,-137.47,100,True,52.840363
NIPPON_STEEL_JP,Nippon Steel,JP,34.3,72.6,ACCELERATED_15C,DISCLOSED_PATH,PORT-0650AB6C64AE,CAND-BB1980A1B6CB5D,P1,PORT-0650AB6C64AE,408.503937,25814.361,63.192442,False,False,2040,4.005001334999999,-4.005001334999999,True,True,True,True,,0.0,0.0,0.0,2,2,0.3870168063999999,0.65,1.52,P1,지연·현물조달,False,24432.1,2032,6930.0,66.118282,27009.578,27009.578,35606.395,408.503937,66.118282,117.712735,51538.284,48086.115,56682.932,21076.537,3422.909,-29.26,-0.0,87.162918,21.044636,74.56904,8.450758,0.0,0.0,0.0,0.0,0.0,408.503937,35606.395,3.622357,6.633974,10965.699,1096.398,16313.26,23236.824,0.0,-21076.537,-3456.05,-70.014,100,True,31.75748
NIPPON_STEEL_JP,Nippon Steel,JP,34.3,72.6,DISCLOSED_PATH,DISCLOSED_PATH,PORT-792EEE640306,CAND-51563CC4DFE733,P1,PORT-792EEE640306,339.438974,25238.655,74.354028,True,True,,0.0,3.446647212967946e-06,True,True,True,True,,0.0,0.0,0.0,2,2,0.3603653631999999,0.65,1.36,P1,지연·현물조달,False,22047.3,2034,8019.0,77.112375,26174.945,26174.945,33130.417,339.438974,77.112375,112.114542,40525.791,38056.045,45011.517,11881.1,2257.388,-212.358,0.0,97.603457,20.491082,84.388339,7.275964,0.0,0.0,0.0,0.0,0.0,339.438974,33130.417,3.370468,6.172664,7677.537,933.199,12654.366,18691.428,0.0,-11881.1,-1912.201,11.716,100,True,54.047932
NIPPON_STEEL_JP,Nippon Steel,JP,34.3,72.6,ACCELERATED_15C,DISCLOSED_PATH,PORT-792EEE640306,CAND-51563CC4DFE733,P1,PORT-792EEE640306,339.438974,21895.397,64.504665,False,False,2035,13.759996694999998,-13.759996694999998,True,True,True,True,,0.0,0.0,0.0,2,2,0.3603653631999999,0.65,1.36,P1,지연·현물조달,False,22047.3,2034,8019.0,67.248887,22826.893,22826.893,30522.549,339.438974,67.248887,118.798495,43364.457,40324.839,48020.495,17497.946,2760.995,-278.623,-0.0,89.92058,22.671693,76.203716,8.95483,0.0,0.0,0.0,0.0,0.0,339.438974,30522.549,3.105161,5.686782,6987.628,933.199,12896.301,21482.319,0.0,-17497.946,-2131.807,157.199,100,True,32.888085
NIPPON_STEEL_JP,Nippon Steel,JP,34.3,72.6,DISCLOSED_PATH,DISCLOSED_PATH,PORT-760BEDA2ECE0,CAND-478F19D65CB3E6,P2,PORT-760BEDA2ECE0,326.243969,24676.661,75.638673,True,True,,0.0,3.446647212967946e-06,True,True,True,True,,0.0,0.0,0.0,2,2,0.3603653631999999,0.65,1.36,P2,지연·부분헤지,False,22456.5,2034,8019.0,77.728158,25358.343,25358.343,31436.796,326.243969,77.728158,112.709014,39805.888,36770.636,42849.089,11412.293,2869.701,-165.551,0.0,96.359776,18.631618,87.031783,9.303625,0.0,0.0,0.0,0.0,0.0,326.243969,31436.796,3.19817,5.857119,9419.875,907.901,11420.468,17847.803,52.39,-11412.293,-2899.736,21.934,100,True,54.663715
NIPPON_STEEL_JP,Nippon Steel,JP,34.3,72.6,ACCELERATED_15C,DISCLOSED_PATH,PORT-760BEDA2ECE0,CAND-478F19D65CB3E6,P2,PORT-760BEDA2ECE0,326.243969,21243.94,65.116729,False,False,2035,12.74499771,-12.74499771,True,True,True,True,,0.0,0.0,0.0,2,2,0.3603653631999999,0.65,1.36,P2,지연·부분헤지,False,22456.5,2034,8019.0,67.528876,22030.889,22030.889,28538.692,326.243969,67.528876,119.028186,42516.641,38832.228,45340.031,16801.339,3663.715,-20.698,-0.0,87.476535,19.947659,78.822306,11.29343,0.0,0.0,0.0,0.0,0.0,326.243969,28538.692,2.903336,5.317161,7833.535,907.901,12966.86,20365.324,55.649,-16801.339,-3255.371,-41.671,100,True,33.168074
NIPPON_STEEL_JP,Nippon Steel,JP,34.3,72.6,DISCLOSED_PATH,DISCLOSED_PATH,PORT-160DD6C4A97F,CAND-97FAAFFD87E907,P1,PORT-160DD6C4A97F,442.153947,19641.24,44.421722,True,False,,0.0,3.446647212967946e-06,False,False,True,True,2034,4.469999115000004,0.0,0.0,2,2,0.41255777279999983,0.65,1.68,P1,지연·현물조달,False,26318.6,2036,6237.0,46.271218,20459.002,20459.002,25972.285,442.153947,46.271218,81.277733,38829.297,35937.271,41450.554,15478.269,2945.111,53.084,0.0,58.740367,12.469149,52.811986,6.540768,0.0,0.0,0.0,0.0,0.0,442.153947,25972.285,2.642247,4.839003,11445.395,1045.57,16484.555,9876.735,0.0,-15478.269,-2918.214,3.231,100,True,23.206775
NIPPON_STEEL_JP,Nippon Steel,JP,34.3,72.6,ACCELERATED_15C,DISCLOSED_PATH,PORT-160DD6C4A97F,CAND-97FAAFFD87E907,P1,PORT-160DD6C4A97F,442.153947,14258.889,32.248699,True,True,,0.0,3.446647212967946e-06,True,True,True,True,,0.0,0.0,0.0,2,2,0.41255777279999983,0.65,1.68,P1,지연·현물조달,False,26318.6,2036,6237.0,34.360802,15192.764,15192.764,21218.691,442.153947,34.360802,86.003007,41512.685,38026.569,44052.496,22833.805,3576.239,90.123,0.0,47.989374,13.628572,42.245196,7.884394,0.0,0.0,0.0,0.0,0.0,442.153947,21218.691,2.158648,3.953342,11110.508,1045.57,18539.531,10766.731,0.0,-22833.805,-3455.353,19.582,100,True,0.0
NIPPON_STEEL_JP,Nippon Steel,JP,34.3,72.6,DISCLOSED_PATH,DISCLOSED_PATH,PORT-0ACD636A8AEE,CAND-32B1C4DEC95227,P3,PORT-0ACD636A8AEE,446.878947,25357.995,56.744663,True,False,,0.0,3.446647212967946e-06,False,False,True,True,2034,3.3599990099999992,0.0,0.0,2,2,0.47641018879999986,0.65,2.16,P3,균형형 라이트헤지,False,29123.6,2038,7425.0,57.808069,25833.209,25833.209,31574.186,446.878947,57.808069,92.81074,45927.722,41475.166,47216.143,15641.957,4698.721,246.165,0.0,70.654897,12.846827,67.771743,9.963674,0.0,0.0,0.0,0.0,0.0,446.878947,31574.186,3.212147,5.882716,14008.31,1108.15,16676.25,14358.139,197.018,-15641.957,-4873.63,0.929,100,True,34.743626
NIPPON_STEEL_JP,Nippon Steel,JP,34.3,72.6,ACCELERATED_15C,DISCLOSED_PATH,PORT-0ACD636A8AEE,CAND-32B1C4DEC95227,P3,PORT-0ACD636A8AEE,446.878947,19867.245,44.457778,True,True,,0.0,3.446647212967946e-06,True,True,True,True,,0.0,0.0,0.0,2,2,0.47641018879999986,0.65,2.16,P3,균형형 라이트헤지,False,29123.6,2038,7425.0,45.813634,20473.149,20473.149,26404.24,446.878947,45.813634,97.458081,49287.192,43551.964,49483.056,23078.816,5969.514,234.287,0.0,59.085889,13.272255,58.647596,12.833962,0.0,0.0,0.0,0.0,0.0,446.878947,26404.24,2.686191,4.919482,17416.677,1108.15,16656.128,15351.166,210.235,-23078.816,-7197.663,7.271,100,True,11.452832
NIPPON_STEEL_JP,Nippon Steel,JP,34.3,72.6,DISCLOSED_PATH,DISCLOSED_PATH,PORT-0ACD636A8AEE,CAND-2E3E235F5F3F44,P2,PORT-0ACD636A8AEE,446.878947,25974.471,58.124177,True,False,,0.0,3.446647212967946e-06,False,False,True,True,2034,3.3599990099999992,0.0,0.0,2,2,0.47641018879999986,0.65,2.16,P2,지연·부분헤지,False,29123.6,2038,7425.0,59.456101,26569.68,26569.68,33758.449,446.878947,59.456101,94.458772,45886.906,42211.637,49400.405,15641.957,3925.071,249.802,-0.0,75.542714,16.086613,67.680407,8.224306,0.0,0.0,0.0,0.0,0.0,446.878947,33758.449,3.434359,6.289675,14320.769,1108.15,16813.225,14114.241,64.942,-15641.957,-4227.566,17.875,100,True,36.391658
NIPPON_STEEL_JP,Nippon Steel,JP,34.3,72.6,ACCELERATED_15C,DISCLOSED_PATH,PORT-0ACD636A8AEE,CAND-2E3E235F5F3F44,P2,PORT-0ACD636A8AEE,446.878947,20785.807,46.513282,True,True,,0.0,3.446647212967946e-06,True,True,True,True,,0.0,0.0,0.0,2,2,0.47641018879999986,0.65,2.16,P2,지연·부분헤지,False,29123.6,2038,7425.0,48.211009,21544.485,21544.485,29103.228,446.878947,48.211009,99.855455,49216.919,44623.301,52182.044,23078.816,4906.492,312.874,-0.0,65.12553,16.914521,58.490344,10.279335,0.0,0.0,0.0,0.0,0.0,446.878947,29103.228,2.960768,5.422342,11439.057,1108.15,18068.148,18377.379,68.961,-23078.816,-4459.136,20.742,100,True,13.850207
NIPPON_STEEL_JP,Nippon Steel,JP,34.3,72.6,DISCLOSED_PATH,DISCLOSED_PATH,PORT-0ACD636A8AEE,CAND-8A32EE77ABBE07,P1,PORT-0ACD636A8AEE,446.878947,26404.464,59.086391,True,False,,0.0,3.446647212967946e-06,False,False,True,True,2034,3.3599990099999992,0.0,0.0,2,2,0.47641018879999986,0.65,2.16,P1,지연·현물조달,False,29123.6,2038,7425.0,60.749624,27147.728,27147.728,35390.332,446.878947,60.749624,95.752295,45932.879,42789.685,51032.289,15641.957,3405.217,262.023,0.0,79.194449,18.444825,67.783283,7.033659,0.0,0.0,0.0,0.0,0.0,446.878947,35390.332,3.600376,6.593718,9762.531,1108.15,18535.503,15931.792,0.0,-15641.957,-2595.226,46.934,100,True,37.685181
NIPPON_STEEL_JP,Nippon Steel,JP,34.3,72.6,ACCELERATED_15C,DISCLOSED_PATH,PORT-0ACD636A8AEE,CAND-8A32EE77ABBE07,P1,PORT-0ACD636A8AEE,446.878947,21418.195,47.928405,True,True,,0.0,3.446647212967946e-06,True,True,True,True,,0.0,0.0,0.0,2,2,0.47641018879999986,0.65,2.16,P1,지연·현물조달,False,29123.6,2038,7425.0,49.983474,22336.562,22336.562,31127.66,446.878947,49.983474,101.62792,49257.169,45415.378,54206.475,23078.816,4164.891,323.1,-0.0,69.655686,19.672212,58.580413,8.59694,0.0,0.0,0.0,0.0,0.0,446.878947,31127.66,3.166721,5.799522,12477.783,1108.15,18330.787,17520.212,0.0,-23078.816,-4006.285,-15.27,100,True,15.622672
NIPPON_STEEL_JP,Nippon Steel,JP,34.3,72.6,DISCLOSED_PATH,DISCLOSED_PATH,PORT-1411E33E415A,CAND-0902F4B4859A1C,P2,PORT-1411E33E415A,447.753948,27676.996,61.812958,True,False,,0.0,3.446647212967946e-06,False,False,True,True,2036,3.2699989650000028,0.0,0.0,2,2,0.41255777279999983,0.65,1.68,P2,지연·부분헤지,False,26991.8,2034,8019.0,64.006404,28659.12,28659.12,35601.538,447.753948,64.006404,99.017114,48144.953,44335.304,51277.721,15676.183,3717.479,-92.17,-0.0,79.511388,15.504984,72.51476,8.508356,0.0,0.0,0.0,0.0,0.0,447.753948,35601.538,3.621863,6.633069,14002.284,1134.203,15705.087,17635.993,65.594,-15676.183,-4212.794,4.936,100,True,40.941961
NIPPON_STEEL_JP,Nippon Steel,JP,34.3,72.6,ACCELERATED_15C,DISCLOSED_PATH,PORT-1411E33E415A,CAND-0902F4B4859A1C,P2,PORT-1411E33E415A,447.753948,22579.1,50.427473,True,True,,0.0,3.446647212967946e-06,True,True,True,True,,0.0,0.0,0.0,2,2,0.41255777279999983,0.65,1.68,P2,지연·부분헤지,False,26991.8,2034,8019.0,52.6379,23568.828,23568.828,31206.924,447.753948,52.6379,104.289072,51536.119,46695.844,54333.94,23127.016,4657.093,-183.182,0.0,69.69659,17.05869,63.448023,10.810123,0.0,0.0,0.0,0.0,0.0,447.753948,31206.924,3.174784,5.81429,12081.231,1134.203,18258.551,19908.725,69.68,-23127.016,-4651.327,-105.219,100,True,18.277098
NIPPON_STEEL_JP,Nippon Steel,JP,34.3,72.6,DISCLOSED_PATH,DISCLOSED_PATH,PORT-1411E33E415A,CAND-009A19D2863AA5,P1,PORT-1411E33E415A,447.753948,28178.871,62.933831,True,False,,0.0,3.446647212967946e-06,False,False,True,True,2036,3.2699989650000028,0.0,0.0,2,2,0.41255777279999983,0.65,1.68,P1,지연·현물조달,False,26991.8,2034,8019.0,65.449843,29305.426,29305.426,37442.06,447.753948,65.449843,100.460553,48276.473,44981.609,53118.244,15676.183,3139.5,-155.364,0.0,83.621955,18.172111,72.808492,7.358648,0.0,0.0,0.0,0.0,0.0,447.753948,37442.06,3.809106,6.975984,12113.957,1134.203,16652.391,18250.645,0.0,-15676.183,-3139.797,-29.79,100,True,42.3854
NIPPON_STEEL_JP,Nippon Steel,JP,34.3,72.6,ACCELERATED_15C,DISCLOSED_PATH,PORT-1411E33E415A,CAND-009A19D2863AA5,P1,PORT-1411E33E415A,447.753948,23323.438,52.089855,True,True,,0.0,3.446647212967946e-06,True,True,True,True,,0.0,0.0,0.0,2,2,0.41255777279999983,0.65,1.68,P1,지연·현물조달,False,26991.8,2034,8019.0,54.757136,24517.724,24517.724,33508.667,447.753948,54.757136,106.408308,51635.375,47644.74,56635.683,23127.016,3822.436,-168.199,-0.0,74.837235,20.080099,63.669699,8.912563,0.0,0.0,0.0,0.0,0.0,447.753948,33508.667,3.408948,6.243138,12113.957,1134.203,18372.617,19940.462,0.0,-23127.016,-3819.7,-96.8,100,True,20.396334
NIPPON_STEEL_JP,Nippon Steel,JP,34.3,72.6,DISCLOSED_PATH,DISCLOSED_PATH,PORT-28AC80454322,CAND-BE3632C0C6EBCB,P1,PORT-28AC80454322,449.103942,31053.092,69.144554,True,False,,0.0,3.446647212967946e-06,False,False,True,True,2036,4.0200011400000015,0.0,0.0,2,2,0.41255777279999983,0.65,1.68,P1,지연·현물조달,False,26580.4,2032,6930.0,72.066338,32365.276,32365.276,40165.668,449.103942,72.066338,107.079144,51217.007,48089.666,55890.057,15724.389,3128.439,1.098,0.0,89.435126,17.368788,79.029851,6.963513,0.0,0.0,0.0,0.0,0.0,449.103942,40165.668,4.086187,7.483431,16542.279,1166.396,14516.842,20185.89,0.0,-15724.389,-4279.807,-41.935,100,True,49.001895
NIPPON_STEEL_JP,Nippon Steel,JP,34.3,72.6,ACCELERATED_15C,DISCLOSED_PATH,PORT-28AC80454322,CAND-BE3632C0C6EBCB,P1,PORT-28AC80454322,449.103942,26304.285,58.570594,True,True,,0.0,3.446647212967946e-06,True,True,True,True,,0.0,0.0,0.0,2,2,0.41255777279999983,0.65,1.68,P1,지연·현물조달,False,26580.4,2032,6930.0,61.455665,27599.981,27599.981,36341.672,449.103942,61.455665,113.101187,54741.507,50794.189,59535.88,23194.208,3804.416,-142.902,-0.0,80.920403,19.464738,70.244985,8.78932,0.0,0.0,0.0,0.0,0.0,449.103942,36341.672,3.697159,6.770966,12768.455,1166.396,17855.497,23081.684,0.0,-23194.208,-4061.509,-16.335,100,True,27.094863
NIPPON_STEEL_JP,Nippon Steel,JP,34.3,72.6,DISCLOSED_PATH,DISCLOSED_PATH,PORT-42FD0857B83C,CAND-4C03DDE7A8F948,P3,PORT-42FD0857B83C,452.478948,33309.485,73.615546,True,False,,0.0,3.446647212967946e-06,False,False,True,True,2036,0.39999896500000176,0.0,0.0,2,2,0.47641018879999986,0.65,2.16,P3,균형형 라이트헤지,False,29796.8,2034,8019.0,75.793754,34295.078,34295.078,40468.526,452.478948,75.793754,110.800623,55608.755,50134.95,56308.397,15839.871,5524.942,51.137,-0.0,89.437367,13.643613,87.891124,12.09737,0.0,0.0,0.0,0.0,0.0,452.478948,40468.526,4.116998,7.539857,17784.262,1196.784,14864.772,22501.199,230.757,-15839.871,-6457.066,14.241,100,True,52.729311
NIPPON_STEEL_JP,Nippon Steel,JP,34.3,72.6,ACCELERATED_15C,DISCLOSED_PATH,PORT-42FD0857B83C,CAND-4C03DDE7A8F948,P3,PORT-42FD0857B83C,452.478948,28014.913,61.91429,True,True,,0.0,3.446647212967946e-06,True,True,True,True,,0.0,0.0,0.0,2,2,0.47641018879999986,0.65,2.16,P3,균형형 라이트헤지,False,29796.8,2034,8019.0,64.323341,29104.958,29104.958,35784.591,452.478948,64.323341,115.976633,59560.836,52476.985,59156.618,23372.027,7216.878,133.027,0.0,79.085649,14.762308,79.97899,15.655649,0.0,0.0,0.0,0.0,0.0,452.478948,35784.591,3.640486,6.667174,12134.619,1196.784,17692.041,28124.244,246.48,-23372.027,-6892.003,-25.181,100,True,29.962539
NIPPON_STEEL_JP,Nippon Steel,JP,34.3,72.6,DISCLOSED_PATH,DISCLOSED_PATH,PORT-42FD0857B83C,CAND-91BB5A02A7A61F,P2,PORT-42FD0857B83C,452.478948,34274.166,75.747538,True,False,,0.0,3.446647212967946e-06,False,False,True,True,2036,0.39999896500000176,0.0,0.0,2,2,0.47641018879999986,0.65,2.16,P2,지연·부분헤지,False,29796.8,2034,8019.0,78.450771,35497.322,35497.322,43272.054,452.478948,78.450771,113.45764,55664.073,51337.194,59111.925,15839.871,4363.248,36.368,0.0,95.633298,17.182527,88.013381,9.56261,0.0,0.0,0.0,0.0,0.0,452.478948,43272.054,4.40221,8.062194,10980.81,1196.784,16345.675,26561.631,74.201,-15839.871,-3748.297,-73.611,100,True,55.386328
NIPPON_STEEL_JP,Nippon Steel,JP,34.3,72.6,ACCELERATED_15C,DISCLOSED_PATH,PORT-42FD0857B83C,CAND-91BB5A02A7A61F,P2,PORT-42FD0857B83C,452.478948,29480.361,65.153001,True,True,,0.0,3.446647212967946e-06,True,True,True,True,,0.0,0.0,0.0,2,2,0.47641018879999986,0.65,2.16,P2,지연·부분헤지,False,29796.8,2034,8019.0,68.32817,30917.059,30917.059,39349.278,452.478948,68.32817,119.981462,59652.289,54289.086,62721.305,23372.027,5535.335,172.131,0.0,86.963776,18.635606,80.181106,11.852936,0.0,0.0,0.0,0.0,0.0,452.478948,39349.278,4.003133,7.331326,11884.634,1196.784,17753.58,28481.658,78.88,-23372.027,-5065.196,-41.255,100,True,33.967368
NIPPON_STEEL_JP,Nippon Steel,JP,34.3,72.6,DISCLOSED_PATH,DISCLOSED_PATH,PORT-42FD0857B83C,CAND-C0EAED81BD41EE,P1,PORT-42FD0857B83C,452.478948,34942.096,77.223694,True,False,,0.0,3.446647212967946e-06,False,False,True,True,2036,0.39999896500000176,0.0,0.0,2,2,0.47641018879999986,0.65,2.16,P1,지연·현물조달,False,29796.8,2034,8019.0,80.271989,36321.385,36321.385,45472.68,452.478948,80.271989,115.278858,55756.375,52161.256,61312.551,15839.871,3578.621,-16.498,0.0,100.496785,20.224796,88.217372,7.945383,0.0,0.0,0.0,0.0,0.0,452.478948,45472.68,4.626087,8.472202,11717.978,1196.784,16118.606,26143.48,0.0,-15839.871,-3112.928,97.337,100,True,57.207546
NIPPON_STEEL_JP,Nippon Steel,JP,34.3,72.6,ACCELERATED_15C,DISCLOSED_PATH,PORT-42FD0857B83C,CAND-C0EAED81BD41EE,P1,PORT-42FD0857B83C,452.478948,30482.744,67.368315,True,True,,0.0,3.446647212967946e-06,True,True,True,True,,0.0,0.0,0.0,2,2,0.47641018879999986,0.65,2.16,P1,지연·현물조달,False,29796.8,2034,8019.0,71.117029,32178.958,32178.958,42063.105,452.478948,71.117029,122.77032,59761.954,55550.985,65435.132,23372.027,4390.585,179.616,0.0,92.961463,21.844434,80.42347,9.306442,0.0,0.0,0.0,0.0,0.0,452.478948,42063.105,4.27922,7.83695,13448.601,1196.784,18143.108,27191.266,0.0,-23372.027,-4357.483,-71.291,100,True,36.756227
NIPPON_STEEL_JP,Nippon Steel,JP,34.3,72.6,DISCLOSED_PATH,DISCLOSED_PATH,PORT-3391EE4132D6,CAND-61C6F8AE75933E,P3,PORT-3391EE4132D6,453.828942,35968.159,79.254882,True,False,,0.0,3.446647212967946e-06,False,False,True,True,2036,1.1500011400000005,0.0,0.0,2,2,0.47641018879999986,0.65,2.16,P3,균형형 라이트헤지,False,29385.4,2038,7425.0,81.366732,36926.578,36926.578,42974.114,453.828942,81.366732,116.375687,58358.897,52814.655,58862.191,15888.077,5715.262,171.02,0.0,94.692317,13.325586,93.583322,12.21659,0.0,0.0,0.0,0.0,0.0,453.828942,42974.114,4.3719,8.006684,14835.839,1228.977,15473.991,27066.434,241.339,-15888.077,-6031.429,-0.497,100,True,58.302289
NIPPON_STEEL_JP,Nippon Steel,JP,34.3,72.6,ACCELERATED_15C,DISCLOSED_PATH,PORT-3391EE4132D6,CAND-61C6F8AE75933E,P3,PORT-3391EE4132D6,453.828942,30654.444,67.546252,True,True,,0.0,3.446647212967946e-06,True,True,True,True,,0.0,0.0,0.0,2,2,0.47641018879999986,0.65,2.16,P3,균형형 라이트헤지,False,29385.4,2038,7425.0,69.678038,31621.91,31621.91,38127.962,453.828942,69.678038,121.325732,62543.238,55061.129,61567.18,23439.219,7535.306,53.197,0.0,84.013949,14.335911,86.164666,16.486628,0.0,0.0,0.0,0.0,0.0,453.828942,38127.962,3.878885,7.103777,13340.665,1228.977,17759.254,29864.866,257.505,-23439.219,-7483.74,93.602,100,True,35.317236
NIPPON_STEEL_JP,Nippon Steel,JP,34.3,72.6,DISCLOSED_PATH,DISCLOSED_PATH,PORT-3391EE4132D6,CAND-45605758418B60,P2,PORT-3391EE4132D6,453.828942,37060.94,81.662796,True,False,,0.0,3.446647212967946e-06,False,False,True,True,2036,1.1500011400000005,0.0,0.0,2,2,0.47641018879999986,0.65,2.16,P2,지연·부분헤지,False,29385.4,2038,7425.0,84.322444,38267.965,38267.965,45841.393,453.828942,84.322444,119.331399,58411.19,54156.043,61729.47,15888.077,4455.121,199.974,-0.0,101.01029,16.687846,93.698547,9.376104,0.0,0.0,0.0,0.0,0.0,453.828942,45841.393,4.663598,8.540898,13313.827,1228.977,15845.507,28096.314,76.953,-15888.077,-4398.9,-6.636,100,True,61.258001
NIPPON_STEEL_JP,Nippon Steel,JP,34.3,72.6,ACCELERATED_15C,DISCLOSED_PATH,PORT-3391EE4132D6,CAND-45605758418B60,P2,PORT-3391EE4132D6,453.828942,32323.548,71.224078,True,True,,0.0,3.446647212967946e-06,True,True,True,True,,0.0,0.0,0.0,2,2,0.47641018879999986,0.65,2.16,P2,지연·부분헤지,False,29385.4,2038,7425.0,73.921788,33547.847,33547.847,41924.772,453.828942,73.921788,125.569482,62559.357,56987.065,65363.99,23439.219,5637.31,65.018,0.0,92.380119,18.458331,86.200185,12.278397,0.0,0.0,0.0,0.0,0.0,453.828942,41924.772,4.265147,7.811177,13313.827,1228.977,17520.048,30565.23,81.75,-23439.219,-5601.361,-121.405,100,True,39.560986
NIPPON_STEEL_JP,Nippon Steel,JP,34.3,72.6,DISCLOSED_PATH,DISCLOSED_PATH,PORT-3391EE4132D6,CAND-185224D49A1B91,P1,PORT-3391EE4132D6,453.828942,37816.316,83.327247,True,False,,0.0,3.446647212967946e-06,False,False,True,True,2036,1.1500011400000005,0.0,0.0,2,2,0.47641018879999986,0.65,2.16,P1,지연·현물조달,False,29385.4,2038,7425.0,86.358068,39191.791,39191.791,48024.551,453.828942,86.358068,121.367023,58504.633,55079.868,63912.628,15888.077,3584.761,159.996,-0.0,105.820821,19.462753,93.904446,7.546378,0.0,0.0,0.0,0.0,0.0,453.828942,48024.551,4.885698,8.947652,15485.566,1228.977,15379.417,27049.12,0.0,-15888.077,-4088.798,25.586,100,True,63.293625
NIPPON_STEEL_JP,Nippon Steel,JP,34.3,72.6,ACCELERATED_15C,DISCLOSED_PATH,PORT-3391EE4132D6,CAND-185224D49A1B91,P1,PORT-3391EE4132D6,453.828942,33463.591,73.736132,True,True,,0.0,3.446647212967946e-06,True,True,True,True,,0.0,0.0,0.0,2,2,0.47641018879999986,0.65,2.16,P1,지연·현물조달,False,29385.4,2038,7425.0,76.892276,34895.94,34895.94,44824.309,453.828942,76.892276,128.539971,62675.715,58335.159,68263.528,23439.219,4393.575,53.019,-0.0,98.769173,21.876897,86.456575,9.564299,0.0,0.0,0.0,0.0,0.0,453.828942,44824.309,4.560126,8.351401,13415.324,1228.977,17950.968,29990.305,0.0,-23439.219,-4384.059,133.644,100,True,42.531474
NIPPON_STEEL_JP,Nippon Steel,JP,34.3,72.6,DISCLOSED_PATH,DISCLOSED_PATH,PORT-D74D023C0D05,CAND-1FF01FDB28F13A,P4,PORT-D74D023C0D05,521.418946,49114.443,94.193822,True,False,,0.0,3.446647212967946e-06,False,False,True,True,2028,0.4799982000000007,0.0,0.5400000000000009,2,2,0.5333221247999997,0.65,2.6399999999999997,P4,균형형 전환,False,32153.0,2033,8019.0,95.658349,49878.075,49878.075,56332.257,521.418946,95.658349,130.622531,77195.38,68109.062,74563.244,18230.987,9318.108,231.791,-0.0,108.036459,12.378111,113.084484,17.426136,0.0,0.0,0.0,0.0,0.0,521.418946,56332.257,5.730868,10.495494,13017.741,1522.1,19255.659,42524.218,701.932,-18230.987,-8860.832,-51.756,100,True,72.593906
NIPPON_STEEL_JP,Nippon Steel,JP,34.3,72.6,ACCELERATED_15C,DISCLOSED_PATH,PORT-D74D023C0D05,CAND-1FF01FDB28F13A,P4,PORT-D74D023C0D05,521.418946,42713.381,81.917585,True,True,,0.0,3.446647212967946e-06,True,True,True,True,,0.0,0.0,0.0,2,2,0.5333221247999997,0.65,2.6399999999999997,P4,균형형 전환,False,32153.0,2033,8019.0,83.522771,43550.355,43550.355,50357.491,521.418946,83.522771,134.937364,82941.143,70358.898,77166.034,26808.543,12730.076,147.831,0.0,96.577793,13.055022,107.65355,24.130779,0.0,0.0,0.0,0.0,0.0,521.418946,50357.491,5.123035,9.382311,15139.589,1522.1,19949.623,45575.171,753.268,-26808.543,-12666.617,85.764,100,True,49.161969
NIPPON_STEEL_JP,Nippon Steel,JP,34.3,72.6,DISCLOSED_PATH,DISCLOSED_PATH,PORT-34AD95AD1263,CAND-CDFE2587E5584F,P4,PORT-34AD95AD1263,522.518939,51527.28,98.613229,True,False,,0.0,3.446647212967946e-06,False,False,True,True,2028,0.0,0.0,0.5400000000000009,2,2,0.5333221247999997,0.65,2.6399999999999997,P4,균형형 전환,False,31741.6,2037,7425.0,100.080286,52293.845,52293.845,58580.095,522.518939,100.080286,135.044486,80206.597,70563.302,76849.552,18269.457,9634.054,-9.241,0.0,112.110951,12.030665,118.535686,18.4554,0.0,0.0,0.0,0.0,0.0,522.518939,58580.095,5.959548,10.914298,19111.651,1552.928,17181.502,42363.187,726.27,-18269.457,-10333.374,-38.862,100,True,77.015843
NIPPON_STEEL_JP,Nippon Steel,JP,34.3,72.6,ACCELERATED_15C,DISCLOSED_PATH,PORT-34AD95AD1263,CAND-CDFE2587E5584F,P4,PORT-34AD95AD1263,522.518939,45000.915,86.123031,True,True,,0.0,3.446647212967946e-06,True,True,True,True,,0.0,0.0,0.0,2,2,0.5333221247999997,0.65,2.6399999999999997,P4,균형형 전환,False,31741.6,2037,7425.0,87.629304,45787.971,45787.971,52145.82,522.518939,87.629304,139.033629,85846.763,72647.704,79005.553,26859.733,13251.05,51.991,0.0,99.796995,12.167691,112.889745,25.260441,0.0,0.0,0.0,0.0,0.0,522.518939,52145.82,5.304968,9.715502,13419.668,1552.928,19799.778,49806.727,778.267,-26859.733,-12838.485,128.821,100,True,53.268502
NIPPON_STEEL_JP,Nippon Steel,JP,34.3,72.6,DISCLOSED_PATH,DISCLOSED_PATH,PORT-7DC6DDA55D96,CAND-004C84C918F9F0,P2,PORT-7DC6DDA55D96,209.368973,20043.231,95.731622,False,False,2030,4.807752286632599,-4.807752286632599,True,True,True,True,,0.0,0.0,0.0,2,2,0.4298908671999999,0.65,1.84,P2,지연·부분헤지,False,23326.6,2038,7425.0,96.712606,20248.619,20248.619,26077.845,209.368973,96.712606,131.683838,30099.69,27570.51,33399.735,7321.891,2487.517,-41.663,0.0,124.554485,27.841878,108.79262,12.080014,0.0,0.0,0.0,0.0,0.0,209.368973,26077.845,2.652986,4.85867,8793.971,621.563,5439.243,15284.51,40.164,-7321.891,-2632.476,23.535,100,True,73.648163
NIPPON_STEEL_JP,Nippon Steel,JP,34.3,72.6,ACCELERATED_15C,DISCLOSED_PATH,PORT-7DC6DDA55D96,CAND-004C84C918F9F0,P2,PORT-7DC6DDA55D96,209.368973,17931.869,85.647215,False,False,2030,21.3077522866326,-21.3077522866326,True,True,True,True,,0.0,0.0,0.0,2,2,0.4298908671999999,0.65,1.84,P2,지연·부분헤지,False,23326.6,2038,7425.0,86.786177,18170.333,18170.333,24131.29,209.368973,86.786177,138.787742,32293.316,29057.847,35018.804,10887.514,3203.767,-31.701,0.0,115.257239,28.471062,102.239606,15.453429,0.0,0.0,0.0,0.0,0.0,209.368973,24131.29,2.454957,4.496,7807.799,621.563,6281.552,17421.929,42.651,-10887.514,-3147.121,29.476,100,True,52.425375
NIPPON_STEEL_JP,Nippon Steel,JP,34.3,72.6,DISCLOSED_PATH,DISCLOSED_PATH,PORT-91584DA203D9,CAND-005FE12044C08C,P2,PORT-91584DA203D9,223.148943,21588.607,96.745279,False,False,2030,8.940000609999998,-8.940000609999998,True,True,True,True,,0.0,0.0,0.0,2,2,0.3325551616000001,0.65,1.2,P2,지연·부분헤지,False,18876.0,2034,8019.0,98.72134,22029.563,22029.563,27266.901,223.148943,98.72134,133.82895,31934.244,29863.789,35101.128,7834.226,2111.041,40.585,-0.0,122.191489,23.470149,107.999698,9.278358,0.0,0.0,0.0,0.0,0.0,223.148943,27266.901,2.773953,5.080208,7298.251,689.22,6160.362,17938.537,40.472,-7834.226,-2259.483,-3.57,100,True,75.656897
NIPPON_STEEL_JP,Nippon Steel,JP,34.3,72.6,ACCELERATED_15C,DISCLOSED_PATH,PORT-91584DA203D9,CAND-005FE12044C08C,P2,PORT-91584DA203D9,223.148943,19473.996,87.26905,False,False,2030,25.94000061,-25.94000061,True,True,True,True,,0.0,0.0,0.0,2,2,0.3325551616000001,0.65,1.2,P2,지연·부분헤지,False,18876.0,2034,8019.0,89.287217,19924.348,19924.348,25714.704,223.148943,89.287217,141.292781,34279.587,31529.335,37319.691,11604.987,2750.324,0.072,-0.0,115.23561,25.948393,101.611955,12.324739,0.0,0.0,0.0,0.0,0.0,223.148943,25714.704,2.616043,4.791012,7019.739,689.22,6915.668,19746.143,43.09,-11604.987,-2874.457,-10.068,100,True,54.926415
JFE_STEEL_JP,JFE Steel,JP,21.95,45.3,DISCLOSED_PATH,DISCLOSED_PATH,PORT-51A2628EF9C2,CAND-E8FAD9BDD034A5,P3,PORT-51A2628EF9C2,328.220861,40363.359,122.976215,True,True,,0.0,1.265341119704999e-05,True,True,True,True,,0.0,0.0,0.0,3,3,0.41232239999999987,0.65,1.78,P3,균형형 라이트헤지,False,20429.2,2033,9930.8,125.259541,41112.794,41112.794,48583.363,328.220861,125.259541,160.299059,58123.612,52613.495,60084.064,11500.701,5483.643,-26.474,-0.0,148.020339,22.760798,142.047374,16.787833,0.0,0.0,0.0,0.0,0.0,328.220861,48583.363,13.471429,16.817835,10541.319,975.493,10801.714,35636.303,232.76,-11500.701,-5546.09,-28.004,100,True,15.297899
JFE_STEEL_JP,JFE Steel,JP,21.95,45.3,ACCELERATED_15C,DISCLOSED_PATH,PORT-51A2628EF9C2,CAND-E8FAD9BDD034A5,P3,PORT-51A2628EF9C2,328.220861,37182.414,113.284736,True,True,,0.0,1.265341119704999e-05,True,True,True,True,,0.0,0.0,0.0,3,3,0.41232239999999987,0.65,1.78,P3,균형형 라이트헤지,False,20429.2,2033,9930.8,115.522016,37916.736,37916.736,45860.842,328.220861,115.522016,167.196319,62323.448,54877.32,62821.426,16960.584,7480.411,34.283,0.0,139.725554,24.203538,138.20835,22.686334,0.0,0.0,0.0,0.0,0.0,328.220861,45860.842,12.716516,15.875395,9787.66,975.493,12261.212,38985.447,249.432,-16960.584,-7339.666,-42.257,100,True,26.255337
JFE_STEEL_JP,JFE Steel,JP,21.95,45.3,DISCLOSED_PATH,DISCLOSED_PATH,PORT-51A2628EF9C2,CAND-F4B6AD5FB08D71,P2,PORT-51A2628EF9C2,328.220861,41807.514,127.376163,True,True,,0.0,1.265341119704999e-05,True,True,True,True,,0.0,0.0,0.0,3,3,0.41232239999999987,0.65,1.78,P2,지연·부분헤지,False,20429.2,2033,9930.8,130.220138,42740.966,42740.966,52143.238,328.220861,130.220138,165.259656,58171.978,54241.667,63643.939,11500.701,3819.381,-110.93,0.0,158.866313,28.646175,142.194733,11.974594,0.0,0.0,0.0,0.0,0.0,328.220861,52143.238,14.458529,18.050138,10691.164,975.493,10872.531,35632.53,71.146,-11500.701,-3972.675,-28.521,100,True,20.258496
JFE_STEEL_JP,JFE Steel,JP,21.95,45.3,ACCELERATED_15C,DISCLOSED_PATH,PORT-51A2628EF9C2,CAND-F4B6AD5FB08D71,P2,PORT-51A2628EF9C2,328.220861,39413.198,120.081332,True,True,,0.0,1.265341119704999e-05,True,True,True,True,,0.0,0.0,0.0,3,3,0.41232239999999987,0.65,1.78,P2,지연·부분헤지,False,20429.2,2033,9930.8,122.890034,40335.073,40335.073,50562.252,328.220861,122.890034,174.564337,62335.271,57295.657,67522.836,16960.584,5056.098,16.484,0.0,154.049476,31.159442,138.244372,15.354338,0.0,0.0,0.0,0.0,0.0,328.220861,50562.252,14.020145,17.502856,9686.557,975.493,11619.045,39754.936,75.909,-16960.584,-4881.021,64.737,100,True,33.623355
JFE_STEEL_JP,JFE Steel,JP,21.95,45.3,DISCLOSED_PATH,DISCLOSED_PATH,PORT-51A2628EF9C2,CAND-FCDB7C1BD7991A,P1,PORT-51A2628EF9C2,328.220861,42800.358,130.401089,True,True,,0.0,1.265341119704999e-05,True,True,True,True,,0.0,0.0,0.0,3,3,0.41232239999999987,0.65,1.78,P1,지연·현물조달,False,20429.2,2033,9930.8,133.742889,43897.206,43897.206,54757.044,328.220861,133.742889,168.782407,58263.342,55397.907,66257.744,11500.701,2744.873,-120.563,0.0,166.829871,33.086981,142.473094,8.730205,0.0,0.0,0.0,0.0,0.0,328.220861,54757.044,15.183297,18.954945,9747.532,975.493,11454.832,35840.196,0.0,-11500.701,-2634.194,14.049,100,True,23.781247
JFE_STEEL_JP,JFE Steel,JP,21.95,45.3,ACCELERATED_15C,DISCLOSED_PATH,PORT-51A2628EF9C2,CAND-FCDB7C1BD7991A,P1,PORT-51A2628EF9C2,328.220861,40930.073,124.702838,True,True,,0.0,1.265341119704999e-05,True,True,True,True,,0.0,0.0,0.0,3,3,0.41232239999999987,0.65,1.78,P1,지연·현물조달,False,20429.2,2033,9930.8,128.050542,42028.859,42028.859,54004.212,328.220861,128.050542,179.724845,62421.414,58989.443,70964.796,16960.584,3396.807,-35.164,0.0,164.536198,36.485656,138.506827,10.456285,0.0,0.0,0.0,0.0,0.0,328.220861,54004.212,14.974549,18.694341,9660.878,975.493,11634.669,39857.74,0.0,-16960.584,-3229.057,89.721,100,True,38.783863
JFE_STEEL_JP,JFE Steel,JP,21.95,45.3,DISCLOSED_PATH,DISCLOSED_PATH,PORT-CCD4397FA6D4,CAND-A735954AF09420,P3,PORT-CCD4397FA6D4,281.895878,30284.795,107.432556,True,True,,0.0,1.265341119704999e-05,True,True,True,True,,0.0,0.0,0.0,2,3,0.3119871999999999,0.65,1.1400000000000001,P3,균형형 라이트헤지,False,16139.2,2033,9930.8,109.961642,30997.733,30997.733,36507.32,281.895878,109.961642,145.019005,45022.096,40880.26,46389.846,9882.526,4101.568,-40.268,0.0,129.5064,19.544758,124.654428,14.692787,0.0,0.0,0.0,0.0,0.0,281.895878,36507.32,10.122926,12.637538,7228.093,811.996,9121.719,27488.969,179.991,-9882.526,-3979.732,29.223,100,True,0.0
JFE_STEEL_JP,JFE Steel,JP,21.95,45.3,ACCELERATED_15C,DISCLOSED_PATH,PORT-CCD4397FA6D4,CAND-A735954AF09420,P3,PORT-CCD4397FA6D4,281.895878,27384.963,97.145666,False,False,2040,5.28499579,-5.28499579,True,True,True,True,,0.0,0.0,0.0,2,3,0.3119871999999999,0.65,1.1400000000000001,P3,균형형 라이트헤지,False,16139.2,2033,9930.8,99.998729,28189.23,28189.23,34052.223,281.895878,99.998729,151.59332,48243.395,42733.532,48596.525,14544.302,5593.396,83.534,0.0,120.797164,20.798435,119.544466,19.545737,0.0,0.0,0.0,0.0,0.0,281.895878,34052.223,9.442165,11.787671,8138.949,811.996,10417.448,28817.676,192.633,-14544.302,-5656.96,11.791,100,True,10.73205
JFE_STEEL_JP,JFE Steel,JP,21.95,45.3,DISCLOSED_PATH,DISCLOSED_PATH,PORT-CCD4397FA6D4,CAND-0B566F19FFC9A2,P2,PORT-CCD4397FA6D4,281.895878,31362.25,111.25473,True,True,,0.0,1.265341119704999e-05,True,True,True,True,,0.0,0.0,0.0,2,3,0.3119871999999999,0.65,1.1400000000000001,P2,지연·부분헤지,False,16139.2,2033,9930.8,114.460384,32265.91,32265.91,39213.127,281.895878,114.460384,149.517747,45095.734,42148.436,49095.653,9882.526,2837.994,-109.303,0.0,139.105002,24.644618,124.915652,10.455268,0.0,0.0,0.0,0.0,0.0,281.895878,39213.127,10.873205,13.574192,7755.187,811.996,9439.873,26984.229,55.271,-9882.526,-2869.43,-28.689,100,True,4.498742
JFE_STEEL_JP,JFE Steel,JP,21.95,45.3,ACCELERATED_15C,DISCLOSED_PATH,PORT-CCD4397FA6D4,CAND-0B566F19FFC9A2,P2,PORT-CCD4397FA6D4,281.895878,29040.327,103.01792,False,False,2040,5.28499579,-5.28499579,True,True,True,True,,0.0,0.0,0.0,2,3,0.3119871999999999,0.65,1.1400000000000001,P2,지연·부분헤지,False,16139.2,2033,9930.8,106.632567,30059.281,30059.281,37650.316,281.895878,106.632567,158.227158,48312.08,44603.584,52194.619,14544.302,3736.641,28.145,0.0,133.561075,26.928507,119.788121,13.155554,0.0,0.0,0.0,0.0,0.0,281.895878,37650.316,10.439861,13.033203,7755.187,811.996,10374.155,29389.82,58.914,-14544.302,-3760.198,-26.29,100,True,17.365888
JFE_STEEL_JP,JFE Steel,JP,21.95,45.3,DISCLOSED_PATH,DISCLOSED_PATH,PORT-CCD4397FA6D4,CAND-321A1FBBC2D640,P1,PORT-CCD4397FA6D4,281.895878,32103.489,113.884208,True,True,,0.0,1.265341119704999e-05,True,True,True,True,,0.0,0.0,0.0,2,3,0.3119871999999999,0.65,1.1400000000000001,P1,지연·현물조달,False,16139.2,2033,9930.8,117.641373,33162.618,33162.618,41237.554,281.895878,117.641373,152.698736,45196.304,43045.144,51120.08,9882.526,2040.128,-111.031,-0.0,146.286473,28.6451,125.272415,7.631042,0.0,0.0,0.0,0.0,0.0,281.895878,41237.554,11.434548,14.274977,5529.678,811.996,9372.133,28764.06,0.0,-9882.526,-1452.242,19.519,100,True,7.679731
JFE_STEEL_JP,JFE Steel,JP,21.95,45.3,ACCELERATED_15C,DISCLOSED_PATH,PORT-CCD4397FA6D4,CAND-321A1FBBC2D640,P1,PORT-CCD4397FA6D4,281.895878,30166.609,107.013304,False,False,2040,5.28499579,-5.28499579,True,True,True,True,,0.0,0.0,0.0,2,3,0.3119871999999999,0.65,1.1400000000000001,P1,지연·현물조달,False,16139.2,2033,9930.8,111.234351,31356.505,31356.505,40326.679,281.895878,111.234351,162.828942,48412.929,45900.807,54870.982,14544.302,2521.195,9.073,0.0,143.055228,31.820877,120.145874,8.911522,0.0,0.0,0.0,0.0,0.0,281.895878,40326.679,11.181976,13.959665,7785.657,811.996,10417.515,29466.601,0.0,-14544.302,-2545.766,-35.195,100,True,21.967672
JFE_STEEL_JP,JFE Steel,JP,21.95,45.3,DISCLOSED_PATH,DISCLOSED_PATH,PORT-E5F3D5116135,CAND-FC0AA3F9FE37C6,P3,PORT-E5F3D5116135,321.408363,31315.689,97.432714,True,False,,0.0,1.265341119704999e-05,False,False,True,True,2036,0.004998229999999992,0.0,0.0,2,3,0.3406543999999999,0.65,1.3,P3,균형형 라이트헤지,False,18185.2,2033,9930.8,99.796297,32075.364,32075.364,37872.351,321.408363,99.796297,134.838117,47786.368,43338.098,49135.085,11262.734,4424.723,-23.547,-0.0,117.832501,18.036204,113.636228,13.839931,0.0,0.0,0.0,0.0,0.0,321.408363,37872.351,10.501428,13.110063,9184.46,880.119,11090.893,26483.529,192.832,-11262.734,-4471.894,-21.842,100,True,-10.165345
JFE_STEEL_JP,JFE Steel,JP,21.95,45.3,ACCELERATED_15C,DISCLOSED_PATH,PORT-E5F3D5116135,CAND-FC0AA3F9FE37C6,P3,PORT-E5F3D5116135,321.408363,27857.175,86.672217,True,True,,0.0,1.265341119704999e-05,True,True,True,True,,0.0,0.0,0.0,2,3,0.3406543999999999,0.65,1.3,P3,균형형 라이트헤지,False,18185.2,2033,9930.8,89.266679,28691.057,28691.057,34895.379,321.408363,89.266679,140.9307,51265.064,45296.306,51500.627,16605.249,5970.484,1.726,0.0,108.570227,19.303548,107.837317,18.570638,0.0,0.0,0.0,0.0,0.0,321.408363,34895.379,9.675959,12.079541,9419.929,880.119,12182.876,28709.841,206.305,-16605.249,-6094.097,-8.668,100,True,0.0
JFE_STEEL_JP,JFE Steel,JP,21.95,45.3,DISCLOSED_PATH,DISCLOSED_PATH,PORT-E5F3D5116135,CAND-E72109958C3B57,P2,PORT-E5F3D5116135,321.408363,32387.753,100.768233,True,False,,0.0,1.265341119704999e-05,False,False,True,True,2036,0.004998229999999992,0.0,0.0,2,3,0.3406543999999999,0.65,1.3,P2,지연·부분헤지,False,18185.2,2033,9930.8,103.721246,33336.876,33336.876,40657.064,321.408363,103.721246,138.763065,47857.222,44599.61,51919.798,11262.734,3162.968,-94.643,0.0,126.496596,22.775351,113.856676,10.13543,0.0,0.0,0.0,0.0,0.0,321.408363,40657.064,11.273587,14.074032,8797.613,880.119,11033.389,26984.229,59.835,-11262.734,-3175.704,20.129,100,True,-6.240396
JFE_STEEL_JP,JFE Steel,JP,21.95,45.3,ACCELERATED_15C,DISCLOSED_PATH,PORT-E5F3D5116135,CAND-E72109958C3B57,P2,PORT-E5F3D5116135,321.408363,29504.994,91.799087,True,True,,0.0,1.265341119704999e-05,True,True,True,True,,0.0,0.0,0.0,2,3,0.3406543999999999,0.65,1.3,P2,지연·부분헤지,False,18185.2,2033,9930.8,95.074019,30557.585,30557.585,38574.333,321.408363,95.074019,146.73804,51322.053,47162.833,55179.582,16605.249,4106.222,-52.997,0.0,120.016582,24.942563,108.014627,12.940608,0.0,0.0,0.0,0.0,0.0,321.408363,38574.333,10.696077,13.353065,8797.613,880.119,12158.644,29389.82,63.755,-16605.249,-4124.157,-2.961,100,True,5.80734
JFE_STEEL_JP,JFE Steel,JP,21.95,45.3,DISCLOSED_PATH,DISCLOSED_PATH,PORT-E5F3D5116135,CAND-E280945A557960,P1,PORT-E5F3D5116135,321.408363,33126.209,103.065795,True,False,,0.0,1.265341119704999e-05,False,False,True,True,2036,0.004998229999999992,0.0,0.0,2,3,0.3406543999999999,0.65,1.3,P1,지연·현물조달,False,18185.2,2033,9930.8,106.491213,34227.167,34227.167,42759.928,321.408363,106.491213,141.533033,47914.694,45489.901,54022.662,11262.734,2359.471,-65.323,0.0,133.039252,26.548039,114.035491,7.544278,0.0,0.0,0.0,0.0,0.0,321.408363,42759.928,11.856679,14.801969,9391.263,880.119,11237.311,26505.567,0.0,-11262.734,-2503.678,-20.682,100,True,-3.470429
JFE_STEEL_JP,JFE Steel,JP,21.95,45.3,ACCELERATED_15C,DISCLOSED_PATH,PORT-E5F3D5116135,CAND-E280945A557960,P1,PORT-E5F3D5116135,321.408363,30627.226,95.290696,True,True,,0.0,1.265341119704999e-05,True,True,True,True,,0.0,0.0,0.0,2,3,0.3406543999999999,0.65,1.3,P1,지연·현물조달,False,18185.2,2033,9930.8,99.111241,31855.182,31855.182,41333.092,321.408363,99.111241,150.775263,51401.94,48460.43,57938.341,16605.249,2906.362,-35.147,0.0,128.599927,29.488686,108.263179,9.151938,0.0,0.0,0.0,0.0,0.0,321.408363,41333.092,11.461039,14.308049,8816.468,880.119,12214.508,29466.601,0.0,-16605.249,-2904.887,-12.378,100,True,9.844562
JFE_STEEL_JP,JFE Steel,JP,21.95,45.3,DISCLOSED_PATH,DISCLOSED_PATH,PORT-2883A9539B06,CAND-AE1C3F48385E3F,P5,PORT-2883A9539B06,367.500849,43076.746,117.215365,True,False,,0.0,1.265341119704999e-05,False,False,True,True,2028,0.0,0.0,0.9619987720000003,3,3,0.41232239999999987,0.65,1.78,P5,조기 계약형 전환,False,20429.2,2032,9930.8,118.42606,43521.678,43521.678,46635.883,367.500849,118.42606,153.415309,67130.199,56380.256,59494.462,12858.579,10649.692,-100.251,-0.0,126.900069,8.474008,147.677538,29.251478,0.0,0.0,0.0,0.0,0.0,367.500849,46635.883,12.931423,16.143687,12255.608,1129.437,11708.881,41116.301,1059.504,-12858.579,-10866.09,-23.384,100,True,8.464418
JFE_STEEL_JP,JFE Steel,JP,21.95,45.3,ACCELERATED_15C,DISCLOSED_PATH,PORT-2883A9539B06,CAND-AE1C3F48385E3F,P5,PORT-2883A9539B06,367.500849,37367.085,101.678907,True,True,,0.0,1.265341119704999e-05,True,True,True,True,,0.0,0.0,0.0,3,3,0.41232239999999987,0.65,1.78,P5,조기 계약형 전환,False,20429.2,2032,9930.8,103.003127,37853.737,37853.737,40898.213,367.500849,103.003127,154.397561,71912.732,56741.235,59785.711,18887.498,15210.226,38.728,0.0,111.287396,8.284269,144.286018,41.282891,0.0,0.0,0.0,0.0,0.0,367.500849,40898.213,11.340454,14.157509,9655.27,1129.437,13177.471,46778.572,1138.13,-18887.498,-15142.988,5.343,100,True,13.736448
JFE_STEEL_JP,JFE Steel,JP,21.95,45.3,DISCLOSED_PATH,DISCLOSED_PATH,PORT-2883A9539B06,CAND-942FF71D4F4188,P4,PORT-2883A9539B06,367.500849,45230.214,123.075128,True,False,,0.0,1.265341119704999e-05,False,False,True,True,2028,0.0,0.0,0.9619987720000003,3,3,0.41232239999999987,0.65,1.78,P4,균형형 전환,False,20429.2,2032,9930.8,125.45595,46105.168,46105.168,51311.726,367.500849,125.45595,160.445199,66908.627,58963.747,64170.305,12858.579,8042.679,97.798,0.0,139.623422,14.167472,147.074622,21.618672,0.0,0.0,0.0,0.0,0.0,367.500849,51311.726,14.227963,17.762298,8398.286,1129.437,12947.062,43600.392,600.911,-12858.579,-7663.057,-49.285,100,True,15.494308
JFE_STEEL_JP,JFE Steel,JP,21.95,45.3,ACCELERATED_15C,DISCLOSED_PATH,PORT-2883A9539B06,CAND-942FF71D4F4188,P4,PORT-2883A9539B06,367.500849,40788.202,110.988047,True,True,,0.0,1.265341119704999e-05,True,True,True,True,,0.0,0.0,0.0,3,3,0.41232239999999987,0.65,1.78,P4,균형형 전환,False,20429.2,2032,9930.8,113.702471,41785.754,41785.754,47077.028,367.500849,113.702471,165.096905,71803.327,60673.253,65964.526,18887.498,11328.184,198.109,-0.0,128.100459,14.397989,143.988319,30.285848,0.0,0.0,0.0,0.0,0.0,367.500849,47077.028,13.053745,16.296396,10696.346,1129.437,13649.748,45865.689,644.815,-18887.498,-11330.199,17.417,100,True,24.435792
JFE_STEEL_JP,JFE Steel,JP,21.95,45.3,DISCLOSED_PATH,DISCLOSED_PATH,PORT-E3494C854A0D,CAND-F1788FF7DCC7F6,P2,PORT-E3494C854A0D,323.808372,38846.247,119.966777,True,False,,0.0,1.265341119704999e-05,False,False,True,True,2029,1.6549952300000008,0.07400003299999997,0.18199837200000069,2,3,0.3406543999999999,0.65,1.3,P2,지연·부분헤지,False,17287.6,2029,7326.0,122.739416,39744.05,39744.05,47804.684,323.808372,122.739416,157.769403,54572.327,51087.054,59147.687,11343.003,3373.199,-112.075,0.0,147.632637,24.893221,133.5028,10.763384,0.0,0.0,0.0,0.0,0.0,323.808372,47804.684,13.255514,16.548284,8708.379,955.146,11044.162,33785.923,66.201,-11343.003,-3347.934,-124.824,100,True,12.777774
JFE_STEEL_JP,JFE Steel,JP,21.95,45.3,ACCELERATED_15C,DISCLOSED_PATH,PORT-E3494C854A0D,CAND-F1788FF7DCC7F6,P2,PORT-E3494C854A0D,323.808372,35953.415,111.032999,True,True,,0.0,1.265341119704999e-05,True,True,True,True,,0.0,0.0,0.0,2,3,0.3406543999999999,0.65,1.3,P2,지연·부분헤지,False,17287.6,2029,7326.0,114.120299,36953.108,36953.108,45487.975,323.808372,114.120299,165.713145,58106.031,53659.304,62194.171,16706.195,4448.555,1.828,-0.0,140.478071,26.357771,127.852889,13.73259,0.0,0.0,0.0,0.0,0.0,323.808372,45487.975,12.613125,15.746322,8708.379,955.146,12193.933,36236.149,70.231,-16706.195,-4383.947,-120.589,100,True,24.85362
JFE_STEEL_JP,JFE Steel,JP,21.95,45.3,DISCLOSED_PATH,DISCLOSED_PATH,PORT-E3494C854A0D,CAND-25BA0666383526,P1,PORT-E3494C854A0D,323.808372,39789.406,122.879484,True,False,,0.0,1.265341119704999e-05,False,False,True,True,2029,1.6549952300000008,0.07400003299999997,0.18199837200000069,2,3,0.3406543999999999,0.65,1.3,P1,지연·현물조달,False,17287.6,2029,7326.0,126.083367,40826.85,40826.85,50135.829,323.808372,126.083367,161.113354,54664.259,52169.853,61478.832,11343.003,2351.005,-143.401,0.0,154.831786,28.74842,133.786706,7.70334,0.0,0.0,0.0,0.0,0.0,323.808372,50135.829,13.901905,17.355244,9967.359,955.146,10810.669,32943.688,0.0,-11343.003,-2666.493,159.484,100,True,16.121725
JFE_STEEL_JP,JFE Steel,JP,21.95,45.3,ACCELERATED_15C,DISCLOSED_PATH,PORT-E3494C854A0D,CAND-25BA0666383526,P1,PORT-E3494C854A0D,323.808372,37395.542,115.486644,True,True,,0.0,1.265341119704999e-05,True,True,True,True,,0.0,0.0,0.0,2,3,0.3406543999999999,0.65,1.3,P1,지연·현물조달,False,17287.6,2029,7326.0,119.135536,38577.084,38577.084,48557.207,323.808372,119.135536,170.728381,58202.007,55283.279,65263.402,16706.195,2883.007,-35.72,0.0,149.956613,30.821077,128.149285,9.013749,0.0,0.0,0.0,0.0,0.0,323.808372,48557.207,13.464177,16.808781,8161.381,955.146,12297.204,36407.609,0.0,-16706.195,-2668.31,130.249,100,True,29.868857
JFE_STEEL_JP,JFE Steel,JP,21.95,45.3,DISCLOSED_PATH,DISCLOSED_PATH,PORT-0FD37D80B1EA,CAND-FA1953D51D82F3,P3,PORT-0FD37D80B1EA,330.620869,46521.877,140.710649,True,False,,0.0,1.265341119704999e-05,False,False,True,True,2029,0.0,0.07400003299999997,0.18199837200000069,3,3,0.41232239999999987,0.65,1.78,P3,균형형 라이트헤지,False,19531.6,2029,7326.0,144.088966,47638.819,47638.819,54296.018,330.620869,144.088966,179.116911,65322.044,59219.789,65876.988,11580.97,5963.754,-138.5,0.0,164.224412,20.135447,162.545921,18.456955,0.0,0.0,0.0,0.0,0.0,330.620869,54296.018,15.055462,18.795354,11541.755,1050.519,10176.646,42286.241,257.206,-11580.97,-6312.407,219.829,100,True,34.127324
JFE_STEEL_JP,JFE Steel,JP,21.95,45.3,ACCELERATED_15C,DISCLOSED_PATH,PORT-0FD37D80B1EA,CAND-FA1953D51D82F3,P3,PORT-0FD37D80B1EA,330.620869,43157.607,130.535035,True,True,,0.0,1.265341119704999e-05,True,True,True,True,,0.0,0.0,0.0,3,3,0.41232239999999987,0.65,1.78,P3,균형형 라이트헤지,False,19531.6,2029,7326.0,133.892882,44267.781,44267.781,51297.416,330.620869,133.892882,185.497401,69674.034,61329.312,68358.946,17061.531,8243.299,-101.423,-0.0,155.154802,21.26192,159.132433,25.239551,0.0,0.0,0.0,0.0,0.0,330.620869,51297.416,14.223995,17.757344,9580.335,1050.519,11588.182,46603.211,274.293,-17061.531,-8125.325,358.096,100,True,44.626203
JFE_STEEL_JP,JFE Steel,JP,21.95,45.3,DISCLOSED_PATH,DISCLOSED_PATH,PORT-0FD37D80B1EA,CAND-1D1CB9506368C0,P2,PORT-0FD37D80B1EA,330.620869,48266.007,145.985968,True,False,,0.0,1.265341119704999e-05,False,False,True,True,2029,0.0,0.07400003299999997,0.18199837200000069,3,3,0.41232239999999987,0.65,1.78,P2,지연·부분헤지,False,19531.6,2029,7326.0,150.209772,49662.486,49662.486,58046.284,330.620869,150.209772,185.237718,65442.896,61243.455,69627.254,11580.97,4043.349,-156.092,-0.0,175.567515,25.357743,162.911453,12.70168,0.0,0.0,0.0,0.0,0.0,330.620869,58046.284,16.095354,20.093563,9439.576,1050.519,10627.118,44231.071,77.512,-11580.97,-3888.064,-294.277,100,True,40.24813
JFE_STEEL_JP,JFE Steel,JP,21.95,45.3,ACCELERATED_15C,DISCLOSED_PATH,PORT-0FD37D80B1EA,CAND-1D1CB9506368C0,P2,PORT-0FD37D80B1EA,330.620869,45861.619,138.713623,True,True,,0.0,1.265341119704999e-05,True,True,True,True,,0.0,0.0,0.0,3,3,0.41232239999999987,0.65,1.78,P2,지연·부분헤지,False,19531.6,2029,7326.0,143.069801,47301.862,47301.862,56322.761,330.620869,143.069801,194.67432,69780.555,64363.393,73384.291,17061.531,5388.307,-28.856,-0.0,170.354523,27.284722,159.454618,16.384817,0.0,0.0,0.0,0.0,0.0,330.620869,56322.761,15.617447,19.49694,9543.995,1050.519,11644.27,46739.84,82.385,-17061.531,-5164.693,467.077,100,True,53.803122
JFE_STEEL_JP,JFE Steel,JP,21.95,45.3,DISCLOSED_PATH,DISCLOSED_PATH,PORT-0FD37D80B1EA,CAND-D31DAEDCB107AF,P1,PORT-0FD37D80B1EA,330.620869,49463.555,149.608084,True,False,,0.0,1.265341119704999e-05,False,False,True,True,2029,0.0,0.07400003299999997,0.18199837200000069,3,3,0.41232239999999987,0.65,1.78,P1,지연·현물조달,False,19531.6,2029,7326.0,154.441631,51061.626,51061.626,60790.001,330.620869,154.441631,189.469577,65572.798,62642.596,72370.97,11580.97,2724.189,-206.014,-0.0,183.866193,29.424562,163.304357,8.862727,0.0,0.0,0.0,0.0,0.0,330.620869,60790.001,16.856145,21.04334,12235.582,1050.519,10135.858,42171.941,0.0,-11580.97,-3319.15,367.847,100,True,44.479989
JFE_STEEL_JP,JFE Steel,JP,21.95,45.3,ACCELERATED_15C,DISCLOSED_PATH,PORT-0FD37D80B1EA,CAND-D31DAEDCB107AF,P1,PORT-0FD37D80B1EA,330.620869,47698.388,144.269139,True,True,,0.0,1.265341119704999e-05,True,True,True,True,,0.0,0.0,0.0,3,3,0.41232239999999987,0.65,1.78,P1,지연·현물조달,False,19531.6,2029,7326.0,149.348354,49377.683,49377.683,59940.464,330.620869,149.348354,200.952873,69904.23,66439.213,77001.994,17061.531,3374.421,-90.595,0.0,181.296673,31.948319,159.828685,10.480331,0.0,0.0,0.0,0.0,0.0,330.620869,59940.464,16.620581,20.74926,9519.769,1050.519,11700.358,46830.925,0.0,-17061.531,-3188.276,525.918,100,True,60.081675
JFE_STEEL_JP,JFE Steel,JP,21.95,45.3,DISCLOSED_PATH,DISCLOSED_PATH,PORT-7C1FC602A00B,CAND-B38C1D7FD5CCAE,P3,PORT-7C1FC602A00B,341.808365,62575.093,183.070688,True,False,,0.0,1.265341119704999e-05,False,False,True,True,2029,0.0,0.07400003299999997,0.0,2,3,0.41232239999999987,0.65,1.78,P3,균형형 라이트헤지,False,20952.8,2033,9930.8,187.656816,64142.669,64142.669,74276.448,341.808365,187.656816,222.693613,83855.46,76118.54,86252.318,11975.871,7669.864,-67.056,0.0,217.30436,29.647544,210.292073,22.635257,0.0,0.0,0.0,0.0,0.0,341.808365,74276.448,20.595732,25.711869,11226.172,1229.487,9861.306,61075.937,325.324,-11975.871,-7657.231,57.545,100,True,77.695174
JFE_STEEL_JP,JFE Steel,JP,21.95,45.3,ACCELERATED_15C,DISCLOSED_PATH,PORT-7C1FC602A00B,CAND-B38C1D7FD5CCAE,P3,PORT-7C1FC602A00B,341.808365,59582.638,174.315915,True,True,,0.0,1.265341119704999e-05,True,True,True,True,,0.0,0.0,0.0,2,3,0.41232239999999987,0.65,1.78,P3,균형형 라이트헤지,False,20952.8,2033,9930.8,179.263895,61273.899,61273.899,71841.777,341.808365,179.263895,230.887026,89651.399,78919.117,89486.995,17645.218,10743.125,10.843,-0.0,210.181448,30.917553,210.662429,31.398535,0.0,0.0,0.0,0.0,0.0,341.808365,71841.777,19.920635,24.869073,11935.102,1229.487,10946.834,65284.369,347.381,-17645.218,-10939.416,115.361,100,True,89.997216
JFE_STEEL_JP,JFE Steel,JP,21.95,45.3,DISCLOSED_PATH,DISCLOSED_PATH,PORT-7C1FC602A00B,CAND-3DE74006E308F9,P2,PORT-7C1FC602A00B,341.808365,65023.006,190.232343,True,False,,0.0,1.265341119704999e-05,False,False,True,True,2029,0.0,0.07400003299999997,0.0,2,3,0.41232239999999987,0.65,1.78,P2,지연·부분헤지,False,20952.8,2033,9930.8,195.954627,66978.931,66978.931,79765.734,341.808365,195.954627,230.991424,84006.905,78954.801,91741.605,11975.871,4958.034,-94.069,0.0,233.363903,37.409276,210.735141,14.780515,0.0,0.0,0.0,0.0,0.0,341.808365,79765.734,22.117828,27.612065,11305.867,1229.487,9883.163,61329.363,96.209,-11975.871,-4950.531,61.242,100,True,85.992985
JFE_STEEL_JP,JFE Steel,JP,21.95,45.3,ACCELERATED_15C,DISCLOSED_PATH,PORT-7C1FC602A00B,CAND-3DE74006E308F9,P2,PORT-7C1FC602A00B,341.808365,63393.476,185.464964,True,True,,0.0,1.265341119704999e-05,True,True,True,True,,0.0,0.0,0.0,2,3,0.41232239999999987,0.65,1.78,P2,지연·부분헤지,False,20952.8,2033,9930.8,191.683358,65518.975,65518.975,79257.31,341.808365,191.683358,243.30649,89808.89,83164.193,96902.528,17645.218,6706.434,61.738,-0.0,231.876449,40.193091,211.123187,19.439829,0.0,0.0,0.0,0.0,0.0,341.808365,79257.31,21.976849,27.436067,12178.396,1229.487,10986.558,65443.651,102.392,-17645.218,-6918.644,142.353,100,True,102.416679
JFE_STEEL_JP,JFE Steel,JP,21.95,45.3,DISCLOSED_PATH,DISCLOSED_PATH,PORT-7C1FC602A00B,CAND-11566829CB83FF,P1,PORT-7C1FC602A00B,341.808365,66701.442,195.142802,True,False,,0.0,1.265341119704999e-05,False,False,True,True,2029,0.0,0.07400003299999997,0.0,2,3,0.41232239999999987,0.65,1.78,P1,지연·현물조달,False,20952.8,2033,9930.8,201.724161,68951.006,68951.006,83743.696,341.808365,201.724161,236.760959,84178.199,80926.876,95719.567,11975.871,3114.945,-136.378,0.0,245.001892,43.277731,211.236284,9.512123,0.0,0.0,0.0,0.0,0.0,341.808365,83743.696,23.220856,28.989094,10161.416,1229.487,10445.783,61821.433,0.0,-11975.871,-2796.95,65.707,100,True,91.762519
JFE_STEEL_JP,JFE Steel,JP,21.95,45.3,ACCELERATED_15C,DISCLOSED_PATH,PORT-7C1FC602A00B,CAND-11566829CB83FF,P1,PORT-7C1FC602A00B,341.808365,65979.02,193.029272,True,True,,0.0,1.265341119704999e-05,True,True,True,True,,0.0,0.0,0.0,2,3,0.41232239999999987,0.65,1.78,P1,지연·현물조달,False,20952.8,2033,9930.8,200.176969,68422.162,68422.162,84571.504,341.808365,200.176969,251.8001,90001.79,86067.381,102216.722,17645.218,3880.844,-53.566,0.0,247.423739,47.24677,211.687541,11.510572,0.0,0.0,0.0,0.0,0.0,341.808365,84571.504,23.450395,29.275652,13006.138,1229.487,11183.043,65276.768,0.0,-17645.218,-4466.267,-161.788,100,True,110.91029
JFE_STEEL_JP,JFE Steel,JP,21.95,45.3,DISCLOSED_PATH,DISCLOSED_PATH,PORT-04FFFE8075F6,CAND-12D758CC621EDD,P3,PORT-04FFFE8075F6,348.620862,71622.763,205.446003,True,False,,0.0,1.265341119704999e-05,False,False,True,True,2029,0.0,0.07400003299999997,0.0,3,3,0.47620039999999997,0.65,2.2600000000000002,P3,균형형 라이트헤지,False,23196.8,2033,9930.8,210.573197,73410.21,73410.21,83973.499,348.620862,210.573197,245.607926,94404.232,85624.047,96187.336,12213.837,8688.42,-91.765,0.0,240.873418,30.300221,235.758679,25.185482,0.0,0.0,0.0,0.0,0.0,348.620862,83973.499,23.284577,29.068644,12305.198,1324.86,9576.724,70620.267,365.252,-12213.837,-8682.852,114.598,100,True,100.611555
JFE_STEEL_JP,JFE Steel,JP,21.95,45.3,ACCELERATED_15C,DISCLOSED_PATH,PORT-04FFFE8075F6,CAND-12D758CC621EDD,P3,PORT-04FFFE8075F6,348.620862,68907.876,197.658498,True,True,,0.0,1.265341119704999e-05,True,True,True,True,,0.0,0.0,0.0,3,3,0.47620039999999997,0.65,2.2600000000000002,P3,균형형 라이트헤지,False,23196.8,2033,9930.8,202.782469,70694.199,70694.199,82193.878,348.620862,202.782469,254.416079,101001.371,88694.753,100194.431,18000.554,12246.419,-60.199,0.0,235.768671,32.986203,238.083333,35.300864,0.0,0.0,0.0,0.0,0.0,348.620862,82193.878,22.791115,28.452602,12305.198,1324.86,10543.556,76101.408,390.507,-18000.554,-12241.889,271.113,100,True,113.51579
JFE_STEEL_JP,JFE Steel,JP,21.95,45.3,DISCLOSED_PATH,DISCLOSED_PATH,PORT-04FFFE8075F6,CAND-2384C3F783562D,P2,PORT-04FFFE8075F6,348.620862,74442.767,213.535032,True,False,,0.0,1.265341119704999e-05,False,False,True,True,2029,0.0,0.07400003299999997,0.0,3,3,0.47620039999999997,0.65,2.2600000000000002,P2,지연·부분헤지,False,23196.8,2033,9930.8,219.990436,76693.255,76693.255,90058.803,348.620862,219.990436,255.025165,94556.536,88907.093,102272.64,12213.837,5596.104,-53.339,0.0,258.328782,38.338346,236.195557,16.205121,0.0,0.0,0.0,0.0,0.0,348.620862,90058.803,24.97194,31.17516,12075.941,1324.86,9816.857,71219.808,107.521,-12213.837,-5490.28,-147.614,100,True,110.028794
JFE_STEEL_JP,JFE Steel,JP,21.95,45.3,ACCELERATED_15C,DISCLOSED_PATH,PORT-04FFFE8075F6,CAND-2384C3F783562D,P2,PORT-04FFFE8075F6,348.620862,73301.68,210.261885,True,True,,0.0,1.265341119704999e-05,True,True,True,True,,0.0,0.0,0.0,3,3,0.47620039999999997,0.65,2.2600000000000002,P2,지연·부분헤지,False,23196.8,2033,9930.8,216.878391,75608.332,75608.332,90466.792,348.620862,216.878391,268.512002,101180.165,93608.886,108467.346,18000.554,7563.679,-7.6,0.0,259.499078,42.620687,238.596196,21.717805,0.0,0.0,0.0,0.0,0.0,348.620862,90466.792,25.085069,31.316392,12075.941,1324.86,10826.088,77063.923,114.546,-18000.554,-7440.657,-355.815,100,True,127.611712
JFE_STEEL_JP,JFE Steel,JP,21.95,45.3,DISCLOSED_PATH,DISCLOSED_PATH,PORT-04FFFE8075F6,CAND-65F7157232C73A,P1,PORT-04FFFE8075F6,348.620862,76375.591,219.079233,True,False,,0.0,1.265341119704999e-05,False,False,True,True,2029,0.0,0.07400003299999997,0.0,3,3,0.47620039999999997,0.65,2.2600000000000002,P1,지연·현물조달,False,23196.8,2033,9930.8,226.512459,78966.969,78966.969,94466.003,348.620862,226.512459,261.547188,94744.692,91180.806,106679.841,12213.837,3487.325,-76.561,0.0,270.970597,44.458138,236.735272,10.222813,0.0,0.0,0.0,0.0,0.0,348.620862,94466.003,26.193989,32.700776,12069.678,1324.86,9876.074,71461.281,0.0,-12213.837,-3372.849,-178.237,100,True,116.550817
JFE_STEEL_JP,JFE Steel,JP,21.95,45.3,ACCELERATED_15C,DISCLOSED_PATH,PORT-04FFFE8075F6,CAND-65F7157232C73A,P1,PORT-04FFFE8075F6,348.620862,76281.866,218.810388,True,True,,0.0,1.265341119704999e-05,True,True,True,True,,0.0,0.0,0.0,3,3,0.47620039999999997,0.65,2.2600000000000002,P1,지연·현물조달,False,23196.8,2033,9930.8,226.54829,78979.46,78979.46,96393.064,348.620862,226.54829,278.1819,101375.211,96980.014,114393.618,18000.554,4359.803,-35.394,0.0,276.498266,49.949976,239.155673,12.607383,0.0,0.0,0.0,0.0,0.0,348.620862,96393.064,26.728334,33.367857,12374.103,1324.86,10583.7,76595.589,0.0,-18000.554,-4324.133,425.894,100,True,137.281611
JFE_STEEL_JP,JFE Steel,JP,21.95,45.3,DISCLOSED_PATH,DISCLOSED_PATH,PORT-48EB0158352D,CAND-0C103CAC9E9685,P1,PORT-48EB0158352D,209.90085,39796.76,189.597896,False,False,2030,3.1659880174124027,-3.1659880174124027,True,True,True,True,,0.0,0.0,0.0,3,3,0.3867712,0.65,1.62,P1,지연·현물조달,False,17905.8,2033,9930.8,192.692181,40446.253,40446.253,50379.205,209.90085,192.692181,227.777834,50037.113,47810.761,57743.713,7364.508,2135.894,-90.458,-0.0,240.014296,47.322115,203.298863,10.606682,0.0,0.0,0.0,0.0,0.0,209.90085,50379.205,13.969389,17.439492,11372.846,725.944,4709.522,34011.409,0.0,-7364.508,-3074.34,65.379,100,True,82.730539
JFE_STEEL_JP,JFE Steel,JP,21.95,45.3,ACCELERATED_15C,DISCLOSED_PATH,PORT-48EB0158352D,CAND-0C103CAC9E9685,P1,PORT-48EB0158352D,209.90085,39441.617,187.905941,False,False,2030,8.975988017412405,-8.975988017412405,True,True,True,True,,0.0,0.0,0.0,3,3,0.3867712,0.65,1.62,P1,지연·현물조달,False,17905.8,2033,9930.8,191.23228,40139.818,40139.818,51085.178,209.90085,191.23228,243.298579,53787.24,51068.579,62013.939,10928.761,2670.452,-48.209,0.0,243.377663,52.145383,204.184401,12.952121,0.0,0.0,0.0,0.0,0.0,209.90085,51085.178,14.165145,17.683875,7156.936,725.944,5747.133,39857.74,0.0,-10928.761,-2356.716,-62.459,100,True,101.965601
JFE_STEEL_JP,JFE Steel,JP,21.95,45.3,DISCLOSED_PATH,DISCLOSED_PATH,PORT-4FBC33F20EEF,CAND-156DBD688B285D,P2,PORT-4FBC33F20EEF,191.900857,12636.257,65.847842,False,False,2030,3.1659880174124027,-3.1659880174124027,True,True,True,True,,0.0,0.0,0.0,3,3,0.3119871999999999,0.65,1.1400000000000001,P2,지연·부분헤지,False,14240.6,2033,6265.6,66.616452,12783.754,12783.754,16066.93,191.900857,66.616452,101.695195,21112.42,19515.395,22798.571,6731.641,1629.693,32.669,0.0,83.72516,17.108709,74.938585,8.322134,0.0,0.0,0.0,0.0,0.0,191.900857,16066.93,4.455116,5.561801,5365.571,451.604,5787.558,9469.439,28.897,-6731.641,-1586.185,-1.489,100,True,-43.34519
JFE_STEEL_JP,JFE Steel,JP,21.95,45.3,ACCELERATED_15C,DISCLOSED_PATH,PORT-4FBC33F20EEF,CAND-156DBD688B285D,P2,PORT-4FBC33F20EEF,191.900857,10479.776,54.610365,False,False,2030,8.975988017412405,-8.975988017412405,True,True,True,True,,0.0,0.0,0.0,3,3,0.3119871999999999,0.65,1.1400000000000001,P2,지연·부분헤지,False,14240.6,2033,6265.6,55.506751,10651.793,10651.793,14320.333,191.900857,55.506751,107.563516,22687.677,20641.531,24310.071,9989.738,2074.233,28.086,0.0,74.623603,19.116852,66.169269,10.662518,0.0,0.0,0.0,0.0,0.0,191.900857,14320.333,3.970811,4.957191,5365.571,451.604,6438.168,10383.981,30.76,-9989.738,-2013.462,-15.091,100,True,-33.759928
JFE_STEEL_JP,JFE Steel,JP,21.95,45.3,DISCLOSED_PATH,DISCLOSED_PATH,PORT-408F044D6828,CAND-27DEF6B976065D,P3,PORT-408F044D6828,302.295879,61544.198,203.589273,True,False,,0.0,1.265341119704999e-05,False,False,True,True,2029,0.0,0.07400003299999997,0.0,2,3,0.3867712,0.65,1.62,P3,균형형 라이트헤지,False,18906.8,2033,9930.8,208.120862,62914.079,62914.079,72949.924,302.295879,208.120862,243.171497,80969.723,73509.742,83545.587,10595.663,7339.795,-120.187,-0.0,241.319612,33.198751,232.798611,24.677749,0.0,0.0,0.0,0.0,0.0,302.295879,72949.924,20.227907,25.252674,9446.596,1161.363,8474.528,61211.757,312.483,-10595.663,-7173.338,76.354,100,True,98.15922
JFE_STEEL_JP,JFE Steel,JP,21.95,45.3,ACCELERATED_15C,DISCLOSED_PATH,PORT-408F044D6828,CAND-27DEF6B976065D,P3,PORT-408F044D6828,302.295879,59110.425,195.53831,False,False,2040,3.584995639999999,-3.584995639999999,True,True,True,True,,0.0,0.0,0.0,2,3,0.3867712,0.65,1.62,P3,균형형 라이트헤지,False,18906.8,2033,9930.8,200.24329,60532.721,60532.721,71137.556,302.295879,200.24329,251.796331,86533.207,76116.993,86721.828,15584.272,10369.98,-46.233,0.0,235.324267,35.080977,234.700303,34.457013,0.0,0.0,0.0,0.0,0.0,302.295879,71137.556,19.725365,24.625296,9170.15,1161.363,9289.339,66290.193,333.709,-15584.272,-10106.245,-21.515,100,True,110.976611
JFE_STEEL_JP,JFE Steel,JP,21.95,45.3,DISCLOSED_PATH,DISCLOSED_PATH,PORT-844170813924,CAND-2AFD85912C485D,P5,PORT-844170813924,381.425854,64412.851,168.873846,True,False,,0.0,1.265341119704999e-05,False,False,True,True,2028,0.0,0.174000033,0.33399759199999934,2,3,0.41232239999999987,0.65,1.78,P5,조기 계약형 전환,False,20952.8,2032,9930.8,170.893393,65183.158,65183.158,69415.335,381.425854,170.893393,205.869174,94302.033,78523.826,82756.003,13340.667,15741.312,-36.896,-0.0,181.989067,11.095674,212.259775,41.366382,0.0,0.0,0.0,0.0,0.0,381.425854,69415.335,19.247819,24.029125,12555.709,1401.633,11252.436,67566.228,1482.615,-13340.667,-15790.384,55.588,100,True,60.931751
JFE_STEEL_JP,JFE Steel,JP,21.95,45.3,ACCELERATED_15C,DISCLOSED_PATH,PORT-844170813924,CAND-2AFD85912C485D,P5,PORT-844170813924,381.425854,57321.593,150.282399,True,False,,0.0,1.265341119704999e-05,False,False,True,True,2028,0.0,0.02400003300000003,0.0,2,3,0.41232239999999987,0.65,1.78,P5,조기 계약형 전환,False,20952.8,2032,9930.8,152.235997,58066.745,58066.745,62137.506,381.425854,152.235997,203.553011,100614.423,77640.381,81711.142,19573.636,22964.286,-9.756,0.0,162.908479,10.672482,212.467997,60.232,0.0,0.0,0.0,0.0,0.0,381.425854,62137.506,17.229788,21.509798,12555.709,1401.633,12367.516,72640.45,1584.13,-19573.636,-22963.362,54.304,100,True,62.969318
JFE_STEEL_JP,JFE Steel,JP,21.95,45.3,DISCLOSED_PATH,DISCLOSED_PATH,PORT-9D97003767D5,CAND-2DF8CF21E8720D,P1,PORT-9D97003767D5,263.895884,5191.453,19.672352,True,False,,0.0,1.265341119704999e-05,False,False,True,True,2033,4.44999748,0.0,0.8619984320000018,2,3,0.22808320000000004,0.65,0.66,P1,지연·현물조달,False,12474.0,2033,6265.6,21.109617,5570.741,5570.741,8022.728,263.895884,21.109617,56.160026,16180.885,14820.4,17272.387,9249.659,1294.186,-66.299,0.0,30.401113,9.291495,26.265003,5.155385,0.0,0.0,0.0,0.0,0.0,263.895884,8022.728,2.224581,2.777184,4790.978,537.655,10637.942,0.0,0.0,-9249.659,-1145.489,-0.686,100,True,-88.852025
JFE_STEEL_JP,JFE Steel,JP,21.95,45.3,ACCELERATED_15C,DISCLOSED_PATH,PORT-9D97003767D5,CAND-2DF8CF21E8720D,P1,PORT-9D97003767D5,263.895884,1583.131,5.999076,False,False,2040,7.534994939999997,-7.534994939999997,False,False,True,True,2033,1.249997480000001,0.0,0.0,2,3,0.22808320000000004,0.65,0.66,P1,지연·현물조달,False,12474.0,2033,6265.6,7.622169,2011.459,2011.459,4577.744,263.895884,7.622169,59.177651,17143.2,15616.739,18183.024,13605.28,1553.965,27.504,-0.0,17.346782,9.724613,13.4065,5.784331,0.0,0.0,0.0,0.0,0.0,263.895884,4577.744,1.269339,1.584653,4790.978,537.655,11707.718,0.0,0.0,-13605.28,-1375.404,-44.209,100,True,-81.64451
JFE_STEEL_JP,JFE Steel,JP,21.95,45.3,DISCLOSED_PATH,DISCLOSED_PATH,PORT-4FBC33F20EEF,CAND-3785968E4E1C91,P1,PORT-4FBC33F20EEF,191.900857,12884.723,67.142604,False,False,2030,3.1659880174124027,-3.1659880174124027,True,True,True,True,,0.0,0.0,0.0,3,3,0.3119871999999999,0.65,1.1400000000000001,P1,지연·현물조달,False,14240.6,2033,6265.6,68.075152,13063.68,13063.68,16911.716,191.900857,68.075152,103.153896,21102.324,19795.321,23643.357,6731.641,1341.689,34.686,0.0,88.12736,20.052208,74.885978,6.810825,0.0,0.0,0.0,0.0,0.0,191.900857,16911.716,4.689362,5.854236,5152.895,451.604,6016.063,9502.037,0.0,-6731.641,-1320.005,-7.273,100,True,-41.88649
JFE_STEEL_JP,JFE Steel,JP,21.95,45.3,ACCELERATED_15C,DISCLOSED_PATH,PORT-4FBC33F20EEF,CAND-3785968E4E1C91,P1,PORT-4FBC33F20EEF,191.900857,10858.139,56.582024,False,False,2030,8.975988017412405,-8.975988017412405,True,True,True,True,,0.0,0.0,0.0,3,3,0.3119871999999999,0.65,1.1400000000000001,P1,지연·현물조달,False,14240.6,2033,6265.6,57.687305,11070.243,11070.243,15406.625,191.900857,57.687305,109.744069,22679.739,21059.981,25396.363,9989.738,1648.531,28.773,-0.0,80.284297,22.596992,66.127903,8.440598,0.0,0.0,0.0,0.0,0.0,191.900857,15406.625,4.272023,5.333227,4496.266,451.604,6299.57,11113.307,0.0,-9989.738,-1308.647,7.881,100,True,-31.579374
JFE_STEEL_JP,JFE Steel,JP,21.95,45.3,DISCLOSED_PATH,DISCLOSED_PATH,PORT-29DB1A43C5DD,CAND-3BDAECB8DA1A89,P4,PORT-29DB1A43C5DD,239.320837,41865.782,174.935799,False,False,2030,3.1659880174124027,-3.1659880174124027,True,True,True,True,,0.0,0.0,0.0,3,3,0.3867712,0.65,1.62,P4,균형형 전환,False,17905.8,2032,9930.8,177.456646,42469.073,42469.073,47417.169,239.320837,177.456646,212.561004,58231.317,50870.277,55818.373,8401.204,7305.667,-55.373,0.0,198.132221,20.675575,208.214684,30.758039,0.0,0.0,0.0,0.0,0.0,239.320837,47417.169,13.148062,16.41414,6660.4,850.934,6203.844,43600.392,518.955,-8401.204,-6992.966,28.718,100,True,67.495004
JFE_STEEL_JP,JFE Steel,JP,21.95,45.3,ACCELERATED_15C,DISCLOSED_PATH,PORT-29DB1A43C5DD,CAND-3BDAECB8DA1A89,P4,PORT-29DB1A43C5DD,239.320837,38962.103,162.802803,False,False,2030,8.975988017412405,-8.975988017412405,True,True,True,True,,0.0,0.0,0.0,3,3,0.3867712,0.65,1.62,P4,균형형 전환,False,17905.8,2032,9930.8,165.281293,39555.258,39555.258,44510.062,239.320837,165.281293,217.222366,62455.934,51985.839,56940.643,12430.581,10502.985,32.89,0.0,185.984902,20.703608,209.030493,43.7492,0.0,0.0,0.0,0.0,0.0,239.320837,44510.062,12.341965,15.407803,9539.249,850.934,6540.467,45247.838,557.6,-12430.581,-10706.506,-43.742,100,True,76.014614
JFE_STEEL_JP,JFE Steel,JP,21.95,45.3,DISCLOSED_PATH,DISCLOSED_PATH,PORT-48EB0158352D,CAND-44218B07FC843F,P2,PORT-48EB0158352D,209.90085,38813.017,184.911193,False,False,2030,3.1659880174124027,-3.1659880174124027,True,True,True,True,,0.0,0.0,0.0,3,3,0.3867712,0.65,1.62,P2,지연·부분헤지,False,17905.8,2033,9930.8,187.695451,39397.435,39397.435,47974.564,209.90085,187.695451,222.781105,50012.483,46761.943,55339.072,7364.508,3201.082,-49.457,0.0,228.558215,40.862763,203.181521,15.48607,0.0,0.0,0.0,0.0,0.0,209.90085,47974.564,13.302619,16.607091,10981.981,725.944,4757.077,34175.785,58.905,-7364.508,-3956.626,18.876,100,True,77.733809
JFE_STEEL_JP,JFE Steel,JP,21.95,45.3,ACCELERATED_15C,DISCLOSED_PATH,PORT-48EB0158352D,CAND-44218B07FC843F,P2,PORT-48EB0158352D,209.90085,37919.837,180.655948,False,False,2030,8.975988017412405,-8.975988017412405,True,True,True,True,,0.0,0.0,0.0,3,3,0.3867712,0.65,1.62,P2,지연·부분헤지,False,17905.8,2033,9930.8,183.389077,38493.523,38493.523,47839.505,209.90085,183.389077,235.455377,53765.831,49422.284,58768.266,10928.761,4290.715,-52.832,0.0,227.914775,44.525698,204.082407,20.693329,0.0,0.0,0.0,0.0,0.0,209.90085,47839.505,13.265169,16.560338,9139.856,725.944,5515.654,38539.344,62.92,-10928.761,-4621.304,59.869,100,True,94.122398
JFE_STEEL_JP,JFE Steel,JP,21.95,45.3,DISCLOSED_PATH,DISCLOSED_PATH,PORT-3776FB32D8CF,CAND-4D77DB7422B451,P2,PORT-3776FB32D8CF,284.295886,37820.744,133.033032,True,False,,0.0,1.265341119704999e-05,False,False,True,True,2029,0.0,0.07400003299999997,0.18199837200000069,2,3,0.3119871999999999,0.65,1.1400000000000001,P2,지연·부분헤지,False,15241.6,2029,7326.0,136.001007,38664.527,38664.527,46941.019,284.295886,136.001007,171.044761,51714.529,48627.322,56903.814,9962.795,3058.337,-28.87,0.0,165.113253,29.112246,146.860142,10.859135,0.0,0.0,0.0,0.0,0.0,284.295886,46941.019,13.016032,16.249314,7010.202,887.022,9537.929,33835.925,61.637,-9962.795,-2868.832,163.439,100,True,26.039365
JFE_STEEL_JP,JFE Steel,JP,21.95,45.3,ACCELERATED_15C,DISCLOSED_PATH,PORT-3776FB32D8CF,CAND-4D77DB7422B451,P2,PORT-3776FB32D8CF,284.295886,35488.747,124.830323,False,False,2040,5.83499479,-5.83499479,True,True,True,True,,0.0,0.0,0.0,2,3,0.3119871999999999,0.65,1.1400000000000001,P2,지연·부분헤지,False,15241.6,2029,7326.0,128.236085,36456.991,36456.991,44922.749,284.295886,128.236085,179.750193,55044.883,51102.241,59567.998,14645.249,4050.293,107.65,-0.0,158.014067,29.777982,142.104182,13.868097,0.0,0.0,0.0,0.0,0.0,284.295886,44922.749,12.456397,15.550661,7761.095,887.022,10310.481,36236.149,65.39,-14645.249,-4051.953,-105.945,100,True,38.969406
JFE_STEEL_JP,JFE Steel,JP,21.95,45.3,DISCLOSED_PATH,DISCLOSED_PATH,PORT-33091F63E785,CAND-53E6B469D62558,P1,PORT-33091F63E785,303.40837,6214.172,20.481216,True,False,,0.0,1.265341119704999e-05,False,False,True,True,2033,6.754995679999997,0.0,0.8619984320000018,2,3,0.2602464,0.65,0.82,P1,지연·현물조달,False,14520.0,2033,6265.6,22.05749,6692.427,6692.427,9246.001,303.40837,22.05749,57.092339,18869.586,17322.294,19875.867,10629.866,1605.522,58.23,0.0,30.473783,8.416293,27.157191,5.099701,0.0,0.0,0.0,0.0,0.0,303.40837,9246.001,2.563776,3.200637,4502.062,605.779,13353.739,0.0,0.0,-10629.866,-1122.3,-16.985,100,True,-87.904152
JFE_STEEL_JP,JFE Steel,JP,21.95,45.3,ACCELERATED_15C,DISCLOSED_PATH,PORT-33091F63E785,CAND-53E6B469D62558,P1,PORT-33091F63E785,303.40837,2043.749,6.735967,True,False,,0.0,1.265341119704999e-05,False,False,True,True,2033,2.754995679999997,0.0,0.0,2,3,0.2602464,0.65,0.82,P1,지연·현물조달,False,14520.0,2033,6265.6,8.516568,2583.998,2583.998,5386.699,303.40837,8.516568,60.150694,20062.856,18250.224,21052.925,15666.226,1927.661,115.029,-0.0,17.753956,9.237388,14.490802,5.974233,0.0,0.0,0.0,0.0,0.0,303.40837,5386.699,1.49365,1.864684,6232.148,605.779,13257.353,0.0,0.0,-15666.226,-1864.521,19.465,100,True,-80.750111
JFE_STEEL_JP,JFE Steel,JP,21.95,45.3,DISCLOSED_PATH,DISCLOSED_PATH,PORT-29DB1A43C5DD,CAND-56A2BE8D3222E8,P5,PORT-29DB1A43C5DD,239.320837,39714.2,165.945435,False,False,2030,3.1659880174124027,-3.1659880174124027,True,True,True,True,,0.0,0.0,0.0,3,3,0.3867712,0.65,1.62,P5,조기 계약형 전환,False,17905.8,2032,9930.8,167.549995,40098.205,40098.205,43013.859,239.320837,167.549995,202.654353,58388.833,48499.41,51415.063,8401.204,9841.031,-48.393,0.0,179.733029,12.183034,208.872865,41.32287,0.0,0.0,0.0,0.0,0.0,239.320837,43013.859,11.92709,14.889871,9871.498,850.934,5768.504,41116.301,918.767,-8401.204,-10008.787,-17.807,100,True,57.588353
JFE_STEEL_JP,JFE Steel,JP,21.95,45.3,ACCELERATED_15C,DISCLOSED_PATH,PORT-29DB1A43C5DD,CAND-56A2BE8D3222E8,P5,PORT-29DB1A43C5DD,239.320837,35510.293,148.379443,False,False,2030,8.975988017412405,-8.975988017412405,True,True,True,True,,0.0,0.0,0.0,3,3,0.3867712,0.65,1.62,P5,조기 계약형 전환,False,17905.8,2032,9930.8,149.794789,35849.014,35849.014,38640.722,239.320837,149.794789,201.735861,62668.797,48279.595,51071.303,12430.581,14380.188,-9.013,-0.0,161.459915,11.665126,209.91994,60.125151,0.0,0.0,0.0,0.0,0.0,239.320837,38640.722,10.714486,13.376046,7919.617,850.934,6610.409,46194.139,988.191,-12430.581,-14283.288,-0.407,100,True,60.52811
JFE_STEEL_JP,JFE Steel,JP,21.95,45.3,DISCLOSED_PATH,DISCLOSED_PATH,PORT-BFE68456F5A9,CAND-5B53A6D662B077,P2,PORT-BFE68456F5A9,87.500896,10216.715,116.761265,False,False,2030,11.118342749412001,-11.118342749412001,True,True,True,True,,0.0,0.0,0.0,3,3,0.28207360000000015,0.65,0.9799999999999999,P2,지연·부분헤지,False,10898.8,2036,5940.0,117.302217,10264.049,10264.049,12864.481,87.500896,117.302217,152.284822,14285.424,13325.058,15925.491,3061.009,977.304,16.939,-0.0,147.021136,29.718919,128.277714,10.975497,0.0,0.0,0.0,0.0,0.0,87.500896,12864.481,3.567125,4.453227,3002.383,255.646,1472.24,9522.757,18.02,-3061.009,-951.562,5.574,100,True,7.340575
JFE_STEEL_JP,JFE Steel,JP,21.95,45.3,ACCELERATED_15C,DISCLOSED_PATH,PORT-BFE68456F5A9,CAND-5B53A6D662B077,P2,PORT-BFE68456F5A9,87.500896,9480.135,108.343288,False,False,2030,21.618342749412,-21.618342749412,True,True,True,True,,0.0,0.0,0.0,3,3,0.28207360000000015,0.65,0.9799999999999999,P2,지연·부분헤지,False,10898.8,2036,5940.0,109.434411,9575.609,9575.609,12253.59,87.500896,109.434411,161.358509,15355.043,14119.014,16796.995,4543.405,1276.718,40.689,0.0,140.039597,30.605187,123.560308,14.125897,0.0,0.0,0.0,0.0,0.0,87.500896,12253.59,3.397735,4.241758,2936.482,255.646,1667.104,10383.981,19.173,-4543.405,-1165.682,22.308,100,True,20.167732
JFE_STEEL_JP,JFE Steel,JP,21.95,45.3,DISCLOSED_PATH,DISCLOSED_PATH,PORT-6E49C004BA31,CAND-6740F2BE1999AB,P2,PORT-6E49C004BA31,163.575867,28367.753,173.422604,False,False,2030,4.8049966600000005,-4.8049966600000005,True,True,True,True,,0.0,0.0,0.0,2,3,0.28207360000000015,0.65,0.9799999999999999,P2,지연·부분헤지,False,13615.8,2033,9930.8,177.365834,29012.77,29012.77,35172.315,163.575867,177.365834,212.495305,37142.167,34759.104,40918.649,5746.334,2195.372,-187.691,0.0,215.021418,37.655584,191.934381,14.568548,0.0,0.0,0.0,0.0,0.0,163.575867,35172.315,9.752749,12.175407,6653.198,562.447,3816.101,26253.93,43.03,-5746.334,-2466.218,-103.384,100,True,67.404192
JFE_STEEL_JP,JFE Steel,JP,21.95,45.3,ACCELERATED_15C,DISCLOSED_PATH,PORT-6E49C004BA31,CAND-6740F2BE1999AB,P2,PORT-6E49C004BA31,163.575867,27546.966,168.404829,False,False,2030,15.14499666,-15.14499666,True,True,True,True,,0.0,0.0,0.0,2,3,0.28207360000000015,0.65,0.9799999999999999,P2,지연·부분헤지,False,13615.8,2033,9930.8,172.374183,28196.256,28196.256,35001.438,163.575867,172.374183,224.414126,39849.802,36708.735,43513.916,8512.479,2970.656,-170.41,0.0,213.976781,41.602599,191.57669,19.202508,0.0,0.0,0.0,0.0,0.0,163.575867,35001.438,9.705368,12.116255,6653.198,562.447,4226.805,28573.708,45.925,-8512.479,-3292.389,-60.96,100,True,83.107504
JFE_STEEL_JP,JFE Steel,JP,21.95,45.3,DISCLOSED_PATH,DISCLOSED_PATH,PORT-7BA11C62DF95,CAND-68030B11D579DF,P1,PORT-7BA11C62DF95,219.408411,37370.872,170.325612,False,False,2040,0.6424927599999997,-0.6424927599999997,False,False,True,True,2029,0.0,0.07400003299999997,0.0,2,3,0.3119871999999999,0.65,1.1400000000000001,P1,지연·현물조달,False,13945.8,2029,7326.0,173.404366,38046.376,38046.376,46768.895,219.408411,173.404366,208.372813,47545.984,45718.748,54441.266,7672.372,1680.684,-146.553,0.0,213.159078,39.754712,181.732379,8.328013,0.0,0.0,0.0,0.0,0.0,219.408411,46768.895,12.968305,16.189731,7803.528,759.188,6269.998,32943.688,0.0,-7672.372,-2038.284,-19.371,100,True,63.442724
JFE_STEEL_JP,JFE Steel,JP,21.95,45.3,ACCELERATED_15C,DISCLOSED_PATH,PORT-7BA11C62DF95,CAND-68030B11D579DF,P1,PORT-7BA11C62DF95,219.408411,36405.97,165.92787,False,False,2035,10.98249276,-10.98249276,True,True,True,True,,0.0,0.0,0.0,2,3,0.3119871999999999,0.65,1.1400000000000001,P1,지연·현물조달,False,13945.8,2029,7326.0,169.095764,37101.033,37101.033,46598.616,219.408411,169.095764,220.414958,50579.544,48360.896,57858.479,11259.863,2083.336,-135.312,0.0,212.382999,43.287235,179.207721,10.111957,0.0,0.0,0.0,0.0,0.0,219.408411,46598.616,12.921089,16.130787,6303.126,759.188,7072.397,36285.815,0.0,-11259.863,-2007.467,-52.164,100,True,79.829085
JFE_STEEL_JP,JFE Steel,JP,21.95,45.3,DISCLOSED_PATH,DISCLOSED_PATH,PORT-E123D45B71CC,CAND-74F6415EBB9977,P3,PORT-E123D45B71CC,226.220909,44097.644,194.931779,True,False,,0.0,1.265341119704999e-05,False,False,True,True,2029,0.0,0.07400003299999997,0.0,3,3,0.3867712,0.65,1.62,P3,균형형 라이트헤지,False,16189.8,2029,7326.0,198.580195,44922.992,44922.992,50804.103,226.220909,198.580195,233.547512,58164.361,52833.33,58714.442,7910.338,5289.422,-41.609,-0.0,224.577399,25.997205,222.145791,23.565596,0.0,0.0,0.0,0.0,0.0,226.220909,50804.103,14.087207,17.586577,7384.075,854.562,6056.17,43742.584,226.209,-7910.338,-5221.04,-209.229,100,True,88.618553
JFE_STEEL_JP,JFE Steel,JP,21.95,45.3,ACCELERATED_15C,DISCLOSED_PATH,PORT-E123D45B71CC,CAND-74F6415EBB9977,P3,PORT-E123D45B71CC,226.220909,42138.891,186.273194,False,False,2035,10.058341729412,-10.058341729412,True,True,True,True,,0.0,0.0,0.0,3,3,0.3867712,0.65,1.62,P3,균형형 라이트헤지,False,16189.8,2029,7326.0,190.010816,42984.419,42984.419,49206.089,226.220909,190.010816,241.355311,62050.384,54599.618,60821.287,11615.198,7474.451,23.685,0.0,217.513444,27.502628,222.946614,32.935799,0.0,0.0,0.0,0.0,0.0,226.220909,49206.089,13.644102,17.033401,7873.443,854.562,6586.612,46258.77,241.166,-11615.198,-7492.088,277.153,100,True,100.744137
JFE_STEEL_JP,JFE Steel,JP,21.95,45.3,DISCLOSED_PATH,DISCLOSED_PATH,PORT-0032610F15CE,CAND-8143AC9B1B780D,P5,PORT-0032610F15CE,334.010871,63227.786,189.298588,True,False,,0.0,1.265341119704999e-05,False,False,True,True,2028,0.0,0.174000033,0.28199871200000004,2,3,0.3867712,0.65,1.62,P5,조기 계약형 전환,False,18906.8,2032,9930.8,191.425594,63938.229,63938.229,68139.383,334.010871,191.425594,226.392743,91016.089,75617.637,79818.791,11679.408,15374.449,-24.003,0.0,204.003489,12.577895,237.527243,46.101649,0.0,0.0,0.0,0.0,0.0,334.010871,68139.383,18.894017,23.587435,11303.344,1317.557,9287.645,67566.228,1430.25,-11679.408,-15393.687,106.301,100,True,81.463952
JFE_STEEL_JP,JFE Steel,JP,21.95,45.3,ACCELERATED_15C,DISCLOSED_PATH,PORT-0032610F15CE,CAND-8143AC9B1B780D,P5,PORT-0032610F15CE,334.010871,56785.216,170.010083,False,False,2040,3.584995639999999,-3.584995639999999,False,False,True,True,2028,0.0,0.02400003300000003,0.0,2,3,0.3867712,0.65,1.62,P5,조기 계약형 전환,False,18906.8,2032,9930.8,172.020034,57456.561,57456.561,61474.545,334.010871,172.020034,223.204946,97098.438,74552.878,78570.862,17096.317,22534.564,-10.996,0.0,184.049534,12.0295,239.519512,67.499478,0.0,0.0,0.0,0.0,0.0,334.010871,61474.545,17.045959,21.280305,11303.344,1317.557,10174.236,72640.45,1527.921,-17096.317,-22520.273,109.643,100,True,82.753355
JFE_STEEL_JP,JFE Steel,JP,21.95,45.3,DISCLOSED_PATH,DISCLOSED_PATH,PORT-844170813924,CAND-81AEAF431DDC0A,P4,PORT-844170813924,381.425854,67951.044,178.150075,True,False,,0.0,1.265341119704999e-05,False,False,True,True,2028,0.0,0.174000033,0.33399759199999934,2,3,0.41232239999999987,0.65,1.78,P4,균형형 전환,False,20952.8,2032,9930.8,181.151852,69096.0,69096.0,76371.372,381.425854,181.151852,216.127634,94135.01,82436.667,89712.039,13340.667,11589.643,-108.7,0.0,200.225997,19.074145,211.821884,30.670031,0.0,0.0,0.0,0.0,0.0,381.425854,76371.372,21.176623,26.437058,12396.436,1401.633,11339.105,68262.106,836.06,-13340.667,-11663.143,-135.53,100,True,71.19021
JFE_STEEL_JP,JFE Steel,JP,21.95,45.3,ACCELERATED_15C,DISCLOSED_PATH,PORT-844170813924,CAND-81AEAF431DDC0A,P4,PORT-844170813924,381.425854,62971.904,165.096055,True,False,,0.0,1.265341119704999e-05,False,False,True,True,2028,0.0,0.02400003300000003,0.0,2,3,0.41232239999999987,0.65,1.78,P4,균형형 전환,False,20952.8,2032,9930.8,168.218408,64162.85,64162.85,71375.926,381.425854,168.218408,219.535422,100431.342,83736.486,90949.562,19573.636,16690.053,-4.804,-0.0,187.12923,18.910822,211.988006,43.769598,0.0,0.0,0.0,0.0,0.0,381.425854,71375.926,19.791461,24.707812,12396.436,1401.633,12461.565,73413.313,892.623,-19573.636,-16747.162,-81.922,100,True,78.951729
JFE_STEEL_JP,JFE Steel,JP,21.95,45.3,DISCLOSED_PATH,DISCLOSED_PATH,PORT-25A7E18292F6,CAND-82646489D4D4D1,P2,PORT-25A7E18292F6,310.220867,15630.754,50.385889,True,False,,0.0,1.265341119704999e-05,False,False,True,True,2033,4.44999748,0.0,0.8619984320000018,3,3,0.3406543999999999,0.65,1.3,P2,지연·부분헤지,False,16764.0,2033,6265.6,51.583947,16002.417,16002.417,20066.5,310.220867,51.583947,86.616514,29174.749,26870.25,30934.333,10867.833,2275.732,-28.767,-0.0,64.684558,13.100611,59.012523,7.428576,0.0,0.0,0.0,0.0,0.0,310.220867,20066.5,5.564136,6.94631,7474.851,701.152,11932.199,8973.212,41.138,-10867.833,-2230.248,-22.053,100,True,-58.377695
JFE_STEEL_JP,JFE Steel,JP,21.95,45.3,ACCELERATED_15C,DISCLOSED_PATH,PORT-25A7E18292F6,CAND-82646489D4D4D1,P2,PORT-25A7E18292F6,310.220867,11973.137,38.595524,True,False,,0.0,1.265341119704999e-05,False,False,True,True,2033,1.249997480000001,0.0,0.0,3,3,0.3406543999999999,0.65,1.3,P2,지연·부분헤지,False,16764.0,2033,6265.6,39.758784,12334.005,12334.005,16697.569,310.220867,39.758784,91.404444,31148.031,28355.566,32719.13,16021.561,2830.827,38.363,-0.0,53.824778,14.065993,48.760322,9.001537,0.0,0.0,0.0,0.0,0.0,310.220867,16697.569,4.629983,5.780106,7338.146,701.152,13353.899,9641.845,43.749,-16021.561,-2734.677,11.451,100,True,-49.507895
JFE_STEEL_JP,JFE Steel,JP,21.95,45.3,DISCLOSED_PATH,DISCLOSED_PATH,PORT-0032610F15CE,CAND-8A107782070451,P4,PORT-0032610F15CE,334.010871,66779.822,199.933078,True,False,,0.0,1.265341119704999e-05,False,False,True,True,2028,0.0,0.174000033,0.28199871200000004,2,3,0.3867712,0.65,1.62,P4,균형형 전환,False,18906.8,2032,9930.8,203.05489,67822.541,67822.541,75044.072,334.010871,203.05489,238.02204,90825.883,79501.949,86723.48,11679.408,11239.797,-84.137,0.0,224.675537,21.620647,236.957781,33.90289,0.0,0.0,0.0,0.0,0.0,334.010871,75044.072,20.808583,25.977593,11741.285,1317.557,9279.933,67478.721,805.281,-11679.408,-11336.365,215.537,100,True,93.093248
JFE_STEEL_JP,JFE Steel,JP,21.95,45.3,ACCELERATED_15C,DISCLOSED_PATH,PORT-0032610F15CE,CAND-8A107782070451,P4,PORT-0032610F15CE,334.010871,62456.153,186.988384,False,False,2040,3.584995639999999,-3.584995639999999,False,False,True,True,2028,0.0,0.02400003300000003,0.0,2,3,0.3867712,0.65,1.62,P4,균형형 전환,False,18906.8,2032,9930.8,190.258244,63548.322,63548.322,70684.302,334.010871,190.258244,241.443155,96889.46,80644.639,87780.619,17096.317,16281.529,36.708,0.0,211.622758,21.364515,238.89385,48.635606,0.0,0.0,0.0,0.0,0.0,334.010871,70684.302,19.599684,24.468396,11240.471,1317.557,10299.293,73413.313,859.648,-17096.317,-16340.266,-145.377,100,True,100.991565
JFE_STEEL_JP,JFE Steel,JP,21.95,45.3,DISCLOSED_PATH,DISCLOSED_PATH,PORT-1741394F78A8,CAND-8A2CE57122B1A0,P1,PORT-1741394F78A8,199.008409,3795.639,19.072755,False,False,2035,2.3424929100000007,-2.3424929100000007,False,False,True,True,2036,0.004998229999999992,0.0,0.0,2,3,0.22808320000000004,0.65,0.66,P1,지연·현물조달,False,11178.2,2029,4558.4,20.219108,4023.772,4023.772,5597.271,199.008409,20.219108,55.18866,11924.593,10983.007,12556.506,6959.235,957.248,15.663,0.0,28.125804,7.906696,24.950494,4.731386,0.0,0.0,0.0,0.0,0.0,199.008409,5597.271,1.552038,1.937577,3978.099,409.821,7420.214,0.0,0.0,-6959.235,-891.327,66.201,100,True,-89.742534
JFE_STEEL_JP,JFE Steel,JP,21.95,45.3,ACCELERATED_15C,DISCLOSED_PATH,PORT-1741394F78A8,CAND-8A2CE57122B1A0,P1,PORT-1741394F78A8,199.008409,1054.177,5.297148,False,False,2035,12.68249291,-12.68249291,True,True,True,True,,0.0,0.0,0.0,2,3,0.22808320000000004,0.65,0.66,P1,지연·현물조달,False,11178.2,2029,4558.4,6.594717,1312.404,1312.404,3023.112,199.008409,6.594717,57.948795,12643.073,11532.297,13243.005,10219.893,1149.727,38.951,-0.0,15.190873,8.596156,12.176271,5.581553,0.0,0.0,0.0,0.0,0.0,199.008409,3023.112,0.838263,1.046494,3740.295,409.821,8376.147,0.0,0.0,-10219.893,-1011.409,17.443,100,True,-82.671962
JFE_STEEL_JP,JFE Steel,JP,21.95,45.3,DISCLOSED_PATH,DISCLOSED_PATH,PORT-E123D45B71CC,CAND-8DC42B3C7EA2DB,P2,PORT-E123D45B71CC,226.220909,45846.466,202.66237,True,False,,0.0,1.265341119704999e-05,False,False,True,True,2029,0.0,0.07400003299999997,0.0,3,3,0.3867712,0.65,1.62,P2,지연·부분헤지,False,16189.8,2029,7326.0,207.253037,46884.97,46884.97,54296.271,226.220909,207.253037,242.220355,58216.644,54795.309,62206.609,7910.338,3387.026,-34.31,0.0,240.014379,32.761342,222.376908,15.12387,0.0,0.0,0.0,0.0,0.0,226.220909,54296.271,15.055532,18.795441,7343.41,854.562,6084.504,43965.272,66.636,-7910.338,-3250.906,-268.169,100,True,97.291395
JFE_STEEL_JP,JFE Steel,JP,21.95,45.3,ACCELERATED_15C,DISCLOSED_PATH,PORT-E123D45B71CC,CAND-8DC42B3C7EA2DB,P2,PORT-E123D45B71CC,226.220909,44861.978,198.310483,False,False,2035,10.058341729412,-10.058341729412,True,True,True,True,,0.0,0.0,0.0,3,3,0.3867712,0.65,1.62,P2,지연·부분헤지,False,16189.8,2029,7326.0,203.129981,45952.249,45952.249,53998.297,226.220909,203.129981,254.474476,62077.58,57567.447,65613.496,11615.198,4595.23,85.097,-0.0,238.697199,35.567219,223.066834,19.936854,0.0,0.0,0.0,0.0,0.0,226.220909,53998.297,14.972909,18.692293,7343.41,854.562,6691.635,47393.159,70.799,-11615.198,-4418.879,-367.238,100,True,113.863302
JFE_STEEL_JP,JFE Steel,JP,21.95,45.3,DISCLOSED_PATH,DISCLOSED_PATH,PORT-576B945395C2,CAND-8F0E9CFE80824D,P6,PORT-576B945395C2,417.556839,76190.532,182.46745,True,False,,0.0,1.265341119704999e-05,False,False,True,True,2028,0.0,0.3089998460000001,1.281998712,3,3,0.47620039999999997,0.65,2.2600000000000002,P6,조기 고헤지,False,23196.8,2031,9930.8,183.122551,76464.074,76464.074,78588.435,417.556839,183.122551,218.112199,115957.621,91074.24,93198.602,14610.167,24887.812,4.431,-0.0,188.210149,5.087598,242.71535,59.592799,0.0,0.0,0.0,0.0,0.0,417.556839,78588.435,21.791381,27.204526,13281.926,1645.095,11768.015,86009.254,3311.961,-14610.167,-24896.239,-45.772,100,True,73.160909
JFE_STEEL_JP,JFE Steel,JP,21.95,45.3,ACCELERATED_15C,DISCLOSED_PATH,PORT-576B945395C2,CAND-8F0E9CFE80824D,P6,PORT-576B945395C2,417.556839,65416.232,156.664258,True,False,,0.0,1.265341119704999e-05,False,False,True,True,2028,0.0,0.02899984600000005,0.0,3,3,0.47620039999999997,0.65,2.2600000000000002,P6,조기 고헤지,False,23196.8,2031,9930.8,157.321214,65690.549,65690.549,67607.391,417.556839,157.321214,208.608059,123900.911,87105.722,89022.563,21415.173,36795.189,0.0,-0.0,161.911827,4.590613,245.441407,88.120193,0.0,0.0,0.0,0.0,0.0,417.556839,67607.391,18.746504,23.403278,13112.601,1645.095,12908.098,92648.981,3541.497,-21415.173,-36780.034,29.484,100,True,68.054535
JFE_STEEL_JP,JFE Steel,JP,21.95,45.3,DISCLOSED_PATH,DISCLOSED_PATH,PORT-36B22CA0D026,CAND-94E38421D8FAE7,P1,PORT-36B22CA0D026,159.495924,2772.919,17.385515,False,False,2035,10.244990009999999,-10.244990009999999,True,True,True,True,,0.0,0.0,0.0,2,3,0.19452160000000007,0.65,0.5,P1,지연·현물조달,False,9132.2,2029,4558.4,19.03295,3035.678,3035.678,4351.818,159.495924,19.03295,54.01207,9219.881,8614.705,9930.845,5579.027,612.846,7.671,-0.0,27.284822,8.251872,22.827253,3.794303,0.0,0.0,0.0,0.0,0.0,159.495924,4351.818,1.206693,1.506445,2892.162,341.697,5952.756,0.0,0.0,-5579.027,-583.24,11.33,100,True,-90.928692
JFE_STEEL_JP,JFE Steel,JP,21.95,45.3,ACCELERATED_15C,DISCLOSED_PATH,PORT-36B22CA0D026,CAND-94E38421D8FAE7,P1,PORT-36B22CA0D026,159.495924,593.56,3.721473,False,False,2035,20.58499001,-20.58499001,True,True,True,True,,0.0,0.0,0.0,2,3,0.19452160000000007,0.65,0.5,P1,지연·현물조달,False,9132.2,2029,4558.4,5.460185,870.877,870.877,2277.513,159.495924,5.460185,56.614765,9764.721,9029.824,10436.46,8158.947,736.431,1.535,0.0,14.279446,8.819261,10.067804,4.607619,0.0,0.0,0.0,0.0,0.0,159.495924,2277.513,0.63152,0.788394,2892.162,341.697,6503.036,0.0,0.0,-8158.947,-700.913,-6.158,100,True,-83.806494
JFE_STEEL_JP,JFE Steel,JP,21.95,45.3,DISCLOSED_PATH,DISCLOSED_PATH,PORT-6E49C004BA31,CAND-953F1AFEF37202,P1,PORT-6E49C004BA31,163.575867,29099.891,177.898434,False,False,2030,4.8049966600000005,-4.8049966600000005,True,True,True,True,,0.0,0.0,0.0,2,3,0.28207360000000015,0.65,0.9799999999999999,P1,지연·현물조달,False,13615.8,2033,9930.8,182.3297,29824.739,29824.739,36976.142,163.575867,182.3297,217.459172,37206.129,35571.073,42722.475,5746.334,1419.779,-215.278,-0.0,226.04888,43.71918,192.325409,9.995708,0.0,0.0,0.0,0.0,0.0,163.575867,36976.142,10.252923,12.799827,6800.536,562.447,3823.266,26235.765,0.0,-5746.334,-1733.958,-116.984,100,True,72.368058
JFE_STEEL_JP,JFE Steel,JP,21.95,45.3,ACCELERATED_15C,DISCLOSED_PATH,PORT-6E49C004BA31,CAND-953F1AFEF37202,P1,PORT-6E49C004BA31,163.575867,28678.153,175.320197,False,False,2030,15.14499666,-15.14499666,True,True,True,True,,0.0,0.0,0.0,2,3,0.28207360000000015,0.65,0.9799999999999999,P1,지연·현물조달,False,13615.8,2033,9930.8,179.866131,29421.758,29421.758,37451.212,163.575867,179.866131,231.906074,39915.312,37934.237,45963.69,8512.479,1775.312,-205.762,-0.0,228.953159,49.087028,191.977175,12.111044,0.0,0.0,0.0,0.0,0.0,163.575867,37451.212,10.384653,12.96428,6800.536,562.447,4234.181,28559.81,0.0,-8512.479,-2168.166,-54.571,100,True,90.599452
JFE_STEEL_JP,JFE Steel,JP,21.95,45.3,DISCLOSED_PATH,DISCLOSED_PATH,PORT-48EB0158352D,CAND-AFB45421E864E1,P3,PORT-48EB0158352D,209.90085,37378.72,178.077983,False,False,2030,3.1659880174124027,-3.1659880174124027,True,True,True,True,,0.0,0.0,0.0,3,3,0.3867712,0.65,1.62,P3,균형형 라이트헤지,False,17905.8,2033,9930.8,180.358576,37857.418,37857.418,44641.362,209.90085,180.358576,215.444229,50032.42,45221.927,52005.871,7364.508,4790.534,-19.96,0.0,212.67833,32.319755,203.276508,22.917932,0.0,0.0,0.0,0.0,0.0,209.90085,44641.362,12.378372,15.453255,10395.684,725.944,4804.633,34422.348,197.565,-7364.508,-5311.01,-13.238,100,True,70.396934
JFE_STEEL_JP,JFE Steel,JP,21.95,45.3,ACCELERATED_15C,DISCLOSED_PATH,PORT-48EB0158352D,CAND-AFB45421E864E1,P3,PORT-48EB0158352D,209.90085,35677.345,169.972368,False,False,2030,8.975988017412405,-8.975988017412405,True,True,True,True,,0.0,0.0,0.0,3,3,0.3867712,0.65,1.62,P3,균형형 라이트헤지,False,17905.8,2033,9930.8,172.132682,36130.796,36130.796,43334.423,209.90085,172.132682,224.198981,53792.852,47059.557,54263.183,10928.761,6721.622,-11.673,0.0,206.45187,34.319188,204.211137,32.078455,0.0,0.0,0.0,0.0,0.0,209.90085,43334.423,12.015978,15.000839,8898.957,725.944,5528.256,38587.737,211.992,-10928.761,-6914.842,21.511,100,True,82.866003
JFE_STEEL_JP,JFE Steel,JP,21.95,45.3,DISCLOSED_PATH,DISCLOSED_PATH,PORT-263958B6D89F,CAND-B210B35AD45FF1,P1,PORT-263958B6D89F,80.688399,792.04,9.816037,False,False,2030,12.202493780000001,-12.202493780000001,True,True,True,True,,0.0,0.0,0.0,2,3,0.19452160000000007,0.65,0.5,P1,지연·현물조달,False,8654.8,2036,3696.0,10.029559,809.269,809.269,1506.394,80.688399,10.029559,45.016528,3968.821,3632.312,4329.437,2823.042,332.491,-4.018,-0.0,18.669278,8.639719,14.200036,4.170477,0.0,0.0,0.0,0.0,0.0,80.688399,1506.394,0.4177,0.52146,2266.857,160.273,1614.105,0.0,0.0,-2823.042,-400.804,-8.12,100,True,-99.932083
JFE_STEEL_JP,JFE Steel,JP,21.95,45.3,ACCELERATED_15C,DISCLOSED_PATH,PORT-263958B6D89F,CAND-B210B35AD45FF1,P1,PORT-263958B6D89F,80.688399,-434.279,-5.382174,False,False,2030,22.54249378,-22.54249378,True,True,True,True,,0.0,0.0,0.0,2,3,0.19452160000000007,0.65,0.5,P1,지연·현물조달,False,8654.8,2036,3696.0,-5.26337,-424.693,-424.693,286.737,80.688399,-5.26337,46.640865,4177.026,3763.377,4474.807,4188.07,399.855,-13.794,0.0,3.553638,8.817009,-0.136871,5.126499,0.0,0.0,0.0,0.0,0.0,80.688399,286.737,0.079508,0.099258,1740.462,160.273,2147.48,0.0,0.0,-4188.07,-298.608,13.769,100,True,-94.530049
JFE_STEEL_JP,JFE Steel,JP,21.95,45.3,DISCLOSED_PATH,DISCLOSED_PATH,PORT-7F45069F34E3,CAND-B4CBF9F7B55581,P3,PORT-7F45069F34E3,203.088353,28331.05,139.501106,False,False,2030,3.1659880174124027,-3.1659880174124027,True,True,True,True,,0.0,0.0,0.0,2,3,0.3119871999999999,0.65,1.1400000000000001,P3,균형형 라이트헤지,False,15661.8,2033,9930.8,142.555418,28951.345,28951.345,34179.641,203.088353,142.555418,177.646261,39938.854,36077.887,41306.182,7126.542,3742.833,-118.134,-0.0,168.299366,25.743948,161.566686,19.011268,0.0,0.0,0.0,0.0,0.0,203.088353,34179.641,9.477496,11.831778,8408.273,630.571,5057.73,25874.083,157.638,-7126.542,-4085.002,34.593,100,True,32.593776
JFE_STEEL_JP,JFE Steel,JP,21.95,45.3,ACCELERATED_15C,DISCLOSED_PATH,PORT-7F45069F34E3,CAND-B4CBF9F7B55581,P3,PORT-7F45069F34E3,203.088353,26352.106,129.756857,False,False,2030,8.975988017412405,-8.975988017412405,True,True,True,True,,0.0,0.0,0.0,2,3,0.3119871999999999,0.65,1.1400000000000001,P3,균형형 라이트헤지,False,15661.8,2033,9930.8,132.321354,26872.926,26872.926,32544.609,203.088353,132.321354,184.384532,42885.199,37446.351,43118.034,10573.425,5219.366,-219.482,-0.0,160.248525,27.927171,159.102056,26.780701,0.0,0.0,0.0,0.0,0.0,203.088353,32544.609,9.024126,11.265788,7574.775,630.571,5983.341,28594.556,168.866,-10573.425,-5393.271,-112.487,100,True,43.054675
JFE_STEEL_JP,JFE Steel,JP,21.95,45.3,DISCLOSED_PATH,DISCLOSED_PATH,PORT-25A7E18292F6,CAND-BC3B7FD8701906,P1,PORT-25A7E18292F6,310.220867,15888.322,51.21616,True,False,,0.0,1.265341119704999e-05,False,False,True,True,2033,4.44999748,0.0,0.8619984320000018,3,3,0.3406543999999999,0.65,1.3,P1,지연·현물조달,False,16764.0,2033,6265.6,52.740072,16361.071,16361.071,21061.421,310.220867,52.740072,87.772639,29196.348,27228.904,31929.254,10867.833,1997.544,30.1,-0.0,67.891695,15.151624,59.082146,6.342074,0.0,0.0,0.0,0.0,0.0,310.220867,21061.421,5.840012,7.290716,7317.445,701.152,12313.264,8776.42,0.0,-10867.833,-1896.613,17.236,100,True,-57.22157
JFE_STEEL_JP,JFE Steel,JP,21.95,45.3,ACCELERATED_15C,DISCLOSED_PATH,PORT-25A7E18292F6,CAND-BC3B7FD8701906,P1,PORT-25A7E18292F6,310.220867,12346.595,39.799369,True,False,,0.0,1.265341119704999e-05,False,False,True,True,2033,1.249997480000001,0.0,0.0,3,3,0.3406543999999999,0.65,1.3,P1,지연·현물조달,False,16764.0,2033,6265.6,41.238607,12793.076,12793.076,17899.697,310.220867,41.238607,92.884266,31193.474,28814.638,33921.258,16021.561,2432.319,53.483,0.0,57.699848,16.461241,48.906809,7.668202,0.0,0.0,0.0,0.0,0.0,310.220867,17899.697,4.963314,6.19624,7317.445,701.152,13520.988,9587.505,0.0,-16021.561,-2310.131,-2.321,100,True,-48.028072
JFE_STEEL_JP,JFE Steel,JP,21.95,45.3,DISCLOSED_PATH,DISCLOSED_PATH,PORT-BFE68456F5A9,CAND-BD5FC0B8045E4C,P1,PORT-BFE68456F5A9,87.500896,10466.189,119.612369,False,False,2030,11.118342749412001,-11.118342749412001,True,True,True,True,,0.0,0.0,0.0,3,3,0.28207360000000015,0.65,0.9799999999999999,P1,지연·현물조달,False,10898.8,2036,5940.0,120.231878,10520.397,10520.397,13499.493,87.500896,120.231878,155.214484,14265.855,13581.406,16560.503,3061.009,714.93,30.481,-0.0,154.278345,34.046467,128.054065,7.822187,0.0,0.0,0.0,0.0,0.0,87.500896,13499.493,3.743205,4.673045,2966.518,255.646,1472.775,9554.424,0.0,-3061.009,-669.067,1.111,100,True,10.270236
JFE_STEEL_JP,JFE Steel,JP,21.95,45.3,ACCELERATED_15C,DISCLOSED_PATH,PORT-BFE68456F5A9,CAND-BD5FC0B8045E4C,P1,PORT-BFE68456F5A9,87.500896,9868.567,112.78247,False,False,2030,21.618342749412,-21.618342749412,True,True,True,True,,0.0,0.0,0.0,3,3,0.28207360000000015,0.65,0.9799999999999999,P1,지연·현물조달,False,10898.8,2036,5940.0,114.159215,9989.034,9989.034,13084.007,87.500896,114.159215,166.083313,15334.947,14532.439,17627.412,4543.405,894.31,91.802,0.0,149.529971,35.370757,123.33064,9.171426,0.0,0.0,0.0,0.0,0.0,87.500896,13084.007,3.627996,4.529219,2981.017,255.646,1670.166,10471.791,0.0,-4543.405,-820.096,-26.086,100,True,24.892536
JFE_STEEL_JP,JFE Steel,JP,21.95,45.3,DISCLOSED_PATH,DISCLOSED_PATH,PORT-1C641A2E58FD,CAND-BD69BDF77D11F9,P2,PORT-1C641A2E58FD,205.820907,13211.212,64.187903,False,False,2035,1.2583418794120007,-1.2583418794120007,True,True,True,True,,0.0,0.0,0.0,3,3,0.3119871999999999,0.65,1.1400000000000001,P2,지연·부분헤지,False,13422.2,2036,5940.0,65.201311,13419.793,13419.793,16691.516,205.820907,65.201311,100.169585,22154.726,20616.995,23888.717,7197.202,1631.827,94.096,0.0,81.09728,15.895968,72.672521,7.47121,0.0,0.0,0.0,0.0,0.0,205.820907,16691.516,4.628304,5.77801,5060.832,505.194,7058.449,9506.87,30.261,-7197.202,-1538.07,-6.541,100,True,-44.760331
JFE_STEEL_JP,JFE Steel,JP,21.95,45.3,ACCELERATED_15C,DISCLOSED_PATH,PORT-1C641A2E58FD,CAND-BD69BDF77D11F9,P2,PORT-1C641A2E58FD,205.820907,10973.496,53.31575,False,False,2035,11.758341879412,-11.758341879412,True,True,True,True,,0.0,0.0,0.0,3,3,0.3119871999999999,0.65,1.1400000000000001,P2,지연·부분헤지,False,13422.2,2036,5940.0,54.498322,11216.894,11216.894,14705.705,205.820907,54.498322,105.879053,23777.791,21792.123,25280.933,10575.229,2074.338,88.67,0.0,71.449033,16.950711,64.145877,9.647555,0.0,0.0,0.0,0.0,0.0,205.820907,14705.705,4.077669,5.090593,5316.744,505.194,8275.851,9641.845,32.162,-10575.229,-2022.243,42.569,100,True,-34.768357
JFE_STEEL_JP,JFE Steel,JP,21.95,45.3,DISCLOSED_PATH,DISCLOSED_PATH,PORT-1C641A2E58FD,CAND-C535F3B5D7A55A,P1,PORT-1C641A2E58FD,205.820907,13469.788,65.444215,False,False,2035,1.2583418794120007,-1.2583418794120007,True,True,True,True,,0.0,0.0,0.0,3,3,0.3119871999999999,0.65,1.1400000000000001,P1,지연·현물조달,False,13422.2,2036,5940.0,66.649144,13717.787,13717.787,17539.073,205.820907,66.649144,101.617418,22148.227,20914.989,24736.274,7197.202,1341.538,108.3,0.0,85.215214,18.56607,72.640947,5.991803,0.0,0.0,0.0,0.0,0.0,205.820907,17539.073,4.863319,6.071404,5027.656,505.194,7083.96,9536.772,0.0,-7197.202,-1227.197,-11.396,100,True,-43.312498
JFE_STEEL_JP,JFE Steel,JP,21.95,45.3,ACCELERATED_15C,DISCLOSED_PATH,PORT-1C641A2E58FD,CAND-C535F3B5D7A55A,P1,PORT-1C641A2E58FD,205.820907,11357.023,55.179152,False,False,2035,11.758341879412,-11.758341879412,True,True,True,True,,0.0,0.0,0.0,3,3,0.3119871999999999,0.65,1.1400000000000001,P1,지연·현물조달,False,13422.2,2036,5940.0,56.645667,11658.863,11658.863,15765.126,205.820907,56.645667,108.026399,23785.403,22234.091,26340.355,10575.229,1644.975,93.664,-0.0,76.596329,19.950662,64.182858,7.53719,0.0,0.0,0.0,0.0,0.0,205.820907,15765.126,4.37143,5.457327,5108.932,505.194,7603.719,10570.516,0.0,-10575.229,-1513.324,-40.947,100,True,-32.621012
JFE_STEEL_JP,JFE Steel,JP,21.95,45.3,DISCLOSED_PATH,DISCLOSED_PATH,PORT-E123D45B71CC,CAND-C973F96EA1BC5C,P1,PORT-E123D45B71CC,226.220909,47045.021,207.960534,True,False,,0.0,1.265341119704999e-05,False,False,True,True,2029,0.0,0.07400003299999997,0.0,3,3,0.3867712,0.65,1.62,P1,지연·현물조달,False,16189.8,2029,7326.0,213.250878,48241.807,48241.807,56790.511,226.220909,213.250878,248.218195,58292.047,56152.146,64700.849,7910.338,2075.585,-64.316,0.0,251.040063,37.789185,222.710219,9.459342,0.0,0.0,0.0,0.0,0.0,226.220909,56790.511,15.747147,19.658859,7993.886,854.562,6045.583,43087.855,0.0,-7910.338,-2142.964,313.225,100,True,103.289236
JFE_STEEL_JP,JFE Steel,JP,21.95,45.3,ACCELERATED_15C,DISCLOSED_PATH,PORT-E123D45B71CC,CAND-C973F96EA1BC5C,P1,PORT-E123D45B71CC,226.220909,46708.817,206.474357,False,False,2035,10.058341729412,-10.058341729412,True,True,True,True,,0.0,0.0,0.0,3,3,0.3867712,0.65,1.62,P1,지연·현물조달,False,16189.8,2029,7326.0,212.112525,47984.288,47984.288,57412.594,226.220909,212.112525,263.45702,62146.869,59599.486,69027.792,11615.198,2595.124,47.741,0.0,253.789954,41.67743,223.373123,11.260599,0.0,0.0,0.0,0.0,0.0,226.220909,57412.594,15.919641,19.874202,7316.299,854.562,6724.502,47556.836,0.0,-11615.198,-2415.716,-436.997,100,True,122.845846
JFE_STEEL_JP,JFE Steel,JP,21.95,45.3,DISCLOSED_PATH,DISCLOSED_PATH,PORT-D5A2DA370FDA,CAND-CB30BCF3D9CF92,P1,PORT-D5A2DA370FDA,185.08836,3210.574,17.34617,False,False,2030,3.1659880174124027,-3.1659880174124027,False,False,True,True,2036,1.6549952300000008,0.0,0.0,2,3,0.22808320000000004,0.65,0.6599999999999999,P1,지연·현물조달,False,11996.6,2033,6265.6,18.50543,3425.14,3425.14,5122.043,185.08836,18.50543,53.589614,10912.001,9918.814,11615.717,6493.674,984.56,-8.627,0.0,27.673502,9.168072,23.871448,5.366017,0.0,0.0,0.0,0.0,0.0,185.08836,5122.043,1.420265,1.773069,4249.681,356.231,6294.619,0.0,0.0,-6493.674,-977.359,-4.358,100,True,-91.456212
JFE_STEEL_JP,JFE Steel,JP,21.95,45.3,ACCELERATED_15C,DISCLOSED_PATH,PORT-D5A2DA370FDA,CAND-CB30BCF3D9CF92,P1,PORT-D5A2DA370FDA,185.08836,555.293,3.000149,False,False,2030,9.492498710000003,-9.492498710000003,True,True,True,True,,0.0,0.0,0.0,2,3,0.22808320000000004,0.65,0.6599999999999999,P1,지연·현물조달,False,11996.6,2033,6265.6,4.090065,757.024,757.024,2511.631,185.08836,4.090065,56.143053,11610.609,10391.426,12146.033,9634.402,1182.407,-36.776,-0.0,13.569901,9.479836,10.677098,6.587032,0.0,0.0,0.0,0.0,0.0,185.08836,2511.631,0.696437,0.869437,4401.026,356.231,6853.197,0.0,0.0,-9634.402,-1211.91,-7.119,100,True,-85.176614
JFE_STEEL_JP,JFE Steel,JP,21.95,45.3,DISCLOSED_PATH,DISCLOSED_PATH,PORT-408F044D6828,CAND-CBE864A3B5E624,P2,PORT-408F044D6828,302.295879,63997.503,211.704848,True,False,,0.0,1.265341119704999e-05,False,False,True,True,2029,0.0,0.07400003299999997,0.0,2,3,0.3867712,0.65,1.62,P2,지연·부분헤지,False,18906.8,2033,9930.8,217.390965,65716.393,65716.393,78414.18,302.295879,217.390965,252.4416,81126.009,76312.056,89009.843,10595.663,4645.486,-168.467,0.0,259.395465,42.004501,233.315607,15.924642,0.0,0.0,0.0,0.0,0.0,302.295879,78414.18,21.743062,27.144205,10953.681,1161.363,8234.668,60759.165,91.645,-10595.663,-4807.183,-81.283,100,True,107.429323
JFE_STEEL_JP,JFE Steel,JP,21.95,45.3,ACCELERATED_15C,DISCLOSED_PATH,PORT-408F044D6828,CAND-CBE864A3B5E624,P2,PORT-408F044D6828,302.295879,62928.809,208.169588,False,False,2040,3.584995639999999,-3.584995639999999,True,True,True,True,,0.0,0.0,0.0,2,3,0.3867712,0.65,1.62,P2,지연·부분헤지,False,18906.8,2033,9930.8,214.231716,64761.365,64761.365,78529.741,302.295879,214.231716,265.784758,86671.709,80345.637,94114.013,15584.272,6326.102,0.031,0.0,259.777741,45.546024,235.15847,20.926754,0.0,0.0,0.0,0.0,0.0,302.295879,78529.741,21.775106,27.184208,10357.017,1161.363,9121.417,65884.18,97.551,-15584.272,-6317.862,41.972,100,True,124.965037
JFE_STEEL_JP,JFE Steel,JP,21.95,45.3,DISCLOSED_PATH,DISCLOSED_PATH,PORT-6E49C004BA31,CAND-DF57CBE06564A4,P3,PORT-6E49C004BA31,163.575867,27300.156,166.895985,False,False,2030,4.8049966600000005,-4.8049966600000005,True,True,True,True,,0.0,0.0,0.0,2,3,0.28207360000000015,0.65,0.9799999999999999,P3,균형형 라이트헤지,False,13615.8,2033,9930.8,170.106241,27825.276,27825.276,32713.204,163.575867,170.106241,205.235712,37088.078,33571.61,38459.538,5746.334,3416.291,-100.177,-0.0,199.98796,29.881719,191.603716,21.497475,0.0,0.0,0.0,0.0,0.0,163.575867,32713.204,9.070875,11.32415,6432.191,562.447,3808.936,26281.177,144.796,-5746.334,-3572.857,-85.081,100,True,60.144599
JFE_STEEL_JP,JFE Steel,JP,21.95,45.3,ACCELERATED_15C,DISCLOSED_PATH,PORT-6E49C004BA31,CAND-DF57CBE06564A4,P3,PORT-6E49C004BA31,163.575867,25879.894,158.213398,False,False,2030,15.14499666,-15.14499666,True,True,True,True,,0.0,0.0,0.0,2,3,0.28207360000000015,0.65,0.9799999999999999,P3,균형형 라이트헤지,False,13615.8,2033,9930.8,161.379257,26397.752,26397.752,31615.968,163.575867,161.379257,213.4192,39792.376,34910.231,40128.447,8512.479,4821.526,-60.619,-0.0,193.280149,31.900893,191.225622,29.846366,0.0,0.0,0.0,0.0,0.0,163.575867,31615.968,8.766628,10.944326,5478.931,562.447,4247.468,29140.117,155.194,-8512.479,-4736.395,62.469,100,True,72.112578
JFE_STEEL_JP,JFE Steel,JP,21.95,45.3,DISCLOSED_PATH,DISCLOSED_PATH,PORT-408F044D6828,CAND-DFCA23D16E81A2,P1,PORT-408F044D6828,302.295879,65678.722,217.26635,True,False,,0.0,1.265341119704999e-05,False,False,True,True,2029,0.0,0.07400003299999997,0.0,2,3,0.3867712,0.65,1.62,P1,지연·현물조달,False,18906.8,2033,9930.8,223.792125,67651.437,67651.437,82351.969,302.295879,223.792125,258.84276,81291.046,78247.1,92947.632,10595.663,2810.126,-233.821,0.0,272.421739,48.629615,233.861552,10.069427,0.0,0.0,0.0,0.0,0.0,302.295879,82351.969,22.834952,28.507328,11104.706,1161.363,8235.45,60864.76,0.0,-10595.663,-3047.577,-71.601,100,True,113.830483
JFE_STEEL_JP,JFE Steel,JP,21.95,45.3,ACCELERATED_15C,DISCLOSED_PATH,PORT-408F044D6828,CAND-DFCA23D16E81A2,P1,PORT-408F044D6828,302.295879,65518.403,216.73601,False,False,2040,3.584995639999999,-3.584995639999999,True,True,True,True,,0.0,0.0,0.0,2,3,0.3867712,0.65,1.62,P1,지연·현물조달,False,18906.8,2033,9930.8,223.733271,67633.646,67633.646,83846.052,302.295879,223.733271,275.286313,86826.62,83217.918,99430.324,15584.272,3513.246,-95.456,0.0,277.364191,53.63092,235.67092,11.937649,0.0,0.0,0.0,0.0,0.0,302.295879,83846.052,23.249238,29.024526,11428.125,1161.363,9308.77,65280.209,0.0,-15584.272,-3918.514,-42.034,100,True,134.466592
JFE_STEEL_JP,JFE Steel,JP,21.95,45.3,DISCLOSED_PATH,DISCLOSED_PATH,PORT-7F45069F34E3,CAND-DFD36ABEC37623,P1,PORT-7F45069F34E3,203.088353,30122.61,148.322688,False,False,2030,3.1659880174124027,-3.1659880174124027,True,True,True,True,,0.0,0.0,0.0,2,3,0.3119871999999999,0.65,1.1400000000000001,P1,지연·현물조달,False,15661.8,2033,9930.8,152.451301,30961.084,30961.084,38592.837,203.088353,152.451301,187.542144,40069.913,38087.625,45719.379,7126.542,1750.873,-231.415,0.0,190.029792,37.578491,162.212019,9.760718,0.0,0.0,0.0,0.0,0.0,203.088353,38592.837,10.701208,13.35947,7945.903,630.571,5419.773,26235.765,0.0,-7126.542,-2066.484,-77.903,100,True,42.489659
JFE_STEEL_JP,JFE Steel,JP,21.95,45.3,ACCELERATED_15C,DISCLOSED_PATH,PORT-7F45069F34E3,CAND-DFD36ABEC37623,P1,PORT-7F45069F34E3,203.088353,29138.77,143.478295,False,False,2030,8.975988017412405,-8.975988017412405,True,True,True,True,,0.0,0.0,0.0,2,3,0.3119871999999999,0.65,1.1400000000000001,P1,지연·현물조달,False,15661.8,2033,9930.8,147.083796,29871.006,29871.006,38418.193,203.088353,147.083796,199.146973,43054.28,40444.431,48991.618,10573.425,2171.292,-438.557,0.0,189.169848,42.086052,159.934603,12.850808,0.0,0.0,0.0,0.0,0.0,203.088353,38418.193,10.652782,13.299014,6975.791,630.571,6075.432,28857.303,0.0,-10573.425,-2238.965,144.298,100,True,57.817117
JFE_STEEL_JP,JFE Steel,JP,21.95,45.3,DISCLOSED_PATH,DISCLOSED_PATH,PORT-49F18FB13125,CAND-E142C0366C78ED,P4,PORT-49F18FB13125,369.350858,50838.56,137.643,True,False,,0.0,1.265341119704999e-05,False,False,True,True,2028,0.14999703000000153,0.174000033,1.1819983720000007,3,3,0.41232239999999987,0.65,1.78,P4,균형형 전환,False,19531.6,2028,7326.0,139.813557,51640.257,51640.257,57341.425,369.350858,139.813557,174.779975,73489.566,64555.134,70256.302,12914.877,8904.157,-30.276,0.0,155.249201,15.435643,164.003111,24.189554,0.0,0.0,0.0,0.0,0.0,369.350858,57341.425,15.899907,19.849566,10168.803,1201.692,12032.797,48976.122,657.316,-12914.877,-8739.39,257.794,100,True,29.851915
JFE_STEEL_JP,JFE Steel,JP,21.95,45.3,ACCELERATED_15C,DISCLOSED_PATH,PORT-49F18FB13125,CAND-E142C0366C78ED,P4,PORT-49F18FB13125,369.350858,45969.413,124.460015,True,False,,0.0,1.265341119704999e-05,False,False,True,True,2028,0.0,0.02400003300000003,0.0,3,3,0.41232239999999987,0.65,1.78,P4,균형형 전환,False,19531.6,2028,7326.0,126.906653,46873.081,46873.081,52381.387,369.350858,126.906653,178.206353,78331.366,65820.669,71328.975,18947.588,12635.131,124.434,-0.0,141.82013,14.913476,160.778774,33.872121,0.0,0.0,0.0,0.0,0.0,369.350858,52381.387,14.524564,18.132576,10168.803,1201.692,13253.356,52725.282,701.233,-18947.588,-12416.866,187.169,100,True,37.639974
JFE_STEEL_JP,JFE Steel,JP,21.95,45.3,DISCLOSED_PATH,DISCLOSED_PATH,PORT-B91429E42CEB,CAND-E1C48D333700EA,P7,PORT-B91429E42CEB,445.512827,80332.44,180.314539,True,False,,0.0,1.265341119704999e-05,False,False,True,True,2028,0.0,0.4689998460000001,2.281998712,3,3,0.47620039999999997,0.65,2.2600000000000002,P7,완전 수소·계약형,False,23196.8,2030,9930.8,180.57707,80449.401,80449.401,81110.971,445.512827,180.57707,215.556232,126006.783,96033.066,96694.636,15583.665,29973.717,0.0,-0.0,182.062033,1.484963,247.856204,67.279134,0.0,0.0,0.0,0.0,0.0,445.512827,81110.971,22.490841,28.077738,13709.908,1777.766,12666.163,92724.445,5113.755,-15583.665,-29968.682,9.711,100,True,70.615428
JFE_STEEL_JP,JFE Steel,JP,21.95,45.3,ACCELERATED_15C,DISCLOSED_PATH,PORT-B91429E42CEB,CAND-E1C48D333700EA,P7,PORT-B91429E42CEB,445.512827,67071.669,150.549356,True,False,,0.0,1.265341119704999e-05,False,False,True,True,2028,0.0,0.26899984600000015,0.28199871200000004,3,3,0.47620039999999997,0.65,2.2600000000000002,P7,완전 수소·계약형,False,23196.8,2030,9930.8,150.784848,67176.584,67176.584,67761.513,445.512827,150.784848,201.957946,134444.191,89974.855,90559.784,22798.272,44474.268,4.933,0.0,152.097781,1.312934,250.600908,99.81606,0.0,0.0,0.0,0.0,0.0,445.512827,67761.513,18.789239,23.45663,13939.993,1777.766,13865.202,99392.356,5462.182,-22798.272,-44460.185,-2.457,100,True,61.518169
JFE_STEEL_JP,JFE Steel,JP,21.95,45.3,DISCLOSED_PATH,DISCLOSED_PATH,PORT-7BA11C62DF95,CAND-E2E67FC7600525,P2,PORT-7BA11C62DF95,219.408411,36426.705,166.022372,False,False,2040,0.6424927599999997,-0.6424927599999997,False,False,True,True,2029,0.0,0.07400003299999997,0.0,2,3,0.3119871999999999,0.65,1.1400000000000001,P2,지연·부분헤지,False,13945.8,2029,7326.0,168.723162,37019.281,37019.281,44556.103,219.408411,168.723162,203.691609,47498.029,44691.652,52228.475,7672.372,2729.225,-77.151,0.0,203.073816,34.350655,181.513812,12.79065,0.0,0.0,0.0,0.0,0.0,219.408411,44556.103,12.354731,15.423741,7638.144,759.188,6259.792,32988.458,55.324,-7672.372,-2979.812,-29.443,100,True,58.76152
JFE_STEEL_JP,JFE Steel,JP,21.95,45.3,ACCELERATED_15C,DISCLOSED_PATH,PORT-7BA11C62DF95,CAND-E2E67FC7600525,P2,PORT-7BA11C62DF95,219.408411,34953.774,159.309178,False,False,2035,10.98249276,-10.98249276,True,True,True,True,,0.0,0.0,0.0,2,3,0.3119871999999999,0.65,1.1400000000000001,P2,지연·부분헤지,False,13945.8,2029,7326.0,162.003522,35544.935,35544.935,43644.184,219.408411,162.003522,213.322716,50531.487,46804.798,54904.046,11259.863,3657.254,-69.434,-0.0,198.91755,36.914028,178.988688,16.985166,0.0,0.0,0.0,0.0,0.0,219.408411,43644.184,12.10187,15.108067,6231.265,759.188,6898.915,36345.764,58.645,-11259.863,-3534.638,45.658,100,True,72.736843
JFE_STEEL_JP,JFE Steel,JP,21.95,45.3,DISCLOSED_PATH,DISCLOSED_PATH,PORT-4577AB24CD05,CAND-E5C3BE482793EF,P4,PORT-4577AB24CD05,389.600851,78510.322,201.51476,True,False,,0.0,1.265341119704999e-05,False,False,True,True,2028,0.0,0.174000033,0.28199871200000004,3,3,0.47620039999999997,0.65,2.2600000000000002,P4,균형형 전환,False,23196.8,2032,9930.8,205.630353,80113.76,80113.76,88176.815,389.600851,205.630353,240.607411,107066.528,93740.852,101803.907,13627.091,13355.418,29.741,0.0,226.326034,20.695681,239.83376,34.203407,0.0,0.0,0.0,0.0,0.0,389.600851,88176.815,24.450093,30.523683,12558.598,1519.341,11077.901,81012.083,948.178,-13627.091,-13250.908,-124.341,100,True,95.668711
JFE_STEEL_JP,JFE Steel,JP,21.95,45.3,ACCELERATED_15C,DISCLOSED_PATH,PORT-4577AB24CD05,CAND-E5C3BE482793EF,P4,PORT-4577AB24CD05,389.600851,73594.491,188.897151,True,False,,0.0,1.265341119704999e-05,False,False,True,True,2028,0.0,0.02400003300000003,0.0,3,3,0.47620039999999997,0.65,2.2600000000000002,P4,균형형 전환,False,23196.8,2032,9930.8,193.11741,75238.707,75238.707,83692.789,389.600851,193.11741,244.45395,114588.269,95239.467,103693.549,20000.76,19305.651,-43.151,0.0,214.816751,21.699341,242.780552,49.663142,0.0,0.0,0.0,0.0,0.0,389.600851,83692.789,23.206741,28.971472,14416.254,1519.341,12013.618,85929.398,1013.895,-20000.76,-19564.62,-88.42,100,True,103.850731
JFE_STEEL_JP,JFE Steel,JP,21.95,45.3,DISCLOSED_PATH,DISCLOSED_PATH,PORT-A7F00CD0D5D9,CAND-E97F5B55830909,P1,PORT-A7F00CD0D5D9,145.575874,2187.854,15.028963,False,False,2030,7.054995810000001,-7.054995810000001,True,True,True,True,,0.0,0.0,0.0,2,3,0.19452160000000007,0.65,0.5,P1,지연·현물조달,False,9950.6,2033,6265.6,16.869749,2455.828,2455.828,3771.632,145.575874,16.869749,51.99553,8226.793,7569.295,8885.098,5113.466,655.758,-1.74,-0.0,25.908357,9.038608,21.386281,4.516532,0.0,0.0,0.0,0.0,0.0,145.575874,3771.632,1.045816,1.305605,2892.303,288.107,4991.278,0.0,0.0,-5113.466,-602.822,0.429,100,True,-93.091893
JFE_STEEL_JP,JFE Steel,JP,21.95,45.3,ACCELERATED_15C,DISCLOSED_PATH,PORT-A7F00CD0D5D9,CAND-E97F5B55830909,P1,PORT-A7F00CD0D5D9,145.575874,94.675,0.650351,False,False,2030,17.39499581,-17.39499581,True,True,True,True,,0.0,0.0,0.0,2,3,0.19452160000000007,0.65,0.5,P1,지연·현물조달,False,9950.6,2033,6265.6,2.47552,360.376,360.376,1753.655,145.575874,2.47552,54.499635,8748.863,7933.832,9327.111,7573.456,787.851,-27.18,-0.0,12.046329,9.570809,8.07419,5.59867,0.0,0.0,0.0,0.0,0.0,145.575874,1753.655,0.486262,0.607053,3360.356,288.107,5122.931,0.0,0.0,-7573.456,-837.309,-0.252,100,True,-86.791159
KOBE_STEEL_JP,Kobe Steel,JP,5.96,14.3,DISCLOSED_PATH,DISCLOSED_PATH,PORT-1144EBE63B41,CAND-4D158AE8BC3521,P3,PORT-1144EBE63B41,102.391093,14716.433,143.727666,True,True,,0.0,9.990856690045291e-05,True,True,True,True,,0.0,0.0,0.0,1,1,0.28332,0.6,1.06,P3,균형형 라이트헤지,False,5037.34,2029,3118.5,145.675252,14915.848,14915.848,17551.909,102.391093,145.675252,180.597802,20325.144,18491.606,21127.667,3575.758,1819.09,-14.448,0.0,171.420274,25.745022,163.582454,17.907202,0.0,0.0,0.0,0.0,0.0,102.391093,17551.909,6.785518,16.46187,3101.502,260.812,2586.53,14340.303,79.798,-3575.758,-1885.205,7.867,100,True,93.2127
KOBE_STEEL_JP,Kobe Steel,JP,5.96,14.3,ACCELERATED_15C,DISCLOSED_PATH,PORT-1144EBE63B41,CAND-4D158AE8BC3521,P3,PORT-1144EBE63B41,102.391093,13664.434,133.453347,True,True,,0.0,9.990856690045291e-05,True,True,True,True,,0.0,0.0,0.0,1,1,0.28332,0.6,1.06,P3,균형형 라이트헤지,False,5037.34,2029,3118.5,135.33968,13857.578,13857.578,16610.84,102.391093,135.33968,186.558422,21635.134,19101.921,21855.182,5244.343,2523.691,-9.521,0.0,162.22934,26.88966,160.080238,24.740558,0.0,0.0,0.0,0.0,0.0,102.391093,16610.84,6.421703,15.579244,2506.771,260.812,2936.826,15727.403,84.877,-5244.343,-2448.835,34.067,100,True,10.386867
KOBE_STEEL_JP,Kobe Steel,JP,5.96,14.3,DISCLOSED_PATH,DISCLOSED_PATH,PORT-1144EBE63B41,CAND-C9EAFC0F482485,P2,PORT-1144EBE63B41,102.391093,15293.987,149.368332,True,True,,0.0,9.990856690045291e-05,True,True,True,True,,0.0,0.0,0.0,1,1,0.28332,0.6,1.06,P2,지연·부분헤지,False,5037.34,2029,3118.5,151.757268,15538.593,15538.593,18865.001,102.391093,151.757268,186.679817,20331.347,19114.351,22440.759,3575.758,1177.627,-39.37,-0.0,184.24455,32.487283,163.643034,11.885766,0.0,0.0,0.0,0.0,0.0,102.391093,18865.001,7.293155,17.693414,3216.954,260.812,2577.979,14311.169,23.628,-3575.758,-1290.832,14.641,100,True,99.294716
KOBE_STEEL_JP,Kobe Steel,JP,5.96,14.3,ACCELERATED_15C,DISCLOSED_PATH,PORT-1144EBE63B41,CAND-C9EAFC0F482485,P2,PORT-1144EBE63B41,102.391093,14552.066,142.122383,True,True,,0.0,9.990856690045291e-05,True,True,True,True,,0.0,0.0,0.0,1,1,0.28332,0.6,1.06,P2,지연·부분헤지,False,5037.34,2029,3118.5,144.547897,14800.417,14800.417,18355.145,102.391093,144.547897,195.766639,21638.305,20044.76,23599.488,5244.343,1571.815,-21.73,0.0,179.265057,34.71716,160.11121,15.563314,0.0,0.0,0.0,0.0,0.0,102.391093,18355.145,7.096047,17.215222,2627.209,260.812,2977.419,15720.094,25.061,-5244.343,-1525.964,-39.871,100,True,19.595084
KOBE_STEEL_JP,Kobe Steel,JP,5.96,14.3,DISCLOSED_PATH,DISCLOSED_PATH,PORT-1144EBE63B41,CAND-DCD679F188D852,P1,PORT-1144EBE63B41,102.391093,15690.435,153.240232,True,True,,0.0,9.990856690045291e-05,True,True,True,True,,0.0,0.0,0.0,1,1,0.28332,0.6,1.06,P1,지연·현물조달,False,5037.34,2029,3118.5,155.931265,15965.973,15965.973,19812.886,102.391093,155.931265,190.853815,20350.139,19541.731,23388.644,3575.758,729.226,-79.182,0.0,193.502042,37.570776,163.826559,7.895294,0.0,0.0,0.0,0.0,0.0,102.391093,19812.886,7.659605,18.582431,3293.921,260.812,2569.427,14291.747,0.0,-3575.758,-898.969,24.792,100,True,103.468713
KOBE_STEEL_JP,Kobe Steel,JP,5.96,14.3,ACCELERATED_15C,DISCLOSED_PATH,PORT-1144EBE63B41,CAND-DCD679F188D852,P1,PORT-1144EBE63B41,102.391093,15154.803,148.009,True,True,,0.0,9.990856690045291e-05,True,True,True,True,,0.0,0.0,0.0,1,1,0.28332,0.6,1.06,P1,지연·현물조달,False,5037.34,2029,3118.5,150.866562,15447.392,15447.392,19609.977,102.391093,150.866562,202.085304,21656.41,20691.735,24854.32,5244.343,903.823,-60.852,-0.0,191.52034,40.653778,160.288034,9.421472,0.0,0.0,0.0,0.0,0.0,102.391093,19609.977,7.581161,18.392124,2630.459,260.812,2993.129,15741.64,0.0,-5244.343,-890.123,-44.182,100,True,25.913749
KOBE_STEEL_JP,Kobe Steel,JP,5.96,14.3,DISCLOSED_PATH,DISCLOSED_PATH,PORT-9862FC05DA24,CAND-314B41E5534D98,P3,PORT-9862FC05DA24,105.301092,18546.646,176.129668,True,True,,0.0,9.990856690045291e-05,True,True,True,True,,0.0,0.0,0.0,1,1,0.3612199999999999,0.6,1.54,P3,균형형 라이트헤지,False,6178.04,2029,3118.5,179.227139,18872.814,18872.814,21381.966,105.301092,179.227139,214.146273,24854.921,22549.837,25058.989,3677.023,2268.7,-36.384,-0.0,203.055503,23.828364,201.117552,21.890412,0.0,0.0,0.0,0.0,0.0,105.301092,21381.966,8.266207,20.054066,3258.326,300.432,2570.824,18568.031,96.846,-3677.023,-2254.705,10.082,100,True,126.764587
KOBE_STEEL_JP,Kobe Steel,JP,5.96,14.3,ACCELERATED_15C,DISCLOSED_PATH,PORT-9862FC05DA24,CAND-314B41E5534D98,P3,PORT-9862FC05DA24,105.301092,17627.204,167.398115,True,True,,0.0,9.990856690045291e-05,True,True,True,True,,0.0,0.0,0.0,1,1,0.3612199999999999,0.6,1.54,P3,균형형 라이트헤지,False,6178.04,2029,3118.5,170.095211,17911.212,17911.212,20679.214,105.301092,170.095211,221.33629,26531.805,23306.953,26074.956,5395.742,3160.988,-63.864,0.0,196.381765,26.286554,200.720271,30.62506,0.0,0.0,0.0,0.0,0.0,105.301092,20679.214,7.994525,19.394958,3775.018,300.432,2715.913,19690.093,103.303,-5395.742,-3284.769,6.963,100,True,45.142398
KOBE_STEEL_JP,Kobe Steel,JP,5.96,14.3,DISCLOSED_PATH,DISCLOSED_PATH,PORT-9862FC05DA24,CAND-CE22CF7F8F72DA,P2,PORT-9862FC05DA24,105.301092,19272.91,183.02669,True,True,,0.0,9.990856690045291e-05,True,True,True,True,,0.0,0.0,0.0,1,1,0.3612199999999999,0.6,1.54,P2,지연·부분헤지,False,6178.04,2029,3118.5,186.866122,19677.207,19677.207,22858.028,105.301092,186.866122,221.785257,24872.899,23354.23,26535.051,3677.023,1468.935,-49.735,0.0,217.07304,30.206918,201.288285,14.422162,0.0,0.0,0.0,0.0,0.0,105.301092,22858.028,8.836848,21.438459,3907.438,300.432,2460.147,18281.286,28.499,-3677.023,-1616.726,-6.847,100,True,134.40357
KOBE_STEEL_JP,Kobe Steel,JP,5.96,14.3,ACCELERATED_15C,DISCLOSED_PATH,PORT-9862FC05DA24,CAND-CE22CF7F8F72DA,P2,PORT-9862FC05DA24,105.301092,18743.254,177.996762,True,True,,0.0,9.990856690045291e-05,True,True,True,True,,0.0,0.0,0.0,1,1,0.3612199999999999,0.6,1.54,P2,지연·부분헤지,False,6178.04,2029,3118.5,181.439371,19105.764,19105.764,22712.569,105.301092,181.439371,232.68045,26551.92,24501.506,28108.311,5395.742,1963.633,-86.781,0.0,215.691679,34.252308,200.911288,19.471917,0.0,0.0,0.0,0.0,0.0,105.301092,22712.569,8.780614,21.302034,3271.509,300.432,2823.756,20012.52,30.296,-5395.742,-1945.908,8.901,100,True,56.486558
KOBE_STEEL_JP,Kobe Steel,JP,5.96,14.3,DISCLOSED_PATH,DISCLOSED_PATH,PORT-9862FC05DA24,CAND-B3597FD7767497,P1,PORT-9862FC05DA24,105.301092,19771.105,187.757835,True,True,,0.0,9.990856690045291e-05,True,True,True,True,,0.0,0.0,0.0,1,1,0.3612199999999999,0.6,1.54,P1,지연·현물조달,False,6178.04,2029,3118.5,192.108513,20229.236,20229.236,23924.125,105.301092,192.108513,227.027647,24906.662,23906.259,27601.148,3677.023,932.629,-67.774,-0.0,227.197307,35.088794,201.608915,9.500401,0.0,0.0,0.0,0.0,0.0,105.301092,23924.125,9.248998,22.438347,3995.718,300.432,2451.259,18275.732,0.0,-3677.023,-1117.764,0.882,100,True,139.645961
KOBE_STEEL_JP,Kobe Steel,JP,5.96,14.3,ACCELERATED_15C,DISCLOSED_PATH,PORT-9862FC05DA24,CAND-B3597FD7767497,P1,PORT-9862FC05DA24,105.301092,19500.781,185.19068,True,True,,0.0,9.990856690045291e-05,True,True,True,True,,0.0,0.0,0.0,1,1,0.3612199999999999,0.6,1.54,P1,지연·현물조달,False,6178.04,2029,3118.5,189.201357,19923.11,19923.11,24175.801,105.301092,189.201357,240.442435,26583.222,25318.851,29571.542,5395.742,1165.902,-98.469,-0.0,229.58737,40.386013,201.208551,12.007194,0.0,0.0,0.0,0.0,0.0,105.301092,24175.801,9.346295,22.674393,3280.298,300.432,2835.352,20041.015,0.0,-5395.742,-1146.635,8.389,100,True,64.248544
KOBE_STEEL_JP,Kobe Steel,JP,5.96,14.3,DISCLOSED_PATH,DISCLOSED_PATH,PORT-8384667F6B8E,CAND-9DD8DD0C56A40D,P3,PORT-8384667F6B8E,96.451092,4978.625,51.618125,True,True,,0.0,9.990856690045291e-05,True,True,True,True,,0.0,0.0,0.0,1,1,0.28332,0.6,1.06,P3,균형형 라이트헤지,False,4999.94,2037,3019.5,52.462552,5060.07,5060.07,6296.979,96.451092,52.462552,87.37815,9314.721,8427.718,9664.627,3367.648,884.815,-2.188,0.0,65.286761,12.824209,61.658953,9.196401,0.0,0.0,0.0,0.0,0.0,96.451092,6296.979,2.434394,5.905913,2337.628,148.869,2791.768,4025.478,39.463,-3367.648,-913.071,-2.417,100,True,0.0
KOBE_STEEL_JP,Kobe Steel,JP,5.96,14.3,ACCELERATED_15C,DISCLOSED_PATH,PORT-8384667F6B8E,CAND-9DD8DD0C56A40D,P3,PORT-8384667F6B8E,96.451092,3812.491,39.527711,False,False,2035,0.6138637290849003,-0.6138637290849003,True,True,True,True,,0.0,0.0,0.0,1,1,0.28332,0.6,1.06,P3,균형형 라이트헤지,False,4999.94,2037,3019.5,40.296145,3886.607,3886.607,5201.163,96.451092,40.296145,91.561281,10015.495,8831.185,10145.741,4944.578,1149.367,-34.942,-0.0,53.92539,13.629245,52.575004,12.278858,0.0,0.0,0.0,0.0,0.0,96.451092,5201.163,2.010755,4.878151,2337.628,148.869,3065.762,4425.463,42.197,-4944.578,-1190.418,1.685,100,True,-84.656668
KOBE_STEEL_JP,Kobe Steel,JP,5.96,14.3,DISCLOSED_PATH,DISCLOSED_PATH,PORT-8384667F6B8E,CAND-7F0A690E87B72D,P2,PORT-8384667F6B8E,96.451092,5119.663,53.080408,True,True,,0.0,9.990856690045291e-05,True,True,True,True,,0.0,0.0,0.0,1,1,0.28332,0.6,1.06,P2,지연·부분헤지,False,4999.94,2037,3019.5,54.178158,5225.542,5225.542,6774.256,96.451092,54.178158,89.093756,9307.071,8593.19,10141.904,3367.648,717.557,3.676,0.0,70.235144,16.056986,61.579641,7.401483,0.0,0.0,0.0,0.0,0.0,96.451092,6774.256,2.618908,6.35355,2030.323,148.869,3194.625,3859.375,12.756,-3367.648,-657.665,4.908,100,True,1.715606
KOBE_STEEL_JP,Kobe Steel,JP,5.96,14.3,ACCELERATED_15C,DISCLOSED_PATH,PORT-8384667F6B8E,CAND-7F0A690E87B72D,P2,PORT-8384667F6B8E,96.451092,4027.512,41.757041,False,False,2035,0.6138637290849003,-0.6138637290849003,True,True,True,True,,0.0,0.0,0.0,1,1,0.28332,0.6,1.06,P2,지연·부분헤지,False,4999.94,2037,3019.5,42.715608,4119.967,4119.967,5800.204,96.451092,42.715608,93.980743,10005.438,9064.545,10744.782,4944.578,907.706,-33.187,-0.0,60.136216,17.420608,52.470736,9.755129,0.0,0.0,0.0,0.0,0.0,96.451092,5800.204,2.242342,5.439989,2664.089,148.869,3469.901,3785.359,13.571,-4944.578,-1015.856,-1.387,100,True,-82.237205
KOBE_STEEL_JP,Kobe Steel,JP,5.96,14.3,DISCLOSED_PATH,DISCLOSED_PATH,PORT-8384667F6B8E,CAND-D80CE96AA3B5C1,P1,PORT-8384667F6B8E,96.451092,5217.907,54.098993,True,True,,0.0,9.990856690045291e-05,True,True,True,True,,0.0,0.0,0.0,1,1,0.28332,0.6,1.06,P1,지연·현물조달,False,4999.94,2037,3019.5,55.409736,5344.329,5344.329,7124.455,96.451092,55.409736,90.325333,9305.964,8711.977,10492.103,3367.648,612.116,18.129,0.0,73.865986,18.456251,61.568165,6.15843,0.0,0.0,0.0,0.0,0.0,96.451092,7124.455,2.754294,6.682,2371.248,148.869,2728.251,4085.536,0.0,-3367.648,-627.737,5.811,100,True,2.947184
KOBE_STEEL_JP,Kobe Steel,JP,5.96,14.3,ACCELERATED_15C,DISCLOSED_PATH,PORT-8384667F6B8E,CAND-D80CE96AA3B5C1,P1,PORT-8384667F6B8E,96.451092,4175.21,43.288359,False,False,2035,0.6138637290849003,-0.6138637290849003,True,True,True,True,,0.0,0.0,0.0,1,1,0.28332,0.6,1.06,P1,지연·현물조달,False,4999.94,2037,3019.5,44.415002,4283.875,4283.875,6244.121,96.451092,44.415002,95.680138,9998.399,9228.454,11188.699,4944.578,753.129,-16.816,0.0,64.738725,20.323723,52.397758,7.982756,0.0,0.0,0.0,0.0,0.0,96.451092,6244.121,2.413959,5.856337,2715.823,148.869,3512.793,3735.968,0.0,-4944.578,-887.377,2.378,100,True,-80.537811
KOBE_STEEL_JP,Kobe Steel,JP,5.96,14.3,DISCLOSED_PATH,DISCLOSED_PATH,PORT-8A59F01B884D,CAND-B51B2DE2F2D28C,P4,PORT-8A59F01B884D,114.781594,15757.538,137.282794,True,False,,0.0,9.990856690045291e-05,False,False,True,True,2028,0.0,0.012250011000000005,0.0,1,1,0.28332,0.6,1.06,P4,균형형 전환,False,5037.34,2028,3118.5,139.053349,15960.765,15960.765,17927.019,114.781594,139.053349,173.868264,22662.495,19956.876,21923.13,3996.111,2708.005,2.386,-0.0,156.183743,17.130394,162.625235,23.571886,0.0,0.0,0.0,0.0,0.0,114.781594,17927.019,6.930534,16.813684,2747.717,294.906,3072.076,16319.401,202.912,-3996.111,-2678.49,-1.645,100,True,86.590797
KOBE_STEEL_JP,Kobe Steel,JP,5.96,14.3,ACCELERATED_15C,DISCLOSED_PATH,PORT-8A59F01B884D,CAND-B51B2DE2F2D28C,P4,PORT-8A59F01B884D,114.781594,14200.239,123.715296,True,True,,0.0,9.990856690045291e-05,True,True,True,True,,0.0,0.0,0.0,1,1,0.28332,0.6,1.06,P4,균형형 전환,False,5037.34,2028,3118.5,125.535458,14409.16,14409.16,16344.883,114.781594,125.535458,176.362955,24075.969,20243.221,22178.944,5834.061,3843.523,10.775,0.0,142.399863,16.864404,158.92712,33.391662,0.0,0.0,0.0,0.0,0.0,114.781594,16344.883,6.318885,15.329805,2747.717,294.906,3370.512,17445.072,215.704,-5834.061,-3818.953,-11.737,100,True,0.582645
KOBE_STEEL_JP,Kobe Steel,JP,5.96,14.3,DISCLOSED_PATH,DISCLOSED_PATH,PORT-F194BB679477,CAND-0E9003448A63C3,P7,PORT-F194BB679477,131.48782,19837.419,150.868867,True,False,,0.0,9.990856690045291e-05,False,False,True,True,2028,0.0,0.012250011000000005,0.0,1,1,0.3612199999999999,0.6,1.54,P7,완전 수소·계약형,False,6178.04,2028,3118.5,151.01111,19856.122,19856.122,20023.492,131.48782,151.01111,185.903756,31841.571,24444.08,24611.45,4587.958,7397.491,0.0,0.0,152.284002,1.272893,207.271004,56.259894,0.0,0.0,0.0,0.0,0.0,131.48782,20023.492,7.741025,18.779958,3537.877,384.34,3200.302,23429.454,1295.513,-4587.958,-7399.104,-4.302,100,True,98.548558
KOBE_STEEL_JP,Kobe Steel,JP,5.96,14.3,ACCELERATED_15C,DISCLOSED_PATH,PORT-F194BB679477,CAND-0E9003448A63C3,P7,PORT-F194BB679477,131.48782,16410.005,124.802469,True,True,,0.0,9.990856690045291e-05,True,True,True,True,,0.0,0.0,0.0,1,1,0.3612199999999999,0.6,1.54,P7,완전 수소·계약형,False,6178.04,2028,3118.5,124.952813,16429.773,16429.773,16574.628,131.48782,124.952813,175.978245,33992.385,23138.996,23283.851,6709.223,10853.389,0.0,0.0,126.054472,1.101659,207.495734,82.542921,0.0,0.0,0.0,0.0,0.0,131.48782,16574.628,6.407704,15.545281,3537.877,384.34,3504.648,25188.96,1384.082,-6709.223,-10856.329,-4.582,100,True,0.0
KOBE_STEEL_JP,Kobe Steel,JP,5.96,14.3,DISCLOSED_PATH,DISCLOSED_PATH,PORT-6AF097B8F6F8,CAND-C9A7A01CF97824,P6,PORT-6AF097B8F6F8,124.953456,19282.898,154.320643,True,False,,0.0,9.990856690045291e-05,False,False,True,True,2028,0.0,0.012250011000000005,0.0,1,1,0.3612199999999999,0.6,1.54,P6,조기 고헤지,False,6178.04,2028,3118.5,154.980677,19365.371,19365.371,19914.012,124.953456,154.980677,189.837983,30026.348,23720.912,24269.552,4355.541,6309.682,4.247,0.0,159.371434,4.390757,205.442951,50.462274,0.0,0.0,0.0,0.0,0.0,124.953456,19914.012,7.6987,18.677277,3453.001,364.57,3041.891,22283.293,858.939,-4355.541,-6298.92,18.139,100,True,102.518125
KOBE_STEEL_JP,Kobe Steel,JP,5.96,14.3,ACCELERATED_15C,DISCLOSED_PATH,PORT-6AF097B8F6F8,CAND-C9A7A01CF97824,P6,PORT-6AF097B8F6F8,124.953456,16389.379,131.163871,True,True,,0.0,9.990856690045291e-05,True,True,True,True,,0.0,0.0,0.0,1,1,0.3612199999999999,0.6,1.54,P6,조기 고헤지,False,6178.04,2028,3118.5,131.817168,16471.011,16471.011,16950.359,124.953456,131.817168,182.779783,32056.122,22838.966,23318.314,6367.955,9217.157,0.0,-0.0,135.653386,3.836218,205.581887,73.764719,0.0,0.0,0.0,0.0,0.0,124.953456,16950.359,6.55296,15.897679,3453.001,364.57,3333.678,23969.268,917.559,-6367.955,-9210.831,11.72,100,True,6.864355
KOBE_STEEL_JP,Kobe Steel,JP,5.96,14.3,DISCLOSED_PATH,DISCLOSED_PATH,PORT-0095E30DB97C,CAND-DDE822F7D41D2E,P5,PORT-0095E30DB97C,118.419093,19329.235,163.227356,True,False,,0.0,9.990856690045291e-05,False,False,True,True,2028,0.0,0.012250011000000005,0.0,1,1,0.3612199999999999,0.6,1.54,P5,조기 계약형 전환,False,6178.04,2028,3118.5,164.660512,19498.948,19498.948,20754.586,118.419093,164.660512,199.478991,28318.074,23622.121,24877.759,4123.173,4708.01,12.057,-0.0,175.263852,10.60334,204.31588,39.655368,0.0,0.0,0.0,0.0,0.0,118.419093,20754.586,8.023664,19.465649,3362.189,345.83,2903.215,21304.366,447.573,-4123.173,-4705.653,-35.398,100,True,112.19796
KOBE_STEEL_JP,Kobe Steel,JP,5.96,14.3,ACCELERATED_15C,DISCLOSED_PATH,PORT-0095E30DB97C,CAND-DDE822F7D41D2E,P5,PORT-0095E30DB97C,118.419093,17219.924,145.415098,True,True,,0.0,9.990856690045291e-05,True,True,True,True,,0.0,0.0,0.0,1,1,0.3612199999999999,0.6,1.54,P5,조기 계약형 전환,False,6178.04,2028,3118.5,146.879895,17393.384,17393.384,18563.438,118.419093,146.879895,197.748303,30227.328,23417.175,24587.229,6023.791,6817.521,7.367,0.0,156.760517,9.880622,204.388808,57.508914,0.0,0.0,0.0,0.0,0.0,118.419093,18563.438,7.176572,17.410579,3330.372,345.83,3181.222,22848.608,477.943,-6023.791,-6797.184,30.384,100,True,21.927082
KOBE_STEEL_JP,Kobe Steel,JP,5.96,14.3,DISCLOSED_PATH,DISCLOSED_PATH,PORT-0095E30DB97C,CAND-352C3A40240600,P4,PORT-0095E30DB97C,118.419093,20394.844,172.225976,True,False,,0.0,9.990856690045291e-05,False,False,True,True,2028,0.0,0.012250011000000005,0.0,1,1,0.3612199999999999,0.6,1.54,P4,균형형 전환,False,6178.04,2028,3118.5,174.708857,20688.864,20688.864,22793.421,118.419093,174.708857,209.527335,28245.517,24812.037,26916.594,4123.173,3454.543,21.063,0.0,192.480967,17.77211,203.703165,28.994308,0.0,0.0,0.0,0.0,0.0,118.419093,22793.421,8.811872,21.377865,3310.275,345.83,2920.58,21348.117,252.15,-4123.173,-3421.628,56.714,100,True,122.246305
KOBE_STEEL_JP,Kobe Steel,JP,5.96,14.3,ACCELERATED_15C,DISCLOSED_PATH,PORT-0095E30DB97C,CAND-352C3A40240600,P4,PORT-0095E30DB97C,118.419093,18902.043,159.619897,True,True,,0.0,9.990856690045291e-05,True,True,True,True,,0.0,0.0,0.0,1,1,0.3612199999999999,0.6,1.54,P4,균형형 전환,False,6178.04,2028,3118.5,162.281584,19217.238,19217.238,21264.634,118.419093,162.281584,213.149993,30159.414,25241.029,27288.424,6023.791,4933.087,14.702,-0.0,179.57099,17.289405,203.815302,41.533717,0.0,0.0,0.0,0.0,0.0,118.419093,21264.634,8.220847,19.94402,3355.727,345.83,3199.868,23054.77,269.054,-6023.791,-4934.085,-50.135,100,True,37.328771
KOBE_STEEL_JP,Kobe Steel,JP,5.96,14.3,DISCLOSED_PATH,DISCLOSED_PATH,PORT-3DA05887C62D,CAND-17BC99375C7C5C,P1,PORT-3DA05887C62D,93.541093,1137.237,12.157617,True,False,,0.0,9.990856690045291e-05,False,False,True,True,2037,0.9639992259999994,0.0,0.0,1,1,0.19591999999999998,0.6,0.58,P1,지연·현물조달,False,3859.24,2029,1940.4,13.506581,1263.42,1263.42,1926.249,93.541093,13.506581,48.425807,4950.324,4529.803,5192.632,3266.383,428.998,8.477,0.0,20.592547,7.085966,18.002157,4.495576,0.0,0.0,0.0,0.0,0.0,93.541093,1926.249,0.744682,1.806622,1691.766,109.248,3160.775,0.0,0.0,-3266.383,-421.962,-10.024,100,True,-38.955971
KOBE_STEEL_JP,Kobe Steel,JP,5.96,14.3,ACCELERATED_15C,DISCLOSED_PATH,PORT-3DA05887C62D,CAND-17BC99375C7C5C,P1,PORT-3DA05887C62D,93.541093,-170.768,-1.825594,False,False,2035,0.6138637290849003,-0.6138637290849003,True,True,True,True,,0.0,0.0,0.0,1,1,0.19591999999999998,0.6,0.58,P1,지연·현물조달,False,3859.24,2029,1940.4,-0.405445,-37.926,-37.926,656.763,93.541093,-0.405445,50.835989,5251.876,4755.254,5449.942,4793.18,514.983,18.361,0.0,7.021113,7.426558,4.903688,5.309133,0.0,0.0,0.0,0.0,0.0,93.541093,656.763,0.253903,0.615975,2314.034,109.248,3034.647,0.0,0.0,-4793.18,-693.187,-9.488,100,True,-125.358258
KOBE_STEEL_JP,Kobe Steel,JP,5.96,14.3,DISCLOSED_PATH,DISCLOSED_PATH,PORT-5EAB84C29074,CAND-202E0A81514742,P2,PORT-5EAB84C29074,85.5131,14825.492,173.371009,False,False,2040,0.1489979539999986,-0.1489979539999986,True,True,True,True,,0.0,0.0,0.0,1,1,0.25216000000000005,0.6,0.8999999999999999,P2,지연·부분헤지,False,3997.29,2029,3118.5,175.918167,15043.308,15043.308,18395.37,85.5131,175.918167,210.865108,19112.064,18031.729,21383.791,2988.421,1008.243,-72.091,-0.0,215.117564,39.199398,188.551727,12.63356,0.0,0.0,0.0,0.0,0.0,85.5131,18395.37,7.111597,17.252949,2119.522,232.512,2001.656,14657.128,21.578,-2988.421,-994.625,-6.041,100,True,123.455615
KOBE_STEEL_JP,Kobe Steel,JP,5.96,14.3,ACCELERATED_15C,DISCLOSED_PATH,PORT-5EAB84C29074,CAND-202E0A81514742,P2,PORT-5EAB84C29074,85.5131,14326.694,167.538008,False,False,2040,3.128997953999999,-3.128997953999999,True,True,True,True,,0.0,0.0,0.0,1,1,0.25216000000000005,0.6,0.8999999999999999,P2,지연·부분헤지,False,3997.29,2029,3118.5,170.29116,14562.125,14562.125,18062.293,85.5131,170.29116,221.350369,20298.25,18928.356,22428.525,4366.231,1362.398,-7.496,0.0,211.222532,40.931372,186.310859,16.019699,0.0,0.0,0.0,0.0,0.0,85.5131,18062.293,6.982831,16.940557,1998.305,232.512,2210.932,15767.648,22.892,-4366.231,-1310.88,6.949,100,True,45.338347
KOBE_STEEL_JP,Kobe Steel,JP,5.96,14.3,DISCLOSED_PATH,DISCLOSED_PATH,PORT-661396C334A7,CAND-20911E55FBB215,P3,PORT-661396C334A7,45.121088,3682.591,81.615735,False,False,2030,3.7213640190848984,-3.7213640190848984,True,True,True,True,,0.0,0.0,0.0,1,1,0.25216000000000005,0.6,0.8999999999999999,P3,균형형 라이트헤지,False,3925.79,2037,3019.5,82.575905,3725.915,3725.915,4588.057,45.121088,82.575905,117.443636,5918.767,5299.185,6161.327,1573.27,616.371,-3.211,0.0,101.683213,19.107308,96.307441,13.731536,0.0,0.0,0.0,0.0,0.0,45.121088,4588.057,1.77373,4.303122,1214.084,40.609,605.733,3998.938,24.282,-1573.27,-576.329,-8.132,100,True,30.113353
KOBE_STEEL_JP,Kobe Steel,JP,5.96,14.3,ACCELERATED_15C,DISCLOSED_PATH,PORT-661396C334A7,CAND-20911E55FBB215,P3,PORT-661396C334A7,45.121088,3163.697,70.1157,False,False,2030,4.891364019084899,-4.891364019084899,True,True,True,True,,0.0,0.0,0.0,1,1,0.25216000000000005,0.6,0.8999999999999999,P3,균형형 라이트헤지,False,3925.79,2037,3019.5,71.106403,3208.398,3208.398,4133.91,45.121088,71.106403,122.697165,6378.046,5536.23,6461.742,2327.831,846.701,4.884,0.0,91.618146,20.511743,89.763233,18.65683,0.0,0.0,0.0,0.0,0.0,45.121088,4133.91,1.598158,3.877179,2164.478,40.609,573.9,3779.227,26.042,-2327.831,-1046.996,-1.03,100,True,-53.84641
KOBE_STEEL_JP,Kobe Steel,JP,5.96,14.3,DISCLOSED_PATH,DISCLOSED_PATH,PORT-661396C334A7,CAND-344C7E39FA18A3,P1,PORT-661396C334A7,45.121088,3926.654,87.024798,False,False,2030,3.7213640190848984,-3.7213640190848984,True,True,True,True,,0.0,0.0,0.0,1,1,0.25216000000000005,0.6,0.8999999999999999,P1,지연·현물조달,False,3925.79,2037,3019.5,88.430209,3990.067,3990.067,5247.336,45.121088,88.430209,123.29794,5917.194,5563.337,6820.606,1573.27,342.617,-11.24,0.0,116.294544,27.864335,96.27259,7.842381,0.0,0.0,0.0,0.0,0.0,45.121088,5247.336,2.028605,4.921457,1569.267,40.609,564.587,3765.074,0.0,-1573.27,-395.921,19.721,100,True,35.967657
KOBE_STEEL_JP,Kobe Steel,JP,5.96,14.3,ACCELERATED_15C,DISCLOSED_PATH,PORT-661396C334A7,CAND-344C7E39FA18A3,P1,PORT-661396C334A7,45.121088,3540.297,78.462134,False,False,2030,4.891364019084899,-4.891364019084899,True,True,True,True,,0.0,0.0,0.0,1,1,0.25216000000000005,0.6,0.8999999999999999,P1,지연·현물조달,False,3925.79,2037,3019.5,80.19452,3618.464,3618.464,5017.581,45.121088,80.19452,131.785282,6367.515,5946.295,7345.412,2327.831,428.377,7.157,0.0,111.202574,31.008054,89.529835,9.335316,0.0,0.0,0.0,0.0,0.0,45.121088,5017.581,1.939783,4.705971,1156.98,40.609,680.878,4431.46,0.0,-2327.831,-361.08,-2.55,100,True,-44.758293
KOBE_STEEL_JP,Kobe Steel,JP,5.96,14.3,DISCLOSED_PATH,DISCLOSED_PATH,PORT-ED997010A5D3,CAND-7994EC1E34FADB,P4,PORT-ED997010A5D3,93.684102,15219.838,162.45913,False,False,2040,0.1489979539999986,-0.1489979539999986,False,False,True,True,2028,0.0,0.012250011000000005,0.0,1,1,0.25216000000000005,0.6,0.8999999999999999,P4,균형형 전환,False,3997.29,2028,3118.5,164.68603,15428.463,15428.463,17356.676,93.684102,164.68603,199.474819,21218.603,18687.619,20615.833,3259.156,2526.187,-4.797,0.0,185.268108,20.582078,191.70218,27.01615,0.0,0.0,0.0,0.0,0.0,93.684102,17356.676,6.710041,16.278762,2234.798,258.532,2238.849,16319.401,188.977,-3259.156,-2526.973,-25.963,100,True,112.223478
KOBE_STEEL_JP,Kobe Steel,JP,5.96,14.3,ACCELERATED_15C,DISCLOSED_PATH,PORT-ED997010A5D3,CAND-7994EC1E34FADB,P4,PORT-ED997010A5D3,93.684102,13960.332,149.01495,False,False,2040,3.128997953999999,-3.128997953999999,True,True,True,True,,0.0,0.0,0.0,1,1,0.25216000000000005,0.6,0.8999999999999999,P4,균형형 전환,False,3997.29,2028,3118.5,151.332507,14177.45,14177.45,16084.559,93.684102,151.332507,201.860069,22540.978,18911.079,20818.189,4733.629,3637.799,7.901,-0.0,171.689315,20.356809,190.07866,38.746154,0.0,0.0,0.0,0.0,0.0,93.684102,16084.559,6.218245,15.085648,1846.407,258.532,2471.102,17654.183,200.782,-4733.629,-3539.513,19.586,100,True,26.379694
KOBE_STEEL_JP,Kobe Steel,JP,5.96,14.3,DISCLOSED_PATH,DISCLOSED_PATH,PORT-5EAB84C29074,CAND-88A58A95717947,P1,PORT-5EAB84C29074,85.5131,15223.673,178.027382,False,False,2040,0.1489979539999986,-0.1489979539999986,True,True,True,True,,0.0,0.0,0.0,1,1,0.25216000000000005,0.6,0.8999999999999999,P1,지연·현물조달,False,3997.29,2029,3118.5,180.892144,15468.648,15468.648,19346.668,85.5131,180.892144,215.839086,19131.877,18457.069,22335.09,2988.421,562.397,-112.411,-0.0,226.242161,45.350017,188.783428,7.891283,0.0,0.0,0.0,0.0,0.0,85.5131,19346.668,7.479367,18.145168,2651.169,232.512,1966.434,14315.833,0.0,-2988.421,-720.189,11.31,100,True,128.429592
KOBE_STEEL_JP,Kobe Steel,JP,5.96,14.3,ACCELERATED_15C,DISCLOSED_PATH,PORT-5EAB84C29074,CAND-88A58A95717947,P1,PORT-5EAB84C29074,85.5131,14931.22,174.607399,False,False,2040,3.128997953999999,-3.128997953999999,True,True,True,True,,0.0,0.0,0.0,1,1,0.25216000000000005,0.6,0.8999999999999999,P1,지연·현물조달,False,3997.29,2029,3118.5,177.831651,15206.936,15206.936,19312.598,85.5131,177.831651,228.890861,20312.153,19573.167,23678.829,4366.231,703.107,-35.879,-0.0,225.843733,48.012081,186.473442,8.641791,0.0,0.0,0.0,0.0,0.0,85.5131,19312.598,7.466195,18.113213,2127.691,232.512,2192.091,15741.64,0.0,-4366.231,-714.965,-5.801,100,True,52.878838
KOBE_STEEL_JP,Kobe Steel,JP,5.96,14.3,DISCLOSED_PATH,DISCLOSED_PATH,PORT-5EAB84C29074,CAND-8D7AF2E68805C6,P3,PORT-5EAB84C29074,85.5131,14244.764,166.579905,False,False,2040,0.1489979539999986,-0.1489979539999986,True,True,True,True,,0.0,0.0,0.0,1,1,0.25216000000000005,0.6,0.8999999999999999,P3,균형형 라이트헤지,False,3997.29,2029,3118.5,168.648347,14421.643,14421.643,17074.861,85.5131,168.648347,203.595288,19099.014,17410.064,20063.283,2988.421,1643.067,-45.883,0.0,199.675386,31.02704,188.399121,19.750774,0.0,0.0,0.0,0.0,0.0,85.5131,17074.861,6.601093,16.014449,2485.335,232.512,1973.163,14358.367,74.057,-2988.421,-1715.126,1.756,100,True,116.185795
KOBE_STEEL_JP,Kobe Steel,JP,5.96,14.3,ACCELERATED_15C,DISCLOSED_PATH,PORT-5EAB84C29074,CAND-8D7AF2E68805C6,P3,PORT-5EAB84C29074,85.5131,13435.753,157.119237,False,False,2040,3.128997953999999,-3.128997953999999,True,True,True,True,,0.0,0.0,0.0,1,1,0.25216000000000005,0.6,0.8999999999999999,P3,균형형 라이트헤지,False,3997.29,2029,3118.5,159.249261,13617.898,13617.898,16321.503,85.5131,159.249261,210.308471,20299.471,17984.129,20687.734,4366.231,2330.393,15.051,-0.0,190.865523,31.616262,186.325139,27.075878,0.0,0.0,0.0,0.0,0.0,85.5131,16321.503,6.309846,15.307876,2107.268,232.512,2185.904,15687.775,78.779,-4366.231,-2301.078,-7.029,100,True,34.296448
KOBE_STEEL_JP,Kobe Steel,JP,5.96,14.3,DISCLOSED_PATH,DISCLOSED_PATH,PORT-661396C334A7,CAND-9D068D97FB272C,P2,PORT-661396C334A7,45.121088,3827.194,84.820518,False,False,2030,3.7213640190848984,-3.7213640190848984,True,True,True,True,,0.0,0.0,0.0,1,1,0.25216000000000005,0.6,0.8999999999999999,P2,지연·부분헤지,False,3925.79,2037,3019.5,86.032085,3881.861,3881.861,4969.756,45.121088,86.032085,120.899817,5915.948,5455.131,6543.026,1573.27,442.67,-18.147,0.0,110.14265,24.110564,96.244977,10.212892,0.0,0.0,0.0,0.0,0.0,45.121088,4969.756,1.921294,4.661116,1548.587,40.609,566.591,3773.097,7.479,-1573.27,-494.754,13.523,100,True,33.569533
KOBE_STEEL_JP,Kobe Steel,JP,5.96,14.3,ACCELERATED_15C,DISCLOSED_PATH,PORT-661396C334A7,CAND-9D068D97FB272C,P2,PORT-661396C334A7,45.121088,3387.857,75.083668,False,False,2030,4.891364019084899,-4.891364019084899,True,True,True,True,,0.0,0.0,0.0,1,1,0.25216000000000005,0.6,0.8999999999999999,P2,지연·부분헤지,False,3925.79,2037,3019.5,76.457599,3449.85,3449.85,4645.389,45.121088,76.457599,128.048362,6368.842,5777.681,6973.22,2327.831,584.217,-6.943,0.0,102.953827,26.496228,89.559238,13.101639,0.0,0.0,0.0,0.0,0.0,45.121088,4645.389,1.795894,4.356893,1182.109,40.609,676.012,4411.302,7.969,-2327.831,-538.961,-1.359,100,True,-48.495214
KOBE_STEEL_JP,Kobe Steel,JP,5.96,14.3,DISCLOSED_PATH,DISCLOSED_PATH,PORT-D7B02E3224C4,CAND-B928C0FFDA3842,P1,PORT-D7B02E3224C4,76.663099,670.475,8.745735,False,False,2040,0.886498003999999,-0.886498003999999,True,True,True,True,,0.0,0.0,0.0,1,1,0.1609600000000001,0.6,0.42000000000000004,P1,지연·현물조달,False,2819.19,2029,1940.4,10.198175,781.824,781.824,1334.645,76.663099,10.198175,45.143878,3732.21,3460.87,4013.691,2679.046,258.964,-12.376,0.0,17.40922,7.211045,13.737558,3.539382,0.0,0.0,0.0,0.0,0.0,76.663099,1334.645,0.51597,1.251758,1066.349,80.948,2543.745,0.0,0.0,-2679.046,-246.345,16.172,100,True,-42.264377
KOBE_STEEL_JP,Kobe Steel,JP,5.96,14.3,ACCELERATED_15C,DISCLOSED_PATH,PORT-D7B02E3224C4,CAND-B928C0FFDA3842,P1,PORT-D7B02E3224C4,76.663099,-394.351,-5.143954,False,False,2035,3.8664980039999994,-3.8664980039999994,True,True,True,True,,0.0,0.0,0.0,1,1,0.1609600000000001,0.6,0.42000000000000004,P1,지연·현물조달,False,2819.19,2029,1940.4,-3.663034,-280.82,-280.82,292.889,76.663099,-3.663034,47.405448,3969.518,3634.249,4207.957,3915.068,310.935,-24.335,0.0,3.820466,7.4835,0.710256,4.373289,0.0,0.0,0.0,0.0,0.0,76.663099,292.889,0.11323,0.274699,1066.349,80.948,2778.269,0.0,0.0,-3915.068,-295.793,4.476,100,True,-128.615847
KOBE_STEEL_JP,Kobe Steel,JP,5.96,14.3,DISCLOSED_PATH,DISCLOSED_PATH,PORT-0CA13428C264,CAND-E9169FB41B03EE,P1,PORT-0CA13428C264,42.211089,-154.017,-3.648723,False,False,2030,3.7213640190848984,-3.7213640190848984,True,True,True,True,,0.0,0.0,0.0,1,1,0.1609600000000001,0.6,0.42000000000000004,P1,지연·현물조달,False,2785.09,2037,1878.8,-3.492105,-147.406,-147.406,143.385,42.211089,-3.492105,31.380367,1470.73,1324.599,1615.39,1472.005,158.01,11.88,0.0,3.39685,6.888954,-0.030212,3.461892,0.0,0.0,0.0,0.0,0.0,42.211089,143.385,0.055432,0.13448,702.244,0.988,766.102,0.0,0.0,-1472.005,-140.637,-4.098,100,True,-55.954657
KOBE_STEEL_JP,Kobe Steel,JP,5.96,14.3,ACCELERATED_15C,DISCLOSED_PATH,PORT-0CA13428C264,CAND-E9169FB41B03EE,P1,PORT-0CA13428C264,42.211089,-805.681,-19.086944,False,False,2030,4.891364019084899,-4.891364019084899,True,True,True,True,,0.0,0.0,0.0,1,1,0.1609600000000001,0.6,0.42000000000000004,P1,지연·현물조달,False,2785.09,2037,1878.8,-18.973618,-800.897,-800.897,-496.462,42.211089,-18.973618,32.587069,1563.802,1375.536,1679.971,2176.433,189.782,1.515,0.0,-11.761412,7.212206,-14.513493,4.460125,0.0,0.0,0.0,0.0,0.0,42.211089,-496.462,-0.191931,-0.46563,884.13,0.988,724.739,0.0,0.0,-2176.433,-234.528,0.207,100,True,-143.926431
KOBE_STEEL_JP,Kobe Steel,JP,5.96,14.3,DISCLOSED_PATH,DISCLOSED_PATH,PORT-B0BA3BE7A418,CAND-F3EC79559B1773,P1,PORT-B0BA3BE7A418,25.333096,-620.778,-24.504632,False,False,2030,5.163998293999999,-5.163998293999999,True,True,True,True,,0.0,0.0,0.0,1,1,0.12448000000000004,0.6,0.26,P1,지연·현물조달,False,1745.04,2029,866.25,-24.125223,-611.167,-611.167,-569.34,25.333096,-24.125223,10.796223,274.839,273.502,315.328,884.668,1.236,-0.102,0.0,-22.474171,1.651052,-24.072422,0.052801,0.0,0.0,0.0,0.0,0.0,25.333096,-569.34,-0.220105,-0.533982,242.471,-27.312,59.792,0.0,0.0,-884.668,-1.413,-0.036,100,True,-76.587775
KOBE_STEEL_JP,Kobe Steel,JP,5.96,14.3,ACCELERATED_15C,DISCLOSED_PATH,PORT-B0BA3BE7A418,CAND-F3EC79559B1773,P1,PORT-B0BA3BE7A418,25.333096,-1029.264,-40.629229,False,False,2030,8.143998294,-8.143998294,True,True,True,True,,0.0,0.0,0.0,1,1,0.12448000000000004,0.6,0.26,P1,지연·현물조달,False,1745.04,2029,866.25,-40.202863,-1018.463,-1018.463,-975.21,25.333096,-40.202863,11.047134,281.701,279.858,323.111,1298.321,1.647,-0.195,0.0,-38.495499,1.707364,-40.130127,0.072736,0.0,0.0,0.0,0.0,0.0,25.333096,-975.21,-0.377013,-0.914646,233.462,-27.312,74.82,0.0,0.0,-1298.321,-1.458,0.346,100,True,-165.155676
