company_id,company_name,scenario_id,plan_id,facility_id,facility_name,region,transition_year,baseline_technology_id,baseline_technology_name,technology_id,technology_name,aligned_capex_bn_krw,incremental_capex_bn_krw,capacity_mtpa,output_mt,baseline_emissions_mtco2,emissions_2030_mtco2,emissions_2040_mtco2,residual_emissions_mtco2,annual_avoided_emissions_mtco2,cumulative_avoided_emissions_mtco2,base_case_gross_cost_bn_krw,base_case_policy_support_bn_krw,base_case_cash_cost_before_support_bn_krw,base_case_net_cash_cost_after_support_bn_krw,base_case_avoided_carbon_cost_value_bn_krw,base_case_net_cost_bn_krw,base_case_capex_cost_bn_krw,base_case_fixed_opex_cost_bn_krw,base_case_electricity_cost_bn_krw,base_case_hydrogen_cost_bn_krw,base_case_contract_premium_bn_krw,base_case_carbon_value_bn_krw,data_status,source_note,portfolio_origin_scenario_id,portfolio_id,carbon_budget_feasible,scenario_feasible,first_budget_breach_year,max_annual_budget_excess_mtco2,minimum_annual_budget_margin_mtco2,physical_constraints_feasible,resource_constraints_feasible,construction_concurrency_feasible,failure_risk_constraint_feasible,first_resource_breach_year,max_scrap_supply_excess_mt,max_hydrogen_supply_excess_mt,max_incremental_grid_excess_twh,max_concurrent_construction_projects,concurrent_construction_limit,portfolio_failure_probability,portfolio_failure_probability_limit,expected_failure_delay_years
POSCO_KR,POSCO,DISCLOSED_PATH,P1,POS-POH-N,포항제철소 BF 블록 A,포항,2029,BF_BOF,기준 BF-BOF 복합 블록,BF_RELINE,BF 개수·효율 패키지,2050.0,410.0,8.2,7.599998,15.775574,14.439996,14.439996,14.439996,1.335578,16.026936,-13.764,0.0,568.557,568.557,582.32,-13.764,330.959,167.344,70.254,0.0,0.0,-582.32,model_estimate,POSCO 공식 국내 생산·배출 총량에 맞춘 설비 블록 배분; 개별 생산량·재투자연도는 추정,DISCLOSED_PATH,PORT-DE64C6FAC717,True,True,,0.0,2.0275124185786808e-05,True,True,True,True,,0.0,0.0,0.0,2,3,0.25895987200000004,0.65,0.74
POSCO_KR,POSCO,DISCLOSED_PATH,P1,POS-POH-S,포항제철소 BF 블록 B,포항,2032,BF_BOF,기준 BF-BOF 복합 블록,BF_RELINE,BF 개수·효율 패키지,1850.0,370.0,7.4,6.800001,14.114992,14.114992,12.920001,12.920001,1.194991,10.754922,9.531,0.0,401.351,401.351,391.819,9.531,254.352,102.858,44.141,0.0,0.0,-391.819,model_estimate,POSCO 공식 국내 생산·배출 총량에 맞춘 설비 블록 배분; 개별 생산량·재투자연도는 추정,DISCLOSED_PATH,PORT-DE64C6FAC717,True,True,,0.0,2.0275124185786808e-05,True,True,True,True,,0.0,0.0,0.0,2,3,0.25895987200000004,0.65,0.74
POSCO_KR,POSCO,DISCLOSED_PATH,P1,POS-GWY-W,광양제철소 BF 블록 A,광양,2035,BF_BOF,기준 BF-BOF 복합 블록,SCRAP_EAF,스크랩 기반 대형 EAF,5768.0,3708.0,10.3,9.499999,19.719471,19.719471,4.275,4.275,15.444471,92.666828,1274.002,325.616,4627.949,4302.332,3353.947,948.385,2170.777,263.8,2193.372,0.0,0.0,-3353.947,model_estimate,POSCO 공식 국내 생산·배출 총량에 맞춘 설비 블록 배분; 개별 생산량·재투자연도는 추정,DISCLOSED_PATH,PORT-DE64C6FAC717,True,True,,0.0,2.0275124185786808e-05,True,True,True,True,,0.0,0.0,0.0,2,3,0.25895987200000004,0.65,0.74
POSCO_KR,POSCO,DISCLOSED_PATH,P1,POS-GWY-E,광양제철소 BF 블록 B,광양,2037,BF_BOF,기준 BF-BOF 복합 블록,SCRAP_EAF,스크랩 기반 대형 EAF,5768.0,3708.0,10.3,9.502996,19.725693,19.725693,4.276348,4.276348,15.449344,61.797377,1297.81,292.551,3515.907,3223.356,2218.097,1005.259,1950.339,166.354,1399.213,0.0,0.0,-2218.097,model_estimate,POSCO 공식 국내 생산·배출 총량에 맞춘 설비 블록 배분; 개별 생산량·재투자연도는 추정,DISCLOSED_PATH,PORT-DE64C6FAC717,True,True,,0.0,2.0275124185786808e-05,True,True,True,True,,0.0,0.0,0.0,2,3,0.25895987200000004,0.65,0.74
POSCO_KR,POSCO,DISCLOSED_PATH,P1,POS-GWY-EAF,광양 기존 EAF 블록,광양,2033,EAF_BASELINE,기존 전기로 기준 블록,EAF_RENEWABLE,기존 EAF 재생전력 업그레이드,312.0,96.0,1.2,1.134,0.5103,0.5103,0.1134,0.1134,0.3969,3.1752,0.246,6.255,115.773,109.517,115.527,-6.009,62.553,14.814,38.405,0.0,0.0,-115.527,model_estimate,2025 공식 EAF 생산 1.135Mt에 맞춘 모델 블록; 집약도·재투자연도 추정,DISCLOSED_PATH,PORT-DE64C6FAC717,True,True,,0.0,2.0275124185786808e-05,True,True,True,True,,0.0,0.0,0.0,2,3,0.25895987200000004,0.65,0.74
POSCO_KR,POSCO,DISCLOSED_PATH,P2,POS-POH-N,포항제철소 BF 블록 A,포항,2029,BF_BOF,기준 BF-BOF 복합 블록,BF_RELINE,BF 개수·효율 패키지,2050.0,410.0,8.2,7.599998,15.775574,14.439996,14.439996,14.439996,1.335578,16.026936,-12.997,0.0,569.324,569.324,582.32,-12.997,330.959,167.344,70.254,0.0,0.767,-582.32,model_estimate,POSCO 공식 국내 생산·배출 총량에 맞춘 설비 블록 배분; 개별 생산량·재투자연도는 추정,DISCLOSED_PATH,PORT-39601EAF8865,True,True,,0.0,2.0275124185786808e-05,True,True,True,True,,0.0,0.0,0.0,2,3,0.33950771199999996,0.65,1.2200000000000002
POSCO_KR,POSCO,DISCLOSED_PATH,P2,POS-POH-S,포항제철소 BF 블록 B,포항,2032,BF_BOF,기준 BF-BOF 복합 블록,BF_RELINE,BF 개수·효율 패키지,1850.0,370.0,7.4,6.800001,14.114992,14.114992,12.920001,12.920001,1.194991,10.754922,10.106,0.0,401.926,401.926,391.819,10.106,254.352,102.858,44.141,0.0,0.575,-391.819,model_estimate,POSCO 공식 국내 생산·배출 총량에 맞춘 설비 블록 배분; 개별 생산량·재투자연도는 추정,DISCLOSED_PATH,PORT-39601EAF8865,True,True,,0.0,2.0275124185786808e-05,True,True,True,True,,0.0,0.0,0.0,2,3,0.33950771199999996,0.65,1.2200000000000002
POSCO_KR,POSCO,DISCLOSED_PATH,P2,POS-GWY-W,광양제철소 BF 블록 A,광양,2035,BF_BOF,기준 BF-BOF 복합 블록,SCRAP_EAF,스크랩 기반 대형 EAF,5768.0,3708.0,10.3,9.499999,19.719471,19.719471,4.275,4.275,15.444471,92.666828,1281.633,326.268,4635.581,4309.313,3353.947,955.366,2170.777,263.8,2193.372,0.0,7.632,-3353.947,model_estimate,POSCO 공식 국내 생산·배출 총량에 맞춘 설비 블록 배분; 개별 생산량·재투자연도는 추정,DISCLOSED_PATH,PORT-39601EAF8865,True,True,,0.0,2.0275124185786808e-05,True,True,True,True,,0.0,0.0,0.0,2,3,0.33950771199999996,0.65,1.2200000000000002
POSCO_KR,POSCO,DISCLOSED_PATH,P2,POS-GWY-E,광양제철소 BF 블록 B,광양,2037,BF_BOF,기준 BF-BOF 복합 블록,H2_DRI_EAF,수소 DRI + EAF,9270.0,7210.0,10.3,9.502996,19.725693,19.725693,1.900599,1.900599,17.825093,71.300373,11451.871,1050.235,14011.059,12960.824,2559.188,10401.636,3792.327,295.74,1153.737,8751.189,18.066,-2559.188,model_estimate,POSCO 공식 국내 생산·배출 총량에 맞춘 설비 블록 배분; 개별 생산량·재투자연도는 추정,DISCLOSED_PATH,PORT-39601EAF8865,True,True,,0.0,2.0275124185786808e-05,True,True,True,True,,0.0,0.0,0.0,2,3,0.33950771199999996,0.65,1.2200000000000002
POSCO_KR,POSCO,DISCLOSED_PATH,P2,POS-GWY-EAF,광양 기존 EAF 블록,광양,2033,EAF_BASELINE,기존 전기로 기준 블록,EAF_RENEWABLE,기존 EAF 재생전력 업그레이드,312.0,96.0,1.2,1.134,0.5103,0.5103,0.1134,0.1134,0.3969,3.1752,0.429,6.268,115.955,109.687,115.527,-5.839,62.553,14.814,38.405,0.0,0.183,-115.527,model_estimate,2025 공식 EAF 생산 1.135Mt에 맞춘 모델 블록; 집약도·재투자연도 추정,DISCLOSED_PATH,PORT-39601EAF8865,True,True,,0.0,2.0275124185786808e-05,True,True,True,True,,0.0,0.0,0.0,2,3,0.33950771199999996,0.65,1.2200000000000002
POSCO_KR,POSCO,DISCLOSED_PATH,P3,POS-POH-N,포항제철소 BF 블록 A,포항,2029,BF_BOF,기준 BF-BOF 복합 블록,BF_RELINE,BF 개수·효율 패키지,2050.0,410.0,8.2,7.599998,15.775574,14.439996,14.439996,14.439996,1.335578,16.026936,-11.71,0.0,570.61,570.61,582.32,-11.71,330.959,167.344,70.254,0.0,2.054,-582.32,model_estimate,POSCO 공식 국내 생산·배출 총량에 맞춘 설비 블록 배분; 개별 생산량·재투자연도는 추정,DISCLOSED_PATH,PORT-AD0B41B0F73F,True,True,,0.0,2.0275124185786808e-05,True,True,True,True,,0.0,0.0,0.0,3,3,0.4113003519999999,0.65,1.7000000000000002
POSCO_KR,POSCO,DISCLOSED_PATH,P3,POS-POH-S,포항제철소 BF 블록 B,포항,2032,BF_BOF,기준 BF-BOF 복합 블록,BF_RELINE,BF 개수·효율 패키지,1850.0,370.0,7.4,6.800001,14.114992,14.114992,12.920001,12.920001,1.194991,10.754922,11.065,0.0,402.885,402.885,391.819,11.065,254.352,102.858,44.141,0.0,1.534,-391.819,model_estimate,POSCO 공식 국내 생산·배출 총량에 맞춘 설비 블록 배분; 개별 생산량·재투자연도는 추정,DISCLOSED_PATH,PORT-AD0B41B0F73F,True,True,,0.0,2.0275124185786808e-05,True,True,True,True,,0.0,0.0,0.0,3,3,0.4113003519999999,0.65,1.7000000000000002
POSCO_KR,POSCO,DISCLOSED_PATH,P3,POS-GWY-W,광양제철소 BF 블록 A,광양,2035,BF_BOF,기준 BF-BOF 복합 블록,H2_DRI_EAF,수소 DRI + EAF,9270.0,7210.0,10.3,9.499999,19.719471,19.719471,1.9,1.9,17.819471,106.916827,16507.886,1792.019,20377.592,18585.573,3869.706,14715.867,4220.954,468.979,1808.57,13797.051,82.038,-3869.706,model_estimate,POSCO 공식 국내 생산·배출 총량에 맞춘 설비 블록 배분; 개별 생산량·재투자연도는 추정,DISCLOSED_PATH,PORT-AD0B41B0F73F,True,True,,0.0,2.0275124185786808e-05,True,True,True,True,,0.0,0.0,0.0,3,3,0.4113003519999999,0.65,1.7000000000000002
POSCO_KR,POSCO,DISCLOSED_PATH,P3,POS-GWY-E,광양제철소 BF 블록 B,광양,2037,BF_BOF,기준 BF-BOF 복합 블록,H2_DRI_EAF,수소 DRI + EAF,9270.0,7210.0,10.3,9.502996,19.725693,19.725693,1.900599,1.900599,17.825093,71.300373,11491.723,1376.256,14050.911,12674.655,2559.188,10115.467,3792.327,295.74,1153.737,8751.189,57.918,-2559.188,model_estimate,POSCO 공식 국내 생산·배출 총량에 맞춘 설비 블록 배분; 개별 생산량·재투자연도는 추정,DISCLOSED_PATH,PORT-AD0B41B0F73F,True,True,,0.0,2.0275124185786808e-05,True,True,True,True,,0.0,0.0,0.0,3,3,0.4113003519999999,0.65,1.7000000000000002
POSCO_KR,POSCO,DISCLOSED_PATH,P3,POS-GWY-EAF,광양 기존 EAF 블록,광양,2033,EAF_BASELINE,기존 전기로 기준 블록,EAF_RENEWABLE,기존 EAF 재생전력 업그레이드,312.0,96.0,1.2,1.134,0.5103,0.5103,0.1134,0.1134,0.3969,3.1752,0.747,6.288,116.274,109.986,115.527,-5.541,62.553,14.814,38.405,0.0,0.501,-115.527,model_estimate,2025 공식 EAF 생산 1.135Mt에 맞춘 모델 블록; 집약도·재투자연도 추정,DISCLOSED_PATH,PORT-AD0B41B0F73F,True,True,,0.0,2.0275124185786808e-05,True,True,True,True,,0.0,0.0,0.0,3,3,0.4113003519999999,0.65,1.7000000000000002
POSCO_KR,POSCO,DISCLOSED_PATH,P4,POS-POH-N,포항제철소 BF 블록 A,포항,2028,BF_BOF,기준 BF-BOF 복합 블록,BF_RELINE,BF 개수·효율 패키지,2050.0,410.0,8.2,7.599998,15.775574,14.439996,14.439996,14.439996,1.335578,17.362514,-10.432,0.0,617.953,617.953,628.385,-10.432,349.162,186.761,77.762,0.0,4.269,-628.385,model_estimate,POSCO 공식 국내 생산·배출 총량에 맞춘 설비 블록 배분; 개별 생산량·재투자연도는 추정,DISCLOSED_PATH,PORT-DDCBA267CA97,True,True,,0.0,2.0275124185786808e-05,True,True,True,True,,0.0,0.0,0.0,3,3,0.4113003519999999,0.65,1.7000000000000002
POSCO_KR,POSCO,DISCLOSED_PATH,P4,POS-POH-S,포항제철소 BF 블록 B,포항,2031,BF_BOF,기준 BF-BOF 복합 블록,BF_RELINE,BF 개수·효율 패키지,1850.0,370.0,7.4,6.800001,14.114992,14.114992,12.920001,12.920001,1.194991,11.949913,3.818,0.0,439.317,439.317,435.499,3.818,268.341,117.653,50.138,0.0,3.185,-435.499,model_estimate,POSCO 공식 국내 생산·배출 총량에 맞춘 설비 블록 배분; 개별 생산량·재투자연도는 추정,DISCLOSED_PATH,PORT-DDCBA267CA97,True,True,,0.0,2.0275124185786808e-05,True,True,True,True,,0.0,0.0,0.0,3,3,0.4113003519999999,0.65,1.7000000000000002
POSCO_KR,POSCO,DISCLOSED_PATH,P4,POS-GWY-W,광양제철소 BF 블록 A,광양,2034,BF_BOF,기준 BF-BOF 복합 블록,H2_DRI_EAF,수소 DRI + EAF,9270.0,7210.0,10.3,9.499999,19.719471,19.719471,1.9,1.9,17.819471,124.736298,19369.028,2655.076,23897.432,21242.356,4528.405,16713.952,4453.107,562.858,2157.145,16509.633,214.689,-4528.405,model_estimate,POSCO 공식 국내 생산·배출 총량에 맞춘 설비 블록 배분; 개별 생산량·재투자연도는 추정,DISCLOSED_PATH,PORT-DDCBA267CA97,True,True,,0.0,2.0275124185786808e-05,True,True,True,True,,0.0,0.0,0.0,3,3,0.4113003519999999,0.65,1.7000000000000002
POSCO_KR,POSCO,DISCLOSED_PATH,P4,POS-GWY-E,광양제철소 BF 블록 B,광양,2036,BF_BOF,기준 BF-BOF 복합 블록,H2_DRI_EAF,수소 DRI + EAF,9270.0,7210.0,10.3,9.502996,19.725693,19.725693,1.900599,1.900599,17.825093,89.125466,14013.195,2005.897,17226.695,15220.798,3213.5,12007.299,4000.905,380.113,1474.45,11215.534,155.693,-3213.5,model_estimate,POSCO 공식 국내 생산·배출 총량에 맞춘 설비 블록 배분; 개별 생산량·재투자연도는 추정,DISCLOSED_PATH,PORT-DDCBA267CA97,True,True,,0.0,2.0275124185786808e-05,True,True,True,True,,0.0,0.0,0.0,3,3,0.4113003519999999,0.65,1.7000000000000002
POSCO_KR,POSCO,DISCLOSED_PATH,P4,POS-GWY-EAF,광양 기존 EAF 블록,광양,2032,EAF_BASELINE,기존 전기로 기준 블록,EAF_RENEWABLE,기존 EAF 재생전력 업그레이드,312.0,96.0,1.2,1.134,0.5103,0.5103,0.1134,0.1134,0.3969,3.5721,-1.722,6.665,128.416,121.75,130.137,-8.387,65.994,17.153,44.167,0.0,1.102,-130.137,model_estimate,2025 공식 EAF 생산 1.135Mt에 맞춘 모델 블록; 집약도·재투자연도 추정,DISCLOSED_PATH,PORT-DDCBA267CA97,True,True,,0.0,2.0275124185786808e-05,True,True,True,True,,0.0,0.0,0.0,3,3,0.4113003519999999,0.65,1.7000000000000002
POSCO_KR,POSCO,DISCLOSED_PATH,P5,POS-POH-N,포항제철소 BF 블록 A,포항,2028,BF_BOF,기준 BF-BOF 복합 블록,BF_RELINE,BF 개수·효율 패키지,2050.0,410.0,8.2,7.599998,15.775574,14.439996,14.439996,14.439996,1.335578,17.362514,-7.666,0.0,620.719,620.719,628.385,-7.666,349.162,186.761,77.762,0.0,7.035,-628.385,model_estimate,POSCO 공식 국내 생산·배출 총량에 맞춘 설비 블록 배분; 개별 생산량·재투자연도는 추정,DISCLOSED_PATH,PORT-C07B5FF15869,True,True,,0.0,2.0275124185786808e-05,True,True,True,True,,0.0,0.0,0.0,3,3,0.49715238399999995,0.65,2.3400000000000003
POSCO_KR,POSCO,DISCLOSED_PATH,P5,POS-POH-S,포항제철소 BF 블록 B,포항,2031,BF_BOF,기준 BF-BOF 복합 블록,H2_DRI_EAF,수소 DRI + EAF,6660.0,5180.0,7.4,6.800001,14.114992,14.114992,1.36,1.36,12.754992,127.549923,20636.277,3665.421,25284.669,21619.248,4648.392,16970.856,3756.773,588.264,2306.352,18235.543,397.736,-4648.392,model_estimate,POSCO 공식 국내 생산·배출 총량에 맞춘 설비 블록 배분; 개별 생산량·재투자연도는 추정,DISCLOSED_PATH,PORT-C07B5FF15869,True,True,,0.0,2.0275124185786808e-05,True,True,True,True,,0.0,0.0,0.0,3,3,0.49715238399999995,0.65,2.3400000000000003
POSCO_KR,POSCO,DISCLOSED_PATH,P5,POS-GWY-W,광양제철소 BF 블록 A,광양,2034,BF_BOF,기준 BF-BOF 복합 블록,H2_DRI_EAF,수소 DRI + EAF,9270.0,7210.0,10.3,9.499999,19.719471,19.719471,1.9,1.9,17.819471,124.736298,19532.733,3516.824,24061.138,20544.314,4528.405,16015.909,4453.107,562.858,2157.145,16509.633,378.395,-4528.405,model_estimate,POSCO 공식 국내 생산·배출 총량에 맞춘 설비 블록 배분; 개별 생산량·재투자연도는 추정,DISCLOSED_PATH,PORT-C07B5FF15869,True,True,,0.0,2.0275124185786808e-05,True,True,True,True,,0.0,0.0,0.0,3,3,0.49715238399999995,0.65,2.3400000000000003
POSCO_KR,POSCO,DISCLOSED_PATH,P5,POS-GWY-E,광양제철소 BF 블록 B,광양,2036,BF_BOF,기준 BF-BOF 복합 블록,H2_DRI_EAF,수소 DRI + EAF,9270.0,7210.0,10.3,9.502996,19.725693,19.725693,1.900599,1.900599,17.825093,89.125466,14130.572,2585.364,17344.071,14758.708,3213.5,11545.208,4000.905,380.113,1474.45,11215.534,273.07,-3213.5,model_estimate,POSCO 공식 국내 생산·배출 총량에 맞춘 설비 블록 배분; 개별 생산량·재투자연도는 추정,DISCLOSED_PATH,PORT-C07B5FF15869,True,True,,0.0,2.0275124185786808e-05,True,True,True,True,,0.0,0.0,0.0,3,3,0.49715238399999995,0.65,2.3400000000000003
POSCO_KR,POSCO,DISCLOSED_PATH,P5,POS-GWY-EAF,광양 기존 EAF 블록,광양,2032,EAF_BASELINE,기존 전기로 기준 블록,EAF_RENEWABLE,기존 EAF 재생전력 업그레이드,312.0,96.0,1.2,1.134,0.5103,0.5103,0.1134,0.1134,0.3969,3.5721,-0.978,6.707,129.159,122.453,130.137,-7.685,65.994,17.153,44.167,0.0,1.845,-130.137,model_estimate,2025 공식 EAF 생산 1.135Mt에 맞춘 모델 블록; 집약도·재투자연도 추정,DISCLOSED_PATH,PORT-C07B5FF15869,True,True,,0.0,2.0275124185786808e-05,True,True,True,True,,0.0,0.0,0.0,3,3,0.49715238399999995,0.65,2.3400000000000003
POSCO_KR,POSCO,DISCLOSED_PATH,P6,POS-POH-N,포항제철소 BF 블록 A,포항,2028,BF_BOF,기준 BF-BOF 복합 블록,H2_DRI_EAF,수소 DRI + EAF,7380.0,5740.0,8.2,7.599998,15.775574,1.52,1.52,1.52,14.255574,185.322466,32463.793,7251.755,39170.993,31919.238,6707.2,25212.038,4888.262,933.804,3577.035,28661.121,1110.771,-6707.2,model_estimate,POSCO 공식 국내 생산·배출 총량에 맞춘 설비 블록 배분; 개별 생산량·재투자연도는 추정,DISCLOSED_PATH,PORT-73B2FF1A66A0,True,False,,0.0,2.0275124185786808e-05,False,False,True,True,2028,0.0,0.3371646534999999,0.6234470549999998,3,3,0.5704843279999999,0.65,2.98
POSCO_KR,POSCO,DISCLOSED_PATH,P6,POS-POH-S,포항제철소 BF 블록 B,포항,2030,BF_BOF,기준 BF-BOF 복합 블록,H2_DRI_EAF,수소 DRI + EAF,6660.0,5180.0,7.4,6.800001,14.114992,1.36,1.36,1.36,12.754992,140.304916,23514.793,5250.988,28624.311,23373.322,5109.518,18263.804,3963.396,666.308,2593.553,20588.925,812.128,-5109.518,model_estimate,POSCO 공식 국내 생산·배출 총량에 맞춘 설비 블록 배분; 개별 생산량·재투자연도는 추정,DISCLOSED_PATH,PORT-73B2FF1A66A0,True,False,,0.0,2.0275124185786808e-05,False,False,True,True,2028,0.0,0.3371646534999999,0.6234470549999998,3,3,0.5704843279999999,0.65,2.98
POSCO_KR,POSCO,DISCLOSED_PATH,P6,POS-GWY-W,광양제철소 BF 블록 A,광양,2033,BF_BOF,기준 BF-BOF 복합 블록,H2_DRI_EAF,수소 DRI + EAF,9270.0,7210.0,10.3,9.499999,19.719471,19.719471,1.9,1.9,17.819471,142.555769,22844.352,5097.784,28031.109,22933.325,5186.757,17746.568,4698.028,661.901,2520.237,19355.95,794.993,-5186.757,model_estimate,POSCO 공식 국내 생산·배출 총량에 맞춘 설비 블록 배분; 개별 생산량·재투자연도는 추정,DISCLOSED_PATH,PORT-73B2FF1A66A0,True,False,,0.0,2.0275124185786808e-05,False,False,True,True,2028,0.0,0.3371646534999999,0.6234470549999998,3,3,0.5704843279999999,0.65,2.98
POSCO_KR,POSCO,DISCLOSED_PATH,P6,POS-GWY-E,광양제철소 BF 블록 B,광양,2035,BF_BOF,기준 BF-BOF 복합 블록,H2_DRI_EAF,수소 DRI + EAF,9270.0,7210.0,10.3,9.502996,19.725693,19.725693,1.900599,1.900599,17.825093,106.95056,17022.852,3795.733,20893.779,17098.046,3870.927,13227.119,4220.954,469.127,1809.14,13801.405,593.153,-3870.927,model_estimate,POSCO 공식 국내 생산·배출 총량에 맞춘 설비 블록 배분; 개별 생산량·재투자연도는 추정,DISCLOSED_PATH,PORT-73B2FF1A66A0,True,False,,0.0,2.0275124185786808e-05,False,False,True,True,2028,0.0,0.3371646534999999,0.6234470549999998,3,3,0.5704843279999999,0.65,2.98
POSCO_KR,POSCO,DISCLOSED_PATH,P6,POS-GWY-EAF,광양 기존 EAF 블록,광양,2031,EAF_BASELINE,기존 전기로 기준 블록,EAF_RENEWABLE,기존 EAF 재생전력 업그레이드,312.0,96.0,1.2,1.134,0.5103,0.5103,0.1134,0.1134,0.3969,3.969,-1.582,7.169,143.063,135.894,144.645,-8.751,69.624,19.62,50.168,0.0,3.652,-144.645,model_estimate,2025 공식 EAF 생산 1.135Mt에 맞춘 모델 블록; 집약도·재투자연도 추정,DISCLOSED_PATH,PORT-73B2FF1A66A0,True,False,,0.0,2.0275124185786808e-05,False,False,True,True,2028,0.0,0.3371646534999999,0.6234470549999998,3,3,0.5704843279999999,0.65,2.98
POSCO_KR,POSCO,DISCLOSED_PATH,P7,POS-POH-N,포항제철소 BF 블록 A,포항,2028,BF_BOF,기준 BF-BOF 복합 블록,H2_DRI_EAF,수소 DRI + EAF,7380.0,5740.0,8.2,7.599998,15.775574,1.52,1.52,1.52,14.255574,185.322466,32948.225,8139.841,39655.425,31515.584,6707.2,24808.384,4888.262,933.804,3577.035,28661.121,1595.203,-6707.2,model_estimate,POSCO 공식 국내 생산·배출 총량에 맞춘 설비 블록 배분; 개별 생산량·재투자연도는 추정,DISCLOSED_PATH,PORT-47C5D429DB2E,True,False,,0.0,2.0275124185786808e-05,False,False,True,True,2028,0.0,0.5371646534999999,2.2234470549999994,3,3,0.5704843279999999,0.65,2.98
POSCO_KR,POSCO,DISCLOSED_PATH,P7,POS-POH-S,포항제철소 BF 블록 B,포항,2029,BF_BOF,기준 BF-BOF 복합 블록,H2_DRI_EAF,수소 DRI + EAF,6660.0,5180.0,7.4,6.800001,14.114992,1.36,1.36,1.36,12.754992,153.059908,26611.461,6566.564,32172.718,25606.155,5561.257,20044.898,4181.383,748.644,2891.5,23056.648,1294.543,-5561.257,model_estimate,POSCO 공식 국내 생산·배출 총량에 맞춘 설비 블록 배분; 개별 생산량·재투자연도는 추정,DISCLOSED_PATH,PORT-47C5D429DB2E,True,False,,0.0,2.0275124185786808e-05,False,False,True,True,2028,0.0,0.5371646534999999,2.2234470549999994,3,3,0.5704843279999999,0.65,2.98
POSCO_KR,POSCO,DISCLOSED_PATH,P7,POS-GWY-W,광양제철소 BF 블록 A,광양,2032,BF_BOF,기준 BF-BOF 복합 블록,H2_DRI_EAF,수소 DRI + EAF,9270.0,7210.0,10.3,9.499999,19.719471,19.719471,1.9,1.9,17.819471,160.37524,26418.431,6492.059,32261.162,25769.103,5842.732,19926.372,4956.419,766.392,2898.387,22342.507,1297.457,-5842.732,model_estimate,POSCO 공식 국내 생산·배출 총량에 맞춘 설비 블록 배분; 개별 생산량·재투자연도는 추정,DISCLOSED_PATH,PORT-47C5D429DB2E,True,False,,0.0,2.0275124185786808e-05,False,False,True,True,2028,0.0,0.5371646534999999,2.2234470549999994,3,3,0.5704843279999999,0.65,2.98
POSCO_KR,POSCO,DISCLOSED_PATH,P7,POS-GWY-E,광양제철소 BF 블록 B,광양,2034,BF_BOF,기준 BF-BOF 복합 블록,H2_DRI_EAF,수소 DRI + EAF,9270.0,7210.0,10.3,9.502996,19.725693,19.725693,1.900599,1.900599,17.825093,124.775653,20152.459,4929.828,24682.292,19752.464,4529.834,15222.63,4453.107,563.036,2157.825,16514.842,993.482,-4529.834,model_estimate,POSCO 공식 국내 생산·배출 총량에 맞춘 설비 블록 배분; 개별 생산량·재투자연도는 추정,DISCLOSED_PATH,PORT-47C5D429DB2E,True,False,,0.0,2.0275124185786808e-05,False,False,True,True,2028,0.0,0.5371646534999999,2.2234470549999994,3,3,0.5704843279999999,0.65,2.98
POSCO_KR,POSCO,DISCLOSED_PATH,P7,POS-GWY-EAF,광양 기존 EAF 블록,광양,2030,EAF_BASELINE,기존 전기로 기준 블록,EAF_RENEWABLE,기존 EAF 재생전력 업그레이드,312.0,96.0,1.2,1.134,0.5103,0.1134,0.1134,0.1134,0.3969,4.3659,-1.224,7.659,157.77,150.11,158.994,-8.884,73.453,22.223,56.415,0.0,5.679,-158.994,model_estimate,2025 공식 EAF 생산 1.135Mt에 맞춘 모델 블록; 집약도·재투자연도 추정,DISCLOSED_PATH,PORT-47C5D429DB2E,True,False,,0.0,2.0275124185786808e-05,False,False,True,True,2028,0.0,0.5371646534999999,2.2234470549999994,3,3,0.5704843279999999,0.65,2.98
POSCO_KR,POSCO,DISCLOSED_PATH,CURRENT,POS-POH-N,포항제철소 BF 블록 A,포항,2027,BF_BOF,기준 BF-BOF 복합 블록,BF_RELINE,BF 개수·효율 패키지,2050.0,410.0,8.2,7.599998,15.775574,14.439996,14.439996,14.439996,1.335578,18.698092,-9.961,0.0,662.972,662.972,672.933,-9.961,368.365,207.245,85.546,0.0,1.816,-672.933,model_estimate,POSCO 공식 국내 생산·배출 총량에 맞춘 설비 블록 배분; 개별 생산량·재투자연도는 추정,DISCLOSED_PATH,PORT-69189DCC5A53,True,True,,0.0,2.0275124185786808e-05,True,True,True,True,,0.0,0.0,0.0,3,3,0.4113003519999999,0.65,1.7000000000000002
POSCO_KR,POSCO,DISCLOSED_PATH,CURRENT,POS-POH-S,포항제철소 BF 블록 B,포항,2030,BF_BOF,기준 BF-BOF 복합 블록,BF_RELINE,BF 개수·효율 패키지,1850.0,370.0,7.4,6.800001,14.114992,12.920001,12.920001,12.920001,1.194991,13.144904,-4.6,0.0,474.101,474.101,478.701,-4.6,283.1,133.262,56.382,0.0,1.358,-478.701,model_estimate,POSCO 공식 국내 생산·배출 총량에 맞춘 설비 블록 배분; 개별 생산량·재투자연도는 추정,DISCLOSED_PATH,PORT-69189DCC5A53,True,True,,0.0,2.0275124185786808e-05,True,True,True,True,,0.0,0.0,0.0,3,3,0.4113003519999999,0.65,1.7000000000000002
POSCO_KR,POSCO,DISCLOSED_PATH,CURRENT,POS-GWY-W,광양제철소 BF 블록 A,광양,2033,BF_BOF,기준 BF-BOF 복합 블록,H2_DRI_EAF,수소 DRI + EAF,9270.0,7210.0,10.3,9.499999,19.719471,19.719471,1.9,1.9,17.819471,142.555769,22116.944,1768.506,27303.701,25535.195,5186.757,20348.438,4698.028,661.901,2520.237,19355.95,67.585,-5186.757,model_estimate,POSCO 공식 국내 생산·배출 총량에 맞춘 설비 블록 배분; 개별 생산량·재투자연도는 추정,DISCLOSED_PATH,PORT-69189DCC5A53,True,True,,0.0,2.0275124185786808e-05,True,True,True,True,,0.0,0.0,0.0,3,3,0.4113003519999999,0.65,1.7000000000000002
POSCO_KR,POSCO,DISCLOSED_PATH,CURRENT,POS-GWY-E,광양제철소 BF 블록 B,광양,2035,BF_BOF,기준 BF-BOF 복합 블록,H2_DRI_EAF,수소 DRI + EAF,9270.0,7210.0,10.3,9.502996,19.725693,19.725693,1.900599,1.900599,17.825093,106.95056,16481.422,1446.555,20352.349,18905.794,3870.927,15034.867,4220.954,469.127,1809.14,13801.405,51.723,-3870.927,model_estimate,POSCO 공식 국내 생산·배출 총량에 맞춘 설비 블록 배분; 개별 생산량·재투자연도는 추정,DISCLOSED_PATH,PORT-69189DCC5A53,True,True,,0.0,2.0275124185786808e-05,True,True,True,True,,0.0,0.0,0.0,3,3,0.4113003519999999,0.65,1.7000000000000002
POSCO_KR,POSCO,DISCLOSED_PATH,CURRENT,POS-GWY-EAF,광양 기존 EAF 블록,광양,2031,EAF_BASELINE,기존 전기로 기준 블록,EAF_RENEWABLE,기존 EAF 재생전력 업그레이드,312.0,96.0,1.2,1.134,0.5103,0.5103,0.1134,0.1134,0.3969,3.969,-4.754,6.99,139.891,132.9,144.645,-11.745,69.624,19.62,50.168,0.0,0.479,-144.645,model_estimate,2025 공식 EAF 생산 1.135Mt에 맞춘 모델 블록; 집약도·재투자연도 추정,DISCLOSED_PATH,PORT-69189DCC5A53,True,True,,0.0,2.0275124185786808e-05,True,True,True,True,,0.0,0.0,0.0,3,3,0.4113003519999999,0.65,1.7000000000000002
POSCO_KR,POSCO,ACCELERATED_15C,P1,POS-POH-N,포항제철소 BF 블록 A,포항,2029,BF_BOF,기준 BF-BOF 복합 블록,BF_RELINE,BF 개수·효율 패키지,2050.0,410.0,8.2,7.599998,15.775574,14.439996,14.439996,14.439996,1.335578,16.026936,-263.472,0.0,575.619,575.619,839.092,-263.472,330.959,167.344,77.317,0.0,0.0,-839.092,model_estimate,POSCO 공식 국내 생산·배출 총량에 맞춘 설비 블록 배분; 개별 생산량·재투자연도는 추정,DISCLOSED_PATH,PORT-DE64C6FAC717,False,False,2030,16.324744844999994,-16.324744844999994,True,True,True,True,,0.0,0.0,0.0,2,3,0.25895987200000004,0.65,0.74
POSCO_KR,POSCO,ACCELERATED_15C,P1,POS-POH-S,포항제철소 BF 블록 B,포항,2032,BF_BOF,기준 BF-BOF 복합 블록,BF_RELINE,BF 개수·효율 패키지,1850.0,370.0,7.4,6.800001,14.114992,14.114992,12.920001,12.920001,1.194991,10.754922,-166.488,0.0,406.416,406.416,572.904,-166.488,254.352,102.858,49.206,0.0,0.0,-572.904,model_estimate,POSCO 공식 국내 생산·배출 총량에 맞춘 설비 블록 배분; 개별 생산량·재투자연도는 추정,DISCLOSED_PATH,PORT-DE64C6FAC717,False,False,2030,16.324744844999994,-16.324744844999994,True,True,True,True,,0.0,0.0,0.0,2,3,0.25895987200000004,0.65,0.74
POSCO_KR,POSCO,ACCELERATED_15C,P1,POS-GWY-W,광양제철소 BF 블록 A,광양,2035,BF_BOF,기준 BF-BOF 복합 블록,SCRAP_EAF,스크랩 기반 대형 EAF,5768.0,3708.0,10.3,9.499999,19.719471,19.719471,4.275,4.275,15.444471,92.666828,-39.988,434.155,4908.849,4474.693,4948.836,-474.143,2170.777,263.8,2474.272,0.0,0.0,-4948.836,model_estimate,POSCO 공식 국내 생산·배출 총량에 맞춘 설비 블록 배분; 개별 생산량·재투자연도는 추정,DISCLOSED_PATH,PORT-DE64C6FAC717,False,False,2030,16.324744844999994,-16.324744844999994,True,True,True,True,,0.0,0.0,0.0,2,3,0.25895987200000004,0.65,0.74
POSCO_KR,POSCO,ACCELERATED_15C,P1,POS-GWY-E,광양제철소 BF 블록 B,광양,2037,BF_BOF,기준 BF-BOF 복합 블록,SCRAP_EAF,스크랩 기반 대형 EAF,5768.0,3708.0,10.3,9.502996,19.725693,19.725693,4.276348,4.276348,15.449344,61.797377,424.066,390.068,3706.812,3316.744,3282.745,33.999,1950.339,166.354,1590.118,0.0,0.0,-3282.745,model_estimate,POSCO 공식 국내 생산·배출 총량에 맞춘 설비 블록 배분; 개별 생산량·재투자연도는 추정,DISCLOSED_PATH,PORT-DE64C6FAC717,False,False,2030,16.324744844999994,-16.324744844999994,True,True,True,True,,0.0,0.0,0.0,2,3,0.25895987200000004,0.65,0.74
POSCO_KR,POSCO,ACCELERATED_15C,P1,POS-GWY-EAF,광양 기존 EAF 블록,광양,2033,EAF_BASELINE,기존 전기로 기준 블록,EAF_RENEWABLE,기존 EAF 재생전력 업그레이드,312.0,96.0,1.2,1.134,0.5103,0.5103,0.1134,0.1134,0.3969,3.1752,-49.178,9.383,120.354,110.971,169.532,-58.561,62.553,14.814,42.986,0.0,0.0,-169.532,model_estimate,2025 공식 EAF 생산 1.135Mt에 맞춘 모델 블록; 집약도·재투자연도 추정,DISCLOSED_PATH,PORT-DE64C6FAC717,False,False,2030,16.324744844999994,-16.324744844999994,True,True,True,True,,0.0,0.0,0.0,2,3,0.25895987200000004,0.65,0.74
POSCO_KR,POSCO,ACCELERATED_15C,P2,POS-POH-N,포항제철소 BF 블록 A,포항,2029,BF_BOF,기준 BF-BOF 복합 블록,BF_RELINE,BF 개수·효율 패키지,2050.0,410.0,8.2,7.599998,15.775574,14.439996,14.439996,14.439996,1.335578,16.026936,-262.694,0.0,576.397,576.397,839.092,-262.694,330.959,167.344,77.317,0.0,0.778,-839.092,model_estimate,POSCO 공식 국내 생산·배출 총량에 맞춘 설비 블록 배분; 개별 생산량·재투자연도는 추정,DISCLOSED_PATH,PORT-39601EAF8865,False,False,2030,13.94899577,-13.94899577,True,True,True,True,,0.0,0.0,0.0,2,3,0.33950771199999996,0.65,1.2200000000000002
POSCO_KR,POSCO,ACCELERATED_15C,P2,POS-POH-S,포항제철소 BF 블록 B,포항,2032,BF_BOF,기준 BF-BOF 복합 블록,BF_RELINE,BF 개수·효율 패키지,1850.0,370.0,7.4,6.800001,14.114992,14.114992,12.920001,12.920001,1.194991,10.754922,-165.906,0.0,406.998,406.998,572.904,-165.906,254.352,102.858,49.206,0.0,0.583,-572.904,model_estimate,POSCO 공식 국내 생산·배출 총량에 맞춘 설비 블록 배분; 개별 생산량·재투자연도는 추정,DISCLOSED_PATH,PORT-39601EAF8865,False,False,2030,13.94899577,-13.94899577,True,True,True,True,,0.0,0.0,0.0,2,3,0.33950771199999996,0.65,1.2200000000000002
POSCO_KR,POSCO,ACCELERATED_15C,P2,POS-GWY-W,광양제철소 BF 블록 A,광양,2035,BF_BOF,기준 BF-BOF 복합 블록,SCRAP_EAF,스크랩 기반 대형 EAF,5768.0,3708.0,10.3,9.499999,19.719471,19.719471,4.275,4.275,15.444471,92.666828,-31.935,435.024,4916.902,4481.878,4948.836,-466.958,2170.777,263.8,2474.272,0.0,8.053,-4948.836,model_estimate,POSCO 공식 국내 생산·배출 총량에 맞춘 설비 블록 배분; 개별 생산량·재투자연도는 추정,DISCLOSED_PATH,PORT-39601EAF8865,False,False,2030,13.94899577,-13.94899577,True,True,True,True,,0.0,0.0,0.0,2,3,0.33950771199999996,0.65,1.2200000000000002
POSCO_KR,POSCO,ACCELERATED_15C,P2,POS-GWY-E,광양제철소 BF 블록 B,광양,2037,BF_BOF,기준 BF-BOF 복합 블록,H2_DRI_EAF,수소 DRI + EAF,9270.0,7210.0,10.3,9.502996,19.725693,19.725693,1.900599,1.900599,17.825093,71.300373,11248.125,1452.798,15035.68,13582.882,3787.555,9795.327,3792.327,295.74,1311.15,9617.294,19.169,-3787.555,model_estimate,POSCO 공식 국내 생산·배출 총량에 맞춘 설비 블록 배분; 개별 생산량·재투자연도는 추정,DISCLOSED_PATH,PORT-39601EAF8865,False,False,2030,13.94899577,-13.94899577,True,True,True,True,,0.0,0.0,0.0,2,3,0.33950771199999996,0.65,1.2200000000000002
POSCO_KR,POSCO,ACCELERATED_15C,P2,POS-GWY-EAF,광양 기존 EAF 블록,광양,2033,EAF_BASELINE,기존 전기로 기준 블록,EAF_RENEWABLE,기존 EAF 재생전력 업그레이드,312.0,96.0,1.2,1.134,0.5103,0.5103,0.1134,0.1134,0.3969,3.1752,-48.989,9.402,120.544,111.142,169.532,-58.39,62.553,14.814,42.986,0.0,0.19,-169.532,model_estimate,2025 공식 EAF 생산 1.135Mt에 맞춘 모델 블록; 집약도·재투자연도 추정,DISCLOSED_PATH,PORT-39601EAF8865,False,False,2030,13.94899577,-13.94899577,True,True,True,True,,0.0,0.0,0.0,2,3,0.33950771199999996,0.65,1.2200000000000002
POSCO_KR,POSCO,ACCELERATED_15C,P3,POS-POH-N,포항제철소 BF 블록 A,포항,2029,BF_BOF,기준 BF-BOF 복합 블록,BF_RELINE,BF 개수·효율 패키지,2050.0,410.0,8.2,7.599998,15.775574,14.439996,14.439996,14.439996,1.335578,16.026936,-261.387,0.0,577.705,577.705,839.092,-261.387,330.959,167.344,77.317,0.0,2.085,-839.092,model_estimate,POSCO 공식 국내 생산·배출 총량에 맞춘 설비 블록 배분; 개별 생산량·재투자연도는 추정,DISCLOSED_PATH,PORT-AD0B41B0F73F,False,False,2030,11.573996019999996,-11.573996019999996,True,True,True,True,,0.0,0.0,0.0,3,3,0.4113003519999999,0.65,1.7000000000000002
POSCO_KR,POSCO,ACCELERATED_15C,P3,POS-POH-S,포항제철소 BF 블록 B,포항,2032,BF_BOF,기준 BF-BOF 복합 블록,BF_RELINE,BF 개수·효율 패키지,1850.0,370.0,7.4,6.800001,14.114992,14.114992,12.920001,12.920001,1.194991,10.754922,-164.931,0.0,407.973,407.973,572.904,-164.931,254.352,102.858,49.206,0.0,1.557,-572.904,model_estimate,POSCO 공식 국내 생산·배출 총량에 맞춘 설비 블록 배분; 개별 생산량·재투자연도는 추정,DISCLOSED_PATH,PORT-AD0B41B0F73F,False,False,2030,11.573996019999996,-11.573996019999996,True,True,True,True,,0.0,0.0,0.0,3,3,0.4113003519999999,0.65,1.7000000000000002
POSCO_KR,POSCO,ACCELERATED_15C,P3,POS-GWY-W,광양제철소 BF 블록 A,광양,2035,BF_BOF,기준 BF-BOF 복합 블록,H2_DRI_EAF,수소 DRI + EAF,9270.0,7210.0,10.3,9.499999,19.719471,19.719471,1.9,1.9,17.819471,106.916827,16173.801,2525.656,21883.653,19357.997,5709.852,13648.145,4220.954,468.979,2040.189,15065.694,87.837,-5709.852,model_estimate,POSCO 공식 국내 생산·배출 총량에 맞춘 설비 블록 배분; 개별 생산량·재투자연도는 추정,DISCLOSED_PATH,PORT-AD0B41B0F73F,False,False,2030,11.573996019999996,-11.573996019999996,True,True,True,True,,0.0,0.0,0.0,3,3,0.4113003519999999,0.65,1.7000000000000002
POSCO_KR,POSCO,ACCELERATED_15C,P3,POS-GWY-E,광양제철소 BF 블록 B,광양,2037,BF_BOF,기준 BF-BOF 복합 블록,H2_DRI_EAF,수소 DRI + EAF,9270.0,7210.0,10.3,9.502996,19.725693,19.725693,1.900599,1.900599,17.825093,71.300373,11290.831,1928.923,15078.386,13149.463,3787.555,9361.908,3792.327,295.74,1311.15,9617.294,61.875,-3787.555,model_estimate,POSCO 공식 국내 생산·배출 총량에 맞춘 설비 블록 배분; 개별 생산량·재투자연도는 추정,DISCLOSED_PATH,PORT-AD0B41B0F73F,False,False,2030,11.573996019999996,-11.573996019999996,True,True,True,True,,0.0,0.0,0.0,3,3,0.4113003519999999,0.65,1.7000000000000002
POSCO_KR,POSCO,ACCELERATED_15C,P3,POS-GWY-EAF,광양 기존 EAF 블록,광양,2033,EAF_BASELINE,기존 전기로 기준 블록,EAF_RENEWABLE,기존 EAF 재생전력 업그레이드,312.0,96.0,1.2,1.134,0.5103,0.5103,0.1134,0.1134,0.3969,3.1752,-48.656,9.432,120.876,111.444,169.532,-58.089,62.553,14.814,42.986,0.0,0.522,-169.532,model_estimate,2025 공식 EAF 생산 1.135Mt에 맞춘 모델 블록; 집약도·재투자연도 추정,DISCLOSED_PATH,PORT-AD0B41B0F73F,False,False,2030,11.573996019999996,-11.573996019999996,True,True,True,True,,0.0,0.0,0.0,3,3,0.4113003519999999,0.65,1.7000000000000002
POSCO_KR,POSCO,ACCELERATED_15C,P4,POS-POH-N,포항제철소 BF 블록 A,포항,2028,BF_BOF,기준 BF-BOF 복합 블록,BF_RELINE,BF 개수·효율 패키지,2050.0,410.0,8.2,7.599998,15.775574,14.439996,14.439996,14.439996,1.335578,17.362514,-273.753,0.0,625.479,625.479,899.231,-273.753,349.162,186.761,85.213,0.0,4.344,-899.231,model_estimate,POSCO 공식 국내 생산·배출 총량에 맞춘 설비 블록 배분; 개별 생산량·재투자연도는 추정,DISCLOSED_PATH,PORT-DDCBA267CA97,False,False,2030,11.573996019999996,-11.573996019999996,True,True,True,True,,0.0,0.0,0.0,3,3,0.4113003519999999,0.65,1.7000000000000002
POSCO_KR,POSCO,ACCELERATED_15C,P4,POS-POH-S,포항제철소 BF 블록 B,포항,2031,BF_BOF,기준 BF-BOF 복합 블록,BF_RELINE,BF 개수·효율 패키지,1850.0,370.0,7.4,6.800001,14.114992,14.114992,12.920001,12.920001,1.194991,11.949913,-189.243,0.0,444.891,444.891,634.134,-189.243,268.341,117.653,55.657,0.0,3.24,-634.134,model_estimate,POSCO 공식 국내 생산·배출 총량에 맞춘 설비 블록 배분; 개별 생산량·재투자연도는 추정,DISCLOSED_PATH,PORT-DDCBA267CA97,False,False,2030,11.573996019999996,-11.573996019999996,True,True,True,True,,0.0,0.0,0.0,3,3,0.4113003519999999,0.65,1.7000000000000002
POSCO_KR,POSCO,ACCELERATED_15C,P4,POS-GWY-W,광양제철소 BF 블록 A,광양,2034,BF_BOF,기준 BF-BOF 복합 블록,H2_DRI_EAF,수소 DRI + EAF,9270.0,7210.0,10.3,9.499999,19.719471,19.719471,1.9,1.9,17.819471,124.736298,18973.485,3781.234,25639.193,21857.96,6665.708,15192.251,4453.107,562.858,2424.063,17968.676,230.49,-6665.708,model_estimate,POSCO 공식 국내 생산·배출 총량에 맞춘 설비 블록 배분; 개별 생산량·재투자연도는 추정,DISCLOSED_PATH,PORT-DDCBA267CA97,False,False,2030,11.573996019999996,-11.573996019999996,True,True,True,True,,0.0,0.0,0.0,3,3,0.4113003519999999,0.65,1.7000000000000002
POSCO_KR,POSCO,ACCELERATED_15C,P4,POS-GWY-E,광양제철소 BF 블록 B,광양,2036,BF_BOF,기준 BF-BOF 복합 블록,H2_DRI_EAF,수소 DRI + EAF,9270.0,7210.0,10.3,9.502996,19.725693,19.725693,1.900599,1.900599,17.825093,89.125466,13755.45,2844.316,18504.442,15660.126,4748.992,10911.134,4000.905,380.113,1669.535,12286.606,167.284,-4748.992,model_estimate,POSCO 공식 국내 생산·배출 총량에 맞춘 설비 블록 배분; 개별 생산량·재투자연도는 추정,DISCLOSED_PATH,PORT-DDCBA267CA97,False,False,2030,11.573996019999996,-11.573996019999996,True,True,True,True,,0.0,0.0,0.0,3,3,0.4113003519999999,0.65,1.7000000000000002
POSCO_KR,POSCO,ACCELERATED_15C,P4,POS-GWY-EAF,광양 기존 EAF 블록,광양,2032,EAF_BASELINE,기존 전기로 기준 블록,EAF_RENEWABLE,기존 EAF 재생전력 업그레이드,312.0,96.0,1.2,1.134,0.5103,0.5103,0.1134,0.1134,0.3969,3.5721,-56.748,9.998,133.535,123.537,190.282,-66.746,65.994,17.153,49.235,0.0,1.152,-190.282,model_estimate,2025 공식 EAF 생산 1.135Mt에 맞춘 모델 블록; 집약도·재투자연도 추정,DISCLOSED_PATH,PORT-DDCBA267CA97,False,False,2030,11.573996019999996,-11.573996019999996,True,True,True,True,,0.0,0.0,0.0,3,3,0.4113003519999999,0.65,1.7000000000000002
POSCO_KR,POSCO,ACCELERATED_15C,P5,POS-POH-N,포항제철소 BF 블록 A,포항,2028,BF_BOF,기준 BF-BOF 복합 블록,BF_RELINE,BF 개수·효율 패키지,2050.0,410.0,8.2,7.599998,15.775574,14.439996,14.439996,14.439996,1.335578,17.362514,-270.931,0.0,628.3,628.3,899.231,-270.931,349.162,186.761,85.213,0.0,7.165,-899.231,model_estimate,POSCO 공식 국내 생산·배출 총량에 맞춘 설비 블록 배분; 개별 생산량·재투자연도는 추정,DISCLOSED_PATH,PORT-C07B5FF15869,False,False,2030,5.470451711490618,-5.470451711490618,True,True,True,True,,0.0,0.0,0.0,3,3,0.49715238399999995,0.65,2.3400000000000003
POSCO_KR,POSCO,ACCELERATED_15C,P5,POS-POH-S,포항제철소 BF 블록 B,포항,2031,BF_BOF,기준 BF-BOF 복합 블록,H2_DRI_EAF,수소 DRI + EAF,6660.0,5180.0,7.4,6.800001,14.114992,14.114992,1.36,1.36,12.754992,127.549923,20207.627,5275.577,26976.187,21700.61,6768.561,14932.049,3756.773,588.264,2560.221,19645.832,425.096,-6768.561,model_estimate,POSCO 공식 국내 생산·배출 총량에 맞춘 설비 블록 배분; 개별 생산량·재투자연도는 추정,DISCLOSED_PATH,PORT-C07B5FF15869,False,False,2030,5.470451711490618,-5.470451711490618,True,True,True,True,,0.0,0.0,0.0,3,3,0.49715238399999995,0.65,2.3400000000000003
POSCO_KR,POSCO,ACCELERATED_15C,P5,POS-GWY-W,광양제철소 BF 블록 A,광양,2034,BF_BOF,기준 BF-BOF 복합 블록,H2_DRI_EAF,수소 DRI + EAF,9270.0,7210.0,10.3,9.499999,19.719471,19.719471,1.9,1.9,17.819471,124.736298,19149.771,5042.965,25815.479,20772.514,6665.708,14106.806,4453.107,562.858,2424.063,17968.676,406.775,-6665.708,model_estimate,POSCO 공식 국내 생산·배출 총량에 맞춘 설비 블록 배분; 개별 생산량·재투자연도는 추정,DISCLOSED_PATH,PORT-C07B5FF15869,False,False,2030,5.470451711490618,-5.470451711490618,True,True,True,True,,0.0,0.0,0.0,3,3,0.49715238399999995,0.65,2.3400000000000003
POSCO_KR,POSCO,ACCELERATED_15C,P5,POS-GWY-E,광양제철소 BF 블록 B,광양,2036,BF_BOF,기준 BF-BOF 복합 블록,H2_DRI_EAF,수소 DRI + EAF,9270.0,7210.0,10.3,9.502996,19.725693,19.725693,1.900599,1.900599,17.825093,89.125466,13882.055,3693.442,18631.047,14937.605,4748.992,10188.613,4000.905,380.113,1669.535,12286.606,293.889,-4748.992,model_estimate,POSCO 공식 국내 생산·배출 총량에 맞춘 설비 블록 배분; 개별 생산량·재투자연도는 추정,DISCLOSED_PATH,PORT-C07B5FF15869,False,False,2030,5.470451711490618,-5.470451711490618,True,True,True,True,,0.0,0.0,0.0,3,3,0.49715238399999995,0.65,2.3400000000000003
POSCO_KR,POSCO,ACCELERATED_15C,P5,POS-GWY-EAF,광양 기존 EAF 블록,광양,2032,EAF_BASELINE,기존 전기로 기준 블록,EAF_RENEWABLE,기존 EAF 재생전력 업그레이드,312.0,96.0,1.2,1.134,0.5103,0.5103,0.1134,0.1134,0.3969,3.5721,-55.966,10.06,134.316,124.256,190.282,-66.026,65.994,17.153,49.235,0.0,1.934,-190.282,model_estimate,2025 공식 EAF 생산 1.135Mt에 맞춘 모델 블록; 집약도·재투자연도 추정,DISCLOSED_PATH,PORT-C07B5FF15869,False,False,2030,5.470451711490618,-5.470451711490618,True,True,True,True,,0.0,0.0,0.0,3,3,0.49715238399999995,0.65,2.3400000000000003
POSCO_KR,POSCO,ACCELERATED_15C,P6,POS-POH-N,포항제철소 BF 블록 A,포항,2028,BF_BOF,기준 BF-BOF 복합 블록,H2_DRI_EAF,수소 DRI + EAF,7380.0,5740.0,8.2,7.599998,15.775574,1.52,1.52,1.52,14.255574,185.322466,31885.598,10532.348,41483.734,30951.386,9598.136,21353.25,4888.262,933.804,3919.788,30563.71,1178.17,-9598.136,model_estimate,POSCO 공식 국내 생산·배출 총량에 맞춘 설비 블록 배분; 개별 생산량·재투자연도는 추정,DISCLOSED_PATH,PORT-73B2FF1A66A0,True,True,,0.0,2.0275124185786808e-05,True,True,True,True,,0.0,0.0,0.0,3,3,0.5704843279999999,0.65,2.98
POSCO_KR,POSCO,ACCELERATED_15C,P6,POS-POH-S,포항제철소 BF 블록 B,포항,2030,BF_BOF,기준 BF-BOF 복합 블록,H2_DRI_EAF,수소 DRI + EAF,6660.0,5180.0,7.4,6.800001,14.114992,1.36,1.36,1.36,12.754992,140.304916,23059.49,7601.061,30464.843,22863.782,7405.354,15458.428,3963.396,666.308,2866.569,22102.804,865.766,-7405.354,model_estimate,POSCO 공식 국내 생산·배출 총량에 맞춘 설비 블록 배분; 개별 생산량·재투자연도는 추정,DISCLOSED_PATH,PORT-73B2FF1A66A0,True,True,,0.0,2.0275124185786808e-05,True,True,True,True,,0.0,0.0,0.0,3,3,0.5704843279999999,0.65,2.98
POSCO_KR,POSCO,ACCELERATED_15C,P6,POS-GWY-W,광양제철소 BF 블록 A,광양,2033,BF_BOF,기준 BF-BOF 복합 블록,H2_DRI_EAF,수소 DRI + EAF,9270.0,7210.0,10.3,9.499999,19.719471,19.719471,1.9,1.9,17.819471,142.555769,22419.124,7358.665,30030.56,22671.895,7611.436,15060.459,4698.028,661.901,2820.903,20996.458,853.269,-7611.436,model_estimate,POSCO 공식 국내 생산·배출 총량에 맞춘 설비 블록 배분; 개별 생산량·재투자연도는 추정,DISCLOSED_PATH,PORT-73B2FF1A66A0,True,True,,0.0,2.0275124185786808e-05,True,True,True,True,,0.0,0.0,0.0,3,3,0.5704843279999999,0.65,2.98
POSCO_KR,POSCO,ACCELERATED_15C,P6,POS-GWY-E,광양제철소 BF 블록 B,광양,2035,BF_BOF,기준 BF-BOF 복합 블록,H2_DRI_EAF,수소 DRI + EAF,9270.0,7210.0,10.3,9.502996,19.725693,19.725693,1.900599,1.900599,17.825093,106.95056,16727.913,5464.104,22439.567,16975.463,5711.654,11263.809,4220.954,469.127,2040.833,15070.448,638.205,-5711.654,model_estimate,POSCO 공식 국내 생산·배출 총량에 맞춘 설비 블록 배분; 개별 생산량·재투자연도는 추정,DISCLOSED_PATH,PORT-73B2FF1A66A0,True,True,,0.0,2.0275124185786808e-05,True,True,True,True,,0.0,0.0,0.0,3,3,0.5704843279999999,0.65,2.98
POSCO_KR,POSCO,ACCELERATED_15C,P6,POS-GWY-EAF,광양 기존 EAF 블록,광양,2031,EAF_BASELINE,기존 전기로 기준 블록,EAF_RENEWABLE,기존 EAF 재생전력 업그레이드,312.0,96.0,1.2,1.134,0.5103,0.5103,0.1134,0.1134,0.3969,3.969,-61.86,10.754,148.759,138.005,210.619,-72.614,69.624,19.62,55.69,0.0,3.826,-210.619,model_estimate,2025 공식 EAF 생산 1.135Mt에 맞춘 모델 블록; 집약도·재투자연도 추정,DISCLOSED_PATH,PORT-73B2FF1A66A0,True,True,,0.0,2.0275124185786808e-05,True,True,True,True,,0.0,0.0,0.0,3,3,0.5704843279999999,0.65,2.98
POSCO_KR,POSCO,ACCELERATED_15C,P7,POS-POH-N,포항제철소 BF 블록 A,포항,2028,BF_BOF,기준 BF-BOF 복합 블록,H2_DRI_EAF,수소 DRI + EAF,7380.0,5740.0,8.2,7.599998,15.775574,1.52,1.52,1.52,14.255574,185.322466,32399.39,11849.385,41997.527,30148.141,9598.136,20550.005,4888.262,933.804,3919.788,30563.71,1691.962,-9598.136,model_estimate,POSCO 공식 국내 생산·배출 총량에 맞춘 설비 블록 배분; 개별 생산량·재투자연도는 추정,DISCLOSED_PATH,PORT-47C5D429DB2E,True,False,,0.0,2.0275124185786808e-05,False,False,True,True,2029,0.0,0.16699991199999997,0.0,3,3,0.5704843279999999,0.65,2.98
POSCO_KR,POSCO,ACCELERATED_15C,P7,POS-POH-S,포항제철소 BF 블록 B,포항,2029,BF_BOF,기준 BF-BOF 복합 블록,H2_DRI_EAF,수소 DRI + EAF,6660.0,5180.0,7.4,6.800001,14.114992,1.36,1.36,1.36,12.754992,153.059908,26143.463,9542.138,34156.927,24614.789,8013.464,16601.325,4181.383,748.644,3182.191,24668.192,1376.518,-8013.464,model_estimate,POSCO 공식 국내 생산·배출 총량에 맞춘 설비 블록 배분; 개별 생산량·재투자연도는 추정,DISCLOSED_PATH,PORT-47C5D429DB2E,True,False,,0.0,2.0275124185786808e-05,False,False,True,True,2029,0.0,0.16699991199999997,0.0,3,3,0.5704843279999999,0.65,2.98
POSCO_KR,POSCO,ACCELERATED_15C,P7,POS-GWY-W,광양제철소 BF 블록 A,광양,2032,BF_BOF,기준 BF-BOF 복합 블록,H2_DRI_EAF,수소 DRI + EAF,9270.0,7210.0,10.3,9.499999,19.719471,19.719471,1.9,1.9,17.819471,160.37524,25954.608,9407.714,34497.638,25089.924,8543.03,16546.894,4956.419,766.392,3230.976,24153.987,1389.864,-8543.03,model_estimate,POSCO 공식 국내 생산·배출 총량에 맞춘 설비 블록 배분; 개별 생산량·재투자연도는 추정,DISCLOSED_PATH,PORT-47C5D429DB2E,True,False,,0.0,2.0275124185786808e-05,False,False,True,True,2029,0.0,0.16699991199999997,0.0,3,3,0.5704843279999999,0.65,2.98
POSCO_KR,POSCO,ACCELERATED_15C,P7,POS-GWY-E,광양제철소 BF 블록 B,광양,2034,BF_BOF,기준 BF-BOF 복합 블록,H2_DRI_EAF,수소 DRI + EAF,9270.0,7210.0,10.3,9.502996,19.725693,19.725693,1.900599,1.900599,17.825093,124.775653,19815.395,7128.028,26483.206,19355.178,6667.811,12687.367,4453.107,563.036,2424.828,17974.345,1067.891,-6667.811,model_estimate,POSCO 공식 국내 생산·배출 총량에 맞춘 설비 블록 배분; 개별 생산량·재투자연도는 추정,DISCLOSED_PATH,PORT-47C5D429DB2E,True,False,,0.0,2.0275124185786808e-05,False,False,True,True,2029,0.0,0.16699991199999997,0.0,3,3,0.5704843279999999,0.65,2.98
POSCO_KR,POSCO,ACCELERATED_15C,P7,POS-GWY-EAF,광양 기존 EAF 블록,광양,2030,EAF_BASELINE,기존 전기로 기준 블록,EAF_RENEWABLE,기존 EAF 재생전력 업그레이드,312.0,96.0,1.2,1.134,0.5103,0.1134,0.1134,0.1134,0.3969,4.3659,-66.458,11.489,163.976,152.487,230.434,-77.947,73.453,22.223,62.353,0.0,5.946,-230.434,model_estimate,2025 공식 EAF 생산 1.135Mt에 맞춘 모델 블록; 집약도·재투자연도 추정,DISCLOSED_PATH,PORT-47C5D429DB2E,True,False,,0.0,2.0275124185786808e-05,False,False,True,True,2029,0.0,0.16699991199999997,0.0,3,3,0.5704843279999999,0.65,2.98
POSCO_KR,POSCO,ACCELERATED_15C,CURRENT,POS-POH-N,포항제철소 BF 블록 A,포항,2027,BF_BOF,기준 BF-BOF 복합 블록,BF_RELINE,BF 개수·효율 패키지,2050.0,410.0,8.2,7.599998,15.775574,14.439996,14.439996,14.439996,1.335578,18.698092,-284.458,0.0,670.796,670.796,955.254,-284.458,368.365,207.245,93.338,0.0,1.847,-955.254,model_estimate,POSCO 공식 국내 생산·배출 총량에 맞춘 설비 블록 배분; 개별 생산량·재투자연도는 추정,DISCLOSED_PATH,PORT-69189DCC5A53,False,False,2030,11.573996019999996,-11.573996019999996,True,True,True,True,,0.0,0.0,0.0,3,3,0.4113003519999999,0.65,1.7000000000000002
POSCO_KR,POSCO,ACCELERATED_15C,CURRENT,POS-POH-S,포항제철소 BF 블록 B,포항,2030,BF_BOF,기준 BF-BOF 복합 블록,BF_RELINE,BF 개수·효율 패키지,1850.0,370.0,7.4,6.800001,14.114992,12.920001,12.920001,12.920001,1.194991,13.144904,-213.734,0.0,480.06,480.06,693.794,-213.734,283.1,133.262,62.317,0.0,1.382,-693.794,model_estimate,POSCO 공식 국내 생산·배출 총량에 맞춘 설비 블록 배분; 개별 생산량·재투자연도는 추정,DISCLOSED_PATH,PORT-69189DCC5A53,False,False,2030,11.573996019999996,-11.573996019999996,True,True,True,True,,0.0,0.0,0.0,3,3,0.4113003519999999,0.65,1.7000000000000002
POSCO_KR,POSCO,ACCELERATED_15C,CURRENT,POS-GWY-W,광양제철소 BF 블록 A,광양,2033,BF_BOF,기준 BF-BOF 복합 블록,H2_DRI_EAF,수소 DRI + EAF,9270.0,7210.0,10.3,9.499999,19.719471,19.719471,1.9,1.9,17.819471,142.555769,21637.923,2481.075,29249.359,26768.283,7611.436,19156.847,4698.028,661.901,2820.903,20996.458,72.069,-7611.436,model_estimate,POSCO 공식 국내 생산·배출 총량에 맞춘 설비 블록 배분; 개별 생산량·재투자연도는 추정,DISCLOSED_PATH,PORT-69189DCC5A53,False,False,2030,11.573996019999996,-11.573996019999996,True,True,True,True,,0.0,0.0,0.0,3,3,0.4113003519999999,0.65,1.7000000000000002
POSCO_KR,POSCO,ACCELERATED_15C,CURRENT,POS-GWY-E,광양제철소 BF 블록 B,광양,2035,BF_BOF,기준 BF-BOF 복합 블록,H2_DRI_EAF,수소 DRI + EAF,9270.0,7210.0,10.3,9.502996,19.725693,19.725693,1.900599,1.900599,17.825093,106.95056,16144.896,2021.496,21856.549,19835.053,5711.654,14123.4,4220.954,469.127,2040.833,15070.448,55.188,-5711.654,model_estimate,POSCO 공식 국내 생산·배출 총량에 맞춘 설비 블록 배분; 개별 생산량·재투자연도는 추정,DISCLOSED_PATH,PORT-69189DCC5A53,False,False,2030,11.573996019999996,-11.573996019999996,True,True,True,True,,0.0,0.0,0.0,3,3,0.4113003519999999,0.65,1.7000000000000002
POSCO_KR,POSCO,ACCELERATED_15C,CURRENT,POS-GWY-EAF,광양 기존 EAF 블록,광양,2031,EAF_BASELINE,기존 전기로 기준 블록,EAF_RENEWABLE,기존 EAF 재생전력 업그레이드,312.0,96.0,1.2,1.134,0.5103,0.5103,0.1134,0.1134,0.3969,3.969,-65.184,10.485,145.435,134.95,210.619,-75.669,69.624,19.62,55.69,0.0,0.501,-210.619,model_estimate,2025 공식 EAF 생산 1.135Mt에 맞춘 모델 블록; 집약도·재투자연도 추정,DISCLOSED_PATH,PORT-69189DCC5A53,False,False,2030,11.573996019999996,-11.573996019999996,True,True,True,True,,0.0,0.0,0.0,3,3,0.4113003519999999,0.65,1.7000000000000002
NIPPON_STEEL_JP,Nippon Steel,DISCLOSED_PATH,P1,NS-EAST,East Nippon Works 블록,동일본,2034,BF_BOF,기준 BF-BOF 복합 블록,SCRAP_EAF,스크랩 기반 대형 EAF,4989.6,3207.6,8.1,7.200001,15.239652,15.239652,3.24,3.24,11.999651,83.997558,2215.075,495.277,5164.529,4669.252,2949.454,1719.798,1981.108,159.97,3023.451,0.0,0.0,-2949.454,model_estimate,Nippon Steel 공식 생산·배출·용량 총량에 맞춘 지역 블록 배분,DISCLOSED_PATH,PORT-7DCD4991144C,True,True,,0.0,3.446647212967946e-06,True,True,True,True,,0.0,0.0,0.0,2,2,0.28236113919999994,0.65,0.88
NIPPON_STEEL_JP,Nippon Steel,DISCLOSED_PATH,P1,NS-NAGOYA,Nagoya Works 블록,나고야,2032,BF_BOF,기준 BF-BOF 복합 블록,BF_RELINE,BF 개수·효율 패키지,1925.0,385.0,7.0,6.199998,13.123027,13.123027,11.779996,11.779996,1.343031,12.087281,-66.396,0.0,358.727,358.727,425.123,-66.396,264.663,31.261,62.803,0.0,0.0,-425.123,model_estimate,Nippon Steel 공식 생산·배출·용량 총량에 맞춘 지역 블록 배분,DISCLOSED_PATH,PORT-7DCD4991144C,True,True,,0.0,3.446647212967946e-06,True,True,True,True,,0.0,0.0,0.0,2,2,0.28236113919999994,0.65,0.88
NIPPON_STEEL_JP,Nippon Steel,DISCLOSED_PATH,P1,NS-KANSAI,Kansai Works 블록,간사이,2036,BF_BOF,기준 BF-BOF 복합 블록,BF_RELINE,BF 개수·효율 패키지,1732.5,346.5,6.3,5.600001,11.853062,11.853062,10.640001,10.640001,1.213061,6.065305,22.976,0.0,234.843,234.843,211.867,22.976,192.276,14.0,28.567,0.0,0.0,-211.867,model_estimate,Nippon Steel 공식 생산·배출·용량 총량에 맞춘 지역 블록 배분,DISCLOSED_PATH,PORT-7DCD4991144C,True,True,,0.0,3.446647212967946e-06,True,True,True,True,,0.0,0.0,0.0,2,2,0.28236113919999994,0.65,0.88
NIPPON_STEEL_JP,Nippon Steel,DISCLOSED_PATH,P1,NS-KYUSHU,Kyushu Works Yawata 블록,규슈,2029,BF_BOF,기준 BF-BOF 복합 블록,SCRAP_EAF,스크랩 기반 대형 EAF,6160.0,3960.0,10.0,9.0,19.049562,4.05,4.05,4.05,14.999562,179.994744,4703.992,799.145,10996.19,10197.045,6292.198,3904.847,3196.578,462.398,7337.214,0.0,0.0,-6292.198,model_estimate,Yawata BF→EAF 공시 방향을 반영해 조기 재투자 창을 설정; 블록 생산량 추정,DISCLOSED_PATH,PORT-7DCD4991144C,True,True,,0.0,3.446647212967946e-06,True,True,True,True,,0.0,0.0,0.0,2,2,0.28236113919999994,0.65,0.88
NIPPON_STEEL_JP,Nippon Steel,DISCLOSED_PATH,P1,NS-SETOUCHI,Setouchi Works Hirohata 블록,세토우치,2038,BF_BOF,기준 BF-BOF 복합 블록,SCRAP_EAF,스크랩 기반 대형 EAF,4620.0,2970.0,7.5,6.3,13.334693,13.334693,2.835,2.835,10.499693,31.49908,1472.222,370.181,2563.443,2193.262,1091.221,1102.041,1480.725,53.641,1029.077,0.0,0.0,-1091.221,model_estimate,Hirohata EAF 투자 방향을 반영한 복합 블록; 생산량·재투자연도 추정,DISCLOSED_PATH,PORT-7DCD4991144C,True,True,,0.0,3.446647212967946e-06,True,True,True,True,,0.0,0.0,0.0,2,2,0.28236113919999994,0.65,0.88
NIPPON_STEEL_JP,Nippon Steel,DISCLOSED_PATH,P2,NS-EAST,East Nippon Works 블록,동일본,2034,BF_BOF,기준 BF-BOF 복합 블록,SCRAP_EAF,스크랩 기반 대형 EAF,4989.6,3207.6,8.1,7.200001,15.239652,15.239652,3.24,3.24,11.999651,83.997558,2223.572,500.932,5173.027,4672.095,2949.454,1722.641,1981.108,159.97,3023.451,0.0,8.497,-2949.454,model_estimate,Nippon Steel 공식 생산·배출·용량 총량에 맞춘 지역 블록 배분,DISCLOSED_PATH,PORT-92BAA222AC4A,True,True,,0.0,3.446647212967946e-06,True,True,True,True,,0.0,0.0,0.0,2,2,0.45364541439999984,0.65,2.0
NIPPON_STEEL_JP,Nippon Steel,DISCLOSED_PATH,P2,NS-NAGOYA,Nagoya Works 블록,나고야,2032,BF_BOF,기준 BF-BOF 복합 블록,BF_RELINE,BF 개수·효율 패키지,1925.0,385.0,7.0,6.199998,13.123027,13.123027,11.779996,11.779996,1.343031,12.087281,-65.772,0.0,359.351,359.351,425.123,-65.772,264.663,31.261,62.803,0.0,0.624,-425.123,model_estimate,Nippon Steel 공식 생산·배출·용량 총량에 맞춘 지역 블록 배분,DISCLOSED_PATH,PORT-92BAA222AC4A,True,True,,0.0,3.446647212967946e-06,True,True,True,True,,0.0,0.0,0.0,2,2,0.45364541439999984,0.65,2.0
NIPPON_STEEL_JP,Nippon Steel,DISCLOSED_PATH,P2,NS-KANSAI,Kansai Works 블록,간사이,2036,BF_BOF,기준 BF-BOF 복합 블록,H2_DRI_EAF,수소 DRI + EAF,6237.0,4851.0,6.3,5.600001,11.853062,11.853062,1.12,1.12,10.733062,53.665311,11822.203,1028.98,13696.782,12667.802,1874.579,10793.223,2691.871,181.997,1314.06,9492.007,16.847,-1874.579,model_estimate,Nippon Steel 공식 생산·배출·용량 총량에 맞춘 지역 블록 배분,DISCLOSED_PATH,PORT-92BAA222AC4A,True,True,,0.0,3.446647212967946e-06,True,True,True,True,,0.0,0.0,0.0,2,2,0.45364541439999984,0.65,2.0
NIPPON_STEEL_JP,Nippon Steel,DISCLOSED_PATH,P2,NS-KYUSHU,Kyushu Works Yawata 블록,규슈,2029,BF_BOF,기준 BF-BOF 복합 블록,SCRAP_EAF,스크랩 기반 대형 EAF,6160.0,3960.0,10.0,9.0,19.049562,4.05,4.05,4.05,14.999562,179.994744,4721.391,828.394,11013.589,10185.195,6292.198,3892.997,3196.578,462.398,7337.214,0.0,17.399,-6292.198,model_estimate,Yawata BF→EAF 공시 방향을 반영해 조기 재투자 창을 설정; 블록 생산량 추정,DISCLOSED_PATH,PORT-92BAA222AC4A,True,True,,0.0,3.446647212967946e-06,True,True,True,True,,0.0,0.0,0.0,2,2,0.45364541439999984,0.65,2.0
NIPPON_STEEL_JP,Nippon Steel,DISCLOSED_PATH,P2,NS-SETOUCHI,Setouchi Works Hirohata 블록,세토우치,2038,BF_BOF,기준 BF-BOF 복합 블록,H2_DRI_EAF,수소 DRI + EAF,7425.0,5775.0,7.5,6.3,13.334693,13.334693,1.26,1.26,12.074693,36.22408,8684.55,981.773,9939.458,8957.685,1254.908,7702.777,2879.188,116.221,845.313,6085.624,13.112,-1254.908,model_estimate,Hirohata EAF 투자 방향을 반영한 복합 블록; 생산량·재투자연도 추정,DISCLOSED_PATH,PORT-92BAA222AC4A,True,True,,0.0,3.446647212967946e-06,True,True,True,True,,0.0,0.0,0.0,2,2,0.45364541439999984,0.65,2.0
NIPPON_STEEL_JP,Nippon Steel,DISCLOSED_PATH,P3,NS-EAST,East Nippon Works 블록,동일본,2034,BF_BOF,기준 BF-BOF 복합 블록,SCRAP_EAF,스크랩 기반 대형 EAF,4989.6,3207.6,8.1,7.200001,15.239652,15.239652,3.24,3.24,11.999651,83.997558,2239.081,509.842,5188.535,4678.693,2949.454,1729.239,1981.108,159.97,3023.451,0.0,24.006,-2949.454,model_estimate,Nippon Steel 공식 생산·배출·용량 총량에 맞춘 지역 블록 배분,DISCLOSED_PATH,PORT-92BAA222AC4A,True,True,,0.0,3.446647212967946e-06,True,True,True,True,,0.0,0.0,0.0,2,2,0.45364541439999984,0.65,2.0
NIPPON_STEEL_JP,Nippon Steel,DISCLOSED_PATH,P3,NS-NAGOYA,Nagoya Works 블록,나고야,2032,BF_BOF,기준 BF-BOF 복합 블록,BF_RELINE,BF 개수·효율 패키지,1925.0,385.0,7.0,6.199998,13.123027,13.123027,11.779996,11.779996,1.343031,12.087281,-64.724,0.0,360.399,360.399,425.123,-64.724,264.663,31.261,62.803,0.0,1.672,-425.123,model_estimate,Nippon Steel 공식 생산·배출·용량 총량에 맞춘 지역 블록 배분,DISCLOSED_PATH,PORT-92BAA222AC4A,True,True,,0.0,3.446647212967946e-06,True,True,True,True,,0.0,0.0,0.0,2,2,0.45364541439999984,0.65,2.0
NIPPON_STEEL_JP,Nippon Steel,DISCLOSED_PATH,P3,NS-KANSAI,Kansai Works 블록,간사이,2036,BF_BOF,기준 BF-BOF 복합 블록,H2_DRI_EAF,수소 DRI + EAF,6237.0,4851.0,6.3,5.600001,11.853062,11.853062,1.12,1.12,10.733062,53.665311,11860.997,1444.305,13735.576,12291.27,1874.579,10416.691,2691.871,181.997,1314.06,9492.007,55.641,-1874.579,model_estimate,Nippon Steel 공식 생산·배출·용량 총량에 맞춘 지역 블록 배분,DISCLOSED_PATH,PORT-92BAA222AC4A,True,True,,0.0,3.446647212967946e-06,True,True,True,True,,0.0,0.0,0.0,2,2,0.45364541439999984,0.65,2.0
NIPPON_STEEL_JP,Nippon Steel,DISCLOSED_PATH,P3,NS-KYUSHU,Kyushu Works Yawata 블록,규슈,2029,BF_BOF,기준 BF-BOF 복합 블록,SCRAP_EAF,스크랩 기반 대형 EAF,6160.0,3960.0,10.0,9.0,19.049562,4.05,4.05,4.05,14.999562,179.994744,4753.792,873.395,11045.989,10172.594,6292.198,3880.397,3196.578,462.398,7337.214,0.0,49.799,-6292.198,model_estimate,Yawata BF→EAF 공시 방향을 반영해 조기 재투자 창을 설정; 블록 생산량 추정,DISCLOSED_PATH,PORT-92BAA222AC4A,True,True,,0.0,3.446647212967946e-06,True,True,True,True,,0.0,0.0,0.0,2,2,0.45364541439999984,0.65,2.0
NIPPON_STEEL_JP,Nippon Steel,DISCLOSED_PATH,P3,NS-SETOUCHI,Setouchi Works Hirohata 블록,세토우치,2038,BF_BOF,기준 BF-BOF 복합 블록,H2_DRI_EAF,수소 DRI + EAF,7425.0,5775.0,7.5,6.3,13.334693,13.334693,1.26,1.26,12.074693,36.22408,8713.179,1246.821,9968.087,8721.266,1254.908,7466.358,2879.188,116.221,845.313,6085.624,41.741,-1254.908,model_estimate,Hirohata EAF 투자 방향을 반영한 복합 블록; 생산량·재투자연도 추정,DISCLOSED_PATH,PORT-92BAA222AC4A,True,True,,0.0,3.446647212967946e-06,True,True,True,True,,0.0,0.0,0.0,2,2,0.45364541439999984,0.65,2.0
NIPPON_STEEL_JP,Nippon Steel,DISCLOSED_PATH,P4,NS-EAST,East Nippon Works 블록,동일본,2033,BF_BOF,기준 BF-BOF 복합 블록,H2_DRI_EAF,수소 DRI + EAF,8019.0,6237.0,8.1,7.200001,15.239652,15.239652,1.44,1.44,13.799651,110.397211,24893.129,3643.921,28774.619,25130.698,3881.491,21249.207,4064.022,407.592,2909.126,21133.943,259.937,-3881.491,model_estimate,Nippon Steel 공식 생산·배출·용량 총량에 맞춘 지역 블록 배분,DISCLOSED_PATH,PORT-DF77606A395F,True,False,,0.0,3.446647212967946e-06,False,False,True,True,2028,0.0,0.0,0.5400000000000009,2,2,0.5130317823999999,0.65,2.48
NIPPON_STEEL_JP,Nippon Steel,DISCLOSED_PATH,P4,NS-NAGOYA,Nagoya Works 블록,나고야,2031,BF_BOF,기준 BF-BOF 복합 블록,BF_RELINE,BF 개수·효율 패키지,1925.0,385.0,7.0,6.199998,13.123027,13.123027,11.779996,11.779996,1.343031,13.430312,-81.993,0.0,390.029,390.029,472.023,-81.993,279.22,35.757,71.545,0.0,3.508,-472.023,model_estimate,Nippon Steel 공식 생산·배출·용량 총량에 맞춘 지역 블록 배분,DISCLOSED_PATH,PORT-DF77606A395F,True,False,,0.0,3.446647212967946e-06,False,False,True,True,2028,0.0,0.0,0.5400000000000009,2,2,0.5130317823999999,0.65,2.48
NIPPON_STEEL_JP,Nippon Steel,DISCLOSED_PATH,P4,NS-KANSAI,Kansai Works 블록,간사이,2035,BF_BOF,기준 BF-BOF 복합 블록,H2_DRI_EAF,수소 DRI + EAF,6237.0,4851.0,6.3,5.600001,11.853062,11.853062,1.12,1.12,10.733062,64.398373,14264.609,2170.685,16520.908,14350.223,2256.299,12093.924,2839.924,224.616,1615.674,11690.92,149.774,-2256.299,model_estimate,Nippon Steel 공식 생산·배출·용량 총량에 맞춘 지역 블록 배분,DISCLOSED_PATH,PORT-DF77606A395F,True,False,,0.0,3.446647212967946e-06,False,False,True,True,2028,0.0,0.0,0.5400000000000009,2,2,0.5130317823999999,0.65,2.48
NIPPON_STEEL_JP,Nippon Steel,DISCLOSED_PATH,P4,NS-KYUSHU,Kyushu Works Yawata 블록,규슈,2028,BF_BOF,기준 BF-BOF 복합 블록,SCRAP_EAF,스크랩 기반 대형 EAF,6160.0,3960.0,10.0,9.0,19.049562,4.05,4.05,4.05,14.999562,194.994306,5371.278,994.012,12152.074,11158.062,6780.797,4377.266,3372.39,516.049,8148.427,0.0,115.208,-6780.797,model_estimate,Yawata BF→EAF 공시 방향을 반영해 조기 재투자 창을 설정; 블록 생산량 추정,DISCLOSED_PATH,PORT-DF77606A395F,True,False,,0.0,3.446647212967946e-06,False,False,True,True,2028,0.0,0.0,0.5400000000000009,2,2,0.5130317823999999,0.65,2.48
NIPPON_STEEL_JP,Nippon Steel,DISCLOSED_PATH,P4,NS-SETOUCHI,Setouchi Works Hirohata 블록,세토우치,2037,BF_BOF,기준 BF-BOF 복합 블록,H2_DRI_EAF,수소 DRI + EAF,7425.0,5775.0,7.5,6.3,13.334693,13.334693,1.26,1.26,12.074693,48.298774,11112.268,1824.339,12793.015,10968.676,1680.747,9287.929,3037.543,159.299,1154.44,8324.889,116.844,-1680.747,model_estimate,Hirohata EAF 투자 방향을 반영한 복합 블록; 생산량·재투자연도 추정,DISCLOSED_PATH,PORT-DF77606A395F,True,False,,0.0,3.446647212967946e-06,False,False,True,True,2028,0.0,0.0,0.5400000000000009,2,2,0.5130317823999999,0.65,2.48
NIPPON_STEEL_JP,Nippon Steel,DISCLOSED_PATH,P5,NS-EAST,East Nippon Works 블록,동일본,2033,BF_BOF,기준 BF-BOF 복합 블록,H2_DRI_EAF,수소 DRI + EAF,8019.0,6237.0,8.1,7.200001,15.239652,15.239652,1.44,1.44,13.799651,110.397211,25093.568,4929.849,28975.059,24045.21,3881.491,20163.72,4064.022,407.592,2909.126,21133.943,460.377,-3881.491,model_estimate,Nippon Steel 공식 생산·배출·용량 총량에 맞춘 지역 블록 배분,DISCLOSED_PATH,PORT-C942BD99A66C,True,False,,0.0,3.446647212967946e-06,False,False,True,True,2028,0.0,0.0,0.5400000000000009,2,2,0.5840479807999999,0.65,3.12
NIPPON_STEEL_JP,Nippon Steel,DISCLOSED_PATH,P5,NS-NAGOYA,Nagoya Works 블록,나고야,2031,BF_BOF,기준 BF-BOF 복합 블록,H2_DRI_EAF,수소 DRI + EAF,6930.0,5390.0,7.0,6.199998,13.123027,13.123027,1.24,1.24,11.883028,118.830278,28013.962,5439.773,32190.379,26750.606,4176.417,22574.189,3909.075,464.844,3291.056,24014.06,511.344,-4176.417,model_estimate,Nippon Steel 공식 생산·배출·용량 총량에 맞춘 지역 블록 배분,DISCLOSED_PATH,PORT-C942BD99A66C,True,False,,0.0,3.446647212967946e-06,False,False,True,True,2028,0.0,0.0,0.5400000000000009,2,2,0.5840479807999999,0.65,3.12
NIPPON_STEEL_JP,Nippon Steel,DISCLOSED_PATH,P5,NS-KANSAI,Kansai Works 블록,간사이,2035,BF_BOF,기준 BF-BOF 복합 블록,H2_DRI_EAF,수소 DRI + EAF,6237.0,4851.0,6.3,5.600001,11.853062,11.853062,1.12,1.12,10.733062,64.398373,14379.235,2876.87,16635.534,13758.665,2256.299,11502.365,2839.924,224.616,1615.674,11690.92,264.401,-2256.299,model_estimate,Nippon Steel 공식 생산·배출·용량 총량에 맞춘 지역 블록 배분,DISCLOSED_PATH,PORT-C942BD99A66C,True,False,,0.0,3.446647212967946e-06,False,False,True,True,2028,0.0,0.0,0.5400000000000009,2,2,0.5840479807999999,0.65,3.12
NIPPON_STEEL_JP,Nippon Steel,DISCLOSED_PATH,P5,NS-KYUSHU,Kyushu Works Yawata 블록,규슈,2028,BF_BOF,기준 BF-BOF 복합 블록,SCRAP_EAF,스크랩 기반 대형 EAF,6160.0,3960.0,10.0,9.0,19.049562,4.05,4.05,4.05,14.999562,194.994306,5453.468,1076.745,12234.265,11157.52,6780.797,4376.723,3372.39,516.049,8148.427,0.0,197.399,-6780.797,model_estimate,Yawata BF→EAF 공시 방향을 반영해 조기 재투자 창을 설정; 블록 생산량 추정,DISCLOSED_PATH,PORT-C942BD99A66C,True,False,,0.0,3.446647212967946e-06,False,False,True,True,2028,0.0,0.0,0.5400000000000009,2,2,0.5840479807999999,0.65,3.12
NIPPON_STEEL_JP,Nippon Steel,DISCLOSED_PATH,P5,NS-SETOUCHI,Setouchi Works Hirohata 블록,세토우치,2037,BF_BOF,기준 BF-BOF 복합 블록,H2_DRI_EAF,수소 DRI + EAF,7425.0,5775.0,7.5,6.3,13.334693,13.334693,1.26,1.26,12.074693,48.298774,11200.266,2324.738,12881.013,10556.275,1680.747,8875.528,3037.543,159.299,1154.44,8324.889,204.842,-1680.747,model_estimate,Hirohata EAF 투자 방향을 반영한 복합 블록; 생산량·재투자연도 추정,DISCLOSED_PATH,PORT-C942BD99A66C,True,False,,0.0,3.446647212967946e-06,False,False,True,True,2028,0.0,0.0,0.5400000000000009,2,2,0.5840479807999999,0.65,3.12
NIPPON_STEEL_JP,Nippon Steel,DISCLOSED_PATH,P6,NS-EAST,East Nippon Works 블록,동일본,2032,BF_BOF,기준 BF-BOF 복합 블록,H2_DRI_EAF,수소 DRI + EAF,8019.0,6237.0,8.1,7.200001,15.239652,15.239652,1.44,1.44,13.799651,124.196862,29131.284,7168.112,33499.426,26331.314,4368.142,21963.172,4287.543,471.936,3354.921,24425.143,959.882,-4368.142,model_estimate,Nippon Steel 공식 생산·배출·용량 총량에 맞춘 지역 블록 배분,DISCLOSED_PATH,PORT-7C945F726D00,True,False,,0.0,3.446647212967946e-06,False,False,True,True,2028,0.0,0.195,0.0,2,2,0.5659631103999998,0.65,2.96
NIPPON_STEEL_JP,Nippon Steel,DISCLOSED_PATH,P6,NS-NAGOYA,Nagoya Works 블록,나고야,2030,BF_BOF,기준 BF-BOF 복합 블록,BF_RELINE,BF 개수·효율 패키지,1925.0,385.0,7.0,6.199998,13.123027,11.779996,11.779996,11.779996,1.343031,14.773343,-91.181,0.0,427.084,427.084,518.265,-91.181,294.577,40.501,80.7,0.0,11.306,-518.265,model_estimate,Nippon Steel 공식 생산·배출·용량 총량에 맞춘 지역 블록 배분,DISCLOSED_PATH,PORT-7C945F726D00,True,False,,0.0,3.446647212967946e-06,False,False,True,True,2028,0.0,0.195,0.0,2,2,0.5659631103999998,0.65,2.96
NIPPON_STEEL_JP,Nippon Steel,DISCLOSED_PATH,P6,NS-KANSAI,Kansai Works 블록,간사이,2034,BF_BOF,기준 BF-BOF 복합 블록,H2_DRI_EAF,수소 DRI + EAF,6237.0,4851.0,6.3,5.600001,11.853062,11.853062,1.12,1.12,10.733062,75.131435,17129.934,4234.594,19768.067,15533.473,2638.133,12895.34,2996.12,269.58,1931.649,14004.115,566.604,-2638.133,model_estimate,Nippon Steel 공식 생산·배출·용량 총량에 맞춘 지역 블록 배분,DISCLOSED_PATH,PORT-7C945F726D00,True,False,,0.0,3.446647212967946e-06,False,False,True,True,2028,0.0,0.195,0.0,2,2,0.5659631103999998,0.65,2.96
NIPPON_STEEL_JP,Nippon Steel,DISCLOSED_PATH,P6,NS-KYUSHU,Kyushu Works Yawata 블록,규슈,2028,BF_BOF,기준 BF-BOF 복합 블록,H2_DRI_EAF,수소 DRI + EAF,9900.0,7700.0,10.0,9.0,19.049562,1.8,1.8,1.8,17.249562,224.244306,57574.472,14087.974,65372.418,51284.445,7797.946,43486.499,6557.425,1032.099,6693.351,49219.344,1870.199,-7797.946,model_estimate,Yawata BF→EAF 공시 방향을 반영해 조기 재투자 창을 설정; 블록 생산량 추정,DISCLOSED_PATH,PORT-7C945F726D00,True,False,,0.0,3.446647212967946e-06,False,False,True,True,2028,0.0,0.195,0.0,2,2,0.5659631103999998,0.65,2.96
NIPPON_STEEL_JP,Nippon Steel,DISCLOSED_PATH,P6,NS-SETOUCHI,Setouchi Works Hirohata 블록,세토우치,2036,BF_BOF,기준 BF-BOF 복합 블록,H2_DRI_EAF,수소 DRI + EAF,7425.0,5775.0,7.5,6.3,13.334693,13.334693,1.26,1.26,12.074693,60.373467,13916.867,3472.046,16025.768,12553.723,2108.901,10444.821,3204.608,204.746,1478.318,10678.507,459.59,-2108.901,model_estimate,Hirohata EAF 투자 방향을 반영한 복합 블록; 생산량·재투자연도 추정,DISCLOSED_PATH,PORT-7C945F726D00,True,False,,0.0,3.446647212967946e-06,False,False,True,True,2028,0.0,0.195,0.0,2,2,0.5659631103999998,0.65,2.96
NIPPON_STEEL_JP,Nippon Steel,DISCLOSED_PATH,P7,NS-EAST,East Nippon Works 블록,동일본,2031,BF_BOF,기준 BF-BOF 복합 블록,H2_DRI_EAF,수소 DRI + EAF,8019.0,6237.0,8.1,7.200001,15.239652,15.239652,1.44,1.44,13.799651,137.996513,33479.864,9086.73,38329.898,29243.167,4850.034,24393.133,4523.358,539.819,3821.873,27887.307,1557.54,-4850.034,model_estimate,Nippon Steel 공식 생산·배출·용량 총량에 맞춘 지역 블록 배분,DISCLOSED_PATH,PORT-2ECB61BA4654,True,False,,0.0,3.446647212967946e-06,False,False,False,True,2028,0.0,0.3919999395,1.7039994939999996,3,2,0.6292601567999999,0.65,3.5999999999999996
NIPPON_STEEL_JP,Nippon Steel,DISCLOSED_PATH,P7,NS-NAGOYA,Nagoya Works 블록,나고야,2029,BF_BOF,기준 BF-BOF 복합 블록,H2_DRI_EAF,수소 DRI + EAF,6930.0,5390.0,7.0,6.199998,13.123027,1.24,1.24,1.24,11.883028,142.596333,36229.011,9827.202,41213.847,31386.645,4984.836,26401.809,4350.898,591.575,4151.93,30445.079,1674.365,-4984.836,model_estimate,Nippon Steel 공식 생산·배출·용량 총량에 맞춘 지역 블록 배분,DISCLOSED_PATH,PORT-2ECB61BA4654,True,False,,0.0,3.446647212967946e-06,False,False,False,True,2028,0.0,0.3919999395,1.7039994939999996,3,2,0.6292601567999999,0.65,3.5999999999999996
NIPPON_STEEL_JP,Nippon Steel,DISCLOSED_PATH,P7,NS-KANSAI,Kansai Works 블록,간사이,2033,BF_BOF,기준 BF-BOF 복합 블록,H2_DRI_EAF,수소 DRI + EAF,6237.0,4851.0,6.3,5.600001,11.853062,11.853062,1.12,1.12,10.733062,85.864497,20098.801,5459.637,23117.738,17658.101,3018.937,14639.164,3160.906,317.016,2262.653,16437.511,939.652,-3018.937,model_estimate,Nippon Steel 공식 생산·배출·용량 총량에 맞춘 지역 블록 배분,DISCLOSED_PATH,PORT-2ECB61BA4654,True,False,,0.0,3.446647212967946e-06,False,False,False,True,2028,0.0,0.3919999395,1.7039994939999996,3,2,0.6292601567999999,0.65,3.5999999999999996
NIPPON_STEEL_JP,Nippon Steel,DISCLOSED_PATH,P7,NS-KYUSHU,Kyushu Works Yawata 블록,규슈,2028,BF_BOF,기준 BF-BOF 복합 블록,H2_DRI_EAF,수소 DRI + EAF,9900.0,7700.0,10.0,9.0,19.049562,1.8,1.8,1.8,17.249562,224.244306,58389.931,15833.659,66187.877,50354.218,7797.946,42556.272,6557.425,1032.099,6693.351,49219.344,2685.658,-7797.946,model_estimate,Yawata BF→EAF 공시 방향을 반영해 조기 재투자 창을 설정; 블록 생산량 추정,DISCLOSED_PATH,PORT-2ECB61BA4654,True,False,,0.0,3.446647212967946e-06,False,False,False,True,2028,0.0,0.3919999395,1.7039994939999996,3,2,0.6292601567999999,0.65,3.5999999999999996
NIPPON_STEEL_JP,Nippon Steel,DISCLOSED_PATH,P7,NS-SETOUCHI,Setouchi Works Hirohata 블록,세토우치,2035,BF_BOF,기준 BF-BOF 복합 블록,H2_DRI_EAF,수소 DRI + EAF,7425.0,5775.0,7.5,6.3,13.334693,13.334693,1.26,1.26,12.074693,72.44816,16853.72,4585.758,19392.056,14806.298,2538.337,12267.962,3380.862,252.693,1817.633,13152.283,788.585,-2538.337,model_estimate,Hirohata EAF 투자 방향을 반영한 복합 블록; 생산량·재투자연도 추정,DISCLOSED_PATH,PORT-2ECB61BA4654,True,False,,0.0,3.446647212967946e-06,False,False,False,True,2028,0.0,0.3919999395,1.7039994939999996,3,2,0.6292601567999999,0.65,3.5999999999999996
NIPPON_STEEL_JP,Nippon Steel,DISCLOSED_PATH,CURRENT,NS-EAST,East Nippon Works 블록,동일본,2033,BF_BOF,기준 BF-BOF 복합 블록,BF_RELINE,BF 개수·효율 패키지,2227.5,445.5,8.1,7.200001,15.239652,15.239652,13.680002,13.680002,1.55965,12.477198,-50.714,0.0,387.976,387.976,438.69,-50.714,290.287,31.353,63.242,0.0,3.093,-438.69,model_estimate,Nippon Steel 공식 생산·배출·용량 총량에 맞춘 지역 블록 배분,DISCLOSED_PATH,PORT-FFBF1A00D2CE,True,False,,0.0,3.446647212967946e-06,False,False,True,True,2028,0.0,0.0,0.5400000000000009,2,2,0.4298908671999999,0.65,1.84
NIPPON_STEEL_JP,Nippon Steel,DISCLOSED_PATH,CURRENT,NS-NAGOYA,Nagoya Works 블록,나고야,2031,BF_BOF,기준 BF-BOF 복합 블록,BF_RELINE,BF 개수·효율 패키지,1925.0,385.0,7.0,6.199998,13.123027,13.123027,11.779996,11.779996,1.343031,13.430312,-82.432,0.0,389.591,389.591,472.023,-82.432,279.22,35.757,71.545,0.0,3.069,-472.023,model_estimate,Nippon Steel 공식 생산·배출·용량 총량에 맞춘 지역 블록 배분,DISCLOSED_PATH,PORT-FFBF1A00D2CE,True,False,,0.0,3.446647212967946e-06,False,False,True,True,2028,0.0,0.0,0.5400000000000009,2,2,0.4298908671999999,0.65,1.84
NIPPON_STEEL_JP,Nippon Steel,DISCLOSED_PATH,CURRENT,NS-KANSAI,Kansai Works 블록,간사이,2035,BF_BOF,기준 BF-BOF 복합 블록,H2_DRI_EAF,수소 DRI + EAF,6237.0,4851.0,6.3,5.600001,11.853062,11.853062,1.12,1.12,10.733062,64.398373,14197.662,1652.103,16453.961,14801.858,2256.299,12545.559,2839.924,224.616,1615.674,11690.92,82.827,-2256.299,model_estimate,Nippon Steel 공식 생산·배출·용량 총량에 맞춘 지역 블록 배분,DISCLOSED_PATH,PORT-FFBF1A00D2CE,True,False,,0.0,3.446647212967946e-06,False,False,True,True,2028,0.0,0.0,0.5400000000000009,2,2,0.4298908671999999,0.65,1.84
NIPPON_STEEL_JP,Nippon Steel,DISCLOSED_PATH,CURRENT,NS-KYUSHU,Kyushu Works Yawata 블록,규슈,2028,BF_BOF,기준 BF-BOF 복합 블록,SCRAP_EAF,스크랩 기반 대형 EAF,6160.0,3960.0,10.0,9.0,19.049562,4.05,4.05,4.05,14.999562,194.994306,5356.877,939.095,12137.673,11198.579,6780.797,4417.782,3372.39,516.049,8148.427,0.0,100.807,-6780.797,model_estimate,Yawata BF→EAF 공시 방향을 반영해 조기 재투자 창을 설정; 블록 생산량 추정,DISCLOSED_PATH,PORT-FFBF1A00D2CE,True,False,,0.0,3.446647212967946e-06,False,False,True,True,2028,0.0,0.0,0.5400000000000009,2,2,0.4298908671999999,0.65,1.84
NIPPON_STEEL_JP,Nippon Steel,DISCLOSED_PATH,CURRENT,NS-SETOUCHI,Setouchi Works Hirohata 블록,세토우치,2037,BF_BOF,기준 BF-BOF 복합 블록,H2_DRI_EAF,수소 DRI + EAF,7425.0,5775.0,7.5,6.3,13.334693,13.334693,1.26,1.26,12.074693,48.298774,11063.322,1457.894,12744.069,11286.175,1680.747,9605.428,3037.543,159.299,1154.44,8324.889,67.898,-1680.747,model_estimate,Hirohata EAF 투자 방향을 반영한 복합 블록; 생산량·재투자연도 추정,DISCLOSED_PATH,PORT-FFBF1A00D2CE,True,False,,0.0,3.446647212967946e-06,False,False,True,True,2028,0.0,0.0,0.5400000000000009,2,2,0.4298908671999999,0.65,1.84
NIPPON_STEEL_JP,Nippon Steel,ACCELERATED_15C,P1,NS-EAST,East Nippon Works 블록,동일본,2034,BF_BOF,기준 BF-BOF 복합 블록,SCRAP_EAF,스크랩 기반 대형 EAF,4989.6,3207.6,8.1,7.200001,15.239652,15.239652,3.24,3.24,11.999651,83.997558,1117.098,594.332,5505.814,4911.482,4388.717,522.765,1981.108,159.97,3364.736,0.0,0.0,-4388.717,model_estimate,Nippon Steel 공식 생산·배출·용량 총량에 맞춘 지역 블록 배분,DISCLOSED_PATH,PORT-7DCD4991144C,False,False,2035,14.544997934999998,-14.544997934999998,True,True,True,True,,0.0,0.0,0.0,2,2,0.28236113919999994,0.65,0.88
NIPPON_STEEL_JP,Nippon Steel,ACCELERATED_15C,P1,NS-NAGOYA,Nagoya Works 블록,나고야,2032,BF_BOF,기준 BF-BOF 복합 블록,BF_RELINE,BF 개수·효율 패키지,1925.0,385.0,7.0,6.199998,13.123027,13.123027,11.779996,11.779996,1.343031,12.087281,-263.339,0.0,365.302,365.302,628.641,-263.339,264.663,31.261,69.378,0.0,0.0,-628.641,model_estimate,Nippon Steel 공식 생산·배출·용량 총량에 맞춘 지역 블록 배분,DISCLOSED_PATH,PORT-7DCD4991144C,False,False,2035,14.544997934999998,-14.544997934999998,True,True,True,True,,0.0,0.0,0.0,2,2,0.28236113919999994,0.65,0.88
NIPPON_STEEL_JP,Nippon Steel,ACCELERATED_15C,P1,NS-KANSAI,Kansai Works 블록,간사이,2036,BF_BOF,기준 BF-BOF 복합 블록,BF_RELINE,BF 개수·효율 패키지,1732.5,346.5,6.3,5.600001,11.853062,11.853062,10.640001,10.640001,1.213061,6.065305,-78.072,0.0,238.291,238.291,316.362,-78.072,192.276,14.0,32.015,0.0,0.0,-316.362,model_estimate,Nippon Steel 공식 생산·배출·용량 총량에 맞춘 지역 블록 배분,DISCLOSED_PATH,PORT-7DCD4991144C,False,False,2035,14.544997934999998,-14.544997934999998,True,True,True,True,,0.0,0.0,0.0,2,2,0.28236113919999994,0.65,0.88
NIPPON_STEEL_JP,Nippon Steel,ACCELERATED_15C,P1,NS-KYUSHU,Kyushu Works Yawata 블록,규슈,2029,BF_BOF,기준 BF-BOF 복합 블록,SCRAP_EAF,스크랩 기반 대형 EAF,6160.0,3960.0,10.0,9.0,19.049562,4.05,4.05,4.05,14.999562,179.994744,2492.385,958.973,11668.319,10709.345,9175.933,1533.412,3196.578,462.398,8009.343,0.0,0.0,-9175.933,model_estimate,Yawata BF→EAF 공시 방향을 반영해 조기 재투자 창을 설정; 블록 생산량 추정,DISCLOSED_PATH,PORT-7DCD4991144C,False,False,2035,14.544997934999998,-14.544997934999998,True,True,True,True,,0.0,0.0,0.0,2,2,0.28236113919999994,0.65,0.88
NIPPON_STEEL_JP,Nippon Steel,ACCELERATED_15C,P1,NS-SETOUCHI,Setouchi Works Hirohata 블록,세토우치,2038,BF_BOF,기준 BF-BOF 복합 블록,SCRAP_EAF,스크랩 기반 대형 EAF,4620.0,2970.0,7.5,6.3,13.334693,13.334693,2.835,2.835,10.499693,31.49908,1061.969,444.218,2695.327,2251.11,1633.359,617.751,1480.725,53.641,1160.962,0.0,0.0,-1633.359,model_estimate,Hirohata EAF 투자 방향을 반영한 복합 블록; 생산량·재투자연도 추정,DISCLOSED_PATH,PORT-7DCD4991144C,False,False,2035,14.544997934999998,-14.544997934999998,True,True,True,True,,0.0,0.0,0.0,2,2,0.28236113919999994,0.65,0.88
NIPPON_STEEL_JP,Nippon Steel,ACCELERATED_15C,P2,NS-EAST,East Nippon Works 블록,동일본,2034,BF_BOF,기준 BF-BOF 복합 블록,SCRAP_EAF,스크랩 기반 대형 EAF,4989.6,3207.6,8.1,7.200001,15.239652,15.239652,3.24,3.24,11.999651,83.997558,1126.107,595.521,5514.823,4919.303,4388.717,530.586,1981.108,159.97,3364.736,0.0,9.009,-4388.717,model_estimate,Nippon Steel 공식 생산·배출·용량 총량에 맞춘 지역 블록 배분,DISCLOSED_PATH,PORT-92BAA222AC4A,False,False,2035,8.257752286632595,-8.257752286632595,True,True,True,True,,0.0,0.0,0.0,2,2,0.45364541439999984,0.65,2.0
NIPPON_STEEL_JP,Nippon Steel,ACCELERATED_15C,P2,NS-NAGOYA,Nagoya Works 블록,나고야,2032,BF_BOF,기준 BF-BOF 복합 블록,BF_RELINE,BF 개수·효율 패키지,1925.0,385.0,7.0,6.199998,13.123027,13.123027,11.779996,11.779996,1.343031,12.087281,-262.706,0.0,365.935,365.935,628.641,-262.706,264.663,31.261,69.378,0.0,0.633,-628.641,model_estimate,Nippon Steel 공식 생산·배출·용량 총량에 맞춘 지역 블록 배분,DISCLOSED_PATH,PORT-92BAA222AC4A,False,False,2035,8.257752286632595,-8.257752286632595,True,True,True,True,,0.0,0.0,0.0,2,2,0.45364541439999984,0.65,2.0
NIPPON_STEEL_JP,Nippon Steel,ACCELERATED_15C,P2,NS-KANSAI,Kansai Works 블록,간사이,2036,BF_BOF,기준 BF-BOF 복합 블록,H2_DRI_EAF,수소 DRI + EAF,6237.0,4851.0,6.3,5.600001,11.853062,11.853062,1.12,1.12,10.733062,53.665311,11975.136,1361.544,14774.284,13412.74,2799.149,10613.592,2691.871,181.997,1472.667,10409.747,18.002,-2799.149,model_estimate,Nippon Steel 공식 생산·배출·용량 총량에 맞춘 지역 블록 배분,DISCLOSED_PATH,PORT-92BAA222AC4A,False,False,2035,8.257752286632595,-8.257752286632595,True,True,True,True,,0.0,0.0,0.0,2,2,0.45364541439999984,0.65,2.0
NIPPON_STEEL_JP,Nippon Steel,ACCELERATED_15C,P2,NS-KYUSHU,Kyushu Works Yawata 블록,규슈,2029,BF_BOF,기준 BF-BOF 복합 블록,SCRAP_EAF,스크랩 기반 대형 EAF,6160.0,3960.0,10.0,9.0,19.049562,4.05,4.05,4.05,14.999562,179.994744,2510.792,970.326,11686.726,10716.4,9175.933,1540.466,3196.578,462.398,8009.343,0.0,18.407,-9175.933,model_estimate,Yawata BF→EAF 공시 방향을 반영해 조기 재투자 창을 설정; 블록 생산량 추정,DISCLOSED_PATH,PORT-92BAA222AC4A,False,False,2035,8.257752286632595,-8.257752286632595,True,True,True,True,,0.0,0.0,0.0,2,2,0.45364541439999984,0.65,2.0
NIPPON_STEEL_JP,Nippon Steel,ACCELERATED_15C,P2,NS-SETOUCHI,Setouchi Works Hirohata 블록,세토우치,2038,BF_BOF,기준 BF-BOF 복합 블록,H2_DRI_EAF,수소 DRI + EAF,7425.0,5775.0,7.5,6.3,13.334693,13.334693,1.26,1.26,12.074693,36.22408,8798.676,1275.849,10677.045,9401.196,1878.37,7522.827,2879.188,116.221,953.647,6714.086,13.903,-1878.37,model_estimate,Hirohata EAF 투자 방향을 반영한 복합 블록; 생산량·재투자연도 추정,DISCLOSED_PATH,PORT-92BAA222AC4A,False,False,2035,8.257752286632595,-8.257752286632595,True,True,True,True,,0.0,0.0,0.0,2,2,0.45364541439999984,0.65,2.0
NIPPON_STEEL_JP,Nippon Steel,ACCELERATED_15C,P3,NS-EAST,East Nippon Works 블록,동일본,2034,BF_BOF,기준 BF-BOF 복합 블록,SCRAP_EAF,스크랩 기반 대형 EAF,4989.6,3207.6,8.1,7.200001,15.239652,15.239652,3.24,3.24,11.999651,83.997558,1142.64,597.453,5531.356,4933.904,4388.717,545.187,1981.108,159.97,3364.736,0.0,25.542,-4388.717,model_estimate,Nippon Steel 공식 생산·배출·용량 총량에 맞춘 지역 블록 배분,DISCLOSED_PATH,PORT-92BAA222AC4A,False,False,2035,8.257752286632595,-8.257752286632595,True,True,True,True,,0.0,0.0,0.0,2,2,0.45364541439999984,0.65,2.0
NIPPON_STEEL_JP,Nippon Steel,ACCELERATED_15C,P3,NS-NAGOYA,Nagoya Works 블록,나고야,2032,BF_BOF,기준 BF-BOF 복합 블록,BF_RELINE,BF 개수·효율 패키지,1925.0,385.0,7.0,6.199998,13.123027,13.123027,11.779996,11.779996,1.343031,12.087281,-261.638,0.0,367.003,367.003,628.641,-261.638,264.663,31.261,69.378,0.0,1.702,-628.641,model_estimate,Nippon Steel 공식 생산·배출·용량 총량에 맞춘 지역 블록 배분,DISCLOSED_PATH,PORT-92BAA222AC4A,False,False,2035,8.257752286632595,-8.257752286632595,True,True,True,True,,0.0,0.0,0.0,2,2,0.45364541439999984,0.65,2.0
NIPPON_STEEL_JP,Nippon Steel,ACCELERATED_15C,P3,NS-KANSAI,Kansai Works 블록,간사이,2036,BF_BOF,기준 BF-BOF 복합 블록,H2_DRI_EAF,수소 DRI + EAF,6237.0,4851.0,6.3,5.600001,11.853062,11.853062,1.12,1.12,10.733062,53.665311,12016.929,1994.58,14816.077,12821.497,2799.149,10022.349,2691.871,181.997,1472.667,10409.747,59.796,-2799.149,model_estimate,Nippon Steel 공식 생산·배출·용량 총량에 맞춘 지역 블록 배분,DISCLOSED_PATH,PORT-92BAA222AC4A,False,False,2035,8.257752286632595,-8.257752286632595,True,True,True,True,,0.0,0.0,0.0,2,2,0.45364541439999984,0.65,2.0
NIPPON_STEEL_JP,Nippon Steel,ACCELERATED_15C,P3,NS-KYUSHU,Kyushu Works Yawata 블록,규슈,2029,BF_BOF,기준 BF-BOF 복합 블록,SCRAP_EAF,스크랩 기반 대형 EAF,6160.0,3960.0,10.0,9.0,19.049562,4.05,4.05,4.05,14.999562,179.994744,2545.209,988.176,11721.143,10732.967,9175.933,1557.033,3196.578,462.398,8009.343,0.0,52.824,-9175.933,model_estimate,Yawata BF→EAF 공시 방향을 반영해 조기 재투자 창을 설정; 블록 생산량 추정,DISCLOSED_PATH,PORT-92BAA222AC4A,False,False,2035,8.257752286632595,-8.257752286632595,True,True,True,True,,0.0,0.0,0.0,2,2,0.45364541439999984,0.65,2.0
NIPPON_STEEL_JP,Nippon Steel,ACCELERATED_15C,P3,NS-SETOUCHI,Setouchi Works Hirohata 블록,세토우치,2038,BF_BOF,기준 BF-BOF 복합 블록,H2_DRI_EAF,수소 DRI + EAF,7425.0,5775.0,7.5,6.3,13.334693,13.334693,1.26,1.26,12.074693,36.22408,8829.358,1680.7,10707.727,9027.028,1878.37,7148.658,2879.188,116.221,953.647,6714.086,44.585,-1878.37,model_estimate,Hirohata EAF 투자 방향을 반영한 복합 블록; 생산량·재투자연도 추정,DISCLOSED_PATH,PORT-92BAA222AC4A,False,False,2035,8.257752286632595,-8.257752286632595,True,True,True,True,,0.0,0.0,0.0,2,2,0.45364541439999984,0.65,2.0
NIPPON_STEEL_JP,Nippon Steel,ACCELERATED_15C,P4,NS-EAST,East Nippon Works 블록,동일본,2033,BF_BOF,기준 BF-BOF 복합 블록,H2_DRI_EAF,수소 DRI + EAF,8019.0,6237.0,8.1,7.200001,15.239652,15.239652,1.44,1.44,13.799651,110.397211,25176.717,5229.602,30935.913,25706.312,5759.197,19947.115,4064.022,407.592,3225.723,22959.048,279.529,-5759.197,model_estimate,Nippon Steel 공식 생산·배출·용량 총량에 맞춘 지역 블록 배분,DISCLOSED_PATH,PORT-DF77606A395F,False,False,2040,1.649996520000002,-1.649996520000002,True,True,True,True,,0.0,0.0,0.0,2,2,0.5130317823999999,0.65,2.48
NIPPON_STEEL_JP,Nippon Steel,ACCELERATED_15C,P4,NS-NAGOYA,Nagoya Works 블록,나고야,2031,BF_BOF,기준 BF-BOF 복합 블록,BF_RELINE,BF 개수·효율 패키지,1925.0,385.0,7.0,6.199998,13.123027,13.123027,11.779996,11.779996,1.343031,13.430312,-297.978,0.0,397.287,397.287,695.265,-297.978,279.22,35.757,78.731,0.0,3.58,-695.265,model_estimate,Nippon Steel 공식 생산·배출·용량 총량에 맞춘 지역 블록 배분,DISCLOSED_PATH,PORT-DF77606A395F,False,False,2040,1.649996520000002,-1.649996520000002,True,True,True,True,,0.0,0.0,0.0,2,2,0.5130317823999999,0.65,2.48
NIPPON_STEEL_JP,Nippon Steel,ACCELERATED_15C,P4,NS-KANSAI,Kansai Works 블록,간사이,2035,BF_BOF,기준 BF-BOF 복합 블록,H2_DRI_EAF,수소 DRI + EAF,6237.0,4851.0,6.3,5.600001,11.853062,11.853062,1.12,1.12,10.733062,64.398373,14447.379,3088.143,17812.039,14723.896,3364.66,11359.236,2839.924,224.616,1804.443,12781.579,161.478,-3364.66,model_estimate,Nippon Steel 공식 생산·배출·용량 총량에 맞춘 지역 블록 배분,DISCLOSED_PATH,PORT-DF77606A395F,False,False,2040,1.649996520000002,-1.649996520000002,True,True,True,True,,0.0,0.0,0.0,2,2,0.5130317823999999,0.65,2.48
NIPPON_STEEL_JP,Nippon Steel,ACCELERATED_15C,P4,NS-KYUSHU,Kyushu Works Yawata 블록,규슈,2028,BF_BOF,기준 BF-BOF 복합 블록,SCRAP_EAF,스크랩 기반 대형 EAF,6160.0,3960.0,10.0,9.0,19.049562,4.05,4.05,4.05,14.999562,194.994306,3045.164,1088.523,12867.773,11779.25,9822.609,1956.641,3372.39,516.049,8857.039,0.0,122.294,-9822.609,model_estimate,Yawata BF→EAF 공시 방향을 반영해 조기 재투자 창을 설정; 블록 생산량 추정,DISCLOSED_PATH,PORT-DF77606A395F,False,False,2040,1.649996520000002,-1.649996520000002,True,True,True,True,,0.0,0.0,0.0,2,2,0.5130317823999999,0.65,2.48
NIPPON_STEEL_JP,Nippon Steel,ACCELERATED_15C,P4,NS-SETOUCHI,Setouchi Works Hirohata 블록,세토우치,2037,BF_BOF,기준 BF-BOF 복합 블록,H2_DRI_EAF,수소 DRI + EAF,7425.0,5775.0,7.5,6.3,13.334693,13.334693,1.26,1.26,12.074693,48.298774,11265.387,2549.316,13778.228,11228.912,2512.841,8716.071,3037.543,159.299,1298.138,9157.474,125.774,-2512.841,model_estimate,Hirohata EAF 투자 방향을 반영한 복합 블록; 생산량·재투자연도 추정,DISCLOSED_PATH,PORT-DF77606A395F,False,False,2040,1.649996520000002,-1.649996520000002,True,True,True,True,,0.0,0.0,0.0,2,2,0.5130317823999999,0.65,2.48
NIPPON_STEEL_JP,Nippon Steel,ACCELERATED_15C,P5,NS-EAST,East Nippon Works 블록,동일본,2033,BF_BOF,기준 BF-BOF 복합 블록,H2_DRI_EAF,수소 DRI + EAF,8019.0,6237.0,8.1,7.200001,15.239652,15.239652,1.44,1.44,13.799651,110.397211,25392.763,7186.451,31151.96,23965.509,5759.197,18206.312,4064.022,407.592,3225.723,22959.048,495.575,-5759.197,model_estimate,Nippon Steel 공식 생산·배출·용량 총량에 맞춘 지역 블록 배분,DISCLOSED_PATH,PORT-C942BD99A66C,True,True,,0.0,3.446647212967946e-06,True,True,True,True,,0.0,0.0,0.0,2,2,0.5840479807999999,0.65,3.12
NIPPON_STEEL_JP,Nippon Steel,ACCELERATED_15C,P5,NS-NAGOYA,Nagoya Works 블록,나고야,2031,BF_BOF,기준 BF-BOF 복합 블록,H2_DRI_EAF,수소 DRI + EAF,6930.0,5390.0,7.0,6.199998,13.123027,13.123027,1.24,1.24,11.883028,118.830278,28307.897,7960.94,34459.542,26498.602,6151.645,20346.957,3909.075,464.844,3621.612,25915.976,548.035,-6151.645,model_estimate,Nippon Steel 공식 생산·배출·용량 총량에 맞춘 지역 블록 배분,DISCLOSED_PATH,PORT-C942BD99A66C,True,True,,0.0,3.446647212967946e-06,True,True,True,True,,0.0,0.0,0.0,2,2,0.5840479807999999,0.65,3.12
NIPPON_STEEL_JP,Nippon Steel,ACCELERATED_15C,P5,NS-KANSAI,Kansai Works 블록,간사이,2035,BF_BOF,기준 BF-BOF 복합 블록,H2_DRI_EAF,수소 DRI + EAF,6237.0,4851.0,6.3,5.600001,11.853062,11.853062,1.12,1.12,10.733062,64.398373,14571.329,4165.145,17935.989,13770.844,3364.66,10406.184,2839.924,224.616,1804.443,12781.579,285.427,-3364.66,model_estimate,Nippon Steel 공식 생산·배출·용량 총량에 맞춘 지역 블록 배분,DISCLOSED_PATH,PORT-C942BD99A66C,True,True,,0.0,3.446647212967946e-06,True,True,True,True,,0.0,0.0,0.0,2,2,0.5840479807999999,0.65,3.12
NIPPON_STEEL_JP,Nippon Steel,ACCELERATED_15C,P5,NS-KYUSHU,Kyushu Works Yawata 블록,규슈,2028,BF_BOF,기준 BF-BOF 복합 블록,SCRAP_EAF,스크랩 기반 대형 EAF,6160.0,3960.0,10.0,9.0,19.049562,4.05,4.05,4.05,14.999562,194.994306,3132.669,1132.632,12955.278,11822.646,9822.609,2000.037,3372.39,516.049,8857.039,0.0,209.8,-9822.609,model_estimate,Yawata BF→EAF 공시 방향을 반영해 조기 재투자 창을 설정; 블록 생산량 추정,DISCLOSED_PATH,PORT-C942BD99A66C,True,True,,0.0,3.446647212967946e-06,True,True,True,True,,0.0,0.0,0.0,2,2,0.5840479807999999,0.65,3.12
NIPPON_STEEL_JP,Nippon Steel,ACCELERATED_15C,P5,NS-SETOUCHI,Setouchi Works Hirohata 블록,세토우치,2037,BF_BOF,기준 BF-BOF 복합 블록,H2_DRI_EAF,수소 DRI + EAF,7425.0,5775.0,7.5,6.3,13.334693,13.334693,1.26,1.26,12.074693,48.298774,11360.499,3314.287,13873.34,10559.053,2512.841,8046.212,3037.543,159.299,1298.138,9157.474,220.886,-2512.841,model_estimate,Hirohata EAF 투자 방향을 반영한 복합 블록; 생산량·재투자연도 추정,DISCLOSED_PATH,PORT-C942BD99A66C,True,True,,0.0,3.446647212967946e-06,True,True,True,True,,0.0,0.0,0.0,2,2,0.5840479807999999,0.65,3.12
NIPPON_STEEL_JP,Nippon Steel,ACCELERATED_15C,P6,NS-EAST,East Nippon Works 블록,동일본,2032,BF_BOF,기준 BF-BOF 복합 블록,H2_DRI_EAF,수소 DRI + EAF,8019.0,6237.0,8.1,7.200001,15.239652,15.239652,1.44,1.44,13.799651,124.196862,29485.206,10570.523,35944.498,25373.975,6459.292,18914.683,4287.543,471.936,3706.126,26447.774,1031.119,-6459.292,model_estimate,Nippon Steel 공식 생산·배출·용량 총량에 맞춘 지역 블록 배분,DISCLOSED_PATH,PORT-7C945F726D00,True,True,,0.0,3.446647212967946e-06,True,True,True,True,,0.0,0.0,0.0,2,2,0.5659631103999998,0.65,2.96
NIPPON_STEEL_JP,Nippon Steel,ACCELERATED_15C,P6,NS-NAGOYA,Nagoya Works 블록,나고야,2030,BF_BOF,기준 BF-BOF 복합 블록,BF_RELINE,BF 개수·효율 패키지,1925.0,385.0,7.0,6.199998,13.123027,11.779996,11.779996,11.779996,1.343031,14.773343,-324.92,0.0,435.083,435.083,760.004,-324.92,294.577,40.501,88.456,0.0,11.55,-760.004,model_estimate,Nippon Steel 공식 생산·배출·용량 총량에 맞춘 지역 블록 배분,DISCLOSED_PATH,PORT-7C945F726D00,True,True,,0.0,3.446647212967946e-06,True,True,True,True,,0.0,0.0,0.0,2,2,0.5659631103999998,0.65,2.96
NIPPON_STEEL_JP,Nippon Steel,ACCELERATED_15C,P6,NS-KANSAI,Kansai Works 블록,간사이,2034,BF_BOF,기준 BF-BOF 복합 블록,H2_DRI_EAF,수소 DRI + EAF,6237.0,4851.0,6.3,5.600001,11.853062,11.853062,1.12,1.12,10.733062,75.131435,17363.224,6219.908,21288.702,15068.794,3925.478,11143.316,2996.12,269.58,2149.693,15262.404,610.906,-3925.478,model_estimate,Nippon Steel 공식 생산·배출·용량 총량에 맞춘 지역 블록 배분,DISCLOSED_PATH,PORT-7C945F726D00,True,True,,0.0,3.446647212967946e-06,True,True,True,True,,0.0,0.0,0.0,2,2,0.5659631103999998,0.65,2.96
NIPPON_STEEL_JP,Nippon Steel,ACCELERATED_15C,P6,NS-KYUSHU,Kyushu Works Yawata 블록,규슈,2028,BF_BOF,기준 BF-BOF 복합 블록,H2_DRI_EAF,수소 DRI + EAF,9900.0,7700.0,10.0,9.0,19.049562,1.8,1.8,1.8,17.249562,224.244306,58124.863,20857.426,69420.907,48563.481,11296.043,37267.438,6557.425,1032.099,7275.425,52567.806,1988.152,-11296.043,model_estimate,Yawata BF→EAF 공시 방향을 반영해 조기 재투자 창을 설정; 블록 생산량 추정,DISCLOSED_PATH,PORT-7C945F726D00,True,True,,0.0,3.446647212967946e-06,True,True,True,True,,0.0,0.0,0.0,2,2,0.5659631103999998,0.65,2.96
NIPPON_STEEL_JP,Nippon Steel,ACCELERATED_15C,P6,NS-SETOUCHI,Setouchi Works Hirohata 블록,세토우치,2036,BF_BOF,기준 BF-BOF 복합 블록,H2_DRI_EAF,수소 DRI + EAF,7425.0,5775.0,7.5,6.3,13.334693,13.334693,1.26,1.26,12.074693,60.373467,14123.953,5051.624,17272.994,12221.371,3149.042,9072.329,3204.608,204.746,1656.751,11710.963,495.926,-3149.042,model_estimate,Hirohata EAF 투자 방향을 반영한 복합 블록; 생산량·재투자연도 추정,DISCLOSED_PATH,PORT-7C945F726D00,True,True,,0.0,3.446647212967946e-06,True,True,True,True,,0.0,0.0,0.0,2,2,0.5659631103999998,0.65,2.96
NIPPON_STEEL_JP,Nippon Steel,ACCELERATED_15C,P7,NS-EAST,East Nippon Works 블록,동일본,2031,BF_BOF,기준 BF-BOF 복합 블록,H2_DRI_EAF,수소 DRI + EAF,8019.0,6237.0,8.1,7.200001,15.239652,15.239652,1.44,1.44,13.799651,137.996513,33890.294,13466.149,41034.143,27567.994,7143.849,20424.145,4523.358,539.819,4205.745,30095.985,1669.235,-7143.849,model_estimate,Nippon Steel 공식 생산·배출·용량 총량에 맞춘 지역 블록 배분,DISCLOSED_PATH,PORT-2ECB61BA4654,True,False,,0.0,3.446647212967946e-06,False,False,False,True,2029,0.0,0.1359998899999999,0.0,3,2,0.6292601567999999,0.65,3.5999999999999996
NIPPON_STEEL_JP,Nippon Steel,ACCELERATED_15C,P7,NS-NAGOYA,Nagoya Works 블록,나고야,2029,BF_BOF,기준 BF-BOF 복합 블록,H2_DRI_EAF,수소 DRI + EAF,6930.0,5390.0,7.0,6.199998,13.123027,1.24,1.24,1.24,11.883028,142.596333,36621.559,14582.202,43890.963,29308.761,7269.404,22039.357,4350.898,591.575,4532.269,32631.28,1784.94,-7269.404,model_estimate,Nippon Steel 공식 생산·배출·용량 총량에 맞춘 지역 블록 배분,DISCLOSED_PATH,PORT-2ECB61BA4654,True,False,,0.0,3.446647212967946e-06,False,False,False,True,2029,0.0,0.1359998899999999,0.0,3,2,0.6292601567999999,0.65,3.5999999999999996
NIPPON_STEEL_JP,Nippon Steel,ACCELERATED_15C,P7,NS-KANSAI,Kansai Works 블록,간사이,2033,BF_BOF,기준 BF-BOF 복합 블록,H2_DRI_EAF,수소 DRI + EAF,6237.0,4851.0,6.3,5.600001,11.853062,11.853062,1.12,1.12,10.733062,85.864497,20375.897,8070.956,24855.272,16784.316,4479.375,12304.94,3160.906,317.016,2508.896,17857.037,1011.417,-4479.375,model_estimate,Nippon Steel 공식 생산·배출·용량 총량에 맞춘 지역 블록 배분,DISCLOSED_PATH,PORT-2ECB61BA4654,True,False,,0.0,3.446647212967946e-06,False,False,False,True,2029,0.0,0.1359998899999999,0.0,3,2,0.6292601567999999,0.65,3.5999999999999996
NIPPON_STEEL_JP,Nippon Steel,ACCELERATED_15C,P7,NS-KYUSHU,Kyushu Works Yawata 블록,규슈,2028,BF_BOF,기준 BF-BOF 복합 블록,H2_DRI_EAF,수소 DRI + EAF,9900.0,7700.0,10.0,9.0,19.049562,1.8,1.8,1.8,17.249562,224.244306,58991.71,23515.566,70287.753,46772.187,11296.043,35476.144,6557.425,1032.099,7275.425,52567.806,2854.998,-11296.043,model_estimate,Yawata BF→EAF 공시 방향을 반영해 조기 재투자 창을 설정; 블록 생산량 추정,DISCLOSED_PATH,PORT-2ECB61BA4654,True,False,,0.0,3.446647212967946e-06,False,False,False,True,2029,0.0,0.1359998899999999,0.0,3,2,0.6292601567999999,0.65,3.5999999999999996
NIPPON_STEEL_JP,Nippon Steel,ACCELERATED_15C,P7,NS-SETOUCHI,Setouchi Works Hirohata 블록,세토우치,2035,BF_BOF,기준 BF-BOF 복합 블록,H2_DRI_EAF,수소 DRI + EAF,7425.0,5775.0,7.5,6.3,13.334693,13.334693,1.26,1.26,12.074693,72.44816,17108.181,6734.916,20893.423,14158.506,3785.242,10373.264,3380.862,252.693,2029.998,14379.275,850.596,-3785.242,model_estimate,Hirohata EAF 투자 방향을 반영한 복합 블록; 생산량·재투자연도 추정,DISCLOSED_PATH,PORT-2ECB61BA4654,True,False,,0.0,3.446647212967946e-06,False,False,False,True,2029,0.0,0.1359998899999999,0.0,3,2,0.6292601567999999,0.65,3.5999999999999996
NIPPON_STEEL_JP,Nippon Steel,ACCELERATED_15C,CURRENT,NS-EAST,East Nippon Works 블록,동일본,2033,BF_BOF,기준 BF-BOF 복합 블록,BF_RELINE,BF 개수·효율 패키지,2227.5,445.5,8.1,7.200001,15.239652,15.239652,13.680002,13.680002,1.55965,12.477198,-255.991,0.0,394.919,394.919,650.91,-255.991,290.287,31.353,70.124,0.0,3.154,-650.91,model_estimate,Nippon Steel 공식 생산·배출·용량 총량에 맞춘 지역 블록 배분,DISCLOSED_PATH,PORT-FFBF1A00D2CE,False,False,2035,13.889998049999999,-13.889998049999999,True,True,True,True,,0.0,0.0,0.0,2,2,0.4298908671999999,0.65,1.84
NIPPON_STEEL_JP,Nippon Steel,ACCELERATED_15C,CURRENT,NS-NAGOYA,Nagoya Works 블록,나고야,2031,BF_BOF,기준 BF-BOF 복합 블록,BF_RELINE,BF 개수·효율 패키지,1925.0,385.0,7.0,6.199998,13.123027,13.123027,11.779996,11.779996,1.343031,13.430312,-298.425,0.0,396.84,396.84,695.265,-298.425,279.22,35.757,78.731,0.0,3.132,-695.265,model_estimate,Nippon Steel 공식 생산·배출·용량 총량에 맞춘 지역 블록 배분,DISCLOSED_PATH,PORT-FFBF1A00D2CE,False,False,2035,13.889998049999999,-13.889998049999999,True,True,True,True,,0.0,0.0,0.0,2,2,0.4298908671999999,0.65,1.84
NIPPON_STEEL_JP,Nippon Steel,ACCELERATED_15C,CURRENT,NS-KANSAI,Kansai Works 블록,간사이,2035,BF_BOF,기준 BF-BOF 복합 블록,H2_DRI_EAF,수소 DRI + EAF,6237.0,4851.0,6.3,5.600001,11.853062,11.853062,1.12,1.12,10.733062,64.398373,14374.471,2297.512,17739.131,15441.619,3364.66,12076.959,2839.924,224.616,1804.443,12781.579,88.569,-3364.66,model_estimate,Nippon Steel 공식 생산·배출·용량 총량에 맞춘 지역 블록 배분,DISCLOSED_PATH,PORT-FFBF1A00D2CE,False,False,2035,13.889998049999999,-13.889998049999999,True,True,True,True,,0.0,0.0,0.0,2,2,0.4298908671999999,0.65,1.84
NIPPON_STEEL_JP,Nippon Steel,ACCELERATED_15C,CURRENT,NS-KYUSHU,Kyushu Works Yawata 블록,규슈,2028,BF_BOF,기준 BF-BOF 복합 블록,SCRAP_EAF,스크랩 기반 대형 EAF,6160.0,3960.0,10.0,9.0,19.049562,4.05,4.05,4.05,14.999562,194.994306,3029.877,1061.941,12852.486,11790.544,9822.609,1967.936,3372.39,516.049,8857.039,0.0,107.008,-9822.609,model_estimate,Yawata BF→EAF 공시 방향을 반영해 조기 재투자 창을 설정; 블록 생산량 추정,DISCLOSED_PATH,PORT-FFBF1A00D2CE,False,False,2035,13.889998049999999,-13.889998049999999,True,True,True,True,,0.0,0.0,0.0,2,2,0.4298908671999999,0.65,1.84
NIPPON_STEEL_JP,Nippon Steel,ACCELERATED_15C,CURRENT,NS-SETOUCHI,Setouchi Works Hirohata 블록,세토우치,2037,BF_BOF,기준 BF-BOF 복합 블록,H2_DRI_EAF,수소 DRI + EAF,7425.0,5775.0,7.5,6.3,13.334693,13.334693,1.26,1.26,12.074693,48.298774,11211.89,1989.067,13724.732,11735.665,2512.841,9222.824,3037.543,159.299,1298.138,9157.474,72.278,-2512.841,model_estimate,Hirohata EAF 투자 방향을 반영한 복합 블록; 생산량·재투자연도 추정,DISCLOSED_PATH,PORT-FFBF1A00D2CE,False,False,2035,13.889998049999999,-13.889998049999999,True,True,True,True,,0.0,0.0,0.0,2,2,0.4298908671999999,0.65,1.84
JFE_STEEL_JP,JFE Steel,DISCLOSED_PATH,P1,JFE-KURA,West Japan Works Kurashiki,구라시키,2029,BF_BOF,기준 BF-BOF 복합 블록,SCRAP_EAF,스크랩 기반 대형 EAF,4558.4,2930.4,7.4,6.800001,14.384,3.06,3.06,3.06,11.324,135.888002,3458.27,591.367,8208.599,7617.232,4750.329,2866.903,2365.468,299.458,5543.673,0.0,0.0,-4750.329,model_estimate,2028 혁신 EAF 공시를 반영한 조기 재투자 창; 생산량은 공식 총량에 맞춘 추정,DISCLOSED_PATH,PORT-9D97003767D5,True,False,,0.0,1.265341119704999e-05,False,False,True,True,2033,4.44999748,0.0,0.8619984320000018,2,3,0.22808320000000004,0.65,0.6599999999999999
JFE_STEEL_JP,JFE Steel,DISCLOSED_PATH,P1,JFE-FUKU,West Japan Works Fukuyama,후쿠야마,2033,BF_BOF,기준 BF-BOF 복합 블록,SCRAP_EAF,스크랩 기반 대형 EAF,6036.8,3880.8,9.8,8.999997,19.037639,19.037639,4.049998,4.049998,14.98764,119.901123,2975.16,632.181,7190.802,6558.621,4215.642,2342.979,2528.725,235.149,4426.928,0.0,0.0,-4215.642,model_estimate,JFE 공식 생산·배출 총량에 맞춘 설비 블록 배분,DISCLOSED_PATH,PORT-9D97003767D5,True,False,,0.0,1.265341119704999e-05,False,False,True,True,2033,4.44999748,0.0,0.8619984320000018,2,3,0.22808320000000004,0.65,0.6599999999999999
JFE_STEEL_JP,JFE Steel,DISCLOSED_PATH,P1,JFE-CHIBA,East Japan Works Chiba,치바,2036,BF_BOF,기준 BF-BOF 복합 블록,BF_RELINE,BF 개수·효율 패키지,1650.0,330.0,6.0,5.449998,11.528348,11.528348,10.354996,10.354996,1.173352,5.866759,5.99,0.0,210.922,210.922,204.931,5.99,183.12,0.0,27.801,0.0,0.0,-204.931,model_estimate,JFE 공식 생산·배출 총량에 맞춘 설비 블록 배분,DISCLOSED_PATH,PORT-9D97003767D5,True,False,,0.0,1.265341119704999e-05,False,False,True,True,2033,4.44999748,0.0,0.8619984320000018,2,3,0.22808320000000004,0.65,0.6599999999999999
JFE_STEEL_JP,JFE Steel,DISCLOSED_PATH,P1,JFE-SENDAI,Sendai Works EAF,센다이,2033,EAF_BASELINE,기존 전기로 기준 블록,EAF_RENEWABLE,기존 EAF 재생전력 업그레이드,228.8,70.4,0.8,0.7,0.35,0.35,0.07,0.07,0.28,2.24,-17.539,6.881,61.218,54.337,78.757,-24.42,45.873,3.048,12.297,0.0,0.0,-78.757,model_estimate,공식 EAF 사업장 존재를 반영; 생산량·집약도·재투자연도 추정,DISCLOSED_PATH,PORT-9D97003767D5,True,False,,0.0,1.265341119704999e-05,False,False,True,True,2033,4.44999748,0.0,0.8619984320000018,2,3,0.22808320000000004,0.65,0.6599999999999999
JFE_STEEL_JP,JFE Steel,DISCLOSED_PATH,P2,JFE-KURA,West Japan Works Kurashiki,구라시키,2029,BF_BOF,기준 BF-BOF 복합 블록,SCRAP_EAF,스크랩 기반 대형 EAF,4558.4,2930.4,7.4,6.800001,14.384,3.06,3.06,3.06,11.324,135.888002,3471.316,612.709,8221.645,7608.936,4750.329,2858.607,2365.468,299.458,5543.673,0.0,13.046,-4750.329,model_estimate,2028 혁신 EAF 공시를 반영한 조기 재투자 창; 생산량은 공식 총량에 맞춘 추정,DISCLOSED_PATH,PORT-25A7E18292F6,True,False,,0.0,1.265341119704999e-05,False,False,True,True,2033,4.44999748,0.0,0.8619984320000018,3,3,0.3406543999999999,0.65,1.3
JFE_STEEL_JP,JFE Steel,DISCLOSED_PATH,P2,JFE-FUKU,West Japan Works Fukuyama,후쿠야마,2033,BF_BOF,기준 BF-BOF 복합 블록,SCRAP_EAF,스크랩 기반 대형 EAF,6036.8,3880.8,9.8,8.999997,19.037639,19.037639,4.049998,4.049998,14.98764,119.901123,2986.858,642.05,7202.5,6560.45,4215.642,2344.808,2528.725,235.149,4426.928,0.0,11.698,-4215.642,model_estimate,JFE 공식 생산·배출 총량에 맞춘 설비 블록 배분,DISCLOSED_PATH,PORT-25A7E18292F6,True,False,,0.0,1.265341119704999e-05,False,False,True,True,2033,4.44999748,0.0,0.8619984320000018,3,3,0.3406543999999999,0.65,1.3
JFE_STEEL_JP,JFE Steel,DISCLOSED_PATH,P2,JFE-CHIBA,East Japan Works Chiba,치바,2036,BF_BOF,기준 BF-BOF 복합 블록,H2_DRI_EAF,수소 DRI + EAF,5940.0,4620.0,6.0,5.449998,11.528348,11.528348,1.09,1.09,10.438348,52.191742,11436.975,985.313,13260.081,12274.768,1823.106,10451.662,2563.687,163.497,1278.862,9237.752,16.283,-1823.106,model_estimate,JFE 공식 생산·배출 총량에 맞춘 설비 블록 배분,DISCLOSED_PATH,PORT-25A7E18292F6,True,False,,0.0,1.265341119704999e-05,False,False,True,True,2033,4.44999748,0.0,0.8619984320000018,3,3,0.3406543999999999,0.65,1.3
JFE_STEEL_JP,JFE Steel,DISCLOSED_PATH,P2,JFE-SENDAI,Sendai Works EAF,센다이,2033,EAF_BASELINE,기존 전기로 기준 블록,EAF_RENEWABLE,기존 EAF 재생전력 업그레이드,228.8,70.4,0.8,0.7,0.35,0.35,0.07,0.07,0.28,2.24,-17.429,6.895,61.328,54.433,78.757,-24.324,45.873,3.048,12.297,0.0,0.11,-78.757,model_estimate,공식 EAF 사업장 존재를 반영; 생산량·집약도·재투자연도 추정,DISCLOSED_PATH,PORT-25A7E18292F6,True,False,,0.0,1.265341119704999e-05,False,False,True,True,2033,4.44999748,0.0,0.8619984320000018,3,3,0.3406543999999999,0.65,1.3
JFE_STEEL_JP,JFE Steel,DISCLOSED_PATH,P3,JFE-KURA,West Japan Works Kurashiki,구라시키,2029,BF_BOF,기준 BF-BOF 복합 블록,SCRAP_EAF,스크랩 기반 대형 EAF,4558.4,2930.4,7.4,6.800001,14.384,3.06,3.06,3.06,11.324,135.888002,3495.635,645.521,8245.964,7600.443,4750.329,2850.114,2365.468,299.458,5543.673,0.0,37.365,-4750.329,model_estimate,2028 혁신 EAF 공시를 반영한 조기 재투자 창; 생산량은 공식 총량에 맞춘 추정,DISCLOSED_PATH,PORT-CCD4397FA6D4,True,True,,0.0,1.265341119704999e-05,True,True,True,True,,0.0,0.0,0.0,2,3,0.3119871999999999,0.65,1.1400000000000001
JFE_STEEL_JP,JFE Steel,DISCLOSED_PATH,P3,JFE-FUKU,West Japan Works Fukuyama,후쿠야마,2033,BF_BOF,기준 BF-BOF 복합 블록,H2_DRI_EAF,수소 DRI + EAF,9702.0,7546.0,9.8,8.999997,19.037639,19.037639,1.799999,1.799999,17.237639,137.901116,30773.009,3321.245,35621.518,32300.273,4848.509,27451.763,4916.965,509.49,3636.405,26417.415,141.243,-4848.509,model_estimate,JFE 공식 생산·배출 총량에 맞춘 설비 블록 배분,DISCLOSED_PATH,PORT-CCD4397FA6D4,True,True,,0.0,1.265341119704999e-05,True,True,True,True,,0.0,0.0,0.0,2,3,0.3119871999999999,0.65,1.1400000000000001
JFE_STEEL_JP,JFE Steel,DISCLOSED_PATH,P3,JFE-CHIBA,East Japan Works Chiba,치바,2036,BF_BOF,기준 BF-BOF 복합 블록,BF_RELINE,BF 개수·효율 패키지,1650.0,330.0,6.0,5.449998,11.528348,11.528348,10.354996,10.354996,1.173352,5.866759,7.077,0.0,212.008,212.008,204.931,7.077,183.12,0.0,27.801,0.0,1.086,-204.931,model_estimate,JFE 공식 생산·배출 총량에 맞춘 설비 블록 배분,DISCLOSED_PATH,PORT-CCD4397FA6D4,True,True,,0.0,1.265341119704999e-05,True,True,True,True,,0.0,0.0,0.0,2,3,0.3119871999999999,0.65,1.1400000000000001
JFE_STEEL_JP,JFE Steel,DISCLOSED_PATH,P3,JFE-SENDAI,Sendai Works EAF,센다이,2033,EAF_BASELINE,기존 전기로 기준 블록,EAF_RENEWABLE,기존 EAF 재생전력 업그레이드,228.8,70.4,0.8,0.7,0.35,0.35,0.07,0.07,0.28,2.24,-17.243,6.917,61.514,54.597,78.757,-24.16,45.873,3.048,12.297,0.0,0.296,-78.757,model_estimate,공식 EAF 사업장 존재를 반영; 생산량·집약도·재투자연도 추정,DISCLOSED_PATH,PORT-CCD4397FA6D4,True,True,,0.0,1.265341119704999e-05,True,True,True,True,,0.0,0.0,0.0,2,3,0.3119871999999999,0.65,1.1400000000000001
JFE_STEEL_JP,JFE Steel,DISCLOSED_PATH,P4,JFE-KURA,West Japan Works Kurashiki,구라시키,2028,BF_BOF,기준 BF-BOF 복합 블록,SCRAP_EAF,스크랩 기반 대형 EAF,4558.4,2930.4,7.4,6.800001,14.384,3.06,3.06,3.06,11.324,147.212003,3953.684,734.265,9072.883,8338.618,5119.199,3219.419,2495.569,334.203,6156.59,0.0,86.522,-5119.199,model_estimate,2028 혁신 EAF 공시를 반영한 조기 재투자 창; 생산량은 공식 총량에 맞춘 추정,DISCLOSED_PATH,PORT-2883A9539B06,True,False,,0.0,1.265341119704999e-05,False,False,True,True,2028,0.0,0.0,0.9619987720000003,3,3,0.41232239999999987,0.65,1.78
JFE_STEEL_JP,JFE Steel,DISCLOSED_PATH,P4,JFE-FUKU,West Japan Works Fukuyama,후쿠야마,2032,BF_BOF,기준 BF-BOF 복합 블록,H2_DRI_EAF,수소 DRI + EAF,9702.0,7546.0,9.8,8.999997,19.037639,19.037639,1.799999,1.799999,17.237639,155.138755,35414.57,5088.032,40870.974,35782.942,5456.403,30326.538,5187.398,589.92,4193.65,30531.413,368.593,-5456.403,model_estimate,JFE 공식 생산·배출 총량에 맞춘 설비 블록 배분,DISCLOSED_PATH,PORT-2883A9539B06,True,False,,0.0,1.265341119704999e-05,False,False,True,True,2028,0.0,0.0,0.9619987720000003,3,3,0.41232239999999987,0.65,1.78
JFE_STEEL_JP,JFE Steel,DISCLOSED_PATH,P4,JFE-CHIBA,East Japan Works Chiba,치바,2035,BF_BOF,기준 BF-BOF 복합 블록,H2_DRI_EAF,수소 DRI + EAF,5940.0,4620.0,6.0,5.449998,11.528348,11.528348,1.09,1.09,10.438348,62.630091,13807.46,2093.973,16001.805,13907.832,2194.345,11713.487,2704.689,201.784,1572.396,11377.765,145.171,-2194.345,model_estimate,JFE 공식 생산·배출 총량에 맞춘 설비 블록 배분,DISCLOSED_PATH,PORT-2883A9539B06,True,False,,0.0,1.265341119704999e-05,False,False,True,True,2028,0.0,0.0,0.9619987720000003,3,3,0.41232239999999987,0.65,1.78
JFE_STEEL_JP,JFE Steel,DISCLOSED_PATH,P4,JFE-SENDAI,Sendai Works EAF,센다이,2032,EAF_BASELINE,기존 전기로 기준 블록,EAF_RENEWABLE,기존 EAF 재생전력 업그레이드,228.8,70.4,0.8,0.7,0.35,0.35,0.07,0.07,0.28,2.52,-21.899,7.332,66.732,59.4,88.631,-29.231,48.396,3.529,14.181,0.0,0.626,-88.631,model_estimate,공식 EAF 사업장 존재를 반영; 생산량·집약도·재투자연도 추정,DISCLOSED_PATH,PORT-2883A9539B06,True,False,,0.0,1.265341119704999e-05,False,False,True,True,2028,0.0,0.0,0.9619987720000003,3,3,0.41232239999999987,0.65,1.78
JFE_STEEL_JP,JFE Steel,DISCLOSED_PATH,P5,JFE-KURA,West Japan Works Kurashiki,구라시키,2028,BF_BOF,기준 BF-BOF 복합 블록,SCRAP_EAF,스크랩 기반 대형 EAF,4558.4,2930.4,7.4,6.800001,14.384,3.06,3.06,3.06,11.324,147.212003,4015.456,794.932,9134.655,8339.723,5119.199,3220.524,2495.569,334.203,6156.59,0.0,148.293,-5119.199,model_estimate,2028 혁신 EAF 공시를 반영한 조기 재투자 창; 생산량은 공식 총량에 맞춘 추정,DISCLOSED_PATH,PORT-2883A9539B06,True,False,,0.0,1.265341119704999e-05,False,False,True,True,2028,0.0,0.0,0.9619987720000003,3,3,0.41232239999999987,0.65,1.78
JFE_STEEL_JP,JFE Steel,DISCLOSED_PATH,P5,JFE-FUKU,West Japan Works Fukuyama,후쿠야마,2032,BF_BOF,기준 BF-BOF 복합 블록,H2_DRI_EAF,수소 DRI + EAF,9702.0,7546.0,9.8,8.999997,19.037639,19.037639,1.799999,1.799999,17.237639,155.138755,35699.797,6953.133,41156.2,34203.068,5456.403,28746.664,5187.398,589.92,4193.65,30531.413,653.82,-5456.403,model_estimate,JFE 공식 생산·배출 총량에 맞춘 설비 블록 배분,DISCLOSED_PATH,PORT-2883A9539B06,True,False,,0.0,1.265341119704999e-05,False,False,True,True,2028,0.0,0.0,0.9619987720000003,3,3,0.41232239999999987,0.65,1.78
JFE_STEEL_JP,JFE Steel,DISCLOSED_PATH,P5,JFE-CHIBA,East Japan Works Chiba,치바,2035,BF_BOF,기준 BF-BOF 복합 블록,H2_DRI_EAF,수소 DRI + EAF,5940.0,4620.0,6.0,5.449998,11.528348,11.528348,1.09,1.09,10.438348,62.630091,13918.646,2780.22,16112.991,13332.771,2194.345,11138.426,2704.689,201.784,1572.396,11377.765,256.357,-2194.345,model_estimate,JFE 공식 생산·배출 총량에 맞춘 설비 블록 배분,DISCLOSED_PATH,PORT-2883A9539B06,True,False,,0.0,1.265341119704999e-05,False,False,True,True,2028,0.0,0.0,0.9619987720000003,3,3,0.41232239999999987,0.65,1.78
JFE_STEEL_JP,JFE Steel,DISCLOSED_PATH,P5,JFE-SENDAI,Sendai Works EAF,센다이,2032,EAF_BASELINE,기존 전기로 기준 블록,EAF_RENEWABLE,기존 EAF 재생전력 업그레이드,228.8,70.4,0.8,0.7,0.35,0.35,0.07,0.07,0.28,2.52,-21.49,7.377,67.141,59.764,88.631,-28.867,48.396,3.529,14.181,0.0,1.035,-88.631,model_estimate,공식 EAF 사업장 존재를 반영; 생산량·집약도·재투자연도 추정,DISCLOSED_PATH,PORT-2883A9539B06,True,False,,0.0,1.265341119704999e-05,False,False,True,True,2028,0.0,0.0,0.9619987720000003,3,3,0.41232239999999987,0.65,1.78
JFE_STEEL_JP,JFE Steel,DISCLOSED_PATH,P6,JFE-KURA,West Japan Works Kurashiki,구라시키,2028,BF_BOF,기준 BF-BOF 복합 블록,H2_DRI_EAF,수소 DRI + EAF,7326.0,5698.0,7.4,6.800001,14.384,1.36,1.36,1.36,13.024,169.312005,43344.046,10602.445,49231.758,38629.313,5887.712,32741.601,4852.495,724.108,5057.199,37187.952,1410.005,-5887.712,model_estimate,2028 혁신 EAF 공시를 반영한 조기 재투자 창; 생산량은 공식 총량에 맞춘 추정,DISCLOSED_PATH,PORT-576B945395C2,True,False,,0.0,1.265341119704999e-05,False,False,True,True,2028,0.0,0.3089998460000001,1.281998712,3,3,0.47620039999999997,0.65,2.2600000000000002
JFE_STEEL_JP,JFE Steel,DISCLOSED_PATH,P6,JFE-FUKU,West Japan Works Fukuyama,후쿠야마,2031,BF_BOF,기준 BF-BOF 복합 블록,H2_DRI_EAF,수소 DRI + EAF,9702.0,7546.0,9.8,8.999997,19.037639,19.037639,1.799999,1.799999,17.237639,172.376395,41075.94,10083.646,47134.292,37050.646,6058.352,30992.294,5472.705,674.773,4777.339,34859.117,1350.358,-6058.352,model_estimate,JFE 공식 생산·배출 총량에 맞춘 설비 블록 배분,DISCLOSED_PATH,PORT-576B945395C2,True,False,,0.0,1.265341119704999e-05,False,False,True,True,2028,0.0,0.3089998460000001,1.281998712,3,3,0.47620039999999997,0.65,2.2600000000000002
JFE_STEEL_JP,JFE Steel,DISCLOSED_PATH,P6,JFE-CHIBA,East Japan Works Chiba,치바,2034,BF_BOF,기준 BF-BOF 복합 블록,H2_DRI_EAF,수소 DRI + EAF,5940.0,4620.0,6.0,5.449998,11.528348,11.528348,1.09,1.09,10.438348,73.068439,16588.406,4098.751,19154.1,15055.349,2565.694,12489.655,2853.447,242.177,1879.908,13628.998,549.57,-2565.694,model_estimate,JFE 공식 생산·배출 총량에 맞춘 설비 블록 배분,DISCLOSED_PATH,PORT-576B945395C2,True,False,,0.0,1.265341119704999e-05,False,False,True,True,2028,0.0,0.3089998460000001,1.281998712,3,3,0.47620039999999997,0.65,2.2600000000000002
JFE_STEEL_JP,JFE Steel,DISCLOSED_PATH,P6,JFE-SENDAI,Sendai Works EAF,센다이,2031,EAF_BASELINE,기존 전기로 기준 블록,EAF_RENEWABLE,기존 EAF 재생전력 업그레이드,228.8,70.4,0.8,0.7,0.35,0.35,0.07,0.07,0.28,2.8,-25.131,7.886,73.278,65.391,98.409,-33.018,51.057,4.037,16.155,0.0,2.028,-98.409,model_estimate,공식 EAF 사업장 존재를 반영; 생산량·집약도·재투자연도 추정,DISCLOSED_PATH,PORT-576B945395C2,True,False,,0.0,1.265341119704999e-05,False,False,True,True,2028,0.0,0.3089998460000001,1.281998712,3,3,0.47620039999999997,0.65,2.2600000000000002
JFE_STEEL_JP,JFE Steel,DISCLOSED_PATH,P7,JFE-KURA,West Japan Works Kurashiki,구라시키,2028,BF_BOF,기준 BF-BOF 복합 블록,H2_DRI_EAF,수소 DRI + EAF,7326.0,5698.0,7.4,6.800001,14.384,1.36,1.36,1.36,13.024,169.312005,43958.844,11919.487,49846.556,37927.069,5887.712,32039.357,4852.495,724.108,5057.199,37187.952,2024.803,-5887.712,model_estimate,2028 혁신 EAF 공시를 반영한 조기 재투자 창; 생산량은 공식 총량에 맞춘 추정,DISCLOSED_PATH,PORT-B91429E42CEB,True,False,,0.0,1.265341119704999e-05,False,False,True,True,2028,0.0,0.4689998460000001,2.281998712,3,3,0.47620039999999997,0.65,2.2600000000000002
JFE_STEEL_JP,JFE Steel,DISCLOSED_PATH,P7,JFE-FUKU,West Japan Works Fukuyama,후쿠야마,2030,BF_BOF,기준 BF-BOF 복합 블록,H2_DRI_EAF,수소 DRI + EAF,9702.0,7546.0,9.8,8.999997,19.037639,1.799999,1.799999,1.799999,17.237639,189.614034,46860.583,12712.563,53512.445,40799.882,6651.862,34148.02,5773.704,764.294,5388.696,39411.588,2174.163,-6651.862,model_estimate,JFE 공식 생산·배출 총량에 맞춘 설비 블록 배분,DISCLOSED_PATH,PORT-B91429E42CEB,True,False,,0.0,1.265341119704999e-05,False,False,True,True,2028,0.0,0.4689998460000001,2.281998712,3,3,0.47620039999999997,0.65,2.2600000000000002
JFE_STEEL_JP,JFE Steel,DISCLOSED_PATH,P7,JFE-CHIBA,East Japan Works Chiba,치바,2033,BF_BOF,기준 BF-BOF 복합 블록,H2_DRI_EAF,수소 DRI + EAF,5940.0,4620.0,6.0,5.449998,11.528348,11.528348,1.09,1.09,10.438348,83.506788,19470.062,5288.307,22406.103,17117.796,2936.042,14181.754,3010.387,284.792,2202.045,15997.213,911.667,-2936.042,model_estimate,JFE 공식 생산·배출 총량에 맞춘 설비 블록 배분,DISCLOSED_PATH,PORT-B91429E42CEB,True,False,,0.0,1.265341119704999e-05,False,False,True,True,2028,0.0,0.4689998460000001,2.281998712,3,3,0.47620039999999997,0.65,2.2600000000000002
JFE_STEEL_JP,JFE Steel,DISCLOSED_PATH,P7,JFE-SENDAI,Sendai Works EAF,센다이,2030,EAF_BASELINE,기존 전기로 기준 블록,EAF_RENEWABLE,기존 EAF 재생전력 업그레이드,228.8,70.4,0.8,0.7,0.35,0.07,0.07,0.07,0.28,3.08,-28.266,8.425,79.784,71.358,108.05,-36.691,53.865,4.573,18.223,0.0,3.123,-108.05,model_estimate,공식 EAF 사업장 존재를 반영; 생산량·집약도·재투자연도 추정,DISCLOSED_PATH,PORT-B91429E42CEB,True,False,,0.0,1.265341119704999e-05,False,False,True,True,2028,0.0,0.4689998460000001,2.281998712,3,3,0.47620039999999997,0.65,2.2600000000000002
JFE_STEEL_JP,JFE Steel,DISCLOSED_PATH,CURRENT,JFE-KURA,West Japan Works Kurashiki,구라시키,2027,BF_BOF,기준 BF-BOF 복합 블록,SCRAP_EAF,스크랩 기반 대형 EAF,4558.4,2930.4,7.4,6.800001,14.384,3.06,3.06,3.06,11.324,158.536003,4393.467,773.118,9867.487,9094.369,5474.02,3620.349,2632.825,370.86,6796.374,0.0,67.428,-5474.02,model_estimate,2028 혁신 EAF 공시를 반영한 조기 재투자 창; 생산량은 공식 총량에 맞춘 추정,DISCLOSED_PATH,PORT-D228BC8B7EB8,True,False,,0.0,1.265341119704999e-05,False,False,True,True,2027,6.04999748,0.0,2.861998432000002,3,3,0.3406543999999999,0.65,1.3
JFE_STEEL_JP,JFE Steel,DISCLOSED_PATH,CURRENT,JFE-FUKU,West Japan Works Fukuyama,후쿠야마,2031,BF_BOF,기준 BF-BOF 복합 블록,SCRAP_EAF,스크랩 기반 대형 EAF,6036.8,3880.8,9.8,8.999997,19.037639,19.037639,4.049998,4.049998,14.98764,149.876403,3735.503,766.154,9003.069,8236.915,5267.566,2969.349,2814.534,311.434,5815.891,0.0,61.21,-5267.566,model_estimate,JFE 공식 생산·배출 총량에 맞춘 설비 블록 배분,DISCLOSED_PATH,PORT-D228BC8B7EB8,True,False,,0.0,1.265341119704999e-05,False,False,True,True,2027,6.04999748,0.0,2.861998432000002,3,3,0.3406543999999999,0.65,1.3
JFE_STEEL_JP,JFE Steel,DISCLOSED_PATH,CURRENT,JFE-CHIBA,East Japan Works Chiba,치바,2034,BF_BOF,기준 BF-BOF 복합 블록,H2_DRI_EAF,수소 DRI + EAF,5940.0,4620.0,6.0,5.449998,11.528348,11.528348,1.09,1.09,10.438348,73.068439,16121.878,2195.271,18687.572,16492.3,2565.694,13926.607,2853.447,242.177,1879.908,13628.998,83.042,-2565.694,model_estimate,JFE 공식 생산·배출 총량에 맞춘 설비 블록 배분,DISCLOSED_PATH,PORT-D228BC8B7EB8,True,False,,0.0,1.265341119704999e-05,False,False,True,True,2027,6.04999748,0.0,2.861998432000002,3,3,0.3406543999999999,0.65,1.3
JFE_STEEL_JP,JFE Steel,DISCLOSED_PATH,CURRENT,JFE-SENDAI,Sendai Works EAF,센다이,2031,EAF_BASELINE,기존 전기로 기준 블록,EAF_RENEWABLE,기존 EAF 재생전력 업그레이드,228.8,70.4,0.8,0.7,0.35,0.35,0.07,0.07,0.28,2.8,-26.719,7.706,71.69,63.983,98.409,-34.425,51.057,4.037,16.155,0.0,0.44,-98.409,model_estimate,공식 EAF 사업장 존재를 반영; 생산량·집약도·재투자연도 추정,DISCLOSED_PATH,PORT-D228BC8B7EB8,True,False,,0.0,1.265341119704999e-05,False,False,True,True,2027,6.04999748,0.0,2.861998432000002,3,3,0.3406543999999999,0.65,1.3
JFE_STEEL_JP,JFE Steel,ACCELERATED_15C,P1,JFE-KURA,West Japan Works Kurashiki,구라시키,2029,BF_BOF,기준 BF-BOF 복합 블록,SCRAP_EAF,스크랩 기반 대형 EAF,4558.4,2930.4,7.4,6.800001,14.384,3.06,3.06,3.06,11.324,135.888002,1789.009,709.64,8716.429,8006.789,6927.42,1079.369,2365.468,299.458,6051.504,0.0,0.0,-6927.42,model_estimate,2028 혁신 EAF 공시를 반영한 조기 재투자 창; 생산량은 공식 총량에 맞춘 추정,DISCLOSED_PATH,PORT-9D97003767D5,False,False,2040,7.534994939999997,-7.534994939999997,False,False,True,True,2033,1.249997480000001,0.0,0.0,2,3,0.22808320000000004,0.65,0.6599999999999999
JFE_STEEL_JP,JFE Steel,ACCELERATED_15C,P1,JFE-FUKU,West Japan Works Fukuyama,후쿠야마,2033,BF_BOF,기준 BF-BOF 복합 블록,SCRAP_EAF,스크랩 기반 대형 EAF,6036.8,3880.8,9.8,8.999997,19.037639,19.037639,4.049998,4.049998,14.98764,119.901123,1417.584,758.617,7672.58,6913.963,6254.996,658.966,2528.725,235.149,4908.706,0.0,0.0,-6254.996,model_estimate,JFE 공식 생산·배출 총량에 맞춘 설비 블록 배분,DISCLOSED_PATH,PORT-9D97003767D5,False,False,2040,7.534994939999997,-7.534994939999997,False,False,True,True,2033,1.249997480000001,0.0,0.0,2,3,0.22808320000000004,0.65,0.6599999999999999
JFE_STEEL_JP,JFE Steel,ACCELERATED_15C,P1,JFE-CHIBA,East Japan Works Chiba,치바,2036,BF_BOF,기준 BF-BOF 복합 블록,BF_RELINE,BF 개수·효율 패키지,1650.0,330.0,6.0,5.449998,11.528348,11.528348,10.354996,10.354996,1.173352,5.866759,-91.729,0.0,214.277,214.277,306.006,-91.729,183.12,0.0,31.157,0.0,0.0,-306.006,model_estimate,JFE 공식 생산·배출 총량에 맞춘 설비 블록 배분,DISCLOSED_PATH,PORT-9D97003767D5,False,False,2040,7.534994939999997,-7.534994939999997,False,False,True,True,2033,1.249997480000001,0.0,0.0,2,3,0.22808320000000004,0.65,0.6599999999999999
JFE_STEEL_JP,JFE Steel,ACCELERATED_15C,P1,JFE-SENDAI,Sendai Works EAF,센다이,2033,EAF_BASELINE,기존 전기로 기준 블록,EAF_RENEWABLE,기존 EAF 재생전력 업그레이드,228.8,70.4,0.8,0.7,0.35,0.35,0.07,0.07,0.28,2.24,-54.3,9.175,62.556,53.382,116.856,-63.475,45.873,3.048,13.635,0.0,0.0,-116.856,model_estimate,공식 EAF 사업장 존재를 반영; 생산량·집약도·재투자연도 추정,DISCLOSED_PATH,PORT-9D97003767D5,False,False,2040,7.534994939999997,-7.534994939999997,False,False,True,True,2033,1.249997480000001,0.0,0.0,2,3,0.22808320000000004,0.65,0.6599999999999999
JFE_STEEL_JP,JFE Steel,ACCELERATED_15C,P2,JFE-KURA,West Japan Works Kurashiki,구라시키,2029,BF_BOF,기준 BF-BOF 복합 블록,SCRAP_EAF,스크랩 기반 대형 EAF,4558.4,2930.4,7.4,6.800001,14.384,3.06,3.06,3.06,11.324,135.888002,1802.817,717.724,8730.238,8012.513,6927.42,1085.093,2365.468,299.458,6051.504,0.0,13.808,-6927.42,model_estimate,2028 혁신 EAF 공시를 반영한 조기 재투자 창; 생산량은 공식 총량에 맞춘 추정,DISCLOSED_PATH,PORT-25A7E18292F6,True,False,,0.0,1.265341119704999e-05,False,False,True,True,2033,1.249997480000001,0.0,0.0,3,3,0.3406543999999999,0.65,1.3
JFE_STEEL_JP,JFE Steel,ACCELERATED_15C,P2,JFE-FUKU,West Japan Works Fukuyama,후쿠야마,2033,BF_BOF,기준 BF-BOF 복합 블록,SCRAP_EAF,스크랩 기반 대형 EAF,6036.8,3880.8,9.8,8.999997,19.037639,19.037639,4.049998,4.049998,14.98764,119.901123,1430.004,760.135,7685.001,6924.866,6254.996,669.87,2528.725,235.149,4908.706,0.0,12.421,-6254.996,model_estimate,JFE 공식 생산·배출 총량에 맞춘 설비 블록 배분,DISCLOSED_PATH,PORT-25A7E18292F6,True,False,,0.0,1.265341119704999e-05,False,False,True,True,2033,1.249997480000001,0.0,0.0,3,3,0.3406543999999999,0.65,1.3
JFE_STEEL_JP,JFE Steel,ACCELERATED_15C,P2,JFE-CHIBA,East Japan Works Chiba,치바,2036,BF_BOF,기준 BF-BOF 복합 블록,H2_DRI_EAF,수소 DRI + EAF,5940.0,4620.0,6.0,5.449998,11.528348,11.528348,1.09,1.09,10.438348,52.191742,11586.433,1304.878,14308.721,13003.843,2722.288,10281.555,2563.687,163.497,1433.22,10130.909,17.408,-2722.288,model_estimate,JFE 공식 생산·배출 총량에 맞춘 설비 블록 배분,DISCLOSED_PATH,PORT-25A7E18292F6,True,False,,0.0,1.265341119704999e-05,False,False,True,True,2033,1.249997480000001,0.0,0.0,3,3,0.3406543999999999,0.65,1.3
JFE_STEEL_JP,JFE Steel,ACCELERATED_15C,P2,JFE-SENDAI,Sendai Works EAF,센다이,2033,EAF_BASELINE,기존 전기로 기준 블록,EAF_RENEWABLE,기존 EAF 재생전력 업그레이드,228.8,70.4,0.8,0.7,0.35,0.35,0.07,0.07,0.28,2.24,-54.188,9.193,62.668,53.475,116.856,-63.381,45.873,3.048,13.635,0.0,0.112,-116.856,model_estimate,공식 EAF 사업장 존재를 반영; 생산량·집약도·재투자연도 추정,DISCLOSED_PATH,PORT-25A7E18292F6,True,False,,0.0,1.265341119704999e-05,False,False,True,True,2033,1.249997480000001,0.0,0.0,3,3,0.3406543999999999,0.65,1.3
JFE_STEEL_JP,JFE Steel,ACCELERATED_15C,P3,JFE-KURA,West Japan Works Kurashiki,구라시키,2029,BF_BOF,기준 BF-BOF 복합 블록,SCRAP_EAF,스크랩 기반 대형 EAF,4558.4,2930.4,7.4,6.800001,14.384,3.06,3.06,3.06,11.324,135.888002,1828.659,730.467,8756.08,8025.613,6927.42,1098.193,2365.468,299.458,6051.504,0.0,39.65,-6927.42,model_estimate,2028 혁신 EAF 공시를 반영한 조기 재투자 창; 생산량은 공식 총량에 맞춘 추정,DISCLOSED_PATH,PORT-CCD4397FA6D4,False,False,2040,5.28499579,-5.28499579,True,True,True,True,,0.0,0.0,0.0,2,3,0.3119871999999999,0.65,1.1400000000000001
JFE_STEEL_JP,JFE Steel,ACCELERATED_15C,P3,JFE-FUKU,West Japan Works Fukuyama,후쿠야마,2033,BF_BOF,기준 BF-BOF 복합 블록,H2_DRI_EAF,수소 DRI + EAF,9702.0,7546.0,9.8,8.999997,19.037639,19.037639,1.799999,1.799999,17.237639,137.901116,31114.961,4674.343,38308.981,33634.637,7194.019,26440.618,4916.965,509.49,4032.152,28698.795,151.579,-7194.019,model_estimate,JFE 공식 생산·배출 총량에 맞춘 설비 블록 배분,DISCLOSED_PATH,PORT-CCD4397FA6D4,False,False,2040,5.28499579,-5.28499579,True,True,True,True,,0.0,0.0,0.0,2,3,0.3119871999999999,0.65,1.1400000000000001
JFE_STEEL_JP,JFE Steel,ACCELERATED_15C,P3,JFE-CHIBA,East Japan Works Chiba,치바,2036,BF_BOF,기준 BF-BOF 복합 블록,BF_RELINE,BF 개수·효율 패키지,1650.0,330.0,6.0,5.449998,11.528348,11.528348,10.354996,10.354996,1.173352,5.866759,-90.627,0.0,215.379,215.379,306.006,-90.627,183.12,0.0,31.157,0.0,1.102,-306.006,model_estimate,JFE 공식 생산·배출 총량에 맞춘 설비 블록 배분,DISCLOSED_PATH,PORT-CCD4397FA6D4,False,False,2040,5.28499579,-5.28499579,True,True,True,True,,0.0,0.0,0.0,2,3,0.3119871999999999,0.65,1.1400000000000001
JFE_STEEL_JP,JFE Steel,ACCELERATED_15C,P3,JFE-SENDAI,Sendai Works EAF,센다이,2033,EAF_BASELINE,기존 전기로 기준 블록,EAF_RENEWABLE,기존 EAF 재생전력 업그레이드,228.8,70.4,0.8,0.7,0.35,0.35,0.07,0.07,0.28,2.24,-53.998,9.223,62.858,53.636,116.856,-63.221,45.873,3.048,13.635,0.0,0.302,-116.856,model_estimate,공식 EAF 사업장 존재를 반영; 생산량·집약도·재투자연도 추정,DISCLOSED_PATH,PORT-CCD4397FA6D4,False,False,2040,5.28499579,-5.28499579,True,True,True,True,,0.0,0.0,0.0,2,3,0.3119871999999999,0.65,1.1400000000000001
JFE_STEEL_JP,JFE Steel,ACCELERATED_15C,P4,JFE-KURA,West Japan Works Kurashiki,구라시키,2028,BF_BOF,기준 BF-BOF 복합 블록,SCRAP_EAF,스크랩 기반 대형 EAF,4558.4,2930.4,7.4,6.800001,14.384,3.06,3.06,3.06,11.324,147.212003,2198.002,804.149,9613.633,8809.484,7415.631,1393.853,2495.569,334.203,6691.985,0.0,91.876,-7415.631,model_estimate,2028 혁신 EAF 공시를 반영한 조기 재투자 창; 생산량은 공식 총량에 맞춘 추정,DISCLOSED_PATH,PORT-2883A9539B06,True,True,,0.0,1.265341119704999e-05,True,True,True,True,,0.0,0.0,0.0,3,3,0.41232239999999987,0.65,1.78
JFE_STEEL_JP,JFE Steel,ACCELERATED_15C,P4,JFE-FUKU,West Japan Works Fukuyama,후쿠야마,2032,BF_BOF,기준 BF-BOF 복합 블록,H2_DRI_EAF,수소 DRI + EAF,9702.0,7546.0,9.8,8.999997,19.037639,19.037639,1.799999,1.799999,17.237639,155.138755,35796.878,7334.114,43865.412,36531.298,8068.534,28462.764,5187.398,589.92,4632.655,33059.701,395.738,-8068.534,model_estimate,JFE 공식 생산·배출 총량에 맞춘 설비 블록 배분,DISCLOSED_PATH,PORT-2883A9539B06,True,True,,0.0,1.265341119704999e-05,True,True,True,True,,0.0,0.0,0.0,3,3,0.41232239999999987,0.65,1.78
JFE_STEEL_JP,JFE Steel,ACCELERATED_15C,P4,JFE-CHIBA,East Japan Works Chiba,치바,2035,BF_BOF,기준 BF-BOF 복합 블록,H2_DRI_EAF,수소 DRI + EAF,5940.0,4620.0,6.0,5.449998,11.528348,11.528348,1.09,1.09,10.438348,62.630091,13986.08,2981.89,17258.352,14276.462,3272.272,11004.191,2704.689,201.784,1756.109,12439.209,156.561,-3272.272,model_estimate,JFE 공식 생산·배출 총량에 맞춘 설비 블록 배분,DISCLOSED_PATH,PORT-2883A9539B06,True,True,,0.0,1.265341119704999e-05,True,True,True,True,,0.0,0.0,0.0,3,3,0.41232239999999987,0.65,1.78
JFE_STEEL_JP,JFE Steel,ACCELERATED_15C,P4,JFE-SENDAI,Sendai Works EAF,센다이,2032,EAF_BASELINE,기존 전기로 기준 블록,EAF_RENEWABLE,기존 EAF 재생전력 업그레이드,228.8,70.4,0.8,0.7,0.35,0.35,0.07,0.07,0.28,2.52,-62.83,9.776,68.232,58.456,131.061,-72.606,48.396,3.529,15.666,0.0,0.641,-131.061,model_estimate,공식 EAF 사업장 존재를 반영; 생산량·집약도·재투자연도 추정,DISCLOSED_PATH,PORT-2883A9539B06,True,True,,0.0,1.265341119704999e-05,True,True,True,True,,0.0,0.0,0.0,3,3,0.41232239999999987,0.65,1.78
JFE_STEEL_JP,JFE Steel,ACCELERATED_15C,P5,JFE-KURA,West Japan Works Kurashiki,구라시키,2028,BF_BOF,기준 BF-BOF 복합 블록,SCRAP_EAF,스크랩 기반 대형 EAF,4558.4,2930.4,7.4,6.800001,14.384,3.06,3.06,3.06,11.324,147.212003,2263.789,836.18,9679.42,8843.24,7415.631,1427.609,2495.569,334.203,6691.985,0.0,157.663,-7415.631,model_estimate,2028 혁신 EAF 공시를 반영한 조기 재투자 창; 생산량은 공식 총량에 맞춘 추정,DISCLOSED_PATH,PORT-2883A9539B06,True,True,,0.0,1.265341119704999e-05,True,True,True,True,,0.0,0.0,0.0,3,3,0.41232239999999987,0.65,1.78
JFE_STEEL_JP,JFE Steel,ACCELERATED_15C,P5,JFE-FUKU,West Japan Works Fukuyama,후쿠야마,2032,BF_BOF,기준 BF-BOF 복합 블록,H2_DRI_EAF,수소 DRI + EAF,9702.0,7546.0,9.8,8.999997,19.037639,19.037639,1.799999,1.799999,17.237639,155.138755,36103.727,10169.742,44172.261,34002.519,8068.534,25933.986,5187.398,589.92,4632.655,33059.701,702.587,-8068.534,model_estimate,JFE 공식 생산·배출 총량에 맞춘 설비 블록 배분,DISCLOSED_PATH,PORT-2883A9539B06,True,True,,0.0,1.265341119704999e-05,True,True,True,True,,0.0,0.0,0.0,3,3,0.41232239999999987,0.65,1.78
JFE_STEEL_JP,JFE Steel,ACCELERATED_15C,P5,JFE-CHIBA,East Japan Works Chiba,치바,2035,BF_BOF,기준 BF-BOF 복합 블록,H2_DRI_EAF,수소 DRI + EAF,5940.0,4620.0,6.0,5.449998,11.528348,11.528348,1.09,1.09,10.438348,62.630091,14106.34,4028.603,17378.611,13350.008,3272.272,10077.737,2704.689,201.784,1756.109,12439.209,276.82,-3272.272,model_estimate,JFE 공식 생산·배출 총량에 맞춘 설비 블록 배분,DISCLOSED_PATH,PORT-2883A9539B06,True,True,,0.0,1.265341119704999e-05,True,True,True,True,,0.0,0.0,0.0,3,3,0.41232239999999987,0.65,1.78
JFE_STEEL_JP,JFE Steel,ACCELERATED_15C,P5,JFE-SENDAI,Sendai Works EAF,센다이,2032,EAF_BASELINE,기존 전기로 기준 블록,EAF_RENEWABLE,기존 EAF 재생전력 업그레이드,228.8,70.4,0.8,0.7,0.35,0.35,0.07,0.07,0.28,2.52,-62.41,9.836,68.652,58.815,131.061,-72.246,48.396,3.529,15.666,0.0,1.061,-131.061,model_estimate,공식 EAF 사업장 존재를 반영; 생산량·집약도·재투자연도 추정,DISCLOSED_PATH,PORT-2883A9539B06,True,True,,0.0,1.265341119704999e-05,True,True,True,True,,0.0,0.0,0.0,3,3,0.41232239999999987,0.65,1.78
JFE_STEEL_JP,JFE Steel,ACCELERATED_15C,P6,JFE-KURA,West Japan Works Kurashiki,구라시키,2028,BF_BOF,기준 BF-BOF 복합 블록,H2_DRI_EAF,수소 DRI + EAF,7326.0,5698.0,7.4,6.800001,14.384,1.36,1.36,1.36,13.024,169.312005,43761.723,15704.252,52290.616,36586.364,8528.893,28057.471,4852.495,724.108,5496.988,39717.901,1499.124,-8528.893,model_estimate,2028 혁신 EAF 공시를 반영한 조기 재투자 창; 생산량은 공식 총량에 맞춘 추정,DISCLOSED_PATH,PORT-576B945395C2,True,False,,0.0,1.265341119704999e-05,False,False,True,True,2028,0.0,0.02899984600000005,0.0,3,3,0.47620039999999997,0.65,2.2600000000000002
JFE_STEEL_JP,JFE Steel,ACCELERATED_15C,P6,JFE-FUKU,West Japan Works Fukuyama,후쿠야마,2031,BF_BOF,기준 BF-BOF 복합 블록,H2_DRI_EAF,수소 DRI + EAF,9702.0,7546.0,9.8,8.999997,19.037639,19.037639,1.799999,1.799999,17.237639,172.376395,41548.59,14901.137,50472.228,35571.091,8923.638,26647.453,5472.705,674.773,5257.178,37619.963,1447.608,-8923.638,model_estimate,JFE 공식 생산·배출 총량에 맞춘 설비 블록 배분,DISCLOSED_PATH,PORT-576B945395C2,True,False,,0.0,1.265341119704999e-05,False,False,True,True,2028,0.0,0.02899984600000005,0.0,3,3,0.47620039999999997,0.65,2.2600000000000002
JFE_STEEL_JP,JFE Steel,ACCELERATED_15C,P6,JFE-CHIBA,East Japan Works Chiba,치바,2034,BF_BOF,기준 BF-BOF 복합 블록,H2_DRI_EAF,수소 DRI + EAF,5940.0,4620.0,6.0,5.449998,11.528348,11.528348,1.09,1.09,10.438348,73.068439,16816.313,6024.489,20634.003,14609.514,3817.69,10791.823,2853.447,242.177,2092.111,14853.583,592.686,-3817.69,model_estimate,JFE 공식 생산·배출 총량에 맞춘 설비 블록 배분,DISCLOSED_PATH,PORT-576B945395C2,True,False,,0.0,1.265341119704999e-05,False,False,True,True,2028,0.0,0.02899984600000005,0.0,3,3,0.47620039999999997,0.65,2.2600000000000002
JFE_STEEL_JP,JFE Steel,ACCELERATED_15C,P6,JFE-SENDAI,Sendai Works EAF,센다이,2031,EAF_BASELINE,기존 전기로 기준 블록,EAF_RENEWABLE,기존 EAF 재생전력 업그레이드,228.8,70.4,0.8,0.7,0.35,0.35,0.07,0.07,0.28,2.8,-70.0,10.515,74.951,64.436,144.951,-80.515,51.057,4.037,17.778,0.0,2.079,-144.951,model_estimate,공식 EAF 사업장 존재를 반영; 생산량·집약도·재투자연도 추정,DISCLOSED_PATH,PORT-576B945395C2,True,False,,0.0,1.265341119704999e-05,False,False,True,True,2028,0.0,0.02899984600000005,0.0,3,3,0.47620039999999997,0.65,2.2600000000000002
JFE_STEEL_JP,JFE Steel,ACCELERATED_15C,P7,JFE-KURA,West Japan Works Kurashiki,구라시키,2028,BF_BOF,기준 BF-BOF 복합 블록,H2_DRI_EAF,수소 DRI + EAF,7326.0,5698.0,7.4,6.800001,14.384,1.36,1.36,1.36,13.024,169.312005,44415.348,17709.919,52944.241,35234.321,8528.893,26705.428,4852.495,724.108,5496.988,39717.901,2152.749,-8528.893,model_estimate,2028 혁신 EAF 공시를 반영한 조기 재투자 창; 생산량은 공식 총량에 맞춘 추정,DISCLOSED_PATH,PORT-B91429E42CEB,True,False,,0.0,1.265341119704999e-05,False,False,True,True,2028,0.0,0.26899984600000015,0.28199871200000004,3,3,0.47620039999999997,0.65,2.2600000000000002
JFE_STEEL_JP,JFE Steel,ACCELERATED_15C,P7,JFE-FUKU,West Japan Works Fukuyama,후쿠야마,2030,BF_BOF,기준 BF-BOF 복합 블록,H2_DRI_EAF,수소 DRI + EAF,9702.0,7546.0,9.8,8.999997,19.037639,1.799999,1.799999,1.799999,17.237639,189.614034,47403.031,18867.099,57157.583,38290.485,9754.552,28535.933,5773.704,764.294,5906.548,42388.316,2324.721,-9754.552,model_estimate,JFE 공식 생산·배출 총량에 맞춘 설비 블록 배분,DISCLOSED_PATH,PORT-B91429E42CEB,True,False,,0.0,1.265341119704999e-05,False,False,True,True,2028,0.0,0.26899984600000015,0.28199871200000004,3,3,0.47620039999999997,0.65,2.2600000000000002
JFE_STEEL_JP,JFE Steel,ACCELERATED_15C,P7,JFE-CHIBA,East Japan Works Chiba,치바,2033,BF_BOF,기준 BF-BOF 복합 블록,H2_DRI_EAF,수소 DRI + EAF,5940.0,4620.0,6.0,5.449998,11.528348,11.528348,1.09,1.09,10.438348,83.506788,19740.717,7822.341,24097.095,16274.755,4356.378,11918.376,3010.387,284.792,2441.692,17378.715,981.51,-4356.378,model_estimate,JFE 공식 생산·배출 총량에 맞춘 설비 블록 배분,DISCLOSED_PATH,PORT-B91429E42CEB,True,False,,0.0,1.265341119704999e-05,False,False,True,True,2028,0.0,0.26899984600000015,0.28199871200000004,3,3,0.47620039999999997,0.65,2.2600000000000002
JFE_STEEL_JP,JFE Steel,ACCELERATED_15C,P7,JFE-SENDAI,Sendai Works EAF,센다이,2030,EAF_BASELINE,기존 전기로 기준 블록,EAF_RENEWABLE,기존 EAF 재생전력 업그레이드,228.8,70.4,0.8,0.7,0.35,0.07,0.07,0.07,0.28,3.08,-76.835,11.234,81.614,70.38,158.448,-88.068,53.865,4.573,19.974,0.0,3.202,-158.448,model_estimate,공식 EAF 사업장 존재를 반영; 생산량·집약도·재투자연도 추정,DISCLOSED_PATH,PORT-B91429E42CEB,True,False,,0.0,1.265341119704999e-05,False,False,True,True,2028,0.0,0.26899984600000015,0.28199871200000004,3,3,0.47620039999999997,0.65,2.2600000000000002
JFE_STEEL_JP,JFE Steel,ACCELERATED_15C,CURRENT,JFE-KURA,West Japan Works Kurashiki,구라시키,2027,BF_BOF,기준 BF-BOF 복합 블록,SCRAP_EAF,스크랩 기반 대형 EAF,4558.4,2930.4,7.4,6.800001,14.384,3.06,3.06,3.06,11.324,158.536003,2562.424,858.209,10430.166,9571.957,7867.742,1704.215,2632.825,370.86,7354.864,0.0,71.617,-7867.742,model_estimate,2028 혁신 EAF 공시를 반영한 조기 재투자 창; 생산량은 공식 총량에 맞춘 추정,DISCLOSED_PATH,PORT-D228BC8B7EB8,True,False,,0.0,1.265341119704999e-05,False,False,True,True,2027,3.6499974800000015,0.0,0.9330003360000005,3,3,0.3406543999999999,0.65,1.3
JFE_STEEL_JP,JFE Steel,ACCELERATED_15C,CURRENT,JFE-FUKU,West Japan Works Fukuyama,후쿠야마,2031,BF_BOF,기준 BF-BOF 복합 블록,SCRAP_EAF,스크랩 기반 대형 EAF,6036.8,3880.8,9.8,8.999997,19.037639,19.037639,4.049998,4.049998,14.98764,149.876403,1832.751,856.196,9591.602,8735.407,7758.851,976.556,2814.534,311.434,6400.043,0.0,65.591,-7758.851,model_estimate,JFE 공식 생산·배출 총량에 맞춘 설비 블록 배분,DISCLOSED_PATH,PORT-D228BC8B7EB8,True,False,,0.0,1.265341119704999e-05,False,False,True,True,2027,3.6499974800000015,0.0,0.9330003360000005,3,3,0.3406543999999999,0.65,1.3
JFE_STEEL_JP,JFE Steel,ACCELERATED_15C,CURRENT,JFE-CHIBA,East Japan Works Chiba,치바,2034,BF_BOF,기준 BF-BOF 복합 블록,H2_DRI_EAF,수소 DRI + EAF,5940.0,4620.0,6.0,5.449998,11.528348,11.528348,1.09,1.09,10.438348,73.068439,16312.853,3121.996,20130.543,17008.547,3817.69,13190.857,2853.447,242.177,2092.111,14853.583,89.226,-3817.69,model_estimate,JFE 공식 생산·배출 총량에 맞춘 설비 블록 배분,DISCLOSED_PATH,PORT-D228BC8B7EB8,True,False,,0.0,1.265341119704999e-05,False,False,True,True,2027,3.6499974800000015,0.0,0.9330003360000005,3,3,0.3406543999999999,0.65,1.3
JFE_STEEL_JP,JFE Steel,ACCELERATED_15C,CURRENT,JFE-SENDAI,Sendai Works EAF,센다이,2031,EAF_BASELINE,기존 전기로 기준 블록,EAF_RENEWABLE,기존 EAF 재생전력 업그레이드,228.8,70.4,0.8,0.7,0.35,0.35,0.07,0.07,0.28,2.8,-71.627,10.275,73.325,63.049,144.951,-81.902,51.057,4.037,17.778,0.0,0.452,-144.951,model_estimate,공식 EAF 사업장 존재를 반영; 생산량·집약도·재투자연도 추정,DISCLOSED_PATH,PORT-D228BC8B7EB8,True,False,,0.0,1.265341119704999e-05,False,False,True,True,2027,3.6499974800000015,0.0,0.9330003360000005,3,3,0.3406543999999999,0.65,1.3
KOBE_STEEL_JP,Kobe Steel,DISCLOSED_PATH,P1,KOB-BF1,Kakogawa Works BF 블록 1,가코가와,2029,BF_BOF,기준 BF-BOF 복합 블록,SCRAP_EAF,스크랩 기반 대형 EAF,1940.4,1247.4,3.15,2.95,7.173636,1.3275,1.3275,1.3275,5.846136,70.153636,1046.098,251.731,3498.506,3246.775,2452.408,794.367,1006.922,86.608,2404.976,0.0,0.0,-2452.408,model_estimate,Kobe Steel 공식 조강·목표경계 배출 총량에 맞춘 블록 배분,DISCLOSED_PATH,PORT-3DA05887C62D,True,False,,0.0,9.990856690045291e-05,False,False,True,True,2037,0.9639992259999994,0.0,0.0,1,1,0.19591999999999998,0.6,0.58
KOBE_STEEL_JP,Kobe Steel,DISCLOSED_PATH,P1,KOB-BF3,Kakogawa Works BF 블록 3,가코가와,2037,BF_BOF,기준 BF-BOF 복합 블록,SCRAP_EAF,스크랩 기반 대형 EAF,1878.8,1207.8,3.05,2.909999,7.076364,7.076364,1.3095,1.3095,5.766864,23.067457,504.36,158.82,1307.084,1148.264,802.724,345.54,635.28,22.64,649.163,0.0,0.0,-802.724,model_estimate,2016년 BF3 개수와 장기 수명주기를 반영한 재투자연도 추정,DISCLOSED_PATH,PORT-3DA05887C62D,True,False,,0.0,9.990856690045291e-05,False,False,True,True,2037,0.9639992259999994,0.0,0.0,1,1,0.19591999999999998,0.6,0.58
KOBE_STEEL_JP,Kobe Steel,DISCLOSED_PATH,P1,KOB-TAKA,Takasago Works EAF block,다카사고,2033,EAF_BASELINE,기존 전기로 기준 블록,EAF_RENEWABLE,기존 EAF 재생전력 업그레이드,40.04,12.32,0.14,0.1,0.05,0.05,0.01,0.01,0.04,0.32,-1.467,1.204,9.784,8.58,11.251,-2.671,8.028,0.0,1.757,0.0,0.0,-11.251,model_estimate,다카사고 포함 공식 조강 총량에 맞춘 소규모 EAF 블록 추정,DISCLOSED_PATH,PORT-3DA05887C62D,True,False,,0.0,9.990856690045291e-05,False,False,True,True,2037,0.9639992259999994,0.0,0.0,1,1,0.19591999999999998,0.6,0.58
KOBE_STEEL_JP,Kobe Steel,DISCLOSED_PATH,P2,KOB-BF1,Kakogawa Works BF 블록 1,가코가와,2029,BF_BOF,기준 BF-BOF 복합 블록,SCRAP_EAF,스크랩 기반 대형 EAF,1940.4,1247.4,3.15,2.95,7.173636,1.3275,1.3275,1.3275,5.846136,70.153636,1051.719,255.792,3504.127,3248.335,2452.408,795.927,1006.922,86.608,2404.976,0.0,5.621,-2452.408,model_estimate,Kobe Steel 공식 조강·목표경계 배출 총량에 맞춘 블록 배분,DISCLOSED_PATH,PORT-8384667F6B8E,True,True,,0.0,9.990856690045291e-05,True,True,True,True,,0.0,0.0,0.0,1,1,0.28332,0.6,1.06
KOBE_STEEL_JP,Kobe Steel,DISCLOSED_PATH,P2,KOB-BF3,Kakogawa Works BF 블록 3,가코가와,2037,BF_BOF,기준 BF-BOF 복합 블록,H2_DRI_EAF,수소 DRI + EAF,3019.5,2348.5,3.05,2.909999,7.076364,7.076364,0.582,0.582,6.494364,25.977455,4779.201,452.811,5683.19,5230.379,903.989,4326.39,1235.268,62.261,533.241,3845.304,7.116,-903.989,model_estimate,2016년 BF3 개수와 장기 수명주기를 반영한 재투자연도 추정,DISCLOSED_PATH,PORT-8384667F6B8E,True,True,,0.0,9.990856690045291e-05,True,True,True,True,,0.0,0.0,0.0,1,1,0.28332,0.6,1.06
KOBE_STEEL_JP,Kobe Steel,DISCLOSED_PATH,P2,KOB-TAKA,Takasago Works EAF block,다카사고,2033,EAF_BASELINE,기존 전기로 기준 블록,EAF_RENEWABLE,기존 EAF 재생전력 업그레이드,40.04,12.32,0.14,0.1,0.05,0.05,0.01,0.01,0.04,0.32,-1.448,1.207,9.803,8.597,11.251,-2.654,8.028,0.0,1.757,0.0,0.019,-11.251,model_estimate,다카사고 포함 공식 조강 총량에 맞춘 소규모 EAF 블록 추정,DISCLOSED_PATH,PORT-8384667F6B8E,True,True,,0.0,9.990856690045291e-05,True,True,True,True,,0.0,0.0,0.0,1,1,0.28332,0.6,1.06
KOBE_STEEL_JP,Kobe Steel,DISCLOSED_PATH,P3,KOB-BF1,Kakogawa Works BF 블록 1,가코가와,2029,BF_BOF,기준 BF-BOF 복합 블록,SCRAP_EAF,스크랩 기반 대형 EAF,1940.4,1247.4,3.15,2.95,7.173636,1.3275,1.3275,1.3275,5.846136,70.153636,1062.207,262.131,3514.614,3252.483,2452.408,800.075,1006.922,86.608,2404.976,0.0,16.109,-2452.408,model_estimate,Kobe Steel 공식 조강·목표경계 배출 총량에 맞춘 블록 배분,DISCLOSED_PATH,PORT-8384667F6B8E,True,True,,0.0,9.990856690045291e-05,True,True,True,True,,0.0,0.0,0.0,1,1,0.28332,0.6,1.06
KOBE_STEEL_JP,Kobe Steel,DISCLOSED_PATH,P3,KOB-BF3,Kakogawa Works BF 블록 3,가코가와,2037,BF_BOF,기준 BF-BOF 복합 블록,H2_DRI_EAF,수소 DRI + EAF,3019.5,2348.5,3.05,2.909999,7.076364,7.076364,0.582,0.582,6.494364,25.977455,4795.39,614.214,5699.379,5085.165,903.989,4181.176,1235.268,62.261,533.241,3845.304,23.305,-903.989,model_estimate,2016년 BF3 개수와 장기 수명주기를 반영한 재투자연도 추정,DISCLOSED_PATH,PORT-8384667F6B8E,True,True,,0.0,9.990856690045291e-05,True,True,True,True,,0.0,0.0,0.0,1,1,0.28332,0.6,1.06
KOBE_STEEL_JP,Kobe Steel,DISCLOSED_PATH,P3,KOB-TAKA,Takasago Works EAF block,다카사고,2033,EAF_BASELINE,기존 전기로 기준 블록,EAF_RENEWABLE,기존 EAF 재생전력 업그레이드,40.04,12.32,0.14,0.1,0.05,0.05,0.01,0.01,0.04,0.32,-1.417,1.21,9.834,8.624,11.251,-2.627,8.028,0.0,1.757,0.0,0.05,-11.251,model_estimate,다카사고 포함 공식 조강 총량에 맞춘 소규모 EAF 블록 추정,DISCLOSED_PATH,PORT-8384667F6B8E,True,True,,0.0,9.990856690045291e-05,True,True,True,True,,0.0,0.0,0.0,1,1,0.28332,0.6,1.06
KOBE_STEEL_JP,Kobe Steel,DISCLOSED_PATH,P4,KOB-BF1,Kakogawa Works BF 블록 1,가코가와,2028,BF_BOF,기준 BF-BOF 복합 블록,H2_DRI_EAF,수소 DRI + EAF,3118.5,2425.5,3.15,2.95,7.173636,0.59,0.59,0.59,6.583636,85.587273,17869.888,2478.186,20846.128,18367.942,2976.24,15391.702,2065.589,265.806,2193.932,16133.008,187.792,-2976.24,model_estimate,Kobe Steel 공식 조강·목표경계 배출 총량에 맞춘 블록 배분,DISCLOSED_PATH,PORT-8A59F01B884D,True,False,,0.0,9.990856690045291e-05,False,False,True,True,2028,0.0,0.012250011000000005,0.0,1,1,0.28332,0.6,1.06
KOBE_STEEL_JP,Kobe Steel,DISCLOSED_PATH,P4,KOB-BF3,Kakogawa Works BF 블록 3,가코가와,2036,BF_BOF,기준 BF-BOF 복합 블록,SCRAP_EAF,스크랩 기반 대형 EAF,1878.8,1207.8,3.05,2.909999,7.076364,7.076364,1.3095,1.3095,5.766864,28.834321,538.411,169.231,1545.621,1376.39,1007.21,369.181,670.221,29.099,831.286,0.0,15.015,-1007.21,model_estimate,2016년 BF3 개수와 장기 수명주기를 반영한 재투자연도 추정,DISCLOSED_PATH,PORT-8A59F01B884D,True,False,,0.0,9.990856690045291e-05,False,False,True,True,2028,0.0,0.012250011000000005,0.0,1,1,0.28332,0.6,1.06
KOBE_STEEL_JP,Kobe Steel,DISCLOSED_PATH,P4,KOB-TAKA,Takasago Works EAF block,다카사고,2032,EAF_BASELINE,기존 전기로 기준 블록,EAF_RENEWABLE,기존 EAF 재생전력 업그레이드,40.04,12.32,0.14,0.1,0.05,0.05,0.01,0.01,0.04,0.36,-2.062,1.283,10.6,9.317,12.662,-3.345,8.469,0.0,2.026,0.0,0.105,-12.662,model_estimate,다카사고 포함 공식 조강 총량에 맞춘 소규모 EAF 블록 추정,DISCLOSED_PATH,PORT-8A59F01B884D,True,False,,0.0,9.990856690045291e-05,False,False,True,True,2028,0.0,0.012250011000000005,0.0,1,1,0.28332,0.6,1.06
KOBE_STEEL_JP,Kobe Steel,DISCLOSED_PATH,P5,KOB-BF1,Kakogawa Works BF 블록 1,가코가와,2028,BF_BOF,기준 BF-BOF 복합 블록,H2_DRI_EAF,수소 DRI + EAF,3118.5,2425.5,3.15,2.95,7.173636,0.59,0.59,0.59,6.583636,85.587273,18016.216,3452.834,20992.457,17539.622,2976.24,14563.382,2065.589,265.806,2193.932,16133.008,334.121,-2976.24,model_estimate,Kobe Steel 공식 조강·목표경계 배출 총량에 맞춘 블록 배분,DISCLOSED_PATH,PORT-0095E30DB97C,True,False,,0.0,9.990856690045291e-05,False,False,True,True,2028,0.0,0.012250011000000005,0.0,1,1,0.3612199999999999,0.6,1.54
KOBE_STEEL_JP,Kobe Steel,DISCLOSED_PATH,P5,KOB-BF3,Kakogawa Works BF 블록 3,가코가와,2036,BF_BOF,기준 BF-BOF 복합 블록,H2_DRI_EAF,수소 DRI + EAF,3019.5,2348.5,3.05,2.909999,7.076364,7.076364,0.582,0.582,6.494364,32.471819,5977.532,1208.394,7111.803,5903.409,1134.271,4769.138,1303.207,80.024,682.842,4932.451,113.279,-1134.271,model_estimate,2016년 BF3 개수와 장기 수명주기를 반영한 재투자연도 추정,DISCLOSED_PATH,PORT-0095E30DB97C,True,False,,0.0,9.990856690045291e-05,False,False,True,True,2028,0.0,0.012250011000000005,0.0,1,1,0.3612199999999999,0.6,1.54
KOBE_STEEL_JP,Kobe Steel,DISCLOSED_PATH,P5,KOB-TAKA,Takasago Works EAF block,다카사고,2032,EAF_BASELINE,기존 전기로 기준 블록,EAF_RENEWABLE,기존 EAF 재생전력 업그레이드,40.04,12.32,0.14,0.1,0.05,0.05,0.01,0.01,0.04,0.36,-1.993,1.291,10.668,9.377,12.662,-3.284,8.469,0.0,2.026,0.0,0.173,-12.662,model_estimate,다카사고 포함 공식 조강 총량에 맞춘 소규모 EAF 블록 추정,DISCLOSED_PATH,PORT-0095E30DB97C,True,False,,0.0,9.990856690045291e-05,False,False,True,True,2028,0.0,0.012250011000000005,0.0,1,1,0.3612199999999999,0.6,1.54
KOBE_STEEL_JP,Kobe Steel,DISCLOSED_PATH,P6,KOB-BF1,Kakogawa Works BF 블록 1,가코가와,2028,BF_BOF,기준 BF-BOF 복합 블록,H2_DRI_EAF,수소 DRI + EAF,3118.5,2425.5,3.15,2.95,7.173636,0.59,0.59,0.59,6.583636,85.587273,18292.612,4475.309,21268.853,16793.544,2976.24,13817.304,2065.589,265.806,2193.932,16133.008,610.517,-2976.24,model_estimate,Kobe Steel 공식 조강·목표경계 배출 총량에 맞춘 블록 배분,DISCLOSED_PATH,PORT-6AF097B8F6F8,True,False,,0.0,9.990856690045291e-05,False,False,True,True,2028,0.0,0.012250011000000005,0.0,1,1,0.3612199999999999,0.6,1.54
KOBE_STEEL_JP,Kobe Steel,DISCLOSED_PATH,P6,KOB-BF3,Kakogawa Works BF 블록 3,가코가와,2035,BF_BOF,기준 BF-BOF 복합 블록,H2_DRI_EAF,수소 DRI + EAF,3019.5,2348.5,3.05,2.909999,7.076364,7.076364,0.582,0.582,6.494364,38.966183,7271.161,1801.71,8636.403,6834.693,1365.242,5469.451,1374.884,98.763,839.573,6075.1,248.084,-1365.242,model_estimate,2016년 BF3 개수와 장기 수명주기를 반영한 재투자연도 추정,DISCLOSED_PATH,PORT-6AF097B8F6F8,True,False,,0.0,9.990856690045291e-05,False,False,True,True,2028,0.0,0.012250011000000005,0.0,1,1,0.3612199999999999,0.6,1.54
KOBE_STEEL_JP,Kobe Steel,DISCLOSED_PATH,P6,KOB-TAKA,Takasago Works EAF block,다카사고,2031,EAF_BASELINE,기존 전기로 기준 블록,EAF_RENEWABLE,기존 EAF 재생전력 업그레이드,40.04,12.32,0.14,0.1,0.05,0.05,0.01,0.01,0.04,0.4,-2.477,1.38,11.581,10.201,14.058,-3.857,8.935,0.0,2.308,0.0,0.339,-14.058,model_estimate,다카사고 포함 공식 조강 총량에 맞춘 소규모 EAF 블록 추정,DISCLOSED_PATH,PORT-6AF097B8F6F8,True,False,,0.0,9.990856690045291e-05,False,False,True,True,2028,0.0,0.012250011000000005,0.0,1,1,0.3612199999999999,0.6,1.54
KOBE_STEEL_JP,Kobe Steel,DISCLOSED_PATH,P7,KOB-BF1,Kakogawa Works BF 블록 1,가코가와,2028,BF_BOF,기준 BF-BOF 복합 블록,H2_DRI_EAF,수소 DRI + EAF,3118.5,2425.5,3.15,2.95,7.173636,0.59,0.59,0.59,6.583636,85.587273,18558.812,5032.418,21535.052,16502.634,2976.24,13526.394,2065.589,265.806,2193.932,16133.008,876.717,-2976.24,model_estimate,Kobe Steel 공식 조강·목표경계 배출 총량에 맞춘 블록 배분,DISCLOSED_PATH,PORT-F194BB679477,True,False,,0.0,9.990856690045291e-05,False,False,True,True,2028,0.0,0.012250011000000005,0.0,1,1,0.3612199999999999,0.6,1.54
KOBE_STEEL_JP,Kobe Steel,DISCLOSED_PATH,P7,KOB-BF3,Kakogawa Works BF 블록 3,가코가와,2034,BF_BOF,기준 BF-BOF 복합 블록,H2_DRI_EAF,수소 DRI + EAF,3019.5,2348.5,3.05,2.909999,7.076364,7.076364,0.582,0.582,6.494364,45.460547,8671.931,2356.547,10268.214,7911.667,1596.282,6315.385,1450.502,118.533,1003.767,7277.134,418.276,-1596.282,model_estimate,2016년 BF3 개수와 장기 수명주기를 반영한 재투자연도 추정,DISCLOSED_PATH,PORT-F194BB679477,True,False,,0.0,9.990856690045291e-05,False,False,True,True,2028,0.0,0.012250011000000005,0.0,1,1,0.3612199999999999,0.6,1.54
KOBE_STEEL_JP,Kobe Steel,DISCLOSED_PATH,P7,KOB-TAKA,Takasago Works EAF block,다카사고,2030,EAF_BASELINE,기존 전기로 기준 블록,EAF_RENEWABLE,기존 EAF 재생전력 업그레이드,40.04,12.32,0.14,0.1,0.05,0.01,0.01,0.01,0.04,0.44,-2.886,1.474,12.55,11.075,15.436,-4.36,9.426,0.0,2.603,0.0,0.52,-15.436,model_estimate,다카사고 포함 공식 조강 총량에 맞춘 소규모 EAF 블록 추정,DISCLOSED_PATH,PORT-F194BB679477,True,False,,0.0,9.990856690045291e-05,False,False,True,True,2028,0.0,0.012250011000000005,0.0,1,1,0.3612199999999999,0.6,1.54
KOBE_STEEL_JP,Kobe Steel,DISCLOSED_PATH,CURRENT,KOB-BF1,Kakogawa Works BF 블록 1,가코가와,2028,BF_BOF,기준 BF-BOF 복합 블록,SCRAP_EAF,스크랩 기반 대형 EAF,1940.4,1247.4,3.15,2.95,7.173636,1.3275,1.3275,1.3275,5.846136,75.999773,1201.925,276.994,3844.766,3567.772,2642.841,924.931,1062.303,96.657,2670.873,0.0,14.933,-2642.841,model_estimate,Kobe Steel 공식 조강·목표경계 배출 총량에 맞춘 블록 배분,DISCLOSED_PATH,PORT-87CB7C6D5202,True,True,,0.0,9.990856690045291e-05,True,True,True,True,,0.0,0.0,0.0,1,1,0.28332,0.6,1.06
KOBE_STEEL_JP,Kobe Steel,DISCLOSED_PATH,CURRENT,KOB-BF3,Kakogawa Works BF 블록 3,가코가와,2036,BF_BOF,기준 BF-BOF 복합 블록,H2_DRI_EAF,수소 DRI + EAF,3019.5,2348.5,3.05,2.909999,7.076364,7.076364,0.582,0.582,6.494364,32.471819,5882.062,640.776,7016.333,6375.557,1134.271,5241.286,1303.207,80.024,682.842,4932.451,17.809,-1134.271,model_estimate,2016년 BF3 개수와 장기 수명주기를 반영한 재투자연도 추정,DISCLOSED_PATH,PORT-87CB7C6D5202,True,True,,0.0,9.990856690045291e-05,True,True,True,True,,0.0,0.0,0.0,1,1,0.28332,0.6,1.06
KOBE_STEEL_JP,Kobe Steel,DISCLOSED_PATH,CURRENT,KOB-TAKA,Takasago Works EAF block,다카사고,2032,EAF_BASELINE,기존 전기로 기준 블록,EAF_RENEWABLE,기존 EAF 재생전력 업그레이드,40.04,12.32,0.14,0.1,0.05,0.05,0.01,0.01,0.04,0.36,-2.124,1.275,10.537,9.262,12.662,-3.4,8.469,0.0,2.026,0.0,0.042,-12.662,model_estimate,다카사고 포함 공식 조강 총량에 맞춘 소규모 EAF 블록 추정,DISCLOSED_PATH,PORT-87CB7C6D5202,True,True,,0.0,9.990856690045291e-05,True,True,True,True,,0.0,0.0,0.0,1,1,0.28332,0.6,1.06
KOBE_STEEL_JP,Kobe Steel,ACCELERATED_15C,P1,KOB-BF1,Kakogawa Works BF 블록 1,가코가와,2029,BF_BOF,기준 BF-BOF 복합 블록,SCRAP_EAF,스크랩 기반 대형 EAF,1940.4,1247.4,3.15,2.95,7.173636,1.3275,1.3275,1.3275,5.846136,70.153636,142.46,302.077,3718.815,3416.738,3576.355,-159.617,1006.922,86.608,2625.285,0.0,0.0,-3576.355,model_estimate,Kobe Steel 공식 조강·목표경계 배출 총량에 맞춘 블록 배분,DISCLOSED_PATH,PORT-3DA05887C62D,False,False,2035,0.6138637290849003,-0.6138637290849003,True,True,True,True,,0.0,0.0,0.0,1,1,0.19591999999999998,0.6,0.58
KOBE_STEEL_JP,Kobe Steel,ACCELERATED_15C,P1,KOB-BF3,Kakogawa Works BF 블록 3,가코가와,2037,BF_BOF,기준 BF-BOF 복합 블록,SCRAP_EAF,스크랩 기반 대형 EAF,1878.8,1207.8,3.05,2.909999,7.076364,7.076364,1.3095,1.3095,5.766864,23.067457,187.757,190.584,1387.888,1197.304,1200.131,-2.827,635.28,22.64,729.967,0.0,0.0,-1200.131,model_estimate,2016년 BF3 개수와 장기 수명주기를 반영한 재투자연도 추정,DISCLOSED_PATH,PORT-3DA05887C62D,False,False,2035,0.6138637290849003,-0.6138637290849003,True,True,True,True,,0.0,0.0,0.0,1,1,0.19591999999999998,0.6,0.58
KOBE_STEEL_JP,Kobe Steel,ACCELERATED_15C,P1,KOB-TAKA,Takasago Works EAF block,다카사고,2033,EAF_BASELINE,기존 전기로 기준 블록,EAF_RENEWABLE,기존 EAF 재생전력 업그레이드,40.04,12.32,0.14,0.1,0.05,0.05,0.01,0.01,0.04,0.32,-6.718,1.606,9.976,8.37,16.694,-8.324,8.028,0.0,1.948,0.0,0.0,-16.694,model_estimate,다카사고 포함 공식 조강 총량에 맞춘 소규모 EAF 블록 추정,DISCLOSED_PATH,PORT-3DA05887C62D,False,False,2035,0.6138637290849003,-0.6138637290849003,True,True,True,True,,0.0,0.0,0.0,1,1,0.19591999999999998,0.6,0.58
KOBE_STEEL_JP,Kobe Steel,ACCELERATED_15C,P2,KOB-BF1,Kakogawa Works BF 블록 1,가코가와,2029,BF_BOF,기준 BF-BOF 복합 블록,SCRAP_EAF,스크랩 기반 대형 EAF,1940.4,1247.4,3.15,2.95,7.173636,1.3275,1.3275,1.3275,5.846136,70.153636,148.411,302.936,3724.766,3421.831,3576.355,-154.524,1006.922,86.608,2625.285,0.0,5.952,-3576.355,model_estimate,Kobe Steel 공식 조강·목표경계 배출 총량에 맞춘 블록 배분,DISCLOSED_PATH,PORT-8384667F6B8E,False,False,2035,0.6138637290849003,-0.6138637290849003,True,True,True,True,,0.0,0.0,0.0,1,1,0.28332,0.6,1.06
KOBE_STEEL_JP,Kobe Steel,ACCELERATED_15C,P2,KOB-BF3,Kakogawa Works BF 블록 3,가코가와,2037,BF_BOF,기준 BF-BOF 복합 블록,H2_DRI_EAF,수소 DRI + EAF,3019.5,2348.5,3.05,2.909999,7.076364,7.076364,0.582,0.582,6.494364,25.977455,4783.094,592.749,6134.623,5541.874,1351.53,4190.344,1235.268,62.261,599.616,4229.879,7.6,-1351.53,model_estimate,2016년 BF3 개수와 장기 수명주기를 반영한 재투자연도 추정,DISCLOSED_PATH,PORT-8384667F6B8E,False,False,2035,0.6138637290849003,-0.6138637290849003,True,True,True,True,,0.0,0.0,0.0,1,1,0.28332,0.6,1.06
KOBE_STEEL_JP,Kobe Steel,ACCELERATED_15C,P2,KOB-TAKA,Takasago Works EAF block,다카사고,2033,EAF_BASELINE,기존 전기로 기준 블록,EAF_RENEWABLE,기존 EAF 재생전력 업그레이드,40.04,12.32,0.14,0.1,0.05,0.05,0.01,0.01,0.04,0.32,-6.699,1.609,9.995,8.386,16.694,-8.308,8.028,0.0,1.948,0.0,0.019,-16.694,model_estimate,다카사고 포함 공식 조강 총량에 맞춘 소규모 EAF 블록 추정,DISCLOSED_PATH,PORT-8384667F6B8E,False,False,2035,0.6138637290849003,-0.6138637290849003,True,True,True,True,,0.0,0.0,0.0,1,1,0.28332,0.6,1.06
KOBE_STEEL_JP,Kobe Steel,ACCELERATED_15C,P3,KOB-BF1,Kakogawa Works BF 블록 1,가코가와,2029,BF_BOF,기준 BF-BOF 복합 블록,SCRAP_EAF,스크랩 기반 대형 EAF,1940.4,1247.4,3.15,2.95,7.173636,1.3275,1.3275,1.3275,5.846136,70.153636,159.56,304.35,3735.915,3431.565,3576.355,-144.79,1006.922,86.608,2625.285,0.0,17.1,-3576.355,model_estimate,Kobe Steel 공식 조강·목표경계 배출 총량에 맞춘 블록 배분,DISCLOSED_PATH,PORT-8384667F6B8E,False,False,2035,0.6138637290849003,-0.6138637290849003,True,True,True,True,,0.0,0.0,0.0,1,1,0.28332,0.6,1.06
KOBE_STEEL_JP,Kobe Steel,ACCELERATED_15C,P3,KOB-BF3,Kakogawa Works BF 블록 3,가코가와,2037,BF_BOF,기준 BF-BOF 복합 블록,H2_DRI_EAF,수소 DRI + EAF,3019.5,2348.5,3.05,2.909999,7.076364,7.076364,0.582,0.582,6.494364,25.977455,4800.539,834.977,6152.069,5317.092,1351.53,3965.562,1235.268,62.261,599.616,4229.879,25.045,-1351.53,model_estimate,2016년 BF3 개수와 장기 수명주기를 반영한 재투자연도 추정,DISCLOSED_PATH,PORT-8384667F6B8E,False,False,2035,0.6138637290849003,-0.6138637290849003,True,True,True,True,,0.0,0.0,0.0,1,1,0.28332,0.6,1.06
KOBE_STEEL_JP,Kobe Steel,ACCELERATED_15C,P3,KOB-TAKA,Takasago Works EAF block,다카사고,2033,EAF_BASELINE,기존 전기로 기준 블록,EAF_RENEWABLE,기존 EAF 재생전력 업그레이드,40.04,12.32,0.14,0.1,0.05,0.05,0.01,0.01,0.04,0.32,-6.667,1.614,10.027,8.413,16.694,-8.281,8.028,0.0,1.948,0.0,0.051,-16.694,model_estimate,다카사고 포함 공식 조강 총량에 맞춘 소규모 EAF 블록 추정,DISCLOSED_PATH,PORT-8384667F6B8E,False,False,2035,0.6138637290849003,-0.6138637290849003,True,True,True,True,,0.0,0.0,0.0,1,1,0.28332,0.6,1.06
KOBE_STEEL_JP,Kobe Steel,ACCELERATED_15C,P4,KOB-BF1,Kakogawa Works BF 블록 1,가코가와,2028,BF_BOF,기준 BF-BOF 복합 블록,H2_DRI_EAF,수소 DRI + EAF,3118.5,2425.5,3.15,2.95,7.173636,0.59,0.59,0.59,6.583636,85.587273,17834.898,3564.943,22146.256,18581.313,4311.358,14269.955,2065.589,265.806,2384.723,17230.56,199.578,-4311.358,model_estimate,Kobe Steel 공식 조강·목표경계 배출 총량에 맞춘 블록 배분,DISCLOSED_PATH,PORT-8A59F01B884D,True,True,,0.0,9.990856690045291e-05,True,True,True,True,,0.0,0.0,0.0,1,1,0.28332,0.6,1.06
KOBE_STEEL_JP,Kobe Steel,ACCELERATED_15C,P4,KOB-BF3,Kakogawa Works BF 블록 3,가코가와,2036,BF_BOF,기준 BF-BOF 복합 블록,SCRAP_EAF,스크랩 기반 대형 EAF,1878.8,1207.8,3.05,2.909999,7.076364,7.076364,1.3095,1.3095,5.766864,28.834321,142.981,203.077,1646.961,1443.884,1503.98,-60.096,670.221,29.099,931.622,0.0,16.018,-1503.98,model_estimate,2016년 BF3 개수와 장기 수명주기를 반영한 재투자연도 추정,DISCLOSED_PATH,PORT-8A59F01B884D,True,True,,0.0,9.990856690045291e-05,True,True,True,True,,0.0,0.0,0.0,1,1,0.28332,0.6,1.06
KOBE_STEEL_JP,Kobe Steel,ACCELERATED_15C,P4,KOB-TAKA,Takasago Works EAF block,다카사고,2032,EAF_BASELINE,기존 전기로 기준 블록,EAF_RENEWABLE,기존 EAF 재생전력 업그레이드,40.04,12.32,0.14,0.1,0.05,0.05,0.01,0.01,0.04,0.36,-7.909,1.711,10.814,9.104,18.723,-9.62,8.469,0.0,2.238,0.0,0.107,-18.723,model_estimate,다카사고 포함 공식 조강 총량에 맞춘 소규모 EAF 블록 추정,DISCLOSED_PATH,PORT-8A59F01B884D,True,True,,0.0,9.990856690045291e-05,True,True,True,True,,0.0,0.0,0.0,1,1,0.28332,0.6,1.06
KOBE_STEEL_JP,Kobe Steel,ACCELERATED_15C,P5,KOB-BF1,Kakogawa Works BF 블록 1,가코가와,2028,BF_BOF,기준 BF-BOF 복합 블록,H2_DRI_EAF,수소 DRI + EAF,3118.5,2425.5,3.15,2.95,7.173636,0.59,0.59,0.59,6.583636,85.587273,17990.615,5025.398,22301.973,17276.575,4311.358,12965.216,2065.589,265.806,2384.723,17230.56,355.295,-4311.358,model_estimate,Kobe Steel 공식 조강·목표경계 배출 총량에 맞춘 블록 배분,DISCLOSED_PATH,PORT-0095E30DB97C,True,True,,0.0,9.990856690045291e-05,True,True,True,True,,0.0,0.0,0.0,1,1,0.3612199999999999,0.6,1.54
KOBE_STEEL_JP,Kobe Steel,ACCELERATED_15C,P5,KOB-BF3,Kakogawa Works BF 블록 3,가코가와,2036,BF_BOF,기준 BF-BOF 복합 블록,H2_DRI_EAF,수소 DRI + EAF,3019.5,2348.5,3.05,2.909999,7.076364,7.076364,0.582,0.582,6.494364,32.471819,5986.601,1722.333,7680.31,5957.977,1693.709,4264.268,1303.207,80.024,765.261,5409.348,122.471,-1693.709,model_estimate,2016년 BF3 개수와 장기 수명주기를 반영한 재투자연도 추정,DISCLOSED_PATH,PORT-0095E30DB97C,True,True,,0.0,9.990856690045291e-05,True,True,True,True,,0.0,0.0,0.0,1,1,0.3612199999999999,0.6,1.54
KOBE_STEEL_JP,Kobe Steel,ACCELERATED_15C,P5,KOB-TAKA,Takasago Works EAF block,다카사고,2032,EAF_BASELINE,기존 전기로 기준 블록,EAF_RENEWABLE,기존 EAF 재생전력 업그레이드,40.04,12.32,0.14,0.1,0.05,0.05,0.01,0.01,0.04,0.36,-7.839,1.721,10.884,9.163,18.723,-9.56,8.469,0.0,2.238,0.0,0.177,-18.723,model_estimate,다카사고 포함 공식 조강 총량에 맞춘 소규모 EAF 블록 추정,DISCLOSED_PATH,PORT-0095E30DB97C,True,True,,0.0,9.990856690045291e-05,True,True,True,True,,0.0,0.0,0.0,1,1,0.3612199999999999,0.6,1.54
KOBE_STEEL_JP,Kobe Steel,ACCELERATED_15C,P6,KOB-BF1,Kakogawa Works BF 블록 1,가코가와,2028,BF_BOF,기준 BF-BOF 복합 블록,H2_DRI_EAF,수소 DRI + EAF,3118.5,2425.5,3.15,2.95,7.173636,0.59,0.59,0.59,6.583636,85.587273,18284.499,6561.149,22595.857,16034.708,4311.358,11723.35,2065.589,265.806,2384.723,17230.56,649.179,-4311.358,model_estimate,Kobe Steel 공식 조강·목표경계 배출 총량에 맞춘 블록 배분,DISCLOSED_PATH,PORT-6AF097B8F6F8,True,True,,0.0,9.990856690045291e-05,True,True,True,True,,0.0,0.0,0.0,1,1,0.3612199999999999,0.6,1.54
KOBE_STEEL_JP,Kobe Steel,ACCELERATED_15C,P6,KOB-BF3,Kakogawa Works BF 블록 3,가코가와,2035,BF_BOF,기준 BF-BOF 복합 블록,H2_DRI_EAF,수소 DRI + EAF,3019.5,2348.5,3.05,2.909999,7.076364,7.076364,0.582,0.582,6.494364,38.966183,7285.31,2608.554,9321.199,6712.646,2035.889,4676.756,1374.884,98.763,937.665,6641.853,268.034,-2035.889,model_estimate,2016년 BF3 개수와 장기 수명주기를 반영한 재투자연도 추정,DISCLOSED_PATH,PORT-6AF097B8F6F8,True,True,,0.0,9.990856690045291e-05,True,True,True,True,,0.0,0.0,0.0,1,1,0.3612199999999999,0.6,1.54
KOBE_STEEL_JP,Kobe Steel,ACCELERATED_15C,P6,KOB-TAKA,Takasago Works EAF block,다카사고,2031,EAF_BASELINE,기존 전기로 기준 블록,EAF_RENEWABLE,기존 EAF 재생전력 업그레이드,40.04,12.32,0.14,0.1,0.05,0.05,0.01,0.01,0.04,0.4,-8.887,1.84,11.821,9.98,20.707,-10.727,8.935,0.0,2.54,0.0,0.346,-20.707,model_estimate,다카사고 포함 공식 조강 총량에 맞춘 소규모 EAF 블록 추정,DISCLOSED_PATH,PORT-6AF097B8F6F8,True,True,,0.0,9.990856690045291e-05,True,True,True,True,,0.0,0.0,0.0,1,1,0.3612199999999999,0.6,1.54
KOBE_STEEL_JP,Kobe Steel,ACCELERATED_15C,P7,KOB-BF1,Kakogawa Works BF 블록 1,가코가와,2028,BF_BOF,기준 BF-BOF 복합 블록,H2_DRI_EAF,수소 DRI + EAF,3118.5,2425.5,3.15,2.95,7.173636,0.59,0.59,0.59,6.583636,85.587273,18567.543,7401.391,22878.901,15477.51,4311.358,11166.152,2065.589,265.806,2384.723,17230.56,932.223,-4311.358,model_estimate,Kobe Steel 공식 조강·목표경계 배출 총량에 맞춘 블록 배분,DISCLOSED_PATH,PORT-F194BB679477,True,True,,0.0,9.990856690045291e-05,True,True,True,True,,0.0,0.0,0.0,1,1,0.3612199999999999,0.6,1.54
KOBE_STEEL_JP,Kobe Steel,ACCELERATED_15C,P7,KOB-BF3,Kakogawa Works BF 블록 3,가코가와,2034,BF_BOF,기준 BF-BOF 복합 블록,H2_DRI_EAF,수소 DRI + EAF,3019.5,2348.5,3.05,2.909999,7.076364,7.076364,0.582,0.582,6.494364,45.460547,8693.201,3437.558,11068.43,7630.872,2375.229,5255.643,1450.502,118.533,1117.072,7930.995,451.327,-2375.229,model_estimate,2016년 BF3 개수와 장기 수명주기를 반영한 재투자연도 추정,DISCLOSED_PATH,PORT-F194BB679477,True,True,,0.0,9.990856690045291e-05,True,True,True,True,,0.0,0.0,0.0,1,1,0.3612199999999999,0.6,1.54
KOBE_STEEL_JP,Kobe Steel,ACCELERATED_15C,P7,KOB-TAKA,Takasago Works EAF block,다카사고,2030,EAF_BASELINE,기존 전기로 기준 블록,EAF_RENEWABLE,기존 EAF 재생전력 업그레이드,40.04,12.32,0.14,0.1,0.05,0.01,0.01,0.01,0.04,0.44,-9.824,1.966,12.811,10.845,22.635,-11.79,9.426,0.0,2.853,0.0,0.531,-22.635,model_estimate,다카사고 포함 공식 조강 총량에 맞춘 소규모 EAF 블록 추정,DISCLOSED_PATH,PORT-F194BB679477,True,True,,0.0,9.990856690045291e-05,True,True,True,True,,0.0,0.0,0.0,1,1,0.3612199999999999,0.6,1.54
KOBE_STEEL_JP,Kobe Steel,ACCELERATED_15C,CURRENT,KOB-BF1,Kakogawa Works BF 블록 1,가코가와,2028,BF_BOF,기준 BF-BOF 복합 블록,SCRAP_EAF,스크랩 기반 대형 EAF,1940.4,1247.4,3.15,2.95,7.173636,1.3275,1.3275,1.3275,5.846136,75.999773,249.563,322.358,4077.962,3755.605,3828.399,-72.794,1062.303,96.657,2903.141,0.0,15.862,-3828.399,model_estimate,Kobe Steel 공식 조강·목표경계 배출 총량에 맞춘 블록 배분,DISCLOSED_PATH,PORT-87CB7C6D5202,False,False,2035,0.6138637290849003,-0.6138637290849003,False,False,True,True,2028,0.15500018000000004,0.0,0.0,1,1,0.28332,0.6,1.06
KOBE_STEEL_JP,Kobe Steel,ACCELERATED_15C,CURRENT,KOB-BF3,Kakogawa Works BF 블록 3,가코가와,2036,BF_BOF,기준 BF-BOF 복합 블록,H2_DRI_EAF,수소 DRI + EAF,3019.5,2348.5,3.05,2.909999,7.076364,7.076364,0.582,0.582,6.494364,32.471819,5883.222,869.679,7576.932,6707.253,1693.709,5013.543,1303.207,80.024,765.261,5409.348,19.093,-1693.709,model_estimate,2016년 BF3 개수와 장기 수명주기를 반영한 재투자연도 추정,DISCLOSED_PATH,PORT-87CB7C6D5202,False,False,2035,0.6138637290849003,-0.6138637290849003,False,False,True,True,2028,0.15500018000000004,0.0,0.0,1,1,0.28332,0.6,1.06
KOBE_STEEL_JP,Kobe Steel,ACCELERATED_15C,CURRENT,KOB-TAKA,Takasago Works EAF block,다카사고,2032,EAF_BASELINE,기존 전기로 기준 블록,EAF_RENEWABLE,기존 EAF 재생전력 업그레이드,40.04,12.32,0.14,0.1,0.05,0.05,0.01,0.01,0.04,0.36,-7.973,1.701,10.75,9.049,18.723,-9.674,8.469,0.0,2.238,0.0,0.043,-18.723,model_estimate,다카사고 포함 공식 조강 총량에 맞춘 소규모 EAF 블록 추정,DISCLOSED_PATH,PORT-87CB7C6D5202,False,False,2035,0.6138637290849003,-0.6138637290849003,False,False,True,True,2028,0.15500018000000004,0.0,0.0,1,1,0.28332,0.6,1.06
