company_id,company_name,scenario_id,plan_id,year,active_transitioned_facilities,scrap_demand_mt,scrap_supply_mt,scrap_headroom_mt,scrap_utilization_pct,hydrogen_demand_mt,hydrogen_supply_mt,hydrogen_headroom_mt,hydrogen_utilization_pct,incremental_grid_demand_twh,incremental_grid_supply_twh,incremental_grid_headroom_twh,incremental_grid_utilization_pct,resource_feasible,data_status,source_note,candidate_id,template_plan_id,physical_portfolio_id,candidate_path_count,candidate_p50_kkrw_per_tco2,candidate_tcar_kkrw_per_tco2,common_avoided_emissions_mtco2,deterministic_economic_npv_bn_krw,deterministic_cost_common_kkrw_per_tco2,carbon_budget_feasible,scenario_feasible,first_budget_breach_year,max_annual_budget_excess_mtco2,minimum_annual_budget_margin_mtco2,physical_constraints_feasible,resource_constraints_feasible,construction_concurrency_feasible,failure_risk_constraint_feasible,first_resource_breach_year,max_scrap_supply_excess_mt,max_hydrogen_supply_excess_mt,max_incremental_grid_excess_twh,max_concurrent_construction_projects,concurrent_construction_limit,portfolio_failure_probability,portfolio_failure_probability_limit,expected_failure_delay_years
JFE_STEEL_JP,JFE Steel,DISCLOSED_PATH,P2,2026,0,0.0,5.0,5.0,0.0,0.0,0.0,0.0,0.0,0.0,1.5,1.5,0.0,True,model_interpolation,Linear interpolation from 2026 to 2030,CAND-0B566F19FFC9A2,P2,PORT-CCD4397FA6D4,200,114.431365,28.566214,281.895878,31362.25,111.25473,True,True,,0.0,1.265341119704999e-05,True,True,True,True,,0.0,0.0,0.0,2,3,0.3119871999999999,0.65,1.1400000000000001
JFE_STEEL_JP,JFE Steel,DISCLOSED_PATH,P2,2027,0,0.0,5.75,5.75,0.0,0.0,0.1,0.1,0.0,0.0,2.375,2.375,0.0,True,model_interpolation,Linear interpolation from 2026 to 2030,CAND-0B566F19FFC9A2,P2,PORT-CCD4397FA6D4,200,114.431365,28.566214,281.895878,31362.25,111.25473,True,True,,0.0,1.265341119704999e-05,True,True,True,True,,0.0,0.0,0.0,2,3,0.3119871999999999,0.65,1.1400000000000001
JFE_STEEL_JP,JFE Steel,DISCLOSED_PATH,P2,2028,0,0.0,6.5,6.5,0.0,0.0,0.2,0.2,0.0,0.0,3.25,3.25,0.0,True,model_interpolation,Linear interpolation from 2026 to 2030,CAND-0B566F19FFC9A2,P2,PORT-CCD4397FA6D4,200,114.431365,28.566214,281.895878,31362.25,111.25473,True,True,,0.0,1.265341119704999e-05,True,True,True,True,,0.0,0.0,0.0,2,3,0.3119871999999999,0.65,1.1400000000000001
JFE_STEEL_JP,JFE Steel,DISCLOSED_PATH,P2,2029,1,6.120001,7.25,1.129999,84.414,0.0,0.30000000000000004,0.3,0.0,3.808,4.125,0.317,92.315,True,model_interpolation,Linear interpolation from 2026 to 2030,CAND-0B566F19FFC9A2,P2,PORT-CCD4397FA6D4,200,114.431365,28.566214,281.895878,31362.25,111.25473,True,True,,0.0,1.265341119704999e-05,True,True,True,True,,0.0,0.0,0.0,2,3,0.3119871999999999,0.65,1.1400000000000001
JFE_STEEL_JP,JFE Steel,DISCLOSED_PATH,P2,2030,1,6.120001,8.0,1.879999,76.5,0.0,0.4,0.4,0.0,3.808,5.0,1.192,76.16,True,model_interpolation,Linear interpolation from 2030 to 2035,CAND-0B566F19FFC9A2,P2,PORT-CCD4397FA6D4,200,114.431365,28.566214,281.895878,31362.25,111.25473,True,True,,0.0,1.265341119704999e-05,True,True,True,True,,0.0,0.0,0.0,2,3,0.3119871999999999,0.65,1.1400000000000001
JFE_STEEL_JP,JFE Steel,DISCLOSED_PATH,P2,2031,1,6.120001,8.8,2.679999,69.545,0.0,0.56,0.56,0.0,3.808,6.0,2.192,63.467,True,model_interpolation,Linear interpolation from 2030 to 2035,CAND-0B566F19FFC9A2,P2,PORT-CCD4397FA6D4,200,114.431365,28.566214,281.895878,31362.25,111.25473,True,True,,0.0,1.265341119704999e-05,True,True,True,True,,0.0,0.0,0.0,2,3,0.3119871999999999,0.65,1.1400000000000001
JFE_STEEL_JP,JFE Steel,DISCLOSED_PATH,P2,2032,1,6.120001,9.6,3.479999,63.75,0.0,0.72,0.72,0.0,3.808,7.0,3.192,54.4,True,model_interpolation,Linear interpolation from 2030 to 2035,CAND-0B566F19FFC9A2,P2,PORT-CCD4397FA6D4,200,114.431365,28.566214,281.895878,31362.25,111.25473,True,True,,0.0,1.265341119704999e-05,True,True,True,True,,0.0,0.0,0.0,2,3,0.3119871999999999,0.65,1.1400000000000001
JFE_STEEL_JP,JFE Steel,DISCLOSED_PATH,P2,2033,3,8.1,10.4,2.3,77.885,0.495,0.8799999999999999,0.385,56.25,7.961999,8.0,0.038001,99.525,True,model_interpolation,Linear interpolation from 2030 to 2035,CAND-0B566F19FFC9A2,P2,PORT-CCD4397FA6D4,200,114.431365,28.566214,281.895878,31362.25,111.25473,True,True,,0.0,1.265341119704999e-05,True,True,True,True,,0.0,0.0,0.0,2,3,0.3119871999999999,0.65,1.1400000000000001
JFE_STEEL_JP,JFE Steel,DISCLOSED_PATH,P2,2034,3,8.1,11.2,3.1,72.321,0.495,1.04,0.545,47.596,7.961999,9.0,1.038001,88.467,True,model_interpolation,Linear interpolation from 2030 to 2035,CAND-0B566F19FFC9A2,P2,PORT-CCD4397FA6D4,200,114.431365,28.566214,281.895878,31362.25,111.25473,True,True,,0.0,1.265341119704999e-05,True,True,True,True,,0.0,0.0,0.0,2,3,0.3119871999999999,0.65,1.1400000000000001
JFE_STEEL_JP,JFE Steel,DISCLOSED_PATH,P2,2035,3,8.1,12.0,3.9,67.5,0.495,1.2,0.705,41.25,7.961999,10.0,2.038001,79.62,True,model_interpolation,Linear interpolation from 2035 to 2040,CAND-0B566F19FFC9A2,P2,PORT-CCD4397FA6D4,200,114.431365,28.566214,281.895878,31362.25,111.25473,True,True,,0.0,1.265341119704999e-05,True,True,True,True,,0.0,0.0,0.0,2,3,0.3119871999999999,0.65,1.1400000000000001
JFE_STEEL_JP,JFE Steel,DISCLOSED_PATH,P2,2036,4,8.9175,13.0,4.0825,68.596,0.495,1.4,0.905,35.357,8.016499,11.4,3.383501,70.32,True,model_interpolation,Linear interpolation from 2035 to 2040,CAND-0B566F19FFC9A2,P2,PORT-CCD4397FA6D4,200,114.431365,28.566214,281.895878,31362.25,111.25473,True,True,,0.0,1.265341119704999e-05,True,True,True,True,,0.0,0.0,0.0,2,3,0.3119871999999999,0.65,1.1400000000000001
JFE_STEEL_JP,JFE Steel,DISCLOSED_PATH,P2,2037,4,8.9175,14.0,5.0825,63.696,0.495,1.6,1.105,30.937,8.016499,12.8,4.783501,62.629,True,model_interpolation,Linear interpolation from 2035 to 2040,CAND-0B566F19FFC9A2,P2,PORT-CCD4397FA6D4,200,114.431365,28.566214,281.895878,31362.25,111.25473,True,True,,0.0,1.265341119704999e-05,True,True,True,True,,0.0,0.0,0.0,2,3,0.3119871999999999,0.65,1.1400000000000001
JFE_STEEL_JP,JFE Steel,DISCLOSED_PATH,P2,2038,4,8.9175,15.0,6.0825,59.45,0.495,1.8,1.305,27.5,8.016499,14.2,6.183501,56.454,True,model_interpolation,Linear interpolation from 2035 to 2040,CAND-0B566F19FFC9A2,P2,PORT-CCD4397FA6D4,200,114.431365,28.566214,281.895878,31362.25,111.25473,True,True,,0.0,1.265341119704999e-05,True,True,True,True,,0.0,0.0,0.0,2,3,0.3119871999999999,0.65,1.1400000000000001
JFE_STEEL_JP,JFE Steel,DISCLOSED_PATH,P2,2039,4,8.9175,16.0,7.0825,55.734,0.495,2.0,1.505,24.75,8.016499,15.600000000000001,7.583501,51.388,True,model_interpolation,Linear interpolation from 2035 to 2040,CAND-0B566F19FFC9A2,P2,PORT-CCD4397FA6D4,200,114.431365,28.566214,281.895878,31362.25,111.25473,True,True,,0.0,1.265341119704999e-05,True,True,True,True,,0.0,0.0,0.0,2,3,0.3119871999999999,0.65,1.1400000000000001
JFE_STEEL_JP,JFE Steel,DISCLOSED_PATH,P2,2040,4,8.9175,17.0,8.0825,52.456,0.495,2.2,1.705,22.5,8.016499,17.0,8.983501,47.156,True,model_estimate,Illustrative screening envelope; not an official supply forecast,CAND-0B566F19FFC9A2,P2,PORT-CCD4397FA6D4,200,114.431365,28.566214,281.895878,31362.25,111.25473,True,True,,0.0,1.265341119704999e-05,True,True,True,True,,0.0,0.0,0.0,2,3,0.3119871999999999,0.65,1.1400000000000001
JFE_STEEL_JP,JFE Steel,ACCELERATED_15C,P2,2026,0,0.0,5.0,5.0,0.0,0.0,0.1,0.1,0.0,0.0,1.5,1.5,0.0,True,model_interpolation,Linear interpolation from 2026 to 2030,CAND-0B566F19FFC9A2,P2,PORT-CCD4397FA6D4,200,106.438286,31.428122,281.895878,29040.327,103.01792,False,False,2040,5.28499579,-5.28499579,True,True,True,True,,0.0,0.0,0.0,2,3,0.3119871999999999,0.65,1.1400000000000001
JFE_STEEL_JP,JFE Steel,ACCELERATED_15C,P2,2027,0,0.0,6.25,6.25,0.0,0.0,0.225,0.225,0.0,0.0,2.875,2.875,0.0,True,model_interpolation,Linear interpolation from 2026 to 2030,CAND-0B566F19FFC9A2,P2,PORT-CCD4397FA6D4,200,106.438286,31.428122,281.895878,29040.327,103.01792,False,False,2040,5.28499579,-5.28499579,True,True,True,True,,0.0,0.0,0.0,2,3,0.3119871999999999,0.65,1.1400000000000001
JFE_STEEL_JP,JFE Steel,ACCELERATED_15C,P2,2028,0,0.0,7.5,7.5,0.0,0.0,0.35,0.35,0.0,0.0,4.25,4.25,0.0,True,model_interpolation,Linear interpolation from 2026 to 2030,CAND-0B566F19FFC9A2,P2,PORT-CCD4397FA6D4,200,106.438286,31.428122,281.895878,29040.327,103.01792,False,False,2040,5.28499579,-5.28499579,True,True,True,True,,0.0,0.0,0.0,2,3,0.3119871999999999,0.65,1.1400000000000001
JFE_STEEL_JP,JFE Steel,ACCELERATED_15C,P2,2029,1,6.120001,8.75,2.629999,69.943,0.0,0.475,0.475,0.0,3.808,5.625,1.817,67.698,True,model_interpolation,Linear interpolation from 2026 to 2030,CAND-0B566F19FFC9A2,P2,PORT-CCD4397FA6D4,200,106.438286,31.428122,281.895878,29040.327,103.01792,False,False,2040,5.28499579,-5.28499579,True,True,True,True,,0.0,0.0,0.0,2,3,0.3119871999999999,0.65,1.1400000000000001
JFE_STEEL_JP,JFE Steel,ACCELERATED_15C,P2,2030,1,6.120001,10.0,3.879999,61.2,0.0,0.6,0.6,0.0,3.808,7.0,3.192,54.4,True,model_interpolation,Linear interpolation from 2030 to 2035,CAND-0B566F19FFC9A2,P2,PORT-CCD4397FA6D4,200,106.438286,31.428122,281.895878,29040.327,103.01792,False,False,2040,5.28499579,-5.28499579,True,True,True,True,,0.0,0.0,0.0,2,3,0.3119871999999999,0.65,1.1400000000000001
JFE_STEEL_JP,JFE Steel,ACCELERATED_15C,P2,2031,1,6.120001,11.2,5.079999,54.643,0.0,0.8400000000000001,0.84,0.0,3.808,8.4,4.592,45.333,True,model_interpolation,Linear interpolation from 2030 to 2035,CAND-0B566F19FFC9A2,P2,PORT-CCD4397FA6D4,200,106.438286,31.428122,281.895878,29040.327,103.01792,False,False,2040,5.28499579,-5.28499579,True,True,True,True,,0.0,0.0,0.0,2,3,0.3119871999999999,0.65,1.1400000000000001
JFE_STEEL_JP,JFE Steel,ACCELERATED_15C,P2,2032,1,6.120001,12.4,6.279999,49.355,0.0,1.08,1.08,0.0,3.808,9.8,5.992,38.857,True,model_interpolation,Linear interpolation from 2030 to 2035,CAND-0B566F19FFC9A2,P2,PORT-CCD4397FA6D4,200,106.438286,31.428122,281.895878,29040.327,103.01792,False,False,2040,5.28499579,-5.28499579,True,True,True,True,,0.0,0.0,0.0,2,3,0.3119871999999999,0.65,1.1400000000000001
JFE_STEEL_JP,JFE Steel,ACCELERATED_15C,P2,2033,3,8.1,13.6,5.5,59.559,0.495,1.32,0.825,37.5,7.961999,11.2,3.238001,71.089,True,model_interpolation,Linear interpolation from 2030 to 2035,CAND-0B566F19FFC9A2,P2,PORT-CCD4397FA6D4,200,106.438286,31.428122,281.895878,29040.327,103.01792,False,False,2040,5.28499579,-5.28499579,True,True,True,True,,0.0,0.0,0.0,2,3,0.3119871999999999,0.65,1.1400000000000001
JFE_STEEL_JP,JFE Steel,ACCELERATED_15C,P2,2034,3,8.1,14.8,6.7,54.73,0.495,1.56,1.065,31.731,7.961999,12.600000000000001,4.638001,63.19,True,model_interpolation,Linear interpolation from 2030 to 2035,CAND-0B566F19FFC9A2,P2,PORT-CCD4397FA6D4,200,106.438286,31.428122,281.895878,29040.327,103.01792,False,False,2040,5.28499579,-5.28499579,True,True,True,True,,0.0,0.0,0.0,2,3,0.3119871999999999,0.65,1.1400000000000001
JFE_STEEL_JP,JFE Steel,ACCELERATED_15C,P2,2035,3,8.1,16.0,7.9,50.625,0.495,1.8,1.305,27.5,7.961999,14.0,6.038001,56.871,True,model_interpolation,Linear interpolation from 2035 to 2040,CAND-0B566F19FFC9A2,P2,PORT-CCD4397FA6D4,200,106.438286,31.428122,281.895878,29040.327,103.01792,False,False,2040,5.28499579,-5.28499579,True,True,True,True,,0.0,0.0,0.0,2,3,0.3119871999999999,0.65,1.1400000000000001
JFE_STEEL_JP,JFE Steel,ACCELERATED_15C,P2,2036,4,8.9175,17.0,8.0825,52.456,0.495,2.04,1.545,24.265,8.016499,15.6,7.583501,51.388,True,model_interpolation,Linear interpolation from 2035 to 2040,CAND-0B566F19FFC9A2,P2,PORT-CCD4397FA6D4,200,106.438286,31.428122,281.895878,29040.327,103.01792,False,False,2040,5.28499579,-5.28499579,True,True,True,True,,0.0,0.0,0.0,2,3,0.3119871999999999,0.65,1.1400000000000001
JFE_STEEL_JP,JFE Steel,ACCELERATED_15C,P2,2037,4,8.9175,18.0,9.0825,49.542,0.495,2.2800000000000002,1.785,21.711,8.016499,17.2,9.183501,46.608,True,model_interpolation,Linear interpolation from 2035 to 2040,CAND-0B566F19FFC9A2,P2,PORT-CCD4397FA6D4,200,106.438286,31.428122,281.895878,29040.327,103.01792,False,False,2040,5.28499579,-5.28499579,True,True,True,True,,0.0,0.0,0.0,2,3,0.3119871999999999,0.65,1.1400000000000001
JFE_STEEL_JP,JFE Steel,ACCELERATED_15C,P2,2038,4,8.9175,19.0,10.0825,46.934,0.495,2.52,2.025,19.643,8.016499,18.8,10.783501,42.641,True,model_interpolation,Linear interpolation from 2035 to 2040,CAND-0B566F19FFC9A2,P2,PORT-CCD4397FA6D4,200,106.438286,31.428122,281.895878,29040.327,103.01792,False,False,2040,5.28499579,-5.28499579,True,True,True,True,,0.0,0.0,0.0,2,3,0.3119871999999999,0.65,1.1400000000000001
JFE_STEEL_JP,JFE Steel,ACCELERATED_15C,P2,2039,4,8.9175,20.0,11.0825,44.587,0.495,2.76,2.265,17.935,8.016499,20.4,12.383501,39.297,True,model_interpolation,Linear interpolation from 2035 to 2040,CAND-0B566F19FFC9A2,P2,PORT-CCD4397FA6D4,200,106.438286,31.428122,281.895878,29040.327,103.01792,False,False,2040,5.28499579,-5.28499579,True,True,True,True,,0.0,0.0,0.0,2,3,0.3119871999999999,0.65,1.1400000000000001
JFE_STEEL_JP,JFE Steel,ACCELERATED_15C,P2,2040,4,8.9175,21.0,12.0825,42.464,0.495,3.0,2.505,16.5,8.016499,22.0,13.983501,36.439,True,model_estimate,Illustrative accelerated envelope; not GCAM or an official supply forecast,CAND-0B566F19FFC9A2,P2,PORT-CCD4397FA6D4,200,106.438286,31.428122,281.895878,29040.327,103.01792,False,False,2040,5.28499579,-5.28499579,True,True,True,True,,0.0,0.0,0.0,2,3,0.3119871999999999,0.65,1.1400000000000001
KOBE_STEEL_JP,Kobe Steel,DISCLOSED_PATH,P7,2026,0,0.0,2.0,2.0,0.0,0.0,0.0,0.0,0.0,0.0,0.8,0.8,0.0,True,model_interpolation,Linear interpolation from 2026 to 2030,CAND-0E9003448A63C3,P7,PORT-F194BB679477,200,151.073182,1.555149,131.48782,19837.419,150.868867,True,False,,0.0,9.990856690045291e-05,False,False,True,True,2028,0.0,0.012250011000000005,0.0,1,1,0.3612199999999999,0.6,1.54
KOBE_STEEL_JP,Kobe Steel,DISCLOSED_PATH,P7,2027,0,0.0,2.5,2.5,0.0,0.0,0.075,0.075,0.0,0.0,1.35,1.35,0.0,True,model_interpolation,Linear interpolation from 2026 to 2030,CAND-0E9003448A63C3,P7,PORT-F194BB679477,200,151.073182,1.555149,131.48782,19837.419,150.868867,True,False,,0.0,9.990856690045291e-05,False,False,True,True,2028,0.0,0.012250011000000005,0.0,1,1,0.3612199999999999,0.6,1.54
KOBE_STEEL_JP,Kobe Steel,DISCLOSED_PATH,P7,2028,1,0.4425,3.0,2.5575,14.75,0.16225,0.15,-0.01225,108.167,1.357,1.9000000000000001,0.543,71.421,False,model_interpolation,Linear interpolation from 2026 to 2030,CAND-0E9003448A63C3,P7,PORT-F194BB679477,200,151.073182,1.555149,131.48782,19837.419,150.868867,True,False,,0.0,9.990856690045291e-05,False,False,True,True,2028,0.0,0.012250011000000005,0.0,1,1,0.3612199999999999,0.6,1.54
KOBE_STEEL_JP,Kobe Steel,DISCLOSED_PATH,P7,2029,1,0.4425,3.5,3.0575,12.643,0.16225,0.22499999999999998,0.06275,72.111,1.357,2.45,1.093,55.388,True,model_interpolation,Linear interpolation from 2026 to 2030,CAND-0E9003448A63C3,P7,PORT-F194BB679477,200,151.073182,1.555149,131.48782,19837.419,150.868867,True,False,,0.0,9.990856690045291e-05,False,False,True,True,2028,0.0,0.012250011000000005,0.0,1,1,0.3612199999999999,0.6,1.54
KOBE_STEEL_JP,Kobe Steel,DISCLOSED_PATH,P7,2030,2,0.5325,4.0,3.4675,13.313,0.16225,0.3,0.13775,54.083,1.359,3.0,1.641,45.3,True,model_interpolation,Linear interpolation from 2030 to 2035,CAND-0E9003448A63C3,P7,PORT-F194BB679477,200,151.073182,1.555149,131.48782,19837.419,150.868867,True,False,,0.0,9.990856690045291e-05,False,False,True,True,2028,0.0,0.012250011000000005,0.0,1,1,0.3612199999999999,0.6,1.54
KOBE_STEEL_JP,Kobe Steel,DISCLOSED_PATH,P7,2031,2,0.5325,4.0,3.4675,13.313,0.16225,0.32,0.15775,50.703,1.359,3.0,1.641,45.3,True,model_interpolation,Linear interpolation from 2030 to 2035,CAND-0E9003448A63C3,P7,PORT-F194BB679477,200,151.073182,1.555149,131.48782,19837.419,150.868867,True,False,,0.0,9.990856690045291e-05,False,False,True,True,2028,0.0,0.012250011000000005,0.0,1,1,0.3612199999999999,0.6,1.54
KOBE_STEEL_JP,Kobe Steel,DISCLOSED_PATH,P7,2032,2,0.5325,4.0,3.4675,13.313,0.16225,0.34,0.17775,47.721,1.359,3.0,1.641,45.3,True,model_interpolation,Linear interpolation from 2030 to 2035,CAND-0E9003448A63C3,P7,PORT-F194BB679477,200,151.073182,1.555149,131.48782,19837.419,150.868867,True,False,,0.0,9.990856690045291e-05,False,False,True,True,2028,0.0,0.012250011000000005,0.0,1,1,0.3612199999999999,0.6,1.54
KOBE_STEEL_JP,Kobe Steel,DISCLOSED_PATH,P7,2033,2,0.5325,4.0,3.4675,13.313,0.16225,0.36,0.19775,45.069,1.359,3.0,1.641,45.3,True,model_interpolation,Linear interpolation from 2030 to 2035,CAND-0E9003448A63C3,P7,PORT-F194BB679477,200,151.073182,1.555149,131.48782,19837.419,150.868867,True,False,,0.0,9.990856690045291e-05,False,False,True,True,2028,0.0,0.012250011000000005,0.0,1,1,0.3612199999999999,0.6,1.54
KOBE_STEEL_JP,Kobe Steel,DISCLOSED_PATH,P7,2034,3,0.969,4.0,3.031,24.225,0.3223,0.38,0.0577,84.816,2.6976,3.0,0.3024,89.92,True,model_interpolation,Linear interpolation from 2030 to 2035,CAND-0E9003448A63C3,P7,PORT-F194BB679477,200,151.073182,1.555149,131.48782,19837.419,150.868867,True,False,,0.0,9.990856690045291e-05,False,False,True,True,2028,0.0,0.012250011000000005,0.0,1,1,0.3612199999999999,0.6,1.54
KOBE_STEEL_JP,Kobe Steel,DISCLOSED_PATH,P7,2035,3,0.969,4.0,3.031,24.225,0.3223,0.4,0.0777,80.575,2.6976,3.0,0.3024,89.92,True,model_interpolation,Linear interpolation from 2035 to 2040,CAND-0E9003448A63C3,P7,PORT-F194BB679477,200,151.073182,1.555149,131.48782,19837.419,150.868867,True,False,,0.0,9.990856690045291e-05,False,False,True,True,2028,0.0,0.012250011000000005,0.0,1,1,0.3612199999999999,0.6,1.54
KOBE_STEEL_JP,Kobe Steel,DISCLOSED_PATH,P7,2036,3,0.969,4.2,3.231,23.071,0.3223,0.48000000000000004,0.1577,67.146,2.6976,3.4,0.7024,79.341,True,model_interpolation,Linear interpolation from 2035 to 2040,CAND-0E9003448A63C3,P7,PORT-F194BB679477,200,151.073182,1.555149,131.48782,19837.419,150.868867,True,False,,0.0,9.990856690045291e-05,False,False,True,True,2028,0.0,0.012250011000000005,0.0,1,1,0.3612199999999999,0.6,1.54
KOBE_STEEL_JP,Kobe Steel,DISCLOSED_PATH,P7,2037,3,0.969,4.4,3.431,22.023,0.3223,0.56,0.2377,57.554,2.6976,3.8,1.1024,70.989,True,model_interpolation,Linear interpolation from 2035 to 2040,CAND-0E9003448A63C3,P7,PORT-F194BB679477,200,151.073182,1.555149,131.48782,19837.419,150.868867,True,False,,0.0,9.990856690045291e-05,False,False,True,True,2028,0.0,0.012250011000000005,0.0,1,1,0.3612199999999999,0.6,1.54
KOBE_STEEL_JP,Kobe Steel,DISCLOSED_PATH,P7,2038,3,0.969,4.6,3.631,21.065,0.3223,0.64,0.3177,50.359,2.6976,4.2,1.5024,64.229,True,model_interpolation,Linear interpolation from 2035 to 2040,CAND-0E9003448A63C3,P7,PORT-F194BB679477,200,151.073182,1.555149,131.48782,19837.419,150.868867,True,False,,0.0,9.990856690045291e-05,False,False,True,True,2028,0.0,0.012250011000000005,0.0,1,1,0.3612199999999999,0.6,1.54
KOBE_STEEL_JP,Kobe Steel,DISCLOSED_PATH,P7,2039,3,0.969,4.8,3.831,20.187,0.3223,0.7200000000000001,0.3977,44.764,2.6976,4.6,1.9024,58.643,True,model_interpolation,Linear interpolation from 2035 to 2040,CAND-0E9003448A63C3,P7,PORT-F194BB679477,200,151.073182,1.555149,131.48782,19837.419,150.868867,True,False,,0.0,9.990856690045291e-05,False,False,True,True,2028,0.0,0.012250011000000005,0.0,1,1,0.3612199999999999,0.6,1.54
KOBE_STEEL_JP,Kobe Steel,DISCLOSED_PATH,P7,2040,3,0.969,5.0,4.031,19.38,0.3223,0.8,0.4777,40.287,2.6976,5.0,2.3024,53.952,True,model_estimate,Illustrative screening envelope; not an official supply forecast,CAND-0E9003448A63C3,P7,PORT-F194BB679477,200,151.073182,1.555149,131.48782,19837.419,150.868867,True,False,,0.0,9.990856690045291e-05,False,False,True,True,2028,0.0,0.012250011000000005,0.0,1,1,0.3612199999999999,0.6,1.54
KOBE_STEEL_JP,Kobe Steel,ACCELERATED_15C,P7,2026,0,0.0,2.0,2.0,0.0,0.0,0.2,0.2,0.0,0.0,1.0,1.0,0.0,True,model_interpolation,Linear interpolation from 2026 to 2030,CAND-0E9003448A63C3,P7,PORT-F194BB679477,200,124.992704,1.328951,131.48782,16410.005,124.802469,True,True,,0.0,9.990856690045291e-05,True,True,True,True,,0.0,0.0,0.0,1,1,0.3612199999999999,0.6,1.54
KOBE_STEEL_JP,Kobe Steel,ACCELERATED_15C,P7,2027,0,0.0,2.25,2.25,0.0,0.0,0.25,0.25,0.0,0.0,1.375,1.375,0.0,True,model_interpolation,Linear interpolation from 2026 to 2030,CAND-0E9003448A63C3,P7,PORT-F194BB679477,200,124.992704,1.328951,131.48782,16410.005,124.802469,True,True,,0.0,9.990856690045291e-05,True,True,True,True,,0.0,0.0,0.0,1,1,0.3612199999999999,0.6,1.54
KOBE_STEEL_JP,Kobe Steel,ACCELERATED_15C,P7,2028,1,0.4425,2.5,2.0575,17.7,0.16225,0.30000000000000004,0.13775,54.083,1.357,1.75,0.393,77.543,True,model_interpolation,Linear interpolation from 2026 to 2030,CAND-0E9003448A63C3,P7,PORT-F194BB679477,200,124.992704,1.328951,131.48782,16410.005,124.802469,True,True,,0.0,9.990856690045291e-05,True,True,True,True,,0.0,0.0,0.0,1,1,0.3612199999999999,0.6,1.54
KOBE_STEEL_JP,Kobe Steel,ACCELERATED_15C,P7,2029,1,0.4425,2.75,2.3075,16.091,0.16225,0.35000000000000003,0.18775,46.357,1.357,2.125,0.768,63.859,True,model_interpolation,Linear interpolation from 2026 to 2030,CAND-0E9003448A63C3,P7,PORT-F194BB679477,200,124.992704,1.328951,131.48782,16410.005,124.802469,True,True,,0.0,9.990856690045291e-05,True,True,True,True,,0.0,0.0,0.0,1,1,0.3612199999999999,0.6,1.54
KOBE_STEEL_JP,Kobe Steel,ACCELERATED_15C,P7,2030,2,0.5325,3.0,2.4675,17.75,0.16225,0.4,0.23775,40.563,1.359,2.5,1.141,54.36,True,model_interpolation,Linear interpolation from 2030 to 2035,CAND-0E9003448A63C3,P7,PORT-F194BB679477,200,124.992704,1.328951,131.48782,16410.005,124.802469,True,True,,0.0,9.990856690045291e-05,True,True,True,True,,0.0,0.0,0.0,1,1,0.3612199999999999,0.6,1.54
KOBE_STEEL_JP,Kobe Steel,ACCELERATED_15C,P7,2031,2,0.5325,3.4,2.8675,15.662,0.16225,0.44,0.27775,36.875,1.359,2.8,1.441,48.536,True,model_interpolation,Linear interpolation from 2030 to 2035,CAND-0E9003448A63C3,P7,PORT-F194BB679477,200,124.992704,1.328951,131.48782,16410.005,124.802469,True,True,,0.0,9.990856690045291e-05,True,True,True,True,,0.0,0.0,0.0,1,1,0.3612199999999999,0.6,1.54
KOBE_STEEL_JP,Kobe Steel,ACCELERATED_15C,P7,2032,2,0.5325,3.8,3.2675,14.013,0.16225,0.48,0.31775,33.802,1.359,3.1,1.741,43.839,True,model_interpolation,Linear interpolation from 2030 to 2035,CAND-0E9003448A63C3,P7,PORT-F194BB679477,200,124.992704,1.328951,131.48782,16410.005,124.802469,True,True,,0.0,9.990856690045291e-05,True,True,True,True,,0.0,0.0,0.0,1,1,0.3612199999999999,0.6,1.54
KOBE_STEEL_JP,Kobe Steel,ACCELERATED_15C,P7,2033,2,0.5325,4.2,3.6675,12.679,0.16225,0.52,0.35775,31.202,1.359,3.4,2.041,39.971,True,model_interpolation,Linear interpolation from 2030 to 2035,CAND-0E9003448A63C3,P7,PORT-F194BB679477,200,124.992704,1.328951,131.48782,16410.005,124.802469,True,True,,0.0,9.990856690045291e-05,True,True,True,True,,0.0,0.0,0.0,1,1,0.3612199999999999,0.6,1.54
KOBE_STEEL_JP,Kobe Steel,ACCELERATED_15C,P7,2034,3,0.969,4.6,3.631,21.065,0.3223,0.56,0.2377,57.554,2.6976,3.7,1.0024,72.908,True,model_interpolation,Linear interpolation from 2030 to 2035,CAND-0E9003448A63C3,P7,PORT-F194BB679477,200,124.992704,1.328951,131.48782,16410.005,124.802469,True,True,,0.0,9.990856690045291e-05,True,True,True,True,,0.0,0.0,0.0,1,1,0.3612199999999999,0.6,1.54
KOBE_STEEL_JP,Kobe Steel,ACCELERATED_15C,P7,2035,3,0.969,5.0,4.031,19.38,0.3223,0.6,0.2777,53.717,2.6976,4.0,1.3024,67.44,True,model_interpolation,Linear interpolation from 2035 to 2040,CAND-0E9003448A63C3,P7,PORT-F194BB679477,200,124.992704,1.328951,131.48782,16410.005,124.802469,True,True,,0.0,9.990856690045291e-05,True,True,True,True,,0.0,0.0,0.0,1,1,0.3612199999999999,0.6,1.54
KOBE_STEEL_JP,Kobe Steel,ACCELERATED_15C,P7,2036,3,0.969,5.2,4.231,18.635,0.3223,0.6799999999999999,0.3577,47.397,2.6976,4.5,1.8024,59.947,True,model_interpolation,Linear interpolation from 2035 to 2040,CAND-0E9003448A63C3,P7,PORT-F194BB679477,200,124.992704,1.328951,131.48782,16410.005,124.802469,True,True,,0.0,9.990856690045291e-05,True,True,True,True,,0.0,0.0,0.0,1,1,0.3612199999999999,0.6,1.54
KOBE_STEEL_JP,Kobe Steel,ACCELERATED_15C,P7,2037,3,0.969,5.4,4.431,17.944,0.3223,0.76,0.4377,42.408,2.6976,5.0,2.3024,53.952,True,model_interpolation,Linear interpolation from 2035 to 2040,CAND-0E9003448A63C3,P7,PORT-F194BB679477,200,124.992704,1.328951,131.48782,16410.005,124.802469,True,True,,0.0,9.990856690045291e-05,True,True,True,True,,0.0,0.0,0.0,1,1,0.3612199999999999,0.6,1.54
KOBE_STEEL_JP,Kobe Steel,ACCELERATED_15C,P7,2038,3,0.969,5.6,4.631,17.304,0.3223,0.84,0.5177,38.369,2.6976,5.5,2.8024,49.047,True,model_interpolation,Linear interpolation from 2035 to 2040,CAND-0E9003448A63C3,P7,PORT-F194BB679477,200,124.992704,1.328951,131.48782,16410.005,124.802469,True,True,,0.0,9.990856690045291e-05,True,True,True,True,,0.0,0.0,0.0,1,1,0.3612199999999999,0.6,1.54
KOBE_STEEL_JP,Kobe Steel,ACCELERATED_15C,P7,2039,3,0.969,5.8,4.831,16.707,0.3223,0.92,0.5977,35.033,2.6976,6.0,3.3024,44.96,True,model_interpolation,Linear interpolation from 2035 to 2040,CAND-0E9003448A63C3,P7,PORT-F194BB679477,200,124.992704,1.328951,131.48782,16410.005,124.802469,True,True,,0.0,9.990856690045291e-05,True,True,True,True,,0.0,0.0,0.0,1,1,0.3612199999999999,0.6,1.54
KOBE_STEEL_JP,Kobe Steel,ACCELERATED_15C,P7,2040,3,0.969,6.0,5.031,16.15,0.3223,1.0,0.6777,32.23,2.6976,6.5,3.8024,41.502,True,model_estimate,Illustrative accelerated envelope; not GCAM or an official supply forecast,CAND-0E9003448A63C3,P7,PORT-F194BB679477,200,124.992704,1.328951,131.48782,16410.005,124.802469,True,True,,0.0,9.990856690045291e-05,True,True,True,True,,0.0,0.0,0.0,1,1,0.3612199999999999,0.6,1.54
NIPPON_STEEL_JP,Nippon Steel,DISCLOSED_PATH,P1,2026,0,0.0,8.0,8.0,0.0,0.0,0.0,0.0,0.0,0.0,2.0,2.0,0.0,True,model_interpolation,Linear interpolation from 2026 to 2030,CAND-18F73BD54A9F34,P1,PORT-6742936593A9,200,86.904002,24.806283,454.753949,38138.549,83.866339,True,True,,0.0,3.446647212967946e-06,True,True,True,True,,0.0,0.0,0.0,2,2,0.47641018879999986,0.65,2.16
NIPPON_STEEL_JP,Nippon Steel,DISCLOSED_PATH,P1,2027,0,0.0,9.0,9.0,0.0,0.0,0.15,0.15,0.0,0.0,3.25,3.25,0.0,True,model_interpolation,Linear interpolation from 2026 to 2030,CAND-18F73BD54A9F34,P1,PORT-6742936593A9,200,86.904002,24.806283,454.753949,38138.549,83.866339,True,True,,0.0,3.446647212967946e-06,True,True,True,True,,0.0,0.0,0.0,2,2,0.47641018879999986,0.65,2.16
NIPPON_STEEL_JP,Nippon Steel,DISCLOSED_PATH,P1,2028,0,0.0,10.0,10.0,0.0,0.0,0.3,0.3,0.0,0.0,4.5,4.5,0.0,True,model_interpolation,Linear interpolation from 2026 to 2030,CAND-18F73BD54A9F34,P1,PORT-6742936593A9,200,86.904002,24.806283,454.753949,38138.549,83.866339,True,True,,0.0,3.446647212967946e-06,True,True,True,True,,0.0,0.0,0.0,2,2,0.47641018879999986,0.65,2.16
NIPPON_STEEL_JP,Nippon Steel,DISCLOSED_PATH,P1,2029,1,8.1,11.0,2.9,73.636,0.0,0.44999999999999996,0.45,0.0,5.04,5.75,0.71,87.652,True,model_interpolation,Linear interpolation from 2026 to 2030,CAND-18F73BD54A9F34,P1,PORT-6742936593A9,200,86.904002,24.806283,454.753949,38138.549,83.866339,True,True,,0.0,3.446647212967946e-06,True,True,True,True,,0.0,0.0,0.0,2,2,0.47641018879999986,0.65,2.16
NIPPON_STEEL_JP,Nippon Steel,DISCLOSED_PATH,P1,2030,1,8.1,12.0,3.9,67.5,0.0,0.6,0.6,0.0,5.04,7.0,1.96,72.0,True,model_interpolation,Linear interpolation from 2030 to 2035,CAND-18F73BD54A9F34,P1,PORT-6742936593A9,200,86.904002,24.806283,454.753949,38138.549,83.866339,True,True,,0.0,3.446647212967946e-06,True,True,True,True,,0.0,0.0,0.0,2,2,0.47641018879999986,0.65,2.16
NIPPON_STEEL_JP,Nippon Steel,DISCLOSED_PATH,P1,2031,1,8.1,13.2,5.1,61.364,0.0,0.8400000000000001,0.84,0.0,5.04,8.6,3.56,58.605,True,model_interpolation,Linear interpolation from 2030 to 2035,CAND-18F73BD54A9F34,P1,PORT-6742936593A9,200,86.904002,24.806283,454.753949,38138.549,83.866339,True,True,,0.0,3.446647212967946e-06,True,True,True,True,,0.0,0.0,0.0,2,2,0.47641018879999986,0.65,2.16
NIPPON_STEEL_JP,Nippon Steel,DISCLOSED_PATH,P1,2032,2,13.679998,14.4,0.720002,95.0,0.0,1.08,1.08,0.0,8.511999,10.2,1.688001,83.451,True,model_interpolation,Linear interpolation from 2030 to 2035,CAND-18F73BD54A9F34,P1,PORT-6742936593A9,200,86.904002,24.806283,454.753949,38138.549,83.866339,True,True,,0.0,3.446647212967946e-06,True,True,True,True,,0.0,0.0,0.0,2,2,0.47641018879999986,0.65,2.16
NIPPON_STEEL_JP,Nippon Steel,DISCLOSED_PATH,P1,2033,2,13.679998,15.6,1.920002,87.692,0.0,1.32,1.32,0.0,8.511999,11.8,3.288001,72.136,True,model_interpolation,Linear interpolation from 2030 to 2035,CAND-18F73BD54A9F34,P1,PORT-6742936593A9,200,86.904002,24.806283,454.753949,38138.549,83.866339,True,True,,0.0,3.446647212967946e-06,True,True,True,True,,0.0,0.0,0.0,2,2,0.47641018879999986,0.65,2.16
NIPPON_STEEL_JP,Nippon Steel,DISCLOSED_PATH,P1,2034,3,14.759998,16.8,2.040002,87.857,0.396,1.56,1.164,25.385,11.823999,13.4,1.576001,88.239,True,model_interpolation,Linear interpolation from 2030 to 2035,CAND-18F73BD54A9F34,P1,PORT-6742936593A9,200,86.904002,24.806283,454.753949,38138.549,83.866339,True,True,,0.0,3.446647212967946e-06,True,True,True,True,,0.0,0.0,0.0,2,2,0.47641018879999986,0.65,2.16
NIPPON_STEEL_JP,Nippon Steel,DISCLOSED_PATH,P1,2035,3,14.759998,18.0,3.240002,82.0,0.396,1.8,1.404,22.0,11.823999,15.0,3.176001,78.827,True,model_interpolation,Linear interpolation from 2035 to 2040,CAND-18F73BD54A9F34,P1,PORT-6742936593A9,200,86.904002,24.806283,454.753949,38138.549,83.866339,True,True,,0.0,3.446647212967946e-06,True,True,True,True,,0.0,0.0,0.0,2,2,0.47641018879999986,0.65,2.16
NIPPON_STEEL_JP,Nippon Steel,DISCLOSED_PATH,P1,2036,4,15.599998,19.4,3.800002,80.412,0.704,2.08,1.376,33.846,14.4,17.0,2.6,84.706,True,model_interpolation,Linear interpolation from 2035 to 2040,CAND-18F73BD54A9F34,P1,PORT-6742936593A9,200,86.904002,24.806283,454.753949,38138.549,83.866339,True,True,,0.0,3.446647212967946e-06,True,True,True,True,,0.0,0.0,0.0,2,2,0.47641018879999986,0.65,2.16
NIPPON_STEEL_JP,Nippon Steel,DISCLOSED_PATH,P1,2037,4,15.599998,20.8,5.200002,75.0,0.704,2.3600000000000003,1.656,29.831,14.4,19.0,4.6,75.789,True,model_interpolation,Linear interpolation from 2035 to 2040,CAND-18F73BD54A9F34,P1,PORT-6742936593A9,200,86.904002,24.806283,454.753949,38138.549,83.866339,True,True,,0.0,3.446647212967946e-06,True,True,True,True,,0.0,0.0,0.0,2,2,0.47641018879999986,0.65,2.16
NIPPON_STEEL_JP,Nippon Steel,DISCLOSED_PATH,P1,2038,5,21.269998,22.2,0.930002,95.811,0.704,2.64,1.936,26.667,17.928,21.0,3.072,85.371,True,model_interpolation,Linear interpolation from 2035 to 2040,CAND-18F73BD54A9F34,P1,PORT-6742936593A9,200,86.904002,24.806283,454.753949,38138.549,83.866339,True,True,,0.0,3.446647212967946e-06,True,True,True,True,,0.0,0.0,0.0,2,2,0.47641018879999986,0.65,2.16
NIPPON_STEEL_JP,Nippon Steel,DISCLOSED_PATH,P1,2039,5,21.269998,23.6,2.330002,90.127,0.704,2.92,2.216,24.11,17.928,23.0,5.072,77.948,True,model_interpolation,Linear interpolation from 2035 to 2040,CAND-18F73BD54A9F34,P1,PORT-6742936593A9,200,86.904002,24.806283,454.753949,38138.549,83.866339,True,True,,0.0,3.446647212967946e-06,True,True,True,True,,0.0,0.0,0.0,2,2,0.47641018879999986,0.65,2.16
NIPPON_STEEL_JP,Nippon Steel,DISCLOSED_PATH,P1,2040,5,21.269998,25.0,3.730002,85.08,0.704,3.2,2.496,22.0,17.928,25.0,7.072,71.712,True,model_estimate,Illustrative screening envelope; not an official supply forecast,CAND-18F73BD54A9F34,P1,PORT-6742936593A9,200,86.904002,24.806283,454.753949,38138.549,83.866339,True,True,,0.0,3.446647212967946e-06,True,True,True,True,,0.0,0.0,0.0,2,2,0.47641018879999986,0.65,2.16
NIPPON_STEEL_JP,Nippon Steel,ACCELERATED_15C,P1,2026,0,0.0,8.0,8.0,0.0,0.0,0.1,0.1,0.0,0.0,2.0,2.0,0.0,True,model_interpolation,Linear interpolation from 2026 to 2030,CAND-18F73BD54A9F34,P1,PORT-6742936593A9,200,77.276286,27.276538,454.753949,33926.565,74.604223,True,True,,0.0,3.446647212967946e-06,True,True,True,True,,0.0,0.0,0.0,2,2,0.47641018879999986,0.65,2.16
NIPPON_STEEL_JP,Nippon Steel,ACCELERATED_15C,P1,2027,0,0.0,9.75,9.75,0.0,0.0,0.30000000000000004,0.3,0.0,0.0,4.0,4.0,0.0,True,model_interpolation,Linear interpolation from 2026 to 2030,CAND-18F73BD54A9F34,P1,PORT-6742936593A9,200,77.276286,27.276538,454.753949,33926.565,74.604223,True,True,,0.0,3.446647212967946e-06,True,True,True,True,,0.0,0.0,0.0,2,2,0.47641018879999986,0.65,2.16
NIPPON_STEEL_JP,Nippon Steel,ACCELERATED_15C,P1,2028,0,0.0,11.5,11.5,0.0,0.0,0.5,0.5,0.0,0.0,6.0,6.0,0.0,True,model_interpolation,Linear interpolation from 2026 to 2030,CAND-18F73BD54A9F34,P1,PORT-6742936593A9,200,77.276286,27.276538,454.753949,33926.565,74.604223,True,True,,0.0,3.446647212967946e-06,True,True,True,True,,0.0,0.0,0.0,2,2,0.47641018879999986,0.65,2.16
NIPPON_STEEL_JP,Nippon Steel,ACCELERATED_15C,P1,2029,1,8.1,13.25,5.15,61.132,0.0,0.7000000000000001,0.7,0.0,5.04,8.0,2.96,63.0,True,model_interpolation,Linear interpolation from 2026 to 2030,CAND-18F73BD54A9F34,P1,PORT-6742936593A9,200,77.276286,27.276538,454.753949,33926.565,74.604223,True,True,,0.0,3.446647212967946e-06,True,True,True,True,,0.0,0.0,0.0,2,2,0.47641018879999986,0.65,2.16
NIPPON_STEEL_JP,Nippon Steel,ACCELERATED_15C,P1,2030,1,8.1,15.0,6.9,54.0,0.0,0.9,0.9,0.0,5.04,10.0,4.96,50.4,True,model_interpolation,Linear interpolation from 2030 to 2035,CAND-18F73BD54A9F34,P1,PORT-6742936593A9,200,77.276286,27.276538,454.753949,33926.565,74.604223,True,True,,0.0,3.446647212967946e-06,True,True,True,True,,0.0,0.0,0.0,2,2,0.47641018879999986,0.65,2.16
NIPPON_STEEL_JP,Nippon Steel,ACCELERATED_15C,P1,2031,1,8.1,16.6,8.5,48.795,0.0,1.2200000000000002,1.22,0.0,5.04,12.0,6.96,42.0,True,model_interpolation,Linear interpolation from 2030 to 2035,CAND-18F73BD54A9F34,P1,PORT-6742936593A9,200,77.276286,27.276538,454.753949,33926.565,74.604223,True,True,,0.0,3.446647212967946e-06,True,True,True,True,,0.0,0.0,0.0,2,2,0.47641018879999986,0.65,2.16
NIPPON_STEEL_JP,Nippon Steel,ACCELERATED_15C,P1,2032,2,13.679998,18.2,4.520002,75.165,0.0,1.54,1.54,0.0,8.511999,14.0,5.488001,60.8,True,model_interpolation,Linear interpolation from 2030 to 2035,CAND-18F73BD54A9F34,P1,PORT-6742936593A9,200,77.276286,27.276538,454.753949,33926.565,74.604223,True,True,,0.0,3.446647212967946e-06,True,True,True,True,,0.0,0.0,0.0,2,2,0.47641018879999986,0.65,2.16
NIPPON_STEEL_JP,Nippon Steel,ACCELERATED_15C,P1,2033,2,13.679998,19.8,6.120002,69.091,0.0,1.8599999999999999,1.86,0.0,8.511999,16.0,7.488001,53.2,True,model_interpolation,Linear interpolation from 2030 to 2035,CAND-18F73BD54A9F34,P1,PORT-6742936593A9,200,77.276286,27.276538,454.753949,33926.565,74.604223,True,True,,0.0,3.446647212967946e-06,True,True,True,True,,0.0,0.0,0.0,2,2,0.47641018879999986,0.65,2.16
NIPPON_STEEL_JP,Nippon Steel,ACCELERATED_15C,P1,2034,3,14.759998,21.4,6.640002,68.972,0.396,2.18,1.784,18.165,11.823999,18.0,6.176001,65.689,True,model_interpolation,Linear interpolation from 2030 to 2035,CAND-18F73BD54A9F34,P1,PORT-6742936593A9,200,77.276286,27.276538,454.753949,33926.565,74.604223,True,True,,0.0,3.446647212967946e-06,True,True,True,True,,0.0,0.0,0.0,2,2,0.47641018879999986,0.65,2.16
NIPPON_STEEL_JP,Nippon Steel,ACCELERATED_15C,P1,2035,3,14.759998,23.0,8.240002,64.174,0.396,2.5,2.104,15.84,11.823999,20.0,8.176001,59.12,True,model_interpolation,Linear interpolation from 2035 to 2040,CAND-18F73BD54A9F34,P1,PORT-6742936593A9,200,77.276286,27.276538,454.753949,33926.565,74.604223,True,True,,0.0,3.446647212967946e-06,True,True,True,True,,0.0,0.0,0.0,2,2,0.47641018879999986,0.65,2.16
NIPPON_STEEL_JP,Nippon Steel,ACCELERATED_15C,P1,2036,4,15.599998,24.4,8.800002,63.934,0.704,2.9,2.196,24.276,14.4,22.4,8.0,64.286,True,model_interpolation,Linear interpolation from 2035 to 2040,CAND-18F73BD54A9F34,P1,PORT-6742936593A9,200,77.276286,27.276538,454.753949,33926.565,74.604223,True,True,,0.0,3.446647212967946e-06,True,True,True,True,,0.0,0.0,0.0,2,2,0.47641018879999986,0.65,2.16
NIPPON_STEEL_JP,Nippon Steel,ACCELERATED_15C,P1,2037,4,15.599998,25.8,10.200002,60.465,0.704,3.3,2.596,21.333,14.4,24.8,10.4,58.065,True,model_interpolation,Linear interpolation from 2035 to 2040,CAND-18F73BD54A9F34,P1,PORT-6742936593A9,200,77.276286,27.276538,454.753949,33926.565,74.604223,True,True,,0.0,3.446647212967946e-06,True,True,True,True,,0.0,0.0,0.0,2,2,0.47641018879999986,0.65,2.16
NIPPON_STEEL_JP,Nippon Steel,ACCELERATED_15C,P1,2038,5,21.269998,27.2,5.930002,78.199,0.704,3.7,2.996,19.027,17.928,27.2,9.272,65.912,True,model_interpolation,Linear interpolation from 2035 to 2040,CAND-18F73BD54A9F34,P1,PORT-6742936593A9,200,77.276286,27.276538,454.753949,33926.565,74.604223,True,True,,0.0,3.446647212967946e-06,True,True,True,True,,0.0,0.0,0.0,2,2,0.47641018879999986,0.65,2.16
NIPPON_STEEL_JP,Nippon Steel,ACCELERATED_15C,P1,2039,5,21.269998,28.6,7.330002,74.371,0.704,4.1,3.396,17.171,17.928,29.6,11.672,60.568,True,model_interpolation,Linear interpolation from 2035 to 2040,CAND-18F73BD54A9F34,P1,PORT-6742936593A9,200,77.276286,27.276538,454.753949,33926.565,74.604223,True,True,,0.0,3.446647212967946e-06,True,True,True,True,,0.0,0.0,0.0,2,2,0.47641018879999986,0.65,2.16
NIPPON_STEEL_JP,Nippon Steel,ACCELERATED_15C,P1,2040,5,21.269998,30.0,8.730002,70.9,0.704,4.5,3.796,15.644,17.928,32.0,14.072,56.025,True,model_estimate,Illustrative accelerated envelope; not GCAM or an official supply forecast,CAND-18F73BD54A9F34,P1,PORT-6742936593A9,200,77.276286,27.276538,454.753949,33926.565,74.604223,True,True,,0.0,3.446647212967946e-06,True,True,True,True,,0.0,0.0,0.0,2,2,0.47641018879999986,0.65,2.16
POSCO_KR,POSCO,DISCLOSED_PATH,P1,2026,0,0.0,8.0,8.0,0.0,0.0,0.0,0.0,0.0,0.0,2.0,2.0,0.0,True,model_interpolation,Linear interpolation from 2026 to 2030,CAND-2F5D03A613EDBE,P1,PORT-0E469489028A,200,9.376415,7.219078,261.543846,2124.876,8.124359,True,True,,0.0,2.0275124185786808e-05,True,True,True,True,,0.0,0.0,0.0,2,3,0.2589598719999999,0.65,0.7399999999999999
POSCO_KR,POSCO,DISCLOSED_PATH,P1,2027,0,0.0,9.0,9.0,0.0,0.0,0.125,0.125,0.0,0.0,3.25,3.25,0.0,True,model_interpolation,Linear interpolation from 2026 to 2030,CAND-2F5D03A613EDBE,P1,PORT-0E469489028A,200,9.376415,7.219078,261.543846,2124.876,8.124359,True,True,,0.0,2.0275124185786808e-05,True,True,True,True,,0.0,0.0,0.0,2,3,0.2589598719999999,0.65,0.7399999999999999
POSCO_KR,POSCO,DISCLOSED_PATH,P1,2028,0,0.0,10.0,10.0,0.0,0.0,0.25,0.25,0.0,0.0,4.5,4.5,0.0,True,model_interpolation,Linear interpolation from 2026 to 2030,CAND-2F5D03A613EDBE,P1,PORT-0E469489028A,200,9.376415,7.219078,261.543846,2124.876,8.124359,True,True,,0.0,2.0275124185786808e-05,True,True,True,True,,0.0,0.0,0.0,2,3,0.2589598719999999,0.65,0.7399999999999999
POSCO_KR,POSCO,DISCLOSED_PATH,P1,2029,1,6.839998,11.0,4.160002,62.182,0.0,0.375,0.375,0.0,4.255999,5.75,1.494001,74.017,True,model_interpolation,Linear interpolation from 2026 to 2030,CAND-2F5D03A613EDBE,P1,PORT-0E469489028A,200,9.376415,7.219078,261.543846,2124.876,8.124359,True,True,,0.0,2.0275124185786808e-05,True,True,True,True,,0.0,0.0,0.0,2,3,0.2589598719999999,0.65,0.7399999999999999
POSCO_KR,POSCO,DISCLOSED_PATH,P1,2030,1,6.839998,12.0,5.160002,57.0,0.0,0.5,0.5,0.0,4.255999,7.0,2.744001,60.8,True,model_interpolation,Linear interpolation from 2030 to 2035,CAND-2F5D03A613EDBE,P1,PORT-0E469489028A,200,9.376415,7.219078,261.543846,2124.876,8.124359,True,True,,0.0,2.0275124185786808e-05,True,True,True,True,,0.0,0.0,0.0,2,3,0.2589598719999999,0.65,0.7399999999999999
POSCO_KR,POSCO,DISCLOSED_PATH,P1,2031,1,6.839998,13.2,6.360002,51.818,0.0,0.7,0.7,0.0,4.255999,8.6,4.344001,49.488,True,model_interpolation,Linear interpolation from 2030 to 2035,CAND-2F5D03A613EDBE,P1,PORT-0E469489028A,200,9.376415,7.219078,261.543846,2124.876,8.124359,True,True,,0.0,2.0275124185786808e-05,True,True,True,True,,0.0,0.0,0.0,2,3,0.2589598719999999,0.65,0.7399999999999999
POSCO_KR,POSCO,DISCLOSED_PATH,P1,2032,2,7.859998,14.4,6.540002,54.583,0.0,0.9,0.9,0.0,4.323999,10.2,5.876001,42.392,True,model_interpolation,Linear interpolation from 2030 to 2035,CAND-2F5D03A613EDBE,P1,PORT-0E469489028A,200,9.376415,7.219078,261.543846,2124.876,8.124359,True,True,,0.0,2.0275124185786808e-05,True,True,True,True,,0.0,0.0,0.0,2,3,0.2589598719999999,0.65,0.7399999999999999
POSCO_KR,POSCO,DISCLOSED_PATH,P1,2033,3,8.880598,15.6,6.719402,56.927,0.0,1.1,1.1,0.0,4.392039,11.8,7.407961,37.221,True,model_interpolation,Linear interpolation from 2030 to 2035,CAND-2F5D03A613EDBE,P1,PORT-0E469489028A,200,9.376415,7.219078,261.543846,2124.876,8.124359,True,True,,0.0,2.0275124185786808e-05,True,True,True,True,,0.0,0.0,0.0,2,3,0.2589598719999999,0.65,0.7399999999999999
POSCO_KR,POSCO,DISCLOSED_PATH,P1,2034,3,8.880598,16.8,7.919402,52.861,0.0,1.3,1.3,0.0,4.392039,13.4,9.007961,32.776,True,model_interpolation,Linear interpolation from 2030 to 2035,CAND-2F5D03A613EDBE,P1,PORT-0E469489028A,200,9.376415,7.219078,261.543846,2124.876,8.124359,True,True,,0.0,2.0275124185786808e-05,True,True,True,True,,0.0,0.0,0.0,2,3,0.2589598719999999,0.65,0.7399999999999999
POSCO_KR,POSCO,DISCLOSED_PATH,P1,2035,4,17.430597,18.0,0.569403,96.837,0.0,1.5,1.5,0.0,9.807038,15.0,5.192962,65.38,True,model_interpolation,Linear interpolation from 2035 to 2040,CAND-2F5D03A613EDBE,P1,PORT-0E469489028A,200,9.376415,7.219078,261.543846,2124.876,8.124359,True,True,,0.0,2.0275124185786808e-05,True,True,True,True,,0.0,0.0,0.0,2,3,0.2589598719999999,0.65,0.7399999999999999
POSCO_KR,POSCO,DISCLOSED_PATH,P1,2036,4,17.430597,19.4,1.969403,89.848,0.0,1.8,1.8,0.0,9.807038,17.0,7.192962,57.688,True,model_interpolation,Linear interpolation from 2035 to 2040,CAND-2F5D03A613EDBE,P1,PORT-0E469489028A,200,9.376415,7.219078,261.543846,2124.876,8.124359,True,True,,0.0,2.0275124185786808e-05,True,True,True,True,,0.0,0.0,0.0,2,3,0.2589598719999999,0.65,0.7399999999999999
POSCO_KR,POSCO,DISCLOSED_PATH,P1,2037,5,18.856047,20.8,1.943953,90.654,0.0,2.1,2.1,0.0,9.997098,19.0,9.002902,52.616,True,model_interpolation,Linear interpolation from 2035 to 2040,CAND-2F5D03A613EDBE,P1,PORT-0E469489028A,200,9.376415,7.219078,261.543846,2124.876,8.124359,True,True,,0.0,2.0275124185786808e-05,True,True,True,True,,0.0,0.0,0.0,2,3,0.2589598719999999,0.65,0.7399999999999999
POSCO_KR,POSCO,DISCLOSED_PATH,P1,2038,5,18.856047,22.2,3.343953,84.937,0.0,2.4,2.4,0.0,9.997098,21.0,11.002902,47.605,True,model_interpolation,Linear interpolation from 2035 to 2040,CAND-2F5D03A613EDBE,P1,PORT-0E469489028A,200,9.376415,7.219078,261.543846,2124.876,8.124359,True,True,,0.0,2.0275124185786808e-05,True,True,True,True,,0.0,0.0,0.0,2,3,0.2589598719999999,0.65,0.7399999999999999
POSCO_KR,POSCO,DISCLOSED_PATH,P1,2039,5,18.856047,23.6,4.743953,79.899,0.0,2.7,2.7,0.0,9.997098,23.0,13.002902,43.466,True,model_interpolation,Linear interpolation from 2035 to 2040,CAND-2F5D03A613EDBE,P1,PORT-0E469489028A,200,9.376415,7.219078,261.543846,2124.876,8.124359,True,True,,0.0,2.0275124185786808e-05,True,True,True,True,,0.0,0.0,0.0,2,3,0.2589598719999999,0.65,0.7399999999999999
POSCO_KR,POSCO,DISCLOSED_PATH,P1,2040,5,18.856047,25.0,6.143953,75.424,0.0,3.0,3.0,0.0,9.997098,25.0,15.002902,39.988,True,model_estimate,Illustrative screening envelope; not an official supply forecast,CAND-2F5D03A613EDBE,P1,PORT-0E469489028A,200,9.376415,7.219078,261.543846,2124.876,8.124359,True,True,,0.0,2.0275124185786808e-05,True,True,True,True,,0.0,0.0,0.0,2,3,0.2589598719999999,0.65,0.7399999999999999
POSCO_KR,POSCO,ACCELERATED_15C,P1,2026,0,0.0,8.0,8.0,0.0,0.0,0.1,0.1,0.0,0.0,2.0,2.0,0.0,True,model_interpolation,Linear interpolation from 2026 to 2030,CAND-2F5D03A613EDBE,P1,PORT-0E469489028A,200,-5.470128,8.047536,261.543846,-1733.653,-6.628536,False,False,2035,19.084092670000008,-19.084092670000008,True,True,True,True,,0.0,0.0,0.0,2,3,0.2589598719999999,0.65,0.7399999999999999
POSCO_KR,POSCO,ACCELERATED_15C,P1,2027,0,0.0,9.75,9.75,0.0,0.0,0.275,0.275,0.0,0.0,4.0,4.0,0.0,True,model_interpolation,Linear interpolation from 2026 to 2030,CAND-2F5D03A613EDBE,P1,PORT-0E469489028A,200,-5.470128,8.047536,261.543846,-1733.653,-6.628536,False,False,2035,19.084092670000008,-19.084092670000008,True,True,True,True,,0.0,0.0,0.0,2,3,0.2589598719999999,0.65,0.7399999999999999
POSCO_KR,POSCO,ACCELERATED_15C,P1,2028,0,0.0,11.5,11.5,0.0,0.0,0.45000000000000007,0.45,0.0,0.0,6.0,6.0,0.0,True,model_interpolation,Linear interpolation from 2026 to 2030,CAND-2F5D03A613EDBE,P1,PORT-0E469489028A,200,-5.470128,8.047536,261.543846,-1733.653,-6.628536,False,False,2035,19.084092670000008,-19.084092670000008,True,True,True,True,,0.0,0.0,0.0,2,3,0.2589598719999999,0.65,0.7399999999999999
POSCO_KR,POSCO,ACCELERATED_15C,P1,2029,1,6.839998,13.25,6.410002,51.623,0.0,0.625,0.625,0.0,4.255999,8.0,3.744001,53.2,True,model_interpolation,Linear interpolation from 2026 to 2030,CAND-2F5D03A613EDBE,P1,PORT-0E469489028A,200,-5.470128,8.047536,261.543846,-1733.653,-6.628536,False,False,2035,19.084092670000008,-19.084092670000008,True,True,True,True,,0.0,0.0,0.0,2,3,0.2589598719999999,0.65,0.7399999999999999
POSCO_KR,POSCO,ACCELERATED_15C,P1,2030,1,6.839998,15.0,8.160002,45.6,0.0,0.8,0.8,0.0,4.255999,10.0,5.744001,42.56,True,model_interpolation,Linear interpolation from 2030 to 2035,CAND-2F5D03A613EDBE,P1,PORT-0E469489028A,200,-5.470128,8.047536,261.543846,-1733.653,-6.628536,False,False,2035,19.084092670000008,-19.084092670000008,True,True,True,True,,0.0,0.0,0.0,2,3,0.2589598719999999,0.65,0.7399999999999999
POSCO_KR,POSCO,ACCELERATED_15C,P1,2031,1,6.839998,16.6,9.760002,41.205,0.0,1.08,1.08,0.0,4.255999,12.0,7.744001,35.467,True,model_interpolation,Linear interpolation from 2030 to 2035,CAND-2F5D03A613EDBE,P1,PORT-0E469489028A,200,-5.470128,8.047536,261.543846,-1733.653,-6.628536,False,False,2035,19.084092670000008,-19.084092670000008,True,True,True,True,,0.0,0.0,0.0,2,3,0.2589598719999999,0.65,0.7399999999999999
POSCO_KR,POSCO,ACCELERATED_15C,P1,2032,2,7.859998,18.2,10.340002,43.187,0.0,1.36,1.36,0.0,4.323999,14.0,9.676001,30.886,True,model_interpolation,Linear interpolation from 2030 to 2035,CAND-2F5D03A613EDBE,P1,PORT-0E469489028A,200,-5.470128,8.047536,261.543846,-1733.653,-6.628536,False,False,2035,19.084092670000008,-19.084092670000008,True,True,True,True,,0.0,0.0,0.0,2,3,0.2589598719999999,0.65,0.7399999999999999
POSCO_KR,POSCO,ACCELERATED_15C,P1,2033,3,8.880598,19.8,10.919402,44.852,0.0,1.6400000000000001,1.64,0.0,4.392039,16.0,11.607961,27.45,True,model_interpolation,Linear interpolation from 2030 to 2035,CAND-2F5D03A613EDBE,P1,PORT-0E469489028A,200,-5.470128,8.047536,261.543846,-1733.653,-6.628536,False,False,2035,19.084092670000008,-19.084092670000008,True,True,True,True,,0.0,0.0,0.0,2,3,0.2589598719999999,0.65,0.7399999999999999
POSCO_KR,POSCO,ACCELERATED_15C,P1,2034,3,8.880598,21.4,12.519402,41.498,0.0,1.9200000000000002,1.92,0.0,4.392039,18.0,13.607961,24.4,True,model_interpolation,Linear interpolation from 2030 to 2035,CAND-2F5D03A613EDBE,P1,PORT-0E469489028A,200,-5.470128,8.047536,261.543846,-1733.653,-6.628536,False,False,2035,19.084092670000008,-19.084092670000008,True,True,True,True,,0.0,0.0,0.0,2,3,0.2589598719999999,0.65,0.7399999999999999
POSCO_KR,POSCO,ACCELERATED_15C,P1,2035,4,17.430597,23.0,5.569403,75.785,0.0,2.2,2.2,0.0,9.807038,20.0,10.192962,49.035,True,model_interpolation,Linear interpolation from 2035 to 2040,CAND-2F5D03A613EDBE,P1,PORT-0E469489028A,200,-5.470128,8.047536,261.543846,-1733.653,-6.628536,False,False,2035,19.084092670000008,-19.084092670000008,True,True,True,True,,0.0,0.0,0.0,2,3,0.2589598719999999,0.65,0.7399999999999999
POSCO_KR,POSCO,ACCELERATED_15C,P1,2036,4,17.430597,24.4,6.969403,71.437,0.0,2.56,2.56,0.0,9.807038,22.4,12.592962,43.781,True,model_interpolation,Linear interpolation from 2035 to 2040,CAND-2F5D03A613EDBE,P1,PORT-0E469489028A,200,-5.470128,8.047536,261.543846,-1733.653,-6.628536,False,False,2035,19.084092670000008,-19.084092670000008,True,True,True,True,,0.0,0.0,0.0,2,3,0.2589598719999999,0.65,0.7399999999999999
POSCO_KR,POSCO,ACCELERATED_15C,P1,2037,5,18.856047,25.8,6.943953,73.085,0.0,2.92,2.92,0.0,9.997098,24.8,14.802902,40.311,True,model_interpolation,Linear interpolation from 2035 to 2040,CAND-2F5D03A613EDBE,P1,PORT-0E469489028A,200,-5.470128,8.047536,261.543846,-1733.653,-6.628536,False,False,2035,19.084092670000008,-19.084092670000008,True,True,True,True,,0.0,0.0,0.0,2,3,0.2589598719999999,0.65,0.7399999999999999
POSCO_KR,POSCO,ACCELERATED_15C,P1,2038,5,18.856047,27.2,8.343953,69.324,0.0,3.2800000000000002,3.28,0.0,9.997098,27.2,17.202902,36.754,True,model_interpolation,Linear interpolation from 2035 to 2040,CAND-2F5D03A613EDBE,P1,PORT-0E469489028A,200,-5.470128,8.047536,261.543846,-1733.653,-6.628536,False,False,2035,19.084092670000008,-19.084092670000008,True,True,True,True,,0.0,0.0,0.0,2,3,0.2589598719999999,0.65,0.7399999999999999
POSCO_KR,POSCO,ACCELERATED_15C,P1,2039,5,18.856047,28.6,9.743953,65.93,0.0,3.64,3.64,0.0,9.997098,29.6,19.602902,33.774,True,model_interpolation,Linear interpolation from 2035 to 2040,CAND-2F5D03A613EDBE,P1,PORT-0E469489028A,200,-5.470128,8.047536,261.543846,-1733.653,-6.628536,False,False,2035,19.084092670000008,-19.084092670000008,True,True,True,True,,0.0,0.0,0.0,2,3,0.2589598719999999,0.65,0.7399999999999999
POSCO_KR,POSCO,ACCELERATED_15C,P1,2040,5,18.856047,30.0,11.143953,62.853,0.0,4.0,4.0,0.0,9.997098,32.0,22.002902,31.241,True,model_estimate,Illustrative accelerated envelope; not GCAM or an official supply forecast,CAND-2F5D03A613EDBE,P1,PORT-0E469489028A,200,-5.470128,8.047536,261.543846,-1733.653,-6.628536,False,False,2035,19.084092670000008,-19.084092670000008,True,True,True,True,,0.0,0.0,0.0,2,3,0.2589598719999999,0.65,0.7399999999999999
KOBE_STEEL_JP,Kobe Steel,DISCLOSED_PATH,P3,2026,0,0.0,2.0,2.0,0.0,0.0,0.0,0.0,0.0,0.0,0.8,0.8,0.0,True,model_interpolation,Linear interpolation from 2026 to 2030,CAND-314B41E5534D98,P3,PORT-9862FC05DA24,200,179.258661,33.082814,105.301092,18546.646,176.129668,True,True,,0.0,9.990856690045291e-05,True,True,True,True,,0.0,0.0,0.0,1,1,0.3612199999999999,0.6,1.54
KOBE_STEEL_JP,Kobe Steel,DISCLOSED_PATH,P3,2027,0,0.0,2.5,2.5,0.0,0.0,0.075,0.075,0.0,0.0,1.35,1.35,0.0,True,model_interpolation,Linear interpolation from 2026 to 2030,CAND-314B41E5534D98,P3,PORT-9862FC05DA24,200,179.258661,33.082814,105.301092,18546.646,176.129668,True,True,,0.0,9.990856690045291e-05,True,True,True,True,,0.0,0.0,0.0,1,1,0.3612199999999999,0.6,1.54
KOBE_STEEL_JP,Kobe Steel,DISCLOSED_PATH,P3,2028,0,0.0,3.0,3.0,0.0,0.0,0.15,0.15,0.0,0.0,1.9000000000000001,1.9,0.0,True,model_interpolation,Linear interpolation from 2026 to 2030,CAND-314B41E5534D98,P3,PORT-9862FC05DA24,200,179.258661,33.082814,105.301092,18546.646,176.129668,True,True,,0.0,9.990856690045291e-05,True,True,True,True,,0.0,0.0,0.0,1,1,0.3612199999999999,0.6,1.54
KOBE_STEEL_JP,Kobe Steel,DISCLOSED_PATH,P3,2029,1,0.4425,3.5,3.0575,12.643,0.16225,0.22499999999999998,0.06275,72.111,1.357,2.45,1.093,55.388,True,model_interpolation,Linear interpolation from 2026 to 2030,CAND-314B41E5534D98,P3,PORT-9862FC05DA24,200,179.258661,33.082814,105.301092,18546.646,176.129668,True,True,,0.0,9.990856690045291e-05,True,True,True,True,,0.0,0.0,0.0,1,1,0.3612199999999999,0.6,1.54
KOBE_STEEL_JP,Kobe Steel,DISCLOSED_PATH,P3,2030,1,0.4425,4.0,3.5575,11.063,0.16225,0.3,0.13775,54.083,1.357,3.0,1.643,45.233,True,model_interpolation,Linear interpolation from 2030 to 2035,CAND-314B41E5534D98,P3,PORT-9862FC05DA24,200,179.258661,33.082814,105.301092,18546.646,176.129668,True,True,,0.0,9.990856690045291e-05,True,True,True,True,,0.0,0.0,0.0,1,1,0.3612199999999999,0.6,1.54
KOBE_STEEL_JP,Kobe Steel,DISCLOSED_PATH,P3,2031,1,0.4425,4.0,3.5575,11.063,0.16225,0.32,0.15775,50.703,1.357,3.0,1.643,45.233,True,model_interpolation,Linear interpolation from 2030 to 2035,CAND-314B41E5534D98,P3,PORT-9862FC05DA24,200,179.258661,33.082814,105.301092,18546.646,176.129668,True,True,,0.0,9.990856690045291e-05,True,True,True,True,,0.0,0.0,0.0,1,1,0.3612199999999999,0.6,1.54
KOBE_STEEL_JP,Kobe Steel,DISCLOSED_PATH,P3,2032,1,0.4425,4.0,3.5575,11.063,0.16225,0.34,0.17775,47.721,1.357,3.0,1.643,45.233,True,model_interpolation,Linear interpolation from 2030 to 2035,CAND-314B41E5534D98,P3,PORT-9862FC05DA24,200,179.258661,33.082814,105.301092,18546.646,176.129668,True,True,,0.0,9.990856690045291e-05,True,True,True,True,,0.0,0.0,0.0,1,1,0.3612199999999999,0.6,1.54
KOBE_STEEL_JP,Kobe Steel,DISCLOSED_PATH,P3,2033,2,0.5325,4.0,3.4675,13.313,0.16225,0.36,0.19775,45.069,1.359,3.0,1.641,45.3,True,model_interpolation,Linear interpolation from 2030 to 2035,CAND-314B41E5534D98,P3,PORT-9862FC05DA24,200,179.258661,33.082814,105.301092,18546.646,176.129668,True,True,,0.0,9.990856690045291e-05,True,True,True,True,,0.0,0.0,0.0,1,1,0.3612199999999999,0.6,1.54
KOBE_STEEL_JP,Kobe Steel,DISCLOSED_PATH,P3,2034,2,0.5325,4.0,3.4675,13.313,0.16225,0.38,0.21775,42.697,1.359,3.0,1.641,45.3,True,model_interpolation,Linear interpolation from 2030 to 2035,CAND-314B41E5534D98,P3,PORT-9862FC05DA24,200,179.258661,33.082814,105.301092,18546.646,176.129668,True,True,,0.0,9.990856690045291e-05,True,True,True,True,,0.0,0.0,0.0,1,1,0.3612199999999999,0.6,1.54
KOBE_STEEL_JP,Kobe Steel,DISCLOSED_PATH,P3,2035,2,0.5325,4.0,3.4675,13.313,0.16225,0.4,0.23775,40.563,1.359,3.0,1.641,45.3,True,model_interpolation,Linear interpolation from 2035 to 2040,CAND-314B41E5534D98,P3,PORT-9862FC05DA24,200,179.258661,33.082814,105.301092,18546.646,176.129668,True,True,,0.0,9.990856690045291e-05,True,True,True,True,,0.0,0.0,0.0,1,1,0.3612199999999999,0.6,1.54
KOBE_STEEL_JP,Kobe Steel,DISCLOSED_PATH,P3,2036,2,0.5325,4.2,3.6675,12.679,0.16225,0.48000000000000004,0.31775,33.802,1.359,3.4,2.041,39.971,True,model_interpolation,Linear interpolation from 2035 to 2040,CAND-314B41E5534D98,P3,PORT-9862FC05DA24,200,179.258661,33.082814,105.301092,18546.646,176.129668,True,True,,0.0,9.990856690045291e-05,True,True,True,True,,0.0,0.0,0.0,1,1,0.3612199999999999,0.6,1.54
KOBE_STEEL_JP,Kobe Steel,DISCLOSED_PATH,P3,2037,3,0.969,4.4,3.431,22.023,0.3223,0.56,0.2377,57.554,2.6976,3.8,1.1024,70.989,True,model_interpolation,Linear interpolation from 2035 to 2040,CAND-314B41E5534D98,P3,PORT-9862FC05DA24,200,179.258661,33.082814,105.301092,18546.646,176.129668,True,True,,0.0,9.990856690045291e-05,True,True,True,True,,0.0,0.0,0.0,1,1,0.3612199999999999,0.6,1.54
KOBE_STEEL_JP,Kobe Steel,DISCLOSED_PATH,P3,2038,3,0.969,4.6,3.631,21.065,0.3223,0.64,0.3177,50.359,2.6976,4.2,1.5024,64.229,True,model_interpolation,Linear interpolation from 2035 to 2040,CAND-314B41E5534D98,P3,PORT-9862FC05DA24,200,179.258661,33.082814,105.301092,18546.646,176.129668,True,True,,0.0,9.990856690045291e-05,True,True,True,True,,0.0,0.0,0.0,1,1,0.3612199999999999,0.6,1.54
KOBE_STEEL_JP,Kobe Steel,DISCLOSED_PATH,P3,2039,3,0.969,4.8,3.831,20.187,0.3223,0.7200000000000001,0.3977,44.764,2.6976,4.6,1.9024,58.643,True,model_interpolation,Linear interpolation from 2035 to 2040,CAND-314B41E5534D98,P3,PORT-9862FC05DA24,200,179.258661,33.082814,105.301092,18546.646,176.129668,True,True,,0.0,9.990856690045291e-05,True,True,True,True,,0.0,0.0,0.0,1,1,0.3612199999999999,0.6,1.54
KOBE_STEEL_JP,Kobe Steel,DISCLOSED_PATH,P3,2040,3,0.969,5.0,4.031,19.38,0.3223,0.8,0.4777,40.287,2.6976,5.0,2.3024,53.952,True,model_estimate,Illustrative screening envelope; not an official supply forecast,CAND-314B41E5534D98,P3,PORT-9862FC05DA24,200,179.258661,33.082814,105.301092,18546.646,176.129668,True,True,,0.0,9.990856690045291e-05,True,True,True,True,,0.0,0.0,0.0,1,1,0.3612199999999999,0.6,1.54
KOBE_STEEL_JP,Kobe Steel,ACCELERATED_15C,P3,2026,0,0.0,2.0,2.0,0.0,0.0,0.2,0.2,0.0,0.0,1.0,1.0,0.0,True,model_interpolation,Linear interpolation from 2026 to 2030,CAND-314B41E5534D98,P3,PORT-9862FC05DA24,200,169.741391,35.629671,105.301092,17627.204,167.398115,True,True,,0.0,9.990856690045291e-05,True,True,True,True,,0.0,0.0,0.0,1,1,0.3612199999999999,0.6,1.54
KOBE_STEEL_JP,Kobe Steel,ACCELERATED_15C,P3,2027,0,0.0,2.25,2.25,0.0,0.0,0.25,0.25,0.0,0.0,1.375,1.375,0.0,True,model_interpolation,Linear interpolation from 2026 to 2030,CAND-314B41E5534D98,P3,PORT-9862FC05DA24,200,169.741391,35.629671,105.301092,17627.204,167.398115,True,True,,0.0,9.990856690045291e-05,True,True,True,True,,0.0,0.0,0.0,1,1,0.3612199999999999,0.6,1.54
KOBE_STEEL_JP,Kobe Steel,ACCELERATED_15C,P3,2028,0,0.0,2.5,2.5,0.0,0.0,0.30000000000000004,0.3,0.0,0.0,1.75,1.75,0.0,True,model_interpolation,Linear interpolation from 2026 to 2030,CAND-314B41E5534D98,P3,PORT-9862FC05DA24,200,169.741391,35.629671,105.301092,17627.204,167.398115,True,True,,0.0,9.990856690045291e-05,True,True,True,True,,0.0,0.0,0.0,1,1,0.3612199999999999,0.6,1.54
KOBE_STEEL_JP,Kobe Steel,ACCELERATED_15C,P3,2029,1,0.4425,2.75,2.3075,16.091,0.16225,0.35000000000000003,0.18775,46.357,1.357,2.125,0.768,63.859,True,model_interpolation,Linear interpolation from 2026 to 2030,CAND-314B41E5534D98,P3,PORT-9862FC05DA24,200,169.741391,35.629671,105.301092,17627.204,167.398115,True,True,,0.0,9.990856690045291e-05,True,True,True,True,,0.0,0.0,0.0,1,1,0.3612199999999999,0.6,1.54
KOBE_STEEL_JP,Kobe Steel,ACCELERATED_15C,P3,2030,1,0.4425,3.0,2.5575,14.75,0.16225,0.4,0.23775,40.563,1.357,2.5,1.143,54.28,True,model_interpolation,Linear interpolation from 2030 to 2035,CAND-314B41E5534D98,P3,PORT-9862FC05DA24,200,169.741391,35.629671,105.301092,17627.204,167.398115,True,True,,0.0,9.990856690045291e-05,True,True,True,True,,0.0,0.0,0.0,1,1,0.3612199999999999,0.6,1.54
KOBE_STEEL_JP,Kobe Steel,ACCELERATED_15C,P3,2031,1,0.4425,3.4,2.9575,13.015,0.16225,0.44,0.27775,36.875,1.357,2.8,1.443,48.464,True,model_interpolation,Linear interpolation from 2030 to 2035,CAND-314B41E5534D98,P3,PORT-9862FC05DA24,200,169.741391,35.629671,105.301092,17627.204,167.398115,True,True,,0.0,9.990856690045291e-05,True,True,True,True,,0.0,0.0,0.0,1,1,0.3612199999999999,0.6,1.54
KOBE_STEEL_JP,Kobe Steel,ACCELERATED_15C,P3,2032,1,0.4425,3.8,3.3575,11.645,0.16225,0.48,0.31775,33.802,1.357,3.1,1.743,43.774,True,model_interpolation,Linear interpolation from 2030 to 2035,CAND-314B41E5534D98,P3,PORT-9862FC05DA24,200,169.741391,35.629671,105.301092,17627.204,167.398115,True,True,,0.0,9.990856690045291e-05,True,True,True,True,,0.0,0.0,0.0,1,1,0.3612199999999999,0.6,1.54
KOBE_STEEL_JP,Kobe Steel,ACCELERATED_15C,P3,2033,2,0.5325,4.2,3.6675,12.679,0.16225,0.52,0.35775,31.202,1.359,3.4,2.041,39.971,True,model_interpolation,Linear interpolation from 2030 to 2035,CAND-314B41E5534D98,P3,PORT-9862FC05DA24,200,169.741391,35.629671,105.301092,17627.204,167.398115,True,True,,0.0,9.990856690045291e-05,True,True,True,True,,0.0,0.0,0.0,1,1,0.3612199999999999,0.6,1.54
KOBE_STEEL_JP,Kobe Steel,ACCELERATED_15C,P3,2034,2,0.5325,4.6,4.0675,11.576,0.16225,0.56,0.39775,28.973,1.359,3.7,2.341,36.73,True,model_interpolation,Linear interpolation from 2030 to 2035,CAND-314B41E5534D98,P3,PORT-9862FC05DA24,200,169.741391,35.629671,105.301092,17627.204,167.398115,True,True,,0.0,9.990856690045291e-05,True,True,True,True,,0.0,0.0,0.0,1,1,0.3612199999999999,0.6,1.54
KOBE_STEEL_JP,Kobe Steel,ACCELERATED_15C,P3,2035,2,0.5325,5.0,4.4675,10.65,0.16225,0.6,0.43775,27.042,1.359,4.0,2.641,33.975,True,model_interpolation,Linear interpolation from 2035 to 2040,CAND-314B41E5534D98,P3,PORT-9862FC05DA24,200,169.741391,35.629671,105.301092,17627.204,167.398115,True,True,,0.0,9.990856690045291e-05,True,True,True,True,,0.0,0.0,0.0,1,1,0.3612199999999999,0.6,1.54
KOBE_STEEL_JP,Kobe Steel,ACCELERATED_15C,P3,2036,2,0.5325,5.2,4.6675,10.24,0.16225,0.6799999999999999,0.51775,23.86,1.359,4.5,3.141,30.2,True,model_interpolation,Linear interpolation from 2035 to 2040,CAND-314B41E5534D98,P3,PORT-9862FC05DA24,200,169.741391,35.629671,105.301092,17627.204,167.398115,True,True,,0.0,9.990856690045291e-05,True,True,True,True,,0.0,0.0,0.0,1,1,0.3612199999999999,0.6,1.54
KOBE_STEEL_JP,Kobe Steel,ACCELERATED_15C,P3,2037,3,0.969,5.4,4.431,17.944,0.3223,0.76,0.4377,42.408,2.6976,5.0,2.3024,53.952,True,model_interpolation,Linear interpolation from 2035 to 2040,CAND-314B41E5534D98,P3,PORT-9862FC05DA24,200,169.741391,35.629671,105.301092,17627.204,167.398115,True,True,,0.0,9.990856690045291e-05,True,True,True,True,,0.0,0.0,0.0,1,1,0.3612199999999999,0.6,1.54
KOBE_STEEL_JP,Kobe Steel,ACCELERATED_15C,P3,2038,3,0.969,5.6,4.631,17.304,0.3223,0.84,0.5177,38.369,2.6976,5.5,2.8024,49.047,True,model_interpolation,Linear interpolation from 2035 to 2040,CAND-314B41E5534D98,P3,PORT-9862FC05DA24,200,169.741391,35.629671,105.301092,17627.204,167.398115,True,True,,0.0,9.990856690045291e-05,True,True,True,True,,0.0,0.0,0.0,1,1,0.3612199999999999,0.6,1.54
KOBE_STEEL_JP,Kobe Steel,ACCELERATED_15C,P3,2039,3,0.969,5.8,4.831,16.707,0.3223,0.92,0.5977,35.033,2.6976,6.0,3.3024,44.96,True,model_interpolation,Linear interpolation from 2035 to 2040,CAND-314B41E5534D98,P3,PORT-9862FC05DA24,200,169.741391,35.629671,105.301092,17627.204,167.398115,True,True,,0.0,9.990856690045291e-05,True,True,True,True,,0.0,0.0,0.0,1,1,0.3612199999999999,0.6,1.54
KOBE_STEEL_JP,Kobe Steel,ACCELERATED_15C,P3,2040,3,0.969,6.0,5.031,16.15,0.3223,1.0,0.6777,32.23,2.6976,6.5,3.8024,41.502,True,model_estimate,Illustrative accelerated envelope; not GCAM or an official supply forecast,CAND-314B41E5534D98,P3,PORT-9862FC05DA24,200,169.741391,35.629671,105.301092,17627.204,167.398115,True,True,,0.0,9.990856690045291e-05,True,True,True,True,,0.0,0.0,0.0,1,1,0.3612199999999999,0.6,1.54
NIPPON_STEEL_JP,Nippon Steel,DISCLOSED_PATH,P3,2026,0,0.0,8.0,8.0,0.0,0.0,0.0,0.0,0.0,0.0,2.0,2.0,0.0,True,model_interpolation,Linear interpolation from 2026 to 2030,CAND-32B1C4DEC95227,P3,PORT-0ACD636A8AEE,200,58.204182,12.429793,446.878947,25357.995,56.744663,True,False,,0.0,3.446647212967946e-06,False,False,True,True,2034,3.3599990099999992,0.0,0.0,2,2,0.47641018879999986,0.65,2.16
NIPPON_STEEL_JP,Nippon Steel,DISCLOSED_PATH,P3,2027,0,0.0,9.0,9.0,0.0,0.0,0.15,0.15,0.0,0.0,3.25,3.25,0.0,True,model_interpolation,Linear interpolation from 2026 to 2030,CAND-32B1C4DEC95227,P3,PORT-0ACD636A8AEE,200,58.204182,12.429793,446.878947,25357.995,56.744663,True,False,,0.0,3.446647212967946e-06,False,False,True,True,2034,3.3599990099999992,0.0,0.0,2,2,0.47641018879999986,0.65,2.16
NIPPON_STEEL_JP,Nippon Steel,DISCLOSED_PATH,P3,2028,0,0.0,10.0,10.0,0.0,0.0,0.3,0.3,0.0,0.0,4.5,4.5,0.0,True,model_interpolation,Linear interpolation from 2026 to 2030,CAND-32B1C4DEC95227,P3,PORT-0ACD636A8AEE,200,58.204182,12.429793,446.878947,25357.995,56.744663,True,False,,0.0,3.446647212967946e-06,False,False,True,True,2034,3.3599990099999992,0.0,0.0,2,2,0.47641018879999986,0.65,2.16
NIPPON_STEEL_JP,Nippon Steel,DISCLOSED_PATH,P3,2029,1,8.1,11.0,2.9,73.636,0.0,0.44999999999999996,0.45,0.0,5.04,5.75,0.71,87.652,True,model_interpolation,Linear interpolation from 2026 to 2030,CAND-32B1C4DEC95227,P3,PORT-0ACD636A8AEE,200,58.204182,12.429793,446.878947,25357.995,56.744663,True,False,,0.0,3.446647212967946e-06,False,False,True,True,2034,3.3599990099999992,0.0,0.0,2,2,0.47641018879999986,0.65,2.16
NIPPON_STEEL_JP,Nippon Steel,DISCLOSED_PATH,P3,2030,1,8.1,12.0,3.9,67.5,0.0,0.6,0.6,0.0,5.04,7.0,1.96,72.0,True,model_interpolation,Linear interpolation from 2030 to 2035,CAND-32B1C4DEC95227,P3,PORT-0ACD636A8AEE,200,58.204182,12.429793,446.878947,25357.995,56.744663,True,False,,0.0,3.446647212967946e-06,False,False,True,True,2034,3.3599990099999992,0.0,0.0,2,2,0.47641018879999986,0.65,2.16
NIPPON_STEEL_JP,Nippon Steel,DISCLOSED_PATH,P3,2031,1,8.1,13.2,5.1,61.364,0.0,0.8400000000000001,0.84,0.0,5.04,8.6,3.56,58.605,True,model_interpolation,Linear interpolation from 2030 to 2035,CAND-32B1C4DEC95227,P3,PORT-0ACD636A8AEE,200,58.204182,12.429793,446.878947,25357.995,56.744663,True,False,,0.0,3.446647212967946e-06,False,False,True,True,2034,3.3599990099999992,0.0,0.0,2,2,0.47641018879999986,0.65,2.16
NIPPON_STEEL_JP,Nippon Steel,DISCLOSED_PATH,P3,2032,2,13.679998,14.4,0.720002,95.0,0.0,1.08,1.08,0.0,8.511999,10.2,1.688001,83.451,True,model_interpolation,Linear interpolation from 2030 to 2035,CAND-32B1C4DEC95227,P3,PORT-0ACD636A8AEE,200,58.204182,12.429793,446.878947,25357.995,56.744663,True,False,,0.0,3.446647212967946e-06,False,False,True,True,2034,3.3599990099999992,0.0,0.0,2,2,0.47641018879999986,0.65,2.16
NIPPON_STEEL_JP,Nippon Steel,DISCLOSED_PATH,P3,2033,2,13.679998,15.6,1.920002,87.692,0.0,1.32,1.32,0.0,8.511999,11.8,3.288001,72.136,True,model_interpolation,Linear interpolation from 2030 to 2035,CAND-32B1C4DEC95227,P3,PORT-0ACD636A8AEE,200,58.204182,12.429793,446.878947,25357.995,56.744663,True,False,,0.0,3.446647212967946e-06,False,False,True,True,2034,3.3599990099999992,0.0,0.0,2,2,0.47641018879999986,0.65,2.16
NIPPON_STEEL_JP,Nippon Steel,DISCLOSED_PATH,P3,2034,3,20.159999,16.8,-3.359999,120.0,0.0,1.56,1.56,0.0,12.543999,13.4,0.856001,93.612,False,model_interpolation,Linear interpolation from 2030 to 2035,CAND-32B1C4DEC95227,P3,PORT-0ACD636A8AEE,200,58.204182,12.429793,446.878947,25357.995,56.744663,True,False,,0.0,3.446647212967946e-06,False,False,True,True,2034,3.3599990099999992,0.0,0.0,2,2,0.47641018879999986,0.65,2.16
NIPPON_STEEL_JP,Nippon Steel,DISCLOSED_PATH,P3,2035,3,20.159999,18.0,-2.159999,112.0,0.0,1.8,1.8,0.0,12.543999,15.0,2.456001,83.627,False,model_interpolation,Linear interpolation from 2035 to 2040,CAND-32B1C4DEC95227,P3,PORT-0ACD636A8AEE,200,58.204182,12.429793,446.878947,25357.995,56.744663,True,False,,0.0,3.446647212967946e-06,False,False,True,True,2034,3.3599990099999992,0.0,0.0,2,2,0.47641018879999986,0.65,2.16
NIPPON_STEEL_JP,Nippon Steel,DISCLOSED_PATH,P3,2036,4,20.999999,19.4,-1.599999,108.247,0.308,2.08,1.772,14.808,15.12,17.0,1.88,88.941,False,model_interpolation,Linear interpolation from 2035 to 2040,CAND-32B1C4DEC95227,P3,PORT-0ACD636A8AEE,200,58.204182,12.429793,446.878947,25357.995,56.744663,True,False,,0.0,3.446647212967946e-06,False,False,True,True,2034,3.3599990099999992,0.0,0.0,2,2,0.47641018879999986,0.65,2.16
NIPPON_STEEL_JP,Nippon Steel,DISCLOSED_PATH,P3,2037,4,20.999999,20.8,-0.199999,100.962,0.308,2.3600000000000003,2.052,13.051,15.12,19.0,3.88,79.579,False,model_interpolation,Linear interpolation from 2035 to 2040,CAND-32B1C4DEC95227,P3,PORT-0ACD636A8AEE,200,58.204182,12.429793,446.878947,25357.995,56.744663,True,False,,0.0,3.446647212967946e-06,False,False,True,True,2034,3.3599990099999992,0.0,0.0,2,2,0.47641018879999986,0.65,2.16
NIPPON_STEEL_JP,Nippon Steel,DISCLOSED_PATH,P3,2038,5,21.944999,22.2,0.255001,98.851,0.6545,2.64,1.9855,24.792,18.018,21.0,2.982,85.8,True,model_interpolation,Linear interpolation from 2035 to 2040,CAND-32B1C4DEC95227,P3,PORT-0ACD636A8AEE,200,58.204182,12.429793,446.878947,25357.995,56.744663,True,False,,0.0,3.446647212967946e-06,False,False,True,True,2034,3.3599990099999992,0.0,0.0,2,2,0.47641018879999986,0.65,2.16
NIPPON_STEEL_JP,Nippon Steel,DISCLOSED_PATH,P3,2039,5,21.944999,23.6,1.655001,92.987,0.6545,2.92,2.2655,22.414,18.018,23.0,4.982,78.339,True,model_interpolation,Linear interpolation from 2035 to 2040,CAND-32B1C4DEC95227,P3,PORT-0ACD636A8AEE,200,58.204182,12.429793,446.878947,25357.995,56.744663,True,False,,0.0,3.446647212967946e-06,False,False,True,True,2034,3.3599990099999992,0.0,0.0,2,2,0.47641018879999986,0.65,2.16
NIPPON_STEEL_JP,Nippon Steel,DISCLOSED_PATH,P3,2040,5,21.944999,25.0,3.055001,87.78,0.6545,3.2,2.5455,20.453,18.018,25.0,6.982,72.072,True,model_estimate,Illustrative screening envelope; not an official supply forecast,CAND-32B1C4DEC95227,P3,PORT-0ACD636A8AEE,200,58.204182,12.429793,446.878947,25357.995,56.744663,True,False,,0.0,3.446647212967946e-06,False,False,True,True,2034,3.3599990099999992,0.0,0.0,2,2,0.47641018879999986,0.65,2.16
NIPPON_STEEL_JP,Nippon Steel,ACCELERATED_15C,P3,2026,0,0.0,8.0,8.0,0.0,0.0,0.1,0.1,0.0,0.0,2.0,2.0,0.0,True,model_interpolation,Linear interpolation from 2026 to 2030,CAND-32B1C4DEC95227,P3,PORT-0ACD636A8AEE,200,45.816688,13.722526,446.878947,19867.245,44.457778,True,True,,0.0,3.446647212967946e-06,True,True,True,True,,0.0,0.0,0.0,2,2,0.47641018879999986,0.65,2.16
NIPPON_STEEL_JP,Nippon Steel,ACCELERATED_15C,P3,2027,0,0.0,9.75,9.75,0.0,0.0,0.30000000000000004,0.3,0.0,0.0,4.0,4.0,0.0,True,model_interpolation,Linear interpolation from 2026 to 2030,CAND-32B1C4DEC95227,P3,PORT-0ACD636A8AEE,200,45.816688,13.722526,446.878947,19867.245,44.457778,True,True,,0.0,3.446647212967946e-06,True,True,True,True,,0.0,0.0,0.0,2,2,0.47641018879999986,0.65,2.16
NIPPON_STEEL_JP,Nippon Steel,ACCELERATED_15C,P3,2028,0,0.0,11.5,11.5,0.0,0.0,0.5,0.5,0.0,0.0,6.0,6.0,0.0,True,model_interpolation,Linear interpolation from 2026 to 2030,CAND-32B1C4DEC95227,P3,PORT-0ACD636A8AEE,200,45.816688,13.722526,446.878947,19867.245,44.457778,True,True,,0.0,3.446647212967946e-06,True,True,True,True,,0.0,0.0,0.0,2,2,0.47641018879999986,0.65,2.16
NIPPON_STEEL_JP,Nippon Steel,ACCELERATED_15C,P3,2029,1,8.1,13.25,5.15,61.132,0.0,0.7000000000000001,0.7,0.0,5.04,8.0,2.96,63.0,True,model_interpolation,Linear interpolation from 2026 to 2030,CAND-32B1C4DEC95227,P3,PORT-0ACD636A8AEE,200,45.816688,13.722526,446.878947,19867.245,44.457778,True,True,,0.0,3.446647212967946e-06,True,True,True,True,,0.0,0.0,0.0,2,2,0.47641018879999986,0.65,2.16
NIPPON_STEEL_JP,Nippon Steel,ACCELERATED_15C,P3,2030,1,8.1,15.0,6.9,54.0,0.0,0.9,0.9,0.0,5.04,10.0,4.96,50.4,True,model_interpolation,Linear interpolation from 2030 to 2035,CAND-32B1C4DEC95227,P3,PORT-0ACD636A8AEE,200,45.816688,13.722526,446.878947,19867.245,44.457778,True,True,,0.0,3.446647212967946e-06,True,True,True,True,,0.0,0.0,0.0,2,2,0.47641018879999986,0.65,2.16
NIPPON_STEEL_JP,Nippon Steel,ACCELERATED_15C,P3,2031,1,8.1,16.6,8.5,48.795,0.0,1.2200000000000002,1.22,0.0,5.04,12.0,6.96,42.0,True,model_interpolation,Linear interpolation from 2030 to 2035,CAND-32B1C4DEC95227,P3,PORT-0ACD636A8AEE,200,45.816688,13.722526,446.878947,19867.245,44.457778,True,True,,0.0,3.446647212967946e-06,True,True,True,True,,0.0,0.0,0.0,2,2,0.47641018879999986,0.65,2.16
NIPPON_STEEL_JP,Nippon Steel,ACCELERATED_15C,P3,2032,2,13.679998,18.2,4.520002,75.165,0.0,1.54,1.54,0.0,8.511999,14.0,5.488001,60.8,True,model_interpolation,Linear interpolation from 2030 to 2035,CAND-32B1C4DEC95227,P3,PORT-0ACD636A8AEE,200,45.816688,13.722526,446.878947,19867.245,44.457778,True,True,,0.0,3.446647212967946e-06,True,True,True,True,,0.0,0.0,0.0,2,2,0.47641018879999986,0.65,2.16
NIPPON_STEEL_JP,Nippon Steel,ACCELERATED_15C,P3,2033,2,13.679998,19.8,6.120002,69.091,0.0,1.8599999999999999,1.86,0.0,8.511999,16.0,7.488001,53.2,True,model_interpolation,Linear interpolation from 2030 to 2035,CAND-32B1C4DEC95227,P3,PORT-0ACD636A8AEE,200,45.816688,13.722526,446.878947,19867.245,44.457778,True,True,,0.0,3.446647212967946e-06,True,True,True,True,,0.0,0.0,0.0,2,2,0.47641018879999986,0.65,2.16
NIPPON_STEEL_JP,Nippon Steel,ACCELERATED_15C,P3,2034,3,20.159999,21.4,1.240001,94.206,0.0,2.18,2.18,0.0,12.543999,18.0,5.456001,69.689,True,model_interpolation,Linear interpolation from 2030 to 2035,CAND-32B1C4DEC95227,P3,PORT-0ACD636A8AEE,200,45.816688,13.722526,446.878947,19867.245,44.457778,True,True,,0.0,3.446647212967946e-06,True,True,True,True,,0.0,0.0,0.0,2,2,0.47641018879999986,0.65,2.16
NIPPON_STEEL_JP,Nippon Steel,ACCELERATED_15C,P3,2035,3,20.159999,23.0,2.840001,87.652,0.0,2.5,2.5,0.0,12.543999,20.0,7.456001,62.72,True,model_interpolation,Linear interpolation from 2035 to 2040,CAND-32B1C4DEC95227,P3,PORT-0ACD636A8AEE,200,45.816688,13.722526,446.878947,19867.245,44.457778,True,True,,0.0,3.446647212967946e-06,True,True,True,True,,0.0,0.0,0.0,2,2,0.47641018879999986,0.65,2.16
NIPPON_STEEL_JP,Nippon Steel,ACCELERATED_15C,P3,2036,4,20.999999,24.4,3.400001,86.066,0.308,2.9,2.592,10.621,15.12,22.4,7.28,67.5,True,model_interpolation,Linear interpolation from 2035 to 2040,CAND-32B1C4DEC95227,P3,PORT-0ACD636A8AEE,200,45.816688,13.722526,446.878947,19867.245,44.457778,True,True,,0.0,3.446647212967946e-06,True,True,True,True,,0.0,0.0,0.0,2,2,0.47641018879999986,0.65,2.16
NIPPON_STEEL_JP,Nippon Steel,ACCELERATED_15C,P3,2037,4,20.999999,25.8,4.800001,81.395,0.308,3.3,2.992,9.333,15.12,24.8,9.68,60.968,True,model_interpolation,Linear interpolation from 2035 to 2040,CAND-32B1C4DEC95227,P3,PORT-0ACD636A8AEE,200,45.816688,13.722526,446.878947,19867.245,44.457778,True,True,,0.0,3.446647212967946e-06,True,True,True,True,,0.0,0.0,0.0,2,2,0.47641018879999986,0.65,2.16
NIPPON_STEEL_JP,Nippon Steel,ACCELERATED_15C,P3,2038,5,21.944999,27.2,5.255001,80.68,0.6545,3.7,3.0455,17.689,18.018,27.2,9.182,66.243,True,model_interpolation,Linear interpolation from 2035 to 2040,CAND-32B1C4DEC95227,P3,PORT-0ACD636A8AEE,200,45.816688,13.722526,446.878947,19867.245,44.457778,True,True,,0.0,3.446647212967946e-06,True,True,True,True,,0.0,0.0,0.0,2,2,0.47641018879999986,0.65,2.16
NIPPON_STEEL_JP,Nippon Steel,ACCELERATED_15C,P3,2039,5,21.944999,28.6,6.655001,76.731,0.6545,4.1,3.4455,15.963,18.018,29.6,11.582,60.872,True,model_interpolation,Linear interpolation from 2035 to 2040,CAND-32B1C4DEC95227,P3,PORT-0ACD636A8AEE,200,45.816688,13.722526,446.878947,19867.245,44.457778,True,True,,0.0,3.446647212967946e-06,True,True,True,True,,0.0,0.0,0.0,2,2,0.47641018879999986,0.65,2.16
NIPPON_STEEL_JP,Nippon Steel,ACCELERATED_15C,P3,2040,5,21.944999,30.0,8.055001,73.15,0.6545,4.5,3.8455,14.544,18.018,32.0,13.982,56.306,True,model_estimate,Illustrative accelerated envelope; not GCAM or an official supply forecast,CAND-32B1C4DEC95227,P3,PORT-0ACD636A8AEE,200,45.816688,13.722526,446.878947,19867.245,44.457778,True,True,,0.0,3.446647212967946e-06,True,True,True,True,,0.0,0.0,0.0,2,2,0.47641018879999986,0.65,2.16
POSCO_KR,POSCO,DISCLOSED_PATH,P1,2026,0,0.0,8.0,8.0,0.0,0.0,0.0,0.0,0.0,0.0,2.0,2.0,0.0,True,model_interpolation,Linear interpolation from 2026 to 2030,CAND-44C957BBFA61A4,P1,PORT-96133A6427FE,200,71.595668,19.848296,430.20423,29693.364,69.021552,True,True,,0.0,2.0275124185786808e-05,True,True,True,True,,0.0,0.0,0.0,2,3,0.45933660799999987,0.65,2.02
POSCO_KR,POSCO,DISCLOSED_PATH,P1,2027,0,0.0,9.0,9.0,0.0,0.0,0.125,0.125,0.0,0.0,3.25,3.25,0.0,True,model_interpolation,Linear interpolation from 2026 to 2030,CAND-44C957BBFA61A4,P1,PORT-96133A6427FE,200,71.595668,19.848296,430.20423,29693.364,69.021552,True,True,,0.0,2.0275124185786808e-05,True,True,True,True,,0.0,0.0,0.0,2,3,0.45933660799999987,0.65,2.02
POSCO_KR,POSCO,DISCLOSED_PATH,P1,2028,0,0.0,10.0,10.0,0.0,0.0,0.25,0.25,0.0,0.0,4.5,4.5,0.0,True,model_interpolation,Linear interpolation from 2026 to 2030,CAND-44C957BBFA61A4,P1,PORT-96133A6427FE,200,71.595668,19.848296,430.20423,29693.364,69.021552,True,True,,0.0,2.0275124185786808e-05,True,True,True,True,,0.0,0.0,0.0,2,3,0.45933660799999987,0.65,2.02
POSCO_KR,POSCO,DISCLOSED_PATH,P1,2029,1,6.839998,11.0,4.160002,62.182,0.0,0.375,0.375,0.0,4.255999,5.75,1.494001,74.017,True,model_interpolation,Linear interpolation from 2026 to 2030,CAND-44C957BBFA61A4,P1,PORT-96133A6427FE,200,71.595668,19.848296,430.20423,29693.364,69.021552,True,True,,0.0,2.0275124185786808e-05,True,True,True,True,,0.0,0.0,0.0,2,3,0.45933660799999987,0.65,2.02
POSCO_KR,POSCO,DISCLOSED_PATH,P1,2030,1,6.839998,12.0,5.160002,57.0,0.0,0.5,0.5,0.0,4.255999,7.0,2.744001,60.8,True,model_interpolation,Linear interpolation from 2030 to 2035,CAND-44C957BBFA61A4,P1,PORT-96133A6427FE,200,71.595668,19.848296,430.20423,29693.364,69.021552,True,True,,0.0,2.0275124185786808e-05,True,True,True,True,,0.0,0.0,0.0,2,3,0.45933660799999987,0.65,2.02
POSCO_KR,POSCO,DISCLOSED_PATH,P1,2031,1,6.839998,13.2,6.360002,51.818,0.0,0.7,0.7,0.0,4.255999,8.6,4.344001,49.488,True,model_interpolation,Linear interpolation from 2030 to 2035,CAND-44C957BBFA61A4,P1,PORT-96133A6427FE,200,71.595668,19.848296,430.20423,29693.364,69.021552,True,True,,0.0,2.0275124185786808e-05,True,True,True,True,,0.0,0.0,0.0,2,3,0.45933660799999987,0.65,2.02
POSCO_KR,POSCO,DISCLOSED_PATH,P1,2032,2,7.859998,14.4,6.540002,54.583,0.374,0.9,0.526,41.556,7.383999,10.2,2.816001,72.392,True,model_interpolation,Linear interpolation from 2030 to 2035,CAND-44C957BBFA61A4,P1,PORT-96133A6427FE,200,71.595668,19.848296,430.20423,29693.364,69.021552,True,True,,0.0,2.0275124185786808e-05,True,True,True,True,,0.0,0.0,0.0,2,3,0.45933660799999987,0.65,2.02
POSCO_KR,POSCO,DISCLOSED_PATH,P1,2033,3,8.880598,15.6,6.719402,56.927,0.374,1.1,0.726,34.0,7.452039,11.8,4.347961,63.153,True,model_interpolation,Linear interpolation from 2030 to 2035,CAND-44C957BBFA61A4,P1,PORT-96133A6427FE,200,71.595668,19.848296,430.20423,29693.364,69.021552,True,True,,0.0,2.0275124185786808e-05,True,True,True,True,,0.0,0.0,0.0,2,3,0.45933660799999987,0.65,2.02
POSCO_KR,POSCO,DISCLOSED_PATH,P1,2034,3,8.880598,16.8,7.919402,52.861,0.374,1.3,0.926,28.769,7.452039,13.4,5.947961,55.612,True,model_interpolation,Linear interpolation from 2030 to 2035,CAND-44C957BBFA61A4,P1,PORT-96133A6427FE,200,71.595668,19.848296,430.20423,29693.364,69.021552,True,True,,0.0,2.0275124185786808e-05,True,True,True,True,,0.0,0.0,0.0,2,3,0.45933660799999987,0.65,2.02
POSCO_KR,POSCO,DISCLOSED_PATH,P1,2035,4,17.430597,18.0,0.569403,96.837,0.374,1.5,1.126,24.933,12.867038,15.0,2.132962,85.78,True,model_interpolation,Linear interpolation from 2035 to 2040,CAND-44C957BBFA61A4,P1,PORT-96133A6427FE,200,71.595668,19.848296,430.20423,29693.364,69.021552,True,True,,0.0,2.0275124185786808e-05,True,True,True,True,,0.0,0.0,0.0,2,3,0.45933660799999987,0.65,2.02
POSCO_KR,POSCO,DISCLOSED_PATH,P1,2036,4,17.430597,19.4,1.969403,89.848,0.374,1.8,1.426,20.778,12.867038,17.0,4.132962,75.688,True,model_interpolation,Linear interpolation from 2035 to 2040,CAND-44C957BBFA61A4,P1,PORT-96133A6427FE,200,71.595668,19.848296,430.20423,29693.364,69.021552,True,True,,0.0,2.0275124185786808e-05,True,True,True,True,,0.0,0.0,0.0,2,3,0.45933660799999987,0.65,2.02
POSCO_KR,POSCO,DISCLOSED_PATH,P1,2037,5,18.856047,20.8,1.943953,90.654,0.896665,2.1,1.203335,42.698,17.333447,19.0,1.666553,91.229,True,model_interpolation,Linear interpolation from 2035 to 2040,CAND-44C957BBFA61A4,P1,PORT-96133A6427FE,200,71.595668,19.848296,430.20423,29693.364,69.021552,True,True,,0.0,2.0275124185786808e-05,True,True,True,True,,0.0,0.0,0.0,2,3,0.45933660799999987,0.65,2.02
POSCO_KR,POSCO,DISCLOSED_PATH,P1,2038,5,18.856047,22.2,3.343953,84.937,0.896665,2.4,1.503335,37.361,17.333447,21.0,3.666553,82.54,True,model_interpolation,Linear interpolation from 2035 to 2040,CAND-44C957BBFA61A4,P1,PORT-96133A6427FE,200,71.595668,19.848296,430.20423,29693.364,69.021552,True,True,,0.0,2.0275124185786808e-05,True,True,True,True,,0.0,0.0,0.0,2,3,0.45933660799999987,0.65,2.02
POSCO_KR,POSCO,DISCLOSED_PATH,P1,2039,5,18.856047,23.6,4.743953,79.899,0.896665,2.7,1.803335,33.21,17.333447,23.0,5.666553,75.363,True,model_interpolation,Linear interpolation from 2035 to 2040,CAND-44C957BBFA61A4,P1,PORT-96133A6427FE,200,71.595668,19.848296,430.20423,29693.364,69.021552,True,True,,0.0,2.0275124185786808e-05,True,True,True,True,,0.0,0.0,0.0,2,3,0.45933660799999987,0.65,2.02
POSCO_KR,POSCO,DISCLOSED_PATH,P1,2040,5,18.856047,25.0,6.143953,75.424,0.896665,3.0,2.103335,29.889,17.333447,25.0,7.666553,69.334,True,model_estimate,Illustrative screening envelope; not an official supply forecast,CAND-44C957BBFA61A4,P1,PORT-96133A6427FE,200,71.595668,19.848296,430.20423,29693.364,69.021552,True,True,,0.0,2.0275124185786808e-05,True,True,True,True,,0.0,0.0,0.0,2,3,0.45933660799999987,0.65,2.02
POSCO_KR,POSCO,ACCELERATED_15C,P1,2026,0,0.0,8.0,8.0,0.0,0.0,0.1,0.1,0.0,0.0,2.0,2.0,0.0,True,model_interpolation,Linear interpolation from 2026 to 2030,CAND-44C957BBFA61A4,P1,PORT-96133A6427FE,200,60.519093,21.715381,430.20423,24922.922,57.932769,True,True,,0.0,2.0275124185786808e-05,True,True,True,True,,0.0,0.0,0.0,2,3,0.45933660799999987,0.65,2.02
POSCO_KR,POSCO,ACCELERATED_15C,P1,2027,0,0.0,9.75,9.75,0.0,0.0,0.275,0.275,0.0,0.0,4.0,4.0,0.0,True,model_interpolation,Linear interpolation from 2026 to 2030,CAND-44C957BBFA61A4,P1,PORT-96133A6427FE,200,60.519093,21.715381,430.20423,24922.922,57.932769,True,True,,0.0,2.0275124185786808e-05,True,True,True,True,,0.0,0.0,0.0,2,3,0.45933660799999987,0.65,2.02
POSCO_KR,POSCO,ACCELERATED_15C,P1,2028,0,0.0,11.5,11.5,0.0,0.0,0.45000000000000007,0.45,0.0,0.0,6.0,6.0,0.0,True,model_interpolation,Linear interpolation from 2026 to 2030,CAND-44C957BBFA61A4,P1,PORT-96133A6427FE,200,60.519093,21.715381,430.20423,24922.922,57.932769,True,True,,0.0,2.0275124185786808e-05,True,True,True,True,,0.0,0.0,0.0,2,3,0.45933660799999987,0.65,2.02
POSCO_KR,POSCO,ACCELERATED_15C,P1,2029,1,6.839998,13.25,6.410002,51.623,0.0,0.625,0.625,0.0,4.255999,8.0,3.744001,53.2,True,model_interpolation,Linear interpolation from 2026 to 2030,CAND-44C957BBFA61A4,P1,PORT-96133A6427FE,200,60.519093,21.715381,430.20423,24922.922,57.932769,True,True,,0.0,2.0275124185786808e-05,True,True,True,True,,0.0,0.0,0.0,2,3,0.45933660799999987,0.65,2.02
POSCO_KR,POSCO,ACCELERATED_15C,P1,2030,1,6.839998,15.0,8.160002,45.6,0.0,0.8,0.8,0.0,4.255999,10.0,5.744001,42.56,True,model_interpolation,Linear interpolation from 2030 to 2035,CAND-44C957BBFA61A4,P1,PORT-96133A6427FE,200,60.519093,21.715381,430.20423,24922.922,57.932769,True,True,,0.0,2.0275124185786808e-05,True,True,True,True,,0.0,0.0,0.0,2,3,0.45933660799999987,0.65,2.02
POSCO_KR,POSCO,ACCELERATED_15C,P1,2031,1,6.839998,16.6,9.760002,41.205,0.0,1.08,1.08,0.0,4.255999,12.0,7.744001,35.467,True,model_interpolation,Linear interpolation from 2030 to 2035,CAND-44C957BBFA61A4,P1,PORT-96133A6427FE,200,60.519093,21.715381,430.20423,24922.922,57.932769,True,True,,0.0,2.0275124185786808e-05,True,True,True,True,,0.0,0.0,0.0,2,3,0.45933660799999987,0.65,2.02
POSCO_KR,POSCO,ACCELERATED_15C,P1,2032,2,7.859998,18.2,10.340002,43.187,0.374,1.36,0.986,27.5,7.383999,14.0,6.616001,52.743,True,model_interpolation,Linear interpolation from 2030 to 2035,CAND-44C957BBFA61A4,P1,PORT-96133A6427FE,200,60.519093,21.715381,430.20423,24922.922,57.932769,True,True,,0.0,2.0275124185786808e-05,True,True,True,True,,0.0,0.0,0.0,2,3,0.45933660799999987,0.65,2.02
POSCO_KR,POSCO,ACCELERATED_15C,P1,2033,3,8.880598,19.8,10.919402,44.852,0.374,1.6400000000000001,1.266,22.805,7.452039,16.0,8.547961,46.575,True,model_interpolation,Linear interpolation from 2030 to 2035,CAND-44C957BBFA61A4,P1,PORT-96133A6427FE,200,60.519093,21.715381,430.20423,24922.922,57.932769,True,True,,0.0,2.0275124185786808e-05,True,True,True,True,,0.0,0.0,0.0,2,3,0.45933660799999987,0.65,2.02
POSCO_KR,POSCO,ACCELERATED_15C,P1,2034,3,8.880598,21.4,12.519402,41.498,0.374,1.9200000000000002,1.546,19.479,7.452039,18.0,10.547961,41.4,True,model_interpolation,Linear interpolation from 2030 to 2035,CAND-44C957BBFA61A4,P1,PORT-96133A6427FE,200,60.519093,21.715381,430.20423,24922.922,57.932769,True,True,,0.0,2.0275124185786808e-05,True,True,True,True,,0.0,0.0,0.0,2,3,0.45933660799999987,0.65,2.02
POSCO_KR,POSCO,ACCELERATED_15C,P1,2035,4,17.430597,23.0,5.569403,75.785,0.374,2.2,1.826,17.0,12.867038,20.0,7.132962,64.335,True,model_interpolation,Linear interpolation from 2035 to 2040,CAND-44C957BBFA61A4,P1,PORT-96133A6427FE,200,60.519093,21.715381,430.20423,24922.922,57.932769,True,True,,0.0,2.0275124185786808e-05,True,True,True,True,,0.0,0.0,0.0,2,3,0.45933660799999987,0.65,2.02
POSCO_KR,POSCO,ACCELERATED_15C,P1,2036,4,17.430597,24.4,6.969403,71.437,0.374,2.56,2.186,14.609,12.867038,22.4,9.532962,57.442,True,model_interpolation,Linear interpolation from 2035 to 2040,CAND-44C957BBFA61A4,P1,PORT-96133A6427FE,200,60.519093,21.715381,430.20423,24922.922,57.932769,True,True,,0.0,2.0275124185786808e-05,True,True,True,True,,0.0,0.0,0.0,2,3,0.45933660799999987,0.65,2.02
POSCO_KR,POSCO,ACCELERATED_15C,P1,2037,5,18.856047,25.8,6.943953,73.085,0.896665,2.92,2.023335,30.708,17.333447,24.8,7.466553,69.893,True,model_interpolation,Linear interpolation from 2035 to 2040,CAND-44C957BBFA61A4,P1,PORT-96133A6427FE,200,60.519093,21.715381,430.20423,24922.922,57.932769,True,True,,0.0,2.0275124185786808e-05,True,True,True,True,,0.0,0.0,0.0,2,3,0.45933660799999987,0.65,2.02
POSCO_KR,POSCO,ACCELERATED_15C,P1,2038,5,18.856047,27.2,8.343953,69.324,0.896665,3.2800000000000002,2.383335,27.337,17.333447,27.2,9.866553,63.726,True,model_interpolation,Linear interpolation from 2035 to 2040,CAND-44C957BBFA61A4,P1,PORT-96133A6427FE,200,60.519093,21.715381,430.20423,24922.922,57.932769,True,True,,0.0,2.0275124185786808e-05,True,True,True,True,,0.0,0.0,0.0,2,3,0.45933660799999987,0.65,2.02
POSCO_KR,POSCO,ACCELERATED_15C,P1,2039,5,18.856047,28.6,9.743953,65.93,0.896665,3.64,2.743335,24.634,17.333447,29.6,12.266553,58.559,True,model_interpolation,Linear interpolation from 2035 to 2040,CAND-44C957BBFA61A4,P1,PORT-96133A6427FE,200,60.519093,21.715381,430.20423,24922.922,57.932769,True,True,,0.0,2.0275124185786808e-05,True,True,True,True,,0.0,0.0,0.0,2,3,0.45933660799999987,0.65,2.02
POSCO_KR,POSCO,ACCELERATED_15C,P1,2040,5,18.856047,30.0,11.143953,62.853,0.896665,4.0,3.103335,22.417,17.333447,32.0,14.666553,54.167,True,model_estimate,Illustrative accelerated envelope; not GCAM or an official supply forecast,CAND-44C957BBFA61A4,P1,PORT-96133A6427FE,200,60.519093,21.715381,430.20423,24922.922,57.932769,True,True,,0.0,2.0275124185786808e-05,True,True,True,True,,0.0,0.0,0.0,2,3,0.45933660799999987,0.65,2.02
POSCO_KR,POSCO,DISCLOSED_PATH,P2,2026,0,0.0,8.0,8.0,0.0,0.0,0.0,0.0,0.0,0.0,2.0,2.0,0.0,True,model_interpolation,Linear interpolation from 2026 to 2030,CAND-466C04961ED513,P2,PORT-7ED23B40E316,200,33.137243,10.73047,414.904229,13064.613,31.488261,True,False,,0.0,2.0275124185786808e-05,False,False,True,True,2035,4.530597659999998,0.0,0.0,2,3,0.3934020479999999,0.65,1.54
POSCO_KR,POSCO,DISCLOSED_PATH,P2,2027,0,0.0,9.0,9.0,0.0,0.0,0.125,0.125,0.0,0.0,3.25,3.25,0.0,True,model_interpolation,Linear interpolation from 2026 to 2030,CAND-466C04961ED513,P2,PORT-7ED23B40E316,200,33.137243,10.73047,414.904229,13064.613,31.488261,True,False,,0.0,2.0275124185786808e-05,False,False,True,True,2035,4.530597659999998,0.0,0.0,2,3,0.3934020479999999,0.65,1.54
POSCO_KR,POSCO,DISCLOSED_PATH,P2,2028,0,0.0,10.0,10.0,0.0,0.0,0.25,0.25,0.0,0.0,4.5,4.5,0.0,True,model_interpolation,Linear interpolation from 2026 to 2030,CAND-466C04961ED513,P2,PORT-7ED23B40E316,200,33.137243,10.73047,414.904229,13064.613,31.488261,True,False,,0.0,2.0275124185786808e-05,False,False,True,True,2035,4.530597659999998,0.0,0.0,2,3,0.3934020479999999,0.65,1.54
POSCO_KR,POSCO,DISCLOSED_PATH,P2,2029,1,6.839998,11.0,4.160002,62.182,0.0,0.375,0.375,0.0,4.255999,5.75,1.494001,74.017,True,model_interpolation,Linear interpolation from 2026 to 2030,CAND-466C04961ED513,P2,PORT-7ED23B40E316,200,33.137243,10.73047,414.904229,13064.613,31.488261,True,False,,0.0,2.0275124185786808e-05,False,False,True,True,2035,4.530597659999998,0.0,0.0,2,3,0.3934020479999999,0.65,1.54
POSCO_KR,POSCO,DISCLOSED_PATH,P2,2030,1,6.839998,12.0,5.160002,57.0,0.0,0.5,0.5,0.0,4.255999,7.0,2.744001,60.8,True,model_interpolation,Linear interpolation from 2030 to 2035,CAND-466C04961ED513,P2,PORT-7ED23B40E316,200,33.137243,10.73047,414.904229,13064.613,31.488261,True,False,,0.0,2.0275124185786808e-05,False,False,True,True,2035,4.530597659999998,0.0,0.0,2,3,0.3934020479999999,0.65,1.54
POSCO_KR,POSCO,DISCLOSED_PATH,P2,2031,1,6.839998,13.2,6.360002,51.818,0.0,0.7,0.7,0.0,4.255999,8.6,4.344001,49.488,True,model_interpolation,Linear interpolation from 2030 to 2035,CAND-466C04961ED513,P2,PORT-7ED23B40E316,200,33.137243,10.73047,414.904229,13064.613,31.488261,True,False,,0.0,2.0275124185786808e-05,False,False,True,True,2035,4.530597659999998,0.0,0.0,2,3,0.3934020479999999,0.65,1.54
POSCO_KR,POSCO,DISCLOSED_PATH,P2,2032,2,12.959999,14.4,1.440001,90.0,0.0,0.9,0.9,0.0,8.063999,10.2,2.136001,79.059,True,model_interpolation,Linear interpolation from 2030 to 2035,CAND-466C04961ED513,P2,PORT-7ED23B40E316,200,33.137243,10.73047,414.904229,13064.613,31.488261,True,False,,0.0,2.0275124185786808e-05,False,False,True,True,2035,4.530597659999998,0.0,0.0,2,3,0.3934020479999999,0.65,1.54
POSCO_KR,POSCO,DISCLOSED_PATH,P2,2033,3,13.980599,15.6,1.619401,89.619,0.0,1.1,1.1,0.0,8.132039,11.8,3.667961,68.916,True,model_interpolation,Linear interpolation from 2030 to 2035,CAND-466C04961ED513,P2,PORT-7ED23B40E316,200,33.137243,10.73047,414.904229,13064.613,31.488261,True,False,,0.0,2.0275124185786808e-05,False,False,True,True,2035,4.530597659999998,0.0,0.0,2,3,0.3934020479999999,0.65,1.54
POSCO_KR,POSCO,DISCLOSED_PATH,P2,2034,3,13.980599,16.8,2.819401,83.218,0.0,1.3,1.3,0.0,8.132039,13.4,5.267961,60.687,True,model_interpolation,Linear interpolation from 2030 to 2035,CAND-466C04961ED513,P2,PORT-7ED23B40E316,200,33.137243,10.73047,414.904229,13064.613,31.488261,True,False,,0.0,2.0275124185786808e-05,False,False,True,True,2035,4.530597659999998,0.0,0.0,2,3,0.3934020479999999,0.65,1.54
POSCO_KR,POSCO,DISCLOSED_PATH,P2,2035,4,22.530598,18.0,-4.530598,125.17,0.0,1.5,1.5,0.0,13.547039,15.0,1.452961,90.314,False,model_interpolation,Linear interpolation from 2035 to 2040,CAND-466C04961ED513,P2,PORT-7ED23B40E316,200,33.137243,10.73047,414.904229,13064.613,31.488261,True,False,,0.0,2.0275124185786808e-05,False,False,True,True,2035,4.530597659999998,0.0,0.0,2,3,0.3934020479999999,0.65,1.54
POSCO_KR,POSCO,DISCLOSED_PATH,P2,2036,4,22.530598,19.4,-3.130598,116.137,0.0,1.8,1.8,0.0,13.547039,17.0,3.452961,79.688,False,model_interpolation,Linear interpolation from 2035 to 2040,CAND-466C04961ED513,P2,PORT-7ED23B40E316,200,33.137243,10.73047,414.904229,13064.613,31.488261,True,False,,0.0,2.0275124185786808e-05,False,False,True,True,2035,4.530597659999998,0.0,0.0,2,3,0.3934020479999999,0.65,1.54
POSCO_KR,POSCO,DISCLOSED_PATH,P2,2037,5,23.956047,20.8,-3.156047,115.173,0.522665,2.1,1.577335,24.889,18.013447,19.0,0.986553,94.808,False,model_interpolation,Linear interpolation from 2035 to 2040,CAND-466C04961ED513,P2,PORT-7ED23B40E316,200,33.137243,10.73047,414.904229,13064.613,31.488261,True,False,,0.0,2.0275124185786808e-05,False,False,True,True,2035,4.530597659999998,0.0,0.0,2,3,0.3934020479999999,0.65,1.54
POSCO_KR,POSCO,DISCLOSED_PATH,P2,2038,5,23.956047,22.2,-1.756047,107.91,0.522665,2.4,1.877335,21.778,18.013447,21.0,2.986553,85.778,False,model_interpolation,Linear interpolation from 2035 to 2040,CAND-466C04961ED513,P2,PORT-7ED23B40E316,200,33.137243,10.73047,414.904229,13064.613,31.488261,True,False,,0.0,2.0275124185786808e-05,False,False,True,True,2035,4.530597659999998,0.0,0.0,2,3,0.3934020479999999,0.65,1.54
POSCO_KR,POSCO,DISCLOSED_PATH,P2,2039,5,23.956047,23.6,-0.356047,101.509,0.522665,2.7,2.177335,19.358,18.013447,23.0,4.986553,78.319,False,model_interpolation,Linear interpolation from 2035 to 2040,CAND-466C04961ED513,P2,PORT-7ED23B40E316,200,33.137243,10.73047,414.904229,13064.613,31.488261,True,False,,0.0,2.0275124185786808e-05,False,False,True,True,2035,4.530597659999998,0.0,0.0,2,3,0.3934020479999999,0.65,1.54
POSCO_KR,POSCO,DISCLOSED_PATH,P2,2040,5,23.956047,25.0,1.043953,95.824,0.522665,3.0,2.477335,17.422,18.013447,25.0,6.986553,72.054,True,model_estimate,Illustrative screening envelope; not an official supply forecast,CAND-466C04961ED513,P2,PORT-7ED23B40E316,200,33.137243,10.73047,414.904229,13064.613,31.488261,True,False,,0.0,2.0275124185786808e-05,False,False,True,True,2035,4.530597659999998,0.0,0.0,2,3,0.3934020479999999,0.65,1.54
POSCO_KR,POSCO,ACCELERATED_15C,P2,2026,0,0.0,8.0,8.0,0.0,0.0,0.1,0.1,0.0,0.0,2.0,2.0,0.0,True,model_interpolation,Linear interpolation from 2026 to 2030,CAND-466C04961ED513,P2,PORT-7ED23B40E316,200,19.549378,11.733151,414.904229,7402.041,17.84036,True,True,,0.0,2.0275124185786808e-05,True,True,True,True,,0.0,0.0,0.0,2,3,0.3934020479999999,0.65,1.54
POSCO_KR,POSCO,ACCELERATED_15C,P2,2027,0,0.0,9.75,9.75,0.0,0.0,0.275,0.275,0.0,0.0,4.0,4.0,0.0,True,model_interpolation,Linear interpolation from 2026 to 2030,CAND-466C04961ED513,P2,PORT-7ED23B40E316,200,19.549378,11.733151,414.904229,7402.041,17.84036,True,True,,0.0,2.0275124185786808e-05,True,True,True,True,,0.0,0.0,0.0,2,3,0.3934020479999999,0.65,1.54
POSCO_KR,POSCO,ACCELERATED_15C,P2,2028,0,0.0,11.5,11.5,0.0,0.0,0.45000000000000007,0.45,0.0,0.0,6.0,6.0,0.0,True,model_interpolation,Linear interpolation from 2026 to 2030,CAND-466C04961ED513,P2,PORT-7ED23B40E316,200,19.549378,11.733151,414.904229,7402.041,17.84036,True,True,,0.0,2.0275124185786808e-05,True,True,True,True,,0.0,0.0,0.0,2,3,0.3934020479999999,0.65,1.54
POSCO_KR,POSCO,ACCELERATED_15C,P2,2029,1,6.839998,13.25,6.410002,51.623,0.0,0.625,0.625,0.0,4.255999,8.0,3.744001,53.2,True,model_interpolation,Linear interpolation from 2026 to 2030,CAND-466C04961ED513,P2,PORT-7ED23B40E316,200,19.549378,11.733151,414.904229,7402.041,17.84036,True,True,,0.0,2.0275124185786808e-05,True,True,True,True,,0.0,0.0,0.0,2,3,0.3934020479999999,0.65,1.54
POSCO_KR,POSCO,ACCELERATED_15C,P2,2030,1,6.839998,15.0,8.160002,45.6,0.0,0.8,0.8,0.0,4.255999,10.0,5.744001,42.56,True,model_interpolation,Linear interpolation from 2030 to 2035,CAND-466C04961ED513,P2,PORT-7ED23B40E316,200,19.549378,11.733151,414.904229,7402.041,17.84036,True,True,,0.0,2.0275124185786808e-05,True,True,True,True,,0.0,0.0,0.0,2,3,0.3934020479999999,0.65,1.54
POSCO_KR,POSCO,ACCELERATED_15C,P2,2031,1,6.839998,16.6,9.760002,41.205,0.0,1.08,1.08,0.0,4.255999,12.0,7.744001,35.467,True,model_interpolation,Linear interpolation from 2030 to 2035,CAND-466C04961ED513,P2,PORT-7ED23B40E316,200,19.549378,11.733151,414.904229,7402.041,17.84036,True,True,,0.0,2.0275124185786808e-05,True,True,True,True,,0.0,0.0,0.0,2,3,0.3934020479999999,0.65,1.54
POSCO_KR,POSCO,ACCELERATED_15C,P2,2032,2,12.959999,18.2,5.240001,71.209,0.0,1.36,1.36,0.0,8.063999,14.0,5.936001,57.6,True,model_interpolation,Linear interpolation from 2030 to 2035,CAND-466C04961ED513,P2,PORT-7ED23B40E316,200,19.549378,11.733151,414.904229,7402.041,17.84036,True,True,,0.0,2.0275124185786808e-05,True,True,True,True,,0.0,0.0,0.0,2,3,0.3934020479999999,0.65,1.54
POSCO_KR,POSCO,ACCELERATED_15C,P2,2033,3,13.980599,19.8,5.819401,70.609,0.0,1.6400000000000001,1.64,0.0,8.132039,16.0,7.867961,50.825,True,model_interpolation,Linear interpolation from 2030 to 2035,CAND-466C04961ED513,P2,PORT-7ED23B40E316,200,19.549378,11.733151,414.904229,7402.041,17.84036,True,True,,0.0,2.0275124185786808e-05,True,True,True,True,,0.0,0.0,0.0,2,3,0.3934020479999999,0.65,1.54
POSCO_KR,POSCO,ACCELERATED_15C,P2,2034,3,13.980599,21.4,7.419401,65.33,0.0,1.9200000000000002,1.92,0.0,8.132039,18.0,9.867961,45.178,True,model_interpolation,Linear interpolation from 2030 to 2035,CAND-466C04961ED513,P2,PORT-7ED23B40E316,200,19.549378,11.733151,414.904229,7402.041,17.84036,True,True,,0.0,2.0275124185786808e-05,True,True,True,True,,0.0,0.0,0.0,2,3,0.3934020479999999,0.65,1.54
POSCO_KR,POSCO,ACCELERATED_15C,P2,2035,4,22.530598,23.0,0.469402,97.959,0.0,2.2,2.2,0.0,13.547039,20.0,6.452961,67.735,True,model_interpolation,Linear interpolation from 2035 to 2040,CAND-466C04961ED513,P2,PORT-7ED23B40E316,200,19.549378,11.733151,414.904229,7402.041,17.84036,True,True,,0.0,2.0275124185786808e-05,True,True,True,True,,0.0,0.0,0.0,2,3,0.3934020479999999,0.65,1.54
POSCO_KR,POSCO,ACCELERATED_15C,P2,2036,4,22.530598,24.4,1.869402,92.339,0.0,2.56,2.56,0.0,13.547039,22.4,8.852961,60.478,True,model_interpolation,Linear interpolation from 2035 to 2040,CAND-466C04961ED513,P2,PORT-7ED23B40E316,200,19.549378,11.733151,414.904229,7402.041,17.84036,True,True,,0.0,2.0275124185786808e-05,True,True,True,True,,0.0,0.0,0.0,2,3,0.3934020479999999,0.65,1.54
POSCO_KR,POSCO,ACCELERATED_15C,P2,2037,5,23.956047,25.8,1.843953,92.853,0.522665,2.92,2.397335,17.899,18.013447,24.8,6.786553,72.635,True,model_interpolation,Linear interpolation from 2035 to 2040,CAND-466C04961ED513,P2,PORT-7ED23B40E316,200,19.549378,11.733151,414.904229,7402.041,17.84036,True,True,,0.0,2.0275124185786808e-05,True,True,True,True,,0.0,0.0,0.0,2,3,0.3934020479999999,0.65,1.54
POSCO_KR,POSCO,ACCELERATED_15C,P2,2038,5,23.956047,27.2,3.243953,88.074,0.522665,3.2800000000000002,2.757335,15.935,18.013447,27.2,9.186553,66.226,True,model_interpolation,Linear interpolation from 2035 to 2040,CAND-466C04961ED513,P2,PORT-7ED23B40E316,200,19.549378,11.733151,414.904229,7402.041,17.84036,True,True,,0.0,2.0275124185786808e-05,True,True,True,True,,0.0,0.0,0.0,2,3,0.3934020479999999,0.65,1.54
POSCO_KR,POSCO,ACCELERATED_15C,P2,2039,5,23.956047,28.6,4.643953,83.762,0.522665,3.64,3.117335,14.359,18.013447,29.6,11.586553,60.856,True,model_interpolation,Linear interpolation from 2035 to 2040,CAND-466C04961ED513,P2,PORT-7ED23B40E316,200,19.549378,11.733151,414.904229,7402.041,17.84036,True,True,,0.0,2.0275124185786808e-05,True,True,True,True,,0.0,0.0,0.0,2,3,0.3934020479999999,0.65,1.54
POSCO_KR,POSCO,ACCELERATED_15C,P2,2040,5,23.956047,30.0,6.043953,79.853,0.522665,4.0,3.477335,13.067,18.013447,32.0,13.986553,56.292,True,model_estimate,Illustrative accelerated envelope; not GCAM or an official supply forecast,CAND-466C04961ED513,P2,PORT-7ED23B40E316,200,19.549378,11.733151,414.904229,7402.041,17.84036,True,True,,0.0,2.0275124185786808e-05,True,True,True,True,,0.0,0.0,0.0,2,3,0.3934020479999999,0.65,1.54
KOBE_STEEL_JP,Kobe Steel,DISCLOSED_PATH,P3,2026,0,0.0,2.0,2.0,0.0,0.0,0.0,0.0,0.0,0.0,0.8,0.8,0.0,True,model_interpolation,Linear interpolation from 2026 to 2030,CAND-4D158AE8BC3521,P3,PORT-1144EBE63B41,200,145.689569,29.118978,102.391093,14716.433,143.727666,True,True,,0.0,9.990856690045291e-05,True,True,True,True,,0.0,0.0,0.0,1,1,0.28332,0.6,1.06
KOBE_STEEL_JP,Kobe Steel,DISCLOSED_PATH,P3,2027,0,0.0,2.5,2.5,0.0,0.0,0.075,0.075,0.0,0.0,1.35,1.35,0.0,True,model_interpolation,Linear interpolation from 2026 to 2030,CAND-4D158AE8BC3521,P3,PORT-1144EBE63B41,200,145.689569,29.118978,102.391093,14716.433,143.727666,True,True,,0.0,9.990856690045291e-05,True,True,True,True,,0.0,0.0,0.0,1,1,0.28332,0.6,1.06
KOBE_STEEL_JP,Kobe Steel,DISCLOSED_PATH,P3,2028,0,0.0,3.0,3.0,0.0,0.0,0.15,0.15,0.0,0.0,1.9000000000000001,1.9,0.0,True,model_interpolation,Linear interpolation from 2026 to 2030,CAND-4D158AE8BC3521,P3,PORT-1144EBE63B41,200,145.689569,29.118978,102.391093,14716.433,143.727666,True,True,,0.0,9.990856690045291e-05,True,True,True,True,,0.0,0.0,0.0,1,1,0.28332,0.6,1.06
KOBE_STEEL_JP,Kobe Steel,DISCLOSED_PATH,P3,2029,1,0.4425,3.5,3.0575,12.643,0.16225,0.22499999999999998,0.06275,72.111,1.357,2.45,1.093,55.388,True,model_interpolation,Linear interpolation from 2026 to 2030,CAND-4D158AE8BC3521,P3,PORT-1144EBE63B41,200,145.689569,29.118978,102.391093,14716.433,143.727666,True,True,,0.0,9.990856690045291e-05,True,True,True,True,,0.0,0.0,0.0,1,1,0.28332,0.6,1.06
KOBE_STEEL_JP,Kobe Steel,DISCLOSED_PATH,P3,2030,1,0.4425,4.0,3.5575,11.063,0.16225,0.3,0.13775,54.083,1.357,3.0,1.643,45.233,True,model_interpolation,Linear interpolation from 2030 to 2035,CAND-4D158AE8BC3521,P3,PORT-1144EBE63B41,200,145.689569,29.118978,102.391093,14716.433,143.727666,True,True,,0.0,9.990856690045291e-05,True,True,True,True,,0.0,0.0,0.0,1,1,0.28332,0.6,1.06
KOBE_STEEL_JP,Kobe Steel,DISCLOSED_PATH,P3,2031,1,0.4425,4.0,3.5575,11.063,0.16225,0.32,0.15775,50.703,1.357,3.0,1.643,45.233,True,model_interpolation,Linear interpolation from 2030 to 2035,CAND-4D158AE8BC3521,P3,PORT-1144EBE63B41,200,145.689569,29.118978,102.391093,14716.433,143.727666,True,True,,0.0,9.990856690045291e-05,True,True,True,True,,0.0,0.0,0.0,1,1,0.28332,0.6,1.06
KOBE_STEEL_JP,Kobe Steel,DISCLOSED_PATH,P3,2032,1,0.4425,4.0,3.5575,11.063,0.16225,0.34,0.17775,47.721,1.357,3.0,1.643,45.233,True,model_interpolation,Linear interpolation from 2030 to 2035,CAND-4D158AE8BC3521,P3,PORT-1144EBE63B41,200,145.689569,29.118978,102.391093,14716.433,143.727666,True,True,,0.0,9.990856690045291e-05,True,True,True,True,,0.0,0.0,0.0,1,1,0.28332,0.6,1.06
KOBE_STEEL_JP,Kobe Steel,DISCLOSED_PATH,P3,2033,2,0.5325,4.0,3.4675,13.313,0.16225,0.36,0.19775,45.069,1.359,3.0,1.641,45.3,True,model_interpolation,Linear interpolation from 2030 to 2035,CAND-4D158AE8BC3521,P3,PORT-1144EBE63B41,200,145.689569,29.118978,102.391093,14716.433,143.727666,True,True,,0.0,9.990856690045291e-05,True,True,True,True,,0.0,0.0,0.0,1,1,0.28332,0.6,1.06
KOBE_STEEL_JP,Kobe Steel,DISCLOSED_PATH,P3,2034,2,0.5325,4.0,3.4675,13.313,0.16225,0.38,0.21775,42.697,1.359,3.0,1.641,45.3,True,model_interpolation,Linear interpolation from 2030 to 2035,CAND-4D158AE8BC3521,P3,PORT-1144EBE63B41,200,145.689569,29.118978,102.391093,14716.433,143.727666,True,True,,0.0,9.990856690045291e-05,True,True,True,True,,0.0,0.0,0.0,1,1,0.28332,0.6,1.06
KOBE_STEEL_JP,Kobe Steel,DISCLOSED_PATH,P3,2035,2,0.5325,4.0,3.4675,13.313,0.16225,0.4,0.23775,40.563,1.359,3.0,1.641,45.3,True,model_interpolation,Linear interpolation from 2035 to 2040,CAND-4D158AE8BC3521,P3,PORT-1144EBE63B41,200,145.689569,29.118978,102.391093,14716.433,143.727666,True,True,,0.0,9.990856690045291e-05,True,True,True,True,,0.0,0.0,0.0,1,1,0.28332,0.6,1.06
KOBE_STEEL_JP,Kobe Steel,DISCLOSED_PATH,P3,2036,2,0.5325,4.2,3.6675,12.679,0.16225,0.48000000000000004,0.31775,33.802,1.359,3.4,2.041,39.971,True,model_interpolation,Linear interpolation from 2035 to 2040,CAND-4D158AE8BC3521,P3,PORT-1144EBE63B41,200,145.689569,29.118978,102.391093,14716.433,143.727666,True,True,,0.0,9.990856690045291e-05,True,True,True,True,,0.0,0.0,0.0,1,1,0.28332,0.6,1.06
KOBE_STEEL_JP,Kobe Steel,DISCLOSED_PATH,P3,2037,3,3.151499,4.4,1.248501,71.625,0.16225,0.56,0.39775,28.973,2.988599,3.8,0.811401,78.647,True,model_interpolation,Linear interpolation from 2035 to 2040,CAND-4D158AE8BC3521,P3,PORT-1144EBE63B41,200,145.689569,29.118978,102.391093,14716.433,143.727666,True,True,,0.0,9.990856690045291e-05,True,True,True,True,,0.0,0.0,0.0,1,1,0.28332,0.6,1.06
KOBE_STEEL_JP,Kobe Steel,DISCLOSED_PATH,P3,2038,3,3.151499,4.6,1.448501,68.511,0.16225,0.64,0.47775,25.352,2.988599,4.2,1.211401,71.157,True,model_interpolation,Linear interpolation from 2035 to 2040,CAND-4D158AE8BC3521,P3,PORT-1144EBE63B41,200,145.689569,29.118978,102.391093,14716.433,143.727666,True,True,,0.0,9.990856690045291e-05,True,True,True,True,,0.0,0.0,0.0,1,1,0.28332,0.6,1.06
KOBE_STEEL_JP,Kobe Steel,DISCLOSED_PATH,P3,2039,3,3.151499,4.8,1.648501,65.656,0.16225,0.7200000000000001,0.55775,22.535,2.988599,4.6,1.611401,64.97,True,model_interpolation,Linear interpolation from 2035 to 2040,CAND-4D158AE8BC3521,P3,PORT-1144EBE63B41,200,145.689569,29.118978,102.391093,14716.433,143.727666,True,True,,0.0,9.990856690045291e-05,True,True,True,True,,0.0,0.0,0.0,1,1,0.28332,0.6,1.06
KOBE_STEEL_JP,Kobe Steel,DISCLOSED_PATH,P3,2040,3,3.151499,5.0,1.848501,63.03,0.16225,0.8,0.63775,20.281,2.988599,5.0,2.011401,59.772,True,model_estimate,Illustrative screening envelope; not an official supply forecast,CAND-4D158AE8BC3521,P3,PORT-1144EBE63B41,200,145.689569,29.118978,102.391093,14716.433,143.727666,True,True,,0.0,9.990856690045291e-05,True,True,True,True,,0.0,0.0,0.0,1,1,0.28332,0.6,1.06
KOBE_STEEL_JP,Kobe Steel,ACCELERATED_15C,P3,2026,0,0.0,2.0,2.0,0.0,0.0,0.2,0.2,0.0,0.0,1.0,1.0,0.0,True,model_interpolation,Linear interpolation from 2026 to 2030,CAND-4D158AE8BC3521,P3,PORT-1144EBE63B41,200,134.858105,31.061836,102.391093,13664.434,133.453347,True,True,,0.0,9.990856690045291e-05,True,True,True,True,,0.0,0.0,0.0,1,1,0.28332,0.6,1.06
KOBE_STEEL_JP,Kobe Steel,ACCELERATED_15C,P3,2027,0,0.0,2.25,2.25,0.0,0.0,0.25,0.25,0.0,0.0,1.375,1.375,0.0,True,model_interpolation,Linear interpolation from 2026 to 2030,CAND-4D158AE8BC3521,P3,PORT-1144EBE63B41,200,134.858105,31.061836,102.391093,13664.434,133.453347,True,True,,0.0,9.990856690045291e-05,True,True,True,True,,0.0,0.0,0.0,1,1,0.28332,0.6,1.06
KOBE_STEEL_JP,Kobe Steel,ACCELERATED_15C,P3,2028,0,0.0,2.5,2.5,0.0,0.0,0.30000000000000004,0.3,0.0,0.0,1.75,1.75,0.0,True,model_interpolation,Linear interpolation from 2026 to 2030,CAND-4D158AE8BC3521,P3,PORT-1144EBE63B41,200,134.858105,31.061836,102.391093,13664.434,133.453347,True,True,,0.0,9.990856690045291e-05,True,True,True,True,,0.0,0.0,0.0,1,1,0.28332,0.6,1.06
KOBE_STEEL_JP,Kobe Steel,ACCELERATED_15C,P3,2029,1,0.4425,2.75,2.3075,16.091,0.16225,0.35000000000000003,0.18775,46.357,1.357,2.125,0.768,63.859,True,model_interpolation,Linear interpolation from 2026 to 2030,CAND-4D158AE8BC3521,P3,PORT-1144EBE63B41,200,134.858105,31.061836,102.391093,13664.434,133.453347,True,True,,0.0,9.990856690045291e-05,True,True,True,True,,0.0,0.0,0.0,1,1,0.28332,0.6,1.06
KOBE_STEEL_JP,Kobe Steel,ACCELERATED_15C,P3,2030,1,0.4425,3.0,2.5575,14.75,0.16225,0.4,0.23775,40.563,1.357,2.5,1.143,54.28,True,model_interpolation,Linear interpolation from 2030 to 2035,CAND-4D158AE8BC3521,P3,PORT-1144EBE63B41,200,134.858105,31.061836,102.391093,13664.434,133.453347,True,True,,0.0,9.990856690045291e-05,True,True,True,True,,0.0,0.0,0.0,1,1,0.28332,0.6,1.06
KOBE_STEEL_JP,Kobe Steel,ACCELERATED_15C,P3,2031,1,0.4425,3.4,2.9575,13.015,0.16225,0.44,0.27775,36.875,1.357,2.8,1.443,48.464,True,model_interpolation,Linear interpolation from 2030 to 2035,CAND-4D158AE8BC3521,P3,PORT-1144EBE63B41,200,134.858105,31.061836,102.391093,13664.434,133.453347,True,True,,0.0,9.990856690045291e-05,True,True,True,True,,0.0,0.0,0.0,1,1,0.28332,0.6,1.06
KOBE_STEEL_JP,Kobe Steel,ACCELERATED_15C,P3,2032,1,0.4425,3.8,3.3575,11.645,0.16225,0.48,0.31775,33.802,1.357,3.1,1.743,43.774,True,model_interpolation,Linear interpolation from 2030 to 2035,CAND-4D158AE8BC3521,P3,PORT-1144EBE63B41,200,134.858105,31.061836,102.391093,13664.434,133.453347,True,True,,0.0,9.990856690045291e-05,True,True,True,True,,0.0,0.0,0.0,1,1,0.28332,0.6,1.06
KOBE_STEEL_JP,Kobe Steel,ACCELERATED_15C,P3,2033,2,0.5325,4.2,3.6675,12.679,0.16225,0.52,0.35775,31.202,1.359,3.4,2.041,39.971,True,model_interpolation,Linear interpolation from 2030 to 2035,CAND-4D158AE8BC3521,P3,PORT-1144EBE63B41,200,134.858105,31.061836,102.391093,13664.434,133.453347,True,True,,0.0,9.990856690045291e-05,True,True,True,True,,0.0,0.0,0.0,1,1,0.28332,0.6,1.06
KOBE_STEEL_JP,Kobe Steel,ACCELERATED_15C,P3,2034,2,0.5325,4.6,4.0675,11.576,0.16225,0.56,0.39775,28.973,1.359,3.7,2.341,36.73,True,model_interpolation,Linear interpolation from 2030 to 2035,CAND-4D158AE8BC3521,P3,PORT-1144EBE63B41,200,134.858105,31.061836,102.391093,13664.434,133.453347,True,True,,0.0,9.990856690045291e-05,True,True,True,True,,0.0,0.0,0.0,1,1,0.28332,0.6,1.06
KOBE_STEEL_JP,Kobe Steel,ACCELERATED_15C,P3,2035,2,0.5325,5.0,4.4675,10.65,0.16225,0.6,0.43775,27.042,1.359,4.0,2.641,33.975,True,model_interpolation,Linear interpolation from 2035 to 2040,CAND-4D158AE8BC3521,P3,PORT-1144EBE63B41,200,134.858105,31.061836,102.391093,13664.434,133.453347,True,True,,0.0,9.990856690045291e-05,True,True,True,True,,0.0,0.0,0.0,1,1,0.28332,0.6,1.06
KOBE_STEEL_JP,Kobe Steel,ACCELERATED_15C,P3,2036,2,0.5325,5.2,4.6675,10.24,0.16225,0.6799999999999999,0.51775,23.86,1.359,4.5,3.141,30.2,True,model_interpolation,Linear interpolation from 2035 to 2040,CAND-4D158AE8BC3521,P3,PORT-1144EBE63B41,200,134.858105,31.061836,102.391093,13664.434,133.453347,True,True,,0.0,9.990856690045291e-05,True,True,True,True,,0.0,0.0,0.0,1,1,0.28332,0.6,1.06
KOBE_STEEL_JP,Kobe Steel,ACCELERATED_15C,P3,2037,3,3.151499,5.4,2.248501,58.361,0.16225,0.76,0.59775,21.349,2.988599,5.0,2.011401,59.772,True,model_interpolation,Linear interpolation from 2035 to 2040,CAND-4D158AE8BC3521,P3,PORT-1144EBE63B41,200,134.858105,31.061836,102.391093,13664.434,133.453347,True,True,,0.0,9.990856690045291e-05,True,True,True,True,,0.0,0.0,0.0,1,1,0.28332,0.6,1.06
KOBE_STEEL_JP,Kobe Steel,ACCELERATED_15C,P3,2038,3,3.151499,5.6,2.448501,56.277,0.16225,0.84,0.67775,19.315,2.988599,5.5,2.511401,54.338,True,model_interpolation,Linear interpolation from 2035 to 2040,CAND-4D158AE8BC3521,P3,PORT-1144EBE63B41,200,134.858105,31.061836,102.391093,13664.434,133.453347,True,True,,0.0,9.990856690045291e-05,True,True,True,True,,0.0,0.0,0.0,1,1,0.28332,0.6,1.06
KOBE_STEEL_JP,Kobe Steel,ACCELERATED_15C,P3,2039,3,3.151499,5.8,2.648501,54.336,0.16225,0.92,0.75775,17.636,2.988599,6.0,3.011401,49.81,True,model_interpolation,Linear interpolation from 2035 to 2040,CAND-4D158AE8BC3521,P3,PORT-1144EBE63B41,200,134.858105,31.061836,102.391093,13664.434,133.453347,True,True,,0.0,9.990856690045291e-05,True,True,True,True,,0.0,0.0,0.0,1,1,0.28332,0.6,1.06
KOBE_STEEL_JP,Kobe Steel,ACCELERATED_15C,P3,2040,3,3.151499,6.0,2.848501,52.525,0.16225,1.0,0.83775,16.225,2.988599,6.5,3.511401,45.978,True,model_estimate,Illustrative accelerated envelope; not GCAM or an official supply forecast,CAND-4D158AE8BC3521,P3,PORT-1144EBE63B41,200,134.858105,31.061836,102.391093,13664.434,133.453347,True,True,,0.0,9.990856690045291e-05,True,True,True,True,,0.0,0.0,0.0,1,1,0.28332,0.6,1.06
POSCO_KR,POSCO,DISCLOSED_PATH,P2,2026,0,0.0,8.0,8.0,0.0,0.0,0.0,0.0,0.0,0.0,2.0,2.0,0.0,True,model_interpolation,Linear interpolation from 2026 to 2030,CAND-4EF614D30D6D91,P2,PORT-96133A6427FE,200,69.94586,17.312504,430.20423,29134.516,67.722522,True,True,,0.0,2.0275124185786808e-05,True,True,True,True,,0.0,0.0,0.0,2,3,0.45933660799999987,0.65,2.02
POSCO_KR,POSCO,DISCLOSED_PATH,P2,2027,0,0.0,9.0,9.0,0.0,0.0,0.125,0.125,0.0,0.0,3.25,3.25,0.0,True,model_interpolation,Linear interpolation from 2026 to 2030,CAND-4EF614D30D6D91,P2,PORT-96133A6427FE,200,69.94586,17.312504,430.20423,29134.516,67.722522,True,True,,0.0,2.0275124185786808e-05,True,True,True,True,,0.0,0.0,0.0,2,3,0.45933660799999987,0.65,2.02
POSCO_KR,POSCO,DISCLOSED_PATH,P2,2028,0,0.0,10.0,10.0,0.0,0.0,0.25,0.25,0.0,0.0,4.5,4.5,0.0,True,model_interpolation,Linear interpolation from 2026 to 2030,CAND-4EF614D30D6D91,P2,PORT-96133A6427FE,200,69.94586,17.312504,430.20423,29134.516,67.722522,True,True,,0.0,2.0275124185786808e-05,True,True,True,True,,0.0,0.0,0.0,2,3,0.45933660799999987,0.65,2.02
POSCO_KR,POSCO,DISCLOSED_PATH,P2,2029,1,6.839998,11.0,4.160002,62.182,0.0,0.375,0.375,0.0,4.255999,5.75,1.494001,74.017,True,model_interpolation,Linear interpolation from 2026 to 2030,CAND-4EF614D30D6D91,P2,PORT-96133A6427FE,200,69.94586,17.312504,430.20423,29134.516,67.722522,True,True,,0.0,2.0275124185786808e-05,True,True,True,True,,0.0,0.0,0.0,2,3,0.45933660799999987,0.65,2.02
POSCO_KR,POSCO,DISCLOSED_PATH,P2,2030,1,6.839998,12.0,5.160002,57.0,0.0,0.5,0.5,0.0,4.255999,7.0,2.744001,60.8,True,model_interpolation,Linear interpolation from 2030 to 2035,CAND-4EF614D30D6D91,P2,PORT-96133A6427FE,200,69.94586,17.312504,430.20423,29134.516,67.722522,True,True,,0.0,2.0275124185786808e-05,True,True,True,True,,0.0,0.0,0.0,2,3,0.45933660799999987,0.65,2.02
POSCO_KR,POSCO,DISCLOSED_PATH,P2,2031,1,6.839998,13.2,6.360002,51.818,0.0,0.7,0.7,0.0,4.255999,8.6,4.344001,49.488,True,model_interpolation,Linear interpolation from 2030 to 2035,CAND-4EF614D30D6D91,P2,PORT-96133A6427FE,200,69.94586,17.312504,430.20423,29134.516,67.722522,True,True,,0.0,2.0275124185786808e-05,True,True,True,True,,0.0,0.0,0.0,2,3,0.45933660799999987,0.65,2.02
POSCO_KR,POSCO,DISCLOSED_PATH,P2,2032,2,7.859998,14.4,6.540002,54.583,0.374,0.9,0.526,41.556,7.383999,10.2,2.816001,72.392,True,model_interpolation,Linear interpolation from 2030 to 2035,CAND-4EF614D30D6D91,P2,PORT-96133A6427FE,200,69.94586,17.312504,430.20423,29134.516,67.722522,True,True,,0.0,2.0275124185786808e-05,True,True,True,True,,0.0,0.0,0.0,2,3,0.45933660799999987,0.65,2.02
POSCO_KR,POSCO,DISCLOSED_PATH,P2,2033,3,8.880598,15.6,6.719402,56.927,0.374,1.1,0.726,34.0,7.452039,11.8,4.347961,63.153,True,model_interpolation,Linear interpolation from 2030 to 2035,CAND-4EF614D30D6D91,P2,PORT-96133A6427FE,200,69.94586,17.312504,430.20423,29134.516,67.722522,True,True,,0.0,2.0275124185786808e-05,True,True,True,True,,0.0,0.0,0.0,2,3,0.45933660799999987,0.65,2.02
POSCO_KR,POSCO,DISCLOSED_PATH,P2,2034,3,8.880598,16.8,7.919402,52.861,0.374,1.3,0.926,28.769,7.452039,13.4,5.947961,55.612,True,model_interpolation,Linear interpolation from 2030 to 2035,CAND-4EF614D30D6D91,P2,PORT-96133A6427FE,200,69.94586,17.312504,430.20423,29134.516,67.722522,True,True,,0.0,2.0275124185786808e-05,True,True,True,True,,0.0,0.0,0.0,2,3,0.45933660799999987,0.65,2.02
POSCO_KR,POSCO,DISCLOSED_PATH,P2,2035,4,17.430597,18.0,0.569403,96.837,0.374,1.5,1.126,24.933,12.867038,15.0,2.132962,85.78,True,model_interpolation,Linear interpolation from 2035 to 2040,CAND-4EF614D30D6D91,P2,PORT-96133A6427FE,200,69.94586,17.312504,430.20423,29134.516,67.722522,True,True,,0.0,2.0275124185786808e-05,True,True,True,True,,0.0,0.0,0.0,2,3,0.45933660799999987,0.65,2.02
POSCO_KR,POSCO,DISCLOSED_PATH,P2,2036,4,17.430597,19.4,1.969403,89.848,0.374,1.8,1.426,20.778,12.867038,17.0,4.132962,75.688,True,model_interpolation,Linear interpolation from 2035 to 2040,CAND-4EF614D30D6D91,P2,PORT-96133A6427FE,200,69.94586,17.312504,430.20423,29134.516,67.722522,True,True,,0.0,2.0275124185786808e-05,True,True,True,True,,0.0,0.0,0.0,2,3,0.45933660799999987,0.65,2.02
POSCO_KR,POSCO,DISCLOSED_PATH,P2,2037,5,18.856047,20.8,1.943953,90.654,0.896665,2.1,1.203335,42.698,17.333447,19.0,1.666553,91.229,True,model_interpolation,Linear interpolation from 2035 to 2040,CAND-4EF614D30D6D91,P2,PORT-96133A6427FE,200,69.94586,17.312504,430.20423,29134.516,67.722522,True,True,,0.0,2.0275124185786808e-05,True,True,True,True,,0.0,0.0,0.0,2,3,0.45933660799999987,0.65,2.02
POSCO_KR,POSCO,DISCLOSED_PATH,P2,2038,5,18.856047,22.2,3.343953,84.937,0.896665,2.4,1.503335,37.361,17.333447,21.0,3.666553,82.54,True,model_interpolation,Linear interpolation from 2035 to 2040,CAND-4EF614D30D6D91,P2,PORT-96133A6427FE,200,69.94586,17.312504,430.20423,29134.516,67.722522,True,True,,0.0,2.0275124185786808e-05,True,True,True,True,,0.0,0.0,0.0,2,3,0.45933660799999987,0.65,2.02
POSCO_KR,POSCO,DISCLOSED_PATH,P2,2039,5,18.856047,23.6,4.743953,79.899,0.896665,2.7,1.803335,33.21,17.333447,23.0,5.666553,75.363,True,model_interpolation,Linear interpolation from 2035 to 2040,CAND-4EF614D30D6D91,P2,PORT-96133A6427FE,200,69.94586,17.312504,430.20423,29134.516,67.722522,True,True,,0.0,2.0275124185786808e-05,True,True,True,True,,0.0,0.0,0.0,2,3,0.45933660799999987,0.65,2.02
POSCO_KR,POSCO,DISCLOSED_PATH,P2,2040,5,18.856047,25.0,6.143953,75.424,0.896665,3.0,2.103335,29.889,17.333447,25.0,7.666553,69.334,True,model_estimate,Illustrative screening envelope; not an official supply forecast,CAND-4EF614D30D6D91,P2,PORT-96133A6427FE,200,69.94586,17.312504,430.20423,29134.516,67.722522,True,True,,0.0,2.0275124185786808e-05,True,True,True,True,,0.0,0.0,0.0,2,3,0.45933660799999987,0.65,2.02
POSCO_KR,POSCO,ACCELERATED_15C,P2,2026,0,0.0,8.0,8.0,0.0,0.0,0.1,0.1,0.0,0.0,2.0,2.0,0.0,True,model_interpolation,Linear interpolation from 2026 to 2030,CAND-4EF614D30D6D91,P2,PORT-96133A6427FE,200,58.179565,18.646417,430.20423,24083.473,55.981487,True,True,,0.0,2.0275124185786808e-05,True,True,True,True,,0.0,0.0,0.0,2,3,0.45933660799999987,0.65,2.02
POSCO_KR,POSCO,ACCELERATED_15C,P2,2027,0,0.0,9.75,9.75,0.0,0.0,0.275,0.275,0.0,0.0,4.0,4.0,0.0,True,model_interpolation,Linear interpolation from 2026 to 2030,CAND-4EF614D30D6D91,P2,PORT-96133A6427FE,200,58.179565,18.646417,430.20423,24083.473,55.981487,True,True,,0.0,2.0275124185786808e-05,True,True,True,True,,0.0,0.0,0.0,2,3,0.45933660799999987,0.65,2.02
POSCO_KR,POSCO,ACCELERATED_15C,P2,2028,0,0.0,11.5,11.5,0.0,0.0,0.45000000000000007,0.45,0.0,0.0,6.0,6.0,0.0,True,model_interpolation,Linear interpolation from 2026 to 2030,CAND-4EF614D30D6D91,P2,PORT-96133A6427FE,200,58.179565,18.646417,430.20423,24083.473,55.981487,True,True,,0.0,2.0275124185786808e-05,True,True,True,True,,0.0,0.0,0.0,2,3,0.45933660799999987,0.65,2.02
POSCO_KR,POSCO,ACCELERATED_15C,P2,2029,1,6.839998,13.25,6.410002,51.623,0.0,0.625,0.625,0.0,4.255999,8.0,3.744001,53.2,True,model_interpolation,Linear interpolation from 2026 to 2030,CAND-4EF614D30D6D91,P2,PORT-96133A6427FE,200,58.179565,18.646417,430.20423,24083.473,55.981487,True,True,,0.0,2.0275124185786808e-05,True,True,True,True,,0.0,0.0,0.0,2,3,0.45933660799999987,0.65,2.02
POSCO_KR,POSCO,ACCELERATED_15C,P2,2030,1,6.839998,15.0,8.160002,45.6,0.0,0.8,0.8,0.0,4.255999,10.0,5.744001,42.56,True,model_interpolation,Linear interpolation from 2030 to 2035,CAND-4EF614D30D6D91,P2,PORT-96133A6427FE,200,58.179565,18.646417,430.20423,24083.473,55.981487,True,True,,0.0,2.0275124185786808e-05,True,True,True,True,,0.0,0.0,0.0,2,3,0.45933660799999987,0.65,2.02
POSCO_KR,POSCO,ACCELERATED_15C,P2,2031,1,6.839998,16.6,9.760002,41.205,0.0,1.08,1.08,0.0,4.255999,12.0,7.744001,35.467,True,model_interpolation,Linear interpolation from 2030 to 2035,CAND-4EF614D30D6D91,P2,PORT-96133A6427FE,200,58.179565,18.646417,430.20423,24083.473,55.981487,True,True,,0.0,2.0275124185786808e-05,True,True,True,True,,0.0,0.0,0.0,2,3,0.45933660799999987,0.65,2.02
POSCO_KR,POSCO,ACCELERATED_15C,P2,2032,2,7.859998,18.2,10.340002,43.187,0.374,1.36,0.986,27.5,7.383999,14.0,6.616001,52.743,True,model_interpolation,Linear interpolation from 2030 to 2035,CAND-4EF614D30D6D91,P2,PORT-96133A6427FE,200,58.179565,18.646417,430.20423,24083.473,55.981487,True,True,,0.0,2.0275124185786808e-05,True,True,True,True,,0.0,0.0,0.0,2,3,0.45933660799999987,0.65,2.02
POSCO_KR,POSCO,ACCELERATED_15C,P2,2033,3,8.880598,19.8,10.919402,44.852,0.374,1.6400000000000001,1.266,22.805,7.452039,16.0,8.547961,46.575,True,model_interpolation,Linear interpolation from 2030 to 2035,CAND-4EF614D30D6D91,P2,PORT-96133A6427FE,200,58.179565,18.646417,430.20423,24083.473,55.981487,True,True,,0.0,2.0275124185786808e-05,True,True,True,True,,0.0,0.0,0.0,2,3,0.45933660799999987,0.65,2.02
POSCO_KR,POSCO,ACCELERATED_15C,P2,2034,3,8.880598,21.4,12.519402,41.498,0.374,1.9200000000000002,1.546,19.479,7.452039,18.0,10.547961,41.4,True,model_interpolation,Linear interpolation from 2030 to 2035,CAND-4EF614D30D6D91,P2,PORT-96133A6427FE,200,58.179565,18.646417,430.20423,24083.473,55.981487,True,True,,0.0,2.0275124185786808e-05,True,True,True,True,,0.0,0.0,0.0,2,3,0.45933660799999987,0.65,2.02
POSCO_KR,POSCO,ACCELERATED_15C,P2,2035,4,17.430597,23.0,5.569403,75.785,0.374,2.2,1.826,17.0,12.867038,20.0,7.132962,64.335,True,model_interpolation,Linear interpolation from 2035 to 2040,CAND-4EF614D30D6D91,P2,PORT-96133A6427FE,200,58.179565,18.646417,430.20423,24083.473,55.981487,True,True,,0.0,2.0275124185786808e-05,True,True,True,True,,0.0,0.0,0.0,2,3,0.45933660799999987,0.65,2.02
POSCO_KR,POSCO,ACCELERATED_15C,P2,2036,4,17.430597,24.4,6.969403,71.437,0.374,2.56,2.186,14.609,12.867038,22.4,9.532962,57.442,True,model_interpolation,Linear interpolation from 2035 to 2040,CAND-4EF614D30D6D91,P2,PORT-96133A6427FE,200,58.179565,18.646417,430.20423,24083.473,55.981487,True,True,,0.0,2.0275124185786808e-05,True,True,True,True,,0.0,0.0,0.0,2,3,0.45933660799999987,0.65,2.02
POSCO_KR,POSCO,ACCELERATED_15C,P2,2037,5,18.856047,25.8,6.943953,73.085,0.896665,2.92,2.023335,30.708,17.333447,24.8,7.466553,69.893,True,model_interpolation,Linear interpolation from 2035 to 2040,CAND-4EF614D30D6D91,P2,PORT-96133A6427FE,200,58.179565,18.646417,430.20423,24083.473,55.981487,True,True,,0.0,2.0275124185786808e-05,True,True,True,True,,0.0,0.0,0.0,2,3,0.45933660799999987,0.65,2.02
POSCO_KR,POSCO,ACCELERATED_15C,P2,2038,5,18.856047,27.2,8.343953,69.324,0.896665,3.2800000000000002,2.383335,27.337,17.333447,27.2,9.866553,63.726,True,model_interpolation,Linear interpolation from 2035 to 2040,CAND-4EF614D30D6D91,P2,PORT-96133A6427FE,200,58.179565,18.646417,430.20423,24083.473,55.981487,True,True,,0.0,2.0275124185786808e-05,True,True,True,True,,0.0,0.0,0.0,2,3,0.45933660799999987,0.65,2.02
POSCO_KR,POSCO,ACCELERATED_15C,P2,2039,5,18.856047,28.6,9.743953,65.93,0.896665,3.64,2.743335,24.634,17.333447,29.6,12.266553,58.559,True,model_interpolation,Linear interpolation from 2035 to 2040,CAND-4EF614D30D6D91,P2,PORT-96133A6427FE,200,58.179565,18.646417,430.20423,24083.473,55.981487,True,True,,0.0,2.0275124185786808e-05,True,True,True,True,,0.0,0.0,0.0,2,3,0.45933660799999987,0.65,2.02
POSCO_KR,POSCO,ACCELERATED_15C,P2,2040,5,18.856047,30.0,11.143953,62.853,0.896665,4.0,3.103335,22.417,17.333447,32.0,14.666553,54.167,True,model_estimate,Illustrative accelerated envelope; not GCAM or an official supply forecast,CAND-4EF614D30D6D91,P2,PORT-96133A6427FE,200,58.179565,18.646417,430.20423,24083.473,55.981487,True,True,,0.0,2.0275124185786808e-05,True,True,True,True,,0.0,0.0,0.0,2,3,0.45933660799999987,0.65,2.02
POSCO_KR,POSCO,DISCLOSED_PATH,P3,2026,0,0.0,8.0,8.0,0.0,0.0,0.0,0.0,0.0,0.0,2.0,2.0,0.0,True,model_interpolation,Linear interpolation from 2026 to 2030,CAND-6339E6B83A8408,P3,PORT-8826D0B469EE,200,63.625023,14.181972,429.154227,26569.752,61.911896,True,True,,0.0,2.0275124185786808e-05,True,True,True,True,,0.0,0.0,0.0,3,3,0.459336608,0.65,2.02
POSCO_KR,POSCO,DISCLOSED_PATH,P3,2027,0,0.0,9.0,9.0,0.0,0.0,0.125,0.125,0.0,0.0,3.25,3.25,0.0,True,model_interpolation,Linear interpolation from 2026 to 2030,CAND-6339E6B83A8408,P3,PORT-8826D0B469EE,200,63.625023,14.181972,429.154227,26569.752,61.911896,True,True,,0.0,2.0275124185786808e-05,True,True,True,True,,0.0,0.0,0.0,3,3,0.459336608,0.65,2.02
POSCO_KR,POSCO,DISCLOSED_PATH,P3,2028,0,0.0,10.0,10.0,0.0,0.0,0.25,0.25,0.0,0.0,4.5,4.5,0.0,True,model_interpolation,Linear interpolation from 2026 to 2030,CAND-6339E6B83A8408,P3,PORT-8826D0B469EE,200,63.625023,14.181972,429.154227,26569.752,61.911896,True,True,,0.0,2.0275124185786808e-05,True,True,True,True,,0.0,0.0,0.0,3,3,0.459336608,0.65,2.02
POSCO_KR,POSCO,DISCLOSED_PATH,P3,2029,1,6.839998,11.0,4.160002,62.182,0.0,0.375,0.375,0.0,4.255999,5.75,1.494001,74.017,True,model_interpolation,Linear interpolation from 2026 to 2030,CAND-6339E6B83A8408,P3,PORT-8826D0B469EE,200,63.625023,14.181972,429.154227,26569.752,61.911896,True,True,,0.0,2.0275124185786808e-05,True,True,True,True,,0.0,0.0,0.0,3,3,0.459336608,0.65,2.02
POSCO_KR,POSCO,DISCLOSED_PATH,P3,2030,1,6.839998,12.0,5.160002,57.0,0.0,0.5,0.5,0.0,4.255999,7.0,2.744001,60.8,True,model_interpolation,Linear interpolation from 2030 to 2035,CAND-6339E6B83A8408,P3,PORT-8826D0B469EE,200,63.625023,14.181972,429.154227,26569.752,61.911896,True,True,,0.0,2.0275124185786808e-05,True,True,True,True,,0.0,0.0,0.0,3,3,0.459336608,0.65,2.02
POSCO_KR,POSCO,DISCLOSED_PATH,P3,2031,1,6.839998,13.2,6.360002,51.818,0.0,0.7,0.7,0.0,4.255999,8.6,4.344001,49.488,True,model_interpolation,Linear interpolation from 2030 to 2035,CAND-6339E6B83A8408,P3,PORT-8826D0B469EE,200,63.625023,14.181972,429.154227,26569.752,61.911896,True,True,,0.0,2.0275124185786808e-05,True,True,True,True,,0.0,0.0,0.0,3,3,0.459336608,0.65,2.02
POSCO_KR,POSCO,DISCLOSED_PATH,P3,2032,2,12.959999,14.4,1.440001,90.0,0.0,0.9,0.9,0.0,8.063999,10.2,2.136001,79.059,True,model_interpolation,Linear interpolation from 2030 to 2035,CAND-6339E6B83A8408,P3,PORT-8826D0B469EE,200,63.625023,14.181972,429.154227,26569.752,61.911896,True,True,,0.0,2.0275124185786808e-05,True,True,True,True,,0.0,0.0,0.0,3,3,0.459336608,0.65,2.02
POSCO_KR,POSCO,DISCLOSED_PATH,P3,2033,3,13.980599,15.6,1.619401,89.619,0.0,1.1,1.1,0.0,8.132039,11.8,3.667961,68.916,True,model_interpolation,Linear interpolation from 2030 to 2035,CAND-6339E6B83A8408,P3,PORT-8826D0B469EE,200,63.625023,14.181972,429.154227,26569.752,61.911896,True,True,,0.0,2.0275124185786808e-05,True,True,True,True,,0.0,0.0,0.0,3,3,0.459336608,0.65,2.02
POSCO_KR,POSCO,DISCLOSED_PATH,P3,2034,3,13.980599,16.8,2.819401,83.218,0.0,1.3,1.3,0.0,8.132039,13.4,5.267961,60.687,True,model_interpolation,Linear interpolation from 2030 to 2035,CAND-6339E6B83A8408,P3,PORT-8826D0B469EE,200,63.625023,14.181972,429.154227,26569.752,61.911896,True,True,,0.0,2.0275124185786808e-05,True,True,True,True,,0.0,0.0,0.0,3,3,0.459336608,0.65,2.02
POSCO_KR,POSCO,DISCLOSED_PATH,P3,2035,4,15.405598,18.0,2.594402,85.587,0.5225,1.5,0.9775,34.833,12.597039,15.0,2.402961,83.98,True,model_interpolation,Linear interpolation from 2035 to 2040,CAND-6339E6B83A8408,P3,PORT-8826D0B469EE,200,63.625023,14.181972,429.154227,26569.752,61.911896,True,True,,0.0,2.0275124185786808e-05,True,True,True,True,,0.0,0.0,0.0,3,3,0.459336608,0.65,2.02
POSCO_KR,POSCO,DISCLOSED_PATH,P3,2036,4,15.405598,19.4,3.994402,79.41,0.5225,1.8,1.2775,29.028,12.597039,17.0,4.402961,74.1,True,model_interpolation,Linear interpolation from 2035 to 2040,CAND-6339E6B83A8408,P3,PORT-8826D0B469EE,200,63.625023,14.181972,429.154227,26569.752,61.911896,True,True,,0.0,2.0275124185786808e-05,True,True,True,True,,0.0,0.0,0.0,3,3,0.459336608,0.65,2.02
POSCO_KR,POSCO,DISCLOSED_PATH,P3,2037,5,16.831048,20.8,3.968952,80.918,1.045165,2.1,1.054835,49.77,17.063447,19.0,1.936553,89.808,True,model_interpolation,Linear interpolation from 2035 to 2040,CAND-6339E6B83A8408,P3,PORT-8826D0B469EE,200,63.625023,14.181972,429.154227,26569.752,61.911896,True,True,,0.0,2.0275124185786808e-05,True,True,True,True,,0.0,0.0,0.0,3,3,0.459336608,0.65,2.02
POSCO_KR,POSCO,DISCLOSED_PATH,P3,2038,5,16.831048,22.2,5.368952,75.816,1.045165,2.4,1.354835,43.549,17.063447,21.0,3.936553,81.255,True,model_interpolation,Linear interpolation from 2035 to 2040,CAND-6339E6B83A8408,P3,PORT-8826D0B469EE,200,63.625023,14.181972,429.154227,26569.752,61.911896,True,True,,0.0,2.0275124185786808e-05,True,True,True,True,,0.0,0.0,0.0,3,3,0.459336608,0.65,2.02
POSCO_KR,POSCO,DISCLOSED_PATH,P3,2039,5,16.831048,23.6,6.768952,71.318,1.045165,2.7,1.654835,38.71,17.063447,23.0,5.936553,74.189,True,model_interpolation,Linear interpolation from 2035 to 2040,CAND-6339E6B83A8408,P3,PORT-8826D0B469EE,200,63.625023,14.181972,429.154227,26569.752,61.911896,True,True,,0.0,2.0275124185786808e-05,True,True,True,True,,0.0,0.0,0.0,3,3,0.459336608,0.65,2.02
POSCO_KR,POSCO,DISCLOSED_PATH,P3,2040,5,16.831048,25.0,8.168952,67.324,1.045165,3.0,1.954835,34.839,17.063447,25.0,7.936553,68.254,True,model_estimate,Illustrative screening envelope; not an official supply forecast,CAND-6339E6B83A8408,P3,PORT-8826D0B469EE,200,63.625023,14.181972,429.154227,26569.752,61.911896,True,True,,0.0,2.0275124185786808e-05,True,True,True,True,,0.0,0.0,0.0,3,3,0.459336608,0.65,2.02
POSCO_KR,POSCO,ACCELERATED_15C,P3,2026,0,0.0,8.0,8.0,0.0,0.0,0.1,0.1,0.0,0.0,2.0,2.0,0.0,True,model_interpolation,Linear interpolation from 2026 to 2030,CAND-6339E6B83A8408,P3,PORT-8826D0B469EE,200,50.669743,15.34122,429.154227,21116.24,49.204315,True,True,,0.0,2.0275124185786808e-05,True,True,True,True,,0.0,0.0,0.0,3,3,0.459336608,0.65,2.02
POSCO_KR,POSCO,ACCELERATED_15C,P3,2027,0,0.0,9.75,9.75,0.0,0.0,0.275,0.275,0.0,0.0,4.0,4.0,0.0,True,model_interpolation,Linear interpolation from 2026 to 2030,CAND-6339E6B83A8408,P3,PORT-8826D0B469EE,200,50.669743,15.34122,429.154227,21116.24,49.204315,True,True,,0.0,2.0275124185786808e-05,True,True,True,True,,0.0,0.0,0.0,3,3,0.459336608,0.65,2.02
POSCO_KR,POSCO,ACCELERATED_15C,P3,2028,0,0.0,11.5,11.5,0.0,0.0,0.45000000000000007,0.45,0.0,0.0,6.0,6.0,0.0,True,model_interpolation,Linear interpolation from 2026 to 2030,CAND-6339E6B83A8408,P3,PORT-8826D0B469EE,200,50.669743,15.34122,429.154227,21116.24,49.204315,True,True,,0.0,2.0275124185786808e-05,True,True,True,True,,0.0,0.0,0.0,3,3,0.459336608,0.65,2.02
POSCO_KR,POSCO,ACCELERATED_15C,P3,2029,1,6.839998,13.25,6.410002,51.623,0.0,0.625,0.625,0.0,4.255999,8.0,3.744001,53.2,True,model_interpolation,Linear interpolation from 2026 to 2030,CAND-6339E6B83A8408,P3,PORT-8826D0B469EE,200,50.669743,15.34122,429.154227,21116.24,49.204315,True,True,,0.0,2.0275124185786808e-05,True,True,True,True,,0.0,0.0,0.0,3,3,0.459336608,0.65,2.02
POSCO_KR,POSCO,ACCELERATED_15C,P3,2030,1,6.839998,15.0,8.160002,45.6,0.0,0.8,0.8,0.0,4.255999,10.0,5.744001,42.56,True,model_interpolation,Linear interpolation from 2030 to 2035,CAND-6339E6B83A8408,P3,PORT-8826D0B469EE,200,50.669743,15.34122,429.154227,21116.24,49.204315,True,True,,0.0,2.0275124185786808e-05,True,True,True,True,,0.0,0.0,0.0,3,3,0.459336608,0.65,2.02
POSCO_KR,POSCO,ACCELERATED_15C,P3,2031,1,6.839998,16.6,9.760002,41.205,0.0,1.08,1.08,0.0,4.255999,12.0,7.744001,35.467,True,model_interpolation,Linear interpolation from 2030 to 2035,CAND-6339E6B83A8408,P3,PORT-8826D0B469EE,200,50.669743,15.34122,429.154227,21116.24,49.204315,True,True,,0.0,2.0275124185786808e-05,True,True,True,True,,0.0,0.0,0.0,3,3,0.459336608,0.65,2.02
POSCO_KR,POSCO,ACCELERATED_15C,P3,2032,2,12.959999,18.2,5.240001,71.209,0.0,1.36,1.36,0.0,8.063999,14.0,5.936001,57.6,True,model_interpolation,Linear interpolation from 2030 to 2035,CAND-6339E6B83A8408,P3,PORT-8826D0B469EE,200,50.669743,15.34122,429.154227,21116.24,49.204315,True,True,,0.0,2.0275124185786808e-05,True,True,True,True,,0.0,0.0,0.0,3,3,0.459336608,0.65,2.02
POSCO_KR,POSCO,ACCELERATED_15C,P3,2033,3,13.980599,19.8,5.819401,70.609,0.0,1.6400000000000001,1.64,0.0,8.132039,16.0,7.867961,50.825,True,model_interpolation,Linear interpolation from 2030 to 2035,CAND-6339E6B83A8408,P3,PORT-8826D0B469EE,200,50.669743,15.34122,429.154227,21116.24,49.204315,True,True,,0.0,2.0275124185786808e-05,True,True,True,True,,0.0,0.0,0.0,3,3,0.459336608,0.65,2.02
POSCO_KR,POSCO,ACCELERATED_15C,P3,2034,3,13.980599,21.4,7.419401,65.33,0.0,1.9200000000000002,1.92,0.0,8.132039,18.0,9.867961,45.178,True,model_interpolation,Linear interpolation from 2030 to 2035,CAND-6339E6B83A8408,P3,PORT-8826D0B469EE,200,50.669743,15.34122,429.154227,21116.24,49.204315,True,True,,0.0,2.0275124185786808e-05,True,True,True,True,,0.0,0.0,0.0,3,3,0.459336608,0.65,2.02
POSCO_KR,POSCO,ACCELERATED_15C,P3,2035,4,15.405598,23.0,7.594402,66.981,0.5225,2.2,1.6775,23.75,12.597039,20.0,7.402961,62.985,True,model_interpolation,Linear interpolation from 2035 to 2040,CAND-6339E6B83A8408,P3,PORT-8826D0B469EE,200,50.669743,15.34122,429.154227,21116.24,49.204315,True,True,,0.0,2.0275124185786808e-05,True,True,True,True,,0.0,0.0,0.0,3,3,0.459336608,0.65,2.02
POSCO_KR,POSCO,ACCELERATED_15C,P3,2036,4,15.405598,24.4,8.994402,63.138,0.5225,2.56,2.0375,20.41,12.597039,22.4,9.802961,56.237,True,model_interpolation,Linear interpolation from 2035 to 2040,CAND-6339E6B83A8408,P3,PORT-8826D0B469EE,200,50.669743,15.34122,429.154227,21116.24,49.204315,True,True,,0.0,2.0275124185786808e-05,True,True,True,True,,0.0,0.0,0.0,3,3,0.459336608,0.65,2.02
POSCO_KR,POSCO,ACCELERATED_15C,P3,2037,5,16.831048,25.8,8.968952,65.237,1.045165,2.92,1.874835,35.793,17.063447,24.8,7.736553,68.804,True,model_interpolation,Linear interpolation from 2035 to 2040,CAND-6339E6B83A8408,P3,PORT-8826D0B469EE,200,50.669743,15.34122,429.154227,21116.24,49.204315,True,True,,0.0,2.0275124185786808e-05,True,True,True,True,,0.0,0.0,0.0,3,3,0.459336608,0.65,2.02
POSCO_KR,POSCO,ACCELERATED_15C,P3,2038,5,16.831048,27.2,10.368952,61.879,1.045165,3.2800000000000002,2.234835,31.865,17.063447,27.2,10.136553,62.733,True,model_interpolation,Linear interpolation from 2035 to 2040,CAND-6339E6B83A8408,P3,PORT-8826D0B469EE,200,50.669743,15.34122,429.154227,21116.24,49.204315,True,True,,0.0,2.0275124185786808e-05,True,True,True,True,,0.0,0.0,0.0,3,3,0.459336608,0.65,2.02
POSCO_KR,POSCO,ACCELERATED_15C,P3,2039,5,16.831048,28.6,11.768952,58.85,1.045165,3.64,2.594835,28.713,17.063447,29.6,12.536553,57.647,True,model_interpolation,Linear interpolation from 2035 to 2040,CAND-6339E6B83A8408,P3,PORT-8826D0B469EE,200,50.669743,15.34122,429.154227,21116.24,49.204315,True,True,,0.0,2.0275124185786808e-05,True,True,True,True,,0.0,0.0,0.0,3,3,0.459336608,0.65,2.02
POSCO_KR,POSCO,ACCELERATED_15C,P3,2040,5,16.831048,30.0,13.168952,56.103,1.045165,4.0,2.954835,26.129,17.063447,32.0,14.936553,53.323,True,model_estimate,Illustrative accelerated envelope; not GCAM or an official supply forecast,CAND-6339E6B83A8408,P3,PORT-8826D0B469EE,200,50.669743,15.34122,429.154227,21116.24,49.204315,True,True,,0.0,2.0275124185786808e-05,True,True,True,True,,0.0,0.0,0.0,3,3,0.459336608,0.65,2.02
POSCO_KR,POSCO,DISCLOSED_PATH,P1,2026,0,0.0,8.0,8.0,0.0,0.0,0.0,0.0,0.0,0.0,2.0,2.0,0.0,True,model_interpolation,Linear interpolation from 2026 to 2030,CAND-63781C106D5099,P1,PORT-41705C04BF44,200,10.748437,7.166381,234.011233,2160.761,9.233578,True,True,,0.0,2.0275124185786808e-05,True,True,True,True,,0.0,0.0,0.0,2,3,0.2589598719999999,0.65,0.7399999999999999
POSCO_KR,POSCO,DISCLOSED_PATH,P1,2027,0,0.0,9.0,9.0,0.0,0.0,0.125,0.125,0.0,0.0,3.25,3.25,0.0,True,model_interpolation,Linear interpolation from 2026 to 2030,CAND-63781C106D5099,P1,PORT-41705C04BF44,200,10.748437,7.166381,234.011233,2160.761,9.233578,True,True,,0.0,2.0275124185786808e-05,True,True,True,True,,0.0,0.0,0.0,2,3,0.2589598719999999,0.65,0.7399999999999999
POSCO_KR,POSCO,DISCLOSED_PATH,P1,2028,0,0.0,10.0,10.0,0.0,0.0,0.25,0.25,0.0,0.0,4.5,4.5,0.0,True,model_interpolation,Linear interpolation from 2026 to 2030,CAND-63781C106D5099,P1,PORT-41705C04BF44,200,10.748437,7.166381,234.011233,2160.761,9.233578,True,True,,0.0,2.0275124185786808e-05,True,True,True,True,,0.0,0.0,0.0,2,3,0.2589598719999999,0.65,0.7399999999999999
POSCO_KR,POSCO,DISCLOSED_PATH,P1,2029,1,6.839998,11.0,4.160002,62.182,0.0,0.375,0.375,0.0,4.255999,5.75,1.494001,74.017,True,model_interpolation,Linear interpolation from 2026 to 2030,CAND-63781C106D5099,P1,PORT-41705C04BF44,200,10.748437,7.166381,234.011233,2160.761,9.233578,True,True,,0.0,2.0275124185786808e-05,True,True,True,True,,0.0,0.0,0.0,2,3,0.2589598719999999,0.65,0.7399999999999999
POSCO_KR,POSCO,DISCLOSED_PATH,P1,2030,1,6.839998,12.0,5.160002,57.0,0.0,0.5,0.5,0.0,4.255999,7.0,2.744001,60.8,True,model_interpolation,Linear interpolation from 2030 to 2035,CAND-63781C106D5099,P1,PORT-41705C04BF44,200,10.748437,7.166381,234.011233,2160.761,9.233578,True,True,,0.0,2.0275124185786808e-05,True,True,True,True,,0.0,0.0,0.0,2,3,0.2589598719999999,0.65,0.7399999999999999
POSCO_KR,POSCO,DISCLOSED_PATH,P1,2031,1,6.839998,13.2,6.360002,51.818,0.0,0.7,0.7,0.0,4.255999,8.6,4.344001,49.488,True,model_interpolation,Linear interpolation from 2030 to 2035,CAND-63781C106D5099,P1,PORT-41705C04BF44,200,10.748437,7.166381,234.011233,2160.761,9.233578,True,True,,0.0,2.0275124185786808e-05,True,True,True,True,,0.0,0.0,0.0,2,3,0.2589598719999999,0.65,0.7399999999999999
POSCO_KR,POSCO,DISCLOSED_PATH,P1,2032,2,7.859998,14.4,6.540002,54.583,0.0,0.9,0.9,0.0,4.323999,10.2,5.876001,42.392,True,model_interpolation,Linear interpolation from 2030 to 2035,CAND-63781C106D5099,P1,PORT-41705C04BF44,200,10.748437,7.166381,234.011233,2160.761,9.233578,True,True,,0.0,2.0275124185786808e-05,True,True,True,True,,0.0,0.0,0.0,2,3,0.2589598719999999,0.65,0.7399999999999999
POSCO_KR,POSCO,DISCLOSED_PATH,P1,2033,3,8.880598,15.6,6.719402,56.927,0.0,1.1,1.1,0.0,4.392039,11.8,7.407961,37.221,True,model_interpolation,Linear interpolation from 2030 to 2035,CAND-63781C106D5099,P1,PORT-41705C04BF44,200,10.748437,7.166381,234.011233,2160.761,9.233578,True,True,,0.0,2.0275124185786808e-05,True,True,True,True,,0.0,0.0,0.0,2,3,0.2589598719999999,0.65,0.7399999999999999
POSCO_KR,POSCO,DISCLOSED_PATH,P1,2034,3,8.880598,16.8,7.919402,52.861,0.0,1.3,1.3,0.0,4.392039,13.4,9.007961,32.776,True,model_interpolation,Linear interpolation from 2030 to 2035,CAND-63781C106D5099,P1,PORT-41705C04BF44,200,10.748437,7.166381,234.011233,2160.761,9.233578,True,True,,0.0,2.0275124185786808e-05,True,True,True,True,,0.0,0.0,0.0,2,3,0.2589598719999999,0.65,0.7399999999999999
POSCO_KR,POSCO,DISCLOSED_PATH,P1,2035,4,10.305598,18.0,7.694402,57.253,0.0,1.5,1.5,0.0,4.582039,15.0,10.417961,30.547,True,model_interpolation,Linear interpolation from 2035 to 2040,CAND-63781C106D5099,P1,PORT-41705C04BF44,200,10.748437,7.166381,234.011233,2160.761,9.233578,True,True,,0.0,2.0275124185786808e-05,True,True,True,True,,0.0,0.0,0.0,2,3,0.2589598719999999,0.65,0.7399999999999999
POSCO_KR,POSCO,DISCLOSED_PATH,P1,2036,4,10.305598,19.4,9.094402,53.122,0.0,1.8,1.8,0.0,4.582039,17.0,12.417961,26.953,True,model_interpolation,Linear interpolation from 2035 to 2040,CAND-63781C106D5099,P1,PORT-41705C04BF44,200,10.748437,7.166381,234.011233,2160.761,9.233578,True,True,,0.0,2.0275124185786808e-05,True,True,True,True,,0.0,0.0,0.0,2,3,0.2589598719999999,0.65,0.7399999999999999
POSCO_KR,POSCO,DISCLOSED_PATH,P1,2037,5,18.858295,20.8,1.941705,90.665,0.0,2.1,2.1,0.0,9.998747,19.0,9.001253,52.625,True,model_interpolation,Linear interpolation from 2035 to 2040,CAND-63781C106D5099,P1,PORT-41705C04BF44,200,10.748437,7.166381,234.011233,2160.761,9.233578,True,True,,0.0,2.0275124185786808e-05,True,True,True,True,,0.0,0.0,0.0,2,3,0.2589598719999999,0.65,0.7399999999999999
POSCO_KR,POSCO,DISCLOSED_PATH,P1,2038,5,18.858295,22.2,3.341705,84.947,0.0,2.4,2.4,0.0,9.998747,21.0,11.001253,47.613,True,model_interpolation,Linear interpolation from 2035 to 2040,CAND-63781C106D5099,P1,PORT-41705C04BF44,200,10.748437,7.166381,234.011233,2160.761,9.233578,True,True,,0.0,2.0275124185786808e-05,True,True,True,True,,0.0,0.0,0.0,2,3,0.2589598719999999,0.65,0.7399999999999999
POSCO_KR,POSCO,DISCLOSED_PATH,P1,2039,5,18.858295,23.6,4.741705,79.908,0.0,2.7,2.7,0.0,9.998747,23.0,13.001253,43.473,True,model_interpolation,Linear interpolation from 2035 to 2040,CAND-63781C106D5099,P1,PORT-41705C04BF44,200,10.748437,7.166381,234.011233,2160.761,9.233578,True,True,,0.0,2.0275124185786808e-05,True,True,True,True,,0.0,0.0,0.0,2,3,0.2589598719999999,0.65,0.7399999999999999
POSCO_KR,POSCO,DISCLOSED_PATH,P1,2040,5,18.858295,25.0,6.141705,75.433,0.0,3.0,3.0,0.0,9.998747,25.0,15.001253,39.995,True,model_estimate,Illustrative screening envelope; not an official supply forecast,CAND-63781C106D5099,P1,PORT-41705C04BF44,200,10.748437,7.166381,234.011233,2160.761,9.233578,True,True,,0.0,2.0275124185786808e-05,True,True,True,True,,0.0,0.0,0.0,2,3,0.2589598719999999,0.65,0.7399999999999999
POSCO_KR,POSCO,ACCELERATED_15C,P1,2026,0,0.0,8.0,8.0,0.0,0.0,0.1,0.1,0.0,0.0,2.0,2.0,0.0,True,model_interpolation,Linear interpolation from 2026 to 2030,CAND-63781C106D5099,P1,PORT-41705C04BF44,200,-4.265938,8.158418,234.011233,-1300.659,-5.558105,False,False,2035,19.079746585000006,-19.079746585000006,True,True,True,True,,0.0,0.0,0.0,2,3,0.2589598719999999,0.65,0.7399999999999999
POSCO_KR,POSCO,ACCELERATED_15C,P1,2027,0,0.0,9.75,9.75,0.0,0.0,0.275,0.275,0.0,0.0,4.0,4.0,0.0,True,model_interpolation,Linear interpolation from 2026 to 2030,CAND-63781C106D5099,P1,PORT-41705C04BF44,200,-4.265938,8.158418,234.011233,-1300.659,-5.558105,False,False,2035,19.079746585000006,-19.079746585000006,True,True,True,True,,0.0,0.0,0.0,2,3,0.2589598719999999,0.65,0.7399999999999999
POSCO_KR,POSCO,ACCELERATED_15C,P1,2028,0,0.0,11.5,11.5,0.0,0.0,0.45000000000000007,0.45,0.0,0.0,6.0,6.0,0.0,True,model_interpolation,Linear interpolation from 2026 to 2030,CAND-63781C106D5099,P1,PORT-41705C04BF44,200,-4.265938,8.158418,234.011233,-1300.659,-5.558105,False,False,2035,19.079746585000006,-19.079746585000006,True,True,True,True,,0.0,0.0,0.0,2,3,0.2589598719999999,0.65,0.7399999999999999
POSCO_KR,POSCO,ACCELERATED_15C,P1,2029,1,6.839998,13.25,6.410002,51.623,0.0,0.625,0.625,0.0,4.255999,8.0,3.744001,53.2,True,model_interpolation,Linear interpolation from 2026 to 2030,CAND-63781C106D5099,P1,PORT-41705C04BF44,200,-4.265938,8.158418,234.011233,-1300.659,-5.558105,False,False,2035,19.079746585000006,-19.079746585000006,True,True,True,True,,0.0,0.0,0.0,2,3,0.2589598719999999,0.65,0.7399999999999999
POSCO_KR,POSCO,ACCELERATED_15C,P1,2030,1,6.839998,15.0,8.160002,45.6,0.0,0.8,0.8,0.0,4.255999,10.0,5.744001,42.56,True,model_interpolation,Linear interpolation from 2030 to 2035,CAND-63781C106D5099,P1,PORT-41705C04BF44,200,-4.265938,8.158418,234.011233,-1300.659,-5.558105,False,False,2035,19.079746585000006,-19.079746585000006,True,True,True,True,,0.0,0.0,0.0,2,3,0.2589598719999999,0.65,0.7399999999999999
POSCO_KR,POSCO,ACCELERATED_15C,P1,2031,1,6.839998,16.6,9.760002,41.205,0.0,1.08,1.08,0.0,4.255999,12.0,7.744001,35.467,True,model_interpolation,Linear interpolation from 2030 to 2035,CAND-63781C106D5099,P1,PORT-41705C04BF44,200,-4.265938,8.158418,234.011233,-1300.659,-5.558105,False,False,2035,19.079746585000006,-19.079746585000006,True,True,True,True,,0.0,0.0,0.0,2,3,0.2589598719999999,0.65,0.7399999999999999
POSCO_KR,POSCO,ACCELERATED_15C,P1,2032,2,7.859998,18.2,10.340002,43.187,0.0,1.36,1.36,0.0,4.323999,14.0,9.676001,30.886,True,model_interpolation,Linear interpolation from 2030 to 2035,CAND-63781C106D5099,P1,PORT-41705C04BF44,200,-4.265938,8.158418,234.011233,-1300.659,-5.558105,False,False,2035,19.079746585000006,-19.079746585000006,True,True,True,True,,0.0,0.0,0.0,2,3,0.2589598719999999,0.65,0.7399999999999999
POSCO_KR,POSCO,ACCELERATED_15C,P1,2033,3,8.880598,19.8,10.919402,44.852,0.0,1.6400000000000001,1.64,0.0,4.392039,16.0,11.607961,27.45,True,model_interpolation,Linear interpolation from 2030 to 2035,CAND-63781C106D5099,P1,PORT-41705C04BF44,200,-4.265938,8.158418,234.011233,-1300.659,-5.558105,False,False,2035,19.079746585000006,-19.079746585000006,True,True,True,True,,0.0,0.0,0.0,2,3,0.2589598719999999,0.65,0.7399999999999999
POSCO_KR,POSCO,ACCELERATED_15C,P1,2034,3,8.880598,21.4,12.519402,41.498,0.0,1.9200000000000002,1.92,0.0,4.392039,18.0,13.607961,24.4,True,model_interpolation,Linear interpolation from 2030 to 2035,CAND-63781C106D5099,P1,PORT-41705C04BF44,200,-4.265938,8.158418,234.011233,-1300.659,-5.558105,False,False,2035,19.079746585000006,-19.079746585000006,True,True,True,True,,0.0,0.0,0.0,2,3,0.2589598719999999,0.65,0.7399999999999999
POSCO_KR,POSCO,ACCELERATED_15C,P1,2035,4,10.305598,23.0,12.694402,44.807,0.0,2.2,2.2,0.0,4.582039,20.0,15.417961,22.91,True,model_interpolation,Linear interpolation from 2035 to 2040,CAND-63781C106D5099,P1,PORT-41705C04BF44,200,-4.265938,8.158418,234.011233,-1300.659,-5.558105,False,False,2035,19.079746585000006,-19.079746585000006,True,True,True,True,,0.0,0.0,0.0,2,3,0.2589598719999999,0.65,0.7399999999999999
POSCO_KR,POSCO,ACCELERATED_15C,P1,2036,4,10.305598,24.4,14.094402,42.236,0.0,2.56,2.56,0.0,4.582039,22.4,17.817961,20.456,True,model_interpolation,Linear interpolation from 2035 to 2040,CAND-63781C106D5099,P1,PORT-41705C04BF44,200,-4.265938,8.158418,234.011233,-1300.659,-5.558105,False,False,2035,19.079746585000006,-19.079746585000006,True,True,True,True,,0.0,0.0,0.0,2,3,0.2589598719999999,0.65,0.7399999999999999
POSCO_KR,POSCO,ACCELERATED_15C,P1,2037,5,18.858295,25.8,6.941705,73.094,0.0,2.92,2.92,0.0,9.998747,24.8,14.801253,40.318,True,model_interpolation,Linear interpolation from 2035 to 2040,CAND-63781C106D5099,P1,PORT-41705C04BF44,200,-4.265938,8.158418,234.011233,-1300.659,-5.558105,False,False,2035,19.079746585000006,-19.079746585000006,True,True,True,True,,0.0,0.0,0.0,2,3,0.2589598719999999,0.65,0.7399999999999999
POSCO_KR,POSCO,ACCELERATED_15C,P1,2038,5,18.858295,27.2,8.341705,69.332,0.0,3.2800000000000002,3.28,0.0,9.998747,27.2,17.201253,36.76,True,model_interpolation,Linear interpolation from 2035 to 2040,CAND-63781C106D5099,P1,PORT-41705C04BF44,200,-4.265938,8.158418,234.011233,-1300.659,-5.558105,False,False,2035,19.079746585000006,-19.079746585000006,True,True,True,True,,0.0,0.0,0.0,2,3,0.2589598719999999,0.65,0.7399999999999999
POSCO_KR,POSCO,ACCELERATED_15C,P1,2039,5,18.858295,28.6,9.741705,65.938,0.0,3.64,3.64,0.0,9.998747,29.6,19.601253,33.78,True,model_interpolation,Linear interpolation from 2035 to 2040,CAND-63781C106D5099,P1,PORT-41705C04BF44,200,-4.265938,8.158418,234.011233,-1300.659,-5.558105,False,False,2035,19.079746585000006,-19.079746585000006,True,True,True,True,,0.0,0.0,0.0,2,3,0.2589598719999999,0.65,0.7399999999999999
POSCO_KR,POSCO,ACCELERATED_15C,P1,2040,5,18.858295,30.0,11.141705,62.861,0.0,4.0,4.0,0.0,9.998747,32.0,22.001253,31.246,True,model_estimate,Illustrative accelerated envelope; not GCAM or an official supply forecast,CAND-63781C106D5099,P1,PORT-41705C04BF44,200,-4.265938,8.158418,234.011233,-1300.659,-5.558105,False,False,2035,19.079746585000006,-19.079746585000006,True,True,True,True,,0.0,0.0,0.0,2,3,0.2589598719999999,0.65,0.7399999999999999
NIPPON_STEEL_JP,Nippon Steel,DISCLOSED_PATH,P3,2026,0,0.0,8.0,8.0,0.0,0.0,0.0,0.0,0.0,0.0,2.0,2.0,0.0,True,model_interpolation,Linear interpolation from 2026 to 2030,CAND-7400D0EA735D98,P3,PORT-6742936593A9,200,81.821622,17.145456,454.753949,36270.549,79.758623,True,True,,0.0,3.446647212967946e-06,True,True,True,True,,0.0,0.0,0.0,2,2,0.47641018879999986,0.65,2.16
NIPPON_STEEL_JP,Nippon Steel,DISCLOSED_PATH,P3,2027,0,0.0,9.0,9.0,0.0,0.0,0.15,0.15,0.0,0.0,3.25,3.25,0.0,True,model_interpolation,Linear interpolation from 2026 to 2030,CAND-7400D0EA735D98,P3,PORT-6742936593A9,200,81.821622,17.145456,454.753949,36270.549,79.758623,True,True,,0.0,3.446647212967946e-06,True,True,True,True,,0.0,0.0,0.0,2,2,0.47641018879999986,0.65,2.16
NIPPON_STEEL_JP,Nippon Steel,DISCLOSED_PATH,P3,2028,0,0.0,10.0,10.0,0.0,0.0,0.3,0.3,0.0,0.0,4.5,4.5,0.0,True,model_interpolation,Linear interpolation from 2026 to 2030,CAND-7400D0EA735D98,P3,PORT-6742936593A9,200,81.821622,17.145456,454.753949,36270.549,79.758623,True,True,,0.0,3.446647212967946e-06,True,True,True,True,,0.0,0.0,0.0,2,2,0.47641018879999986,0.65,2.16
NIPPON_STEEL_JP,Nippon Steel,DISCLOSED_PATH,P3,2029,1,8.1,11.0,2.9,73.636,0.0,0.44999999999999996,0.45,0.0,5.04,5.75,0.71,87.652,True,model_interpolation,Linear interpolation from 2026 to 2030,CAND-7400D0EA735D98,P3,PORT-6742936593A9,200,81.821622,17.145456,454.753949,36270.549,79.758623,True,True,,0.0,3.446647212967946e-06,True,True,True,True,,0.0,0.0,0.0,2,2,0.47641018879999986,0.65,2.16
NIPPON_STEEL_JP,Nippon Steel,DISCLOSED_PATH,P3,2030,1,8.1,12.0,3.9,67.5,0.0,0.6,0.6,0.0,5.04,7.0,1.96,72.0,True,model_interpolation,Linear interpolation from 2030 to 2035,CAND-7400D0EA735D98,P3,PORT-6742936593A9,200,81.821622,17.145456,454.753949,36270.549,79.758623,True,True,,0.0,3.446647212967946e-06,True,True,True,True,,0.0,0.0,0.0,2,2,0.47641018879999986,0.65,2.16
NIPPON_STEEL_JP,Nippon Steel,DISCLOSED_PATH,P3,2031,1,8.1,13.2,5.1,61.364,0.0,0.8400000000000001,0.84,0.0,5.04,8.6,3.56,58.605,True,model_interpolation,Linear interpolation from 2030 to 2035,CAND-7400D0EA735D98,P3,PORT-6742936593A9,200,81.821622,17.145456,454.753949,36270.549,79.758623,True,True,,0.0,3.446647212967946e-06,True,True,True,True,,0.0,0.0,0.0,2,2,0.47641018879999986,0.65,2.16
NIPPON_STEEL_JP,Nippon Steel,DISCLOSED_PATH,P3,2032,2,13.679998,14.4,0.720002,95.0,0.0,1.08,1.08,0.0,8.511999,10.2,1.688001,83.451,True,model_interpolation,Linear interpolation from 2030 to 2035,CAND-7400D0EA735D98,P3,PORT-6742936593A9,200,81.821622,17.145456,454.753949,36270.549,79.758623,True,True,,0.0,3.446647212967946e-06,True,True,True,True,,0.0,0.0,0.0,2,2,0.47641018879999986,0.65,2.16
NIPPON_STEEL_JP,Nippon Steel,DISCLOSED_PATH,P3,2033,2,13.679998,15.6,1.920002,87.692,0.0,1.32,1.32,0.0,8.511999,11.8,3.288001,72.136,True,model_interpolation,Linear interpolation from 2030 to 2035,CAND-7400D0EA735D98,P3,PORT-6742936593A9,200,81.821622,17.145456,454.753949,36270.549,79.758623,True,True,,0.0,3.446647212967946e-06,True,True,True,True,,0.0,0.0,0.0,2,2,0.47641018879999986,0.65,2.16
NIPPON_STEEL_JP,Nippon Steel,DISCLOSED_PATH,P3,2034,3,14.759998,16.8,2.040002,87.857,0.396,1.56,1.164,25.385,11.823999,13.4,1.576001,88.239,True,model_interpolation,Linear interpolation from 2030 to 2035,CAND-7400D0EA735D98,P3,PORT-6742936593A9,200,81.821622,17.145456,454.753949,36270.549,79.758623,True,True,,0.0,3.446647212967946e-06,True,True,True,True,,0.0,0.0,0.0,2,2,0.47641018879999986,0.65,2.16
NIPPON_STEEL_JP,Nippon Steel,DISCLOSED_PATH,P3,2035,3,14.759998,18.0,3.240002,82.0,0.396,1.8,1.404,22.0,11.823999,15.0,3.176001,78.827,True,model_interpolation,Linear interpolation from 2035 to 2040,CAND-7400D0EA735D98,P3,PORT-6742936593A9,200,81.821622,17.145456,454.753949,36270.549,79.758623,True,True,,0.0,3.446647212967946e-06,True,True,True,True,,0.0,0.0,0.0,2,2,0.47641018879999986,0.65,2.16
NIPPON_STEEL_JP,Nippon Steel,DISCLOSED_PATH,P3,2036,4,15.599998,19.4,3.800002,80.412,0.704,2.08,1.376,33.846,14.4,17.0,2.6,84.706,True,model_interpolation,Linear interpolation from 2035 to 2040,CAND-7400D0EA735D98,P3,PORT-6742936593A9,200,81.821622,17.145456,454.753949,36270.549,79.758623,True,True,,0.0,3.446647212967946e-06,True,True,True,True,,0.0,0.0,0.0,2,2,0.47641018879999986,0.65,2.16
NIPPON_STEEL_JP,Nippon Steel,DISCLOSED_PATH,P3,2037,4,15.599998,20.8,5.200002,75.0,0.704,2.3600000000000003,1.656,29.831,14.4,19.0,4.6,75.789,True,model_interpolation,Linear interpolation from 2035 to 2040,CAND-7400D0EA735D98,P3,PORT-6742936593A9,200,81.821622,17.145456,454.753949,36270.549,79.758623,True,True,,0.0,3.446647212967946e-06,True,True,True,True,,0.0,0.0,0.0,2,2,0.47641018879999986,0.65,2.16
NIPPON_STEEL_JP,Nippon Steel,DISCLOSED_PATH,P3,2038,5,21.269998,22.2,0.930002,95.811,0.704,2.64,1.936,26.667,17.928,21.0,3.072,85.371,True,model_interpolation,Linear interpolation from 2035 to 2040,CAND-7400D0EA735D98,P3,PORT-6742936593A9,200,81.821622,17.145456,454.753949,36270.549,79.758623,True,True,,0.0,3.446647212967946e-06,True,True,True,True,,0.0,0.0,0.0,2,2,0.47641018879999986,0.65,2.16
NIPPON_STEEL_JP,Nippon Steel,DISCLOSED_PATH,P3,2039,5,21.269998,23.6,2.330002,90.127,0.704,2.92,2.216,24.11,17.928,23.0,5.072,77.948,True,model_interpolation,Linear interpolation from 2035 to 2040,CAND-7400D0EA735D98,P3,PORT-6742936593A9,200,81.821622,17.145456,454.753949,36270.549,79.758623,True,True,,0.0,3.446647212967946e-06,True,True,True,True,,0.0,0.0,0.0,2,2,0.47641018879999986,0.65,2.16
NIPPON_STEEL_JP,Nippon Steel,DISCLOSED_PATH,P3,2040,5,21.269998,25.0,3.730002,85.08,0.704,3.2,2.496,22.0,17.928,25.0,7.072,71.712,True,model_estimate,Illustrative screening envelope; not an official supply forecast,CAND-7400D0EA735D98,P3,PORT-6742936593A9,200,81.821622,17.145456,454.753949,36270.549,79.758623,True,True,,0.0,3.446647212967946e-06,True,True,True,True,,0.0,0.0,0.0,2,2,0.47641018879999986,0.65,2.16
NIPPON_STEEL_JP,Nippon Steel,ACCELERATED_15C,P3,2026,0,0.0,8.0,8.0,0.0,0.0,0.1,0.1,0.0,0.0,2.0,2.0,0.0,True,model_interpolation,Linear interpolation from 2026 to 2030,CAND-7400D0EA735D98,P3,PORT-6742936593A9,200,70.288057,18.217448,454.753949,31092.014,68.371069,True,True,,0.0,3.446647212967946e-06,True,True,True,True,,0.0,0.0,0.0,2,2,0.47641018879999986,0.65,2.16
NIPPON_STEEL_JP,Nippon Steel,ACCELERATED_15C,P3,2027,0,0.0,9.75,9.75,0.0,0.0,0.30000000000000004,0.3,0.0,0.0,4.0,4.0,0.0,True,model_interpolation,Linear interpolation from 2026 to 2030,CAND-7400D0EA735D98,P3,PORT-6742936593A9,200,70.288057,18.217448,454.753949,31092.014,68.371069,True,True,,0.0,3.446647212967946e-06,True,True,True,True,,0.0,0.0,0.0,2,2,0.47641018879999986,0.65,2.16
NIPPON_STEEL_JP,Nippon Steel,ACCELERATED_15C,P3,2028,0,0.0,11.5,11.5,0.0,0.0,0.5,0.5,0.0,0.0,6.0,6.0,0.0,True,model_interpolation,Linear interpolation from 2026 to 2030,CAND-7400D0EA735D98,P3,PORT-6742936593A9,200,70.288057,18.217448,454.753949,31092.014,68.371069,True,True,,0.0,3.446647212967946e-06,True,True,True,True,,0.0,0.0,0.0,2,2,0.47641018879999986,0.65,2.16
NIPPON_STEEL_JP,Nippon Steel,ACCELERATED_15C,P3,2029,1,8.1,13.25,5.15,61.132,0.0,0.7000000000000001,0.7,0.0,5.04,8.0,2.96,63.0,True,model_interpolation,Linear interpolation from 2026 to 2030,CAND-7400D0EA735D98,P3,PORT-6742936593A9,200,70.288057,18.217448,454.753949,31092.014,68.371069,True,True,,0.0,3.446647212967946e-06,True,True,True,True,,0.0,0.0,0.0,2,2,0.47641018879999986,0.65,2.16
NIPPON_STEEL_JP,Nippon Steel,ACCELERATED_15C,P3,2030,1,8.1,15.0,6.9,54.0,0.0,0.9,0.9,0.0,5.04,10.0,4.96,50.4,True,model_interpolation,Linear interpolation from 2030 to 2035,CAND-7400D0EA735D98,P3,PORT-6742936593A9,200,70.288057,18.217448,454.753949,31092.014,68.371069,True,True,,0.0,3.446647212967946e-06,True,True,True,True,,0.0,0.0,0.0,2,2,0.47641018879999986,0.65,2.16
NIPPON_STEEL_JP,Nippon Steel,ACCELERATED_15C,P3,2031,1,8.1,16.6,8.5,48.795,0.0,1.2200000000000002,1.22,0.0,5.04,12.0,6.96,42.0,True,model_interpolation,Linear interpolation from 2030 to 2035,CAND-7400D0EA735D98,P3,PORT-6742936593A9,200,70.288057,18.217448,454.753949,31092.014,68.371069,True,True,,0.0,3.446647212967946e-06,True,True,True,True,,0.0,0.0,0.0,2,2,0.47641018879999986,0.65,2.16
NIPPON_STEEL_JP,Nippon Steel,ACCELERATED_15C,P3,2032,2,13.679998,18.2,4.520002,75.165,0.0,1.54,1.54,0.0,8.511999,14.0,5.488001,60.8,True,model_interpolation,Linear interpolation from 2030 to 2035,CAND-7400D0EA735D98,P3,PORT-6742936593A9,200,70.288057,18.217448,454.753949,31092.014,68.371069,True,True,,0.0,3.446647212967946e-06,True,True,True,True,,0.0,0.0,0.0,2,2,0.47641018879999986,0.65,2.16
NIPPON_STEEL_JP,Nippon Steel,ACCELERATED_15C,P3,2033,2,13.679998,19.8,6.120002,69.091,0.0,1.8599999999999999,1.86,0.0,8.511999,16.0,7.488001,53.2,True,model_interpolation,Linear interpolation from 2030 to 2035,CAND-7400D0EA735D98,P3,PORT-6742936593A9,200,70.288057,18.217448,454.753949,31092.014,68.371069,True,True,,0.0,3.446647212967946e-06,True,True,True,True,,0.0,0.0,0.0,2,2,0.47641018879999986,0.65,2.16
NIPPON_STEEL_JP,Nippon Steel,ACCELERATED_15C,P3,2034,3,14.759998,21.4,6.640002,68.972,0.396,2.18,1.784,18.165,11.823999,18.0,6.176001,65.689,True,model_interpolation,Linear interpolation from 2030 to 2035,CAND-7400D0EA735D98,P3,PORT-6742936593A9,200,70.288057,18.217448,454.753949,31092.014,68.371069,True,True,,0.0,3.446647212967946e-06,True,True,True,True,,0.0,0.0,0.0,2,2,0.47641018879999986,0.65,2.16
NIPPON_STEEL_JP,Nippon Steel,ACCELERATED_15C,P3,2035,3,14.759998,23.0,8.240002,64.174,0.396,2.5,2.104,15.84,11.823999,20.0,8.176001,59.12,True,model_interpolation,Linear interpolation from 2035 to 2040,CAND-7400D0EA735D98,P3,PORT-6742936593A9,200,70.288057,18.217448,454.753949,31092.014,68.371069,True,True,,0.0,3.446647212967946e-06,True,True,True,True,,0.0,0.0,0.0,2,2,0.47641018879999986,0.65,2.16
NIPPON_STEEL_JP,Nippon Steel,ACCELERATED_15C,P3,2036,4,15.599998,24.4,8.800002,63.934,0.704,2.9,2.196,24.276,14.4,22.4,8.0,64.286,True,model_interpolation,Linear interpolation from 2035 to 2040,CAND-7400D0EA735D98,P3,PORT-6742936593A9,200,70.288057,18.217448,454.753949,31092.014,68.371069,True,True,,0.0,3.446647212967946e-06,True,True,True,True,,0.0,0.0,0.0,2,2,0.47641018879999986,0.65,2.16
NIPPON_STEEL_JP,Nippon Steel,ACCELERATED_15C,P3,2037,4,15.599998,25.8,10.200002,60.465,0.704,3.3,2.596,21.333,14.4,24.8,10.4,58.065,True,model_interpolation,Linear interpolation from 2035 to 2040,CAND-7400D0EA735D98,P3,PORT-6742936593A9,200,70.288057,18.217448,454.753949,31092.014,68.371069,True,True,,0.0,3.446647212967946e-06,True,True,True,True,,0.0,0.0,0.0,2,2,0.47641018879999986,0.65,2.16
NIPPON_STEEL_JP,Nippon Steel,ACCELERATED_15C,P3,2038,5,21.269998,27.2,5.930002,78.199,0.704,3.7,2.996,19.027,17.928,27.2,9.272,65.912,True,model_interpolation,Linear interpolation from 2035 to 2040,CAND-7400D0EA735D98,P3,PORT-6742936593A9,200,70.288057,18.217448,454.753949,31092.014,68.371069,True,True,,0.0,3.446647212967946e-06,True,True,True,True,,0.0,0.0,0.0,2,2,0.47641018879999986,0.65,2.16
NIPPON_STEEL_JP,Nippon Steel,ACCELERATED_15C,P3,2039,5,21.269998,28.6,7.330002,74.371,0.704,4.1,3.396,17.171,17.928,29.6,11.672,60.568,True,model_interpolation,Linear interpolation from 2035 to 2040,CAND-7400D0EA735D98,P3,PORT-6742936593A9,200,70.288057,18.217448,454.753949,31092.014,68.371069,True,True,,0.0,3.446647212967946e-06,True,True,True,True,,0.0,0.0,0.0,2,2,0.47641018879999986,0.65,2.16
NIPPON_STEEL_JP,Nippon Steel,ACCELERATED_15C,P3,2040,5,21.269998,30.0,8.730002,70.9,0.704,4.5,3.796,15.644,17.928,32.0,14.072,56.025,True,model_estimate,Illustrative accelerated envelope; not GCAM or an official supply forecast,CAND-7400D0EA735D98,P3,PORT-6742936593A9,200,70.288057,18.217448,454.753949,31092.014,68.371069,True,True,,0.0,3.446647212967946e-06,True,True,True,True,,0.0,0.0,0.0,2,2,0.47641018879999986,0.65,2.16
POSCO_KR,POSCO,DISCLOSED_PATH,P1,2026,0,0.0,8.0,8.0,0.0,0.0,0.0,0.0,0.0,0.0,2.0,2.0,0.0,True,model_interpolation,Linear interpolation from 2026 to 2030,CAND-7BC738434560A6,P1,PORT-7ED23B40E316,200,33.799738,12.411854,414.904229,13238.755,31.907979,True,False,,0.0,2.0275124185786808e-05,False,False,True,True,2035,4.530597659999998,0.0,0.0,2,3,0.3934020479999999,0.65,1.54
POSCO_KR,POSCO,DISCLOSED_PATH,P1,2027,0,0.0,9.0,9.0,0.0,0.0,0.125,0.125,0.0,0.0,3.25,3.25,0.0,True,model_interpolation,Linear interpolation from 2026 to 2030,CAND-7BC738434560A6,P1,PORT-7ED23B40E316,200,33.799738,12.411854,414.904229,13238.755,31.907979,True,False,,0.0,2.0275124185786808e-05,False,False,True,True,2035,4.530597659999998,0.0,0.0,2,3,0.3934020479999999,0.65,1.54
POSCO_KR,POSCO,DISCLOSED_PATH,P1,2028,0,0.0,10.0,10.0,0.0,0.0,0.25,0.25,0.0,0.0,4.5,4.5,0.0,True,model_interpolation,Linear interpolation from 2026 to 2030,CAND-7BC738434560A6,P1,PORT-7ED23B40E316,200,33.799738,12.411854,414.904229,13238.755,31.907979,True,False,,0.0,2.0275124185786808e-05,False,False,True,True,2035,4.530597659999998,0.0,0.0,2,3,0.3934020479999999,0.65,1.54
POSCO_KR,POSCO,DISCLOSED_PATH,P1,2029,1,6.839998,11.0,4.160002,62.182,0.0,0.375,0.375,0.0,4.255999,5.75,1.494001,74.017,True,model_interpolation,Linear interpolation from 2026 to 2030,CAND-7BC738434560A6,P1,PORT-7ED23B40E316,200,33.799738,12.411854,414.904229,13238.755,31.907979,True,False,,0.0,2.0275124185786808e-05,False,False,True,True,2035,4.530597659999998,0.0,0.0,2,3,0.3934020479999999,0.65,1.54
POSCO_KR,POSCO,DISCLOSED_PATH,P1,2030,1,6.839998,12.0,5.160002,57.0,0.0,0.5,0.5,0.0,4.255999,7.0,2.744001,60.8,True,model_interpolation,Linear interpolation from 2030 to 2035,CAND-7BC738434560A6,P1,PORT-7ED23B40E316,200,33.799738,12.411854,414.904229,13238.755,31.907979,True,False,,0.0,2.0275124185786808e-05,False,False,True,True,2035,4.530597659999998,0.0,0.0,2,3,0.3934020479999999,0.65,1.54
POSCO_KR,POSCO,DISCLOSED_PATH,P1,2031,1,6.839998,13.2,6.360002,51.818,0.0,0.7,0.7,0.0,4.255999,8.6,4.344001,49.488,True,model_interpolation,Linear interpolation from 2030 to 2035,CAND-7BC738434560A6,P1,PORT-7ED23B40E316,200,33.799738,12.411854,414.904229,13238.755,31.907979,True,False,,0.0,2.0275124185786808e-05,False,False,True,True,2035,4.530597659999998,0.0,0.0,2,3,0.3934020479999999,0.65,1.54
POSCO_KR,POSCO,DISCLOSED_PATH,P1,2032,2,12.959999,14.4,1.440001,90.0,0.0,0.9,0.9,0.0,8.063999,10.2,2.136001,79.059,True,model_interpolation,Linear interpolation from 2030 to 2035,CAND-7BC738434560A6,P1,PORT-7ED23B40E316,200,33.799738,12.411854,414.904229,13238.755,31.907979,True,False,,0.0,2.0275124185786808e-05,False,False,True,True,2035,4.530597659999998,0.0,0.0,2,3,0.3934020479999999,0.65,1.54
POSCO_KR,POSCO,DISCLOSED_PATH,P1,2033,3,13.980599,15.6,1.619401,89.619,0.0,1.1,1.1,0.0,8.132039,11.8,3.667961,68.916,True,model_interpolation,Linear interpolation from 2030 to 2035,CAND-7BC738434560A6,P1,PORT-7ED23B40E316,200,33.799738,12.411854,414.904229,13238.755,31.907979,True,False,,0.0,2.0275124185786808e-05,False,False,True,True,2035,4.530597659999998,0.0,0.0,2,3,0.3934020479999999,0.65,1.54
POSCO_KR,POSCO,DISCLOSED_PATH,P1,2034,3,13.980599,16.8,2.819401,83.218,0.0,1.3,1.3,0.0,8.132039,13.4,5.267961,60.687,True,model_interpolation,Linear interpolation from 2030 to 2035,CAND-7BC738434560A6,P1,PORT-7ED23B40E316,200,33.799738,12.411854,414.904229,13238.755,31.907979,True,False,,0.0,2.0275124185786808e-05,False,False,True,True,2035,4.530597659999998,0.0,0.0,2,3,0.3934020479999999,0.65,1.54
POSCO_KR,POSCO,DISCLOSED_PATH,P1,2035,4,22.530598,18.0,-4.530598,125.17,0.0,1.5,1.5,0.0,13.547039,15.0,1.452961,90.314,False,model_interpolation,Linear interpolation from 2035 to 2040,CAND-7BC738434560A6,P1,PORT-7ED23B40E316,200,33.799738,12.411854,414.904229,13238.755,31.907979,True,False,,0.0,2.0275124185786808e-05,False,False,True,True,2035,4.530597659999998,0.0,0.0,2,3,0.3934020479999999,0.65,1.54
POSCO_KR,POSCO,DISCLOSED_PATH,P1,2036,4,22.530598,19.4,-3.130598,116.137,0.0,1.8,1.8,0.0,13.547039,17.0,3.452961,79.688,False,model_interpolation,Linear interpolation from 2035 to 2040,CAND-7BC738434560A6,P1,PORT-7ED23B40E316,200,33.799738,12.411854,414.904229,13238.755,31.907979,True,False,,0.0,2.0275124185786808e-05,False,False,True,True,2035,4.530597659999998,0.0,0.0,2,3,0.3934020479999999,0.65,1.54
POSCO_KR,POSCO,DISCLOSED_PATH,P1,2037,5,23.956047,20.8,-3.156047,115.173,0.522665,2.1,1.577335,24.889,18.013447,19.0,0.986553,94.808,False,model_interpolation,Linear interpolation from 2035 to 2040,CAND-7BC738434560A6,P1,PORT-7ED23B40E316,200,33.799738,12.411854,414.904229,13238.755,31.907979,True,False,,0.0,2.0275124185786808e-05,False,False,True,True,2035,4.530597659999998,0.0,0.0,2,3,0.3934020479999999,0.65,1.54
POSCO_KR,POSCO,DISCLOSED_PATH,P1,2038,5,23.956047,22.2,-1.756047,107.91,0.522665,2.4,1.877335,21.778,18.013447,21.0,2.986553,85.778,False,model_interpolation,Linear interpolation from 2035 to 2040,CAND-7BC738434560A6,P1,PORT-7ED23B40E316,200,33.799738,12.411854,414.904229,13238.755,31.907979,True,False,,0.0,2.0275124185786808e-05,False,False,True,True,2035,4.530597659999998,0.0,0.0,2,3,0.3934020479999999,0.65,1.54
POSCO_KR,POSCO,DISCLOSED_PATH,P1,2039,5,23.956047,23.6,-0.356047,101.509,0.522665,2.7,2.177335,19.358,18.013447,23.0,4.986553,78.319,False,model_interpolation,Linear interpolation from 2035 to 2040,CAND-7BC738434560A6,P1,PORT-7ED23B40E316,200,33.799738,12.411854,414.904229,13238.755,31.907979,True,False,,0.0,2.0275124185786808e-05,False,False,True,True,2035,4.530597659999998,0.0,0.0,2,3,0.3934020479999999,0.65,1.54
POSCO_KR,POSCO,DISCLOSED_PATH,P1,2040,5,23.956047,25.0,1.043953,95.824,0.522665,3.0,2.477335,17.422,18.013447,25.0,6.986553,72.054,True,model_estimate,Illustrative screening envelope; not an official supply forecast,CAND-7BC738434560A6,P1,PORT-7ED23B40E316,200,33.799738,12.411854,414.904229,13238.755,31.907979,True,False,,0.0,2.0275124185786808e-05,False,False,True,True,2035,4.530597659999998,0.0,0.0,2,3,0.3934020479999999,0.65,1.54
POSCO_KR,POSCO,ACCELERATED_15C,P1,2026,0,0.0,8.0,8.0,0.0,0.0,0.1,0.1,0.0,0.0,2.0,2.0,0.0,True,model_interpolation,Linear interpolation from 2026 to 2030,CAND-7BC738434560A6,P1,PORT-7ED23B40E316,200,20.470875,13.684666,414.904229,7673.246,18.494018,True,True,,0.0,2.0275124185786808e-05,True,True,True,True,,0.0,0.0,0.0,2,3,0.3934020479999999,0.65,1.54
POSCO_KR,POSCO,ACCELERATED_15C,P1,2027,0,0.0,9.75,9.75,0.0,0.0,0.275,0.275,0.0,0.0,4.0,4.0,0.0,True,model_interpolation,Linear interpolation from 2026 to 2030,CAND-7BC738434560A6,P1,PORT-7ED23B40E316,200,20.470875,13.684666,414.904229,7673.246,18.494018,True,True,,0.0,2.0275124185786808e-05,True,True,True,True,,0.0,0.0,0.0,2,3,0.3934020479999999,0.65,1.54
POSCO_KR,POSCO,ACCELERATED_15C,P1,2028,0,0.0,11.5,11.5,0.0,0.0,0.45000000000000007,0.45,0.0,0.0,6.0,6.0,0.0,True,model_interpolation,Linear interpolation from 2026 to 2030,CAND-7BC738434560A6,P1,PORT-7ED23B40E316,200,20.470875,13.684666,414.904229,7673.246,18.494018,True,True,,0.0,2.0275124185786808e-05,True,True,True,True,,0.0,0.0,0.0,2,3,0.3934020479999999,0.65,1.54
POSCO_KR,POSCO,ACCELERATED_15C,P1,2029,1,6.839998,13.25,6.410002,51.623,0.0,0.625,0.625,0.0,4.255999,8.0,3.744001,53.2,True,model_interpolation,Linear interpolation from 2026 to 2030,CAND-7BC738434560A6,P1,PORT-7ED23B40E316,200,20.470875,13.684666,414.904229,7673.246,18.494018,True,True,,0.0,2.0275124185786808e-05,True,True,True,True,,0.0,0.0,0.0,2,3,0.3934020479999999,0.65,1.54
POSCO_KR,POSCO,ACCELERATED_15C,P1,2030,1,6.839998,15.0,8.160002,45.6,0.0,0.8,0.8,0.0,4.255999,10.0,5.744001,42.56,True,model_interpolation,Linear interpolation from 2030 to 2035,CAND-7BC738434560A6,P1,PORT-7ED23B40E316,200,20.470875,13.684666,414.904229,7673.246,18.494018,True,True,,0.0,2.0275124185786808e-05,True,True,True,True,,0.0,0.0,0.0,2,3,0.3934020479999999,0.65,1.54
POSCO_KR,POSCO,ACCELERATED_15C,P1,2031,1,6.839998,16.6,9.760002,41.205,0.0,1.08,1.08,0.0,4.255999,12.0,7.744001,35.467,True,model_interpolation,Linear interpolation from 2030 to 2035,CAND-7BC738434560A6,P1,PORT-7ED23B40E316,200,20.470875,13.684666,414.904229,7673.246,18.494018,True,True,,0.0,2.0275124185786808e-05,True,True,True,True,,0.0,0.0,0.0,2,3,0.3934020479999999,0.65,1.54
POSCO_KR,POSCO,ACCELERATED_15C,P1,2032,2,12.959999,18.2,5.240001,71.209,0.0,1.36,1.36,0.0,8.063999,14.0,5.936001,57.6,True,model_interpolation,Linear interpolation from 2030 to 2035,CAND-7BC738434560A6,P1,PORT-7ED23B40E316,200,20.470875,13.684666,414.904229,7673.246,18.494018,True,True,,0.0,2.0275124185786808e-05,True,True,True,True,,0.0,0.0,0.0,2,3,0.3934020479999999,0.65,1.54
POSCO_KR,POSCO,ACCELERATED_15C,P1,2033,3,13.980599,19.8,5.819401,70.609,0.0,1.6400000000000001,1.64,0.0,8.132039,16.0,7.867961,50.825,True,model_interpolation,Linear interpolation from 2030 to 2035,CAND-7BC738434560A6,P1,PORT-7ED23B40E316,200,20.470875,13.684666,414.904229,7673.246,18.494018,True,True,,0.0,2.0275124185786808e-05,True,True,True,True,,0.0,0.0,0.0,2,3,0.3934020479999999,0.65,1.54
POSCO_KR,POSCO,ACCELERATED_15C,P1,2034,3,13.980599,21.4,7.419401,65.33,0.0,1.9200000000000002,1.92,0.0,8.132039,18.0,9.867961,45.178,True,model_interpolation,Linear interpolation from 2030 to 2035,CAND-7BC738434560A6,P1,PORT-7ED23B40E316,200,20.470875,13.684666,414.904229,7673.246,18.494018,True,True,,0.0,2.0275124185786808e-05,True,True,True,True,,0.0,0.0,0.0,2,3,0.3934020479999999,0.65,1.54
POSCO_KR,POSCO,ACCELERATED_15C,P1,2035,4,22.530598,23.0,0.469402,97.959,0.0,2.2,2.2,0.0,13.547039,20.0,6.452961,67.735,True,model_interpolation,Linear interpolation from 2035 to 2040,CAND-7BC738434560A6,P1,PORT-7ED23B40E316,200,20.470875,13.684666,414.904229,7673.246,18.494018,True,True,,0.0,2.0275124185786808e-05,True,True,True,True,,0.0,0.0,0.0,2,3,0.3934020479999999,0.65,1.54
POSCO_KR,POSCO,ACCELERATED_15C,P1,2036,4,22.530598,24.4,1.869402,92.339,0.0,2.56,2.56,0.0,13.547039,22.4,8.852961,60.478,True,model_interpolation,Linear interpolation from 2035 to 2040,CAND-7BC738434560A6,P1,PORT-7ED23B40E316,200,20.470875,13.684666,414.904229,7673.246,18.494018,True,True,,0.0,2.0275124185786808e-05,True,True,True,True,,0.0,0.0,0.0,2,3,0.3934020479999999,0.65,1.54
POSCO_KR,POSCO,ACCELERATED_15C,P1,2037,5,23.956047,25.8,1.843953,92.853,0.522665,2.92,2.397335,17.899,18.013447,24.8,6.786553,72.635,True,model_interpolation,Linear interpolation from 2035 to 2040,CAND-7BC738434560A6,P1,PORT-7ED23B40E316,200,20.470875,13.684666,414.904229,7673.246,18.494018,True,True,,0.0,2.0275124185786808e-05,True,True,True,True,,0.0,0.0,0.0,2,3,0.3934020479999999,0.65,1.54
POSCO_KR,POSCO,ACCELERATED_15C,P1,2038,5,23.956047,27.2,3.243953,88.074,0.522665,3.2800000000000002,2.757335,15.935,18.013447,27.2,9.186553,66.226,True,model_interpolation,Linear interpolation from 2035 to 2040,CAND-7BC738434560A6,P1,PORT-7ED23B40E316,200,20.470875,13.684666,414.904229,7673.246,18.494018,True,True,,0.0,2.0275124185786808e-05,True,True,True,True,,0.0,0.0,0.0,2,3,0.3934020479999999,0.65,1.54
POSCO_KR,POSCO,ACCELERATED_15C,P1,2039,5,23.956047,28.6,4.643953,83.762,0.522665,3.64,3.117335,14.359,18.013447,29.6,11.586553,60.856,True,model_interpolation,Linear interpolation from 2035 to 2040,CAND-7BC738434560A6,P1,PORT-7ED23B40E316,200,20.470875,13.684666,414.904229,7673.246,18.494018,True,True,,0.0,2.0275124185786808e-05,True,True,True,True,,0.0,0.0,0.0,2,3,0.3934020479999999,0.65,1.54
POSCO_KR,POSCO,ACCELERATED_15C,P1,2040,5,23.956047,30.0,6.043953,79.853,0.522665,4.0,3.477335,13.067,18.013447,32.0,13.986553,56.292,True,model_estimate,Illustrative accelerated envelope; not GCAM or an official supply forecast,CAND-7BC738434560A6,P1,PORT-7ED23B40E316,200,20.470875,13.684666,414.904229,7673.246,18.494018,True,True,,0.0,2.0275124185786808e-05,True,True,True,True,,0.0,0.0,0.0,2,3,0.3934020479999999,0.65,1.54
KOBE_STEEL_JP,Kobe Steel,DISCLOSED_PATH,P2,2026,0,0.0,2.0,2.0,0.0,0.0,0.0,0.0,0.0,0.0,0.8,0.8,0.0,True,model_interpolation,Linear interpolation from 2026 to 2030,CAND-7F0A690E87B72D,P2,PORT-8384667F6B8E,200,54.787069,16.466947,96.451092,5119.663,53.080408,True,True,,0.0,9.990856690045291e-05,True,True,True,True,,0.0,0.0,0.0,1,1,0.28332,0.6,1.06
KOBE_STEEL_JP,Kobe Steel,DISCLOSED_PATH,P2,2027,0,0.0,2.5,2.5,0.0,0.0,0.075,0.075,0.0,0.0,1.35,1.35,0.0,True,model_interpolation,Linear interpolation from 2026 to 2030,CAND-7F0A690E87B72D,P2,PORT-8384667F6B8E,200,54.787069,16.466947,96.451092,5119.663,53.080408,True,True,,0.0,9.990856690045291e-05,True,True,True,True,,0.0,0.0,0.0,1,1,0.28332,0.6,1.06
KOBE_STEEL_JP,Kobe Steel,DISCLOSED_PATH,P2,2028,0,0.0,3.0,3.0,0.0,0.0,0.15,0.15,0.0,0.0,1.9000000000000001,1.9,0.0,True,model_interpolation,Linear interpolation from 2026 to 2030,CAND-7F0A690E87B72D,P2,PORT-8384667F6B8E,200,54.787069,16.466947,96.451092,5119.663,53.080408,True,True,,0.0,9.990856690045291e-05,True,True,True,True,,0.0,0.0,0.0,1,1,0.28332,0.6,1.06
KOBE_STEEL_JP,Kobe Steel,DISCLOSED_PATH,P2,2029,1,2.655,3.5,0.845,75.857,0.0,0.22499999999999998,0.225,0.0,1.652,2.45,0.798,67.429,True,model_interpolation,Linear interpolation from 2026 to 2030,CAND-7F0A690E87B72D,P2,PORT-8384667F6B8E,200,54.787069,16.466947,96.451092,5119.663,53.080408,True,True,,0.0,9.990856690045291e-05,True,True,True,True,,0.0,0.0,0.0,1,1,0.28332,0.6,1.06
KOBE_STEEL_JP,Kobe Steel,DISCLOSED_PATH,P2,2030,1,2.655,4.0,1.345,66.375,0.0,0.3,0.3,0.0,1.652,3.0,1.348,55.067,True,model_interpolation,Linear interpolation from 2030 to 2035,CAND-7F0A690E87B72D,P2,PORT-8384667F6B8E,200,54.787069,16.466947,96.451092,5119.663,53.080408,True,True,,0.0,9.990856690045291e-05,True,True,True,True,,0.0,0.0,0.0,1,1,0.28332,0.6,1.06
KOBE_STEEL_JP,Kobe Steel,DISCLOSED_PATH,P2,2031,1,2.655,4.0,1.345,66.375,0.0,0.32,0.32,0.0,1.652,3.0,1.348,55.067,True,model_interpolation,Linear interpolation from 2030 to 2035,CAND-7F0A690E87B72D,P2,PORT-8384667F6B8E,200,54.787069,16.466947,96.451092,5119.663,53.080408,True,True,,0.0,9.990856690045291e-05,True,True,True,True,,0.0,0.0,0.0,1,1,0.28332,0.6,1.06
KOBE_STEEL_JP,Kobe Steel,DISCLOSED_PATH,P2,2032,1,2.655,4.0,1.345,66.375,0.0,0.34,0.34,0.0,1.652,3.0,1.348,55.067,True,model_interpolation,Linear interpolation from 2030 to 2035,CAND-7F0A690E87B72D,P2,PORT-8384667F6B8E,200,54.787069,16.466947,96.451092,5119.663,53.080408,True,True,,0.0,9.990856690045291e-05,True,True,True,True,,0.0,0.0,0.0,1,1,0.28332,0.6,1.06
KOBE_STEEL_JP,Kobe Steel,DISCLOSED_PATH,P2,2033,2,2.745,4.0,1.255,68.625,0.0,0.36,0.36,0.0,1.654,3.0,1.346,55.133,True,model_interpolation,Linear interpolation from 2030 to 2035,CAND-7F0A690E87B72D,P2,PORT-8384667F6B8E,200,54.787069,16.466947,96.451092,5119.663,53.080408,True,True,,0.0,9.990856690045291e-05,True,True,True,True,,0.0,0.0,0.0,1,1,0.28332,0.6,1.06
KOBE_STEEL_JP,Kobe Steel,DISCLOSED_PATH,P2,2034,2,2.745,4.0,1.255,68.625,0.0,0.38,0.38,0.0,1.654,3.0,1.346,55.133,True,model_interpolation,Linear interpolation from 2030 to 2035,CAND-7F0A690E87B72D,P2,PORT-8384667F6B8E,200,54.787069,16.466947,96.451092,5119.663,53.080408,True,True,,0.0,9.990856690045291e-05,True,True,True,True,,0.0,0.0,0.0,1,1,0.28332,0.6,1.06
KOBE_STEEL_JP,Kobe Steel,DISCLOSED_PATH,P2,2035,2,2.745,4.0,1.255,68.625,0.0,0.4,0.4,0.0,1.654,3.0,1.346,55.133,True,model_interpolation,Linear interpolation from 2035 to 2040,CAND-7F0A690E87B72D,P2,PORT-8384667F6B8E,200,54.787069,16.466947,96.451092,5119.663,53.080408,True,True,,0.0,9.990856690045291e-05,True,True,True,True,,0.0,0.0,0.0,1,1,0.28332,0.6,1.06
KOBE_STEEL_JP,Kobe Steel,DISCLOSED_PATH,P2,2036,2,2.745,4.2,1.455,65.357,0.0,0.48000000000000004,0.48,0.0,1.654,3.4,1.746,48.647,True,model_interpolation,Linear interpolation from 2035 to 2040,CAND-7F0A690E87B72D,P2,PORT-8384667F6B8E,200,54.787069,16.466947,96.451092,5119.663,53.080408,True,True,,0.0,9.990856690045291e-05,True,True,True,True,,0.0,0.0,0.0,1,1,0.28332,0.6,1.06
KOBE_STEEL_JP,Kobe Steel,DISCLOSED_PATH,P2,2037,3,3.1815,4.4,1.2185,72.307,0.16005,0.56,0.39995,28.58,2.9926,3.8,0.8074,78.753,True,model_interpolation,Linear interpolation from 2035 to 2040,CAND-7F0A690E87B72D,P2,PORT-8384667F6B8E,200,54.787069,16.466947,96.451092,5119.663,53.080408,True,True,,0.0,9.990856690045291e-05,True,True,True,True,,0.0,0.0,0.0,1,1,0.28332,0.6,1.06
KOBE_STEEL_JP,Kobe Steel,DISCLOSED_PATH,P2,2038,3,3.1815,4.6,1.4185,69.163,0.16005,0.64,0.47995,25.008,2.9926,4.2,1.2074,71.252,True,model_interpolation,Linear interpolation from 2035 to 2040,CAND-7F0A690E87B72D,P2,PORT-8384667F6B8E,200,54.787069,16.466947,96.451092,5119.663,53.080408,True,True,,0.0,9.990856690045291e-05,True,True,True,True,,0.0,0.0,0.0,1,1,0.28332,0.6,1.06
KOBE_STEEL_JP,Kobe Steel,DISCLOSED_PATH,P2,2039,3,3.1815,4.8,1.6185,66.281,0.16005,0.7200000000000001,0.55995,22.229,2.9926,4.6,1.6074,65.057,True,model_interpolation,Linear interpolation from 2035 to 2040,CAND-7F0A690E87B72D,P2,PORT-8384667F6B8E,200,54.787069,16.466947,96.451092,5119.663,53.080408,True,True,,0.0,9.990856690045291e-05,True,True,True,True,,0.0,0.0,0.0,1,1,0.28332,0.6,1.06
KOBE_STEEL_JP,Kobe Steel,DISCLOSED_PATH,P2,2040,3,3.1815,5.0,1.8185,63.63,0.16005,0.8,0.63995,20.006,2.9926,5.0,2.0074,59.852,True,model_estimate,Illustrative screening envelope; not an official supply forecast,CAND-7F0A690E87B72D,P2,PORT-8384667F6B8E,200,54.787069,16.466947,96.451092,5119.663,53.080408,True,True,,0.0,9.990856690045291e-05,True,True,True,True,,0.0,0.0,0.0,1,1,0.28332,0.6,1.06
KOBE_STEEL_JP,Kobe Steel,ACCELERATED_15C,P2,2026,0,0.0,2.0,2.0,0.0,0.0,0.2,0.2,0.0,0.0,1.0,1.0,0.0,True,model_interpolation,Linear interpolation from 2026 to 2030,CAND-7F0A690E87B72D,P2,PORT-8384667F6B8E,200,43.630645,18.041967,96.451092,4027.512,41.757041,False,False,2035,0.6138637290849003,-0.6138637290849003,True,True,True,True,,0.0,0.0,0.0,1,1,0.28332,0.6,1.06
KOBE_STEEL_JP,Kobe Steel,ACCELERATED_15C,P2,2027,0,0.0,2.25,2.25,0.0,0.0,0.25,0.25,0.0,0.0,1.375,1.375,0.0,True,model_interpolation,Linear interpolation from 2026 to 2030,CAND-7F0A690E87B72D,P2,PORT-8384667F6B8E,200,43.630645,18.041967,96.451092,4027.512,41.757041,False,False,2035,0.6138637290849003,-0.6138637290849003,True,True,True,True,,0.0,0.0,0.0,1,1,0.28332,0.6,1.06
KOBE_STEEL_JP,Kobe Steel,ACCELERATED_15C,P2,2028,0,0.0,2.5,2.5,0.0,0.0,0.30000000000000004,0.3,0.0,0.0,1.75,1.75,0.0,True,model_interpolation,Linear interpolation from 2026 to 2030,CAND-7F0A690E87B72D,P2,PORT-8384667F6B8E,200,43.630645,18.041967,96.451092,4027.512,41.757041,False,False,2035,0.6138637290849003,-0.6138637290849003,True,True,True,True,,0.0,0.0,0.0,1,1,0.28332,0.6,1.06
KOBE_STEEL_JP,Kobe Steel,ACCELERATED_15C,P2,2029,1,2.655,2.75,0.095,96.545,0.0,0.35000000000000003,0.35,0.0,1.652,2.125,0.473,77.741,True,model_interpolation,Linear interpolation from 2026 to 2030,CAND-7F0A690E87B72D,P2,PORT-8384667F6B8E,200,43.630645,18.041967,96.451092,4027.512,41.757041,False,False,2035,0.6138637290849003,-0.6138637290849003,True,True,True,True,,0.0,0.0,0.0,1,1,0.28332,0.6,1.06
KOBE_STEEL_JP,Kobe Steel,ACCELERATED_15C,P2,2030,1,2.655,3.0,0.345,88.5,0.0,0.4,0.4,0.0,1.652,2.5,0.848,66.08,True,model_interpolation,Linear interpolation from 2030 to 2035,CAND-7F0A690E87B72D,P2,PORT-8384667F6B8E,200,43.630645,18.041967,96.451092,4027.512,41.757041,False,False,2035,0.6138637290849003,-0.6138637290849003,True,True,True,True,,0.0,0.0,0.0,1,1,0.28332,0.6,1.06
KOBE_STEEL_JP,Kobe Steel,ACCELERATED_15C,P2,2031,1,2.655,3.4,0.745,78.088,0.0,0.44,0.44,0.0,1.652,2.8,1.148,59.0,True,model_interpolation,Linear interpolation from 2030 to 2035,CAND-7F0A690E87B72D,P2,PORT-8384667F6B8E,200,43.630645,18.041967,96.451092,4027.512,41.757041,False,False,2035,0.6138637290849003,-0.6138637290849003,True,True,True,True,,0.0,0.0,0.0,1,1,0.28332,0.6,1.06
KOBE_STEEL_JP,Kobe Steel,ACCELERATED_15C,P2,2032,1,2.655,3.8,1.145,69.868,0.0,0.48,0.48,0.0,1.652,3.1,1.448,53.29,True,model_interpolation,Linear interpolation from 2030 to 2035,CAND-7F0A690E87B72D,P2,PORT-8384667F6B8E,200,43.630645,18.041967,96.451092,4027.512,41.757041,False,False,2035,0.6138637290849003,-0.6138637290849003,True,True,True,True,,0.0,0.0,0.0,1,1,0.28332,0.6,1.06
KOBE_STEEL_JP,Kobe Steel,ACCELERATED_15C,P2,2033,2,2.745,4.2,1.455,65.357,0.0,0.52,0.52,0.0,1.654,3.4,1.746,48.647,True,model_interpolation,Linear interpolation from 2030 to 2035,CAND-7F0A690E87B72D,P2,PORT-8384667F6B8E,200,43.630645,18.041967,96.451092,4027.512,41.757041,False,False,2035,0.6138637290849003,-0.6138637290849003,True,True,True,True,,0.0,0.0,0.0,1,1,0.28332,0.6,1.06
KOBE_STEEL_JP,Kobe Steel,ACCELERATED_15C,P2,2034,2,2.745,4.6,1.855,59.674,0.0,0.56,0.56,0.0,1.654,3.7,2.046,44.703,True,model_interpolation,Linear interpolation from 2030 to 2035,CAND-7F0A690E87B72D,P2,PORT-8384667F6B8E,200,43.630645,18.041967,96.451092,4027.512,41.757041,False,False,2035,0.6138637290849003,-0.6138637290849003,True,True,True,True,,0.0,0.0,0.0,1,1,0.28332,0.6,1.06
KOBE_STEEL_JP,Kobe Steel,ACCELERATED_15C,P2,2035,2,2.745,5.0,2.255,54.9,0.0,0.6,0.6,0.0,1.654,4.0,2.346,41.35,True,model_interpolation,Linear interpolation from 2035 to 2040,CAND-7F0A690E87B72D,P2,PORT-8384667F6B8E,200,43.630645,18.041967,96.451092,4027.512,41.757041,False,False,2035,0.6138637290849003,-0.6138637290849003,True,True,True,True,,0.0,0.0,0.0,1,1,0.28332,0.6,1.06
KOBE_STEEL_JP,Kobe Steel,ACCELERATED_15C,P2,2036,2,2.745,5.2,2.455,52.788,0.0,0.6799999999999999,0.68,0.0,1.654,4.5,2.846,36.756,True,model_interpolation,Linear interpolation from 2035 to 2040,CAND-7F0A690E87B72D,P2,PORT-8384667F6B8E,200,43.630645,18.041967,96.451092,4027.512,41.757041,False,False,2035,0.6138637290849003,-0.6138637290849003,True,True,True,True,,0.0,0.0,0.0,1,1,0.28332,0.6,1.06
KOBE_STEEL_JP,Kobe Steel,ACCELERATED_15C,P2,2037,3,3.1815,5.4,2.2185,58.917,0.16005,0.76,0.59995,21.059,2.9926,5.0,2.0074,59.852,True,model_interpolation,Linear interpolation from 2035 to 2040,CAND-7F0A690E87B72D,P2,PORT-8384667F6B8E,200,43.630645,18.041967,96.451092,4027.512,41.757041,False,False,2035,0.6138637290849003,-0.6138637290849003,True,True,True,True,,0.0,0.0,0.0,1,1,0.28332,0.6,1.06
KOBE_STEEL_JP,Kobe Steel,ACCELERATED_15C,P2,2038,3,3.1815,5.6,2.4185,56.813,0.16005,0.84,0.67995,19.054,2.9926,5.5,2.5074,54.411,True,model_interpolation,Linear interpolation from 2035 to 2040,CAND-7F0A690E87B72D,P2,PORT-8384667F6B8E,200,43.630645,18.041967,96.451092,4027.512,41.757041,False,False,2035,0.6138637290849003,-0.6138637290849003,True,True,True,True,,0.0,0.0,0.0,1,1,0.28332,0.6,1.06
KOBE_STEEL_JP,Kobe Steel,ACCELERATED_15C,P2,2039,3,3.1815,5.8,2.6185,54.853,0.16005,0.92,0.75995,17.397,2.9926,6.0,3.0074,49.877,True,model_interpolation,Linear interpolation from 2035 to 2040,CAND-7F0A690E87B72D,P2,PORT-8384667F6B8E,200,43.630645,18.041967,96.451092,4027.512,41.757041,False,False,2035,0.6138637290849003,-0.6138637290849003,True,True,True,True,,0.0,0.0,0.0,1,1,0.28332,0.6,1.06
KOBE_STEEL_JP,Kobe Steel,ACCELERATED_15C,P2,2040,3,3.1815,6.0,2.8185,53.025,0.16005,1.0,0.83995,16.005,2.9926,6.5,3.5074,46.04,True,model_estimate,Illustrative accelerated envelope; not GCAM or an official supply forecast,CAND-7F0A690E87B72D,P2,PORT-8384667F6B8E,200,43.630645,18.041967,96.451092,4027.512,41.757041,False,False,2035,0.6138637290849003,-0.6138637290849003,True,True,True,True,,0.0,0.0,0.0,1,1,0.28332,0.6,1.06
POSCO_KR,POSCO,DISCLOSED_PATH,P2,2026,0,0.0,8.0,8.0,0.0,0.0,0.0,0.0,0.0,0.0,2.0,2.0,0.0,True,model_interpolation,Linear interpolation from 2026 to 2030,CAND-82FF2AA13BA34C,P2,PORT-8826D0B469EE,200,65.727289,17.653832,429.154227,27287.38,63.584089,True,True,,0.0,2.0275124185786808e-05,True,True,True,True,,0.0,0.0,0.0,3,3,0.459336608,0.65,2.02
POSCO_KR,POSCO,DISCLOSED_PATH,P2,2027,0,0.0,9.0,9.0,0.0,0.0,0.125,0.125,0.0,0.0,3.25,3.25,0.0,True,model_interpolation,Linear interpolation from 2026 to 2030,CAND-82FF2AA13BA34C,P2,PORT-8826D0B469EE,200,65.727289,17.653832,429.154227,27287.38,63.584089,True,True,,0.0,2.0275124185786808e-05,True,True,True,True,,0.0,0.0,0.0,3,3,0.459336608,0.65,2.02
POSCO_KR,POSCO,DISCLOSED_PATH,P2,2028,0,0.0,10.0,10.0,0.0,0.0,0.25,0.25,0.0,0.0,4.5,4.5,0.0,True,model_interpolation,Linear interpolation from 2026 to 2030,CAND-82FF2AA13BA34C,P2,PORT-8826D0B469EE,200,65.727289,17.653832,429.154227,27287.38,63.584089,True,True,,0.0,2.0275124185786808e-05,True,True,True,True,,0.0,0.0,0.0,3,3,0.459336608,0.65,2.02
POSCO_KR,POSCO,DISCLOSED_PATH,P2,2029,1,6.839998,11.0,4.160002,62.182,0.0,0.375,0.375,0.0,4.255999,5.75,1.494001,74.017,True,model_interpolation,Linear interpolation from 2026 to 2030,CAND-82FF2AA13BA34C,P2,PORT-8826D0B469EE,200,65.727289,17.653832,429.154227,27287.38,63.584089,True,True,,0.0,2.0275124185786808e-05,True,True,True,True,,0.0,0.0,0.0,3,3,0.459336608,0.65,2.02
POSCO_KR,POSCO,DISCLOSED_PATH,P2,2030,1,6.839998,12.0,5.160002,57.0,0.0,0.5,0.5,0.0,4.255999,7.0,2.744001,60.8,True,model_interpolation,Linear interpolation from 2030 to 2035,CAND-82FF2AA13BA34C,P2,PORT-8826D0B469EE,200,65.727289,17.653832,429.154227,27287.38,63.584089,True,True,,0.0,2.0275124185786808e-05,True,True,True,True,,0.0,0.0,0.0,3,3,0.459336608,0.65,2.02
POSCO_KR,POSCO,DISCLOSED_PATH,P2,2031,1,6.839998,13.2,6.360002,51.818,0.0,0.7,0.7,0.0,4.255999,8.6,4.344001,49.488,True,model_interpolation,Linear interpolation from 2030 to 2035,CAND-82FF2AA13BA34C,P2,PORT-8826D0B469EE,200,65.727289,17.653832,429.154227,27287.38,63.584089,True,True,,0.0,2.0275124185786808e-05,True,True,True,True,,0.0,0.0,0.0,3,3,0.459336608,0.65,2.02
POSCO_KR,POSCO,DISCLOSED_PATH,P2,2032,2,12.959999,14.4,1.440001,90.0,0.0,0.9,0.9,0.0,8.063999,10.2,2.136001,79.059,True,model_interpolation,Linear interpolation from 2030 to 2035,CAND-82FF2AA13BA34C,P2,PORT-8826D0B469EE,200,65.727289,17.653832,429.154227,27287.38,63.584089,True,True,,0.0,2.0275124185786808e-05,True,True,True,True,,0.0,0.0,0.0,3,3,0.459336608,0.65,2.02
POSCO_KR,POSCO,DISCLOSED_PATH,P2,2033,3,13.980599,15.6,1.619401,89.619,0.0,1.1,1.1,0.0,8.132039,11.8,3.667961,68.916,True,model_interpolation,Linear interpolation from 2030 to 2035,CAND-82FF2AA13BA34C,P2,PORT-8826D0B469EE,200,65.727289,17.653832,429.154227,27287.38,63.584089,True,True,,0.0,2.0275124185786808e-05,True,True,True,True,,0.0,0.0,0.0,3,3,0.459336608,0.65,2.02
POSCO_KR,POSCO,DISCLOSED_PATH,P2,2034,3,13.980599,16.8,2.819401,83.218,0.0,1.3,1.3,0.0,8.132039,13.4,5.267961,60.687,True,model_interpolation,Linear interpolation from 2030 to 2035,CAND-82FF2AA13BA34C,P2,PORT-8826D0B469EE,200,65.727289,17.653832,429.154227,27287.38,63.584089,True,True,,0.0,2.0275124185786808e-05,True,True,True,True,,0.0,0.0,0.0,3,3,0.459336608,0.65,2.02
POSCO_KR,POSCO,DISCLOSED_PATH,P2,2035,4,15.405598,18.0,2.594402,85.587,0.5225,1.5,0.9775,34.833,12.597039,15.0,2.402961,83.98,True,model_interpolation,Linear interpolation from 2035 to 2040,CAND-82FF2AA13BA34C,P2,PORT-8826D0B469EE,200,65.727289,17.653832,429.154227,27287.38,63.584089,True,True,,0.0,2.0275124185786808e-05,True,True,True,True,,0.0,0.0,0.0,3,3,0.459336608,0.65,2.02
POSCO_KR,POSCO,DISCLOSED_PATH,P2,2036,4,15.405598,19.4,3.994402,79.41,0.5225,1.8,1.2775,29.028,12.597039,17.0,4.402961,74.1,True,model_interpolation,Linear interpolation from 2035 to 2040,CAND-82FF2AA13BA34C,P2,PORT-8826D0B469EE,200,65.727289,17.653832,429.154227,27287.38,63.584089,True,True,,0.0,2.0275124185786808e-05,True,True,True,True,,0.0,0.0,0.0,3,3,0.459336608,0.65,2.02
POSCO_KR,POSCO,DISCLOSED_PATH,P2,2037,5,16.831048,20.8,3.968952,80.918,1.045165,2.1,1.054835,49.77,17.063447,19.0,1.936553,89.808,True,model_interpolation,Linear interpolation from 2035 to 2040,CAND-82FF2AA13BA34C,P2,PORT-8826D0B469EE,200,65.727289,17.653832,429.154227,27287.38,63.584089,True,True,,0.0,2.0275124185786808e-05,True,True,True,True,,0.0,0.0,0.0,3,3,0.459336608,0.65,2.02
POSCO_KR,POSCO,DISCLOSED_PATH,P2,2038,5,16.831048,22.2,5.368952,75.816,1.045165,2.4,1.354835,43.549,17.063447,21.0,3.936553,81.255,True,model_interpolation,Linear interpolation from 2035 to 2040,CAND-82FF2AA13BA34C,P2,PORT-8826D0B469EE,200,65.727289,17.653832,429.154227,27287.38,63.584089,True,True,,0.0,2.0275124185786808e-05,True,True,True,True,,0.0,0.0,0.0,3,3,0.459336608,0.65,2.02
POSCO_KR,POSCO,DISCLOSED_PATH,P2,2039,5,16.831048,23.6,6.768952,71.318,1.045165,2.7,1.654835,38.71,17.063447,23.0,5.936553,74.189,True,model_interpolation,Linear interpolation from 2035 to 2040,CAND-82FF2AA13BA34C,P2,PORT-8826D0B469EE,200,65.727289,17.653832,429.154227,27287.38,63.584089,True,True,,0.0,2.0275124185786808e-05,True,True,True,True,,0.0,0.0,0.0,3,3,0.459336608,0.65,2.02
POSCO_KR,POSCO,DISCLOSED_PATH,P2,2040,5,16.831048,25.0,8.168952,67.324,1.045165,3.0,1.954835,34.839,17.063447,25.0,7.936553,68.254,True,model_estimate,Illustrative screening envelope; not an official supply forecast,CAND-82FF2AA13BA34C,P2,PORT-8826D0B469EE,200,65.727289,17.653832,429.154227,27287.38,63.584089,True,True,,0.0,2.0275124185786808e-05,True,True,True,True,,0.0,0.0,0.0,3,3,0.459336608,0.65,2.02
POSCO_KR,POSCO,ACCELERATED_15C,P2,2026,0,0.0,8.0,8.0,0.0,0.0,0.1,0.1,0.0,0.0,2.0,2.0,0.0,True,model_interpolation,Linear interpolation from 2026 to 2030,CAND-82FF2AA13BA34C,P2,PORT-8826D0B469EE,200,53.517704,19.53652,429.154227,22213.621,51.761393,True,True,,0.0,2.0275124185786808e-05,True,True,True,True,,0.0,0.0,0.0,3,3,0.459336608,0.65,2.02
POSCO_KR,POSCO,ACCELERATED_15C,P2,2027,0,0.0,9.75,9.75,0.0,0.0,0.275,0.275,0.0,0.0,4.0,4.0,0.0,True,model_interpolation,Linear interpolation from 2026 to 2030,CAND-82FF2AA13BA34C,P2,PORT-8826D0B469EE,200,53.517704,19.53652,429.154227,22213.621,51.761393,True,True,,0.0,2.0275124185786808e-05,True,True,True,True,,0.0,0.0,0.0,3,3,0.459336608,0.65,2.02
POSCO_KR,POSCO,ACCELERATED_15C,P2,2028,0,0.0,11.5,11.5,0.0,0.0,0.45000000000000007,0.45,0.0,0.0,6.0,6.0,0.0,True,model_interpolation,Linear interpolation from 2026 to 2030,CAND-82FF2AA13BA34C,P2,PORT-8826D0B469EE,200,53.517704,19.53652,429.154227,22213.621,51.761393,True,True,,0.0,2.0275124185786808e-05,True,True,True,True,,0.0,0.0,0.0,3,3,0.459336608,0.65,2.02
POSCO_KR,POSCO,ACCELERATED_15C,P2,2029,1,6.839998,13.25,6.410002,51.623,0.0,0.625,0.625,0.0,4.255999,8.0,3.744001,53.2,True,model_interpolation,Linear interpolation from 2026 to 2030,CAND-82FF2AA13BA34C,P2,PORT-8826D0B469EE,200,53.517704,19.53652,429.154227,22213.621,51.761393,True,True,,0.0,2.0275124185786808e-05,True,True,True,True,,0.0,0.0,0.0,3,3,0.459336608,0.65,2.02
POSCO_KR,POSCO,ACCELERATED_15C,P2,2030,1,6.839998,15.0,8.160002,45.6,0.0,0.8,0.8,0.0,4.255999,10.0,5.744001,42.56,True,model_interpolation,Linear interpolation from 2030 to 2035,CAND-82FF2AA13BA34C,P2,PORT-8826D0B469EE,200,53.517704,19.53652,429.154227,22213.621,51.761393,True,True,,0.0,2.0275124185786808e-05,True,True,True,True,,0.0,0.0,0.0,3,3,0.459336608,0.65,2.02
POSCO_KR,POSCO,ACCELERATED_15C,P2,2031,1,6.839998,16.6,9.760002,41.205,0.0,1.08,1.08,0.0,4.255999,12.0,7.744001,35.467,True,model_interpolation,Linear interpolation from 2030 to 2035,CAND-82FF2AA13BA34C,P2,PORT-8826D0B469EE,200,53.517704,19.53652,429.154227,22213.621,51.761393,True,True,,0.0,2.0275124185786808e-05,True,True,True,True,,0.0,0.0,0.0,3,3,0.459336608,0.65,2.02
POSCO_KR,POSCO,ACCELERATED_15C,P2,2032,2,12.959999,18.2,5.240001,71.209,0.0,1.36,1.36,0.0,8.063999,14.0,5.936001,57.6,True,model_interpolation,Linear interpolation from 2030 to 2035,CAND-82FF2AA13BA34C,P2,PORT-8826D0B469EE,200,53.517704,19.53652,429.154227,22213.621,51.761393,True,True,,0.0,2.0275124185786808e-05,True,True,True,True,,0.0,0.0,0.0,3,3,0.459336608,0.65,2.02
POSCO_KR,POSCO,ACCELERATED_15C,P2,2033,3,13.980599,19.8,5.819401,70.609,0.0,1.6400000000000001,1.64,0.0,8.132039,16.0,7.867961,50.825,True,model_interpolation,Linear interpolation from 2030 to 2035,CAND-82FF2AA13BA34C,P2,PORT-8826D0B469EE,200,53.517704,19.53652,429.154227,22213.621,51.761393,True,True,,0.0,2.0275124185786808e-05,True,True,True,True,,0.0,0.0,0.0,3,3,0.459336608,0.65,2.02
POSCO_KR,POSCO,ACCELERATED_15C,P2,2034,3,13.980599,21.4,7.419401,65.33,0.0,1.9200000000000002,1.92,0.0,8.132039,18.0,9.867961,45.178,True,model_interpolation,Linear interpolation from 2030 to 2035,CAND-82FF2AA13BA34C,P2,PORT-8826D0B469EE,200,53.517704,19.53652,429.154227,22213.621,51.761393,True,True,,0.0,2.0275124185786808e-05,True,True,True,True,,0.0,0.0,0.0,3,3,0.459336608,0.65,2.02
POSCO_KR,POSCO,ACCELERATED_15C,P2,2035,4,15.405598,23.0,7.594402,66.981,0.5225,2.2,1.6775,23.75,12.597039,20.0,7.402961,62.985,True,model_interpolation,Linear interpolation from 2035 to 2040,CAND-82FF2AA13BA34C,P2,PORT-8826D0B469EE,200,53.517704,19.53652,429.154227,22213.621,51.761393,True,True,,0.0,2.0275124185786808e-05,True,True,True,True,,0.0,0.0,0.0,3,3,0.459336608,0.65,2.02
POSCO_KR,POSCO,ACCELERATED_15C,P2,2036,4,15.405598,24.4,8.994402,63.138,0.5225,2.56,2.0375,20.41,12.597039,22.4,9.802961,56.237,True,model_interpolation,Linear interpolation from 2035 to 2040,CAND-82FF2AA13BA34C,P2,PORT-8826D0B469EE,200,53.517704,19.53652,429.154227,22213.621,51.761393,True,True,,0.0,2.0275124185786808e-05,True,True,True,True,,0.0,0.0,0.0,3,3,0.459336608,0.65,2.02
POSCO_KR,POSCO,ACCELERATED_15C,P2,2037,5,16.831048,25.8,8.968952,65.237,1.045165,2.92,1.874835,35.793,17.063447,24.8,7.736553,68.804,True,model_interpolation,Linear interpolation from 2035 to 2040,CAND-82FF2AA13BA34C,P2,PORT-8826D0B469EE,200,53.517704,19.53652,429.154227,22213.621,51.761393,True,True,,0.0,2.0275124185786808e-05,True,True,True,True,,0.0,0.0,0.0,3,3,0.459336608,0.65,2.02
POSCO_KR,POSCO,ACCELERATED_15C,P2,2038,5,16.831048,27.2,10.368952,61.879,1.045165,3.2800000000000002,2.234835,31.865,17.063447,27.2,10.136553,62.733,True,model_interpolation,Linear interpolation from 2035 to 2040,CAND-82FF2AA13BA34C,P2,PORT-8826D0B469EE,200,53.517704,19.53652,429.154227,22213.621,51.761393,True,True,,0.0,2.0275124185786808e-05,True,True,True,True,,0.0,0.0,0.0,3,3,0.459336608,0.65,2.02
POSCO_KR,POSCO,ACCELERATED_15C,P2,2039,5,16.831048,28.6,11.768952,58.85,1.045165,3.64,2.594835,28.713,17.063447,29.6,12.536553,57.647,True,model_interpolation,Linear interpolation from 2035 to 2040,CAND-82FF2AA13BA34C,P2,PORT-8826D0B469EE,200,53.517704,19.53652,429.154227,22213.621,51.761393,True,True,,0.0,2.0275124185786808e-05,True,True,True,True,,0.0,0.0,0.0,3,3,0.459336608,0.65,2.02
POSCO_KR,POSCO,ACCELERATED_15C,P2,2040,5,16.831048,30.0,13.168952,56.103,1.045165,4.0,2.954835,26.129,17.063447,32.0,14.936553,53.323,True,model_estimate,Illustrative accelerated envelope; not GCAM or an official supply forecast,CAND-82FF2AA13BA34C,P2,PORT-8826D0B469EE,200,53.517704,19.53652,429.154227,22213.621,51.761393,True,True,,0.0,2.0275124185786808e-05,True,True,True,True,,0.0,0.0,0.0,3,3,0.459336608,0.65,2.02
NIPPON_STEEL_JP,Nippon Steel,DISCLOSED_PATH,P1,2026,0,0.0,8.0,8.0,0.0,0.0,0.0,0.0,0.0,0.0,2.0,2.0,0.0,True,model_interpolation,Linear interpolation from 2026 to 2030,CAND-87B9435721978E,P1,PORT-5CFD50239439,200,22.708216,11.312413,321.473932,6865.237,21.355503,True,True,,0.0,3.446647212967946e-06,True,True,True,True,,0.0,0.0,0.0,2,2,0.28236113919999994,0.65,0.88
NIPPON_STEEL_JP,Nippon Steel,DISCLOSED_PATH,P1,2027,0,0.0,9.0,9.0,0.0,0.0,0.15,0.15,0.0,0.0,3.25,3.25,0.0,True,model_interpolation,Linear interpolation from 2026 to 2030,CAND-87B9435721978E,P1,PORT-5CFD50239439,200,22.708216,11.312413,321.473932,6865.237,21.355503,True,True,,0.0,3.446647212967946e-06,True,True,True,True,,0.0,0.0,0.0,2,2,0.28236113919999994,0.65,0.88
NIPPON_STEEL_JP,Nippon Steel,DISCLOSED_PATH,P1,2028,0,0.0,10.0,10.0,0.0,0.0,0.3,0.3,0.0,0.0,4.5,4.5,0.0,True,model_interpolation,Linear interpolation from 2026 to 2030,CAND-87B9435721978E,P1,PORT-5CFD50239439,200,22.708216,11.312413,321.473932,6865.237,21.355503,True,True,,0.0,3.446647212967946e-06,True,True,True,True,,0.0,0.0,0.0,2,2,0.28236113919999994,0.65,0.88
NIPPON_STEEL_JP,Nippon Steel,DISCLOSED_PATH,P1,2029,1,8.1,11.0,2.9,73.636,0.0,0.44999999999999996,0.45,0.0,5.04,5.75,0.71,87.652,True,model_interpolation,Linear interpolation from 2026 to 2030,CAND-87B9435721978E,P1,PORT-5CFD50239439,200,22.708216,11.312413,321.473932,6865.237,21.355503,True,True,,0.0,3.446647212967946e-06,True,True,True,True,,0.0,0.0,0.0,2,2,0.28236113919999994,0.65,0.88
NIPPON_STEEL_JP,Nippon Steel,DISCLOSED_PATH,P1,2030,1,8.1,12.0,3.9,67.5,0.0,0.6,0.6,0.0,5.04,7.0,1.96,72.0,True,model_interpolation,Linear interpolation from 2030 to 2035,CAND-87B9435721978E,P1,PORT-5CFD50239439,200,22.708216,11.312413,321.473932,6865.237,21.355503,True,True,,0.0,3.446647212967946e-06,True,True,True,True,,0.0,0.0,0.0,2,2,0.28236113919999994,0.65,0.88
NIPPON_STEEL_JP,Nippon Steel,DISCLOSED_PATH,P1,2031,1,8.1,13.2,5.1,61.364,0.0,0.8400000000000001,0.84,0.0,5.04,8.6,3.56,58.605,True,model_interpolation,Linear interpolation from 2030 to 2035,CAND-87B9435721978E,P1,PORT-5CFD50239439,200,22.708216,11.312413,321.473932,6865.237,21.355503,True,True,,0.0,3.446647212967946e-06,True,True,True,True,,0.0,0.0,0.0,2,2,0.28236113919999994,0.65,0.88
NIPPON_STEEL_JP,Nippon Steel,DISCLOSED_PATH,P1,2032,2,13.679998,14.4,0.720002,95.0,0.0,1.08,1.08,0.0,8.511999,10.2,1.688001,83.451,True,model_interpolation,Linear interpolation from 2030 to 2035,CAND-87B9435721978E,P1,PORT-5CFD50239439,200,22.708216,11.312413,321.473932,6865.237,21.355503,True,True,,0.0,3.446647212967946e-06,True,True,True,True,,0.0,0.0,0.0,2,2,0.28236113919999994,0.65,0.88
NIPPON_STEEL_JP,Nippon Steel,DISCLOSED_PATH,P1,2033,2,13.679998,15.6,1.920002,87.692,0.0,1.32,1.32,0.0,8.511999,11.8,3.288001,72.136,True,model_interpolation,Linear interpolation from 2030 to 2035,CAND-87B9435721978E,P1,PORT-5CFD50239439,200,22.708216,11.312413,321.473932,6865.237,21.355503,True,True,,0.0,3.446647212967946e-06,True,True,True,True,,0.0,0.0,0.0,2,2,0.28236113919999994,0.65,0.88
NIPPON_STEEL_JP,Nippon Steel,DISCLOSED_PATH,P1,2034,3,14.759998,16.8,2.040002,87.857,0.0,1.56,1.56,0.0,8.583999,13.4,4.816001,64.06,True,model_interpolation,Linear interpolation from 2030 to 2035,CAND-87B9435721978E,P1,PORT-5CFD50239439,200,22.708216,11.312413,321.473932,6865.237,21.355503,True,True,,0.0,3.446647212967946e-06,True,True,True,True,,0.0,0.0,0.0,2,2,0.28236113919999994,0.65,0.88
NIPPON_STEEL_JP,Nippon Steel,DISCLOSED_PATH,P1,2035,3,14.759998,18.0,3.240002,82.0,0.0,1.8,1.8,0.0,8.583999,15.0,6.416001,57.227,True,model_interpolation,Linear interpolation from 2035 to 2040,CAND-87B9435721978E,P1,PORT-5CFD50239439,200,22.708216,11.312413,321.473932,6865.237,21.355503,True,True,,0.0,3.446647212967946e-06,True,True,True,True,,0.0,0.0,0.0,2,2,0.28236113919999994,0.65,0.88
NIPPON_STEEL_JP,Nippon Steel,DISCLOSED_PATH,P1,2036,4,15.599998,19.4,3.800002,80.412,0.0,2.08,2.08,0.0,8.639999,17.0,8.360001,50.824,True,model_interpolation,Linear interpolation from 2035 to 2040,CAND-87B9435721978E,P1,PORT-5CFD50239439,200,22.708216,11.312413,321.473932,6865.237,21.355503,True,True,,0.0,3.446647212967946e-06,True,True,True,True,,0.0,0.0,0.0,2,2,0.28236113919999994,0.65,0.88
NIPPON_STEEL_JP,Nippon Steel,DISCLOSED_PATH,P1,2037,4,15.599998,20.8,5.200002,75.0,0.0,2.3600000000000003,2.36,0.0,8.639999,19.0,10.360001,45.474,True,model_interpolation,Linear interpolation from 2035 to 2040,CAND-87B9435721978E,P1,PORT-5CFD50239439,200,22.708216,11.312413,321.473932,6865.237,21.355503,True,True,,0.0,3.446647212967946e-06,True,True,True,True,,0.0,0.0,0.0,2,2,0.28236113919999994,0.65,0.88
NIPPON_STEEL_JP,Nippon Steel,DISCLOSED_PATH,P1,2038,5,21.269998,22.2,0.930002,95.811,0.0,2.64,2.64,0.0,12.167999,21.0,8.832001,57.943,True,model_interpolation,Linear interpolation from 2035 to 2040,CAND-87B9435721978E,P1,PORT-5CFD50239439,200,22.708216,11.312413,321.473932,6865.237,21.355503,True,True,,0.0,3.446647212967946e-06,True,True,True,True,,0.0,0.0,0.0,2,2,0.28236113919999994,0.65,0.88
NIPPON_STEEL_JP,Nippon Steel,DISCLOSED_PATH,P1,2039,5,21.269998,23.6,2.330002,90.127,0.0,2.92,2.92,0.0,12.167999,23.0,10.832001,52.904,True,model_interpolation,Linear interpolation from 2035 to 2040,CAND-87B9435721978E,P1,PORT-5CFD50239439,200,22.708216,11.312413,321.473932,6865.237,21.355503,True,True,,0.0,3.446647212967946e-06,True,True,True,True,,0.0,0.0,0.0,2,2,0.28236113919999994,0.65,0.88
NIPPON_STEEL_JP,Nippon Steel,DISCLOSED_PATH,P1,2040,5,21.269998,25.0,3.730002,85.08,0.0,3.2,3.2,0.0,12.167999,25.0,12.832001,48.672,True,model_estimate,Illustrative screening envelope; not an official supply forecast,CAND-87B9435721978E,P1,PORT-5CFD50239439,200,22.708216,11.312413,321.473932,6865.237,21.355503,True,True,,0.0,3.446647212967946e-06,True,True,True,True,,0.0,0.0,0.0,2,2,0.28236113919999994,0.65,0.88
NIPPON_STEEL_JP,Nippon Steel,ACCELERATED_15C,P1,2026,0,0.0,8.0,8.0,0.0,0.0,0.1,0.1,0.0,0.0,2.0,2.0,0.0,True,model_interpolation,Linear interpolation from 2026 to 2030,CAND-87B9435721978E,P1,PORT-5CFD50239439,200,9.151723,11.922489,321.473932,2434.553,7.573095,False,False,2035,15.995002139999997,-15.995002139999997,True,True,True,True,,0.0,0.0,0.0,2,2,0.28236113919999994,0.65,0.88
NIPPON_STEEL_JP,Nippon Steel,ACCELERATED_15C,P1,2027,0,0.0,9.75,9.75,0.0,0.0,0.30000000000000004,0.3,0.0,0.0,4.0,4.0,0.0,True,model_interpolation,Linear interpolation from 2026 to 2030,CAND-87B9435721978E,P1,PORT-5CFD50239439,200,9.151723,11.922489,321.473932,2434.553,7.573095,False,False,2035,15.995002139999997,-15.995002139999997,True,True,True,True,,0.0,0.0,0.0,2,2,0.28236113919999994,0.65,0.88
NIPPON_STEEL_JP,Nippon Steel,ACCELERATED_15C,P1,2028,0,0.0,11.5,11.5,0.0,0.0,0.5,0.5,0.0,0.0,6.0,6.0,0.0,True,model_interpolation,Linear interpolation from 2026 to 2030,CAND-87B9435721978E,P1,PORT-5CFD50239439,200,9.151723,11.922489,321.473932,2434.553,7.573095,False,False,2035,15.995002139999997,-15.995002139999997,True,True,True,True,,0.0,0.0,0.0,2,2,0.28236113919999994,0.65,0.88
NIPPON_STEEL_JP,Nippon Steel,ACCELERATED_15C,P1,2029,1,8.1,13.25,5.15,61.132,0.0,0.7000000000000001,0.7,0.0,5.04,8.0,2.96,63.0,True,model_interpolation,Linear interpolation from 2026 to 2030,CAND-87B9435721978E,P1,PORT-5CFD50239439,200,9.151723,11.922489,321.473932,2434.553,7.573095,False,False,2035,15.995002139999997,-15.995002139999997,True,True,True,True,,0.0,0.0,0.0,2,2,0.28236113919999994,0.65,0.88
NIPPON_STEEL_JP,Nippon Steel,ACCELERATED_15C,P1,2030,1,8.1,15.0,6.9,54.0,0.0,0.9,0.9,0.0,5.04,10.0,4.96,50.4,True,model_interpolation,Linear interpolation from 2030 to 2035,CAND-87B9435721978E,P1,PORT-5CFD50239439,200,9.151723,11.922489,321.473932,2434.553,7.573095,False,False,2035,15.995002139999997,-15.995002139999997,True,True,True,True,,0.0,0.0,0.0,2,2,0.28236113919999994,0.65,0.88
NIPPON_STEEL_JP,Nippon Steel,ACCELERATED_15C,P1,2031,1,8.1,16.6,8.5,48.795,0.0,1.2200000000000002,1.22,0.0,5.04,12.0,6.96,42.0,True,model_interpolation,Linear interpolation from 2030 to 2035,CAND-87B9435721978E,P1,PORT-5CFD50239439,200,9.151723,11.922489,321.473932,2434.553,7.573095,False,False,2035,15.995002139999997,-15.995002139999997,True,True,True,True,,0.0,0.0,0.0,2,2,0.28236113919999994,0.65,0.88
NIPPON_STEEL_JP,Nippon Steel,ACCELERATED_15C,P1,2032,2,13.679998,18.2,4.520002,75.165,0.0,1.54,1.54,0.0,8.511999,14.0,5.488001,60.8,True,model_interpolation,Linear interpolation from 2030 to 2035,CAND-87B9435721978E,P1,PORT-5CFD50239439,200,9.151723,11.922489,321.473932,2434.553,7.573095,False,False,2035,15.995002139999997,-15.995002139999997,True,True,True,True,,0.0,0.0,0.0,2,2,0.28236113919999994,0.65,0.88
NIPPON_STEEL_JP,Nippon Steel,ACCELERATED_15C,P1,2033,2,13.679998,19.8,6.120002,69.091,0.0,1.8599999999999999,1.86,0.0,8.511999,16.0,7.488001,53.2,True,model_interpolation,Linear interpolation from 2030 to 2035,CAND-87B9435721978E,P1,PORT-5CFD50239439,200,9.151723,11.922489,321.473932,2434.553,7.573095,False,False,2035,15.995002139999997,-15.995002139999997,True,True,True,True,,0.0,0.0,0.0,2,2,0.28236113919999994,0.65,0.88
NIPPON_STEEL_JP,Nippon Steel,ACCELERATED_15C,P1,2034,3,14.759998,21.4,6.640002,68.972,0.0,2.18,2.18,0.0,8.583999,18.0,9.416001,47.689,True,model_interpolation,Linear interpolation from 2030 to 2035,CAND-87B9435721978E,P1,PORT-5CFD50239439,200,9.151723,11.922489,321.473932,2434.553,7.573095,False,False,2035,15.995002139999997,-15.995002139999997,True,True,True,True,,0.0,0.0,0.0,2,2,0.28236113919999994,0.65,0.88
NIPPON_STEEL_JP,Nippon Steel,ACCELERATED_15C,P1,2035,3,14.759998,23.0,8.240002,64.174,0.0,2.5,2.5,0.0,8.583999,20.0,11.416001,42.92,True,model_interpolation,Linear interpolation from 2035 to 2040,CAND-87B9435721978E,P1,PORT-5CFD50239439,200,9.151723,11.922489,321.473932,2434.553,7.573095,False,False,2035,15.995002139999997,-15.995002139999997,True,True,True,True,,0.0,0.0,0.0,2,2,0.28236113919999994,0.65,0.88
NIPPON_STEEL_JP,Nippon Steel,ACCELERATED_15C,P1,2036,4,15.599998,24.4,8.800002,63.934,0.0,2.9,2.9,0.0,8.639999,22.4,13.760001,38.571,True,model_interpolation,Linear interpolation from 2035 to 2040,CAND-87B9435721978E,P1,PORT-5CFD50239439,200,9.151723,11.922489,321.473932,2434.553,7.573095,False,False,2035,15.995002139999997,-15.995002139999997,True,True,True,True,,0.0,0.0,0.0,2,2,0.28236113919999994,0.65,0.88
NIPPON_STEEL_JP,Nippon Steel,ACCELERATED_15C,P1,2037,4,15.599998,25.8,10.200002,60.465,0.0,3.3,3.3,0.0,8.639999,24.8,16.160001,34.839,True,model_interpolation,Linear interpolation from 2035 to 2040,CAND-87B9435721978E,P1,PORT-5CFD50239439,200,9.151723,11.922489,321.473932,2434.553,7.573095,False,False,2035,15.995002139999997,-15.995002139999997,True,True,True,True,,0.0,0.0,0.0,2,2,0.28236113919999994,0.65,0.88
NIPPON_STEEL_JP,Nippon Steel,ACCELERATED_15C,P1,2038,5,21.269998,27.2,5.930002,78.199,0.0,3.7,3.7,0.0,12.167999,27.2,15.032001,44.735,True,model_interpolation,Linear interpolation from 2035 to 2040,CAND-87B9435721978E,P1,PORT-5CFD50239439,200,9.151723,11.922489,321.473932,2434.553,7.573095,False,False,2035,15.995002139999997,-15.995002139999997,True,True,True,True,,0.0,0.0,0.0,2,2,0.28236113919999994,0.65,0.88
NIPPON_STEEL_JP,Nippon Steel,ACCELERATED_15C,P1,2039,5,21.269998,28.6,7.330002,74.371,0.0,4.1,4.1,0.0,12.167999,29.6,17.432001,41.108,True,model_interpolation,Linear interpolation from 2035 to 2040,CAND-87B9435721978E,P1,PORT-5CFD50239439,200,9.151723,11.922489,321.473932,2434.553,7.573095,False,False,2035,15.995002139999997,-15.995002139999997,True,True,True,True,,0.0,0.0,0.0,2,2,0.28236113919999994,0.65,0.88
NIPPON_STEEL_JP,Nippon Steel,ACCELERATED_15C,P1,2040,5,21.269998,30.0,8.730002,70.9,0.0,4.5,4.5,0.0,12.167999,32.0,19.832001,38.025,True,model_estimate,Illustrative accelerated envelope; not GCAM or an official supply forecast,CAND-87B9435721978E,P1,PORT-5CFD50239439,200,9.151723,11.922489,321.473932,2434.553,7.573095,False,False,2035,15.995002139999997,-15.995002139999997,True,True,True,True,,0.0,0.0,0.0,2,2,0.28236113919999994,0.65,0.88
POSCO_KR,POSCO,DISCLOSED_PATH,P3,2026,0,0.0,8.0,8.0,0.0,0.0,0.0,0.0,0.0,0.0,2.0,2.0,0.0,True,model_interpolation,Linear interpolation from 2026 to 2030,CAND-921D50D4015721,P3,PORT-96133A6427FE,200,67.651833,13.896505,430.20423,28331.133,65.855078,True,True,,0.0,2.0275124185786808e-05,True,True,True,True,,0.0,0.0,0.0,2,3,0.45933660799999987,0.65,2.02
POSCO_KR,POSCO,DISCLOSED_PATH,P3,2027,0,0.0,9.0,9.0,0.0,0.0,0.125,0.125,0.0,0.0,3.25,3.25,0.0,True,model_interpolation,Linear interpolation from 2026 to 2030,CAND-921D50D4015721,P3,PORT-96133A6427FE,200,67.651833,13.896505,430.20423,28331.133,65.855078,True,True,,0.0,2.0275124185786808e-05,True,True,True,True,,0.0,0.0,0.0,2,3,0.45933660799999987,0.65,2.02
POSCO_KR,POSCO,DISCLOSED_PATH,P3,2028,0,0.0,10.0,10.0,0.0,0.0,0.25,0.25,0.0,0.0,4.5,4.5,0.0,True,model_interpolation,Linear interpolation from 2026 to 2030,CAND-921D50D4015721,P3,PORT-96133A6427FE,200,67.651833,13.896505,430.20423,28331.133,65.855078,True,True,,0.0,2.0275124185786808e-05,True,True,True,True,,0.0,0.0,0.0,2,3,0.45933660799999987,0.65,2.02
POSCO_KR,POSCO,DISCLOSED_PATH,P3,2029,1,6.839998,11.0,4.160002,62.182,0.0,0.375,0.375,0.0,4.255999,5.75,1.494001,74.017,True,model_interpolation,Linear interpolation from 2026 to 2030,CAND-921D50D4015721,P3,PORT-96133A6427FE,200,67.651833,13.896505,430.20423,28331.133,65.855078,True,True,,0.0,2.0275124185786808e-05,True,True,True,True,,0.0,0.0,0.0,2,3,0.45933660799999987,0.65,2.02
POSCO_KR,POSCO,DISCLOSED_PATH,P3,2030,1,6.839998,12.0,5.160002,57.0,0.0,0.5,0.5,0.0,4.255999,7.0,2.744001,60.8,True,model_interpolation,Linear interpolation from 2030 to 2035,CAND-921D50D4015721,P3,PORT-96133A6427FE,200,67.651833,13.896505,430.20423,28331.133,65.855078,True,True,,0.0,2.0275124185786808e-05,True,True,True,True,,0.0,0.0,0.0,2,3,0.45933660799999987,0.65,2.02
POSCO_KR,POSCO,DISCLOSED_PATH,P3,2031,1,6.839998,13.2,6.360002,51.818,0.0,0.7,0.7,0.0,4.255999,8.6,4.344001,49.488,True,model_interpolation,Linear interpolation from 2030 to 2035,CAND-921D50D4015721,P3,PORT-96133A6427FE,200,67.651833,13.896505,430.20423,28331.133,65.855078,True,True,,0.0,2.0275124185786808e-05,True,True,True,True,,0.0,0.0,0.0,2,3,0.45933660799999987,0.65,2.02
POSCO_KR,POSCO,DISCLOSED_PATH,P3,2032,2,7.859998,14.4,6.540002,54.583,0.374,0.9,0.526,41.556,7.383999,10.2,2.816001,72.392,True,model_interpolation,Linear interpolation from 2030 to 2035,CAND-921D50D4015721,P3,PORT-96133A6427FE,200,67.651833,13.896505,430.20423,28331.133,65.855078,True,True,,0.0,2.0275124185786808e-05,True,True,True,True,,0.0,0.0,0.0,2,3,0.45933660799999987,0.65,2.02
POSCO_KR,POSCO,DISCLOSED_PATH,P3,2033,3,8.880598,15.6,6.719402,56.927,0.374,1.1,0.726,34.0,7.452039,11.8,4.347961,63.153,True,model_interpolation,Linear interpolation from 2030 to 2035,CAND-921D50D4015721,P3,PORT-96133A6427FE,200,67.651833,13.896505,430.20423,28331.133,65.855078,True,True,,0.0,2.0275124185786808e-05,True,True,True,True,,0.0,0.0,0.0,2,3,0.45933660799999987,0.65,2.02
POSCO_KR,POSCO,DISCLOSED_PATH,P3,2034,3,8.880598,16.8,7.919402,52.861,0.374,1.3,0.926,28.769,7.452039,13.4,5.947961,55.612,True,model_interpolation,Linear interpolation from 2030 to 2035,CAND-921D50D4015721,P3,PORT-96133A6427FE,200,67.651833,13.896505,430.20423,28331.133,65.855078,True,True,,0.0,2.0275124185786808e-05,True,True,True,True,,0.0,0.0,0.0,2,3,0.45933660799999987,0.65,2.02
POSCO_KR,POSCO,DISCLOSED_PATH,P3,2035,4,17.430597,18.0,0.569403,96.837,0.374,1.5,1.126,24.933,12.867038,15.0,2.132962,85.78,True,model_interpolation,Linear interpolation from 2035 to 2040,CAND-921D50D4015721,P3,PORT-96133A6427FE,200,67.651833,13.896505,430.20423,28331.133,65.855078,True,True,,0.0,2.0275124185786808e-05,True,True,True,True,,0.0,0.0,0.0,2,3,0.45933660799999987,0.65,2.02
POSCO_KR,POSCO,DISCLOSED_PATH,P3,2036,4,17.430597,19.4,1.969403,89.848,0.374,1.8,1.426,20.778,12.867038,17.0,4.132962,75.688,True,model_interpolation,Linear interpolation from 2035 to 2040,CAND-921D50D4015721,P3,PORT-96133A6427FE,200,67.651833,13.896505,430.20423,28331.133,65.855078,True,True,,0.0,2.0275124185786808e-05,True,True,True,True,,0.0,0.0,0.0,2,3,0.45933660799999987,0.65,2.02
POSCO_KR,POSCO,DISCLOSED_PATH,P3,2037,5,18.856047,20.8,1.943953,90.654,0.896665,2.1,1.203335,42.698,17.333447,19.0,1.666553,91.229,True,model_interpolation,Linear interpolation from 2035 to 2040,CAND-921D50D4015721,P3,PORT-96133A6427FE,200,67.651833,13.896505,430.20423,28331.133,65.855078,True,True,,0.0,2.0275124185786808e-05,True,True,True,True,,0.0,0.0,0.0,2,3,0.45933660799999987,0.65,2.02
POSCO_KR,POSCO,DISCLOSED_PATH,P3,2038,5,18.856047,22.2,3.343953,84.937,0.896665,2.4,1.503335,37.361,17.333447,21.0,3.666553,82.54,True,model_interpolation,Linear interpolation from 2035 to 2040,CAND-921D50D4015721,P3,PORT-96133A6427FE,200,67.651833,13.896505,430.20423,28331.133,65.855078,True,True,,0.0,2.0275124185786808e-05,True,True,True,True,,0.0,0.0,0.0,2,3,0.45933660799999987,0.65,2.02
POSCO_KR,POSCO,DISCLOSED_PATH,P3,2039,5,18.856047,23.6,4.743953,79.899,0.896665,2.7,1.803335,33.21,17.333447,23.0,5.666553,75.363,True,model_interpolation,Linear interpolation from 2035 to 2040,CAND-921D50D4015721,P3,PORT-96133A6427FE,200,67.651833,13.896505,430.20423,28331.133,65.855078,True,True,,0.0,2.0275124185786808e-05,True,True,True,True,,0.0,0.0,0.0,2,3,0.45933660799999987,0.65,2.02
POSCO_KR,POSCO,DISCLOSED_PATH,P3,2040,5,18.856047,25.0,6.143953,75.424,0.896665,3.0,2.103335,29.889,17.333447,25.0,7.666553,69.334,True,model_estimate,Illustrative screening envelope; not an official supply forecast,CAND-921D50D4015721,P3,PORT-96133A6427FE,200,67.651833,13.896505,430.20423,28331.133,65.855078,True,True,,0.0,2.0275124185786808e-05,True,True,True,True,,0.0,0.0,0.0,2,3,0.45933660799999987,0.65,2.02
POSCO_KR,POSCO,ACCELERATED_15C,P3,2026,0,0.0,8.0,8.0,0.0,0.0,0.1,0.1,0.0,0.0,2.0,2.0,0.0,True,model_interpolation,Linear interpolation from 2026 to 2030,CAND-921D50D4015721,P3,PORT-96133A6427FE,200,54.881538,14.651532,430.20423,22859.063,53.135375,True,True,,0.0,2.0275124185786808e-05,True,True,True,True,,0.0,0.0,0.0,2,3,0.45933660799999987,0.65,2.02
POSCO_KR,POSCO,ACCELERATED_15C,P3,2027,0,0.0,9.75,9.75,0.0,0.0,0.275,0.275,0.0,0.0,4.0,4.0,0.0,True,model_interpolation,Linear interpolation from 2026 to 2030,CAND-921D50D4015721,P3,PORT-96133A6427FE,200,54.881538,14.651532,430.20423,22859.063,53.135375,True,True,,0.0,2.0275124185786808e-05,True,True,True,True,,0.0,0.0,0.0,2,3,0.45933660799999987,0.65,2.02
POSCO_KR,POSCO,ACCELERATED_15C,P3,2028,0,0.0,11.5,11.5,0.0,0.0,0.45000000000000007,0.45,0.0,0.0,6.0,6.0,0.0,True,model_interpolation,Linear interpolation from 2026 to 2030,CAND-921D50D4015721,P3,PORT-96133A6427FE,200,54.881538,14.651532,430.20423,22859.063,53.135375,True,True,,0.0,2.0275124185786808e-05,True,True,True,True,,0.0,0.0,0.0,2,3,0.45933660799999987,0.65,2.02
POSCO_KR,POSCO,ACCELERATED_15C,P3,2029,1,6.839998,13.25,6.410002,51.623,0.0,0.625,0.625,0.0,4.255999,8.0,3.744001,53.2,True,model_interpolation,Linear interpolation from 2026 to 2030,CAND-921D50D4015721,P3,PORT-96133A6427FE,200,54.881538,14.651532,430.20423,22859.063,53.135375,True,True,,0.0,2.0275124185786808e-05,True,True,True,True,,0.0,0.0,0.0,2,3,0.45933660799999987,0.65,2.02
POSCO_KR,POSCO,ACCELERATED_15C,P3,2030,1,6.839998,15.0,8.160002,45.6,0.0,0.8,0.8,0.0,4.255999,10.0,5.744001,42.56,True,model_interpolation,Linear interpolation from 2030 to 2035,CAND-921D50D4015721,P3,PORT-96133A6427FE,200,54.881538,14.651532,430.20423,22859.063,53.135375,True,True,,0.0,2.0275124185786808e-05,True,True,True,True,,0.0,0.0,0.0,2,3,0.45933660799999987,0.65,2.02
POSCO_KR,POSCO,ACCELERATED_15C,P3,2031,1,6.839998,16.6,9.760002,41.205,0.0,1.08,1.08,0.0,4.255999,12.0,7.744001,35.467,True,model_interpolation,Linear interpolation from 2030 to 2035,CAND-921D50D4015721,P3,PORT-96133A6427FE,200,54.881538,14.651532,430.20423,22859.063,53.135375,True,True,,0.0,2.0275124185786808e-05,True,True,True,True,,0.0,0.0,0.0,2,3,0.45933660799999987,0.65,2.02
POSCO_KR,POSCO,ACCELERATED_15C,P3,2032,2,7.859998,18.2,10.340002,43.187,0.374,1.36,0.986,27.5,7.383999,14.0,6.616001,52.743,True,model_interpolation,Linear interpolation from 2030 to 2035,CAND-921D50D4015721,P3,PORT-96133A6427FE,200,54.881538,14.651532,430.20423,22859.063,53.135375,True,True,,0.0,2.0275124185786808e-05,True,True,True,True,,0.0,0.0,0.0,2,3,0.45933660799999987,0.65,2.02
POSCO_KR,POSCO,ACCELERATED_15C,P3,2033,3,8.880598,19.8,10.919402,44.852,0.374,1.6400000000000001,1.266,22.805,7.452039,16.0,8.547961,46.575,True,model_interpolation,Linear interpolation from 2030 to 2035,CAND-921D50D4015721,P3,PORT-96133A6427FE,200,54.881538,14.651532,430.20423,22859.063,53.135375,True,True,,0.0,2.0275124185786808e-05,True,True,True,True,,0.0,0.0,0.0,2,3,0.45933660799999987,0.65,2.02
POSCO_KR,POSCO,ACCELERATED_15C,P3,2034,3,8.880598,21.4,12.519402,41.498,0.374,1.9200000000000002,1.546,19.479,7.452039,18.0,10.547961,41.4,True,model_interpolation,Linear interpolation from 2030 to 2035,CAND-921D50D4015721,P3,PORT-96133A6427FE,200,54.881538,14.651532,430.20423,22859.063,53.135375,True,True,,0.0,2.0275124185786808e-05,True,True,True,True,,0.0,0.0,0.0,2,3,0.45933660799999987,0.65,2.02
POSCO_KR,POSCO,ACCELERATED_15C,P3,2035,4,17.430597,23.0,5.569403,75.785,0.374,2.2,1.826,17.0,12.867038,20.0,7.132962,64.335,True,model_interpolation,Linear interpolation from 2035 to 2040,CAND-921D50D4015721,P3,PORT-96133A6427FE,200,54.881538,14.651532,430.20423,22859.063,53.135375,True,True,,0.0,2.0275124185786808e-05,True,True,True,True,,0.0,0.0,0.0,2,3,0.45933660799999987,0.65,2.02
POSCO_KR,POSCO,ACCELERATED_15C,P3,2036,4,17.430597,24.4,6.969403,71.437,0.374,2.56,2.186,14.609,12.867038,22.4,9.532962,57.442,True,model_interpolation,Linear interpolation from 2035 to 2040,CAND-921D50D4015721,P3,PORT-96133A6427FE,200,54.881538,14.651532,430.20423,22859.063,53.135375,True,True,,0.0,2.0275124185786808e-05,True,True,True,True,,0.0,0.0,0.0,2,3,0.45933660799999987,0.65,2.02
POSCO_KR,POSCO,ACCELERATED_15C,P3,2037,5,18.856047,25.8,6.943953,73.085,0.896665,2.92,2.023335,30.708,17.333447,24.8,7.466553,69.893,True,model_interpolation,Linear interpolation from 2035 to 2040,CAND-921D50D4015721,P3,PORT-96133A6427FE,200,54.881538,14.651532,430.20423,22859.063,53.135375,True,True,,0.0,2.0275124185786808e-05,True,True,True,True,,0.0,0.0,0.0,2,3,0.45933660799999987,0.65,2.02
POSCO_KR,POSCO,ACCELERATED_15C,P3,2038,5,18.856047,27.2,8.343953,69.324,0.896665,3.2800000000000002,2.383335,27.337,17.333447,27.2,9.866553,63.726,True,model_interpolation,Linear interpolation from 2035 to 2040,CAND-921D50D4015721,P3,PORT-96133A6427FE,200,54.881538,14.651532,430.20423,22859.063,53.135375,True,True,,0.0,2.0275124185786808e-05,True,True,True,True,,0.0,0.0,0.0,2,3,0.45933660799999987,0.65,2.02
POSCO_KR,POSCO,ACCELERATED_15C,P3,2039,5,18.856047,28.6,9.743953,65.93,0.896665,3.64,2.743335,24.634,17.333447,29.6,12.266553,58.559,True,model_interpolation,Linear interpolation from 2035 to 2040,CAND-921D50D4015721,P3,PORT-96133A6427FE,200,54.881538,14.651532,430.20423,22859.063,53.135375,True,True,,0.0,2.0275124185786808e-05,True,True,True,True,,0.0,0.0,0.0,2,3,0.45933660799999987,0.65,2.02
POSCO_KR,POSCO,ACCELERATED_15C,P3,2040,5,18.856047,30.0,11.143953,62.853,0.896665,4.0,3.103335,22.417,17.333447,32.0,14.666553,54.167,True,model_estimate,Illustrative accelerated envelope; not GCAM or an official supply forecast,CAND-921D50D4015721,P3,PORT-96133A6427FE,200,54.881538,14.651532,430.20423,22859.063,53.135375,True,True,,0.0,2.0275124185786808e-05,True,True,True,True,,0.0,0.0,0.0,2,3,0.45933660799999987,0.65,2.02
NIPPON_STEEL_JP,Nippon Steel,DISCLOSED_PATH,P1,2026,0,0.0,8.0,8.0,0.0,0.0,0.0,0.0,0.0,0.0,2.0,2.0,0.0,True,model_interpolation,Linear interpolation from 2026 to 2030,CAND-97FAAFFD87E907,P1,PORT-160DD6C4A97F,200,46.853033,14.901516,442.153947,19641.24,44.421722,True,False,,0.0,3.446647212967946e-06,False,False,True,True,2034,4.469999115000004,0.0,0.0,2,2,0.41255777279999983,0.65,1.68
NIPPON_STEEL_JP,Nippon Steel,DISCLOSED_PATH,P1,2027,0,0.0,9.0,9.0,0.0,0.0,0.15,0.15,0.0,0.0,3.25,3.25,0.0,True,model_interpolation,Linear interpolation from 2026 to 2030,CAND-97FAAFFD87E907,P1,PORT-160DD6C4A97F,200,46.853033,14.901516,442.153947,19641.24,44.421722,True,False,,0.0,3.446647212967946e-06,False,False,True,True,2034,4.469999115000004,0.0,0.0,2,2,0.41255777279999983,0.65,1.68
NIPPON_STEEL_JP,Nippon Steel,DISCLOSED_PATH,P1,2028,0,0.0,10.0,10.0,0.0,0.0,0.3,0.3,0.0,0.0,4.5,4.5,0.0,True,model_interpolation,Linear interpolation from 2026 to 2030,CAND-97FAAFFD87E907,P1,PORT-160DD6C4A97F,200,46.853033,14.901516,442.153947,19641.24,44.421722,True,False,,0.0,3.446647212967946e-06,False,False,True,True,2034,4.469999115000004,0.0,0.0,2,2,0.41255777279999983,0.65,1.68
NIPPON_STEEL_JP,Nippon Steel,DISCLOSED_PATH,P1,2029,1,8.1,11.0,2.9,73.636,0.0,0.44999999999999996,0.45,0.0,5.04,5.75,0.71,87.652,True,model_interpolation,Linear interpolation from 2026 to 2030,CAND-97FAAFFD87E907,P1,PORT-160DD6C4A97F,200,46.853033,14.901516,442.153947,19641.24,44.421722,True,False,,0.0,3.446647212967946e-06,False,False,True,True,2034,4.469999115000004,0.0,0.0,2,2,0.41255777279999983,0.65,1.68
NIPPON_STEEL_JP,Nippon Steel,DISCLOSED_PATH,P1,2030,1,8.1,12.0,3.9,67.5,0.0,0.6,0.6,0.0,5.04,7.0,1.96,72.0,True,model_interpolation,Linear interpolation from 2030 to 2035,CAND-97FAAFFD87E907,P1,PORT-160DD6C4A97F,200,46.853033,14.901516,442.153947,19641.24,44.421722,True,False,,0.0,3.446647212967946e-06,False,False,True,True,2034,4.469999115000004,0.0,0.0,2,2,0.41255777279999983,0.65,1.68
NIPPON_STEEL_JP,Nippon Steel,DISCLOSED_PATH,P1,2031,1,8.1,13.2,5.1,61.364,0.0,0.8400000000000001,0.84,0.0,5.04,8.6,3.56,58.605,True,model_interpolation,Linear interpolation from 2030 to 2035,CAND-97FAAFFD87E907,P1,PORT-160DD6C4A97F,200,46.853033,14.901516,442.153947,19641.24,44.421722,True,False,,0.0,3.446647212967946e-06,False,False,True,True,2034,4.469999115000004,0.0,0.0,2,2,0.41255777279999983,0.65,1.68
NIPPON_STEEL_JP,Nippon Steel,DISCLOSED_PATH,P1,2032,2,13.679998,14.4,0.720002,95.0,0.0,1.08,1.08,0.0,8.511999,10.2,1.688001,83.451,True,model_interpolation,Linear interpolation from 2030 to 2035,CAND-97FAAFFD87E907,P1,PORT-160DD6C4A97F,200,46.853033,14.901516,442.153947,19641.24,44.421722,True,False,,0.0,3.446647212967946e-06,False,False,True,True,2034,4.469999115000004,0.0,0.0,2,2,0.41255777279999983,0.65,1.68
NIPPON_STEEL_JP,Nippon Steel,DISCLOSED_PATH,P1,2033,2,13.679998,15.6,1.920002,87.692,0.0,1.32,1.32,0.0,8.511999,11.8,3.288001,72.136,True,model_interpolation,Linear interpolation from 2030 to 2035,CAND-97FAAFFD87E907,P1,PORT-160DD6C4A97F,200,46.853033,14.901516,442.153947,19641.24,44.421722,True,False,,0.0,3.446647212967946e-06,False,False,True,True,2034,4.469999115000004,0.0,0.0,2,2,0.41255777279999983,0.65,1.68
NIPPON_STEEL_JP,Nippon Steel,DISCLOSED_PATH,P1,2034,3,20.159999,16.8,-3.359999,120.0,0.0,1.56,1.56,0.0,12.543999,13.4,0.856001,93.612,False,model_interpolation,Linear interpolation from 2030 to 2035,CAND-97FAAFFD87E907,P1,PORT-160DD6C4A97F,200,46.853033,14.901516,442.153947,19641.24,44.421722,True,False,,0.0,3.446647212967946e-06,False,False,True,True,2034,4.469999115000004,0.0,0.0,2,2,0.41255777279999983,0.65,1.68
NIPPON_STEEL_JP,Nippon Steel,DISCLOSED_PATH,P1,2035,3,20.159999,18.0,-2.159999,112.0,0.0,1.8,1.8,0.0,12.543999,15.0,2.456001,83.627,False,model_interpolation,Linear interpolation from 2035 to 2040,CAND-97FAAFFD87E907,P1,PORT-160DD6C4A97F,200,46.853033,14.901516,442.153947,19641.24,44.421722,True,False,,0.0,3.446647212967946e-06,False,False,True,True,2034,4.469999115000004,0.0,0.0,2,2,0.41255777279999983,0.65,1.68
NIPPON_STEEL_JP,Nippon Steel,DISCLOSED_PATH,P1,2036,4,20.999999,19.4,-1.599999,108.247,0.308,2.08,1.772,14.808,15.12,17.0,1.88,88.941,False,model_interpolation,Linear interpolation from 2035 to 2040,CAND-97FAAFFD87E907,P1,PORT-160DD6C4A97F,200,46.853033,14.901516,442.153947,19641.24,44.421722,True,False,,0.0,3.446647212967946e-06,False,False,True,True,2034,4.469999115000004,0.0,0.0,2,2,0.41255777279999983,0.65,1.68
NIPPON_STEEL_JP,Nippon Steel,DISCLOSED_PATH,P1,2037,4,20.999999,20.8,-0.199999,100.962,0.308,2.3600000000000003,2.052,13.051,15.12,19.0,3.88,79.579,False,model_interpolation,Linear interpolation from 2035 to 2040,CAND-97FAAFFD87E907,P1,PORT-160DD6C4A97F,200,46.853033,14.901516,442.153947,19641.24,44.421722,True,False,,0.0,3.446647212967946e-06,False,False,True,True,2034,4.469999115000004,0.0,0.0,2,2,0.41255777279999983,0.65,1.68
NIPPON_STEEL_JP,Nippon Steel,DISCLOSED_PATH,P1,2038,5,26.669999,22.2,-4.469999,120.135,0.308,2.64,2.332,11.667,18.648,21.0,2.352,88.8,False,model_interpolation,Linear interpolation from 2035 to 2040,CAND-97FAAFFD87E907,P1,PORT-160DD6C4A97F,200,46.853033,14.901516,442.153947,19641.24,44.421722,True,False,,0.0,3.446647212967946e-06,False,False,True,True,2034,4.469999115000004,0.0,0.0,2,2,0.41255777279999983,0.65,1.68
NIPPON_STEEL_JP,Nippon Steel,DISCLOSED_PATH,P1,2039,5,26.669999,23.6,-3.069999,113.008,0.308,2.92,2.612,10.548,18.648,23.0,4.352,81.078,False,model_interpolation,Linear interpolation from 2035 to 2040,CAND-97FAAFFD87E907,P1,PORT-160DD6C4A97F,200,46.853033,14.901516,442.153947,19641.24,44.421722,True,False,,0.0,3.446647212967946e-06,False,False,True,True,2034,4.469999115000004,0.0,0.0,2,2,0.41255777279999983,0.65,1.68
NIPPON_STEEL_JP,Nippon Steel,DISCLOSED_PATH,P1,2040,5,26.669999,25.0,-1.669999,106.68,0.308,3.2,2.892,9.625,18.648,25.0,6.352,74.592,False,model_estimate,Illustrative screening envelope; not an official supply forecast,CAND-97FAAFFD87E907,P1,PORT-160DD6C4A97F,200,46.853033,14.901516,442.153947,19641.24,44.421722,True,False,,0.0,3.446647212967946e-06,False,False,True,True,2034,4.469999115000004,0.0,0.0,2,2,0.41255777279999983,0.65,1.68
NIPPON_STEEL_JP,Nippon Steel,ACCELERATED_15C,P1,2026,0,0.0,8.0,8.0,0.0,0.0,0.1,0.1,0.0,0.0,2.0,2.0,0.0,True,model_interpolation,Linear interpolation from 2026 to 2030,CAND-97FAAFFD87E907,P1,PORT-160DD6C4A97F,200,34.451516,16.226037,442.153947,14258.889,32.248699,True,True,,0.0,3.446647212967946e-06,True,True,True,True,,0.0,0.0,0.0,2,2,0.41255777279999983,0.65,1.68
NIPPON_STEEL_JP,Nippon Steel,ACCELERATED_15C,P1,2027,0,0.0,9.75,9.75,0.0,0.0,0.30000000000000004,0.3,0.0,0.0,4.0,4.0,0.0,True,model_interpolation,Linear interpolation from 2026 to 2030,CAND-97FAAFFD87E907,P1,PORT-160DD6C4A97F,200,34.451516,16.226037,442.153947,14258.889,32.248699,True,True,,0.0,3.446647212967946e-06,True,True,True,True,,0.0,0.0,0.0,2,2,0.41255777279999983,0.65,1.68
NIPPON_STEEL_JP,Nippon Steel,ACCELERATED_15C,P1,2028,0,0.0,11.5,11.5,0.0,0.0,0.5,0.5,0.0,0.0,6.0,6.0,0.0,True,model_interpolation,Linear interpolation from 2026 to 2030,CAND-97FAAFFD87E907,P1,PORT-160DD6C4A97F,200,34.451516,16.226037,442.153947,14258.889,32.248699,True,True,,0.0,3.446647212967946e-06,True,True,True,True,,0.0,0.0,0.0,2,2,0.41255777279999983,0.65,1.68
NIPPON_STEEL_JP,Nippon Steel,ACCELERATED_15C,P1,2029,1,8.1,13.25,5.15,61.132,0.0,0.7000000000000001,0.7,0.0,5.04,8.0,2.96,63.0,True,model_interpolation,Linear interpolation from 2026 to 2030,CAND-97FAAFFD87E907,P1,PORT-160DD6C4A97F,200,34.451516,16.226037,442.153947,14258.889,32.248699,True,True,,0.0,3.446647212967946e-06,True,True,True,True,,0.0,0.0,0.0,2,2,0.41255777279999983,0.65,1.68
NIPPON_STEEL_JP,Nippon Steel,ACCELERATED_15C,P1,2030,1,8.1,15.0,6.9,54.0,0.0,0.9,0.9,0.0,5.04,10.0,4.96,50.4,True,model_interpolation,Linear interpolation from 2030 to 2035,CAND-97FAAFFD87E907,P1,PORT-160DD6C4A97F,200,34.451516,16.226037,442.153947,14258.889,32.248699,True,True,,0.0,3.446647212967946e-06,True,True,True,True,,0.0,0.0,0.0,2,2,0.41255777279999983,0.65,1.68
NIPPON_STEEL_JP,Nippon Steel,ACCELERATED_15C,P1,2031,1,8.1,16.6,8.5,48.795,0.0,1.2200000000000002,1.22,0.0,5.04,12.0,6.96,42.0,True,model_interpolation,Linear interpolation from 2030 to 2035,CAND-97FAAFFD87E907,P1,PORT-160DD6C4A97F,200,34.451516,16.226037,442.153947,14258.889,32.248699,True,True,,0.0,3.446647212967946e-06,True,True,True,True,,0.0,0.0,0.0,2,2,0.41255777279999983,0.65,1.68
NIPPON_STEEL_JP,Nippon Steel,ACCELERATED_15C,P1,2032,2,13.679998,18.2,4.520002,75.165,0.0,1.54,1.54,0.0,8.511999,14.0,5.488001,60.8,True,model_interpolation,Linear interpolation from 2030 to 2035,CAND-97FAAFFD87E907,P1,PORT-160DD6C4A97F,200,34.451516,16.226037,442.153947,14258.889,32.248699,True,True,,0.0,3.446647212967946e-06,True,True,True,True,,0.0,0.0,0.0,2,2,0.41255777279999983,0.65,1.68
NIPPON_STEEL_JP,Nippon Steel,ACCELERATED_15C,P1,2033,2,13.679998,19.8,6.120002,69.091,0.0,1.8599999999999999,1.86,0.0,8.511999,16.0,7.488001,53.2,True,model_interpolation,Linear interpolation from 2030 to 2035,CAND-97FAAFFD87E907,P1,PORT-160DD6C4A97F,200,34.451516,16.226037,442.153947,14258.889,32.248699,True,True,,0.0,3.446647212967946e-06,True,True,True,True,,0.0,0.0,0.0,2,2,0.41255777279999983,0.65,1.68
NIPPON_STEEL_JP,Nippon Steel,ACCELERATED_15C,P1,2034,3,20.159999,21.4,1.240001,94.206,0.0,2.18,2.18,0.0,12.543999,18.0,5.456001,69.689,True,model_interpolation,Linear interpolation from 2030 to 2035,CAND-97FAAFFD87E907,P1,PORT-160DD6C4A97F,200,34.451516,16.226037,442.153947,14258.889,32.248699,True,True,,0.0,3.446647212967946e-06,True,True,True,True,,0.0,0.0,0.0,2,2,0.41255777279999983,0.65,1.68
NIPPON_STEEL_JP,Nippon Steel,ACCELERATED_15C,P1,2035,3,20.159999,23.0,2.840001,87.652,0.0,2.5,2.5,0.0,12.543999,20.0,7.456001,62.72,True,model_interpolation,Linear interpolation from 2035 to 2040,CAND-97FAAFFD87E907,P1,PORT-160DD6C4A97F,200,34.451516,16.226037,442.153947,14258.889,32.248699,True,True,,0.0,3.446647212967946e-06,True,True,True,True,,0.0,0.0,0.0,2,2,0.41255777279999983,0.65,1.68
NIPPON_STEEL_JP,Nippon Steel,ACCELERATED_15C,P1,2036,4,20.999999,24.4,3.400001,86.066,0.308,2.9,2.592,10.621,15.12,22.4,7.28,67.5,True,model_interpolation,Linear interpolation from 2035 to 2040,CAND-97FAAFFD87E907,P1,PORT-160DD6C4A97F,200,34.451516,16.226037,442.153947,14258.889,32.248699,True,True,,0.0,3.446647212967946e-06,True,True,True,True,,0.0,0.0,0.0,2,2,0.41255777279999983,0.65,1.68
NIPPON_STEEL_JP,Nippon Steel,ACCELERATED_15C,P1,2037,4,20.999999,25.8,4.800001,81.395,0.308,3.3,2.992,9.333,15.12,24.8,9.68,60.968,True,model_interpolation,Linear interpolation from 2035 to 2040,CAND-97FAAFFD87E907,P1,PORT-160DD6C4A97F,200,34.451516,16.226037,442.153947,14258.889,32.248699,True,True,,0.0,3.446647212967946e-06,True,True,True,True,,0.0,0.0,0.0,2,2,0.41255777279999983,0.65,1.68
NIPPON_STEEL_JP,Nippon Steel,ACCELERATED_15C,P1,2038,5,26.669999,27.2,0.530001,98.051,0.308,3.7,3.392,8.324,18.648,27.2,8.552,68.559,True,model_interpolation,Linear interpolation from 2035 to 2040,CAND-97FAAFFD87E907,P1,PORT-160DD6C4A97F,200,34.451516,16.226037,442.153947,14258.889,32.248699,True,True,,0.0,3.446647212967946e-06,True,True,True,True,,0.0,0.0,0.0,2,2,0.41255777279999983,0.65,1.68
NIPPON_STEEL_JP,Nippon Steel,ACCELERATED_15C,P1,2039,5,26.669999,28.6,1.930001,93.252,0.308,4.1,3.792,7.512,18.648,29.6,10.952,63.0,True,model_interpolation,Linear interpolation from 2035 to 2040,CAND-97FAAFFD87E907,P1,PORT-160DD6C4A97F,200,34.451516,16.226037,442.153947,14258.889,32.248699,True,True,,0.0,3.446647212967946e-06,True,True,True,True,,0.0,0.0,0.0,2,2,0.41255777279999983,0.65,1.68
NIPPON_STEEL_JP,Nippon Steel,ACCELERATED_15C,P1,2040,5,26.669999,30.0,3.330001,88.9,0.308,4.5,4.192,6.844,18.648,32.0,13.352,58.275,True,model_estimate,Illustrative accelerated envelope; not GCAM or an official supply forecast,CAND-97FAAFFD87E907,P1,PORT-160DD6C4A97F,200,34.451516,16.226037,442.153947,14258.889,32.248699,True,True,,0.0,3.446647212967946e-06,True,True,True,True,,0.0,0.0,0.0,2,2,0.41255777279999983,0.65,1.68
KOBE_STEEL_JP,Kobe Steel,DISCLOSED_PATH,P3,2026,0,0.0,2.0,2.0,0.0,0.0,0.0,0.0,0.0,0.0,0.8,0.8,0.0,True,model_interpolation,Linear interpolation from 2026 to 2030,CAND-9DD8DD0C56A40D,P3,PORT-8384667F6B8E,200,53.015253,13.126663,96.451092,4978.625,51.618125,True,True,,0.0,9.990856690045291e-05,True,True,True,True,,0.0,0.0,0.0,1,1,0.28332,0.6,1.06
KOBE_STEEL_JP,Kobe Steel,DISCLOSED_PATH,P3,2027,0,0.0,2.5,2.5,0.0,0.0,0.075,0.075,0.0,0.0,1.35,1.35,0.0,True,model_interpolation,Linear interpolation from 2026 to 2030,CAND-9DD8DD0C56A40D,P3,PORT-8384667F6B8E,200,53.015253,13.126663,96.451092,4978.625,51.618125,True,True,,0.0,9.990856690045291e-05,True,True,True,True,,0.0,0.0,0.0,1,1,0.28332,0.6,1.06
KOBE_STEEL_JP,Kobe Steel,DISCLOSED_PATH,P3,2028,0,0.0,3.0,3.0,0.0,0.0,0.15,0.15,0.0,0.0,1.9000000000000001,1.9,0.0,True,model_interpolation,Linear interpolation from 2026 to 2030,CAND-9DD8DD0C56A40D,P3,PORT-8384667F6B8E,200,53.015253,13.126663,96.451092,4978.625,51.618125,True,True,,0.0,9.990856690045291e-05,True,True,True,True,,0.0,0.0,0.0,1,1,0.28332,0.6,1.06
KOBE_STEEL_JP,Kobe Steel,DISCLOSED_PATH,P3,2029,1,2.655,3.5,0.845,75.857,0.0,0.22499999999999998,0.225,0.0,1.652,2.45,0.798,67.429,True,model_interpolation,Linear interpolation from 2026 to 2030,CAND-9DD8DD0C56A40D,P3,PORT-8384667F6B8E,200,53.015253,13.126663,96.451092,4978.625,51.618125,True,True,,0.0,9.990856690045291e-05,True,True,True,True,,0.0,0.0,0.0,1,1,0.28332,0.6,1.06
KOBE_STEEL_JP,Kobe Steel,DISCLOSED_PATH,P3,2030,1,2.655,4.0,1.345,66.375,0.0,0.3,0.3,0.0,1.652,3.0,1.348,55.067,True,model_interpolation,Linear interpolation from 2030 to 2035,CAND-9DD8DD0C56A40D,P3,PORT-8384667F6B8E,200,53.015253,13.126663,96.451092,4978.625,51.618125,True,True,,0.0,9.990856690045291e-05,True,True,True,True,,0.0,0.0,0.0,1,1,0.28332,0.6,1.06
KOBE_STEEL_JP,Kobe Steel,DISCLOSED_PATH,P3,2031,1,2.655,4.0,1.345,66.375,0.0,0.32,0.32,0.0,1.652,3.0,1.348,55.067,True,model_interpolation,Linear interpolation from 2030 to 2035,CAND-9DD8DD0C56A40D,P3,PORT-8384667F6B8E,200,53.015253,13.126663,96.451092,4978.625,51.618125,True,True,,0.0,9.990856690045291e-05,True,True,True,True,,0.0,0.0,0.0,1,1,0.28332,0.6,1.06
KOBE_STEEL_JP,Kobe Steel,DISCLOSED_PATH,P3,2032,1,2.655,4.0,1.345,66.375,0.0,0.34,0.34,0.0,1.652,3.0,1.348,55.067,True,model_interpolation,Linear interpolation from 2030 to 2035,CAND-9DD8DD0C56A40D,P3,PORT-8384667F6B8E,200,53.015253,13.126663,96.451092,4978.625,51.618125,True,True,,0.0,9.990856690045291e-05,True,True,True,True,,0.0,0.0,0.0,1,1,0.28332,0.6,1.06
KOBE_STEEL_JP,Kobe Steel,DISCLOSED_PATH,P3,2033,2,2.745,4.0,1.255,68.625,0.0,0.36,0.36,0.0,1.654,3.0,1.346,55.133,True,model_interpolation,Linear interpolation from 2030 to 2035,CAND-9DD8DD0C56A40D,P3,PORT-8384667F6B8E,200,53.015253,13.126663,96.451092,4978.625,51.618125,True,True,,0.0,9.990856690045291e-05,True,True,True,True,,0.0,0.0,0.0,1,1,0.28332,0.6,1.06
KOBE_STEEL_JP,Kobe Steel,DISCLOSED_PATH,P3,2034,2,2.745,4.0,1.255,68.625,0.0,0.38,0.38,0.0,1.654,3.0,1.346,55.133,True,model_interpolation,Linear interpolation from 2030 to 2035,CAND-9DD8DD0C56A40D,P3,PORT-8384667F6B8E,200,53.015253,13.126663,96.451092,4978.625,51.618125,True,True,,0.0,9.990856690045291e-05,True,True,True,True,,0.0,0.0,0.0,1,1,0.28332,0.6,1.06
KOBE_STEEL_JP,Kobe Steel,DISCLOSED_PATH,P3,2035,2,2.745,4.0,1.255,68.625,0.0,0.4,0.4,0.0,1.654,3.0,1.346,55.133,True,model_interpolation,Linear interpolation from 2035 to 2040,CAND-9DD8DD0C56A40D,P3,PORT-8384667F6B8E,200,53.015253,13.126663,96.451092,4978.625,51.618125,True,True,,0.0,9.990856690045291e-05,True,True,True,True,,0.0,0.0,0.0,1,1,0.28332,0.6,1.06
KOBE_STEEL_JP,Kobe Steel,DISCLOSED_PATH,P3,2036,2,2.745,4.2,1.455,65.357,0.0,0.48000000000000004,0.48,0.0,1.654,3.4,1.746,48.647,True,model_interpolation,Linear interpolation from 2035 to 2040,CAND-9DD8DD0C56A40D,P3,PORT-8384667F6B8E,200,53.015253,13.126663,96.451092,4978.625,51.618125,True,True,,0.0,9.990856690045291e-05,True,True,True,True,,0.0,0.0,0.0,1,1,0.28332,0.6,1.06
KOBE_STEEL_JP,Kobe Steel,DISCLOSED_PATH,P3,2037,3,3.1815,4.4,1.2185,72.307,0.16005,0.56,0.39995,28.58,2.9926,3.8,0.8074,78.753,True,model_interpolation,Linear interpolation from 2035 to 2040,CAND-9DD8DD0C56A40D,P3,PORT-8384667F6B8E,200,53.015253,13.126663,96.451092,4978.625,51.618125,True,True,,0.0,9.990856690045291e-05,True,True,True,True,,0.0,0.0,0.0,1,1,0.28332,0.6,1.06
KOBE_STEEL_JP,Kobe Steel,DISCLOSED_PATH,P3,2038,3,3.1815,4.6,1.4185,69.163,0.16005,0.64,0.47995,25.008,2.9926,4.2,1.2074,71.252,True,model_interpolation,Linear interpolation from 2035 to 2040,CAND-9DD8DD0C56A40D,P3,PORT-8384667F6B8E,200,53.015253,13.126663,96.451092,4978.625,51.618125,True,True,,0.0,9.990856690045291e-05,True,True,True,True,,0.0,0.0,0.0,1,1,0.28332,0.6,1.06
KOBE_STEEL_JP,Kobe Steel,DISCLOSED_PATH,P3,2039,3,3.1815,4.8,1.6185,66.281,0.16005,0.7200000000000001,0.55995,22.229,2.9926,4.6,1.6074,65.057,True,model_interpolation,Linear interpolation from 2035 to 2040,CAND-9DD8DD0C56A40D,P3,PORT-8384667F6B8E,200,53.015253,13.126663,96.451092,4978.625,51.618125,True,True,,0.0,9.990856690045291e-05,True,True,True,True,,0.0,0.0,0.0,1,1,0.28332,0.6,1.06
KOBE_STEEL_JP,Kobe Steel,DISCLOSED_PATH,P3,2040,3,3.1815,5.0,1.8185,63.63,0.16005,0.8,0.63995,20.006,2.9926,5.0,2.0074,59.852,True,model_estimate,Illustrative screening envelope; not an official supply forecast,CAND-9DD8DD0C56A40D,P3,PORT-8384667F6B8E,200,53.015253,13.126663,96.451092,4978.625,51.618125,True,True,,0.0,9.990856690045291e-05,True,True,True,True,,0.0,0.0,0.0,1,1,0.28332,0.6,1.06
KOBE_STEEL_JP,Kobe Steel,ACCELERATED_15C,P3,2026,0,0.0,2.0,2.0,0.0,0.0,0.2,0.2,0.0,0.0,1.0,1.0,0.0,True,model_interpolation,Linear interpolation from 2026 to 2030,CAND-9DD8DD0C56A40D,P3,PORT-8384667F6B8E,200,41.041546,14.13472,96.451092,3812.491,39.527711,False,False,2035,0.6138637290849003,-0.6138637290849003,True,True,True,True,,0.0,0.0,0.0,1,1,0.28332,0.6,1.06
KOBE_STEEL_JP,Kobe Steel,ACCELERATED_15C,P3,2027,0,0.0,2.25,2.25,0.0,0.0,0.25,0.25,0.0,0.0,1.375,1.375,0.0,True,model_interpolation,Linear interpolation from 2026 to 2030,CAND-9DD8DD0C56A40D,P3,PORT-8384667F6B8E,200,41.041546,14.13472,96.451092,3812.491,39.527711,False,False,2035,0.6138637290849003,-0.6138637290849003,True,True,True,True,,0.0,0.0,0.0,1,1,0.28332,0.6,1.06
KOBE_STEEL_JP,Kobe Steel,ACCELERATED_15C,P3,2028,0,0.0,2.5,2.5,0.0,0.0,0.30000000000000004,0.3,0.0,0.0,1.75,1.75,0.0,True,model_interpolation,Linear interpolation from 2026 to 2030,CAND-9DD8DD0C56A40D,P3,PORT-8384667F6B8E,200,41.041546,14.13472,96.451092,3812.491,39.527711,False,False,2035,0.6138637290849003,-0.6138637290849003,True,True,True,True,,0.0,0.0,0.0,1,1,0.28332,0.6,1.06
KOBE_STEEL_JP,Kobe Steel,ACCELERATED_15C,P3,2029,1,2.655,2.75,0.095,96.545,0.0,0.35000000000000003,0.35,0.0,1.652,2.125,0.473,77.741,True,model_interpolation,Linear interpolation from 2026 to 2030,CAND-9DD8DD0C56A40D,P3,PORT-8384667F6B8E,200,41.041546,14.13472,96.451092,3812.491,39.527711,False,False,2035,0.6138637290849003,-0.6138637290849003,True,True,True,True,,0.0,0.0,0.0,1,1,0.28332,0.6,1.06
KOBE_STEEL_JP,Kobe Steel,ACCELERATED_15C,P3,2030,1,2.655,3.0,0.345,88.5,0.0,0.4,0.4,0.0,1.652,2.5,0.848,66.08,True,model_interpolation,Linear interpolation from 2030 to 2035,CAND-9DD8DD0C56A40D,P3,PORT-8384667F6B8E,200,41.041546,14.13472,96.451092,3812.491,39.527711,False,False,2035,0.6138637290849003,-0.6138637290849003,True,True,True,True,,0.0,0.0,0.0,1,1,0.28332,0.6,1.06
KOBE_STEEL_JP,Kobe Steel,ACCELERATED_15C,P3,2031,1,2.655,3.4,0.745,78.088,0.0,0.44,0.44,0.0,1.652,2.8,1.148,59.0,True,model_interpolation,Linear interpolation from 2030 to 2035,CAND-9DD8DD0C56A40D,P3,PORT-8384667F6B8E,200,41.041546,14.13472,96.451092,3812.491,39.527711,False,False,2035,0.6138637290849003,-0.6138637290849003,True,True,True,True,,0.0,0.0,0.0,1,1,0.28332,0.6,1.06
KOBE_STEEL_JP,Kobe Steel,ACCELERATED_15C,P3,2032,1,2.655,3.8,1.145,69.868,0.0,0.48,0.48,0.0,1.652,3.1,1.448,53.29,True,model_interpolation,Linear interpolation from 2030 to 2035,CAND-9DD8DD0C56A40D,P3,PORT-8384667F6B8E,200,41.041546,14.13472,96.451092,3812.491,39.527711,False,False,2035,0.6138637290849003,-0.6138637290849003,True,True,True,True,,0.0,0.0,0.0,1,1,0.28332,0.6,1.06
KOBE_STEEL_JP,Kobe Steel,ACCELERATED_15C,P3,2033,2,2.745,4.2,1.455,65.357,0.0,0.52,0.52,0.0,1.654,3.4,1.746,48.647,True,model_interpolation,Linear interpolation from 2030 to 2035,CAND-9DD8DD0C56A40D,P3,PORT-8384667F6B8E,200,41.041546,14.13472,96.451092,3812.491,39.527711,False,False,2035,0.6138637290849003,-0.6138637290849003,True,True,True,True,,0.0,0.0,0.0,1,1,0.28332,0.6,1.06
KOBE_STEEL_JP,Kobe Steel,ACCELERATED_15C,P3,2034,2,2.745,4.6,1.855,59.674,0.0,0.56,0.56,0.0,1.654,3.7,2.046,44.703,True,model_interpolation,Linear interpolation from 2030 to 2035,CAND-9DD8DD0C56A40D,P3,PORT-8384667F6B8E,200,41.041546,14.13472,96.451092,3812.491,39.527711,False,False,2035,0.6138637290849003,-0.6138637290849003,True,True,True,True,,0.0,0.0,0.0,1,1,0.28332,0.6,1.06
KOBE_STEEL_JP,Kobe Steel,ACCELERATED_15C,P3,2035,2,2.745,5.0,2.255,54.9,0.0,0.6,0.6,0.0,1.654,4.0,2.346,41.35,True,model_interpolation,Linear interpolation from 2035 to 2040,CAND-9DD8DD0C56A40D,P3,PORT-8384667F6B8E,200,41.041546,14.13472,96.451092,3812.491,39.527711,False,False,2035,0.6138637290849003,-0.6138637290849003,True,True,True,True,,0.0,0.0,0.0,1,1,0.28332,0.6,1.06
KOBE_STEEL_JP,Kobe Steel,ACCELERATED_15C,P3,2036,2,2.745,5.2,2.455,52.788,0.0,0.6799999999999999,0.68,0.0,1.654,4.5,2.846,36.756,True,model_interpolation,Linear interpolation from 2035 to 2040,CAND-9DD8DD0C56A40D,P3,PORT-8384667F6B8E,200,41.041546,14.13472,96.451092,3812.491,39.527711,False,False,2035,0.6138637290849003,-0.6138637290849003,True,True,True,True,,0.0,0.0,0.0,1,1,0.28332,0.6,1.06
KOBE_STEEL_JP,Kobe Steel,ACCELERATED_15C,P3,2037,3,3.1815,5.4,2.2185,58.917,0.16005,0.76,0.59995,21.059,2.9926,5.0,2.0074,59.852,True,model_interpolation,Linear interpolation from 2035 to 2040,CAND-9DD8DD0C56A40D,P3,PORT-8384667F6B8E,200,41.041546,14.13472,96.451092,3812.491,39.527711,False,False,2035,0.6138637290849003,-0.6138637290849003,True,True,True,True,,0.0,0.0,0.0,1,1,0.28332,0.6,1.06
KOBE_STEEL_JP,Kobe Steel,ACCELERATED_15C,P3,2038,3,3.1815,5.6,2.4185,56.813,0.16005,0.84,0.67995,19.054,2.9926,5.5,2.5074,54.411,True,model_interpolation,Linear interpolation from 2035 to 2040,CAND-9DD8DD0C56A40D,P3,PORT-8384667F6B8E,200,41.041546,14.13472,96.451092,3812.491,39.527711,False,False,2035,0.6138637290849003,-0.6138637290849003,True,True,True,True,,0.0,0.0,0.0,1,1,0.28332,0.6,1.06
KOBE_STEEL_JP,Kobe Steel,ACCELERATED_15C,P3,2039,3,3.1815,5.8,2.6185,54.853,0.16005,0.92,0.75995,17.397,2.9926,6.0,3.0074,49.877,True,model_interpolation,Linear interpolation from 2035 to 2040,CAND-9DD8DD0C56A40D,P3,PORT-8384667F6B8E,200,41.041546,14.13472,96.451092,3812.491,39.527711,False,False,2035,0.6138637290849003,-0.6138637290849003,True,True,True,True,,0.0,0.0,0.0,1,1,0.28332,0.6,1.06
KOBE_STEEL_JP,Kobe Steel,ACCELERATED_15C,P3,2040,3,3.1815,6.0,2.8185,53.025,0.16005,1.0,0.83995,16.005,2.9926,6.5,3.5074,46.04,True,model_estimate,Illustrative accelerated envelope; not GCAM or an official supply forecast,CAND-9DD8DD0C56A40D,P3,PORT-8384667F6B8E,200,41.041546,14.13472,96.451092,3812.491,39.527711,False,False,2035,0.6138637290849003,-0.6138637290849003,True,True,True,True,,0.0,0.0,0.0,1,1,0.28332,0.6,1.06
JFE_STEEL_JP,JFE Steel,DISCLOSED_PATH,P3,2026,0,0.0,5.0,5.0,0.0,0.0,0.0,0.0,0.0,0.0,1.5,1.5,0.0,True,model_interpolation,Linear interpolation from 2026 to 2030,CAND-A735954AF09420,P3,PORT-CCD4397FA6D4,200,109.942784,22.644507,281.895878,30284.795,107.432556,True,True,,0.0,1.265341119704999e-05,True,True,True,True,,0.0,0.0,0.0,2,3,0.3119871999999999,0.65,1.1400000000000001
JFE_STEEL_JP,JFE Steel,DISCLOSED_PATH,P3,2027,0,0.0,5.75,5.75,0.0,0.0,0.1,0.1,0.0,0.0,2.375,2.375,0.0,True,model_interpolation,Linear interpolation from 2026 to 2030,CAND-A735954AF09420,P3,PORT-CCD4397FA6D4,200,109.942784,22.644507,281.895878,30284.795,107.432556,True,True,,0.0,1.265341119704999e-05,True,True,True,True,,0.0,0.0,0.0,2,3,0.3119871999999999,0.65,1.1400000000000001
JFE_STEEL_JP,JFE Steel,DISCLOSED_PATH,P3,2028,0,0.0,6.5,6.5,0.0,0.0,0.2,0.2,0.0,0.0,3.25,3.25,0.0,True,model_interpolation,Linear interpolation from 2026 to 2030,CAND-A735954AF09420,P3,PORT-CCD4397FA6D4,200,109.942784,22.644507,281.895878,30284.795,107.432556,True,True,,0.0,1.265341119704999e-05,True,True,True,True,,0.0,0.0,0.0,2,3,0.3119871999999999,0.65,1.1400000000000001
JFE_STEEL_JP,JFE Steel,DISCLOSED_PATH,P3,2029,1,6.120001,7.25,1.129999,84.414,0.0,0.30000000000000004,0.3,0.0,3.808,4.125,0.317,92.315,True,model_interpolation,Linear interpolation from 2026 to 2030,CAND-A735954AF09420,P3,PORT-CCD4397FA6D4,200,109.942784,22.644507,281.895878,30284.795,107.432556,True,True,,0.0,1.265341119704999e-05,True,True,True,True,,0.0,0.0,0.0,2,3,0.3119871999999999,0.65,1.1400000000000001
JFE_STEEL_JP,JFE Steel,DISCLOSED_PATH,P3,2030,1,6.120001,8.0,1.879999,76.5,0.0,0.4,0.4,0.0,3.808,5.0,1.192,76.16,True,model_interpolation,Linear interpolation from 2030 to 2035,CAND-A735954AF09420,P3,PORT-CCD4397FA6D4,200,109.942784,22.644507,281.895878,30284.795,107.432556,True,True,,0.0,1.265341119704999e-05,True,True,True,True,,0.0,0.0,0.0,2,3,0.3119871999999999,0.65,1.1400000000000001
JFE_STEEL_JP,JFE Steel,DISCLOSED_PATH,P3,2031,1,6.120001,8.8,2.679999,69.545,0.0,0.56,0.56,0.0,3.808,6.0,2.192,63.467,True,model_interpolation,Linear interpolation from 2030 to 2035,CAND-A735954AF09420,P3,PORT-CCD4397FA6D4,200,109.942784,22.644507,281.895878,30284.795,107.432556,True,True,,0.0,1.265341119704999e-05,True,True,True,True,,0.0,0.0,0.0,2,3,0.3119871999999999,0.65,1.1400000000000001
JFE_STEEL_JP,JFE Steel,DISCLOSED_PATH,P3,2032,1,6.120001,9.6,3.479999,63.75,0.0,0.72,0.72,0.0,3.808,7.0,3.192,54.4,True,model_interpolation,Linear interpolation from 2030 to 2035,CAND-A735954AF09420,P3,PORT-CCD4397FA6D4,200,109.942784,22.644507,281.895878,30284.795,107.432556,True,True,,0.0,1.265341119704999e-05,True,True,True,True,,0.0,0.0,0.0,2,3,0.3119871999999999,0.65,1.1400000000000001
JFE_STEEL_JP,JFE Steel,DISCLOSED_PATH,P3,2033,3,8.1,10.4,2.3,77.885,0.495,0.8799999999999999,0.385,56.25,7.961999,8.0,0.038001,99.525,True,model_interpolation,Linear interpolation from 2030 to 2035,CAND-A735954AF09420,P3,PORT-CCD4397FA6D4,200,109.942784,22.644507,281.895878,30284.795,107.432556,True,True,,0.0,1.265341119704999e-05,True,True,True,True,,0.0,0.0,0.0,2,3,0.3119871999999999,0.65,1.1400000000000001
JFE_STEEL_JP,JFE Steel,DISCLOSED_PATH,P3,2034,3,8.1,11.2,3.1,72.321,0.495,1.04,0.545,47.596,7.961999,9.0,1.038001,88.467,True,model_interpolation,Linear interpolation from 2030 to 2035,CAND-A735954AF09420,P3,PORT-CCD4397FA6D4,200,109.942784,22.644507,281.895878,30284.795,107.432556,True,True,,0.0,1.265341119704999e-05,True,True,True,True,,0.0,0.0,0.0,2,3,0.3119871999999999,0.65,1.1400000000000001
JFE_STEEL_JP,JFE Steel,DISCLOSED_PATH,P3,2035,3,8.1,12.0,3.9,67.5,0.495,1.2,0.705,41.25,7.961999,10.0,2.038001,79.62,True,model_interpolation,Linear interpolation from 2035 to 2040,CAND-A735954AF09420,P3,PORT-CCD4397FA6D4,200,109.942784,22.644507,281.895878,30284.795,107.432556,True,True,,0.0,1.265341119704999e-05,True,True,True,True,,0.0,0.0,0.0,2,3,0.3119871999999999,0.65,1.1400000000000001
JFE_STEEL_JP,JFE Steel,DISCLOSED_PATH,P3,2036,4,8.9175,13.0,4.0825,68.596,0.495,1.4,0.905,35.357,8.016499,11.4,3.383501,70.32,True,model_interpolation,Linear interpolation from 2035 to 2040,CAND-A735954AF09420,P3,PORT-CCD4397FA6D4,200,109.942784,22.644507,281.895878,30284.795,107.432556,True,True,,0.0,1.265341119704999e-05,True,True,True,True,,0.0,0.0,0.0,2,3,0.3119871999999999,0.65,1.1400000000000001
JFE_STEEL_JP,JFE Steel,DISCLOSED_PATH,P3,2037,4,8.9175,14.0,5.0825,63.696,0.495,1.6,1.105,30.937,8.016499,12.8,4.783501,62.629,True,model_interpolation,Linear interpolation from 2035 to 2040,CAND-A735954AF09420,P3,PORT-CCD4397FA6D4,200,109.942784,22.644507,281.895878,30284.795,107.432556,True,True,,0.0,1.265341119704999e-05,True,True,True,True,,0.0,0.0,0.0,2,3,0.3119871999999999,0.65,1.1400000000000001
JFE_STEEL_JP,JFE Steel,DISCLOSED_PATH,P3,2038,4,8.9175,15.0,6.0825,59.45,0.495,1.8,1.305,27.5,8.016499,14.2,6.183501,56.454,True,model_interpolation,Linear interpolation from 2035 to 2040,CAND-A735954AF09420,P3,PORT-CCD4397FA6D4,200,109.942784,22.644507,281.895878,30284.795,107.432556,True,True,,0.0,1.265341119704999e-05,True,True,True,True,,0.0,0.0,0.0,2,3,0.3119871999999999,0.65,1.1400000000000001
JFE_STEEL_JP,JFE Steel,DISCLOSED_PATH,P3,2039,4,8.9175,16.0,7.0825,55.734,0.495,2.0,1.505,24.75,8.016499,15.600000000000001,7.583501,51.388,True,model_interpolation,Linear interpolation from 2035 to 2040,CAND-A735954AF09420,P3,PORT-CCD4397FA6D4,200,109.942784,22.644507,281.895878,30284.795,107.432556,True,True,,0.0,1.265341119704999e-05,True,True,True,True,,0.0,0.0,0.0,2,3,0.3119871999999999,0.65,1.1400000000000001
JFE_STEEL_JP,JFE Steel,DISCLOSED_PATH,P3,2040,4,8.9175,17.0,8.0825,52.456,0.495,2.2,1.705,22.5,8.016499,17.0,8.983501,47.156,True,model_estimate,Illustrative screening envelope; not an official supply forecast,CAND-A735954AF09420,P3,PORT-CCD4397FA6D4,200,109.942784,22.644507,281.895878,30284.795,107.432556,True,True,,0.0,1.265341119704999e-05,True,True,True,True,,0.0,0.0,0.0,2,3,0.3119871999999999,0.65,1.1400000000000001
JFE_STEEL_JP,JFE Steel,ACCELERATED_15C,P3,2026,0,0.0,5.0,5.0,0.0,0.0,0.1,0.1,0.0,0.0,1.5,1.5,0.0,True,model_interpolation,Linear interpolation from 2026 to 2030,CAND-A735954AF09420,P3,PORT-CCD4397FA6D4,200,99.837969,24.305051,281.895878,27384.963,97.145666,False,False,2040,5.28499579,-5.28499579,True,True,True,True,,0.0,0.0,0.0,2,3,0.3119871999999999,0.65,1.1400000000000001
JFE_STEEL_JP,JFE Steel,ACCELERATED_15C,P3,2027,0,0.0,6.25,6.25,0.0,0.0,0.225,0.225,0.0,0.0,2.875,2.875,0.0,True,model_interpolation,Linear interpolation from 2026 to 2030,CAND-A735954AF09420,P3,PORT-CCD4397FA6D4,200,99.837969,24.305051,281.895878,27384.963,97.145666,False,False,2040,5.28499579,-5.28499579,True,True,True,True,,0.0,0.0,0.0,2,3,0.3119871999999999,0.65,1.1400000000000001
JFE_STEEL_JP,JFE Steel,ACCELERATED_15C,P3,2028,0,0.0,7.5,7.5,0.0,0.0,0.35,0.35,0.0,0.0,4.25,4.25,0.0,True,model_interpolation,Linear interpolation from 2026 to 2030,CAND-A735954AF09420,P3,PORT-CCD4397FA6D4,200,99.837969,24.305051,281.895878,27384.963,97.145666,False,False,2040,5.28499579,-5.28499579,True,True,True,True,,0.0,0.0,0.0,2,3,0.3119871999999999,0.65,1.1400000000000001
JFE_STEEL_JP,JFE Steel,ACCELERATED_15C,P3,2029,1,6.120001,8.75,2.629999,69.943,0.0,0.475,0.475,0.0,3.808,5.625,1.817,67.698,True,model_interpolation,Linear interpolation from 2026 to 2030,CAND-A735954AF09420,P3,PORT-CCD4397FA6D4,200,99.837969,24.305051,281.895878,27384.963,97.145666,False,False,2040,5.28499579,-5.28499579,True,True,True,True,,0.0,0.0,0.0,2,3,0.3119871999999999,0.65,1.1400000000000001
JFE_STEEL_JP,JFE Steel,ACCELERATED_15C,P3,2030,1,6.120001,10.0,3.879999,61.2,0.0,0.6,0.6,0.0,3.808,7.0,3.192,54.4,True,model_interpolation,Linear interpolation from 2030 to 2035,CAND-A735954AF09420,P3,PORT-CCD4397FA6D4,200,99.837969,24.305051,281.895878,27384.963,97.145666,False,False,2040,5.28499579,-5.28499579,True,True,True,True,,0.0,0.0,0.0,2,3,0.3119871999999999,0.65,1.1400000000000001
JFE_STEEL_JP,JFE Steel,ACCELERATED_15C,P3,2031,1,6.120001,11.2,5.079999,54.643,0.0,0.8400000000000001,0.84,0.0,3.808,8.4,4.592,45.333,True,model_interpolation,Linear interpolation from 2030 to 2035,CAND-A735954AF09420,P3,PORT-CCD4397FA6D4,200,99.837969,24.305051,281.895878,27384.963,97.145666,False,False,2040,5.28499579,-5.28499579,True,True,True,True,,0.0,0.0,0.0,2,3,0.3119871999999999,0.65,1.1400000000000001
JFE_STEEL_JP,JFE Steel,ACCELERATED_15C,P3,2032,1,6.120001,12.4,6.279999,49.355,0.0,1.08,1.08,0.0,3.808,9.8,5.992,38.857,True,model_interpolation,Linear interpolation from 2030 to 2035,CAND-A735954AF09420,P3,PORT-CCD4397FA6D4,200,99.837969,24.305051,281.895878,27384.963,97.145666,False,False,2040,5.28499579,-5.28499579,True,True,True,True,,0.0,0.0,0.0,2,3,0.3119871999999999,0.65,1.1400000000000001
JFE_STEEL_JP,JFE Steel,ACCELERATED_15C,P3,2033,3,8.1,13.6,5.5,59.559,0.495,1.32,0.825,37.5,7.961999,11.2,3.238001,71.089,True,model_interpolation,Linear interpolation from 2030 to 2035,CAND-A735954AF09420,P3,PORT-CCD4397FA6D4,200,99.837969,24.305051,281.895878,27384.963,97.145666,False,False,2040,5.28499579,-5.28499579,True,True,True,True,,0.0,0.0,0.0,2,3,0.3119871999999999,0.65,1.1400000000000001
JFE_STEEL_JP,JFE Steel,ACCELERATED_15C,P3,2034,3,8.1,14.8,6.7,54.73,0.495,1.56,1.065,31.731,7.961999,12.600000000000001,4.638001,63.19,True,model_interpolation,Linear interpolation from 2030 to 2035,CAND-A735954AF09420,P3,PORT-CCD4397FA6D4,200,99.837969,24.305051,281.895878,27384.963,97.145666,False,False,2040,5.28499579,-5.28499579,True,True,True,True,,0.0,0.0,0.0,2,3,0.3119871999999999,0.65,1.1400000000000001
JFE_STEEL_JP,JFE Steel,ACCELERATED_15C,P3,2035,3,8.1,16.0,7.9,50.625,0.495,1.8,1.305,27.5,7.961999,14.0,6.038001,56.871,True,model_interpolation,Linear interpolation from 2035 to 2040,CAND-A735954AF09420,P3,PORT-CCD4397FA6D4,200,99.837969,24.305051,281.895878,27384.963,97.145666,False,False,2040,5.28499579,-5.28499579,True,True,True,True,,0.0,0.0,0.0,2,3,0.3119871999999999,0.65,1.1400000000000001
JFE_STEEL_JP,JFE Steel,ACCELERATED_15C,P3,2036,4,8.9175,17.0,8.0825,52.456,0.495,2.04,1.545,24.265,8.016499,15.6,7.583501,51.388,True,model_interpolation,Linear interpolation from 2035 to 2040,CAND-A735954AF09420,P3,PORT-CCD4397FA6D4,200,99.837969,24.305051,281.895878,27384.963,97.145666,False,False,2040,5.28499579,-5.28499579,True,True,True,True,,0.0,0.0,0.0,2,3,0.3119871999999999,0.65,1.1400000000000001
JFE_STEEL_JP,JFE Steel,ACCELERATED_15C,P3,2037,4,8.9175,18.0,9.0825,49.542,0.495,2.2800000000000002,1.785,21.711,8.016499,17.2,9.183501,46.608,True,model_interpolation,Linear interpolation from 2035 to 2040,CAND-A735954AF09420,P3,PORT-CCD4397FA6D4,200,99.837969,24.305051,281.895878,27384.963,97.145666,False,False,2040,5.28499579,-5.28499579,True,True,True,True,,0.0,0.0,0.0,2,3,0.3119871999999999,0.65,1.1400000000000001
JFE_STEEL_JP,JFE Steel,ACCELERATED_15C,P3,2038,4,8.9175,19.0,10.0825,46.934,0.495,2.52,2.025,19.643,8.016499,18.8,10.783501,42.641,True,model_interpolation,Linear interpolation from 2035 to 2040,CAND-A735954AF09420,P3,PORT-CCD4397FA6D4,200,99.837969,24.305051,281.895878,27384.963,97.145666,False,False,2040,5.28499579,-5.28499579,True,True,True,True,,0.0,0.0,0.0,2,3,0.3119871999999999,0.65,1.1400000000000001
JFE_STEEL_JP,JFE Steel,ACCELERATED_15C,P3,2039,4,8.9175,20.0,11.0825,44.587,0.495,2.76,2.265,17.935,8.016499,20.4,12.383501,39.297,True,model_interpolation,Linear interpolation from 2035 to 2040,CAND-A735954AF09420,P3,PORT-CCD4397FA6D4,200,99.837969,24.305051,281.895878,27384.963,97.145666,False,False,2040,5.28499579,-5.28499579,True,True,True,True,,0.0,0.0,0.0,2,3,0.3119871999999999,0.65,1.1400000000000001
JFE_STEEL_JP,JFE Steel,ACCELERATED_15C,P3,2040,4,8.9175,21.0,12.0825,42.464,0.495,3.0,2.505,16.5,8.016499,22.0,13.983501,36.439,True,model_estimate,Illustrative accelerated envelope; not GCAM or an official supply forecast,CAND-A735954AF09420,P3,PORT-CCD4397FA6D4,200,99.837969,24.305051,281.895878,27384.963,97.145666,False,False,2040,5.28499579,-5.28499579,True,True,True,True,,0.0,0.0,0.0,2,3,0.3119871999999999,0.65,1.1400000000000001
KOBE_STEEL_JP,Kobe Steel,DISCLOSED_PATH,P1,2026,0,0.0,2.0,2.0,0.0,0.0,0.0,0.0,0.0,0.0,0.8,0.8,0.0,True,model_interpolation,Linear interpolation from 2026 to 2030,CAND-B3597FD7767497,P1,PORT-9862FC05DA24,200,192.04197,48.304787,105.301092,19771.105,187.757835,True,True,,0.0,9.990856690045291e-05,True,True,True,True,,0.0,0.0,0.0,1,1,0.3612199999999999,0.6,1.54
KOBE_STEEL_JP,Kobe Steel,DISCLOSED_PATH,P1,2027,0,0.0,2.5,2.5,0.0,0.0,0.075,0.075,0.0,0.0,1.35,1.35,0.0,True,model_interpolation,Linear interpolation from 2026 to 2030,CAND-B3597FD7767497,P1,PORT-9862FC05DA24,200,192.04197,48.304787,105.301092,19771.105,187.757835,True,True,,0.0,9.990856690045291e-05,True,True,True,True,,0.0,0.0,0.0,1,1,0.3612199999999999,0.6,1.54
KOBE_STEEL_JP,Kobe Steel,DISCLOSED_PATH,P1,2028,0,0.0,3.0,3.0,0.0,0.0,0.15,0.15,0.0,0.0,1.9000000000000001,1.9,0.0,True,model_interpolation,Linear interpolation from 2026 to 2030,CAND-B3597FD7767497,P1,PORT-9862FC05DA24,200,192.04197,48.304787,105.301092,19771.105,187.757835,True,True,,0.0,9.990856690045291e-05,True,True,True,True,,0.0,0.0,0.0,1,1,0.3612199999999999,0.6,1.54
KOBE_STEEL_JP,Kobe Steel,DISCLOSED_PATH,P1,2029,1,0.4425,3.5,3.0575,12.643,0.16225,0.22499999999999998,0.06275,72.111,1.357,2.45,1.093,55.388,True,model_interpolation,Linear interpolation from 2026 to 2030,CAND-B3597FD7767497,P1,PORT-9862FC05DA24,200,192.04197,48.304787,105.301092,19771.105,187.757835,True,True,,0.0,9.990856690045291e-05,True,True,True,True,,0.0,0.0,0.0,1,1,0.3612199999999999,0.6,1.54
KOBE_STEEL_JP,Kobe Steel,DISCLOSED_PATH,P1,2030,1,0.4425,4.0,3.5575,11.063,0.16225,0.3,0.13775,54.083,1.357,3.0,1.643,45.233,True,model_interpolation,Linear interpolation from 2030 to 2035,CAND-B3597FD7767497,P1,PORT-9862FC05DA24,200,192.04197,48.304787,105.301092,19771.105,187.757835,True,True,,0.0,9.990856690045291e-05,True,True,True,True,,0.0,0.0,0.0,1,1,0.3612199999999999,0.6,1.54
KOBE_STEEL_JP,Kobe Steel,DISCLOSED_PATH,P1,2031,1,0.4425,4.0,3.5575,11.063,0.16225,0.32,0.15775,50.703,1.357,3.0,1.643,45.233,True,model_interpolation,Linear interpolation from 2030 to 2035,CAND-B3597FD7767497,P1,PORT-9862FC05DA24,200,192.04197,48.304787,105.301092,19771.105,187.757835,True,True,,0.0,9.990856690045291e-05,True,True,True,True,,0.0,0.0,0.0,1,1,0.3612199999999999,0.6,1.54
KOBE_STEEL_JP,Kobe Steel,DISCLOSED_PATH,P1,2032,1,0.4425,4.0,3.5575,11.063,0.16225,0.34,0.17775,47.721,1.357,3.0,1.643,45.233,True,model_interpolation,Linear interpolation from 2030 to 2035,CAND-B3597FD7767497,P1,PORT-9862FC05DA24,200,192.04197,48.304787,105.301092,19771.105,187.757835,True,True,,0.0,9.990856690045291e-05,True,True,True,True,,0.0,0.0,0.0,1,1,0.3612199999999999,0.6,1.54
KOBE_STEEL_JP,Kobe Steel,DISCLOSED_PATH,P1,2033,2,0.5325,4.0,3.4675,13.313,0.16225,0.36,0.19775,45.069,1.359,3.0,1.641,45.3,True,model_interpolation,Linear interpolation from 2030 to 2035,CAND-B3597FD7767497,P1,PORT-9862FC05DA24,200,192.04197,48.304787,105.301092,19771.105,187.757835,True,True,,0.0,9.990856690045291e-05,True,True,True,True,,0.0,0.0,0.0,1,1,0.3612199999999999,0.6,1.54
KOBE_STEEL_JP,Kobe Steel,DISCLOSED_PATH,P1,2034,2,0.5325,4.0,3.4675,13.313,0.16225,0.38,0.21775,42.697,1.359,3.0,1.641,45.3,True,model_interpolation,Linear interpolation from 2030 to 2035,CAND-B3597FD7767497,P1,PORT-9862FC05DA24,200,192.04197,48.304787,105.301092,19771.105,187.757835,True,True,,0.0,9.990856690045291e-05,True,True,True,True,,0.0,0.0,0.0,1,1,0.3612199999999999,0.6,1.54
KOBE_STEEL_JP,Kobe Steel,DISCLOSED_PATH,P1,2035,2,0.5325,4.0,3.4675,13.313,0.16225,0.4,0.23775,40.563,1.359,3.0,1.641,45.3,True,model_interpolation,Linear interpolation from 2035 to 2040,CAND-B3597FD7767497,P1,PORT-9862FC05DA24,200,192.04197,48.304787,105.301092,19771.105,187.757835,True,True,,0.0,9.990856690045291e-05,True,True,True,True,,0.0,0.0,0.0,1,1,0.3612199999999999,0.6,1.54
KOBE_STEEL_JP,Kobe Steel,DISCLOSED_PATH,P1,2036,2,0.5325,4.2,3.6675,12.679,0.16225,0.48000000000000004,0.31775,33.802,1.359,3.4,2.041,39.971,True,model_interpolation,Linear interpolation from 2035 to 2040,CAND-B3597FD7767497,P1,PORT-9862FC05DA24,200,192.04197,48.304787,105.301092,19771.105,187.757835,True,True,,0.0,9.990856690045291e-05,True,True,True,True,,0.0,0.0,0.0,1,1,0.3612199999999999,0.6,1.54
KOBE_STEEL_JP,Kobe Steel,DISCLOSED_PATH,P1,2037,3,0.969,4.4,3.431,22.023,0.3223,0.56,0.2377,57.554,2.6976,3.8,1.1024,70.989,True,model_interpolation,Linear interpolation from 2035 to 2040,CAND-B3597FD7767497,P1,PORT-9862FC05DA24,200,192.04197,48.304787,105.301092,19771.105,187.757835,True,True,,0.0,9.990856690045291e-05,True,True,True,True,,0.0,0.0,0.0,1,1,0.3612199999999999,0.6,1.54
KOBE_STEEL_JP,Kobe Steel,DISCLOSED_PATH,P1,2038,3,0.969,4.6,3.631,21.065,0.3223,0.64,0.3177,50.359,2.6976,4.2,1.5024,64.229,True,model_interpolation,Linear interpolation from 2035 to 2040,CAND-B3597FD7767497,P1,PORT-9862FC05DA24,200,192.04197,48.304787,105.301092,19771.105,187.757835,True,True,,0.0,9.990856690045291e-05,True,True,True,True,,0.0,0.0,0.0,1,1,0.3612199999999999,0.6,1.54
KOBE_STEEL_JP,Kobe Steel,DISCLOSED_PATH,P1,2039,3,0.969,4.8,3.831,20.187,0.3223,0.7200000000000001,0.3977,44.764,2.6976,4.6,1.9024,58.643,True,model_interpolation,Linear interpolation from 2035 to 2040,CAND-B3597FD7767497,P1,PORT-9862FC05DA24,200,192.04197,48.304787,105.301092,19771.105,187.757835,True,True,,0.0,9.990856690045291e-05,True,True,True,True,,0.0,0.0,0.0,1,1,0.3612199999999999,0.6,1.54
KOBE_STEEL_JP,Kobe Steel,DISCLOSED_PATH,P1,2040,3,0.969,5.0,4.031,19.38,0.3223,0.8,0.4777,40.287,2.6976,5.0,2.3024,53.952,True,model_estimate,Illustrative screening envelope; not an official supply forecast,CAND-B3597FD7767497,P1,PORT-9862FC05DA24,200,192.04197,48.304787,105.301092,19771.105,187.757835,True,True,,0.0,9.990856690045291e-05,True,True,True,True,,0.0,0.0,0.0,1,1,0.3612199999999999,0.6,1.54
KOBE_STEEL_JP,Kobe Steel,ACCELERATED_15C,P1,2026,0,0.0,2.0,2.0,0.0,0.0,0.2,0.2,0.0,0.0,1.0,1.0,0.0,True,model_interpolation,Linear interpolation from 2026 to 2030,CAND-B3597FD7767497,P1,PORT-9862FC05DA24,200,188.366908,54.245609,105.301092,19500.781,185.19068,True,True,,0.0,9.990856690045291e-05,True,True,True,True,,0.0,0.0,0.0,1,1,0.3612199999999999,0.6,1.54
KOBE_STEEL_JP,Kobe Steel,ACCELERATED_15C,P1,2027,0,0.0,2.25,2.25,0.0,0.0,0.25,0.25,0.0,0.0,1.375,1.375,0.0,True,model_interpolation,Linear interpolation from 2026 to 2030,CAND-B3597FD7767497,P1,PORT-9862FC05DA24,200,188.366908,54.245609,105.301092,19500.781,185.19068,True,True,,0.0,9.990856690045291e-05,True,True,True,True,,0.0,0.0,0.0,1,1,0.3612199999999999,0.6,1.54
KOBE_STEEL_JP,Kobe Steel,ACCELERATED_15C,P1,2028,0,0.0,2.5,2.5,0.0,0.0,0.30000000000000004,0.3,0.0,0.0,1.75,1.75,0.0,True,model_interpolation,Linear interpolation from 2026 to 2030,CAND-B3597FD7767497,P1,PORT-9862FC05DA24,200,188.366908,54.245609,105.301092,19500.781,185.19068,True,True,,0.0,9.990856690045291e-05,True,True,True,True,,0.0,0.0,0.0,1,1,0.3612199999999999,0.6,1.54
KOBE_STEEL_JP,Kobe Steel,ACCELERATED_15C,P1,2029,1,0.4425,2.75,2.3075,16.091,0.16225,0.35000000000000003,0.18775,46.357,1.357,2.125,0.768,63.859,True,model_interpolation,Linear interpolation from 2026 to 2030,CAND-B3597FD7767497,P1,PORT-9862FC05DA24,200,188.366908,54.245609,105.301092,19500.781,185.19068,True,True,,0.0,9.990856690045291e-05,True,True,True,True,,0.0,0.0,0.0,1,1,0.3612199999999999,0.6,1.54
KOBE_STEEL_JP,Kobe Steel,ACCELERATED_15C,P1,2030,1,0.4425,3.0,2.5575,14.75,0.16225,0.4,0.23775,40.563,1.357,2.5,1.143,54.28,True,model_interpolation,Linear interpolation from 2030 to 2035,CAND-B3597FD7767497,P1,PORT-9862FC05DA24,200,188.366908,54.245609,105.301092,19500.781,185.19068,True,True,,0.0,9.990856690045291e-05,True,True,True,True,,0.0,0.0,0.0,1,1,0.3612199999999999,0.6,1.54
KOBE_STEEL_JP,Kobe Steel,ACCELERATED_15C,P1,2031,1,0.4425,3.4,2.9575,13.015,0.16225,0.44,0.27775,36.875,1.357,2.8,1.443,48.464,True,model_interpolation,Linear interpolation from 2030 to 2035,CAND-B3597FD7767497,P1,PORT-9862FC05DA24,200,188.366908,54.245609,105.301092,19500.781,185.19068,True,True,,0.0,9.990856690045291e-05,True,True,True,True,,0.0,0.0,0.0,1,1,0.3612199999999999,0.6,1.54
KOBE_STEEL_JP,Kobe Steel,ACCELERATED_15C,P1,2032,1,0.4425,3.8,3.3575,11.645,0.16225,0.48,0.31775,33.802,1.357,3.1,1.743,43.774,True,model_interpolation,Linear interpolation from 2030 to 2035,CAND-B3597FD7767497,P1,PORT-9862FC05DA24,200,188.366908,54.245609,105.301092,19500.781,185.19068,True,True,,0.0,9.990856690045291e-05,True,True,True,True,,0.0,0.0,0.0,1,1,0.3612199999999999,0.6,1.54
KOBE_STEEL_JP,Kobe Steel,ACCELERATED_15C,P1,2033,2,0.5325,4.2,3.6675,12.679,0.16225,0.52,0.35775,31.202,1.359,3.4,2.041,39.971,True,model_interpolation,Linear interpolation from 2030 to 2035,CAND-B3597FD7767497,P1,PORT-9862FC05DA24,200,188.366908,54.245609,105.301092,19500.781,185.19068,True,True,,0.0,9.990856690045291e-05,True,True,True,True,,0.0,0.0,0.0,1,1,0.3612199999999999,0.6,1.54
KOBE_STEEL_JP,Kobe Steel,ACCELERATED_15C,P1,2034,2,0.5325,4.6,4.0675,11.576,0.16225,0.56,0.39775,28.973,1.359,3.7,2.341,36.73,True,model_interpolation,Linear interpolation from 2030 to 2035,CAND-B3597FD7767497,P1,PORT-9862FC05DA24,200,188.366908,54.245609,105.301092,19500.781,185.19068,True,True,,0.0,9.990856690045291e-05,True,True,True,True,,0.0,0.0,0.0,1,1,0.3612199999999999,0.6,1.54
KOBE_STEEL_JP,Kobe Steel,ACCELERATED_15C,P1,2035,2,0.5325,5.0,4.4675,10.65,0.16225,0.6,0.43775,27.042,1.359,4.0,2.641,33.975,True,model_interpolation,Linear interpolation from 2035 to 2040,CAND-B3597FD7767497,P1,PORT-9862FC05DA24,200,188.366908,54.245609,105.301092,19500.781,185.19068,True,True,,0.0,9.990856690045291e-05,True,True,True,True,,0.0,0.0,0.0,1,1,0.3612199999999999,0.6,1.54
KOBE_STEEL_JP,Kobe Steel,ACCELERATED_15C,P1,2036,2,0.5325,5.2,4.6675,10.24,0.16225,0.6799999999999999,0.51775,23.86,1.359,4.5,3.141,30.2,True,model_interpolation,Linear interpolation from 2035 to 2040,CAND-B3597FD7767497,P1,PORT-9862FC05DA24,200,188.366908,54.245609,105.301092,19500.781,185.19068,True,True,,0.0,9.990856690045291e-05,True,True,True,True,,0.0,0.0,0.0,1,1,0.3612199999999999,0.6,1.54
KOBE_STEEL_JP,Kobe Steel,ACCELERATED_15C,P1,2037,3,0.969,5.4,4.431,17.944,0.3223,0.76,0.4377,42.408,2.6976,5.0,2.3024,53.952,True,model_interpolation,Linear interpolation from 2035 to 2040,CAND-B3597FD7767497,P1,PORT-9862FC05DA24,200,188.366908,54.245609,105.301092,19500.781,185.19068,True,True,,0.0,9.990856690045291e-05,True,True,True,True,,0.0,0.0,0.0,1,1,0.3612199999999999,0.6,1.54
KOBE_STEEL_JP,Kobe Steel,ACCELERATED_15C,P1,2038,3,0.969,5.6,4.631,17.304,0.3223,0.84,0.5177,38.369,2.6976,5.5,2.8024,49.047,True,model_interpolation,Linear interpolation from 2035 to 2040,CAND-B3597FD7767497,P1,PORT-9862FC05DA24,200,188.366908,54.245609,105.301092,19500.781,185.19068,True,True,,0.0,9.990856690045291e-05,True,True,True,True,,0.0,0.0,0.0,1,1,0.3612199999999999,0.6,1.54
KOBE_STEEL_JP,Kobe Steel,ACCELERATED_15C,P1,2039,3,0.969,5.8,4.831,16.707,0.3223,0.92,0.5977,35.033,2.6976,6.0,3.3024,44.96,True,model_interpolation,Linear interpolation from 2035 to 2040,CAND-B3597FD7767497,P1,PORT-9862FC05DA24,200,188.366908,54.245609,105.301092,19500.781,185.19068,True,True,,0.0,9.990856690045291e-05,True,True,True,True,,0.0,0.0,0.0,1,1,0.3612199999999999,0.6,1.54
KOBE_STEEL_JP,Kobe Steel,ACCELERATED_15C,P1,2040,3,0.969,6.0,5.031,16.15,0.3223,1.0,0.6777,32.23,2.6976,6.5,3.8024,41.502,True,model_estimate,Illustrative accelerated envelope; not GCAM or an official supply forecast,CAND-B3597FD7767497,P1,PORT-9862FC05DA24,200,188.366908,54.245609,105.301092,19500.781,185.19068,True,True,,0.0,9.990856690045291e-05,True,True,True,True,,0.0,0.0,0.0,1,1,0.3612199999999999,0.6,1.54
KOBE_STEEL_JP,Kobe Steel,DISCLOSED_PATH,P4,2026,0,0.0,2.0,2.0,0.0,0.0,0.0,0.0,0.0,0.0,0.8,0.8,0.0,True,model_interpolation,Linear interpolation from 2026 to 2030,CAND-B51B2DE2F2D28C,P4,PORT-8A59F01B884D,200,138.812994,19.581861,114.781594,15757.538,137.282794,True,False,,0.0,9.990856690045291e-05,False,False,True,True,2028,0.0,0.012250011000000005,0.0,1,1,0.28332,0.6,1.06
KOBE_STEEL_JP,Kobe Steel,DISCLOSED_PATH,P4,2027,0,0.0,2.5,2.5,0.0,0.0,0.075,0.075,0.0,0.0,1.35,1.35,0.0,True,model_interpolation,Linear interpolation from 2026 to 2030,CAND-B51B2DE2F2D28C,P4,PORT-8A59F01B884D,200,138.812994,19.581861,114.781594,15757.538,137.282794,True,False,,0.0,9.990856690045291e-05,False,False,True,True,2028,0.0,0.012250011000000005,0.0,1,1,0.28332,0.6,1.06
KOBE_STEEL_JP,Kobe Steel,DISCLOSED_PATH,P4,2028,1,0.4425,3.0,2.5575,14.75,0.16225,0.15,-0.01225,108.167,1.357,1.9000000000000001,0.543,71.421,False,model_interpolation,Linear interpolation from 2026 to 2030,CAND-B51B2DE2F2D28C,P4,PORT-8A59F01B884D,200,138.812994,19.581861,114.781594,15757.538,137.282794,True,False,,0.0,9.990856690045291e-05,False,False,True,True,2028,0.0,0.012250011000000005,0.0,1,1,0.28332,0.6,1.06
KOBE_STEEL_JP,Kobe Steel,DISCLOSED_PATH,P4,2029,1,0.4425,3.5,3.0575,12.643,0.16225,0.22499999999999998,0.06275,72.111,1.357,2.45,1.093,55.388,True,model_interpolation,Linear interpolation from 2026 to 2030,CAND-B51B2DE2F2D28C,P4,PORT-8A59F01B884D,200,138.812994,19.581861,114.781594,15757.538,137.282794,True,False,,0.0,9.990856690045291e-05,False,False,True,True,2028,0.0,0.012250011000000005,0.0,1,1,0.28332,0.6,1.06
KOBE_STEEL_JP,Kobe Steel,DISCLOSED_PATH,P4,2030,1,0.4425,4.0,3.5575,11.063,0.16225,0.3,0.13775,54.083,1.357,3.0,1.643,45.233,True,model_interpolation,Linear interpolation from 2030 to 2035,CAND-B51B2DE2F2D28C,P4,PORT-8A59F01B884D,200,138.812994,19.581861,114.781594,15757.538,137.282794,True,False,,0.0,9.990856690045291e-05,False,False,True,True,2028,0.0,0.012250011000000005,0.0,1,1,0.28332,0.6,1.06
KOBE_STEEL_JP,Kobe Steel,DISCLOSED_PATH,P4,2031,1,0.4425,4.0,3.5575,11.063,0.16225,0.32,0.15775,50.703,1.357,3.0,1.643,45.233,True,model_interpolation,Linear interpolation from 2030 to 2035,CAND-B51B2DE2F2D28C,P4,PORT-8A59F01B884D,200,138.812994,19.581861,114.781594,15757.538,137.282794,True,False,,0.0,9.990856690045291e-05,False,False,True,True,2028,0.0,0.012250011000000005,0.0,1,1,0.28332,0.6,1.06
KOBE_STEEL_JP,Kobe Steel,DISCLOSED_PATH,P4,2032,2,0.5325,4.0,3.4675,13.313,0.16225,0.34,0.17775,47.721,1.359,3.0,1.641,45.3,True,model_interpolation,Linear interpolation from 2030 to 2035,CAND-B51B2DE2F2D28C,P4,PORT-8A59F01B884D,200,138.812994,19.581861,114.781594,15757.538,137.282794,True,False,,0.0,9.990856690045291e-05,False,False,True,True,2028,0.0,0.012250011000000005,0.0,1,1,0.28332,0.6,1.06
KOBE_STEEL_JP,Kobe Steel,DISCLOSED_PATH,P4,2033,2,0.5325,4.0,3.4675,13.313,0.16225,0.36,0.19775,45.069,1.359,3.0,1.641,45.3,True,model_interpolation,Linear interpolation from 2030 to 2035,CAND-B51B2DE2F2D28C,P4,PORT-8A59F01B884D,200,138.812994,19.581861,114.781594,15757.538,137.282794,True,False,,0.0,9.990856690045291e-05,False,False,True,True,2028,0.0,0.012250011000000005,0.0,1,1,0.28332,0.6,1.06
KOBE_STEEL_JP,Kobe Steel,DISCLOSED_PATH,P4,2034,2,0.5325,4.0,3.4675,13.313,0.16225,0.38,0.21775,42.697,1.359,3.0,1.641,45.3,True,model_interpolation,Linear interpolation from 2030 to 2035,CAND-B51B2DE2F2D28C,P4,PORT-8A59F01B884D,200,138.812994,19.581861,114.781594,15757.538,137.282794,True,False,,0.0,9.990856690045291e-05,False,False,True,True,2028,0.0,0.012250011000000005,0.0,1,1,0.28332,0.6,1.06
KOBE_STEEL_JP,Kobe Steel,DISCLOSED_PATH,P4,2035,2,0.5325,4.0,3.4675,13.313,0.16225,0.4,0.23775,40.563,1.359,3.0,1.641,45.3,True,model_interpolation,Linear interpolation from 2035 to 2040,CAND-B51B2DE2F2D28C,P4,PORT-8A59F01B884D,200,138.812994,19.581861,114.781594,15757.538,137.282794,True,False,,0.0,9.990856690045291e-05,False,False,True,True,2028,0.0,0.012250011000000005,0.0,1,1,0.28332,0.6,1.06
KOBE_STEEL_JP,Kobe Steel,DISCLOSED_PATH,P4,2036,3,3.151499,4.2,1.048501,75.036,0.16225,0.48000000000000004,0.31775,33.802,2.988599,3.4,0.411401,87.9,True,model_interpolation,Linear interpolation from 2035 to 2040,CAND-B51B2DE2F2D28C,P4,PORT-8A59F01B884D,200,138.812994,19.581861,114.781594,15757.538,137.282794,True,False,,0.0,9.990856690045291e-05,False,False,True,True,2028,0.0,0.012250011000000005,0.0,1,1,0.28332,0.6,1.06
KOBE_STEEL_JP,Kobe Steel,DISCLOSED_PATH,P4,2037,3,3.151499,4.4,1.248501,71.625,0.16225,0.56,0.39775,28.973,2.988599,3.8,0.811401,78.647,True,model_interpolation,Linear interpolation from 2035 to 2040,CAND-B51B2DE2F2D28C,P4,PORT-8A59F01B884D,200,138.812994,19.581861,114.781594,15757.538,137.282794,True,False,,0.0,9.990856690045291e-05,False,False,True,True,2028,0.0,0.012250011000000005,0.0,1,1,0.28332,0.6,1.06
KOBE_STEEL_JP,Kobe Steel,DISCLOSED_PATH,P4,2038,3,3.151499,4.6,1.448501,68.511,0.16225,0.64,0.47775,25.352,2.988599,4.2,1.211401,71.157,True,model_interpolation,Linear interpolation from 2035 to 2040,CAND-B51B2DE2F2D28C,P4,PORT-8A59F01B884D,200,138.812994,19.581861,114.781594,15757.538,137.282794,True,False,,0.0,9.990856690045291e-05,False,False,True,True,2028,0.0,0.012250011000000005,0.0,1,1,0.28332,0.6,1.06
KOBE_STEEL_JP,Kobe Steel,DISCLOSED_PATH,P4,2039,3,3.151499,4.8,1.648501,65.656,0.16225,0.7200000000000001,0.55775,22.535,2.988599,4.6,1.611401,64.97,True,model_interpolation,Linear interpolation from 2035 to 2040,CAND-B51B2DE2F2D28C,P4,PORT-8A59F01B884D,200,138.812994,19.581861,114.781594,15757.538,137.282794,True,False,,0.0,9.990856690045291e-05,False,False,True,True,2028,0.0,0.012250011000000005,0.0,1,1,0.28332,0.6,1.06
KOBE_STEEL_JP,Kobe Steel,DISCLOSED_PATH,P4,2040,3,3.151499,5.0,1.848501,63.03,0.16225,0.8,0.63775,20.281,2.988599,5.0,2.011401,59.772,True,model_estimate,Illustrative screening envelope; not an official supply forecast,CAND-B51B2DE2F2D28C,P4,PORT-8A59F01B884D,200,138.812994,19.581861,114.781594,15757.538,137.282794,True,False,,0.0,9.990856690045291e-05,False,False,True,True,2028,0.0,0.012250011000000005,0.0,1,1,0.28332,0.6,1.06
KOBE_STEEL_JP,Kobe Steel,ACCELERATED_15C,P4,2026,0,0.0,2.0,2.0,0.0,0.0,0.2,0.2,0.0,0.0,1.0,1.0,0.0,True,model_interpolation,Linear interpolation from 2026 to 2030,CAND-B51B2DE2F2D28C,P4,PORT-8A59F01B884D,200,125.117246,19.770355,114.781594,14200.239,123.715296,True,True,,0.0,9.990856690045291e-05,True,True,True,True,,0.0,0.0,0.0,1,1,0.28332,0.6,1.06
KOBE_STEEL_JP,Kobe Steel,ACCELERATED_15C,P4,2027,0,0.0,2.25,2.25,0.0,0.0,0.25,0.25,0.0,0.0,1.375,1.375,0.0,True,model_interpolation,Linear interpolation from 2026 to 2030,CAND-B51B2DE2F2D28C,P4,PORT-8A59F01B884D,200,125.117246,19.770355,114.781594,14200.239,123.715296,True,True,,0.0,9.990856690045291e-05,True,True,True,True,,0.0,0.0,0.0,1,1,0.28332,0.6,1.06
KOBE_STEEL_JP,Kobe Steel,ACCELERATED_15C,P4,2028,1,0.4425,2.5,2.0575,17.7,0.16225,0.30000000000000004,0.13775,54.083,1.357,1.75,0.393,77.543,True,model_interpolation,Linear interpolation from 2026 to 2030,CAND-B51B2DE2F2D28C,P4,PORT-8A59F01B884D,200,125.117246,19.770355,114.781594,14200.239,123.715296,True,True,,0.0,9.990856690045291e-05,True,True,True,True,,0.0,0.0,0.0,1,1,0.28332,0.6,1.06
KOBE_STEEL_JP,Kobe Steel,ACCELERATED_15C,P4,2029,1,0.4425,2.75,2.3075,16.091,0.16225,0.35000000000000003,0.18775,46.357,1.357,2.125,0.768,63.859,True,model_interpolation,Linear interpolation from 2026 to 2030,CAND-B51B2DE2F2D28C,P4,PORT-8A59F01B884D,200,125.117246,19.770355,114.781594,14200.239,123.715296,True,True,,0.0,9.990856690045291e-05,True,True,True,True,,0.0,0.0,0.0,1,1,0.28332,0.6,1.06
KOBE_STEEL_JP,Kobe Steel,ACCELERATED_15C,P4,2030,1,0.4425,3.0,2.5575,14.75,0.16225,0.4,0.23775,40.563,1.357,2.5,1.143,54.28,True,model_interpolation,Linear interpolation from 2030 to 2035,CAND-B51B2DE2F2D28C,P4,PORT-8A59F01B884D,200,125.117246,19.770355,114.781594,14200.239,123.715296,True,True,,0.0,9.990856690045291e-05,True,True,True,True,,0.0,0.0,0.0,1,1,0.28332,0.6,1.06
KOBE_STEEL_JP,Kobe Steel,ACCELERATED_15C,P4,2031,1,0.4425,3.4,2.9575,13.015,0.16225,0.44,0.27775,36.875,1.357,2.8,1.443,48.464,True,model_interpolation,Linear interpolation from 2030 to 2035,CAND-B51B2DE2F2D28C,P4,PORT-8A59F01B884D,200,125.117246,19.770355,114.781594,14200.239,123.715296,True,True,,0.0,9.990856690045291e-05,True,True,True,True,,0.0,0.0,0.0,1,1,0.28332,0.6,1.06
KOBE_STEEL_JP,Kobe Steel,ACCELERATED_15C,P4,2032,2,0.5325,3.8,3.2675,14.013,0.16225,0.48,0.31775,33.802,1.359,3.1,1.741,43.839,True,model_interpolation,Linear interpolation from 2030 to 2035,CAND-B51B2DE2F2D28C,P4,PORT-8A59F01B884D,200,125.117246,19.770355,114.781594,14200.239,123.715296,True,True,,0.0,9.990856690045291e-05,True,True,True,True,,0.0,0.0,0.0,1,1,0.28332,0.6,1.06
KOBE_STEEL_JP,Kobe Steel,ACCELERATED_15C,P4,2033,2,0.5325,4.2,3.6675,12.679,0.16225,0.52,0.35775,31.202,1.359,3.4,2.041,39.971,True,model_interpolation,Linear interpolation from 2030 to 2035,CAND-B51B2DE2F2D28C,P4,PORT-8A59F01B884D,200,125.117246,19.770355,114.781594,14200.239,123.715296,True,True,,0.0,9.990856690045291e-05,True,True,True,True,,0.0,0.0,0.0,1,1,0.28332,0.6,1.06
KOBE_STEEL_JP,Kobe Steel,ACCELERATED_15C,P4,2034,2,0.5325,4.6,4.0675,11.576,0.16225,0.56,0.39775,28.973,1.359,3.7,2.341,36.73,True,model_interpolation,Linear interpolation from 2030 to 2035,CAND-B51B2DE2F2D28C,P4,PORT-8A59F01B884D,200,125.117246,19.770355,114.781594,14200.239,123.715296,True,True,,0.0,9.990856690045291e-05,True,True,True,True,,0.0,0.0,0.0,1,1,0.28332,0.6,1.06
KOBE_STEEL_JP,Kobe Steel,ACCELERATED_15C,P4,2035,2,0.5325,5.0,4.4675,10.65,0.16225,0.6,0.43775,27.042,1.359,4.0,2.641,33.975,True,model_interpolation,Linear interpolation from 2035 to 2040,CAND-B51B2DE2F2D28C,P4,PORT-8A59F01B884D,200,125.117246,19.770355,114.781594,14200.239,123.715296,True,True,,0.0,9.990856690045291e-05,True,True,True,True,,0.0,0.0,0.0,1,1,0.28332,0.6,1.06
KOBE_STEEL_JP,Kobe Steel,ACCELERATED_15C,P4,2036,3,3.151499,5.2,2.048501,60.606,0.16225,0.6799999999999999,0.51775,23.86,2.988599,4.5,1.511401,66.413,True,model_interpolation,Linear interpolation from 2035 to 2040,CAND-B51B2DE2F2D28C,P4,PORT-8A59F01B884D,200,125.117246,19.770355,114.781594,14200.239,123.715296,True,True,,0.0,9.990856690045291e-05,True,True,True,True,,0.0,0.0,0.0,1,1,0.28332,0.6,1.06
KOBE_STEEL_JP,Kobe Steel,ACCELERATED_15C,P4,2037,3,3.151499,5.4,2.248501,58.361,0.16225,0.76,0.59775,21.349,2.988599,5.0,2.011401,59.772,True,model_interpolation,Linear interpolation from 2035 to 2040,CAND-B51B2DE2F2D28C,P4,PORT-8A59F01B884D,200,125.117246,19.770355,114.781594,14200.239,123.715296,True,True,,0.0,9.990856690045291e-05,True,True,True,True,,0.0,0.0,0.0,1,1,0.28332,0.6,1.06
KOBE_STEEL_JP,Kobe Steel,ACCELERATED_15C,P4,2038,3,3.151499,5.6,2.448501,56.277,0.16225,0.84,0.67775,19.315,2.988599,5.5,2.511401,54.338,True,model_interpolation,Linear interpolation from 2035 to 2040,CAND-B51B2DE2F2D28C,P4,PORT-8A59F01B884D,200,125.117246,19.770355,114.781594,14200.239,123.715296,True,True,,0.0,9.990856690045291e-05,True,True,True,True,,0.0,0.0,0.0,1,1,0.28332,0.6,1.06
KOBE_STEEL_JP,Kobe Steel,ACCELERATED_15C,P4,2039,3,3.151499,5.8,2.648501,54.336,0.16225,0.92,0.75775,17.636,2.988599,6.0,3.011401,49.81,True,model_interpolation,Linear interpolation from 2035 to 2040,CAND-B51B2DE2F2D28C,P4,PORT-8A59F01B884D,200,125.117246,19.770355,114.781594,14200.239,123.715296,True,True,,0.0,9.990856690045291e-05,True,True,True,True,,0.0,0.0,0.0,1,1,0.28332,0.6,1.06
KOBE_STEEL_JP,Kobe Steel,ACCELERATED_15C,P4,2040,3,3.151499,6.0,2.848501,52.525,0.16225,1.0,0.83775,16.225,2.988599,6.5,3.511401,45.978,True,model_estimate,Illustrative accelerated envelope; not GCAM or an official supply forecast,CAND-B51B2DE2F2D28C,P4,PORT-8A59F01B884D,200,125.117246,19.770355,114.781594,14200.239,123.715296,True,True,,0.0,9.990856690045291e-05,True,True,True,True,,0.0,0.0,0.0,1,1,0.28332,0.6,1.06
NIPPON_STEEL_JP,Nippon Steel,DISCLOSED_PATH,P1,2026,0,0.0,8.0,8.0,0.0,0.0,0.0,0.0,0.0,0.0,2.0,2.0,0.0,True,model_interpolation,Linear interpolation from 2026 to 2030,CAND-C1AAA9A0078119,P1,PORT-9E76B3BFF9FF,200,93.554306,24.637465,456.103943,41012.769,89.919787,True,True,,0.0,3.446647212967946e-06,True,True,True,True,,0.0,0.0,0.0,2,2,0.47641018879999986,0.65,2.16
NIPPON_STEEL_JP,Nippon Steel,DISCLOSED_PATH,P1,2027,0,0.0,9.0,9.0,0.0,0.0,0.15,0.15,0.0,0.0,3.25,3.25,0.0,True,model_interpolation,Linear interpolation from 2026 to 2030,CAND-C1AAA9A0078119,P1,PORT-9E76B3BFF9FF,200,93.554306,24.637465,456.103943,41012.769,89.919787,True,True,,0.0,3.446647212967946e-06,True,True,True,True,,0.0,0.0,0.0,2,2,0.47641018879999986,0.65,2.16
NIPPON_STEEL_JP,Nippon Steel,DISCLOSED_PATH,P1,2028,0,0.0,10.0,10.0,0.0,0.0,0.3,0.3,0.0,0.0,4.5,4.5,0.0,True,model_interpolation,Linear interpolation from 2026 to 2030,CAND-C1AAA9A0078119,P1,PORT-9E76B3BFF9FF,200,93.554306,24.637465,456.103943,41012.769,89.919787,True,True,,0.0,3.446647212967946e-06,True,True,True,True,,0.0,0.0,0.0,2,2,0.47641018879999986,0.65,2.16
NIPPON_STEEL_JP,Nippon Steel,DISCLOSED_PATH,P1,2029,1,8.1,11.0,2.9,73.636,0.0,0.44999999999999996,0.45,0.0,5.04,5.75,0.71,87.652,True,model_interpolation,Linear interpolation from 2026 to 2030,CAND-C1AAA9A0078119,P1,PORT-9E76B3BFF9FF,200,93.554306,24.637465,456.103943,41012.769,89.919787,True,True,,0.0,3.446647212967946e-06,True,True,True,True,,0.0,0.0,0.0,2,2,0.47641018879999986,0.65,2.16
NIPPON_STEEL_JP,Nippon Steel,DISCLOSED_PATH,P1,2030,1,8.1,12.0,3.9,67.5,0.0,0.6,0.6,0.0,5.04,7.0,1.96,72.0,True,model_interpolation,Linear interpolation from 2030 to 2035,CAND-C1AAA9A0078119,P1,PORT-9E76B3BFF9FF,200,93.554306,24.637465,456.103943,41012.769,89.919787,True,True,,0.0,3.446647212967946e-06,True,True,True,True,,0.0,0.0,0.0,2,2,0.47641018879999986,0.65,2.16
NIPPON_STEEL_JP,Nippon Steel,DISCLOSED_PATH,P1,2031,1,8.1,13.2,5.1,61.364,0.0,0.8400000000000001,0.84,0.0,5.04,8.6,3.56,58.605,True,model_interpolation,Linear interpolation from 2030 to 2035,CAND-C1AAA9A0078119,P1,PORT-9E76B3BFF9FF,200,93.554306,24.637465,456.103943,41012.769,89.919787,True,True,,0.0,3.446647212967946e-06,True,True,True,True,,0.0,0.0,0.0,2,2,0.47641018879999986,0.65,2.16
NIPPON_STEEL_JP,Nippon Steel,DISCLOSED_PATH,P1,2032,2,9.03,14.4,5.37,62.708,0.341,1.08,0.739,31.574,7.891999,10.2,2.308001,77.373,True,model_interpolation,Linear interpolation from 2030 to 2035,CAND-C1AAA9A0078119,P1,PORT-9E76B3BFF9FF,200,93.554306,24.637465,456.103943,41012.769,89.919787,True,True,,0.0,3.446647212967946e-06,True,True,True,True,,0.0,0.0,0.0,2,2,0.47641018879999986,0.65,2.16
NIPPON_STEEL_JP,Nippon Steel,DISCLOSED_PATH,P1,2033,2,9.03,15.6,6.57,57.885,0.341,1.32,0.979,25.833,7.891999,11.8,3.908001,66.881,True,model_interpolation,Linear interpolation from 2030 to 2035,CAND-C1AAA9A0078119,P1,PORT-9E76B3BFF9FF,200,93.554306,24.637465,456.103943,41012.769,89.919787,True,True,,0.0,3.446647212967946e-06,True,True,True,True,,0.0,0.0,0.0,2,2,0.47641018879999986,0.65,2.16
NIPPON_STEEL_JP,Nippon Steel,DISCLOSED_PATH,P1,2034,3,15.510001,16.8,1.289999,92.321,0.341,1.56,1.219,21.859,11.924,13.4,1.476,88.985,True,model_interpolation,Linear interpolation from 2030 to 2035,CAND-C1AAA9A0078119,P1,PORT-9E76B3BFF9FF,200,93.554306,24.637465,456.103943,41012.769,89.919787,True,True,,0.0,3.446647212967946e-06,True,True,True,True,,0.0,0.0,0.0,2,2,0.47641018879999986,0.65,2.16
NIPPON_STEEL_JP,Nippon Steel,DISCLOSED_PATH,P1,2035,3,15.510001,18.0,2.489999,86.167,0.341,1.8,1.459,18.944,11.924,15.0,3.076,79.493,True,model_interpolation,Linear interpolation from 2035 to 2040,CAND-C1AAA9A0078119,P1,PORT-9E76B3BFF9FF,200,93.554306,24.637465,456.103943,41012.769,89.919787,True,True,,0.0,3.446647212967946e-06,True,True,True,True,,0.0,0.0,0.0,2,2,0.47641018879999986,0.65,2.16
NIPPON_STEEL_JP,Nippon Steel,DISCLOSED_PATH,P1,2036,4,16.350001,19.4,3.049999,84.278,0.649,2.08,1.431,31.202,14.5,17.0,2.5,85.294,True,model_interpolation,Linear interpolation from 2035 to 2040,CAND-C1AAA9A0078119,P1,PORT-9E76B3BFF9FF,200,93.554306,24.637465,456.103943,41012.769,89.919787,True,True,,0.0,3.446647212967946e-06,True,True,True,True,,0.0,0.0,0.0,2,2,0.47641018879999986,0.65,2.16
NIPPON_STEEL_JP,Nippon Steel,DISCLOSED_PATH,P1,2037,4,16.350001,20.8,4.449999,78.606,0.649,2.3600000000000003,1.711,27.5,14.5,19.0,4.5,76.316,True,model_interpolation,Linear interpolation from 2035 to 2040,CAND-C1AAA9A0078119,P1,PORT-9E76B3BFF9FF,200,93.554306,24.637465,456.103943,41012.769,89.919787,True,True,,0.0,3.446647212967946e-06,True,True,True,True,,0.0,0.0,0.0,2,2,0.47641018879999986,0.65,2.16
NIPPON_STEEL_JP,Nippon Steel,DISCLOSED_PATH,P1,2038,5,22.020001,22.2,0.179999,99.189,0.649,2.64,1.991,24.583,18.028,21.0,2.972,85.848,True,model_interpolation,Linear interpolation from 2035 to 2040,CAND-C1AAA9A0078119,P1,PORT-9E76B3BFF9FF,200,93.554306,24.637465,456.103943,41012.769,89.919787,True,True,,0.0,3.446647212967946e-06,True,True,True,True,,0.0,0.0,0.0,2,2,0.47641018879999986,0.65,2.16
NIPPON_STEEL_JP,Nippon Steel,DISCLOSED_PATH,P1,2039,5,22.020001,23.6,1.579999,93.305,0.649,2.92,2.271,22.226,18.028,23.0,4.972,78.383,True,model_interpolation,Linear interpolation from 2035 to 2040,CAND-C1AAA9A0078119,P1,PORT-9E76B3BFF9FF,200,93.554306,24.637465,456.103943,41012.769,89.919787,True,True,,0.0,3.446647212967946e-06,True,True,True,True,,0.0,0.0,0.0,2,2,0.47641018879999986,0.65,2.16
NIPPON_STEEL_JP,Nippon Steel,DISCLOSED_PATH,P1,2040,5,22.020001,25.0,2.979999,88.08,0.649,3.2,2.551,20.281,18.028,25.0,6.972,72.112,True,model_estimate,Illustrative screening envelope; not an official supply forecast,CAND-C1AAA9A0078119,P1,PORT-9E76B3BFF9FF,200,93.554306,24.637465,456.103943,41012.769,89.919787,True,True,,0.0,3.446647212967946e-06,True,True,True,True,,0.0,0.0,0.0,2,2,0.47641018879999986,0.65,2.16
NIPPON_STEEL_JP,Nippon Steel,ACCELERATED_15C,P1,2026,0,0.0,8.0,8.0,0.0,0.0,0.1,0.1,0.0,0.0,2.0,2.0,0.0,True,model_interpolation,Linear interpolation from 2026 to 2030,CAND-C1AAA9A0078119,P1,PORT-9E76B3BFF9FF,200,84.582811,26.937,456.103943,36907.411,80.918861,True,True,,0.0,3.446647212967946e-06,True,True,True,True,,0.0,0.0,0.0,2,2,0.47641018879999986,0.65,2.16
NIPPON_STEEL_JP,Nippon Steel,ACCELERATED_15C,P1,2027,0,0.0,9.75,9.75,0.0,0.0,0.30000000000000004,0.3,0.0,0.0,4.0,4.0,0.0,True,model_interpolation,Linear interpolation from 2026 to 2030,CAND-C1AAA9A0078119,P1,PORT-9E76B3BFF9FF,200,84.582811,26.937,456.103943,36907.411,80.918861,True,True,,0.0,3.446647212967946e-06,True,True,True,True,,0.0,0.0,0.0,2,2,0.47641018879999986,0.65,2.16
NIPPON_STEEL_JP,Nippon Steel,ACCELERATED_15C,P1,2028,0,0.0,11.5,11.5,0.0,0.0,0.5,0.5,0.0,0.0,6.0,6.0,0.0,True,model_interpolation,Linear interpolation from 2026 to 2030,CAND-C1AAA9A0078119,P1,PORT-9E76B3BFF9FF,200,84.582811,26.937,456.103943,36907.411,80.918861,True,True,,0.0,3.446647212967946e-06,True,True,True,True,,0.0,0.0,0.0,2,2,0.47641018879999986,0.65,2.16
NIPPON_STEEL_JP,Nippon Steel,ACCELERATED_15C,P1,2029,1,8.1,13.25,5.15,61.132,0.0,0.7000000000000001,0.7,0.0,5.04,8.0,2.96,63.0,True,model_interpolation,Linear interpolation from 2026 to 2030,CAND-C1AAA9A0078119,P1,PORT-9E76B3BFF9FF,200,84.582811,26.937,456.103943,36907.411,80.918861,True,True,,0.0,3.446647212967946e-06,True,True,True,True,,0.0,0.0,0.0,2,2,0.47641018879999986,0.65,2.16
NIPPON_STEEL_JP,Nippon Steel,ACCELERATED_15C,P1,2030,1,8.1,15.0,6.9,54.0,0.0,0.9,0.9,0.0,5.04,10.0,4.96,50.4,True,model_interpolation,Linear interpolation from 2030 to 2035,CAND-C1AAA9A0078119,P1,PORT-9E76B3BFF9FF,200,84.582811,26.937,456.103943,36907.411,80.918861,True,True,,0.0,3.446647212967946e-06,True,True,True,True,,0.0,0.0,0.0,2,2,0.47641018879999986,0.65,2.16
NIPPON_STEEL_JP,Nippon Steel,ACCELERATED_15C,P1,2031,1,8.1,16.6,8.5,48.795,0.0,1.2200000000000002,1.22,0.0,5.04,12.0,6.96,42.0,True,model_interpolation,Linear interpolation from 2030 to 2035,CAND-C1AAA9A0078119,P1,PORT-9E76B3BFF9FF,200,84.582811,26.937,456.103943,36907.411,80.918861,True,True,,0.0,3.446647212967946e-06,True,True,True,True,,0.0,0.0,0.0,2,2,0.47641018879999986,0.65,2.16
NIPPON_STEEL_JP,Nippon Steel,ACCELERATED_15C,P1,2032,2,9.03,18.2,9.17,49.615,0.341,1.54,1.199,22.143,7.891999,14.0,6.108001,56.371,True,model_interpolation,Linear interpolation from 2030 to 2035,CAND-C1AAA9A0078119,P1,PORT-9E76B3BFF9FF,200,84.582811,26.937,456.103943,36907.411,80.918861,True,True,,0.0,3.446647212967946e-06,True,True,True,True,,0.0,0.0,0.0,2,2,0.47641018879999986,0.65,2.16
NIPPON_STEEL_JP,Nippon Steel,ACCELERATED_15C,P1,2033,2,9.03,19.8,10.77,45.606,0.341,1.8599999999999999,1.519,18.333,7.891999,16.0,8.108001,49.325,True,model_interpolation,Linear interpolation from 2030 to 2035,CAND-C1AAA9A0078119,P1,PORT-9E76B3BFF9FF,200,84.582811,26.937,456.103943,36907.411,80.918861,True,True,,0.0,3.446647212967946e-06,True,True,True,True,,0.0,0.0,0.0,2,2,0.47641018879999986,0.65,2.16
NIPPON_STEEL_JP,Nippon Steel,ACCELERATED_15C,P1,2034,3,15.510001,21.4,5.889999,72.477,0.341,2.18,1.839,15.642,11.924,18.0,6.076,66.244,True,model_interpolation,Linear interpolation from 2030 to 2035,CAND-C1AAA9A0078119,P1,PORT-9E76B3BFF9FF,200,84.582811,26.937,456.103943,36907.411,80.918861,True,True,,0.0,3.446647212967946e-06,True,True,True,True,,0.0,0.0,0.0,2,2,0.47641018879999986,0.65,2.16
NIPPON_STEEL_JP,Nippon Steel,ACCELERATED_15C,P1,2035,3,15.510001,23.0,7.489999,67.435,0.341,2.5,2.159,13.64,11.924,20.0,8.076,59.62,True,model_interpolation,Linear interpolation from 2035 to 2040,CAND-C1AAA9A0078119,P1,PORT-9E76B3BFF9FF,200,84.582811,26.937,456.103943,36907.411,80.918861,True,True,,0.0,3.446647212967946e-06,True,True,True,True,,0.0,0.0,0.0,2,2,0.47641018879999986,0.65,2.16
NIPPON_STEEL_JP,Nippon Steel,ACCELERATED_15C,P1,2036,4,16.350001,24.4,8.049999,67.008,0.649,2.9,2.251,22.379,14.5,22.4,7.9,64.732,True,model_interpolation,Linear interpolation from 2035 to 2040,CAND-C1AAA9A0078119,P1,PORT-9E76B3BFF9FF,200,84.582811,26.937,456.103943,36907.411,80.918861,True,True,,0.0,3.446647212967946e-06,True,True,True,True,,0.0,0.0,0.0,2,2,0.47641018879999986,0.65,2.16
NIPPON_STEEL_JP,Nippon Steel,ACCELERATED_15C,P1,2037,4,16.350001,25.8,9.449999,63.372,0.649,3.3,2.651,19.667,14.5,24.8,10.3,58.468,True,model_interpolation,Linear interpolation from 2035 to 2040,CAND-C1AAA9A0078119,P1,PORT-9E76B3BFF9FF,200,84.582811,26.937,456.103943,36907.411,80.918861,True,True,,0.0,3.446647212967946e-06,True,True,True,True,,0.0,0.0,0.0,2,2,0.47641018879999986,0.65,2.16
NIPPON_STEEL_JP,Nippon Steel,ACCELERATED_15C,P1,2038,5,22.020001,27.2,5.179999,80.956,0.649,3.7,3.051,17.541,18.028,27.2,9.172,66.279,True,model_interpolation,Linear interpolation from 2035 to 2040,CAND-C1AAA9A0078119,P1,PORT-9E76B3BFF9FF,200,84.582811,26.937,456.103943,36907.411,80.918861,True,True,,0.0,3.446647212967946e-06,True,True,True,True,,0.0,0.0,0.0,2,2,0.47641018879999986,0.65,2.16
NIPPON_STEEL_JP,Nippon Steel,ACCELERATED_15C,P1,2039,5,22.020001,28.6,6.579999,76.993,0.649,4.1,3.451,15.829,18.028,29.6,11.572,60.905,True,model_interpolation,Linear interpolation from 2035 to 2040,CAND-C1AAA9A0078119,P1,PORT-9E76B3BFF9FF,200,84.582811,26.937,456.103943,36907.411,80.918861,True,True,,0.0,3.446647212967946e-06,True,True,True,True,,0.0,0.0,0.0,2,2,0.47641018879999986,0.65,2.16
NIPPON_STEEL_JP,Nippon Steel,ACCELERATED_15C,P1,2040,5,22.020001,30.0,7.979999,73.4,0.649,4.5,3.851,14.422,18.028,32.0,13.972,56.337,True,model_estimate,Illustrative accelerated envelope; not GCAM or an official supply forecast,CAND-C1AAA9A0078119,P1,PORT-9E76B3BFF9FF,200,84.582811,26.937,456.103943,36907.411,80.918861,True,True,,0.0,3.446647212967946e-06,True,True,True,True,,0.0,0.0,0.0,2,2,0.47641018879999986,0.65,2.16
POSCO_KR,POSCO,DISCLOSED_PATH,P1,2026,0,0.0,8.0,8.0,0.0,0.0,0.0,0.0,0.0,0.0,2.0,2.0,0.0,True,model_interpolation,Linear interpolation from 2026 to 2030,CAND-C9724A8933A429,P1,PORT-8826D0B469EE,200,67.138979,20.331035,429.154227,27787.608,64.749702,True,True,,0.0,2.0275124185786808e-05,True,True,True,True,,0.0,0.0,0.0,3,3,0.459336608,0.65,2.02
POSCO_KR,POSCO,DISCLOSED_PATH,P1,2027,0,0.0,9.0,9.0,0.0,0.0,0.125,0.125,0.0,0.0,3.25,3.25,0.0,True,model_interpolation,Linear interpolation from 2026 to 2030,CAND-C9724A8933A429,P1,PORT-8826D0B469EE,200,67.138979,20.331035,429.154227,27787.608,64.749702,True,True,,0.0,2.0275124185786808e-05,True,True,True,True,,0.0,0.0,0.0,3,3,0.459336608,0.65,2.02
POSCO_KR,POSCO,DISCLOSED_PATH,P1,2028,0,0.0,10.0,10.0,0.0,0.0,0.25,0.25,0.0,0.0,4.5,4.5,0.0,True,model_interpolation,Linear interpolation from 2026 to 2030,CAND-C9724A8933A429,P1,PORT-8826D0B469EE,200,67.138979,20.331035,429.154227,27787.608,64.749702,True,True,,0.0,2.0275124185786808e-05,True,True,True,True,,0.0,0.0,0.0,3,3,0.459336608,0.65,2.02
POSCO_KR,POSCO,DISCLOSED_PATH,P1,2029,1,6.839998,11.0,4.160002,62.182,0.0,0.375,0.375,0.0,4.255999,5.75,1.494001,74.017,True,model_interpolation,Linear interpolation from 2026 to 2030,CAND-C9724A8933A429,P1,PORT-8826D0B469EE,200,67.138979,20.331035,429.154227,27787.608,64.749702,True,True,,0.0,2.0275124185786808e-05,True,True,True,True,,0.0,0.0,0.0,3,3,0.459336608,0.65,2.02
POSCO_KR,POSCO,DISCLOSED_PATH,P1,2030,1,6.839998,12.0,5.160002,57.0,0.0,0.5,0.5,0.0,4.255999,7.0,2.744001,60.8,True,model_interpolation,Linear interpolation from 2030 to 2035,CAND-C9724A8933A429,P1,PORT-8826D0B469EE,200,67.138979,20.331035,429.154227,27787.608,64.749702,True,True,,0.0,2.0275124185786808e-05,True,True,True,True,,0.0,0.0,0.0,3,3,0.459336608,0.65,2.02
POSCO_KR,POSCO,DISCLOSED_PATH,P1,2031,1,6.839998,13.2,6.360002,51.818,0.0,0.7,0.7,0.0,4.255999,8.6,4.344001,49.488,True,model_interpolation,Linear interpolation from 2030 to 2035,CAND-C9724A8933A429,P1,PORT-8826D0B469EE,200,67.138979,20.331035,429.154227,27787.608,64.749702,True,True,,0.0,2.0275124185786808e-05,True,True,True,True,,0.0,0.0,0.0,3,3,0.459336608,0.65,2.02
POSCO_KR,POSCO,DISCLOSED_PATH,P1,2032,2,12.959999,14.4,1.440001,90.0,0.0,0.9,0.9,0.0,8.063999,10.2,2.136001,79.059,True,model_interpolation,Linear interpolation from 2030 to 2035,CAND-C9724A8933A429,P1,PORT-8826D0B469EE,200,67.138979,20.331035,429.154227,27787.608,64.749702,True,True,,0.0,2.0275124185786808e-05,True,True,True,True,,0.0,0.0,0.0,3,3,0.459336608,0.65,2.02
POSCO_KR,POSCO,DISCLOSED_PATH,P1,2033,3,13.980599,15.6,1.619401,89.619,0.0,1.1,1.1,0.0,8.132039,11.8,3.667961,68.916,True,model_interpolation,Linear interpolation from 2030 to 2035,CAND-C9724A8933A429,P1,PORT-8826D0B469EE,200,67.138979,20.331035,429.154227,27787.608,64.749702,True,True,,0.0,2.0275124185786808e-05,True,True,True,True,,0.0,0.0,0.0,3,3,0.459336608,0.65,2.02
POSCO_KR,POSCO,DISCLOSED_PATH,P1,2034,3,13.980599,16.8,2.819401,83.218,0.0,1.3,1.3,0.0,8.132039,13.4,5.267961,60.687,True,model_interpolation,Linear interpolation from 2030 to 2035,CAND-C9724A8933A429,P1,PORT-8826D0B469EE,200,67.138979,20.331035,429.154227,27787.608,64.749702,True,True,,0.0,2.0275124185786808e-05,True,True,True,True,,0.0,0.0,0.0,3,3,0.459336608,0.65,2.02
POSCO_KR,POSCO,DISCLOSED_PATH,P1,2035,4,15.405598,18.0,2.594402,85.587,0.5225,1.5,0.9775,34.833,12.597039,15.0,2.402961,83.98,True,model_interpolation,Linear interpolation from 2035 to 2040,CAND-C9724A8933A429,P1,PORT-8826D0B469EE,200,67.138979,20.331035,429.154227,27787.608,64.749702,True,True,,0.0,2.0275124185786808e-05,True,True,True,True,,0.0,0.0,0.0,3,3,0.459336608,0.65,2.02
POSCO_KR,POSCO,DISCLOSED_PATH,P1,2036,4,15.405598,19.4,3.994402,79.41,0.5225,1.8,1.2775,29.028,12.597039,17.0,4.402961,74.1,True,model_interpolation,Linear interpolation from 2035 to 2040,CAND-C9724A8933A429,P1,PORT-8826D0B469EE,200,67.138979,20.331035,429.154227,27787.608,64.749702,True,True,,0.0,2.0275124185786808e-05,True,True,True,True,,0.0,0.0,0.0,3,3,0.459336608,0.65,2.02
POSCO_KR,POSCO,DISCLOSED_PATH,P1,2037,5,16.831048,20.8,3.968952,80.918,1.045165,2.1,1.054835,49.77,17.063447,19.0,1.936553,89.808,True,model_interpolation,Linear interpolation from 2035 to 2040,CAND-C9724A8933A429,P1,PORT-8826D0B469EE,200,67.138979,20.331035,429.154227,27787.608,64.749702,True,True,,0.0,2.0275124185786808e-05,True,True,True,True,,0.0,0.0,0.0,3,3,0.459336608,0.65,2.02
POSCO_KR,POSCO,DISCLOSED_PATH,P1,2038,5,16.831048,22.2,5.368952,75.816,1.045165,2.4,1.354835,43.549,17.063447,21.0,3.936553,81.255,True,model_interpolation,Linear interpolation from 2035 to 2040,CAND-C9724A8933A429,P1,PORT-8826D0B469EE,200,67.138979,20.331035,429.154227,27787.608,64.749702,True,True,,0.0,2.0275124185786808e-05,True,True,True,True,,0.0,0.0,0.0,3,3,0.459336608,0.65,2.02
POSCO_KR,POSCO,DISCLOSED_PATH,P1,2039,5,16.831048,23.6,6.768952,71.318,1.045165,2.7,1.654835,38.71,17.063447,23.0,5.936553,74.189,True,model_interpolation,Linear interpolation from 2035 to 2040,CAND-C9724A8933A429,P1,PORT-8826D0B469EE,200,67.138979,20.331035,429.154227,27787.608,64.749702,True,True,,0.0,2.0275124185786808e-05,True,True,True,True,,0.0,0.0,0.0,3,3,0.459336608,0.65,2.02
POSCO_KR,POSCO,DISCLOSED_PATH,P1,2040,5,16.831048,25.0,8.168952,67.324,1.045165,3.0,1.954835,34.839,17.063447,25.0,7.936553,68.254,True,model_estimate,Illustrative screening envelope; not an official supply forecast,CAND-C9724A8933A429,P1,PORT-8826D0B469EE,200,67.138979,20.331035,429.154227,27787.608,64.749702,True,True,,0.0,2.0275124185786808e-05,True,True,True,True,,0.0,0.0,0.0,3,3,0.459336608,0.65,2.02
POSCO_KR,POSCO,ACCELERATED_15C,P1,2026,0,0.0,8.0,8.0,0.0,0.0,0.1,0.1,0.0,0.0,2.0,2.0,0.0,True,model_interpolation,Linear interpolation from 2026 to 2030,CAND-C9724A8933A429,P1,PORT-8826D0B469EE,200,55.404884,22.96802,429.154227,22967.067,53.517047,True,True,,0.0,2.0275124185786808e-05,True,True,True,True,,0.0,0.0,0.0,3,3,0.459336608,0.65,2.02
POSCO_KR,POSCO,ACCELERATED_15C,P1,2027,0,0.0,9.75,9.75,0.0,0.0,0.275,0.275,0.0,0.0,4.0,4.0,0.0,True,model_interpolation,Linear interpolation from 2026 to 2030,CAND-C9724A8933A429,P1,PORT-8826D0B469EE,200,55.404884,22.96802,429.154227,22967.067,53.517047,True,True,,0.0,2.0275124185786808e-05,True,True,True,True,,0.0,0.0,0.0,3,3,0.459336608,0.65,2.02
POSCO_KR,POSCO,ACCELERATED_15C,P1,2028,0,0.0,11.5,11.5,0.0,0.0,0.45000000000000007,0.45,0.0,0.0,6.0,6.0,0.0,True,model_interpolation,Linear interpolation from 2026 to 2030,CAND-C9724A8933A429,P1,PORT-8826D0B469EE,200,55.404884,22.96802,429.154227,22967.067,53.517047,True,True,,0.0,2.0275124185786808e-05,True,True,True,True,,0.0,0.0,0.0,3,3,0.459336608,0.65,2.02
POSCO_KR,POSCO,ACCELERATED_15C,P1,2029,1,6.839998,13.25,6.410002,51.623,0.0,0.625,0.625,0.0,4.255999,8.0,3.744001,53.2,True,model_interpolation,Linear interpolation from 2026 to 2030,CAND-C9724A8933A429,P1,PORT-8826D0B469EE,200,55.404884,22.96802,429.154227,22967.067,53.517047,True,True,,0.0,2.0275124185786808e-05,True,True,True,True,,0.0,0.0,0.0,3,3,0.459336608,0.65,2.02
POSCO_KR,POSCO,ACCELERATED_15C,P1,2030,1,6.839998,15.0,8.160002,45.6,0.0,0.8,0.8,0.0,4.255999,10.0,5.744001,42.56,True,model_interpolation,Linear interpolation from 2030 to 2035,CAND-C9724A8933A429,P1,PORT-8826D0B469EE,200,55.404884,22.96802,429.154227,22967.067,53.517047,True,True,,0.0,2.0275124185786808e-05,True,True,True,True,,0.0,0.0,0.0,3,3,0.459336608,0.65,2.02
POSCO_KR,POSCO,ACCELERATED_15C,P1,2031,1,6.839998,16.6,9.760002,41.205,0.0,1.08,1.08,0.0,4.255999,12.0,7.744001,35.467,True,model_interpolation,Linear interpolation from 2030 to 2035,CAND-C9724A8933A429,P1,PORT-8826D0B469EE,200,55.404884,22.96802,429.154227,22967.067,53.517047,True,True,,0.0,2.0275124185786808e-05,True,True,True,True,,0.0,0.0,0.0,3,3,0.459336608,0.65,2.02
POSCO_KR,POSCO,ACCELERATED_15C,P1,2032,2,12.959999,18.2,5.240001,71.209,0.0,1.36,1.36,0.0,8.063999,14.0,5.936001,57.6,True,model_interpolation,Linear interpolation from 2030 to 2035,CAND-C9724A8933A429,P1,PORT-8826D0B469EE,200,55.404884,22.96802,429.154227,22967.067,53.517047,True,True,,0.0,2.0275124185786808e-05,True,True,True,True,,0.0,0.0,0.0,3,3,0.459336608,0.65,2.02
POSCO_KR,POSCO,ACCELERATED_15C,P1,2033,3,13.980599,19.8,5.819401,70.609,0.0,1.6400000000000001,1.64,0.0,8.132039,16.0,7.867961,50.825,True,model_interpolation,Linear interpolation from 2030 to 2035,CAND-C9724A8933A429,P1,PORT-8826D0B469EE,200,55.404884,22.96802,429.154227,22967.067,53.517047,True,True,,0.0,2.0275124185786808e-05,True,True,True,True,,0.0,0.0,0.0,3,3,0.459336608,0.65,2.02
POSCO_KR,POSCO,ACCELERATED_15C,P1,2034,3,13.980599,21.4,7.419401,65.33,0.0,1.9200000000000002,1.92,0.0,8.132039,18.0,9.867961,45.178,True,model_interpolation,Linear interpolation from 2030 to 2035,CAND-C9724A8933A429,P1,PORT-8826D0B469EE,200,55.404884,22.96802,429.154227,22967.067,53.517047,True,True,,0.0,2.0275124185786808e-05,True,True,True,True,,0.0,0.0,0.0,3,3,0.459336608,0.65,2.02
POSCO_KR,POSCO,ACCELERATED_15C,P1,2035,4,15.405598,23.0,7.594402,66.981,0.5225,2.2,1.6775,23.75,12.597039,20.0,7.402961,62.985,True,model_interpolation,Linear interpolation from 2035 to 2040,CAND-C9724A8933A429,P1,PORT-8826D0B469EE,200,55.404884,22.96802,429.154227,22967.067,53.517047,True,True,,0.0,2.0275124185786808e-05,True,True,True,True,,0.0,0.0,0.0,3,3,0.459336608,0.65,2.02
POSCO_KR,POSCO,ACCELERATED_15C,P1,2036,4,15.405598,24.4,8.994402,63.138,0.5225,2.56,2.0375,20.41,12.597039,22.4,9.802961,56.237,True,model_interpolation,Linear interpolation from 2035 to 2040,CAND-C9724A8933A429,P1,PORT-8826D0B469EE,200,55.404884,22.96802,429.154227,22967.067,53.517047,True,True,,0.0,2.0275124185786808e-05,True,True,True,True,,0.0,0.0,0.0,3,3,0.459336608,0.65,2.02
POSCO_KR,POSCO,ACCELERATED_15C,P1,2037,5,16.831048,25.8,8.968952,65.237,1.045165,2.92,1.874835,35.793,17.063447,24.8,7.736553,68.804,True,model_interpolation,Linear interpolation from 2035 to 2040,CAND-C9724A8933A429,P1,PORT-8826D0B469EE,200,55.404884,22.96802,429.154227,22967.067,53.517047,True,True,,0.0,2.0275124185786808e-05,True,True,True,True,,0.0,0.0,0.0,3,3,0.459336608,0.65,2.02
POSCO_KR,POSCO,ACCELERATED_15C,P1,2038,5,16.831048,27.2,10.368952,61.879,1.045165,3.2800000000000002,2.234835,31.865,17.063447,27.2,10.136553,62.733,True,model_interpolation,Linear interpolation from 2035 to 2040,CAND-C9724A8933A429,P1,PORT-8826D0B469EE,200,55.404884,22.96802,429.154227,22967.067,53.517047,True,True,,0.0,2.0275124185786808e-05,True,True,True,True,,0.0,0.0,0.0,3,3,0.459336608,0.65,2.02
POSCO_KR,POSCO,ACCELERATED_15C,P1,2039,5,16.831048,28.6,11.768952,58.85,1.045165,3.64,2.594835,28.713,17.063447,29.6,12.536553,57.647,True,model_interpolation,Linear interpolation from 2035 to 2040,CAND-C9724A8933A429,P1,PORT-8826D0B469EE,200,55.404884,22.96802,429.154227,22967.067,53.517047,True,True,,0.0,2.0275124185786808e-05,True,True,True,True,,0.0,0.0,0.0,3,3,0.459336608,0.65,2.02
POSCO_KR,POSCO,ACCELERATED_15C,P1,2040,5,16.831048,30.0,13.168952,56.103,1.045165,4.0,2.954835,26.129,17.063447,32.0,14.936553,53.323,True,model_estimate,Illustrative accelerated envelope; not GCAM or an official supply forecast,CAND-C9724A8933A429,P1,PORT-8826D0B469EE,200,55.404884,22.96802,429.154227,22967.067,53.517047,True,True,,0.0,2.0275124185786808e-05,True,True,True,True,,0.0,0.0,0.0,3,3,0.459336608,0.65,2.02
KOBE_STEEL_JP,Kobe Steel,DISCLOSED_PATH,P2,2026,0,0.0,2.0,2.0,0.0,0.0,0.0,0.0,0.0,0.0,0.8,0.8,0.0,True,model_interpolation,Linear interpolation from 2026 to 2030,CAND-C9EAFC0F482485,P2,PORT-1144EBE63B41,200,151.719822,36.633729,102.391093,15293.987,149.368332,True,True,,0.0,9.990856690045291e-05,True,True,True,True,,0.0,0.0,0.0,1,1,0.28332,0.6,1.06
KOBE_STEEL_JP,Kobe Steel,DISCLOSED_PATH,P2,2027,0,0.0,2.5,2.5,0.0,0.0,0.075,0.075,0.0,0.0,1.35,1.35,0.0,True,model_interpolation,Linear interpolation from 2026 to 2030,CAND-C9EAFC0F482485,P2,PORT-1144EBE63B41,200,151.719822,36.633729,102.391093,15293.987,149.368332,True,True,,0.0,9.990856690045291e-05,True,True,True,True,,0.0,0.0,0.0,1,1,0.28332,0.6,1.06
KOBE_STEEL_JP,Kobe Steel,DISCLOSED_PATH,P2,2028,0,0.0,3.0,3.0,0.0,0.0,0.15,0.15,0.0,0.0,1.9000000000000001,1.9,0.0,True,model_interpolation,Linear interpolation from 2026 to 2030,CAND-C9EAFC0F482485,P2,PORT-1144EBE63B41,200,151.719822,36.633729,102.391093,15293.987,149.368332,True,True,,0.0,9.990856690045291e-05,True,True,True,True,,0.0,0.0,0.0,1,1,0.28332,0.6,1.06
KOBE_STEEL_JP,Kobe Steel,DISCLOSED_PATH,P2,2029,1,0.4425,3.5,3.0575,12.643,0.16225,0.22499999999999998,0.06275,72.111,1.357,2.45,1.093,55.388,True,model_interpolation,Linear interpolation from 2026 to 2030,CAND-C9EAFC0F482485,P2,PORT-1144EBE63B41,200,151.719822,36.633729,102.391093,15293.987,149.368332,True,True,,0.0,9.990856690045291e-05,True,True,True,True,,0.0,0.0,0.0,1,1,0.28332,0.6,1.06
KOBE_STEEL_JP,Kobe Steel,DISCLOSED_PATH,P2,2030,1,0.4425,4.0,3.5575,11.063,0.16225,0.3,0.13775,54.083,1.357,3.0,1.643,45.233,True,model_interpolation,Linear interpolation from 2030 to 2035,CAND-C9EAFC0F482485,P2,PORT-1144EBE63B41,200,151.719822,36.633729,102.391093,15293.987,149.368332,True,True,,0.0,9.990856690045291e-05,True,True,True,True,,0.0,0.0,0.0,1,1,0.28332,0.6,1.06
KOBE_STEEL_JP,Kobe Steel,DISCLOSED_PATH,P2,2031,1,0.4425,4.0,3.5575,11.063,0.16225,0.32,0.15775,50.703,1.357,3.0,1.643,45.233,True,model_interpolation,Linear interpolation from 2030 to 2035,CAND-C9EAFC0F482485,P2,PORT-1144EBE63B41,200,151.719822,36.633729,102.391093,15293.987,149.368332,True,True,,0.0,9.990856690045291e-05,True,True,True,True,,0.0,0.0,0.0,1,1,0.28332,0.6,1.06
KOBE_STEEL_JP,Kobe Steel,DISCLOSED_PATH,P2,2032,1,0.4425,4.0,3.5575,11.063,0.16225,0.34,0.17775,47.721,1.357,3.0,1.643,45.233,True,model_interpolation,Linear interpolation from 2030 to 2035,CAND-C9EAFC0F482485,P2,PORT-1144EBE63B41,200,151.719822,36.633729,102.391093,15293.987,149.368332,True,True,,0.0,9.990856690045291e-05,True,True,True,True,,0.0,0.0,0.0,1,1,0.28332,0.6,1.06
KOBE_STEEL_JP,Kobe Steel,DISCLOSED_PATH,P2,2033,2,0.5325,4.0,3.4675,13.313,0.16225,0.36,0.19775,45.069,1.359,3.0,1.641,45.3,True,model_interpolation,Linear interpolation from 2030 to 2035,CAND-C9EAFC0F482485,P2,PORT-1144EBE63B41,200,151.719822,36.633729,102.391093,15293.987,149.368332,True,True,,0.0,9.990856690045291e-05,True,True,True,True,,0.0,0.0,0.0,1,1,0.28332,0.6,1.06
KOBE_STEEL_JP,Kobe Steel,DISCLOSED_PATH,P2,2034,2,0.5325,4.0,3.4675,13.313,0.16225,0.38,0.21775,42.697,1.359,3.0,1.641,45.3,True,model_interpolation,Linear interpolation from 2030 to 2035,CAND-C9EAFC0F482485,P2,PORT-1144EBE63B41,200,151.719822,36.633729,102.391093,15293.987,149.368332,True,True,,0.0,9.990856690045291e-05,True,True,True,True,,0.0,0.0,0.0,1,1,0.28332,0.6,1.06
KOBE_STEEL_JP,Kobe Steel,DISCLOSED_PATH,P2,2035,2,0.5325,4.0,3.4675,13.313,0.16225,0.4,0.23775,40.563,1.359,3.0,1.641,45.3,True,model_interpolation,Linear interpolation from 2035 to 2040,CAND-C9EAFC0F482485,P2,PORT-1144EBE63B41,200,151.719822,36.633729,102.391093,15293.987,149.368332,True,True,,0.0,9.990856690045291e-05,True,True,True,True,,0.0,0.0,0.0,1,1,0.28332,0.6,1.06
KOBE_STEEL_JP,Kobe Steel,DISCLOSED_PATH,P2,2036,2,0.5325,4.2,3.6675,12.679,0.16225,0.48000000000000004,0.31775,33.802,1.359,3.4,2.041,39.971,True,model_interpolation,Linear interpolation from 2035 to 2040,CAND-C9EAFC0F482485,P2,PORT-1144EBE63B41,200,151.719822,36.633729,102.391093,15293.987,149.368332,True,True,,0.0,9.990856690045291e-05,True,True,True,True,,0.0,0.0,0.0,1,1,0.28332,0.6,1.06
KOBE_STEEL_JP,Kobe Steel,DISCLOSED_PATH,P2,2037,3,3.151499,4.4,1.248501,71.625,0.16225,0.56,0.39775,28.973,2.988599,3.8,0.811401,78.647,True,model_interpolation,Linear interpolation from 2035 to 2040,CAND-C9EAFC0F482485,P2,PORT-1144EBE63B41,200,151.719822,36.633729,102.391093,15293.987,149.368332,True,True,,0.0,9.990856690045291e-05,True,True,True,True,,0.0,0.0,0.0,1,1,0.28332,0.6,1.06
KOBE_STEEL_JP,Kobe Steel,DISCLOSED_PATH,P2,2038,3,3.151499,4.6,1.448501,68.511,0.16225,0.64,0.47775,25.352,2.988599,4.2,1.211401,71.157,True,model_interpolation,Linear interpolation from 2035 to 2040,CAND-C9EAFC0F482485,P2,PORT-1144EBE63B41,200,151.719822,36.633729,102.391093,15293.987,149.368332,True,True,,0.0,9.990856690045291e-05,True,True,True,True,,0.0,0.0,0.0,1,1,0.28332,0.6,1.06
KOBE_STEEL_JP,Kobe Steel,DISCLOSED_PATH,P2,2039,3,3.151499,4.8,1.648501,65.656,0.16225,0.7200000000000001,0.55775,22.535,2.988599,4.6,1.611401,64.97,True,model_interpolation,Linear interpolation from 2035 to 2040,CAND-C9EAFC0F482485,P2,PORT-1144EBE63B41,200,151.719822,36.633729,102.391093,15293.987,149.368332,True,True,,0.0,9.990856690045291e-05,True,True,True,True,,0.0,0.0,0.0,1,1,0.28332,0.6,1.06
KOBE_STEEL_JP,Kobe Steel,DISCLOSED_PATH,P2,2040,3,3.151499,5.0,1.848501,63.03,0.16225,0.8,0.63775,20.281,2.988599,5.0,2.011401,59.772,True,model_estimate,Illustrative screening envelope; not an official supply forecast,CAND-C9EAFC0F482485,P2,PORT-1144EBE63B41,200,151.719822,36.633729,102.391093,15293.987,149.368332,True,True,,0.0,9.990856690045291e-05,True,True,True,True,,0.0,0.0,0.0,1,1,0.28332,0.6,1.06
KOBE_STEEL_JP,Kobe Steel,ACCELERATED_15C,P2,2026,0,0.0,2.0,2.0,0.0,0.0,0.2,0.2,0.0,0.0,1.0,1.0,0.0,True,model_interpolation,Linear interpolation from 2026 to 2030,CAND-C9EAFC0F482485,P2,PORT-1144EBE63B41,200,143.722434,40.192188,102.391093,14552.066,142.122383,True,True,,0.0,9.990856690045291e-05,True,True,True,True,,0.0,0.0,0.0,1,1,0.28332,0.6,1.06
KOBE_STEEL_JP,Kobe Steel,ACCELERATED_15C,P2,2027,0,0.0,2.25,2.25,0.0,0.0,0.25,0.25,0.0,0.0,1.375,1.375,0.0,True,model_interpolation,Linear interpolation from 2026 to 2030,CAND-C9EAFC0F482485,P2,PORT-1144EBE63B41,200,143.722434,40.192188,102.391093,14552.066,142.122383,True,True,,0.0,9.990856690045291e-05,True,True,True,True,,0.0,0.0,0.0,1,1,0.28332,0.6,1.06
KOBE_STEEL_JP,Kobe Steel,ACCELERATED_15C,P2,2028,0,0.0,2.5,2.5,0.0,0.0,0.30000000000000004,0.3,0.0,0.0,1.75,1.75,0.0,True,model_interpolation,Linear interpolation from 2026 to 2030,CAND-C9EAFC0F482485,P2,PORT-1144EBE63B41,200,143.722434,40.192188,102.391093,14552.066,142.122383,True,True,,0.0,9.990856690045291e-05,True,True,True,True,,0.0,0.0,0.0,1,1,0.28332,0.6,1.06
KOBE_STEEL_JP,Kobe Steel,ACCELERATED_15C,P2,2029,1,0.4425,2.75,2.3075,16.091,0.16225,0.35000000000000003,0.18775,46.357,1.357,2.125,0.768,63.859,True,model_interpolation,Linear interpolation from 2026 to 2030,CAND-C9EAFC0F482485,P2,PORT-1144EBE63B41,200,143.722434,40.192188,102.391093,14552.066,142.122383,True,True,,0.0,9.990856690045291e-05,True,True,True,True,,0.0,0.0,0.0,1,1,0.28332,0.6,1.06
KOBE_STEEL_JP,Kobe Steel,ACCELERATED_15C,P2,2030,1,0.4425,3.0,2.5575,14.75,0.16225,0.4,0.23775,40.563,1.357,2.5,1.143,54.28,True,model_interpolation,Linear interpolation from 2030 to 2035,CAND-C9EAFC0F482485,P2,PORT-1144EBE63B41,200,143.722434,40.192188,102.391093,14552.066,142.122383,True,True,,0.0,9.990856690045291e-05,True,True,True,True,,0.0,0.0,0.0,1,1,0.28332,0.6,1.06
KOBE_STEEL_JP,Kobe Steel,ACCELERATED_15C,P2,2031,1,0.4425,3.4,2.9575,13.015,0.16225,0.44,0.27775,36.875,1.357,2.8,1.443,48.464,True,model_interpolation,Linear interpolation from 2030 to 2035,CAND-C9EAFC0F482485,P2,PORT-1144EBE63B41,200,143.722434,40.192188,102.391093,14552.066,142.122383,True,True,,0.0,9.990856690045291e-05,True,True,True,True,,0.0,0.0,0.0,1,1,0.28332,0.6,1.06
KOBE_STEEL_JP,Kobe Steel,ACCELERATED_15C,P2,2032,1,0.4425,3.8,3.3575,11.645,0.16225,0.48,0.31775,33.802,1.357,3.1,1.743,43.774,True,model_interpolation,Linear interpolation from 2030 to 2035,CAND-C9EAFC0F482485,P2,PORT-1144EBE63B41,200,143.722434,40.192188,102.391093,14552.066,142.122383,True,True,,0.0,9.990856690045291e-05,True,True,True,True,,0.0,0.0,0.0,1,1,0.28332,0.6,1.06
KOBE_STEEL_JP,Kobe Steel,ACCELERATED_15C,P2,2033,2,0.5325,4.2,3.6675,12.679,0.16225,0.52,0.35775,31.202,1.359,3.4,2.041,39.971,True,model_interpolation,Linear interpolation from 2030 to 2035,CAND-C9EAFC0F482485,P2,PORT-1144EBE63B41,200,143.722434,40.192188,102.391093,14552.066,142.122383,True,True,,0.0,9.990856690045291e-05,True,True,True,True,,0.0,0.0,0.0,1,1,0.28332,0.6,1.06
KOBE_STEEL_JP,Kobe Steel,ACCELERATED_15C,P2,2034,2,0.5325,4.6,4.0675,11.576,0.16225,0.56,0.39775,28.973,1.359,3.7,2.341,36.73,True,model_interpolation,Linear interpolation from 2030 to 2035,CAND-C9EAFC0F482485,P2,PORT-1144EBE63B41,200,143.722434,40.192188,102.391093,14552.066,142.122383,True,True,,0.0,9.990856690045291e-05,True,True,True,True,,0.0,0.0,0.0,1,1,0.28332,0.6,1.06
KOBE_STEEL_JP,Kobe Steel,ACCELERATED_15C,P2,2035,2,0.5325,5.0,4.4675,10.65,0.16225,0.6,0.43775,27.042,1.359,4.0,2.641,33.975,True,model_interpolation,Linear interpolation from 2035 to 2040,CAND-C9EAFC0F482485,P2,PORT-1144EBE63B41,200,143.722434,40.192188,102.391093,14552.066,142.122383,True,True,,0.0,9.990856690045291e-05,True,True,True,True,,0.0,0.0,0.0,1,1,0.28332,0.6,1.06
KOBE_STEEL_JP,Kobe Steel,ACCELERATED_15C,P2,2036,2,0.5325,5.2,4.6675,10.24,0.16225,0.6799999999999999,0.51775,23.86,1.359,4.5,3.141,30.2,True,model_interpolation,Linear interpolation from 2035 to 2040,CAND-C9EAFC0F482485,P2,PORT-1144EBE63B41,200,143.722434,40.192188,102.391093,14552.066,142.122383,True,True,,0.0,9.990856690045291e-05,True,True,True,True,,0.0,0.0,0.0,1,1,0.28332,0.6,1.06
KOBE_STEEL_JP,Kobe Steel,ACCELERATED_15C,P2,2037,3,3.151499,5.4,2.248501,58.361,0.16225,0.76,0.59775,21.349,2.988599,5.0,2.011401,59.772,True,model_interpolation,Linear interpolation from 2035 to 2040,CAND-C9EAFC0F482485,P2,PORT-1144EBE63B41,200,143.722434,40.192188,102.391093,14552.066,142.122383,True,True,,0.0,9.990856690045291e-05,True,True,True,True,,0.0,0.0,0.0,1,1,0.28332,0.6,1.06
KOBE_STEEL_JP,Kobe Steel,ACCELERATED_15C,P2,2038,3,3.151499,5.6,2.448501,56.277,0.16225,0.84,0.67775,19.315,2.988599,5.5,2.511401,54.338,True,model_interpolation,Linear interpolation from 2035 to 2040,CAND-C9EAFC0F482485,P2,PORT-1144EBE63B41,200,143.722434,40.192188,102.391093,14552.066,142.122383,True,True,,0.0,9.990856690045291e-05,True,True,True,True,,0.0,0.0,0.0,1,1,0.28332,0.6,1.06
KOBE_STEEL_JP,Kobe Steel,ACCELERATED_15C,P2,2039,3,3.151499,5.8,2.648501,54.336,0.16225,0.92,0.75775,17.636,2.988599,6.0,3.011401,49.81,True,model_interpolation,Linear interpolation from 2035 to 2040,CAND-C9EAFC0F482485,P2,PORT-1144EBE63B41,200,143.722434,40.192188,102.391093,14552.066,142.122383,True,True,,0.0,9.990856690045291e-05,True,True,True,True,,0.0,0.0,0.0,1,1,0.28332,0.6,1.06
KOBE_STEEL_JP,Kobe Steel,ACCELERATED_15C,P2,2040,3,3.151499,6.0,2.848501,52.525,0.16225,1.0,0.83775,16.225,2.988599,6.5,3.511401,45.978,True,model_estimate,Illustrative accelerated envelope; not GCAM or an official supply forecast,CAND-C9EAFC0F482485,P2,PORT-1144EBE63B41,200,143.722434,40.192188,102.391093,14552.066,142.122383,True,True,,0.0,9.990856690045291e-05,True,True,True,True,,0.0,0.0,0.0,1,1,0.28332,0.6,1.06
KOBE_STEEL_JP,Kobe Steel,DISCLOSED_PATH,P2,2026,0,0.0,2.0,2.0,0.0,0.0,0.0,0.0,0.0,0.0,0.8,0.8,0.0,True,model_interpolation,Linear interpolation from 2026 to 2030,CAND-CE22CF7F8F72DA,P2,PORT-9862FC05DA24,200,186.889916,41.738285,105.301092,19272.91,183.02669,True,True,,0.0,9.990856690045291e-05,True,True,True,True,,0.0,0.0,0.0,1,1,0.3612199999999999,0.6,1.54
KOBE_STEEL_JP,Kobe Steel,DISCLOSED_PATH,P2,2027,0,0.0,2.5,2.5,0.0,0.0,0.075,0.075,0.0,0.0,1.35,1.35,0.0,True,model_interpolation,Linear interpolation from 2026 to 2030,CAND-CE22CF7F8F72DA,P2,PORT-9862FC05DA24,200,186.889916,41.738285,105.301092,19272.91,183.02669,True,True,,0.0,9.990856690045291e-05,True,True,True,True,,0.0,0.0,0.0,1,1,0.3612199999999999,0.6,1.54
KOBE_STEEL_JP,Kobe Steel,DISCLOSED_PATH,P2,2028,0,0.0,3.0,3.0,0.0,0.0,0.15,0.15,0.0,0.0,1.9000000000000001,1.9,0.0,True,model_interpolation,Linear interpolation from 2026 to 2030,CAND-CE22CF7F8F72DA,P2,PORT-9862FC05DA24,200,186.889916,41.738285,105.301092,19272.91,183.02669,True,True,,0.0,9.990856690045291e-05,True,True,True,True,,0.0,0.0,0.0,1,1,0.3612199999999999,0.6,1.54
KOBE_STEEL_JP,Kobe Steel,DISCLOSED_PATH,P2,2029,1,0.4425,3.5,3.0575,12.643,0.16225,0.22499999999999998,0.06275,72.111,1.357,2.45,1.093,55.388,True,model_interpolation,Linear interpolation from 2026 to 2030,CAND-CE22CF7F8F72DA,P2,PORT-9862FC05DA24,200,186.889916,41.738285,105.301092,19272.91,183.02669,True,True,,0.0,9.990856690045291e-05,True,True,True,True,,0.0,0.0,0.0,1,1,0.3612199999999999,0.6,1.54
KOBE_STEEL_JP,Kobe Steel,DISCLOSED_PATH,P2,2030,1,0.4425,4.0,3.5575,11.063,0.16225,0.3,0.13775,54.083,1.357,3.0,1.643,45.233,True,model_interpolation,Linear interpolation from 2030 to 2035,CAND-CE22CF7F8F72DA,P2,PORT-9862FC05DA24,200,186.889916,41.738285,105.301092,19272.91,183.02669,True,True,,0.0,9.990856690045291e-05,True,True,True,True,,0.0,0.0,0.0,1,1,0.3612199999999999,0.6,1.54
KOBE_STEEL_JP,Kobe Steel,DISCLOSED_PATH,P2,2031,1,0.4425,4.0,3.5575,11.063,0.16225,0.32,0.15775,50.703,1.357,3.0,1.643,45.233,True,model_interpolation,Linear interpolation from 2030 to 2035,CAND-CE22CF7F8F72DA,P2,PORT-9862FC05DA24,200,186.889916,41.738285,105.301092,19272.91,183.02669,True,True,,0.0,9.990856690045291e-05,True,True,True,True,,0.0,0.0,0.0,1,1,0.3612199999999999,0.6,1.54
KOBE_STEEL_JP,Kobe Steel,DISCLOSED_PATH,P2,2032,1,0.4425,4.0,3.5575,11.063,0.16225,0.34,0.17775,47.721,1.357,3.0,1.643,45.233,True,model_interpolation,Linear interpolation from 2030 to 2035,CAND-CE22CF7F8F72DA,P2,PORT-9862FC05DA24,200,186.889916,41.738285,105.301092,19272.91,183.02669,True,True,,0.0,9.990856690045291e-05,True,True,True,True,,0.0,0.0,0.0,1,1,0.3612199999999999,0.6,1.54
KOBE_STEEL_JP,Kobe Steel,DISCLOSED_PATH,P2,2033,2,0.5325,4.0,3.4675,13.313,0.16225,0.36,0.19775,45.069,1.359,3.0,1.641,45.3,True,model_interpolation,Linear interpolation from 2030 to 2035,CAND-CE22CF7F8F72DA,P2,PORT-9862FC05DA24,200,186.889916,41.738285,105.301092,19272.91,183.02669,True,True,,0.0,9.990856690045291e-05,True,True,True,True,,0.0,0.0,0.0,1,1,0.3612199999999999,0.6,1.54
KOBE_STEEL_JP,Kobe Steel,DISCLOSED_PATH,P2,2034,2,0.5325,4.0,3.4675,13.313,0.16225,0.38,0.21775,42.697,1.359,3.0,1.641,45.3,True,model_interpolation,Linear interpolation from 2030 to 2035,CAND-CE22CF7F8F72DA,P2,PORT-9862FC05DA24,200,186.889916,41.738285,105.301092,19272.91,183.02669,True,True,,0.0,9.990856690045291e-05,True,True,True,True,,0.0,0.0,0.0,1,1,0.3612199999999999,0.6,1.54
KOBE_STEEL_JP,Kobe Steel,DISCLOSED_PATH,P2,2035,2,0.5325,4.0,3.4675,13.313,0.16225,0.4,0.23775,40.563,1.359,3.0,1.641,45.3,True,model_interpolation,Linear interpolation from 2035 to 2040,CAND-CE22CF7F8F72DA,P2,PORT-9862FC05DA24,200,186.889916,41.738285,105.301092,19272.91,183.02669,True,True,,0.0,9.990856690045291e-05,True,True,True,True,,0.0,0.0,0.0,1,1,0.3612199999999999,0.6,1.54
KOBE_STEEL_JP,Kobe Steel,DISCLOSED_PATH,P2,2036,2,0.5325,4.2,3.6675,12.679,0.16225,0.48000000000000004,0.31775,33.802,1.359,3.4,2.041,39.971,True,model_interpolation,Linear interpolation from 2035 to 2040,CAND-CE22CF7F8F72DA,P2,PORT-9862FC05DA24,200,186.889916,41.738285,105.301092,19272.91,183.02669,True,True,,0.0,9.990856690045291e-05,True,True,True,True,,0.0,0.0,0.0,1,1,0.3612199999999999,0.6,1.54
KOBE_STEEL_JP,Kobe Steel,DISCLOSED_PATH,P2,2037,3,0.969,4.4,3.431,22.023,0.3223,0.56,0.2377,57.554,2.6976,3.8,1.1024,70.989,True,model_interpolation,Linear interpolation from 2035 to 2040,CAND-CE22CF7F8F72DA,P2,PORT-9862FC05DA24,200,186.889916,41.738285,105.301092,19272.91,183.02669,True,True,,0.0,9.990856690045291e-05,True,True,True,True,,0.0,0.0,0.0,1,1,0.3612199999999999,0.6,1.54
KOBE_STEEL_JP,Kobe Steel,DISCLOSED_PATH,P2,2038,3,0.969,4.6,3.631,21.065,0.3223,0.64,0.3177,50.359,2.6976,4.2,1.5024,64.229,True,model_interpolation,Linear interpolation from 2035 to 2040,CAND-CE22CF7F8F72DA,P2,PORT-9862FC05DA24,200,186.889916,41.738285,105.301092,19272.91,183.02669,True,True,,0.0,9.990856690045291e-05,True,True,True,True,,0.0,0.0,0.0,1,1,0.3612199999999999,0.6,1.54
KOBE_STEEL_JP,Kobe Steel,DISCLOSED_PATH,P2,2039,3,0.969,4.8,3.831,20.187,0.3223,0.7200000000000001,0.3977,44.764,2.6976,4.6,1.9024,58.643,True,model_interpolation,Linear interpolation from 2035 to 2040,CAND-CE22CF7F8F72DA,P2,PORT-9862FC05DA24,200,186.889916,41.738285,105.301092,19272.91,183.02669,True,True,,0.0,9.990856690045291e-05,True,True,True,True,,0.0,0.0,0.0,1,1,0.3612199999999999,0.6,1.54
KOBE_STEEL_JP,Kobe Steel,DISCLOSED_PATH,P2,2040,3,0.969,5.0,4.031,19.38,0.3223,0.8,0.4777,40.287,2.6976,5.0,2.3024,53.952,True,model_estimate,Illustrative screening envelope; not an official supply forecast,CAND-CE22CF7F8F72DA,P2,PORT-9862FC05DA24,200,186.889916,41.738285,105.301092,19272.91,183.02669,True,True,,0.0,9.990856690045291e-05,True,True,True,True,,0.0,0.0,0.0,1,1,0.3612199999999999,0.6,1.54
KOBE_STEEL_JP,Kobe Steel,ACCELERATED_15C,P2,2026,0,0.0,2.0,2.0,0.0,0.0,0.2,0.2,0.0,0.0,1.0,1.0,0.0,True,model_interpolation,Linear interpolation from 2026 to 2030,CAND-CE22CF7F8F72DA,P2,PORT-9862FC05DA24,200,180.843068,46.192463,105.301092,18743.254,177.996762,True,True,,0.0,9.990856690045291e-05,True,True,True,True,,0.0,0.0,0.0,1,1,0.3612199999999999,0.6,1.54
KOBE_STEEL_JP,Kobe Steel,ACCELERATED_15C,P2,2027,0,0.0,2.25,2.25,0.0,0.0,0.25,0.25,0.0,0.0,1.375,1.375,0.0,True,model_interpolation,Linear interpolation from 2026 to 2030,CAND-CE22CF7F8F72DA,P2,PORT-9862FC05DA24,200,180.843068,46.192463,105.301092,18743.254,177.996762,True,True,,0.0,9.990856690045291e-05,True,True,True,True,,0.0,0.0,0.0,1,1,0.3612199999999999,0.6,1.54
KOBE_STEEL_JP,Kobe Steel,ACCELERATED_15C,P2,2028,0,0.0,2.5,2.5,0.0,0.0,0.30000000000000004,0.3,0.0,0.0,1.75,1.75,0.0,True,model_interpolation,Linear interpolation from 2026 to 2030,CAND-CE22CF7F8F72DA,P2,PORT-9862FC05DA24,200,180.843068,46.192463,105.301092,18743.254,177.996762,True,True,,0.0,9.990856690045291e-05,True,True,True,True,,0.0,0.0,0.0,1,1,0.3612199999999999,0.6,1.54
KOBE_STEEL_JP,Kobe Steel,ACCELERATED_15C,P2,2029,1,0.4425,2.75,2.3075,16.091,0.16225,0.35000000000000003,0.18775,46.357,1.357,2.125,0.768,63.859,True,model_interpolation,Linear interpolation from 2026 to 2030,CAND-CE22CF7F8F72DA,P2,PORT-9862FC05DA24,200,180.843068,46.192463,105.301092,18743.254,177.996762,True,True,,0.0,9.990856690045291e-05,True,True,True,True,,0.0,0.0,0.0,1,1,0.3612199999999999,0.6,1.54
KOBE_STEEL_JP,Kobe Steel,ACCELERATED_15C,P2,2030,1,0.4425,3.0,2.5575,14.75,0.16225,0.4,0.23775,40.563,1.357,2.5,1.143,54.28,True,model_interpolation,Linear interpolation from 2030 to 2035,CAND-CE22CF7F8F72DA,P2,PORT-9862FC05DA24,200,180.843068,46.192463,105.301092,18743.254,177.996762,True,True,,0.0,9.990856690045291e-05,True,True,True,True,,0.0,0.0,0.0,1,1,0.3612199999999999,0.6,1.54
KOBE_STEEL_JP,Kobe Steel,ACCELERATED_15C,P2,2031,1,0.4425,3.4,2.9575,13.015,0.16225,0.44,0.27775,36.875,1.357,2.8,1.443,48.464,True,model_interpolation,Linear interpolation from 2030 to 2035,CAND-CE22CF7F8F72DA,P2,PORT-9862FC05DA24,200,180.843068,46.192463,105.301092,18743.254,177.996762,True,True,,0.0,9.990856690045291e-05,True,True,True,True,,0.0,0.0,0.0,1,1,0.3612199999999999,0.6,1.54
KOBE_STEEL_JP,Kobe Steel,ACCELERATED_15C,P2,2032,1,0.4425,3.8,3.3575,11.645,0.16225,0.48,0.31775,33.802,1.357,3.1,1.743,43.774,True,model_interpolation,Linear interpolation from 2030 to 2035,CAND-CE22CF7F8F72DA,P2,PORT-9862FC05DA24,200,180.843068,46.192463,105.301092,18743.254,177.996762,True,True,,0.0,9.990856690045291e-05,True,True,True,True,,0.0,0.0,0.0,1,1,0.3612199999999999,0.6,1.54
KOBE_STEEL_JP,Kobe Steel,ACCELERATED_15C,P2,2033,2,0.5325,4.2,3.6675,12.679,0.16225,0.52,0.35775,31.202,1.359,3.4,2.041,39.971,True,model_interpolation,Linear interpolation from 2030 to 2035,CAND-CE22CF7F8F72DA,P2,PORT-9862FC05DA24,200,180.843068,46.192463,105.301092,18743.254,177.996762,True,True,,0.0,9.990856690045291e-05,True,True,True,True,,0.0,0.0,0.0,1,1,0.3612199999999999,0.6,1.54
KOBE_STEEL_JP,Kobe Steel,ACCELERATED_15C,P2,2034,2,0.5325,4.6,4.0675,11.576,0.16225,0.56,0.39775,28.973,1.359,3.7,2.341,36.73,True,model_interpolation,Linear interpolation from 2030 to 2035,CAND-CE22CF7F8F72DA,P2,PORT-9862FC05DA24,200,180.843068,46.192463,105.301092,18743.254,177.996762,True,True,,0.0,9.990856690045291e-05,True,True,True,True,,0.0,0.0,0.0,1,1,0.3612199999999999,0.6,1.54
KOBE_STEEL_JP,Kobe Steel,ACCELERATED_15C,P2,2035,2,0.5325,5.0,4.4675,10.65,0.16225,0.6,0.43775,27.042,1.359,4.0,2.641,33.975,True,model_interpolation,Linear interpolation from 2035 to 2040,CAND-CE22CF7F8F72DA,P2,PORT-9862FC05DA24,200,180.843068,46.192463,105.301092,18743.254,177.996762,True,True,,0.0,9.990856690045291e-05,True,True,True,True,,0.0,0.0,0.0,1,1,0.3612199999999999,0.6,1.54
KOBE_STEEL_JP,Kobe Steel,ACCELERATED_15C,P2,2036,2,0.5325,5.2,4.6675,10.24,0.16225,0.6799999999999999,0.51775,23.86,1.359,4.5,3.141,30.2,True,model_interpolation,Linear interpolation from 2035 to 2040,CAND-CE22CF7F8F72DA,P2,PORT-9862FC05DA24,200,180.843068,46.192463,105.301092,18743.254,177.996762,True,True,,0.0,9.990856690045291e-05,True,True,True,True,,0.0,0.0,0.0,1,1,0.3612199999999999,0.6,1.54
KOBE_STEEL_JP,Kobe Steel,ACCELERATED_15C,P2,2037,3,0.969,5.4,4.431,17.944,0.3223,0.76,0.4377,42.408,2.6976,5.0,2.3024,53.952,True,model_interpolation,Linear interpolation from 2035 to 2040,CAND-CE22CF7F8F72DA,P2,PORT-9862FC05DA24,200,180.843068,46.192463,105.301092,18743.254,177.996762,True,True,,0.0,9.990856690045291e-05,True,True,True,True,,0.0,0.0,0.0,1,1,0.3612199999999999,0.6,1.54
KOBE_STEEL_JP,Kobe Steel,ACCELERATED_15C,P2,2038,3,0.969,5.6,4.631,17.304,0.3223,0.84,0.5177,38.369,2.6976,5.5,2.8024,49.047,True,model_interpolation,Linear interpolation from 2035 to 2040,CAND-CE22CF7F8F72DA,P2,PORT-9862FC05DA24,200,180.843068,46.192463,105.301092,18743.254,177.996762,True,True,,0.0,9.990856690045291e-05,True,True,True,True,,0.0,0.0,0.0,1,1,0.3612199999999999,0.6,1.54
KOBE_STEEL_JP,Kobe Steel,ACCELERATED_15C,P2,2039,3,0.969,5.8,4.831,16.707,0.3223,0.92,0.5977,35.033,2.6976,6.0,3.3024,44.96,True,model_interpolation,Linear interpolation from 2035 to 2040,CAND-CE22CF7F8F72DA,P2,PORT-9862FC05DA24,200,180.843068,46.192463,105.301092,18743.254,177.996762,True,True,,0.0,9.990856690045291e-05,True,True,True,True,,0.0,0.0,0.0,1,1,0.3612199999999999,0.6,1.54
KOBE_STEEL_JP,Kobe Steel,ACCELERATED_15C,P2,2040,3,0.969,6.0,5.031,16.15,0.3223,1.0,0.6777,32.23,2.6976,6.5,3.8024,41.502,True,model_estimate,Illustrative accelerated envelope; not GCAM or an official supply forecast,CAND-CE22CF7F8F72DA,P2,PORT-9862FC05DA24,200,180.843068,46.192463,105.301092,18743.254,177.996762,True,True,,0.0,9.990856690045291e-05,True,True,True,True,,0.0,0.0,0.0,1,1,0.3612199999999999,0.6,1.54
KOBE_STEEL_JP,Kobe Steel,DISCLOSED_PATH,P1,2026,0,0.0,2.0,2.0,0.0,0.0,0.0,0.0,0.0,0.0,0.8,0.8,0.0,True,model_interpolation,Linear interpolation from 2026 to 2030,CAND-DCD679F188D852,P1,PORT-1144EBE63B41,200,155.80838,42.344089,102.391093,15690.435,153.240232,True,True,,0.0,9.990856690045291e-05,True,True,True,True,,0.0,0.0,0.0,1,1,0.28332,0.6,1.06
KOBE_STEEL_JP,Kobe Steel,DISCLOSED_PATH,P1,2027,0,0.0,2.5,2.5,0.0,0.0,0.075,0.075,0.0,0.0,1.35,1.35,0.0,True,model_interpolation,Linear interpolation from 2026 to 2030,CAND-DCD679F188D852,P1,PORT-1144EBE63B41,200,155.80838,42.344089,102.391093,15690.435,153.240232,True,True,,0.0,9.990856690045291e-05,True,True,True,True,,0.0,0.0,0.0,1,1,0.28332,0.6,1.06
KOBE_STEEL_JP,Kobe Steel,DISCLOSED_PATH,P1,2028,0,0.0,3.0,3.0,0.0,0.0,0.15,0.15,0.0,0.0,1.9000000000000001,1.9,0.0,True,model_interpolation,Linear interpolation from 2026 to 2030,CAND-DCD679F188D852,P1,PORT-1144EBE63B41,200,155.80838,42.344089,102.391093,15690.435,153.240232,True,True,,0.0,9.990856690045291e-05,True,True,True,True,,0.0,0.0,0.0,1,1,0.28332,0.6,1.06
KOBE_STEEL_JP,Kobe Steel,DISCLOSED_PATH,P1,2029,1,0.4425,3.5,3.0575,12.643,0.16225,0.22499999999999998,0.06275,72.111,1.357,2.45,1.093,55.388,True,model_interpolation,Linear interpolation from 2026 to 2030,CAND-DCD679F188D852,P1,PORT-1144EBE63B41,200,155.80838,42.344089,102.391093,15690.435,153.240232,True,True,,0.0,9.990856690045291e-05,True,True,True,True,,0.0,0.0,0.0,1,1,0.28332,0.6,1.06
KOBE_STEEL_JP,Kobe Steel,DISCLOSED_PATH,P1,2030,1,0.4425,4.0,3.5575,11.063,0.16225,0.3,0.13775,54.083,1.357,3.0,1.643,45.233,True,model_interpolation,Linear interpolation from 2030 to 2035,CAND-DCD679F188D852,P1,PORT-1144EBE63B41,200,155.80838,42.344089,102.391093,15690.435,153.240232,True,True,,0.0,9.990856690045291e-05,True,True,True,True,,0.0,0.0,0.0,1,1,0.28332,0.6,1.06
KOBE_STEEL_JP,Kobe Steel,DISCLOSED_PATH,P1,2031,1,0.4425,4.0,3.5575,11.063,0.16225,0.32,0.15775,50.703,1.357,3.0,1.643,45.233,True,model_interpolation,Linear interpolation from 2030 to 2035,CAND-DCD679F188D852,P1,PORT-1144EBE63B41,200,155.80838,42.344089,102.391093,15690.435,153.240232,True,True,,0.0,9.990856690045291e-05,True,True,True,True,,0.0,0.0,0.0,1,1,0.28332,0.6,1.06
KOBE_STEEL_JP,Kobe Steel,DISCLOSED_PATH,P1,2032,1,0.4425,4.0,3.5575,11.063,0.16225,0.34,0.17775,47.721,1.357,3.0,1.643,45.233,True,model_interpolation,Linear interpolation from 2030 to 2035,CAND-DCD679F188D852,P1,PORT-1144EBE63B41,200,155.80838,42.344089,102.391093,15690.435,153.240232,True,True,,0.0,9.990856690045291e-05,True,True,True,True,,0.0,0.0,0.0,1,1,0.28332,0.6,1.06
KOBE_STEEL_JP,Kobe Steel,DISCLOSED_PATH,P1,2033,2,0.5325,4.0,3.4675,13.313,0.16225,0.36,0.19775,45.069,1.359,3.0,1.641,45.3,True,model_interpolation,Linear interpolation from 2030 to 2035,CAND-DCD679F188D852,P1,PORT-1144EBE63B41,200,155.80838,42.344089,102.391093,15690.435,153.240232,True,True,,0.0,9.990856690045291e-05,True,True,True,True,,0.0,0.0,0.0,1,1,0.28332,0.6,1.06
KOBE_STEEL_JP,Kobe Steel,DISCLOSED_PATH,P1,2034,2,0.5325,4.0,3.4675,13.313,0.16225,0.38,0.21775,42.697,1.359,3.0,1.641,45.3,True,model_interpolation,Linear interpolation from 2030 to 2035,CAND-DCD679F188D852,P1,PORT-1144EBE63B41,200,155.80838,42.344089,102.391093,15690.435,153.240232,True,True,,0.0,9.990856690045291e-05,True,True,True,True,,0.0,0.0,0.0,1,1,0.28332,0.6,1.06
KOBE_STEEL_JP,Kobe Steel,DISCLOSED_PATH,P1,2035,2,0.5325,4.0,3.4675,13.313,0.16225,0.4,0.23775,40.563,1.359,3.0,1.641,45.3,True,model_interpolation,Linear interpolation from 2035 to 2040,CAND-DCD679F188D852,P1,PORT-1144EBE63B41,200,155.80838,42.344089,102.391093,15690.435,153.240232,True,True,,0.0,9.990856690045291e-05,True,True,True,True,,0.0,0.0,0.0,1,1,0.28332,0.6,1.06
KOBE_STEEL_JP,Kobe Steel,DISCLOSED_PATH,P1,2036,2,0.5325,4.2,3.6675,12.679,0.16225,0.48000000000000004,0.31775,33.802,1.359,3.4,2.041,39.971,True,model_interpolation,Linear interpolation from 2035 to 2040,CAND-DCD679F188D852,P1,PORT-1144EBE63B41,200,155.80838,42.344089,102.391093,15690.435,153.240232,True,True,,0.0,9.990856690045291e-05,True,True,True,True,,0.0,0.0,0.0,1,1,0.28332,0.6,1.06
KOBE_STEEL_JP,Kobe Steel,DISCLOSED_PATH,P1,2037,3,3.151499,4.4,1.248501,71.625,0.16225,0.56,0.39775,28.973,2.988599,3.8,0.811401,78.647,True,model_interpolation,Linear interpolation from 2035 to 2040,CAND-DCD679F188D852,P1,PORT-1144EBE63B41,200,155.80838,42.344089,102.391093,15690.435,153.240232,True,True,,0.0,9.990856690045291e-05,True,True,True,True,,0.0,0.0,0.0,1,1,0.28332,0.6,1.06
KOBE_STEEL_JP,Kobe Steel,DISCLOSED_PATH,P1,2038,3,3.151499,4.6,1.448501,68.511,0.16225,0.64,0.47775,25.352,2.988599,4.2,1.211401,71.157,True,model_interpolation,Linear interpolation from 2035 to 2040,CAND-DCD679F188D852,P1,PORT-1144EBE63B41,200,155.80838,42.344089,102.391093,15690.435,153.240232,True,True,,0.0,9.990856690045291e-05,True,True,True,True,,0.0,0.0,0.0,1,1,0.28332,0.6,1.06
KOBE_STEEL_JP,Kobe Steel,DISCLOSED_PATH,P1,2039,3,3.151499,4.8,1.648501,65.656,0.16225,0.7200000000000001,0.55775,22.535,2.988599,4.6,1.611401,64.97,True,model_interpolation,Linear interpolation from 2035 to 2040,CAND-DCD679F188D852,P1,PORT-1144EBE63B41,200,155.80838,42.344089,102.391093,15690.435,153.240232,True,True,,0.0,9.990856690045291e-05,True,True,True,True,,0.0,0.0,0.0,1,1,0.28332,0.6,1.06
KOBE_STEEL_JP,Kobe Steel,DISCLOSED_PATH,P1,2040,3,3.151499,5.0,1.848501,63.03,0.16225,0.8,0.63775,20.281,2.988599,5.0,2.011401,59.772,True,model_estimate,Illustrative screening envelope; not an official supply forecast,CAND-DCD679F188D852,P1,PORT-1144EBE63B41,200,155.80838,42.344089,102.391093,15690.435,153.240232,True,True,,0.0,9.990856690045291e-05,True,True,True,True,,0.0,0.0,0.0,1,1,0.28332,0.6,1.06
KOBE_STEEL_JP,Kobe Steel,ACCELERATED_15C,P1,2026,0,0.0,2.0,2.0,0.0,0.0,0.2,0.2,0.0,0.0,1.0,1.0,0.0,True,model_interpolation,Linear interpolation from 2026 to 2030,CAND-DCD679F188D852,P1,PORT-1144EBE63B41,200,149.829905,46.959118,102.391093,15154.803,148.009,True,True,,0.0,9.990856690045291e-05,True,True,True,True,,0.0,0.0,0.0,1,1,0.28332,0.6,1.06
KOBE_STEEL_JP,Kobe Steel,ACCELERATED_15C,P1,2027,0,0.0,2.25,2.25,0.0,0.0,0.25,0.25,0.0,0.0,1.375,1.375,0.0,True,model_interpolation,Linear interpolation from 2026 to 2030,CAND-DCD679F188D852,P1,PORT-1144EBE63B41,200,149.829905,46.959118,102.391093,15154.803,148.009,True,True,,0.0,9.990856690045291e-05,True,True,True,True,,0.0,0.0,0.0,1,1,0.28332,0.6,1.06
KOBE_STEEL_JP,Kobe Steel,ACCELERATED_15C,P1,2028,0,0.0,2.5,2.5,0.0,0.0,0.30000000000000004,0.3,0.0,0.0,1.75,1.75,0.0,True,model_interpolation,Linear interpolation from 2026 to 2030,CAND-DCD679F188D852,P1,PORT-1144EBE63B41,200,149.829905,46.959118,102.391093,15154.803,148.009,True,True,,0.0,9.990856690045291e-05,True,True,True,True,,0.0,0.0,0.0,1,1,0.28332,0.6,1.06
KOBE_STEEL_JP,Kobe Steel,ACCELERATED_15C,P1,2029,1,0.4425,2.75,2.3075,16.091,0.16225,0.35000000000000003,0.18775,46.357,1.357,2.125,0.768,63.859,True,model_interpolation,Linear interpolation from 2026 to 2030,CAND-DCD679F188D852,P1,PORT-1144EBE63B41,200,149.829905,46.959118,102.391093,15154.803,148.009,True,True,,0.0,9.990856690045291e-05,True,True,True,True,,0.0,0.0,0.0,1,1,0.28332,0.6,1.06
KOBE_STEEL_JP,Kobe Steel,ACCELERATED_15C,P1,2030,1,0.4425,3.0,2.5575,14.75,0.16225,0.4,0.23775,40.563,1.357,2.5,1.143,54.28,True,model_interpolation,Linear interpolation from 2030 to 2035,CAND-DCD679F188D852,P1,PORT-1144EBE63B41,200,149.829905,46.959118,102.391093,15154.803,148.009,True,True,,0.0,9.990856690045291e-05,True,True,True,True,,0.0,0.0,0.0,1,1,0.28332,0.6,1.06
KOBE_STEEL_JP,Kobe Steel,ACCELERATED_15C,P1,2031,1,0.4425,3.4,2.9575,13.015,0.16225,0.44,0.27775,36.875,1.357,2.8,1.443,48.464,True,model_interpolation,Linear interpolation from 2030 to 2035,CAND-DCD679F188D852,P1,PORT-1144EBE63B41,200,149.829905,46.959118,102.391093,15154.803,148.009,True,True,,0.0,9.990856690045291e-05,True,True,True,True,,0.0,0.0,0.0,1,1,0.28332,0.6,1.06
KOBE_STEEL_JP,Kobe Steel,ACCELERATED_15C,P1,2032,1,0.4425,3.8,3.3575,11.645,0.16225,0.48,0.31775,33.802,1.357,3.1,1.743,43.774,True,model_interpolation,Linear interpolation from 2030 to 2035,CAND-DCD679F188D852,P1,PORT-1144EBE63B41,200,149.829905,46.959118,102.391093,15154.803,148.009,True,True,,0.0,9.990856690045291e-05,True,True,True,True,,0.0,0.0,0.0,1,1,0.28332,0.6,1.06
KOBE_STEEL_JP,Kobe Steel,ACCELERATED_15C,P1,2033,2,0.5325,4.2,3.6675,12.679,0.16225,0.52,0.35775,31.202,1.359,3.4,2.041,39.971,True,model_interpolation,Linear interpolation from 2030 to 2035,CAND-DCD679F188D852,P1,PORT-1144EBE63B41,200,149.829905,46.959118,102.391093,15154.803,148.009,True,True,,0.0,9.990856690045291e-05,True,True,True,True,,0.0,0.0,0.0,1,1,0.28332,0.6,1.06
KOBE_STEEL_JP,Kobe Steel,ACCELERATED_15C,P1,2034,2,0.5325,4.6,4.0675,11.576,0.16225,0.56,0.39775,28.973,1.359,3.7,2.341,36.73,True,model_interpolation,Linear interpolation from 2030 to 2035,CAND-DCD679F188D852,P1,PORT-1144EBE63B41,200,149.829905,46.959118,102.391093,15154.803,148.009,True,True,,0.0,9.990856690045291e-05,True,True,True,True,,0.0,0.0,0.0,1,1,0.28332,0.6,1.06
KOBE_STEEL_JP,Kobe Steel,ACCELERATED_15C,P1,2035,2,0.5325,5.0,4.4675,10.65,0.16225,0.6,0.43775,27.042,1.359,4.0,2.641,33.975,True,model_interpolation,Linear interpolation from 2035 to 2040,CAND-DCD679F188D852,P1,PORT-1144EBE63B41,200,149.829905,46.959118,102.391093,15154.803,148.009,True,True,,0.0,9.990856690045291e-05,True,True,True,True,,0.0,0.0,0.0,1,1,0.28332,0.6,1.06
KOBE_STEEL_JP,Kobe Steel,ACCELERATED_15C,P1,2036,2,0.5325,5.2,4.6675,10.24,0.16225,0.6799999999999999,0.51775,23.86,1.359,4.5,3.141,30.2,True,model_interpolation,Linear interpolation from 2035 to 2040,CAND-DCD679F188D852,P1,PORT-1144EBE63B41,200,149.829905,46.959118,102.391093,15154.803,148.009,True,True,,0.0,9.990856690045291e-05,True,True,True,True,,0.0,0.0,0.0,1,1,0.28332,0.6,1.06
KOBE_STEEL_JP,Kobe Steel,ACCELERATED_15C,P1,2037,3,3.151499,5.4,2.248501,58.361,0.16225,0.76,0.59775,21.349,2.988599,5.0,2.011401,59.772,True,model_interpolation,Linear interpolation from 2035 to 2040,CAND-DCD679F188D852,P1,PORT-1144EBE63B41,200,149.829905,46.959118,102.391093,15154.803,148.009,True,True,,0.0,9.990856690045291e-05,True,True,True,True,,0.0,0.0,0.0,1,1,0.28332,0.6,1.06
KOBE_STEEL_JP,Kobe Steel,ACCELERATED_15C,P1,2038,3,3.151499,5.6,2.448501,56.277,0.16225,0.84,0.67775,19.315,2.988599,5.5,2.511401,54.338,True,model_interpolation,Linear interpolation from 2035 to 2040,CAND-DCD679F188D852,P1,PORT-1144EBE63B41,200,149.829905,46.959118,102.391093,15154.803,148.009,True,True,,0.0,9.990856690045291e-05,True,True,True,True,,0.0,0.0,0.0,1,1,0.28332,0.6,1.06
KOBE_STEEL_JP,Kobe Steel,ACCELERATED_15C,P1,2039,3,3.151499,5.8,2.648501,54.336,0.16225,0.92,0.75775,17.636,2.988599,6.0,3.011401,49.81,True,model_interpolation,Linear interpolation from 2035 to 2040,CAND-DCD679F188D852,P1,PORT-1144EBE63B41,200,149.829905,46.959118,102.391093,15154.803,148.009,True,True,,0.0,9.990856690045291e-05,True,True,True,True,,0.0,0.0,0.0,1,1,0.28332,0.6,1.06
KOBE_STEEL_JP,Kobe Steel,ACCELERATED_15C,P1,2040,3,3.151499,6.0,2.848501,52.525,0.16225,1.0,0.83775,16.225,2.988599,6.5,3.511401,45.978,True,model_estimate,Illustrative accelerated envelope; not GCAM or an official supply forecast,CAND-DCD679F188D852,P1,PORT-1144EBE63B41,200,149.829905,46.959118,102.391093,15154.803,148.009,True,True,,0.0,9.990856690045291e-05,True,True,True,True,,0.0,0.0,0.0,1,1,0.28332,0.6,1.06
JFE_STEEL_JP,JFE Steel,DISCLOSED_PATH,P2,2026,0,0.0,5.0,5.0,0.0,0.0,0.0,0.0,0.0,0.0,1.5,1.5,0.0,True,model_interpolation,Linear interpolation from 2026 to 2030,CAND-E72109958C3B57,P2,PORT-E5F3D5116135,200,103.92675,26.44916,321.408363,32387.753,100.768233,True,False,,0.0,1.265341119704999e-05,False,False,True,True,2036,0.004998229999999992,0.0,0.0,2,3,0.3406543999999999,0.65,1.3
JFE_STEEL_JP,JFE Steel,DISCLOSED_PATH,P2,2027,0,0.0,5.75,5.75,0.0,0.0,0.1,0.1,0.0,0.0,2.375,2.375,0.0,True,model_interpolation,Linear interpolation from 2026 to 2030,CAND-E72109958C3B57,P2,PORT-E5F3D5116135,200,103.92675,26.44916,321.408363,32387.753,100.768233,True,False,,0.0,1.265341119704999e-05,False,False,True,True,2036,0.004998229999999992,0.0,0.0,2,3,0.3406543999999999,0.65,1.3
JFE_STEEL_JP,JFE Steel,DISCLOSED_PATH,P2,2028,0,0.0,6.5,6.5,0.0,0.0,0.2,0.2,0.0,0.0,3.25,3.25,0.0,True,model_interpolation,Linear interpolation from 2026 to 2030,CAND-E72109958C3B57,P2,PORT-E5F3D5116135,200,103.92675,26.44916,321.408363,32387.753,100.768233,True,False,,0.0,1.265341119704999e-05,False,False,True,True,2036,0.004998229999999992,0.0,0.0,2,3,0.3406543999999999,0.65,1.3
JFE_STEEL_JP,JFE Steel,DISCLOSED_PATH,P2,2029,1,6.120001,7.25,1.129999,84.414,0.0,0.30000000000000004,0.3,0.0,3.808,4.125,0.317,92.315,True,model_interpolation,Linear interpolation from 2026 to 2030,CAND-E72109958C3B57,P2,PORT-E5F3D5116135,200,103.92675,26.44916,321.408363,32387.753,100.768233,True,False,,0.0,1.265341119704999e-05,False,False,True,True,2036,0.004998229999999992,0.0,0.0,2,3,0.3406543999999999,0.65,1.3
JFE_STEEL_JP,JFE Steel,DISCLOSED_PATH,P2,2030,1,6.120001,8.0,1.879999,76.5,0.0,0.4,0.4,0.0,3.808,5.0,1.192,76.16,True,model_interpolation,Linear interpolation from 2030 to 2035,CAND-E72109958C3B57,P2,PORT-E5F3D5116135,200,103.92675,26.44916,321.408363,32387.753,100.768233,True,False,,0.0,1.265341119704999e-05,False,False,True,True,2036,0.004998229999999992,0.0,0.0,2,3,0.3406543999999999,0.65,1.3
JFE_STEEL_JP,JFE Steel,DISCLOSED_PATH,P2,2031,1,6.120001,8.8,2.679999,69.545,0.0,0.56,0.56,0.0,3.808,6.0,2.192,63.467,True,model_interpolation,Linear interpolation from 2030 to 2035,CAND-E72109958C3B57,P2,PORT-E5F3D5116135,200,103.92675,26.44916,321.408363,32387.753,100.768233,True,False,,0.0,1.265341119704999e-05,False,False,True,True,2036,0.004998229999999992,0.0,0.0,2,3,0.3406543999999999,0.65,1.3
JFE_STEEL_JP,JFE Steel,DISCLOSED_PATH,P2,2032,1,6.120001,9.6,3.479999,63.75,0.0,0.72,0.72,0.0,3.808,7.0,3.192,54.4,True,model_interpolation,Linear interpolation from 2030 to 2035,CAND-E72109958C3B57,P2,PORT-E5F3D5116135,200,103.92675,26.44916,321.408363,32387.753,100.768233,True,False,,0.0,1.265341119704999e-05,False,False,True,True,2036,0.004998229999999992,0.0,0.0,2,3,0.3406543999999999,0.65,1.3
JFE_STEEL_JP,JFE Steel,DISCLOSED_PATH,P2,2033,3,8.1,10.4,2.3,77.885,0.495,0.8799999999999999,0.385,56.25,7.961999,8.0,0.038001,99.525,True,model_interpolation,Linear interpolation from 2030 to 2035,CAND-E72109958C3B57,P2,PORT-E5F3D5116135,200,103.92675,26.44916,321.408363,32387.753,100.768233,True,False,,0.0,1.265341119704999e-05,False,False,True,True,2036,0.004998229999999992,0.0,0.0,2,3,0.3406543999999999,0.65,1.3
JFE_STEEL_JP,JFE Steel,DISCLOSED_PATH,P2,2034,3,8.1,11.2,3.1,72.321,0.495,1.04,0.545,47.596,7.961999,9.0,1.038001,88.467,True,model_interpolation,Linear interpolation from 2030 to 2035,CAND-E72109958C3B57,P2,PORT-E5F3D5116135,200,103.92675,26.44916,321.408363,32387.753,100.768233,True,False,,0.0,1.265341119704999e-05,False,False,True,True,2036,0.004998229999999992,0.0,0.0,2,3,0.3406543999999999,0.65,1.3
JFE_STEEL_JP,JFE Steel,DISCLOSED_PATH,P2,2035,3,8.1,12.0,3.9,67.5,0.495,1.2,0.705,41.25,7.961999,10.0,2.038001,79.62,True,model_interpolation,Linear interpolation from 2035 to 2040,CAND-E72109958C3B57,P2,PORT-E5F3D5116135,200,103.92675,26.44916,321.408363,32387.753,100.768233,True,False,,0.0,1.265341119704999e-05,False,False,True,True,2036,0.004998229999999992,0.0,0.0,2,3,0.3406543999999999,0.65,1.3
JFE_STEEL_JP,JFE Steel,DISCLOSED_PATH,P2,2036,4,13.004998,13.0,-0.004998,100.038,0.495,1.4,0.905,35.357,11.013998,11.4,0.386002,96.614,False,model_interpolation,Linear interpolation from 2035 to 2040,CAND-E72109958C3B57,P2,PORT-E5F3D5116135,200,103.92675,26.44916,321.408363,32387.753,100.768233,True,False,,0.0,1.265341119704999e-05,False,False,True,True,2036,0.004998229999999992,0.0,0.0,2,3,0.3406543999999999,0.65,1.3
JFE_STEEL_JP,JFE Steel,DISCLOSED_PATH,P2,2037,4,13.004998,14.0,0.995002,92.893,0.495,1.6,1.105,30.937,11.013998,12.8,1.786002,86.047,True,model_interpolation,Linear interpolation from 2035 to 2040,CAND-E72109958C3B57,P2,PORT-E5F3D5116135,200,103.92675,26.44916,321.408363,32387.753,100.768233,True,False,,0.0,1.265341119704999e-05,False,False,True,True,2036,0.004998229999999992,0.0,0.0,2,3,0.3406543999999999,0.65,1.3
JFE_STEEL_JP,JFE Steel,DISCLOSED_PATH,P2,2038,4,13.004998,15.0,1.995002,86.7,0.495,1.8,1.305,27.5,11.013998,14.2,3.186002,77.563,True,model_interpolation,Linear interpolation from 2035 to 2040,CAND-E72109958C3B57,P2,PORT-E5F3D5116135,200,103.92675,26.44916,321.408363,32387.753,100.768233,True,False,,0.0,1.265341119704999e-05,False,False,True,True,2036,0.004998229999999992,0.0,0.0,2,3,0.3406543999999999,0.65,1.3
JFE_STEEL_JP,JFE Steel,DISCLOSED_PATH,P2,2039,4,13.004998,16.0,2.995002,81.281,0.495,2.0,1.505,24.75,11.013998,15.600000000000001,4.586002,70.603,True,model_interpolation,Linear interpolation from 2035 to 2040,CAND-E72109958C3B57,P2,PORT-E5F3D5116135,200,103.92675,26.44916,321.408363,32387.753,100.768233,True,False,,0.0,1.265341119704999e-05,False,False,True,True,2036,0.004998229999999992,0.0,0.0,2,3,0.3406543999999999,0.65,1.3
JFE_STEEL_JP,JFE Steel,DISCLOSED_PATH,P2,2040,4,13.004998,17.0,3.995002,76.5,0.495,2.2,1.705,22.5,11.013998,17.0,5.986002,64.788,True,model_estimate,Illustrative screening envelope; not an official supply forecast,CAND-E72109958C3B57,P2,PORT-E5F3D5116135,200,103.92675,26.44916,321.408363,32387.753,100.768233,True,False,,0.0,1.265341119704999e-05,False,False,True,True,2036,0.004998229999999992,0.0,0.0,2,3,0.3406543999999999,0.65,1.3
JFE_STEEL_JP,JFE Steel,ACCELERATED_15C,P2,2026,0,0.0,5.0,5.0,0.0,0.0,0.1,0.1,0.0,0.0,1.5,1.5,0.0,True,model_interpolation,Linear interpolation from 2026 to 2030,CAND-E72109958C3B57,P2,PORT-E5F3D5116135,200,95.061912,28.707078,321.408363,29504.994,91.799087,True,True,,0.0,1.265341119704999e-05,True,True,True,True,,0.0,0.0,0.0,2,3,0.3406543999999999,0.65,1.3
JFE_STEEL_JP,JFE Steel,ACCELERATED_15C,P2,2027,0,0.0,6.25,6.25,0.0,0.0,0.225,0.225,0.0,0.0,2.875,2.875,0.0,True,model_interpolation,Linear interpolation from 2026 to 2030,CAND-E72109958C3B57,P2,PORT-E5F3D5116135,200,95.061912,28.707078,321.408363,29504.994,91.799087,True,True,,0.0,1.265341119704999e-05,True,True,True,True,,0.0,0.0,0.0,2,3,0.3406543999999999,0.65,1.3
JFE_STEEL_JP,JFE Steel,ACCELERATED_15C,P2,2028,0,0.0,7.5,7.5,0.0,0.0,0.35,0.35,0.0,0.0,4.25,4.25,0.0,True,model_interpolation,Linear interpolation from 2026 to 2030,CAND-E72109958C3B57,P2,PORT-E5F3D5116135,200,95.061912,28.707078,321.408363,29504.994,91.799087,True,True,,0.0,1.265341119704999e-05,True,True,True,True,,0.0,0.0,0.0,2,3,0.3406543999999999,0.65,1.3
JFE_STEEL_JP,JFE Steel,ACCELERATED_15C,P2,2029,1,6.120001,8.75,2.629999,69.943,0.0,0.475,0.475,0.0,3.808,5.625,1.817,67.698,True,model_interpolation,Linear interpolation from 2026 to 2030,CAND-E72109958C3B57,P2,PORT-E5F3D5116135,200,95.061912,28.707078,321.408363,29504.994,91.799087,True,True,,0.0,1.265341119704999e-05,True,True,True,True,,0.0,0.0,0.0,2,3,0.3406543999999999,0.65,1.3
JFE_STEEL_JP,JFE Steel,ACCELERATED_15C,P2,2030,1,6.120001,10.0,3.879999,61.2,0.0,0.6,0.6,0.0,3.808,7.0,3.192,54.4,True,model_interpolation,Linear interpolation from 2030 to 2035,CAND-E72109958C3B57,P2,PORT-E5F3D5116135,200,95.061912,28.707078,321.408363,29504.994,91.799087,True,True,,0.0,1.265341119704999e-05,True,True,True,True,,0.0,0.0,0.0,2,3,0.3406543999999999,0.65,1.3
JFE_STEEL_JP,JFE Steel,ACCELERATED_15C,P2,2031,1,6.120001,11.2,5.079999,54.643,0.0,0.8400000000000001,0.84,0.0,3.808,8.4,4.592,45.333,True,model_interpolation,Linear interpolation from 2030 to 2035,CAND-E72109958C3B57,P2,PORT-E5F3D5116135,200,95.061912,28.707078,321.408363,29504.994,91.799087,True,True,,0.0,1.265341119704999e-05,True,True,True,True,,0.0,0.0,0.0,2,3,0.3406543999999999,0.65,1.3
JFE_STEEL_JP,JFE Steel,ACCELERATED_15C,P2,2032,1,6.120001,12.4,6.279999,49.355,0.0,1.08,1.08,0.0,3.808,9.8,5.992,38.857,True,model_interpolation,Linear interpolation from 2030 to 2035,CAND-E72109958C3B57,P2,PORT-E5F3D5116135,200,95.061912,28.707078,321.408363,29504.994,91.799087,True,True,,0.0,1.265341119704999e-05,True,True,True,True,,0.0,0.0,0.0,2,3,0.3406543999999999,0.65,1.3
JFE_STEEL_JP,JFE Steel,ACCELERATED_15C,P2,2033,3,8.1,13.6,5.5,59.559,0.495,1.32,0.825,37.5,7.961999,11.2,3.238001,71.089,True,model_interpolation,Linear interpolation from 2030 to 2035,CAND-E72109958C3B57,P2,PORT-E5F3D5116135,200,95.061912,28.707078,321.408363,29504.994,91.799087,True,True,,0.0,1.265341119704999e-05,True,True,True,True,,0.0,0.0,0.0,2,3,0.3406543999999999,0.65,1.3
JFE_STEEL_JP,JFE Steel,ACCELERATED_15C,P2,2034,3,8.1,14.8,6.7,54.73,0.495,1.56,1.065,31.731,7.961999,12.600000000000001,4.638001,63.19,True,model_interpolation,Linear interpolation from 2030 to 2035,CAND-E72109958C3B57,P2,PORT-E5F3D5116135,200,95.061912,28.707078,321.408363,29504.994,91.799087,True,True,,0.0,1.265341119704999e-05,True,True,True,True,,0.0,0.0,0.0,2,3,0.3406543999999999,0.65,1.3
JFE_STEEL_JP,JFE Steel,ACCELERATED_15C,P2,2035,3,8.1,16.0,7.9,50.625,0.495,1.8,1.305,27.5,7.961999,14.0,6.038001,56.871,True,model_interpolation,Linear interpolation from 2035 to 2040,CAND-E72109958C3B57,P2,PORT-E5F3D5116135,200,95.061912,28.707078,321.408363,29504.994,91.799087,True,True,,0.0,1.265341119704999e-05,True,True,True,True,,0.0,0.0,0.0,2,3,0.3406543999999999,0.65,1.3
JFE_STEEL_JP,JFE Steel,ACCELERATED_15C,P2,2036,4,13.004998,17.0,3.995002,76.5,0.495,2.04,1.545,24.265,11.013998,15.6,4.586002,70.603,True,model_interpolation,Linear interpolation from 2035 to 2040,CAND-E72109958C3B57,P2,PORT-E5F3D5116135,200,95.061912,28.707078,321.408363,29504.994,91.799087,True,True,,0.0,1.265341119704999e-05,True,True,True,True,,0.0,0.0,0.0,2,3,0.3406543999999999,0.65,1.3
JFE_STEEL_JP,JFE Steel,ACCELERATED_15C,P2,2037,4,13.004998,18.0,4.995002,72.25,0.495,2.2800000000000002,1.785,21.711,11.013998,17.2,6.186002,64.035,True,model_interpolation,Linear interpolation from 2035 to 2040,CAND-E72109958C3B57,P2,PORT-E5F3D5116135,200,95.061912,28.707078,321.408363,29504.994,91.799087,True,True,,0.0,1.265341119704999e-05,True,True,True,True,,0.0,0.0,0.0,2,3,0.3406543999999999,0.65,1.3
JFE_STEEL_JP,JFE Steel,ACCELERATED_15C,P2,2038,4,13.004998,19.0,5.995002,68.447,0.495,2.52,2.025,19.643,11.013998,18.8,7.786002,58.585,True,model_interpolation,Linear interpolation from 2035 to 2040,CAND-E72109958C3B57,P2,PORT-E5F3D5116135,200,95.061912,28.707078,321.408363,29504.994,91.799087,True,True,,0.0,1.265341119704999e-05,True,True,True,True,,0.0,0.0,0.0,2,3,0.3406543999999999,0.65,1.3
JFE_STEEL_JP,JFE Steel,ACCELERATED_15C,P2,2039,4,13.004998,20.0,6.995002,65.025,0.495,2.76,2.265,17.935,11.013998,20.4,9.386002,53.99,True,model_interpolation,Linear interpolation from 2035 to 2040,CAND-E72109958C3B57,P2,PORT-E5F3D5116135,200,95.061912,28.707078,321.408363,29504.994,91.799087,True,True,,0.0,1.265341119704999e-05,True,True,True,True,,0.0,0.0,0.0,2,3,0.3406543999999999,0.65,1.3
JFE_STEEL_JP,JFE Steel,ACCELERATED_15C,P2,2040,4,13.004998,21.0,7.995002,61.929,0.495,3.0,2.505,16.5,11.013998,22.0,10.986002,50.064,True,model_estimate,Illustrative accelerated envelope; not GCAM or an official supply forecast,CAND-E72109958C3B57,P2,PORT-E5F3D5116135,200,95.061912,28.707078,321.408363,29504.994,91.799087,True,True,,0.0,1.265341119704999e-05,True,True,True,True,,0.0,0.0,0.0,2,3,0.3406543999999999,0.65,1.3
JFE_STEEL_JP,JFE Steel,DISCLOSED_PATH,P3,2026,0,0.0,5.0,5.0,0.0,0.0,0.0,0.0,0.0,0.0,1.5,1.5,0.0,True,model_interpolation,Linear interpolation from 2026 to 2030,CAND-E8FAD9BDD034A5,P3,PORT-51A2628EF9C2,200,126.193083,24.557053,328.220861,40363.359,122.976215,True,True,,0.0,1.265341119704999e-05,True,True,True,True,,0.0,0.0,0.0,3,3,0.41232239999999987,0.65,1.78
JFE_STEEL_JP,JFE Steel,DISCLOSED_PATH,P3,2027,0,0.0,5.75,5.75,0.0,0.0,0.1,0.1,0.0,0.0,2.375,2.375,0.0,True,model_interpolation,Linear interpolation from 2026 to 2030,CAND-E8FAD9BDD034A5,P3,PORT-51A2628EF9C2,200,126.193083,24.557053,328.220861,40363.359,122.976215,True,True,,0.0,1.265341119704999e-05,True,True,True,True,,0.0,0.0,0.0,3,3,0.41232239999999987,0.65,1.78
JFE_STEEL_JP,JFE Steel,DISCLOSED_PATH,P3,2028,0,0.0,6.5,6.5,0.0,0.0,0.2,0.2,0.0,0.0,3.25,3.25,0.0,True,model_interpolation,Linear interpolation from 2026 to 2030,CAND-E8FAD9BDD034A5,P3,PORT-51A2628EF9C2,200,126.193083,24.557053,328.220861,40363.359,122.976215,True,True,,0.0,1.265341119704999e-05,True,True,True,True,,0.0,0.0,0.0,3,3,0.41232239999999987,0.65,1.78
JFE_STEEL_JP,JFE Steel,DISCLOSED_PATH,P3,2029,1,6.120001,7.25,1.129999,84.414,0.0,0.30000000000000004,0.3,0.0,3.808,4.125,0.317,92.315,True,model_interpolation,Linear interpolation from 2026 to 2030,CAND-E8FAD9BDD034A5,P3,PORT-51A2628EF9C2,200,126.193083,24.557053,328.220861,40363.359,122.976215,True,True,,0.0,1.265341119704999e-05,True,True,True,True,,0.0,0.0,0.0,3,3,0.41232239999999987,0.65,1.78
JFE_STEEL_JP,JFE Steel,DISCLOSED_PATH,P3,2030,1,6.120001,8.0,1.879999,76.5,0.0,0.4,0.4,0.0,3.808,5.0,1.192,76.16,True,model_interpolation,Linear interpolation from 2030 to 2035,CAND-E8FAD9BDD034A5,P3,PORT-51A2628EF9C2,200,126.193083,24.557053,328.220861,40363.359,122.976215,True,True,,0.0,1.265341119704999e-05,True,True,True,True,,0.0,0.0,0.0,3,3,0.41232239999999987,0.65,1.78
JFE_STEEL_JP,JFE Steel,DISCLOSED_PATH,P3,2031,1,6.120001,8.8,2.679999,69.545,0.0,0.56,0.56,0.0,3.808,6.0,2.192,63.467,True,model_interpolation,Linear interpolation from 2030 to 2035,CAND-E8FAD9BDD034A5,P3,PORT-51A2628EF9C2,200,126.193083,24.557053,328.220861,40363.359,122.976215,True,True,,0.0,1.265341119704999e-05,True,True,True,True,,0.0,0.0,0.0,3,3,0.41232239999999987,0.65,1.78
JFE_STEEL_JP,JFE Steel,DISCLOSED_PATH,P3,2032,1,6.120001,9.6,3.479999,63.75,0.0,0.72,0.72,0.0,3.808,7.0,3.192,54.4,True,model_interpolation,Linear interpolation from 2030 to 2035,CAND-E8FAD9BDD034A5,P3,PORT-51A2628EF9C2,200,126.193083,24.557053,328.220861,40363.359,122.976215,True,True,,0.0,1.265341119704999e-05,True,True,True,True,,0.0,0.0,0.0,3,3,0.41232239999999987,0.65,1.78
JFE_STEEL_JP,JFE Steel,DISCLOSED_PATH,P3,2033,3,8.1,10.4,2.3,77.885,0.495,0.8799999999999999,0.385,56.25,7.961999,8.0,0.038001,99.525,True,model_interpolation,Linear interpolation from 2030 to 2035,CAND-E8FAD9BDD034A5,P3,PORT-51A2628EF9C2,200,126.193083,24.557053,328.220861,40363.359,122.976215,True,True,,0.0,1.265341119704999e-05,True,True,True,True,,0.0,0.0,0.0,3,3,0.41232239999999987,0.65,1.78
JFE_STEEL_JP,JFE Steel,DISCLOSED_PATH,P3,2034,3,8.1,11.2,3.1,72.321,0.495,1.04,0.545,47.596,7.961999,9.0,1.038001,88.467,True,model_interpolation,Linear interpolation from 2030 to 2035,CAND-E8FAD9BDD034A5,P3,PORT-51A2628EF9C2,200,126.193083,24.557053,328.220861,40363.359,122.976215,True,True,,0.0,1.265341119704999e-05,True,True,True,True,,0.0,0.0,0.0,3,3,0.41232239999999987,0.65,1.78
JFE_STEEL_JP,JFE Steel,DISCLOSED_PATH,P3,2035,3,8.1,12.0,3.9,67.5,0.495,1.2,0.705,41.25,7.961999,10.0,2.038001,79.62,True,model_interpolation,Linear interpolation from 2035 to 2040,CAND-E8FAD9BDD034A5,P3,PORT-51A2628EF9C2,200,126.193083,24.557053,328.220861,40363.359,122.976215,True,True,,0.0,1.265341119704999e-05,True,True,True,True,,0.0,0.0,0.0,3,3,0.41232239999999987,0.65,1.78
JFE_STEEL_JP,JFE Steel,DISCLOSED_PATH,P3,2036,4,8.9175,13.0,4.0825,68.596,0.79475,1.4,0.60525,56.768,10.468998,11.4,0.931002,91.833,True,model_interpolation,Linear interpolation from 2035 to 2040,CAND-E8FAD9BDD034A5,P3,PORT-51A2628EF9C2,200,126.193083,24.557053,328.220861,40363.359,122.976215,True,True,,0.0,1.265341119704999e-05,True,True,True,True,,0.0,0.0,0.0,3,3,0.41232239999999987,0.65,1.78
JFE_STEEL_JP,JFE Steel,DISCLOSED_PATH,P3,2037,4,8.9175,14.0,5.0825,63.696,0.79475,1.6,0.80525,49.672,10.468998,12.8,2.331002,81.789,True,model_interpolation,Linear interpolation from 2035 to 2040,CAND-E8FAD9BDD034A5,P3,PORT-51A2628EF9C2,200,126.193083,24.557053,328.220861,40363.359,122.976215,True,True,,0.0,1.265341119704999e-05,True,True,True,True,,0.0,0.0,0.0,3,3,0.41232239999999987,0.65,1.78
JFE_STEEL_JP,JFE Steel,DISCLOSED_PATH,P3,2038,4,8.9175,15.0,6.0825,59.45,0.79475,1.8,1.00525,44.153,10.468998,14.2,3.731002,73.725,True,model_interpolation,Linear interpolation from 2035 to 2040,CAND-E8FAD9BDD034A5,P3,PORT-51A2628EF9C2,200,126.193083,24.557053,328.220861,40363.359,122.976215,True,True,,0.0,1.265341119704999e-05,True,True,True,True,,0.0,0.0,0.0,3,3,0.41232239999999987,0.65,1.78
JFE_STEEL_JP,JFE Steel,DISCLOSED_PATH,P3,2039,4,8.9175,16.0,7.0825,55.734,0.79475,2.0,1.20525,39.737,10.468998,15.600000000000001,5.131002,67.109,True,model_interpolation,Linear interpolation from 2035 to 2040,CAND-E8FAD9BDD034A5,P3,PORT-51A2628EF9C2,200,126.193083,24.557053,328.220861,40363.359,122.976215,True,True,,0.0,1.265341119704999e-05,True,True,True,True,,0.0,0.0,0.0,3,3,0.41232239999999987,0.65,1.78
JFE_STEEL_JP,JFE Steel,DISCLOSED_PATH,P3,2040,4,8.9175,17.0,8.0825,52.456,0.79475,2.2,1.40525,36.125,10.468998,17.0,6.531002,61.582,True,model_estimate,Illustrative screening envelope; not an official supply forecast,CAND-E8FAD9BDD034A5,P3,PORT-51A2628EF9C2,200,126.193083,24.557053,328.220861,40363.359,122.976215,True,True,,0.0,1.265341119704999e-05,True,True,True,True,,0.0,0.0,0.0,3,3,0.41232239999999987,0.65,1.78
JFE_STEEL_JP,JFE Steel,ACCELERATED_15C,P3,2026,0,0.0,5.0,5.0,0.0,0.0,0.1,0.1,0.0,0.0,1.5,1.5,0.0,True,model_interpolation,Linear interpolation from 2026 to 2030,CAND-E8FAD9BDD034A5,P3,PORT-51A2628EF9C2,200,116.830019,25.545138,328.220861,37182.414,113.284736,True,True,,0.0,1.265341119704999e-05,True,True,True,True,,0.0,0.0,0.0,3,3,0.41232239999999987,0.65,1.78
JFE_STEEL_JP,JFE Steel,ACCELERATED_15C,P3,2027,0,0.0,6.25,6.25,0.0,0.0,0.225,0.225,0.0,0.0,2.875,2.875,0.0,True,model_interpolation,Linear interpolation from 2026 to 2030,CAND-E8FAD9BDD034A5,P3,PORT-51A2628EF9C2,200,116.830019,25.545138,328.220861,37182.414,113.284736,True,True,,0.0,1.265341119704999e-05,True,True,True,True,,0.0,0.0,0.0,3,3,0.41232239999999987,0.65,1.78
JFE_STEEL_JP,JFE Steel,ACCELERATED_15C,P3,2028,0,0.0,7.5,7.5,0.0,0.0,0.35,0.35,0.0,0.0,4.25,4.25,0.0,True,model_interpolation,Linear interpolation from 2026 to 2030,CAND-E8FAD9BDD034A5,P3,PORT-51A2628EF9C2,200,116.830019,25.545138,328.220861,37182.414,113.284736,True,True,,0.0,1.265341119704999e-05,True,True,True,True,,0.0,0.0,0.0,3,3,0.41232239999999987,0.65,1.78
JFE_STEEL_JP,JFE Steel,ACCELERATED_15C,P3,2029,1,6.120001,8.75,2.629999,69.943,0.0,0.475,0.475,0.0,3.808,5.625,1.817,67.698,True,model_interpolation,Linear interpolation from 2026 to 2030,CAND-E8FAD9BDD034A5,P3,PORT-51A2628EF9C2,200,116.830019,25.545138,328.220861,37182.414,113.284736,True,True,,0.0,1.265341119704999e-05,True,True,True,True,,0.0,0.0,0.0,3,3,0.41232239999999987,0.65,1.78
JFE_STEEL_JP,JFE Steel,ACCELERATED_15C,P3,2030,1,6.120001,10.0,3.879999,61.2,0.0,0.6,0.6,0.0,3.808,7.0,3.192,54.4,True,model_interpolation,Linear interpolation from 2030 to 2035,CAND-E8FAD9BDD034A5,P3,PORT-51A2628EF9C2,200,116.830019,25.545138,328.220861,37182.414,113.284736,True,True,,0.0,1.265341119704999e-05,True,True,True,True,,0.0,0.0,0.0,3,3,0.41232239999999987,0.65,1.78
JFE_STEEL_JP,JFE Steel,ACCELERATED_15C,P3,2031,1,6.120001,11.2,5.079999,54.643,0.0,0.8400000000000001,0.84,0.0,3.808,8.4,4.592,45.333,True,model_interpolation,Linear interpolation from 2030 to 2035,CAND-E8FAD9BDD034A5,P3,PORT-51A2628EF9C2,200,116.830019,25.545138,328.220861,37182.414,113.284736,True,True,,0.0,1.265341119704999e-05,True,True,True,True,,0.0,0.0,0.0,3,3,0.41232239999999987,0.65,1.78
JFE_STEEL_JP,JFE Steel,ACCELERATED_15C,P3,2032,1,6.120001,12.4,6.279999,49.355,0.0,1.08,1.08,0.0,3.808,9.8,5.992,38.857,True,model_interpolation,Linear interpolation from 2030 to 2035,CAND-E8FAD9BDD034A5,P3,PORT-51A2628EF9C2,200,116.830019,25.545138,328.220861,37182.414,113.284736,True,True,,0.0,1.265341119704999e-05,True,True,True,True,,0.0,0.0,0.0,3,3,0.41232239999999987,0.65,1.78
JFE_STEEL_JP,JFE Steel,ACCELERATED_15C,P3,2033,3,8.1,13.6,5.5,59.559,0.495,1.32,0.825,37.5,7.961999,11.2,3.238001,71.089,True,model_interpolation,Linear interpolation from 2030 to 2035,CAND-E8FAD9BDD034A5,P3,PORT-51A2628EF9C2,200,116.830019,25.545138,328.220861,37182.414,113.284736,True,True,,0.0,1.265341119704999e-05,True,True,True,True,,0.0,0.0,0.0,3,3,0.41232239999999987,0.65,1.78
JFE_STEEL_JP,JFE Steel,ACCELERATED_15C,P3,2034,3,8.1,14.8,6.7,54.73,0.495,1.56,1.065,31.731,7.961999,12.600000000000001,4.638001,63.19,True,model_interpolation,Linear interpolation from 2030 to 2035,CAND-E8FAD9BDD034A5,P3,PORT-51A2628EF9C2,200,116.830019,25.545138,328.220861,37182.414,113.284736,True,True,,0.0,1.265341119704999e-05,True,True,True,True,,0.0,0.0,0.0,3,3,0.41232239999999987,0.65,1.78
JFE_STEEL_JP,JFE Steel,ACCELERATED_15C,P3,2035,3,8.1,16.0,7.9,50.625,0.495,1.8,1.305,27.5,7.961999,14.0,6.038001,56.871,True,model_interpolation,Linear interpolation from 2035 to 2040,CAND-E8FAD9BDD034A5,P3,PORT-51A2628EF9C2,200,116.830019,25.545138,328.220861,37182.414,113.284736,True,True,,0.0,1.265341119704999e-05,True,True,True,True,,0.0,0.0,0.0,3,3,0.41232239999999987,0.65,1.78
JFE_STEEL_JP,JFE Steel,ACCELERATED_15C,P3,2036,4,8.9175,17.0,8.0825,52.456,0.79475,2.04,1.24525,38.958,10.468998,15.6,5.131002,67.109,True,model_interpolation,Linear interpolation from 2035 to 2040,CAND-E8FAD9BDD034A5,P3,PORT-51A2628EF9C2,200,116.830019,25.545138,328.220861,37182.414,113.284736,True,True,,0.0,1.265341119704999e-05,True,True,True,True,,0.0,0.0,0.0,3,3,0.41232239999999987,0.65,1.78
JFE_STEEL_JP,JFE Steel,ACCELERATED_15C,P3,2037,4,8.9175,18.0,9.0825,49.542,0.79475,2.2800000000000002,1.48525,34.857,10.468998,17.2,6.731002,60.866,True,model_interpolation,Linear interpolation from 2035 to 2040,CAND-E8FAD9BDD034A5,P3,PORT-51A2628EF9C2,200,116.830019,25.545138,328.220861,37182.414,113.284736,True,True,,0.0,1.265341119704999e-05,True,True,True,True,,0.0,0.0,0.0,3,3,0.41232239999999987,0.65,1.78
JFE_STEEL_JP,JFE Steel,ACCELERATED_15C,P3,2038,4,8.9175,19.0,10.0825,46.934,0.79475,2.52,1.72525,31.538,10.468998,18.8,8.331002,55.686,True,model_interpolation,Linear interpolation from 2035 to 2040,CAND-E8FAD9BDD034A5,P3,PORT-51A2628EF9C2,200,116.830019,25.545138,328.220861,37182.414,113.284736,True,True,,0.0,1.265341119704999e-05,True,True,True,True,,0.0,0.0,0.0,3,3,0.41232239999999987,0.65,1.78
JFE_STEEL_JP,JFE Steel,ACCELERATED_15C,P3,2039,4,8.9175,20.0,11.0825,44.587,0.79475,2.76,1.96525,28.795,10.468998,20.4,9.931002,51.319,True,model_interpolation,Linear interpolation from 2035 to 2040,CAND-E8FAD9BDD034A5,P3,PORT-51A2628EF9C2,200,116.830019,25.545138,328.220861,37182.414,113.284736,True,True,,0.0,1.265341119704999e-05,True,True,True,True,,0.0,0.0,0.0,3,3,0.41232239999999987,0.65,1.78
JFE_STEEL_JP,JFE Steel,ACCELERATED_15C,P3,2040,4,8.9175,21.0,12.0825,42.464,0.79475,3.0,2.20525,26.492,10.468998,22.0,11.531002,47.586,True,model_estimate,Illustrative accelerated envelope; not GCAM or an official supply forecast,CAND-E8FAD9BDD034A5,P3,PORT-51A2628EF9C2,200,116.830019,25.545138,328.220861,37182.414,113.284736,True,True,,0.0,1.265341119704999e-05,True,True,True,True,,0.0,0.0,0.0,3,3,0.41232239999999987,0.65,1.78
NIPPON_STEEL_JP,Nippon Steel,DISCLOSED_PATH,P2,2026,0,0.0,8.0,8.0,0.0,0.0,0.0,0.0,0.0,0.0,2.0,2.0,0.0,True,model_interpolation,Linear interpolation from 2026 to 2030,CAND-EBD30C485CEFDA,P2,PORT-9E76B3BFF9FF,200,91.156376,21.159235,456.103943,40161.86,88.054182,True,True,,0.0,3.446647212967946e-06,True,True,True,True,,0.0,0.0,0.0,2,2,0.47641018879999986,0.65,2.16
NIPPON_STEEL_JP,Nippon Steel,DISCLOSED_PATH,P2,2027,0,0.0,9.0,9.0,0.0,0.0,0.15,0.15,0.0,0.0,3.25,3.25,0.0,True,model_interpolation,Linear interpolation from 2026 to 2030,CAND-EBD30C485CEFDA,P2,PORT-9E76B3BFF9FF,200,91.156376,21.159235,456.103943,40161.86,88.054182,True,True,,0.0,3.446647212967946e-06,True,True,True,True,,0.0,0.0,0.0,2,2,0.47641018879999986,0.65,2.16
NIPPON_STEEL_JP,Nippon Steel,DISCLOSED_PATH,P2,2028,0,0.0,10.0,10.0,0.0,0.0,0.3,0.3,0.0,0.0,4.5,4.5,0.0,True,model_interpolation,Linear interpolation from 2026 to 2030,CAND-EBD30C485CEFDA,P2,PORT-9E76B3BFF9FF,200,91.156376,21.159235,456.103943,40161.86,88.054182,True,True,,0.0,3.446647212967946e-06,True,True,True,True,,0.0,0.0,0.0,2,2,0.47641018879999986,0.65,2.16
NIPPON_STEEL_JP,Nippon Steel,DISCLOSED_PATH,P2,2029,1,8.1,11.0,2.9,73.636,0.0,0.44999999999999996,0.45,0.0,5.04,5.75,0.71,87.652,True,model_interpolation,Linear interpolation from 2026 to 2030,CAND-EBD30C485CEFDA,P2,PORT-9E76B3BFF9FF,200,91.156376,21.159235,456.103943,40161.86,88.054182,True,True,,0.0,3.446647212967946e-06,True,True,True,True,,0.0,0.0,0.0,2,2,0.47641018879999986,0.65,2.16
NIPPON_STEEL_JP,Nippon Steel,DISCLOSED_PATH,P2,2030,1,8.1,12.0,3.9,67.5,0.0,0.6,0.6,0.0,5.04,7.0,1.96,72.0,True,model_interpolation,Linear interpolation from 2030 to 2035,CAND-EBD30C485CEFDA,P2,PORT-9E76B3BFF9FF,200,91.156376,21.159235,456.103943,40161.86,88.054182,True,True,,0.0,3.446647212967946e-06,True,True,True,True,,0.0,0.0,0.0,2,2,0.47641018879999986,0.65,2.16
NIPPON_STEEL_JP,Nippon Steel,DISCLOSED_PATH,P2,2031,1,8.1,13.2,5.1,61.364,0.0,0.8400000000000001,0.84,0.0,5.04,8.6,3.56,58.605,True,model_interpolation,Linear interpolation from 2030 to 2035,CAND-EBD30C485CEFDA,P2,PORT-9E76B3BFF9FF,200,91.156376,21.159235,456.103943,40161.86,88.054182,True,True,,0.0,3.446647212967946e-06,True,True,True,True,,0.0,0.0,0.0,2,2,0.47641018879999986,0.65,2.16
NIPPON_STEEL_JP,Nippon Steel,DISCLOSED_PATH,P2,2032,2,9.03,14.4,5.37,62.708,0.341,1.08,0.739,31.574,7.891999,10.2,2.308001,77.373,True,model_interpolation,Linear interpolation from 2030 to 2035,CAND-EBD30C485CEFDA,P2,PORT-9E76B3BFF9FF,200,91.156376,21.159235,456.103943,40161.86,88.054182,True,True,,0.0,3.446647212967946e-06,True,True,True,True,,0.0,0.0,0.0,2,2,0.47641018879999986,0.65,2.16
NIPPON_STEEL_JP,Nippon Steel,DISCLOSED_PATH,P2,2033,2,9.03,15.6,6.57,57.885,0.341,1.32,0.979,25.833,7.891999,11.8,3.908001,66.881,True,model_interpolation,Linear interpolation from 2030 to 2035,CAND-EBD30C485CEFDA,P2,PORT-9E76B3BFF9FF,200,91.156376,21.159235,456.103943,40161.86,88.054182,True,True,,0.0,3.446647212967946e-06,True,True,True,True,,0.0,0.0,0.0,2,2,0.47641018879999986,0.65,2.16
NIPPON_STEEL_JP,Nippon Steel,DISCLOSED_PATH,P2,2034,3,15.510001,16.8,1.289999,92.321,0.341,1.56,1.219,21.859,11.924,13.4,1.476,88.985,True,model_interpolation,Linear interpolation from 2030 to 2035,CAND-EBD30C485CEFDA,P2,PORT-9E76B3BFF9FF,200,91.156376,21.159235,456.103943,40161.86,88.054182,True,True,,0.0,3.446647212967946e-06,True,True,True,True,,0.0,0.0,0.0,2,2,0.47641018879999986,0.65,2.16
NIPPON_STEEL_JP,Nippon Steel,DISCLOSED_PATH,P2,2035,3,15.510001,18.0,2.489999,86.167,0.341,1.8,1.459,18.944,11.924,15.0,3.076,79.493,True,model_interpolation,Linear interpolation from 2035 to 2040,CAND-EBD30C485CEFDA,P2,PORT-9E76B3BFF9FF,200,91.156376,21.159235,456.103943,40161.86,88.054182,True,True,,0.0,3.446647212967946e-06,True,True,True,True,,0.0,0.0,0.0,2,2,0.47641018879999986,0.65,2.16
NIPPON_STEEL_JP,Nippon Steel,DISCLOSED_PATH,P2,2036,4,16.350001,19.4,3.049999,84.278,0.649,2.08,1.431,31.202,14.5,17.0,2.5,85.294,True,model_interpolation,Linear interpolation from 2035 to 2040,CAND-EBD30C485CEFDA,P2,PORT-9E76B3BFF9FF,200,91.156376,21.159235,456.103943,40161.86,88.054182,True,True,,0.0,3.446647212967946e-06,True,True,True,True,,0.0,0.0,0.0,2,2,0.47641018879999986,0.65,2.16
NIPPON_STEEL_JP,Nippon Steel,DISCLOSED_PATH,P2,2037,4,16.350001,20.8,4.449999,78.606,0.649,2.3600000000000003,1.711,27.5,14.5,19.0,4.5,76.316,True,model_interpolation,Linear interpolation from 2035 to 2040,CAND-EBD30C485CEFDA,P2,PORT-9E76B3BFF9FF,200,91.156376,21.159235,456.103943,40161.86,88.054182,True,True,,0.0,3.446647212967946e-06,True,True,True,True,,0.0,0.0,0.0,2,2,0.47641018879999986,0.65,2.16
NIPPON_STEEL_JP,Nippon Steel,DISCLOSED_PATH,P2,2038,5,22.020001,22.2,0.179999,99.189,0.649,2.64,1.991,24.583,18.028,21.0,2.972,85.848,True,model_interpolation,Linear interpolation from 2035 to 2040,CAND-EBD30C485CEFDA,P2,PORT-9E76B3BFF9FF,200,91.156376,21.159235,456.103943,40161.86,88.054182,True,True,,0.0,3.446647212967946e-06,True,True,True,True,,0.0,0.0,0.0,2,2,0.47641018879999986,0.65,2.16
NIPPON_STEEL_JP,Nippon Steel,DISCLOSED_PATH,P2,2039,5,22.020001,23.6,1.579999,93.305,0.649,2.92,2.271,22.226,18.028,23.0,4.972,78.383,True,model_interpolation,Linear interpolation from 2035 to 2040,CAND-EBD30C485CEFDA,P2,PORT-9E76B3BFF9FF,200,91.156376,21.159235,456.103943,40161.86,88.054182,True,True,,0.0,3.446647212967946e-06,True,True,True,True,,0.0,0.0,0.0,2,2,0.47641018879999986,0.65,2.16
NIPPON_STEEL_JP,Nippon Steel,DISCLOSED_PATH,P2,2040,5,22.020001,25.0,2.979999,88.08,0.649,3.2,2.551,20.281,18.028,25.0,6.972,72.112,True,model_estimate,Illustrative screening envelope; not an official supply forecast,CAND-EBD30C485CEFDA,P2,PORT-9E76B3BFF9FF,200,91.156376,21.159235,456.103943,40161.86,88.054182,True,True,,0.0,3.446647212967946e-06,True,True,True,True,,0.0,0.0,0.0,2,2,0.47641018879999986,0.65,2.16
NIPPON_STEEL_JP,Nippon Steel,ACCELERATED_15C,P2,2026,0,0.0,8.0,8.0,0.0,0.0,0.1,0.1,0.0,0.0,2.0,2.0,0.0,True,model_interpolation,Linear interpolation from 2026 to 2030,CAND-EBD30C485CEFDA,P2,PORT-9E76B3BFF9FF,200,81.33962,22.828502,456.103943,35619.4,78.094918,True,True,,0.0,3.446647212967946e-06,True,True,True,True,,0.0,0.0,0.0,2,2,0.47641018879999986,0.65,2.16
NIPPON_STEEL_JP,Nippon Steel,ACCELERATED_15C,P2,2027,0,0.0,9.75,9.75,0.0,0.0,0.30000000000000004,0.3,0.0,0.0,4.0,4.0,0.0,True,model_interpolation,Linear interpolation from 2026 to 2030,CAND-EBD30C485CEFDA,P2,PORT-9E76B3BFF9FF,200,81.33962,22.828502,456.103943,35619.4,78.094918,True,True,,0.0,3.446647212967946e-06,True,True,True,True,,0.0,0.0,0.0,2,2,0.47641018879999986,0.65,2.16
NIPPON_STEEL_JP,Nippon Steel,ACCELERATED_15C,P2,2028,0,0.0,11.5,11.5,0.0,0.0,0.5,0.5,0.0,0.0,6.0,6.0,0.0,True,model_interpolation,Linear interpolation from 2026 to 2030,CAND-EBD30C485CEFDA,P2,PORT-9E76B3BFF9FF,200,81.33962,22.828502,456.103943,35619.4,78.094918,True,True,,0.0,3.446647212967946e-06,True,True,True,True,,0.0,0.0,0.0,2,2,0.47641018879999986,0.65,2.16
NIPPON_STEEL_JP,Nippon Steel,ACCELERATED_15C,P2,2029,1,8.1,13.25,5.15,61.132,0.0,0.7000000000000001,0.7,0.0,5.04,8.0,2.96,63.0,True,model_interpolation,Linear interpolation from 2026 to 2030,CAND-EBD30C485CEFDA,P2,PORT-9E76B3BFF9FF,200,81.33962,22.828502,456.103943,35619.4,78.094918,True,True,,0.0,3.446647212967946e-06,True,True,True,True,,0.0,0.0,0.0,2,2,0.47641018879999986,0.65,2.16
NIPPON_STEEL_JP,Nippon Steel,ACCELERATED_15C,P2,2030,1,8.1,15.0,6.9,54.0,0.0,0.9,0.9,0.0,5.04,10.0,4.96,50.4,True,model_interpolation,Linear interpolation from 2030 to 2035,CAND-EBD30C485CEFDA,P2,PORT-9E76B3BFF9FF,200,81.33962,22.828502,456.103943,35619.4,78.094918,True,True,,0.0,3.446647212967946e-06,True,True,True,True,,0.0,0.0,0.0,2,2,0.47641018879999986,0.65,2.16
NIPPON_STEEL_JP,Nippon Steel,ACCELERATED_15C,P2,2031,1,8.1,16.6,8.5,48.795,0.0,1.2200000000000002,1.22,0.0,5.04,12.0,6.96,42.0,True,model_interpolation,Linear interpolation from 2030 to 2035,CAND-EBD30C485CEFDA,P2,PORT-9E76B3BFF9FF,200,81.33962,22.828502,456.103943,35619.4,78.094918,True,True,,0.0,3.446647212967946e-06,True,True,True,True,,0.0,0.0,0.0,2,2,0.47641018879999986,0.65,2.16
NIPPON_STEEL_JP,Nippon Steel,ACCELERATED_15C,P2,2032,2,9.03,18.2,9.17,49.615,0.341,1.54,1.199,22.143,7.891999,14.0,6.108001,56.371,True,model_interpolation,Linear interpolation from 2030 to 2035,CAND-EBD30C485CEFDA,P2,PORT-9E76B3BFF9FF,200,81.33962,22.828502,456.103943,35619.4,78.094918,True,True,,0.0,3.446647212967946e-06,True,True,True,True,,0.0,0.0,0.0,2,2,0.47641018879999986,0.65,2.16
NIPPON_STEEL_JP,Nippon Steel,ACCELERATED_15C,P2,2033,2,9.03,19.8,10.77,45.606,0.341,1.8599999999999999,1.519,18.333,7.891999,16.0,8.108001,49.325,True,model_interpolation,Linear interpolation from 2030 to 2035,CAND-EBD30C485CEFDA,P2,PORT-9E76B3BFF9FF,200,81.33962,22.828502,456.103943,35619.4,78.094918,True,True,,0.0,3.446647212967946e-06,True,True,True,True,,0.0,0.0,0.0,2,2,0.47641018879999986,0.65,2.16
NIPPON_STEEL_JP,Nippon Steel,ACCELERATED_15C,P2,2034,3,15.510001,21.4,5.889999,72.477,0.341,2.18,1.839,15.642,11.924,18.0,6.076,66.244,True,model_interpolation,Linear interpolation from 2030 to 2035,CAND-EBD30C485CEFDA,P2,PORT-9E76B3BFF9FF,200,81.33962,22.828502,456.103943,35619.4,78.094918,True,True,,0.0,3.446647212967946e-06,True,True,True,True,,0.0,0.0,0.0,2,2,0.47641018879999986,0.65,2.16
NIPPON_STEEL_JP,Nippon Steel,ACCELERATED_15C,P2,2035,3,15.510001,23.0,7.489999,67.435,0.341,2.5,2.159,13.64,11.924,20.0,8.076,59.62,True,model_interpolation,Linear interpolation from 2035 to 2040,CAND-EBD30C485CEFDA,P2,PORT-9E76B3BFF9FF,200,81.33962,22.828502,456.103943,35619.4,78.094918,True,True,,0.0,3.446647212967946e-06,True,True,True,True,,0.0,0.0,0.0,2,2,0.47641018879999986,0.65,2.16
NIPPON_STEEL_JP,Nippon Steel,ACCELERATED_15C,P2,2036,4,16.350001,24.4,8.049999,67.008,0.649,2.9,2.251,22.379,14.5,22.4,7.9,64.732,True,model_interpolation,Linear interpolation from 2035 to 2040,CAND-EBD30C485CEFDA,P2,PORT-9E76B3BFF9FF,200,81.33962,22.828502,456.103943,35619.4,78.094918,True,True,,0.0,3.446647212967946e-06,True,True,True,True,,0.0,0.0,0.0,2,2,0.47641018879999986,0.65,2.16
NIPPON_STEEL_JP,Nippon Steel,ACCELERATED_15C,P2,2037,4,16.350001,25.8,9.449999,63.372,0.649,3.3,2.651,19.667,14.5,24.8,10.3,58.468,True,model_interpolation,Linear interpolation from 2035 to 2040,CAND-EBD30C485CEFDA,P2,PORT-9E76B3BFF9FF,200,81.33962,22.828502,456.103943,35619.4,78.094918,True,True,,0.0,3.446647212967946e-06,True,True,True,True,,0.0,0.0,0.0,2,2,0.47641018879999986,0.65,2.16
NIPPON_STEEL_JP,Nippon Steel,ACCELERATED_15C,P2,2038,5,22.020001,27.2,5.179999,80.956,0.649,3.7,3.051,17.541,18.028,27.2,9.172,66.279,True,model_interpolation,Linear interpolation from 2035 to 2040,CAND-EBD30C485CEFDA,P2,PORT-9E76B3BFF9FF,200,81.33962,22.828502,456.103943,35619.4,78.094918,True,True,,0.0,3.446647212967946e-06,True,True,True,True,,0.0,0.0,0.0,2,2,0.47641018879999986,0.65,2.16
NIPPON_STEEL_JP,Nippon Steel,ACCELERATED_15C,P2,2039,5,22.020001,28.6,6.579999,76.993,0.649,4.1,3.451,15.829,18.028,29.6,11.572,60.905,True,model_interpolation,Linear interpolation from 2035 to 2040,CAND-EBD30C485CEFDA,P2,PORT-9E76B3BFF9FF,200,81.33962,22.828502,456.103943,35619.4,78.094918,True,True,,0.0,3.446647212967946e-06,True,True,True,True,,0.0,0.0,0.0,2,2,0.47641018879999986,0.65,2.16
NIPPON_STEEL_JP,Nippon Steel,ACCELERATED_15C,P2,2040,5,22.020001,30.0,7.979999,73.4,0.649,4.5,3.851,14.422,18.028,32.0,13.972,56.337,True,model_estimate,Illustrative accelerated envelope; not GCAM or an official supply forecast,CAND-EBD30C485CEFDA,P2,PORT-9E76B3BFF9FF,200,81.33962,22.828502,456.103943,35619.4,78.094918,True,True,,0.0,3.446647212967946e-06,True,True,True,True,,0.0,0.0,0.0,2,2,0.47641018879999986,0.65,2.16
NIPPON_STEEL_JP,Nippon Steel,DISCLOSED_PATH,P3,2026,0,0.0,8.0,8.0,0.0,0.0,0.0,0.0,0.0,0.0,2.0,2.0,0.0,True,model_interpolation,Linear interpolation from 2026 to 2030,CAND-EF9F86F64A1C2A,P3,PORT-00B029BF7478,200,94.578753,19.169771,459.478949,42624.951,92.768018,True,True,,0.0,3.446647212967946e-06,True,True,True,True,,0.0,0.0,0.0,2,2,0.5333221247999997,0.65,2.6399999999999997
NIPPON_STEEL_JP,Nippon Steel,DISCLOSED_PATH,P3,2027,0,0.0,9.0,9.0,0.0,0.0,0.15,0.15,0.0,0.0,3.25,3.25,0.0,True,model_interpolation,Linear interpolation from 2026 to 2030,CAND-EF9F86F64A1C2A,P3,PORT-00B029BF7478,200,94.578753,19.169771,459.478949,42624.951,92.768018,True,True,,0.0,3.446647212967946e-06,True,True,True,True,,0.0,0.0,0.0,2,2,0.5333221247999997,0.65,2.6399999999999997
NIPPON_STEEL_JP,Nippon Steel,DISCLOSED_PATH,P3,2028,0,0.0,10.0,10.0,0.0,0.0,0.3,0.3,0.0,0.0,4.5,4.5,0.0,True,model_interpolation,Linear interpolation from 2026 to 2030,CAND-EF9F86F64A1C2A,P3,PORT-00B029BF7478,200,94.578753,19.169771,459.478949,42624.951,92.768018,True,True,,0.0,3.446647212967946e-06,True,True,True,True,,0.0,0.0,0.0,2,2,0.5333221247999997,0.65,2.6399999999999997
NIPPON_STEEL_JP,Nippon Steel,DISCLOSED_PATH,P3,2029,1,8.1,11.0,2.9,73.636,0.0,0.44999999999999996,0.45,0.0,5.04,5.75,0.71,87.652,True,model_interpolation,Linear interpolation from 2026 to 2030,CAND-EF9F86F64A1C2A,P3,PORT-00B029BF7478,200,94.578753,19.169771,459.478949,42624.951,92.768018,True,True,,0.0,3.446647212967946e-06,True,True,True,True,,0.0,0.0,0.0,2,2,0.5333221247999997,0.65,2.6399999999999997
NIPPON_STEEL_JP,Nippon Steel,DISCLOSED_PATH,P3,2030,1,8.1,12.0,3.9,67.5,0.0,0.6,0.6,0.0,5.04,7.0,1.96,72.0,True,model_interpolation,Linear interpolation from 2030 to 2035,CAND-EF9F86F64A1C2A,P3,PORT-00B029BF7478,200,94.578753,19.169771,459.478949,42624.951,92.768018,True,True,,0.0,3.446647212967946e-06,True,True,True,True,,0.0,0.0,0.0,2,2,0.5333221247999997,0.65,2.6399999999999997
NIPPON_STEEL_JP,Nippon Steel,DISCLOSED_PATH,P3,2031,1,8.1,13.2,5.1,61.364,0.0,0.8400000000000001,0.84,0.0,5.04,8.6,3.56,58.605,True,model_interpolation,Linear interpolation from 2030 to 2035,CAND-EF9F86F64A1C2A,P3,PORT-00B029BF7478,200,94.578753,19.169771,459.478949,42624.951,92.768018,True,True,,0.0,3.446647212967946e-06,True,True,True,True,,0.0,0.0,0.0,2,2,0.5333221247999997,0.65,2.6399999999999997
NIPPON_STEEL_JP,Nippon Steel,DISCLOSED_PATH,P3,2032,2,13.679998,14.4,0.720002,95.0,0.0,1.08,1.08,0.0,8.511999,10.2,1.688001,83.451,True,model_interpolation,Linear interpolation from 2030 to 2035,CAND-EF9F86F64A1C2A,P3,PORT-00B029BF7478,200,94.578753,19.169771,459.478949,42624.951,92.768018,True,True,,0.0,3.446647212967946e-06,True,True,True,True,,0.0,0.0,0.0,2,2,0.5333221247999997,0.65,2.6399999999999997
NIPPON_STEEL_JP,Nippon Steel,DISCLOSED_PATH,P3,2033,2,13.679998,15.6,1.920002,87.692,0.0,1.32,1.32,0.0,8.511999,11.8,3.288001,72.136,True,model_interpolation,Linear interpolation from 2030 to 2035,CAND-EF9F86F64A1C2A,P3,PORT-00B029BF7478,200,94.578753,19.169771,459.478949,42624.951,92.768018,True,True,,0.0,3.446647212967946e-06,True,True,True,True,,0.0,0.0,0.0,2,2,0.5333221247999997,0.65,2.6399999999999997
NIPPON_STEEL_JP,Nippon Steel,DISCLOSED_PATH,P3,2034,3,14.759998,16.8,2.040002,87.857,0.396,1.56,1.164,25.385,11.823999,13.4,1.576001,88.239,True,model_interpolation,Linear interpolation from 2030 to 2035,CAND-EF9F86F64A1C2A,P3,PORT-00B029BF7478,200,94.578753,19.169771,459.478949,42624.951,92.768018,True,True,,0.0,3.446647212967946e-06,True,True,True,True,,0.0,0.0,0.0,2,2,0.5333221247999997,0.65,2.6399999999999997
NIPPON_STEEL_JP,Nippon Steel,DISCLOSED_PATH,P3,2035,3,14.759998,18.0,3.240002,82.0,0.396,1.8,1.404,22.0,11.823999,15.0,3.176001,78.827,True,model_interpolation,Linear interpolation from 2035 to 2040,CAND-EF9F86F64A1C2A,P3,PORT-00B029BF7478,200,94.578753,19.169771,459.478949,42624.951,92.768018,True,True,,0.0,3.446647212967946e-06,True,True,True,True,,0.0,0.0,0.0,2,2,0.5333221247999997,0.65,2.6399999999999997
NIPPON_STEEL_JP,Nippon Steel,DISCLOSED_PATH,P3,2036,4,15.599998,19.4,3.800002,80.412,0.704,2.08,1.376,33.846,14.4,17.0,2.6,84.706,True,model_interpolation,Linear interpolation from 2035 to 2040,CAND-EF9F86F64A1C2A,P3,PORT-00B029BF7478,200,94.578753,19.169771,459.478949,42624.951,92.768018,True,True,,0.0,3.446647212967946e-06,True,True,True,True,,0.0,0.0,0.0,2,2,0.5333221247999997,0.65,2.6399999999999997
NIPPON_STEEL_JP,Nippon Steel,DISCLOSED_PATH,P3,2037,4,15.599998,20.8,5.200002,75.0,0.704,2.3600000000000003,1.656,29.831,14.4,19.0,4.6,75.789,True,model_interpolation,Linear interpolation from 2035 to 2040,CAND-EF9F86F64A1C2A,P3,PORT-00B029BF7478,200,94.578753,19.169771,459.478949,42624.951,92.768018,True,True,,0.0,3.446647212967946e-06,True,True,True,True,,0.0,0.0,0.0,2,2,0.5333221247999997,0.65,2.6399999999999997
NIPPON_STEEL_JP,Nippon Steel,DISCLOSED_PATH,P3,2038,5,16.544998,22.2,5.655002,74.527,1.0505,2.64,1.5895,39.792,17.298,21.0,3.702,82.371,True,model_interpolation,Linear interpolation from 2035 to 2040,CAND-EF9F86F64A1C2A,P3,PORT-00B029BF7478,200,94.578753,19.169771,459.478949,42624.951,92.768018,True,True,,0.0,3.446647212967946e-06,True,True,True,True,,0.0,0.0,0.0,2,2,0.5333221247999997,0.65,2.6399999999999997
NIPPON_STEEL_JP,Nippon Steel,DISCLOSED_PATH,P3,2039,5,16.544998,23.6,7.055002,70.106,1.0505,2.92,1.8695,35.976,17.298,23.0,5.702,75.209,True,model_interpolation,Linear interpolation from 2035 to 2040,CAND-EF9F86F64A1C2A,P3,PORT-00B029BF7478,200,94.578753,19.169771,459.478949,42624.951,92.768018,True,True,,0.0,3.446647212967946e-06,True,True,True,True,,0.0,0.0,0.0,2,2,0.5333221247999997,0.65,2.6399999999999997
NIPPON_STEEL_JP,Nippon Steel,DISCLOSED_PATH,P3,2040,5,16.544998,25.0,8.455002,66.18,1.0505,3.2,2.1495,32.828,17.298,25.0,7.702,69.192,True,model_estimate,Illustrative screening envelope; not an official supply forecast,CAND-EF9F86F64A1C2A,P3,PORT-00B029BF7478,200,94.578753,19.169771,459.478949,42624.951,92.768018,True,True,,0.0,3.446647212967946e-06,True,True,True,True,,0.0,0.0,0.0,2,2,0.5333221247999997,0.65,2.6399999999999997
NIPPON_STEEL_JP,Nippon Steel,ACCELERATED_15C,P3,2026,0,0.0,8.0,8.0,0.0,0.0,0.1,0.1,0.0,0.0,2.0,2.0,0.0,True,model_interpolation,Linear interpolation from 2026 to 2030,CAND-EF9F86F64A1C2A,P3,PORT-00B029BF7478,200,83.651517,20.699774,459.478949,37612.255,81.858493,True,True,,0.0,3.446647212967946e-06,True,True,True,True,,0.0,0.0,0.0,2,2,0.5333221247999997,0.65,2.6399999999999997
NIPPON_STEEL_JP,Nippon Steel,ACCELERATED_15C,P3,2027,0,0.0,9.75,9.75,0.0,0.0,0.30000000000000004,0.3,0.0,0.0,4.0,4.0,0.0,True,model_interpolation,Linear interpolation from 2026 to 2030,CAND-EF9F86F64A1C2A,P3,PORT-00B029BF7478,200,83.651517,20.699774,459.478949,37612.255,81.858493,True,True,,0.0,3.446647212967946e-06,True,True,True,True,,0.0,0.0,0.0,2,2,0.5333221247999997,0.65,2.6399999999999997
NIPPON_STEEL_JP,Nippon Steel,ACCELERATED_15C,P3,2028,0,0.0,11.5,11.5,0.0,0.0,0.5,0.5,0.0,0.0,6.0,6.0,0.0,True,model_interpolation,Linear interpolation from 2026 to 2030,CAND-EF9F86F64A1C2A,P3,PORT-00B029BF7478,200,83.651517,20.699774,459.478949,37612.255,81.858493,True,True,,0.0,3.446647212967946e-06,True,True,True,True,,0.0,0.0,0.0,2,2,0.5333221247999997,0.65,2.6399999999999997
NIPPON_STEEL_JP,Nippon Steel,ACCELERATED_15C,P3,2029,1,8.1,13.25,5.15,61.132,0.0,0.7000000000000001,0.7,0.0,5.04,8.0,2.96,63.0,True,model_interpolation,Linear interpolation from 2026 to 2030,CAND-EF9F86F64A1C2A,P3,PORT-00B029BF7478,200,83.651517,20.699774,459.478949,37612.255,81.858493,True,True,,0.0,3.446647212967946e-06,True,True,True,True,,0.0,0.0,0.0,2,2,0.5333221247999997,0.65,2.6399999999999997
NIPPON_STEEL_JP,Nippon Steel,ACCELERATED_15C,P3,2030,1,8.1,15.0,6.9,54.0,0.0,0.9,0.9,0.0,5.04,10.0,4.96,50.4,True,model_interpolation,Linear interpolation from 2030 to 2035,CAND-EF9F86F64A1C2A,P3,PORT-00B029BF7478,200,83.651517,20.699774,459.478949,37612.255,81.858493,True,True,,0.0,3.446647212967946e-06,True,True,True,True,,0.0,0.0,0.0,2,2,0.5333221247999997,0.65,2.6399999999999997
NIPPON_STEEL_JP,Nippon Steel,ACCELERATED_15C,P3,2031,1,8.1,16.6,8.5,48.795,0.0,1.2200000000000002,1.22,0.0,5.04,12.0,6.96,42.0,True,model_interpolation,Linear interpolation from 2030 to 2035,CAND-EF9F86F64A1C2A,P3,PORT-00B029BF7478,200,83.651517,20.699774,459.478949,37612.255,81.858493,True,True,,0.0,3.446647212967946e-06,True,True,True,True,,0.0,0.0,0.0,2,2,0.5333221247999997,0.65,2.6399999999999997
NIPPON_STEEL_JP,Nippon Steel,ACCELERATED_15C,P3,2032,2,13.679998,18.2,4.520002,75.165,0.0,1.54,1.54,0.0,8.511999,14.0,5.488001,60.8,True,model_interpolation,Linear interpolation from 2030 to 2035,CAND-EF9F86F64A1C2A,P3,PORT-00B029BF7478,200,83.651517,20.699774,459.478949,37612.255,81.858493,True,True,,0.0,3.446647212967946e-06,True,True,True,True,,0.0,0.0,0.0,2,2,0.5333221247999997,0.65,2.6399999999999997
NIPPON_STEEL_JP,Nippon Steel,ACCELERATED_15C,P3,2033,2,13.679998,19.8,6.120002,69.091,0.0,1.8599999999999999,1.86,0.0,8.511999,16.0,7.488001,53.2,True,model_interpolation,Linear interpolation from 2030 to 2035,CAND-EF9F86F64A1C2A,P3,PORT-00B029BF7478,200,83.651517,20.699774,459.478949,37612.255,81.858493,True,True,,0.0,3.446647212967946e-06,True,True,True,True,,0.0,0.0,0.0,2,2,0.5333221247999997,0.65,2.6399999999999997
NIPPON_STEEL_JP,Nippon Steel,ACCELERATED_15C,P3,2034,3,14.759998,21.4,6.640002,68.972,0.396,2.18,1.784,18.165,11.823999,18.0,6.176001,65.689,True,model_interpolation,Linear interpolation from 2030 to 2035,CAND-EF9F86F64A1C2A,P3,PORT-00B029BF7478,200,83.651517,20.699774,459.478949,37612.255,81.858493,True,True,,0.0,3.446647212967946e-06,True,True,True,True,,0.0,0.0,0.0,2,2,0.5333221247999997,0.65,2.6399999999999997
NIPPON_STEEL_JP,Nippon Steel,ACCELERATED_15C,P3,2035,3,14.759998,23.0,8.240002,64.174,0.396,2.5,2.104,15.84,11.823999,20.0,8.176001,59.12,True,model_interpolation,Linear interpolation from 2035 to 2040,CAND-EF9F86F64A1C2A,P3,PORT-00B029BF7478,200,83.651517,20.699774,459.478949,37612.255,81.858493,True,True,,0.0,3.446647212967946e-06,True,True,True,True,,0.0,0.0,0.0,2,2,0.5333221247999997,0.65,2.6399999999999997
NIPPON_STEEL_JP,Nippon Steel,ACCELERATED_15C,P3,2036,4,15.599998,24.4,8.800002,63.934,0.704,2.9,2.196,24.276,14.4,22.4,8.0,64.286,True,model_interpolation,Linear interpolation from 2035 to 2040,CAND-EF9F86F64A1C2A,P3,PORT-00B029BF7478,200,83.651517,20.699774,459.478949,37612.255,81.858493,True,True,,0.0,3.446647212967946e-06,True,True,True,True,,0.0,0.0,0.0,2,2,0.5333221247999997,0.65,2.6399999999999997
NIPPON_STEEL_JP,Nippon Steel,ACCELERATED_15C,P3,2037,4,15.599998,25.8,10.200002,60.465,0.704,3.3,2.596,21.333,14.4,24.8,10.4,58.065,True,model_interpolation,Linear interpolation from 2035 to 2040,CAND-EF9F86F64A1C2A,P3,PORT-00B029BF7478,200,83.651517,20.699774,459.478949,37612.255,81.858493,True,True,,0.0,3.446647212967946e-06,True,True,True,True,,0.0,0.0,0.0,2,2,0.5333221247999997,0.65,2.6399999999999997
NIPPON_STEEL_JP,Nippon Steel,ACCELERATED_15C,P3,2038,5,16.544998,27.2,10.655002,60.827,1.0505,3.7,2.6495,28.392,17.298,27.2,9.902,63.596,True,model_interpolation,Linear interpolation from 2035 to 2040,CAND-EF9F86F64A1C2A,P3,PORT-00B029BF7478,200,83.651517,20.699774,459.478949,37612.255,81.858493,True,True,,0.0,3.446647212967946e-06,True,True,True,True,,0.0,0.0,0.0,2,2,0.5333221247999997,0.65,2.6399999999999997
NIPPON_STEEL_JP,Nippon Steel,ACCELERATED_15C,P3,2039,5,16.544998,28.6,12.055002,57.85,1.0505,4.1,3.0495,25.622,17.298,29.6,12.302,58.439,True,model_interpolation,Linear interpolation from 2035 to 2040,CAND-EF9F86F64A1C2A,P3,PORT-00B029BF7478,200,83.651517,20.699774,459.478949,37612.255,81.858493,True,True,,0.0,3.446647212967946e-06,True,True,True,True,,0.0,0.0,0.0,2,2,0.5333221247999997,0.65,2.6399999999999997
NIPPON_STEEL_JP,Nippon Steel,ACCELERATED_15C,P3,2040,5,16.544998,30.0,13.455002,55.15,1.0505,4.5,3.4495,23.344,17.298,32.0,14.702,54.056,True,model_estimate,Illustrative accelerated envelope; not GCAM or an official supply forecast,CAND-EF9F86F64A1C2A,P3,PORT-00B029BF7478,200,83.651517,20.699774,459.478949,37612.255,81.858493,True,True,,0.0,3.446647212967946e-06,True,True,True,True,,0.0,0.0,0.0,2,2,0.5333221247999997,0.65,2.6399999999999997
JFE_STEEL_JP,JFE Steel,DISCLOSED_PATH,P2,2026,0,0.0,5.0,5.0,0.0,0.0,0.0,0.0,0.0,0.0,1.5,1.5,0.0,True,model_interpolation,Linear interpolation from 2026 to 2030,CAND-F4B6AD5FB08D71,P2,PORT-51A2628EF9C2,200,131.457411,30.831278,328.220861,41807.514,127.376163,True,True,,0.0,1.265341119704999e-05,True,True,True,True,,0.0,0.0,0.0,3,3,0.41232239999999987,0.65,1.78
JFE_STEEL_JP,JFE Steel,DISCLOSED_PATH,P2,2027,0,0.0,5.75,5.75,0.0,0.0,0.1,0.1,0.0,0.0,2.375,2.375,0.0,True,model_interpolation,Linear interpolation from 2026 to 2030,CAND-F4B6AD5FB08D71,P2,PORT-51A2628EF9C2,200,131.457411,30.831278,328.220861,41807.514,127.376163,True,True,,0.0,1.265341119704999e-05,True,True,True,True,,0.0,0.0,0.0,3,3,0.41232239999999987,0.65,1.78
JFE_STEEL_JP,JFE Steel,DISCLOSED_PATH,P2,2028,0,0.0,6.5,6.5,0.0,0.0,0.2,0.2,0.0,0.0,3.25,3.25,0.0,True,model_interpolation,Linear interpolation from 2026 to 2030,CAND-F4B6AD5FB08D71,P2,PORT-51A2628EF9C2,200,131.457411,30.831278,328.220861,41807.514,127.376163,True,True,,0.0,1.265341119704999e-05,True,True,True,True,,0.0,0.0,0.0,3,3,0.41232239999999987,0.65,1.78
JFE_STEEL_JP,JFE Steel,DISCLOSED_PATH,P2,2029,1,6.120001,7.25,1.129999,84.414,0.0,0.30000000000000004,0.3,0.0,3.808,4.125,0.317,92.315,True,model_interpolation,Linear interpolation from 2026 to 2030,CAND-F4B6AD5FB08D71,P2,PORT-51A2628EF9C2,200,131.457411,30.831278,328.220861,41807.514,127.376163,True,True,,0.0,1.265341119704999e-05,True,True,True,True,,0.0,0.0,0.0,3,3,0.41232239999999987,0.65,1.78
JFE_STEEL_JP,JFE Steel,DISCLOSED_PATH,P2,2030,1,6.120001,8.0,1.879999,76.5,0.0,0.4,0.4,0.0,3.808,5.0,1.192,76.16,True,model_interpolation,Linear interpolation from 2030 to 2035,CAND-F4B6AD5FB08D71,P2,PORT-51A2628EF9C2,200,131.457411,30.831278,328.220861,41807.514,127.376163,True,True,,0.0,1.265341119704999e-05,True,True,True,True,,0.0,0.0,0.0,3,3,0.41232239999999987,0.65,1.78
JFE_STEEL_JP,JFE Steel,DISCLOSED_PATH,P2,2031,1,6.120001,8.8,2.679999,69.545,0.0,0.56,0.56,0.0,3.808,6.0,2.192,63.467,True,model_interpolation,Linear interpolation from 2030 to 2035,CAND-F4B6AD5FB08D71,P2,PORT-51A2628EF9C2,200,131.457411,30.831278,328.220861,41807.514,127.376163,True,True,,0.0,1.265341119704999e-05,True,True,True,True,,0.0,0.0,0.0,3,3,0.41232239999999987,0.65,1.78
JFE_STEEL_JP,JFE Steel,DISCLOSED_PATH,P2,2032,1,6.120001,9.6,3.479999,63.75,0.0,0.72,0.72,0.0,3.808,7.0,3.192,54.4,True,model_interpolation,Linear interpolation from 2030 to 2035,CAND-F4B6AD5FB08D71,P2,PORT-51A2628EF9C2,200,131.457411,30.831278,328.220861,41807.514,127.376163,True,True,,0.0,1.265341119704999e-05,True,True,True,True,,0.0,0.0,0.0,3,3,0.41232239999999987,0.65,1.78
JFE_STEEL_JP,JFE Steel,DISCLOSED_PATH,P2,2033,3,8.1,10.4,2.3,77.885,0.495,0.8799999999999999,0.385,56.25,7.961999,8.0,0.038001,99.525,True,model_interpolation,Linear interpolation from 2030 to 2035,CAND-F4B6AD5FB08D71,P2,PORT-51A2628EF9C2,200,131.457411,30.831278,328.220861,41807.514,127.376163,True,True,,0.0,1.265341119704999e-05,True,True,True,True,,0.0,0.0,0.0,3,3,0.41232239999999987,0.65,1.78
JFE_STEEL_JP,JFE Steel,DISCLOSED_PATH,P2,2034,3,8.1,11.2,3.1,72.321,0.495,1.04,0.545,47.596,7.961999,9.0,1.038001,88.467,True,model_interpolation,Linear interpolation from 2030 to 2035,CAND-F4B6AD5FB08D71,P2,PORT-51A2628EF9C2,200,131.457411,30.831278,328.220861,41807.514,127.376163,True,True,,0.0,1.265341119704999e-05,True,True,True,True,,0.0,0.0,0.0,3,3,0.41232239999999987,0.65,1.78
JFE_STEEL_JP,JFE Steel,DISCLOSED_PATH,P2,2035,3,8.1,12.0,3.9,67.5,0.495,1.2,0.705,41.25,7.961999,10.0,2.038001,79.62,True,model_interpolation,Linear interpolation from 2035 to 2040,CAND-F4B6AD5FB08D71,P2,PORT-51A2628EF9C2,200,131.457411,30.831278,328.220861,41807.514,127.376163,True,True,,0.0,1.265341119704999e-05,True,True,True,True,,0.0,0.0,0.0,3,3,0.41232239999999987,0.65,1.78
JFE_STEEL_JP,JFE Steel,DISCLOSED_PATH,P2,2036,4,8.9175,13.0,4.0825,68.596,0.79475,1.4,0.60525,56.768,10.468998,11.4,0.931002,91.833,True,model_interpolation,Linear interpolation from 2035 to 2040,CAND-F4B6AD5FB08D71,P2,PORT-51A2628EF9C2,200,131.457411,30.831278,328.220861,41807.514,127.376163,True,True,,0.0,1.265341119704999e-05,True,True,True,True,,0.0,0.0,0.0,3,3,0.41232239999999987,0.65,1.78
JFE_STEEL_JP,JFE Steel,DISCLOSED_PATH,P2,2037,4,8.9175,14.0,5.0825,63.696,0.79475,1.6,0.80525,49.672,10.468998,12.8,2.331002,81.789,True,model_interpolation,Linear interpolation from 2035 to 2040,CAND-F4B6AD5FB08D71,P2,PORT-51A2628EF9C2,200,131.457411,30.831278,328.220861,41807.514,127.376163,True,True,,0.0,1.265341119704999e-05,True,True,True,True,,0.0,0.0,0.0,3,3,0.41232239999999987,0.65,1.78
JFE_STEEL_JP,JFE Steel,DISCLOSED_PATH,P2,2038,4,8.9175,15.0,6.0825,59.45,0.79475,1.8,1.00525,44.153,10.468998,14.2,3.731002,73.725,True,model_interpolation,Linear interpolation from 2035 to 2040,CAND-F4B6AD5FB08D71,P2,PORT-51A2628EF9C2,200,131.457411,30.831278,328.220861,41807.514,127.376163,True,True,,0.0,1.265341119704999e-05,True,True,True,True,,0.0,0.0,0.0,3,3,0.41232239999999987,0.65,1.78
JFE_STEEL_JP,JFE Steel,DISCLOSED_PATH,P2,2039,4,8.9175,16.0,7.0825,55.734,0.79475,2.0,1.20525,39.737,10.468998,15.600000000000001,5.131002,67.109,True,model_interpolation,Linear interpolation from 2035 to 2040,CAND-F4B6AD5FB08D71,P2,PORT-51A2628EF9C2,200,131.457411,30.831278,328.220861,41807.514,127.376163,True,True,,0.0,1.265341119704999e-05,True,True,True,True,,0.0,0.0,0.0,3,3,0.41232239999999987,0.65,1.78
JFE_STEEL_JP,JFE Steel,DISCLOSED_PATH,P2,2040,4,8.9175,17.0,8.0825,52.456,0.79475,2.2,1.40525,36.125,10.468998,17.0,6.531002,61.582,True,model_estimate,Illustrative screening envelope; not an official supply forecast,CAND-F4B6AD5FB08D71,P2,PORT-51A2628EF9C2,200,131.457411,30.831278,328.220861,41807.514,127.376163,True,True,,0.0,1.265341119704999e-05,True,True,True,True,,0.0,0.0,0.0,3,3,0.41232239999999987,0.65,1.78
JFE_STEEL_JP,JFE Steel,ACCELERATED_15C,P2,2026,0,0.0,5.0,5.0,0.0,0.0,0.1,0.1,0.0,0.0,1.5,1.5,0.0,True,model_interpolation,Linear interpolation from 2026 to 2030,CAND-F4B6AD5FB08D71,P2,PORT-51A2628EF9C2,200,124.548549,33.028473,328.220861,39413.198,120.081332,True,True,,0.0,1.265341119704999e-05,True,True,True,True,,0.0,0.0,0.0,3,3,0.41232239999999987,0.65,1.78
JFE_STEEL_JP,JFE Steel,ACCELERATED_15C,P2,2027,0,0.0,6.25,6.25,0.0,0.0,0.225,0.225,0.0,0.0,2.875,2.875,0.0,True,model_interpolation,Linear interpolation from 2026 to 2030,CAND-F4B6AD5FB08D71,P2,PORT-51A2628EF9C2,200,124.548549,33.028473,328.220861,39413.198,120.081332,True,True,,0.0,1.265341119704999e-05,True,True,True,True,,0.0,0.0,0.0,3,3,0.41232239999999987,0.65,1.78
JFE_STEEL_JP,JFE Steel,ACCELERATED_15C,P2,2028,0,0.0,7.5,7.5,0.0,0.0,0.35,0.35,0.0,0.0,4.25,4.25,0.0,True,model_interpolation,Linear interpolation from 2026 to 2030,CAND-F4B6AD5FB08D71,P2,PORT-51A2628EF9C2,200,124.548549,33.028473,328.220861,39413.198,120.081332,True,True,,0.0,1.265341119704999e-05,True,True,True,True,,0.0,0.0,0.0,3,3,0.41232239999999987,0.65,1.78
JFE_STEEL_JP,JFE Steel,ACCELERATED_15C,P2,2029,1,6.120001,8.75,2.629999,69.943,0.0,0.475,0.475,0.0,3.808,5.625,1.817,67.698,True,model_interpolation,Linear interpolation from 2026 to 2030,CAND-F4B6AD5FB08D71,P2,PORT-51A2628EF9C2,200,124.548549,33.028473,328.220861,39413.198,120.081332,True,True,,0.0,1.265341119704999e-05,True,True,True,True,,0.0,0.0,0.0,3,3,0.41232239999999987,0.65,1.78
JFE_STEEL_JP,JFE Steel,ACCELERATED_15C,P2,2030,1,6.120001,10.0,3.879999,61.2,0.0,0.6,0.6,0.0,3.808,7.0,3.192,54.4,True,model_interpolation,Linear interpolation from 2030 to 2035,CAND-F4B6AD5FB08D71,P2,PORT-51A2628EF9C2,200,124.548549,33.028473,328.220861,39413.198,120.081332,True,True,,0.0,1.265341119704999e-05,True,True,True,True,,0.0,0.0,0.0,3,3,0.41232239999999987,0.65,1.78
JFE_STEEL_JP,JFE Steel,ACCELERATED_15C,P2,2031,1,6.120001,11.2,5.079999,54.643,0.0,0.8400000000000001,0.84,0.0,3.808,8.4,4.592,45.333,True,model_interpolation,Linear interpolation from 2030 to 2035,CAND-F4B6AD5FB08D71,P2,PORT-51A2628EF9C2,200,124.548549,33.028473,328.220861,39413.198,120.081332,True,True,,0.0,1.265341119704999e-05,True,True,True,True,,0.0,0.0,0.0,3,3,0.41232239999999987,0.65,1.78
JFE_STEEL_JP,JFE Steel,ACCELERATED_15C,P2,2032,1,6.120001,12.4,6.279999,49.355,0.0,1.08,1.08,0.0,3.808,9.8,5.992,38.857,True,model_interpolation,Linear interpolation from 2030 to 2035,CAND-F4B6AD5FB08D71,P2,PORT-51A2628EF9C2,200,124.548549,33.028473,328.220861,39413.198,120.081332,True,True,,0.0,1.265341119704999e-05,True,True,True,True,,0.0,0.0,0.0,3,3,0.41232239999999987,0.65,1.78
JFE_STEEL_JP,JFE Steel,ACCELERATED_15C,P2,2033,3,8.1,13.6,5.5,59.559,0.495,1.32,0.825,37.5,7.961999,11.2,3.238001,71.089,True,model_interpolation,Linear interpolation from 2030 to 2035,CAND-F4B6AD5FB08D71,P2,PORT-51A2628EF9C2,200,124.548549,33.028473,328.220861,39413.198,120.081332,True,True,,0.0,1.265341119704999e-05,True,True,True,True,,0.0,0.0,0.0,3,3,0.41232239999999987,0.65,1.78
JFE_STEEL_JP,JFE Steel,ACCELERATED_15C,P2,2034,3,8.1,14.8,6.7,54.73,0.495,1.56,1.065,31.731,7.961999,12.600000000000001,4.638001,63.19,True,model_interpolation,Linear interpolation from 2030 to 2035,CAND-F4B6AD5FB08D71,P2,PORT-51A2628EF9C2,200,124.548549,33.028473,328.220861,39413.198,120.081332,True,True,,0.0,1.265341119704999e-05,True,True,True,True,,0.0,0.0,0.0,3,3,0.41232239999999987,0.65,1.78
JFE_STEEL_JP,JFE Steel,ACCELERATED_15C,P2,2035,3,8.1,16.0,7.9,50.625,0.495,1.8,1.305,27.5,7.961999,14.0,6.038001,56.871,True,model_interpolation,Linear interpolation from 2035 to 2040,CAND-F4B6AD5FB08D71,P2,PORT-51A2628EF9C2,200,124.548549,33.028473,328.220861,39413.198,120.081332,True,True,,0.0,1.265341119704999e-05,True,True,True,True,,0.0,0.0,0.0,3,3,0.41232239999999987,0.65,1.78
JFE_STEEL_JP,JFE Steel,ACCELERATED_15C,P2,2036,4,8.9175,17.0,8.0825,52.456,0.79475,2.04,1.24525,38.958,10.468998,15.6,5.131002,67.109,True,model_interpolation,Linear interpolation from 2035 to 2040,CAND-F4B6AD5FB08D71,P2,PORT-51A2628EF9C2,200,124.548549,33.028473,328.220861,39413.198,120.081332,True,True,,0.0,1.265341119704999e-05,True,True,True,True,,0.0,0.0,0.0,3,3,0.41232239999999987,0.65,1.78
JFE_STEEL_JP,JFE Steel,ACCELERATED_15C,P2,2037,4,8.9175,18.0,9.0825,49.542,0.79475,2.2800000000000002,1.48525,34.857,10.468998,17.2,6.731002,60.866,True,model_interpolation,Linear interpolation from 2035 to 2040,CAND-F4B6AD5FB08D71,P2,PORT-51A2628EF9C2,200,124.548549,33.028473,328.220861,39413.198,120.081332,True,True,,0.0,1.265341119704999e-05,True,True,True,True,,0.0,0.0,0.0,3,3,0.41232239999999987,0.65,1.78
JFE_STEEL_JP,JFE Steel,ACCELERATED_15C,P2,2038,4,8.9175,19.0,10.0825,46.934,0.79475,2.52,1.72525,31.538,10.468998,18.8,8.331002,55.686,True,model_interpolation,Linear interpolation from 2035 to 2040,CAND-F4B6AD5FB08D71,P2,PORT-51A2628EF9C2,200,124.548549,33.028473,328.220861,39413.198,120.081332,True,True,,0.0,1.265341119704999e-05,True,True,True,True,,0.0,0.0,0.0,3,3,0.41232239999999987,0.65,1.78
JFE_STEEL_JP,JFE Steel,ACCELERATED_15C,P2,2039,4,8.9175,20.0,11.0825,44.587,0.79475,2.76,1.96525,28.795,10.468998,20.4,9.931002,51.319,True,model_interpolation,Linear interpolation from 2035 to 2040,CAND-F4B6AD5FB08D71,P2,PORT-51A2628EF9C2,200,124.548549,33.028473,328.220861,39413.198,120.081332,True,True,,0.0,1.265341119704999e-05,True,True,True,True,,0.0,0.0,0.0,3,3,0.41232239999999987,0.65,1.78
JFE_STEEL_JP,JFE Steel,ACCELERATED_15C,P2,2040,4,8.9175,21.0,12.0825,42.464,0.79475,3.0,2.20525,26.492,10.468998,22.0,11.531002,47.586,True,model_estimate,Illustrative accelerated envelope; not GCAM or an official supply forecast,CAND-F4B6AD5FB08D71,P2,PORT-51A2628EF9C2,200,124.548549,33.028473,328.220861,39413.198,120.081332,True,True,,0.0,1.265341119704999e-05,True,True,True,True,,0.0,0.0,0.0,3,3,0.41232239999999987,0.65,1.78
NIPPON_STEEL_JP,Nippon Steel,DISCLOSED_PATH,P2,2026,0,0.0,8.0,8.0,0.0,0.0,0.0,0.0,0.0,0.0,2.0,2.0,0.0,True,model_interpolation,Linear interpolation from 2026 to 2030,CAND-F6184286A4322F,P2,PORT-6742936593A9,200,84.721882,21.536738,454.753949,37375.086,82.187491,True,True,,0.0,3.446647212967946e-06,True,True,True,True,,0.0,0.0,0.0,2,2,0.47641018879999986,0.65,2.16
NIPPON_STEEL_JP,Nippon Steel,DISCLOSED_PATH,P2,2027,0,0.0,9.0,9.0,0.0,0.0,0.15,0.15,0.0,0.0,3.25,3.25,0.0,True,model_interpolation,Linear interpolation from 2026 to 2030,CAND-F6184286A4322F,P2,PORT-6742936593A9,200,84.721882,21.536738,454.753949,37375.086,82.187491,True,True,,0.0,3.446647212967946e-06,True,True,True,True,,0.0,0.0,0.0,2,2,0.47641018879999986,0.65,2.16
NIPPON_STEEL_JP,Nippon Steel,DISCLOSED_PATH,P2,2028,0,0.0,10.0,10.0,0.0,0.0,0.3,0.3,0.0,0.0,4.5,4.5,0.0,True,model_interpolation,Linear interpolation from 2026 to 2030,CAND-F6184286A4322F,P2,PORT-6742936593A9,200,84.721882,21.536738,454.753949,37375.086,82.187491,True,True,,0.0,3.446647212967946e-06,True,True,True,True,,0.0,0.0,0.0,2,2,0.47641018879999986,0.65,2.16
NIPPON_STEEL_JP,Nippon Steel,DISCLOSED_PATH,P2,2029,1,8.1,11.0,2.9,73.636,0.0,0.44999999999999996,0.45,0.0,5.04,5.75,0.71,87.652,True,model_interpolation,Linear interpolation from 2026 to 2030,CAND-F6184286A4322F,P2,PORT-6742936593A9,200,84.721882,21.536738,454.753949,37375.086,82.187491,True,True,,0.0,3.446647212967946e-06,True,True,True,True,,0.0,0.0,0.0,2,2,0.47641018879999986,0.65,2.16
NIPPON_STEEL_JP,Nippon Steel,DISCLOSED_PATH,P2,2030,1,8.1,12.0,3.9,67.5,0.0,0.6,0.6,0.0,5.04,7.0,1.96,72.0,True,model_interpolation,Linear interpolation from 2030 to 2035,CAND-F6184286A4322F,P2,PORT-6742936593A9,200,84.721882,21.536738,454.753949,37375.086,82.187491,True,True,,0.0,3.446647212967946e-06,True,True,True,True,,0.0,0.0,0.0,2,2,0.47641018879999986,0.65,2.16
NIPPON_STEEL_JP,Nippon Steel,DISCLOSED_PATH,P2,2031,1,8.1,13.2,5.1,61.364,0.0,0.8400000000000001,0.84,0.0,5.04,8.6,3.56,58.605,True,model_interpolation,Linear interpolation from 2030 to 2035,CAND-F6184286A4322F,P2,PORT-6742936593A9,200,84.721882,21.536738,454.753949,37375.086,82.187491,True,True,,0.0,3.446647212967946e-06,True,True,True,True,,0.0,0.0,0.0,2,2,0.47641018879999986,0.65,2.16
NIPPON_STEEL_JP,Nippon Steel,DISCLOSED_PATH,P2,2032,2,13.679998,14.4,0.720002,95.0,0.0,1.08,1.08,0.0,8.511999,10.2,1.688001,83.451,True,model_interpolation,Linear interpolation from 2030 to 2035,CAND-F6184286A4322F,P2,PORT-6742936593A9,200,84.721882,21.536738,454.753949,37375.086,82.187491,True,True,,0.0,3.446647212967946e-06,True,True,True,True,,0.0,0.0,0.0,2,2,0.47641018879999986,0.65,2.16
NIPPON_STEEL_JP,Nippon Steel,DISCLOSED_PATH,P2,2033,2,13.679998,15.6,1.920002,87.692,0.0,1.32,1.32,0.0,8.511999,11.8,3.288001,72.136,True,model_interpolation,Linear interpolation from 2030 to 2035,CAND-F6184286A4322F,P2,PORT-6742936593A9,200,84.721882,21.536738,454.753949,37375.086,82.187491,True,True,,0.0,3.446647212967946e-06,True,True,True,True,,0.0,0.0,0.0,2,2,0.47641018879999986,0.65,2.16
NIPPON_STEEL_JP,Nippon Steel,DISCLOSED_PATH,P2,2034,3,14.759998,16.8,2.040002,87.857,0.396,1.56,1.164,25.385,11.823999,13.4,1.576001,88.239,True,model_interpolation,Linear interpolation from 2030 to 2035,CAND-F6184286A4322F,P2,PORT-6742936593A9,200,84.721882,21.536738,454.753949,37375.086,82.187491,True,True,,0.0,3.446647212967946e-06,True,True,True,True,,0.0,0.0,0.0,2,2,0.47641018879999986,0.65,2.16
NIPPON_STEEL_JP,Nippon Steel,DISCLOSED_PATH,P2,2035,3,14.759998,18.0,3.240002,82.0,0.396,1.8,1.404,22.0,11.823999,15.0,3.176001,78.827,True,model_interpolation,Linear interpolation from 2035 to 2040,CAND-F6184286A4322F,P2,PORT-6742936593A9,200,84.721882,21.536738,454.753949,37375.086,82.187491,True,True,,0.0,3.446647212967946e-06,True,True,True,True,,0.0,0.0,0.0,2,2,0.47641018879999986,0.65,2.16
NIPPON_STEEL_JP,Nippon Steel,DISCLOSED_PATH,P2,2036,4,15.599998,19.4,3.800002,80.412,0.704,2.08,1.376,33.846,14.4,17.0,2.6,84.706,True,model_interpolation,Linear interpolation from 2035 to 2040,CAND-F6184286A4322F,P2,PORT-6742936593A9,200,84.721882,21.536738,454.753949,37375.086,82.187491,True,True,,0.0,3.446647212967946e-06,True,True,True,True,,0.0,0.0,0.0,2,2,0.47641018879999986,0.65,2.16
NIPPON_STEEL_JP,Nippon Steel,DISCLOSED_PATH,P2,2037,4,15.599998,20.8,5.200002,75.0,0.704,2.3600000000000003,1.656,29.831,14.4,19.0,4.6,75.789,True,model_interpolation,Linear interpolation from 2035 to 2040,CAND-F6184286A4322F,P2,PORT-6742936593A9,200,84.721882,21.536738,454.753949,37375.086,82.187491,True,True,,0.0,3.446647212967946e-06,True,True,True,True,,0.0,0.0,0.0,2,2,0.47641018879999986,0.65,2.16
NIPPON_STEEL_JP,Nippon Steel,DISCLOSED_PATH,P2,2038,5,21.269998,22.2,0.930002,95.811,0.704,2.64,1.936,26.667,17.928,21.0,3.072,85.371,True,model_interpolation,Linear interpolation from 2035 to 2040,CAND-F6184286A4322F,P2,PORT-6742936593A9,200,84.721882,21.536738,454.753949,37375.086,82.187491,True,True,,0.0,3.446647212967946e-06,True,True,True,True,,0.0,0.0,0.0,2,2,0.47641018879999986,0.65,2.16
NIPPON_STEEL_JP,Nippon Steel,DISCLOSED_PATH,P2,2039,5,21.269998,23.6,2.330002,90.127,0.704,2.92,2.216,24.11,17.928,23.0,5.072,77.948,True,model_interpolation,Linear interpolation from 2035 to 2040,CAND-F6184286A4322F,P2,PORT-6742936593A9,200,84.721882,21.536738,454.753949,37375.086,82.187491,True,True,,0.0,3.446647212967946e-06,True,True,True,True,,0.0,0.0,0.0,2,2,0.47641018879999986,0.65,2.16
NIPPON_STEEL_JP,Nippon Steel,DISCLOSED_PATH,P2,2040,5,21.269998,25.0,3.730002,85.08,0.704,3.2,2.496,22.0,17.928,25.0,7.072,71.712,True,model_estimate,Illustrative screening envelope; not an official supply forecast,CAND-F6184286A4322F,P2,PORT-6742936593A9,200,84.721882,21.536738,454.753949,37375.086,82.187491,True,True,,0.0,3.446647212967946e-06,True,True,True,True,,0.0,0.0,0.0,2,2,0.47641018879999986,0.65,2.16
NIPPON_STEEL_JP,Nippon Steel,ACCELERATED_15C,P2,2026,0,0.0,8.0,8.0,0.0,0.0,0.1,0.1,0.0,0.0,2.0,2.0,0.0,True,model_interpolation,Linear interpolation from 2026 to 2030,CAND-F6184286A4322F,P2,PORT-6742936593A9,200,74.375922,23.321135,454.753949,32776.213,72.074609,True,True,,0.0,3.446647212967946e-06,True,True,True,True,,0.0,0.0,0.0,2,2,0.47641018879999986,0.65,2.16
NIPPON_STEEL_JP,Nippon Steel,ACCELERATED_15C,P2,2027,0,0.0,9.75,9.75,0.0,0.0,0.30000000000000004,0.3,0.0,0.0,4.0,4.0,0.0,True,model_interpolation,Linear interpolation from 2026 to 2030,CAND-F6184286A4322F,P2,PORT-6742936593A9,200,74.375922,23.321135,454.753949,32776.213,72.074609,True,True,,0.0,3.446647212967946e-06,True,True,True,True,,0.0,0.0,0.0,2,2,0.47641018879999986,0.65,2.16
NIPPON_STEEL_JP,Nippon Steel,ACCELERATED_15C,P2,2028,0,0.0,11.5,11.5,0.0,0.0,0.5,0.5,0.0,0.0,6.0,6.0,0.0,True,model_interpolation,Linear interpolation from 2026 to 2030,CAND-F6184286A4322F,P2,PORT-6742936593A9,200,74.375922,23.321135,454.753949,32776.213,72.074609,True,True,,0.0,3.446647212967946e-06,True,True,True,True,,0.0,0.0,0.0,2,2,0.47641018879999986,0.65,2.16
NIPPON_STEEL_JP,Nippon Steel,ACCELERATED_15C,P2,2029,1,8.1,13.25,5.15,61.132,0.0,0.7000000000000001,0.7,0.0,5.04,8.0,2.96,63.0,True,model_interpolation,Linear interpolation from 2026 to 2030,CAND-F6184286A4322F,P2,PORT-6742936593A9,200,74.375922,23.321135,454.753949,32776.213,72.074609,True,True,,0.0,3.446647212967946e-06,True,True,True,True,,0.0,0.0,0.0,2,2,0.47641018879999986,0.65,2.16
NIPPON_STEEL_JP,Nippon Steel,ACCELERATED_15C,P2,2030,1,8.1,15.0,6.9,54.0,0.0,0.9,0.9,0.0,5.04,10.0,4.96,50.4,True,model_interpolation,Linear interpolation from 2030 to 2035,CAND-F6184286A4322F,P2,PORT-6742936593A9,200,74.375922,23.321135,454.753949,32776.213,72.074609,True,True,,0.0,3.446647212967946e-06,True,True,True,True,,0.0,0.0,0.0,2,2,0.47641018879999986,0.65,2.16
NIPPON_STEEL_JP,Nippon Steel,ACCELERATED_15C,P2,2031,1,8.1,16.6,8.5,48.795,0.0,1.2200000000000002,1.22,0.0,5.04,12.0,6.96,42.0,True,model_interpolation,Linear interpolation from 2030 to 2035,CAND-F6184286A4322F,P2,PORT-6742936593A9,200,74.375922,23.321135,454.753949,32776.213,72.074609,True,True,,0.0,3.446647212967946e-06,True,True,True,True,,0.0,0.0,0.0,2,2,0.47641018879999986,0.65,2.16
NIPPON_STEEL_JP,Nippon Steel,ACCELERATED_15C,P2,2032,2,13.679998,18.2,4.520002,75.165,0.0,1.54,1.54,0.0,8.511999,14.0,5.488001,60.8,True,model_interpolation,Linear interpolation from 2030 to 2035,CAND-F6184286A4322F,P2,PORT-6742936593A9,200,74.375922,23.321135,454.753949,32776.213,72.074609,True,True,,0.0,3.446647212967946e-06,True,True,True,True,,0.0,0.0,0.0,2,2,0.47641018879999986,0.65,2.16
NIPPON_STEEL_JP,Nippon Steel,ACCELERATED_15C,P2,2033,2,13.679998,19.8,6.120002,69.091,0.0,1.8599999999999999,1.86,0.0,8.511999,16.0,7.488001,53.2,True,model_interpolation,Linear interpolation from 2030 to 2035,CAND-F6184286A4322F,P2,PORT-6742936593A9,200,74.375922,23.321135,454.753949,32776.213,72.074609,True,True,,0.0,3.446647212967946e-06,True,True,True,True,,0.0,0.0,0.0,2,2,0.47641018879999986,0.65,2.16
NIPPON_STEEL_JP,Nippon Steel,ACCELERATED_15C,P2,2034,3,14.759998,21.4,6.640002,68.972,0.396,2.18,1.784,18.165,11.823999,18.0,6.176001,65.689,True,model_interpolation,Linear interpolation from 2030 to 2035,CAND-F6184286A4322F,P2,PORT-6742936593A9,200,74.375922,23.321135,454.753949,32776.213,72.074609,True,True,,0.0,3.446647212967946e-06,True,True,True,True,,0.0,0.0,0.0,2,2,0.47641018879999986,0.65,2.16
NIPPON_STEEL_JP,Nippon Steel,ACCELERATED_15C,P2,2035,3,14.759998,23.0,8.240002,64.174,0.396,2.5,2.104,15.84,11.823999,20.0,8.176001,59.12,True,model_interpolation,Linear interpolation from 2035 to 2040,CAND-F6184286A4322F,P2,PORT-6742936593A9,200,74.375922,23.321135,454.753949,32776.213,72.074609,True,True,,0.0,3.446647212967946e-06,True,True,True,True,,0.0,0.0,0.0,2,2,0.47641018879999986,0.65,2.16
NIPPON_STEEL_JP,Nippon Steel,ACCELERATED_15C,P2,2036,4,15.599998,24.4,8.800002,63.934,0.704,2.9,2.196,24.276,14.4,22.4,8.0,64.286,True,model_interpolation,Linear interpolation from 2035 to 2040,CAND-F6184286A4322F,P2,PORT-6742936593A9,200,74.375922,23.321135,454.753949,32776.213,72.074609,True,True,,0.0,3.446647212967946e-06,True,True,True,True,,0.0,0.0,0.0,2,2,0.47641018879999986,0.65,2.16
NIPPON_STEEL_JP,Nippon Steel,ACCELERATED_15C,P2,2037,4,15.599998,25.8,10.200002,60.465,0.704,3.3,2.596,21.333,14.4,24.8,10.4,58.065,True,model_interpolation,Linear interpolation from 2035 to 2040,CAND-F6184286A4322F,P2,PORT-6742936593A9,200,74.375922,23.321135,454.753949,32776.213,72.074609,True,True,,0.0,3.446647212967946e-06,True,True,True,True,,0.0,0.0,0.0,2,2,0.47641018879999986,0.65,2.16
NIPPON_STEEL_JP,Nippon Steel,ACCELERATED_15C,P2,2038,5,21.269998,27.2,5.930002,78.199,0.704,3.7,2.996,19.027,17.928,27.2,9.272,65.912,True,model_interpolation,Linear interpolation from 2035 to 2040,CAND-F6184286A4322F,P2,PORT-6742936593A9,200,74.375922,23.321135,454.753949,32776.213,72.074609,True,True,,0.0,3.446647212967946e-06,True,True,True,True,,0.0,0.0,0.0,2,2,0.47641018879999986,0.65,2.16
NIPPON_STEEL_JP,Nippon Steel,ACCELERATED_15C,P2,2039,5,21.269998,28.6,7.330002,74.371,0.704,4.1,3.396,17.171,17.928,29.6,11.672,60.568,True,model_interpolation,Linear interpolation from 2035 to 2040,CAND-F6184286A4322F,P2,PORT-6742936593A9,200,74.375922,23.321135,454.753949,32776.213,72.074609,True,True,,0.0,3.446647212967946e-06,True,True,True,True,,0.0,0.0,0.0,2,2,0.47641018879999986,0.65,2.16
NIPPON_STEEL_JP,Nippon Steel,ACCELERATED_15C,P2,2040,5,21.269998,30.0,8.730002,70.9,0.704,4.5,3.796,15.644,17.928,32.0,14.072,56.025,True,model_estimate,Illustrative accelerated envelope; not GCAM or an official supply forecast,CAND-F6184286A4322F,P2,PORT-6742936593A9,200,74.375922,23.321135,454.753949,32776.213,72.074609,True,True,,0.0,3.446647212967946e-06,True,True,True,True,,0.0,0.0,0.0,2,2,0.47641018879999986,0.65,2.16
JFE_STEEL_JP,JFE Steel,DISCLOSED_PATH,P3,2026,0,0.0,5.0,5.0,0.0,0.0,0.0,0.0,0.0,0.0,1.5,1.5,0.0,True,model_interpolation,Linear interpolation from 2026 to 2030,CAND-FC0AA3F9FE37C6,P3,PORT-E5F3D5116135,200,99.941617,21.021009,321.408363,31315.689,97.432714,True,False,,0.0,1.265341119704999e-05,False,False,True,True,2036,0.004998229999999992,0.0,0.0,2,3,0.3406543999999999,0.65,1.3
JFE_STEEL_JP,JFE Steel,DISCLOSED_PATH,P3,2027,0,0.0,5.75,5.75,0.0,0.0,0.1,0.1,0.0,0.0,2.375,2.375,0.0,True,model_interpolation,Linear interpolation from 2026 to 2030,CAND-FC0AA3F9FE37C6,P3,PORT-E5F3D5116135,200,99.941617,21.021009,321.408363,31315.689,97.432714,True,False,,0.0,1.265341119704999e-05,False,False,True,True,2036,0.004998229999999992,0.0,0.0,2,3,0.3406543999999999,0.65,1.3
JFE_STEEL_JP,JFE Steel,DISCLOSED_PATH,P3,2028,0,0.0,6.5,6.5,0.0,0.0,0.2,0.2,0.0,0.0,3.25,3.25,0.0,True,model_interpolation,Linear interpolation from 2026 to 2030,CAND-FC0AA3F9FE37C6,P3,PORT-E5F3D5116135,200,99.941617,21.021009,321.408363,31315.689,97.432714,True,False,,0.0,1.265341119704999e-05,False,False,True,True,2036,0.004998229999999992,0.0,0.0,2,3,0.3406543999999999,0.65,1.3
JFE_STEEL_JP,JFE Steel,DISCLOSED_PATH,P3,2029,1,6.120001,7.25,1.129999,84.414,0.0,0.30000000000000004,0.3,0.0,3.808,4.125,0.317,92.315,True,model_interpolation,Linear interpolation from 2026 to 2030,CAND-FC0AA3F9FE37C6,P3,PORT-E5F3D5116135,200,99.941617,21.021009,321.408363,31315.689,97.432714,True,False,,0.0,1.265341119704999e-05,False,False,True,True,2036,0.004998229999999992,0.0,0.0,2,3,0.3406543999999999,0.65,1.3
JFE_STEEL_JP,JFE Steel,DISCLOSED_PATH,P3,2030,1,6.120001,8.0,1.879999,76.5,0.0,0.4,0.4,0.0,3.808,5.0,1.192,76.16,True,model_interpolation,Linear interpolation from 2030 to 2035,CAND-FC0AA3F9FE37C6,P3,PORT-E5F3D5116135,200,99.941617,21.021009,321.408363,31315.689,97.432714,True,False,,0.0,1.265341119704999e-05,False,False,True,True,2036,0.004998229999999992,0.0,0.0,2,3,0.3406543999999999,0.65,1.3
JFE_STEEL_JP,JFE Steel,DISCLOSED_PATH,P3,2031,1,6.120001,8.8,2.679999,69.545,0.0,0.56,0.56,0.0,3.808,6.0,2.192,63.467,True,model_interpolation,Linear interpolation from 2030 to 2035,CAND-FC0AA3F9FE37C6,P3,PORT-E5F3D5116135,200,99.941617,21.021009,321.408363,31315.689,97.432714,True,False,,0.0,1.265341119704999e-05,False,False,True,True,2036,0.004998229999999992,0.0,0.0,2,3,0.3406543999999999,0.65,1.3
JFE_STEEL_JP,JFE Steel,DISCLOSED_PATH,P3,2032,1,6.120001,9.6,3.479999,63.75,0.0,0.72,0.72,0.0,3.808,7.0,3.192,54.4,True,model_interpolation,Linear interpolation from 2030 to 2035,CAND-FC0AA3F9FE37C6,P3,PORT-E5F3D5116135,200,99.941617,21.021009,321.408363,31315.689,97.432714,True,False,,0.0,1.265341119704999e-05,False,False,True,True,2036,0.004998229999999992,0.0,0.0,2,3,0.3406543999999999,0.65,1.3
JFE_STEEL_JP,JFE Steel,DISCLOSED_PATH,P3,2033,3,8.1,10.4,2.3,77.885,0.495,0.8799999999999999,0.385,56.25,7.961999,8.0,0.038001,99.525,True,model_interpolation,Linear interpolation from 2030 to 2035,CAND-FC0AA3F9FE37C6,P3,PORT-E5F3D5116135,200,99.941617,21.021009,321.408363,31315.689,97.432714,True,False,,0.0,1.265341119704999e-05,False,False,True,True,2036,0.004998229999999992,0.0,0.0,2,3,0.3406543999999999,0.65,1.3
JFE_STEEL_JP,JFE Steel,DISCLOSED_PATH,P3,2034,3,8.1,11.2,3.1,72.321,0.495,1.04,0.545,47.596,7.961999,9.0,1.038001,88.467,True,model_interpolation,Linear interpolation from 2030 to 2035,CAND-FC0AA3F9FE37C6,P3,PORT-E5F3D5116135,200,99.941617,21.021009,321.408363,31315.689,97.432714,True,False,,0.0,1.265341119704999e-05,False,False,True,True,2036,0.004998229999999992,0.0,0.0,2,3,0.3406543999999999,0.65,1.3
JFE_STEEL_JP,JFE Steel,DISCLOSED_PATH,P3,2035,3,8.1,12.0,3.9,67.5,0.495,1.2,0.705,41.25,7.961999,10.0,2.038001,79.62,True,model_interpolation,Linear interpolation from 2035 to 2040,CAND-FC0AA3F9FE37C6,P3,PORT-E5F3D5116135,200,99.941617,21.021009,321.408363,31315.689,97.432714,True,False,,0.0,1.265341119704999e-05,False,False,True,True,2036,0.004998229999999992,0.0,0.0,2,3,0.3406543999999999,0.65,1.3
JFE_STEEL_JP,JFE Steel,DISCLOSED_PATH,P3,2036,4,13.004998,13.0,-0.004998,100.038,0.495,1.4,0.905,35.357,11.013998,11.4,0.386002,96.614,False,model_interpolation,Linear interpolation from 2035 to 2040,CAND-FC0AA3F9FE37C6,P3,PORT-E5F3D5116135,200,99.941617,21.021009,321.408363,31315.689,97.432714,True,False,,0.0,1.265341119704999e-05,False,False,True,True,2036,0.004998229999999992,0.0,0.0,2,3,0.3406543999999999,0.65,1.3
JFE_STEEL_JP,JFE Steel,DISCLOSED_PATH,P3,2037,4,13.004998,14.0,0.995002,92.893,0.495,1.6,1.105,30.937,11.013998,12.8,1.786002,86.047,True,model_interpolation,Linear interpolation from 2035 to 2040,CAND-FC0AA3F9FE37C6,P3,PORT-E5F3D5116135,200,99.941617,21.021009,321.408363,31315.689,97.432714,True,False,,0.0,1.265341119704999e-05,False,False,True,True,2036,0.004998229999999992,0.0,0.0,2,3,0.3406543999999999,0.65,1.3
JFE_STEEL_JP,JFE Steel,DISCLOSED_PATH,P3,2038,4,13.004998,15.0,1.995002,86.7,0.495,1.8,1.305,27.5,11.013998,14.2,3.186002,77.563,True,model_interpolation,Linear interpolation from 2035 to 2040,CAND-FC0AA3F9FE37C6,P3,PORT-E5F3D5116135,200,99.941617,21.021009,321.408363,31315.689,97.432714,True,False,,0.0,1.265341119704999e-05,False,False,True,True,2036,0.004998229999999992,0.0,0.0,2,3,0.3406543999999999,0.65,1.3
JFE_STEEL_JP,JFE Steel,DISCLOSED_PATH,P3,2039,4,13.004998,16.0,2.995002,81.281,0.495,2.0,1.505,24.75,11.013998,15.600000000000001,4.586002,70.603,True,model_interpolation,Linear interpolation from 2035 to 2040,CAND-FC0AA3F9FE37C6,P3,PORT-E5F3D5116135,200,99.941617,21.021009,321.408363,31315.689,97.432714,True,False,,0.0,1.265341119704999e-05,False,False,True,True,2036,0.004998229999999992,0.0,0.0,2,3,0.3406543999999999,0.65,1.3
JFE_STEEL_JP,JFE Steel,DISCLOSED_PATH,P3,2040,4,13.004998,17.0,3.995002,76.5,0.495,2.2,1.705,22.5,11.013998,17.0,5.986002,64.788,True,model_estimate,Illustrative screening envelope; not an official supply forecast,CAND-FC0AA3F9FE37C6,P3,PORT-E5F3D5116135,200,99.941617,21.021009,321.408363,31315.689,97.432714,True,False,,0.0,1.265341119704999e-05,False,False,True,True,2036,0.004998229999999992,0.0,0.0,2,3,0.3406543999999999,0.65,1.3
JFE_STEEL_JP,JFE Steel,ACCELERATED_15C,P3,2026,0,0.0,5.0,5.0,0.0,0.0,0.1,0.1,0.0,0.0,1.5,1.5,0.0,True,model_interpolation,Linear interpolation from 2026 to 2030,CAND-FC0AA3F9FE37C6,P3,PORT-E5F3D5116135,200,89.244382,22.483988,321.408363,27857.175,86.672217,True,True,,0.0,1.265341119704999e-05,True,True,True,True,,0.0,0.0,0.0,2,3,0.3406543999999999,0.65,1.3
JFE_STEEL_JP,JFE Steel,ACCELERATED_15C,P3,2027,0,0.0,6.25,6.25,0.0,0.0,0.225,0.225,0.0,0.0,2.875,2.875,0.0,True,model_interpolation,Linear interpolation from 2026 to 2030,CAND-FC0AA3F9FE37C6,P3,PORT-E5F3D5116135,200,89.244382,22.483988,321.408363,27857.175,86.672217,True,True,,0.0,1.265341119704999e-05,True,True,True,True,,0.0,0.0,0.0,2,3,0.3406543999999999,0.65,1.3
JFE_STEEL_JP,JFE Steel,ACCELERATED_15C,P3,2028,0,0.0,7.5,7.5,0.0,0.0,0.35,0.35,0.0,0.0,4.25,4.25,0.0,True,model_interpolation,Linear interpolation from 2026 to 2030,CAND-FC0AA3F9FE37C6,P3,PORT-E5F3D5116135,200,89.244382,22.483988,321.408363,27857.175,86.672217,True,True,,0.0,1.265341119704999e-05,True,True,True,True,,0.0,0.0,0.0,2,3,0.3406543999999999,0.65,1.3
JFE_STEEL_JP,JFE Steel,ACCELERATED_15C,P3,2029,1,6.120001,8.75,2.629999,69.943,0.0,0.475,0.475,0.0,3.808,5.625,1.817,67.698,True,model_interpolation,Linear interpolation from 2026 to 2030,CAND-FC0AA3F9FE37C6,P3,PORT-E5F3D5116135,200,89.244382,22.483988,321.408363,27857.175,86.672217,True,True,,0.0,1.265341119704999e-05,True,True,True,True,,0.0,0.0,0.0,2,3,0.3406543999999999,0.65,1.3
JFE_STEEL_JP,JFE Steel,ACCELERATED_15C,P3,2030,1,6.120001,10.0,3.879999,61.2,0.0,0.6,0.6,0.0,3.808,7.0,3.192,54.4,True,model_interpolation,Linear interpolation from 2030 to 2035,CAND-FC0AA3F9FE37C6,P3,PORT-E5F3D5116135,200,89.244382,22.483988,321.408363,27857.175,86.672217,True,True,,0.0,1.265341119704999e-05,True,True,True,True,,0.0,0.0,0.0,2,3,0.3406543999999999,0.65,1.3
JFE_STEEL_JP,JFE Steel,ACCELERATED_15C,P3,2031,1,6.120001,11.2,5.079999,54.643,0.0,0.8400000000000001,0.84,0.0,3.808,8.4,4.592,45.333,True,model_interpolation,Linear interpolation from 2030 to 2035,CAND-FC0AA3F9FE37C6,P3,PORT-E5F3D5116135,200,89.244382,22.483988,321.408363,27857.175,86.672217,True,True,,0.0,1.265341119704999e-05,True,True,True,True,,0.0,0.0,0.0,2,3,0.3406543999999999,0.65,1.3
JFE_STEEL_JP,JFE Steel,ACCELERATED_15C,P3,2032,1,6.120001,12.4,6.279999,49.355,0.0,1.08,1.08,0.0,3.808,9.8,5.992,38.857,True,model_interpolation,Linear interpolation from 2030 to 2035,CAND-FC0AA3F9FE37C6,P3,PORT-E5F3D5116135,200,89.244382,22.483988,321.408363,27857.175,86.672217,True,True,,0.0,1.265341119704999e-05,True,True,True,True,,0.0,0.0,0.0,2,3,0.3406543999999999,0.65,1.3
JFE_STEEL_JP,JFE Steel,ACCELERATED_15C,P3,2033,3,8.1,13.6,5.5,59.559,0.495,1.32,0.825,37.5,7.961999,11.2,3.238001,71.089,True,model_interpolation,Linear interpolation from 2030 to 2035,CAND-FC0AA3F9FE37C6,P3,PORT-E5F3D5116135,200,89.244382,22.483988,321.408363,27857.175,86.672217,True,True,,0.0,1.265341119704999e-05,True,True,True,True,,0.0,0.0,0.0,2,3,0.3406543999999999,0.65,1.3
JFE_STEEL_JP,JFE Steel,ACCELERATED_15C,P3,2034,3,8.1,14.8,6.7,54.73,0.495,1.56,1.065,31.731,7.961999,12.600000000000001,4.638001,63.19,True,model_interpolation,Linear interpolation from 2030 to 2035,CAND-FC0AA3F9FE37C6,P3,PORT-E5F3D5116135,200,89.244382,22.483988,321.408363,27857.175,86.672217,True,True,,0.0,1.265341119704999e-05,True,True,True,True,,0.0,0.0,0.0,2,3,0.3406543999999999,0.65,1.3
JFE_STEEL_JP,JFE Steel,ACCELERATED_15C,P3,2035,3,8.1,16.0,7.9,50.625,0.495,1.8,1.305,27.5,7.961999,14.0,6.038001,56.871,True,model_interpolation,Linear interpolation from 2035 to 2040,CAND-FC0AA3F9FE37C6,P3,PORT-E5F3D5116135,200,89.244382,22.483988,321.408363,27857.175,86.672217,True,True,,0.0,1.265341119704999e-05,True,True,True,True,,0.0,0.0,0.0,2,3,0.3406543999999999,0.65,1.3
JFE_STEEL_JP,JFE Steel,ACCELERATED_15C,P3,2036,4,13.004998,17.0,3.995002,76.5,0.495,2.04,1.545,24.265,11.013998,15.6,4.586002,70.603,True,model_interpolation,Linear interpolation from 2035 to 2040,CAND-FC0AA3F9FE37C6,P3,PORT-E5F3D5116135,200,89.244382,22.483988,321.408363,27857.175,86.672217,True,True,,0.0,1.265341119704999e-05,True,True,True,True,,0.0,0.0,0.0,2,3,0.3406543999999999,0.65,1.3
JFE_STEEL_JP,JFE Steel,ACCELERATED_15C,P3,2037,4,13.004998,18.0,4.995002,72.25,0.495,2.2800000000000002,1.785,21.711,11.013998,17.2,6.186002,64.035,True,model_interpolation,Linear interpolation from 2035 to 2040,CAND-FC0AA3F9FE37C6,P3,PORT-E5F3D5116135,200,89.244382,22.483988,321.408363,27857.175,86.672217,True,True,,0.0,1.265341119704999e-05,True,True,True,True,,0.0,0.0,0.0,2,3,0.3406543999999999,0.65,1.3
JFE_STEEL_JP,JFE Steel,ACCELERATED_15C,P3,2038,4,13.004998,19.0,5.995002,68.447,0.495,2.52,2.025,19.643,11.013998,18.8,7.786002,58.585,True,model_interpolation,Linear interpolation from 2035 to 2040,CAND-FC0AA3F9FE37C6,P3,PORT-E5F3D5116135,200,89.244382,22.483988,321.408363,27857.175,86.672217,True,True,,0.0,1.265341119704999e-05,True,True,True,True,,0.0,0.0,0.0,2,3,0.3406543999999999,0.65,1.3
JFE_STEEL_JP,JFE Steel,ACCELERATED_15C,P3,2039,4,13.004998,20.0,6.995002,65.025,0.495,2.76,2.265,17.935,11.013998,20.4,9.386002,53.99,True,model_interpolation,Linear interpolation from 2035 to 2040,CAND-FC0AA3F9FE37C6,P3,PORT-E5F3D5116135,200,89.244382,22.483988,321.408363,27857.175,86.672217,True,True,,0.0,1.265341119704999e-05,True,True,True,True,,0.0,0.0,0.0,2,3,0.3406543999999999,0.65,1.3
JFE_STEEL_JP,JFE Steel,ACCELERATED_15C,P3,2040,4,13.004998,21.0,7.995002,61.929,0.495,3.0,2.505,16.5,11.013998,22.0,10.986002,50.064,True,model_estimate,Illustrative accelerated envelope; not GCAM or an official supply forecast,CAND-FC0AA3F9FE37C6,P3,PORT-E5F3D5116135,200,89.244382,22.483988,321.408363,27857.175,86.672217,True,True,,0.0,1.265341119704999e-05,True,True,True,True,,0.0,0.0,0.0,2,3,0.3406543999999999,0.65,1.3
JFE_STEEL_JP,JFE Steel,DISCLOSED_PATH,P1,2026,0,0.0,5.0,5.0,0.0,0.0,0.0,0.0,0.0,0.0,1.5,1.5,0.0,True,model_interpolation,Linear interpolation from 2026 to 2030,CAND-FCDB7C1BD7991A,P1,PORT-51A2628EF9C2,200,135.115986,35.665436,328.220861,42800.358,130.401089,True,True,,0.0,1.265341119704999e-05,True,True,True,True,,0.0,0.0,0.0,3,3,0.41232239999999987,0.65,1.78
JFE_STEEL_JP,JFE Steel,DISCLOSED_PATH,P1,2027,0,0.0,5.75,5.75,0.0,0.0,0.1,0.1,0.0,0.0,2.375,2.375,0.0,True,model_interpolation,Linear interpolation from 2026 to 2030,CAND-FCDB7C1BD7991A,P1,PORT-51A2628EF9C2,200,135.115986,35.665436,328.220861,42800.358,130.401089,True,True,,0.0,1.265341119704999e-05,True,True,True,True,,0.0,0.0,0.0,3,3,0.41232239999999987,0.65,1.78
JFE_STEEL_JP,JFE Steel,DISCLOSED_PATH,P1,2028,0,0.0,6.5,6.5,0.0,0.0,0.2,0.2,0.0,0.0,3.25,3.25,0.0,True,model_interpolation,Linear interpolation from 2026 to 2030,CAND-FCDB7C1BD7991A,P1,PORT-51A2628EF9C2,200,135.115986,35.665436,328.220861,42800.358,130.401089,True,True,,0.0,1.265341119704999e-05,True,True,True,True,,0.0,0.0,0.0,3,3,0.41232239999999987,0.65,1.78
JFE_STEEL_JP,JFE Steel,DISCLOSED_PATH,P1,2029,1,6.120001,7.25,1.129999,84.414,0.0,0.30000000000000004,0.3,0.0,3.808,4.125,0.317,92.315,True,model_interpolation,Linear interpolation from 2026 to 2030,CAND-FCDB7C1BD7991A,P1,PORT-51A2628EF9C2,200,135.115986,35.665436,328.220861,42800.358,130.401089,True,True,,0.0,1.265341119704999e-05,True,True,True,True,,0.0,0.0,0.0,3,3,0.41232239999999987,0.65,1.78
JFE_STEEL_JP,JFE Steel,DISCLOSED_PATH,P1,2030,1,6.120001,8.0,1.879999,76.5,0.0,0.4,0.4,0.0,3.808,5.0,1.192,76.16,True,model_interpolation,Linear interpolation from 2030 to 2035,CAND-FCDB7C1BD7991A,P1,PORT-51A2628EF9C2,200,135.115986,35.665436,328.220861,42800.358,130.401089,True,True,,0.0,1.265341119704999e-05,True,True,True,True,,0.0,0.0,0.0,3,3,0.41232239999999987,0.65,1.78
JFE_STEEL_JP,JFE Steel,DISCLOSED_PATH,P1,2031,1,6.120001,8.8,2.679999,69.545,0.0,0.56,0.56,0.0,3.808,6.0,2.192,63.467,True,model_interpolation,Linear interpolation from 2030 to 2035,CAND-FCDB7C1BD7991A,P1,PORT-51A2628EF9C2,200,135.115986,35.665436,328.220861,42800.358,130.401089,True,True,,0.0,1.265341119704999e-05,True,True,True,True,,0.0,0.0,0.0,3,3,0.41232239999999987,0.65,1.78
JFE_STEEL_JP,JFE Steel,DISCLOSED_PATH,P1,2032,1,6.120001,9.6,3.479999,63.75,0.0,0.72,0.72,0.0,3.808,7.0,3.192,54.4,True,model_interpolation,Linear interpolation from 2030 to 2035,CAND-FCDB7C1BD7991A,P1,PORT-51A2628EF9C2,200,135.115986,35.665436,328.220861,42800.358,130.401089,True,True,,0.0,1.265341119704999e-05,True,True,True,True,,0.0,0.0,0.0,3,3,0.41232239999999987,0.65,1.78
JFE_STEEL_JP,JFE Steel,DISCLOSED_PATH,P1,2033,3,8.1,10.4,2.3,77.885,0.495,0.8799999999999999,0.385,56.25,7.961999,8.0,0.038001,99.525,True,model_interpolation,Linear interpolation from 2030 to 2035,CAND-FCDB7C1BD7991A,P1,PORT-51A2628EF9C2,200,135.115986,35.665436,328.220861,42800.358,130.401089,True,True,,0.0,1.265341119704999e-05,True,True,True,True,,0.0,0.0,0.0,3,3,0.41232239999999987,0.65,1.78
JFE_STEEL_JP,JFE Steel,DISCLOSED_PATH,P1,2034,3,8.1,11.2,3.1,72.321,0.495,1.04,0.545,47.596,7.961999,9.0,1.038001,88.467,True,model_interpolation,Linear interpolation from 2030 to 2035,CAND-FCDB7C1BD7991A,P1,PORT-51A2628EF9C2,200,135.115986,35.665436,328.220861,42800.358,130.401089,True,True,,0.0,1.265341119704999e-05,True,True,True,True,,0.0,0.0,0.0,3,3,0.41232239999999987,0.65,1.78
JFE_STEEL_JP,JFE Steel,DISCLOSED_PATH,P1,2035,3,8.1,12.0,3.9,67.5,0.495,1.2,0.705,41.25,7.961999,10.0,2.038001,79.62,True,model_interpolation,Linear interpolation from 2035 to 2040,CAND-FCDB7C1BD7991A,P1,PORT-51A2628EF9C2,200,135.115986,35.665436,328.220861,42800.358,130.401089,True,True,,0.0,1.265341119704999e-05,True,True,True,True,,0.0,0.0,0.0,3,3,0.41232239999999987,0.65,1.78
JFE_STEEL_JP,JFE Steel,DISCLOSED_PATH,P1,2036,4,8.9175,13.0,4.0825,68.596,0.79475,1.4,0.60525,56.768,10.468998,11.4,0.931002,91.833,True,model_interpolation,Linear interpolation from 2035 to 2040,CAND-FCDB7C1BD7991A,P1,PORT-51A2628EF9C2,200,135.115986,35.665436,328.220861,42800.358,130.401089,True,True,,0.0,1.265341119704999e-05,True,True,True,True,,0.0,0.0,0.0,3,3,0.41232239999999987,0.65,1.78
JFE_STEEL_JP,JFE Steel,DISCLOSED_PATH,P1,2037,4,8.9175,14.0,5.0825,63.696,0.79475,1.6,0.80525,49.672,10.468998,12.8,2.331002,81.789,True,model_interpolation,Linear interpolation from 2035 to 2040,CAND-FCDB7C1BD7991A,P1,PORT-51A2628EF9C2,200,135.115986,35.665436,328.220861,42800.358,130.401089,True,True,,0.0,1.265341119704999e-05,True,True,True,True,,0.0,0.0,0.0,3,3,0.41232239999999987,0.65,1.78
JFE_STEEL_JP,JFE Steel,DISCLOSED_PATH,P1,2038,4,8.9175,15.0,6.0825,59.45,0.79475,1.8,1.00525,44.153,10.468998,14.2,3.731002,73.725,True,model_interpolation,Linear interpolation from 2035 to 2040,CAND-FCDB7C1BD7991A,P1,PORT-51A2628EF9C2,200,135.115986,35.665436,328.220861,42800.358,130.401089,True,True,,0.0,1.265341119704999e-05,True,True,True,True,,0.0,0.0,0.0,3,3,0.41232239999999987,0.65,1.78
JFE_STEEL_JP,JFE Steel,DISCLOSED_PATH,P1,2039,4,8.9175,16.0,7.0825,55.734,0.79475,2.0,1.20525,39.737,10.468998,15.600000000000001,5.131002,67.109,True,model_interpolation,Linear interpolation from 2035 to 2040,CAND-FCDB7C1BD7991A,P1,PORT-51A2628EF9C2,200,135.115986,35.665436,328.220861,42800.358,130.401089,True,True,,0.0,1.265341119704999e-05,True,True,True,True,,0.0,0.0,0.0,3,3,0.41232239999999987,0.65,1.78
JFE_STEEL_JP,JFE Steel,DISCLOSED_PATH,P1,2040,4,8.9175,17.0,8.0825,52.456,0.79475,2.2,1.40525,36.125,10.468998,17.0,6.531002,61.582,True,model_estimate,Illustrative screening envelope; not an official supply forecast,CAND-FCDB7C1BD7991A,P1,PORT-51A2628EF9C2,200,135.115986,35.665436,328.220861,42800.358,130.401089,True,True,,0.0,1.265341119704999e-05,True,True,True,True,,0.0,0.0,0.0,3,3,0.41232239999999987,0.65,1.78
JFE_STEEL_JP,JFE Steel,ACCELERATED_15C,P1,2026,0,0.0,5.0,5.0,0.0,0.0,0.1,0.1,0.0,0.0,1.5,1.5,0.0,True,model_interpolation,Linear interpolation from 2026 to 2030,CAND-FCDB7C1BD7991A,P1,PORT-51A2628EF9C2,200,129.934929,38.785578,328.220861,40930.073,124.702838,True,True,,0.0,1.265341119704999e-05,True,True,True,True,,0.0,0.0,0.0,3,3,0.41232239999999987,0.65,1.78
JFE_STEEL_JP,JFE Steel,ACCELERATED_15C,P1,2027,0,0.0,6.25,6.25,0.0,0.0,0.225,0.225,0.0,0.0,2.875,2.875,0.0,True,model_interpolation,Linear interpolation from 2026 to 2030,CAND-FCDB7C1BD7991A,P1,PORT-51A2628EF9C2,200,129.934929,38.785578,328.220861,40930.073,124.702838,True,True,,0.0,1.265341119704999e-05,True,True,True,True,,0.0,0.0,0.0,3,3,0.41232239999999987,0.65,1.78
JFE_STEEL_JP,JFE Steel,ACCELERATED_15C,P1,2028,0,0.0,7.5,7.5,0.0,0.0,0.35,0.35,0.0,0.0,4.25,4.25,0.0,True,model_interpolation,Linear interpolation from 2026 to 2030,CAND-FCDB7C1BD7991A,P1,PORT-51A2628EF9C2,200,129.934929,38.785578,328.220861,40930.073,124.702838,True,True,,0.0,1.265341119704999e-05,True,True,True,True,,0.0,0.0,0.0,3,3,0.41232239999999987,0.65,1.78
JFE_STEEL_JP,JFE Steel,ACCELERATED_15C,P1,2029,1,6.120001,8.75,2.629999,69.943,0.0,0.475,0.475,0.0,3.808,5.625,1.817,67.698,True,model_interpolation,Linear interpolation from 2026 to 2030,CAND-FCDB7C1BD7991A,P1,PORT-51A2628EF9C2,200,129.934929,38.785578,328.220861,40930.073,124.702838,True,True,,0.0,1.265341119704999e-05,True,True,True,True,,0.0,0.0,0.0,3,3,0.41232239999999987,0.65,1.78
JFE_STEEL_JP,JFE Steel,ACCELERATED_15C,P1,2030,1,6.120001,10.0,3.879999,61.2,0.0,0.6,0.6,0.0,3.808,7.0,3.192,54.4,True,model_interpolation,Linear interpolation from 2030 to 2035,CAND-FCDB7C1BD7991A,P1,PORT-51A2628EF9C2,200,129.934929,38.785578,328.220861,40930.073,124.702838,True,True,,0.0,1.265341119704999e-05,True,True,True,True,,0.0,0.0,0.0,3,3,0.41232239999999987,0.65,1.78
JFE_STEEL_JP,JFE Steel,ACCELERATED_15C,P1,2031,1,6.120001,11.2,5.079999,54.643,0.0,0.8400000000000001,0.84,0.0,3.808,8.4,4.592,45.333,True,model_interpolation,Linear interpolation from 2030 to 2035,CAND-FCDB7C1BD7991A,P1,PORT-51A2628EF9C2,200,129.934929,38.785578,328.220861,40930.073,124.702838,True,True,,0.0,1.265341119704999e-05,True,True,True,True,,0.0,0.0,0.0,3,3,0.41232239999999987,0.65,1.78
JFE_STEEL_JP,JFE Steel,ACCELERATED_15C,P1,2032,1,6.120001,12.4,6.279999,49.355,0.0,1.08,1.08,0.0,3.808,9.8,5.992,38.857,True,model_interpolation,Linear interpolation from 2030 to 2035,CAND-FCDB7C1BD7991A,P1,PORT-51A2628EF9C2,200,129.934929,38.785578,328.220861,40930.073,124.702838,True,True,,0.0,1.265341119704999e-05,True,True,True,True,,0.0,0.0,0.0,3,3,0.41232239999999987,0.65,1.78
JFE_STEEL_JP,JFE Steel,ACCELERATED_15C,P1,2033,3,8.1,13.6,5.5,59.559,0.495,1.32,0.825,37.5,7.961999,11.2,3.238001,71.089,True,model_interpolation,Linear interpolation from 2030 to 2035,CAND-FCDB7C1BD7991A,P1,PORT-51A2628EF9C2,200,129.934929,38.785578,328.220861,40930.073,124.702838,True,True,,0.0,1.265341119704999e-05,True,True,True,True,,0.0,0.0,0.0,3,3,0.41232239999999987,0.65,1.78
JFE_STEEL_JP,JFE Steel,ACCELERATED_15C,P1,2034,3,8.1,14.8,6.7,54.73,0.495,1.56,1.065,31.731,7.961999,12.600000000000001,4.638001,63.19,True,model_interpolation,Linear interpolation from 2030 to 2035,CAND-FCDB7C1BD7991A,P1,PORT-51A2628EF9C2,200,129.934929,38.785578,328.220861,40930.073,124.702838,True,True,,0.0,1.265341119704999e-05,True,True,True,True,,0.0,0.0,0.0,3,3,0.41232239999999987,0.65,1.78
JFE_STEEL_JP,JFE Steel,ACCELERATED_15C,P1,2035,3,8.1,16.0,7.9,50.625,0.495,1.8,1.305,27.5,7.961999,14.0,6.038001,56.871,True,model_interpolation,Linear interpolation from 2035 to 2040,CAND-FCDB7C1BD7991A,P1,PORT-51A2628EF9C2,200,129.934929,38.785578,328.220861,40930.073,124.702838,True,True,,0.0,1.265341119704999e-05,True,True,True,True,,0.0,0.0,0.0,3,3,0.41232239999999987,0.65,1.78
JFE_STEEL_JP,JFE Steel,ACCELERATED_15C,P1,2036,4,8.9175,17.0,8.0825,52.456,0.79475,2.04,1.24525,38.958,10.468998,15.6,5.131002,67.109,True,model_interpolation,Linear interpolation from 2035 to 2040,CAND-FCDB7C1BD7991A,P1,PORT-51A2628EF9C2,200,129.934929,38.785578,328.220861,40930.073,124.702838,True,True,,0.0,1.265341119704999e-05,True,True,True,True,,0.0,0.0,0.0,3,3,0.41232239999999987,0.65,1.78
JFE_STEEL_JP,JFE Steel,ACCELERATED_15C,P1,2037,4,8.9175,18.0,9.0825,49.542,0.79475,2.2800000000000002,1.48525,34.857,10.468998,17.2,6.731002,60.866,True,model_interpolation,Linear interpolation from 2035 to 2040,CAND-FCDB7C1BD7991A,P1,PORT-51A2628EF9C2,200,129.934929,38.785578,328.220861,40930.073,124.702838,True,True,,0.0,1.265341119704999e-05,True,True,True,True,,0.0,0.0,0.0,3,3,0.41232239999999987,0.65,1.78
JFE_STEEL_JP,JFE Steel,ACCELERATED_15C,P1,2038,4,8.9175,19.0,10.0825,46.934,0.79475,2.52,1.72525,31.538,10.468998,18.8,8.331002,55.686,True,model_interpolation,Linear interpolation from 2035 to 2040,CAND-FCDB7C1BD7991A,P1,PORT-51A2628EF9C2,200,129.934929,38.785578,328.220861,40930.073,124.702838,True,True,,0.0,1.265341119704999e-05,True,True,True,True,,0.0,0.0,0.0,3,3,0.41232239999999987,0.65,1.78
JFE_STEEL_JP,JFE Steel,ACCELERATED_15C,P1,2039,4,8.9175,20.0,11.0825,44.587,0.79475,2.76,1.96525,28.795,10.468998,20.4,9.931002,51.319,True,model_interpolation,Linear interpolation from 2035 to 2040,CAND-FCDB7C1BD7991A,P1,PORT-51A2628EF9C2,200,129.934929,38.785578,328.220861,40930.073,124.702838,True,True,,0.0,1.265341119704999e-05,True,True,True,True,,0.0,0.0,0.0,3,3,0.41232239999999987,0.65,1.78
JFE_STEEL_JP,JFE Steel,ACCELERATED_15C,P1,2040,4,8.9175,21.0,12.0825,42.464,0.79475,3.0,2.20525,26.492,10.468998,22.0,11.531002,47.586,True,model_estimate,Illustrative accelerated envelope; not GCAM or an official supply forecast,CAND-FCDB7C1BD7991A,P1,PORT-51A2628EF9C2,200,129.934929,38.785578,328.220861,40930.073,124.702838,True,True,,0.0,1.265341119704999e-05,True,True,True,True,,0.0,0.0,0.0,3,3,0.41232239999999987,0.65,1.78
NIPPON_STEEL_JP,Nippon Steel,DISCLOSED_PATH,P1,2026,0,0.0,8.0,8.0,0.0,0.0,0.0,0.0,0.0,0.0,2.0,2.0,0.0,True,model_interpolation,Linear interpolation from 2026 to 2030,CAND-FCEB78D7C5F4C6,P1,PORT-7DCD4991144C,200,22.649328,10.389668,313.643967,6683.267,21.30845,True,True,,0.0,3.446647212967946e-06,True,True,True,True,,0.0,0.0,0.0,2,2,0.28236113919999994,0.65,0.88
NIPPON_STEEL_JP,Nippon Steel,DISCLOSED_PATH,P1,2027,0,0.0,9.0,9.0,0.0,0.0,0.15,0.15,0.0,0.0,3.25,3.25,0.0,True,model_interpolation,Linear interpolation from 2026 to 2030,CAND-FCEB78D7C5F4C6,P1,PORT-7DCD4991144C,200,22.649328,10.389668,313.643967,6683.267,21.30845,True,True,,0.0,3.446647212967946e-06,True,True,True,True,,0.0,0.0,0.0,2,2,0.28236113919999994,0.65,0.88
NIPPON_STEEL_JP,Nippon Steel,DISCLOSED_PATH,P1,2028,0,0.0,10.0,10.0,0.0,0.0,0.3,0.3,0.0,0.0,4.5,4.5,0.0,True,model_interpolation,Linear interpolation from 2026 to 2030,CAND-FCEB78D7C5F4C6,P1,PORT-7DCD4991144C,200,22.649328,10.389668,313.643967,6683.267,21.30845,True,True,,0.0,3.446647212967946e-06,True,True,True,True,,0.0,0.0,0.0,2,2,0.28236113919999994,0.65,0.88
NIPPON_STEEL_JP,Nippon Steel,DISCLOSED_PATH,P1,2029,1,8.1,11.0,2.9,73.636,0.0,0.44999999999999996,0.45,0.0,5.04,5.75,0.71,87.652,True,model_interpolation,Linear interpolation from 2026 to 2030,CAND-FCEB78D7C5F4C6,P1,PORT-7DCD4991144C,200,22.649328,10.389668,313.643967,6683.267,21.30845,True,True,,0.0,3.446647212967946e-06,True,True,True,True,,0.0,0.0,0.0,2,2,0.28236113919999994,0.65,0.88
NIPPON_STEEL_JP,Nippon Steel,DISCLOSED_PATH,P1,2030,1,8.1,12.0,3.9,67.5,0.0,0.6,0.6,0.0,5.04,7.0,1.96,72.0,True,model_interpolation,Linear interpolation from 2030 to 2035,CAND-FCEB78D7C5F4C6,P1,PORT-7DCD4991144C,200,22.649328,10.389668,313.643967,6683.267,21.30845,True,True,,0.0,3.446647212967946e-06,True,True,True,True,,0.0,0.0,0.0,2,2,0.28236113919999994,0.65,0.88
NIPPON_STEEL_JP,Nippon Steel,DISCLOSED_PATH,P1,2031,1,8.1,13.2,5.1,61.364,0.0,0.8400000000000001,0.84,0.0,5.04,8.6,3.56,58.605,True,model_interpolation,Linear interpolation from 2030 to 2035,CAND-FCEB78D7C5F4C6,P1,PORT-7DCD4991144C,200,22.649328,10.389668,313.643967,6683.267,21.30845,True,True,,0.0,3.446647212967946e-06,True,True,True,True,,0.0,0.0,0.0,2,2,0.28236113919999994,0.65,0.88
NIPPON_STEEL_JP,Nippon Steel,DISCLOSED_PATH,P1,2032,2,9.03,14.4,5.37,62.708,0.0,1.08,1.08,0.0,5.102,10.2,5.098,50.02,True,model_interpolation,Linear interpolation from 2030 to 2035,CAND-FCEB78D7C5F4C6,P1,PORT-7DCD4991144C,200,22.649328,10.389668,313.643967,6683.267,21.30845,True,True,,0.0,3.446647212967946e-06,True,True,True,True,,0.0,0.0,0.0,2,2,0.28236113919999994,0.65,0.88
NIPPON_STEEL_JP,Nippon Steel,DISCLOSED_PATH,P1,2033,2,9.03,15.6,6.57,57.885,0.0,1.32,1.32,0.0,5.102,11.8,6.698,43.237,True,model_interpolation,Linear interpolation from 2030 to 2035,CAND-FCEB78D7C5F4C6,P1,PORT-7DCD4991144C,200,22.649328,10.389668,313.643967,6683.267,21.30845,True,True,,0.0,3.446647212967946e-06,True,True,True,True,,0.0,0.0,0.0,2,2,0.28236113919999994,0.65,0.88
NIPPON_STEEL_JP,Nippon Steel,DISCLOSED_PATH,P1,2034,3,15.510001,16.8,1.289999,92.321,0.0,1.56,1.56,0.0,9.134,13.4,4.266,68.164,True,model_interpolation,Linear interpolation from 2030 to 2035,CAND-FCEB78D7C5F4C6,P1,PORT-7DCD4991144C,200,22.649328,10.389668,313.643967,6683.267,21.30845,True,True,,0.0,3.446647212967946e-06,True,True,True,True,,0.0,0.0,0.0,2,2,0.28236113919999994,0.65,0.88
NIPPON_STEEL_JP,Nippon Steel,DISCLOSED_PATH,P1,2035,3,15.510001,18.0,2.489999,86.167,0.0,1.8,1.8,0.0,9.134,15.0,5.866,60.893,True,model_interpolation,Linear interpolation from 2035 to 2040,CAND-FCEB78D7C5F4C6,P1,PORT-7DCD4991144C,200,22.649328,10.389668,313.643967,6683.267,21.30845,True,True,,0.0,3.446647212967946e-06,True,True,True,True,,0.0,0.0,0.0,2,2,0.28236113919999994,0.65,0.88
NIPPON_STEEL_JP,Nippon Steel,DISCLOSED_PATH,P1,2036,4,16.350001,19.4,3.049999,84.278,0.0,2.08,2.08,0.0,9.19,17.0,7.81,54.059,True,model_interpolation,Linear interpolation from 2035 to 2040,CAND-FCEB78D7C5F4C6,P1,PORT-7DCD4991144C,200,22.649328,10.389668,313.643967,6683.267,21.30845,True,True,,0.0,3.446647212967946e-06,True,True,True,True,,0.0,0.0,0.0,2,2,0.28236113919999994,0.65,0.88
NIPPON_STEEL_JP,Nippon Steel,DISCLOSED_PATH,P1,2037,4,16.350001,20.8,4.449999,78.606,0.0,2.3600000000000003,2.36,0.0,9.19,19.0,9.81,48.368,True,model_interpolation,Linear interpolation from 2035 to 2040,CAND-FCEB78D7C5F4C6,P1,PORT-7DCD4991144C,200,22.649328,10.389668,313.643967,6683.267,21.30845,True,True,,0.0,3.446647212967946e-06,True,True,True,True,,0.0,0.0,0.0,2,2,0.28236113919999994,0.65,0.88
NIPPON_STEEL_JP,Nippon Steel,DISCLOSED_PATH,P1,2038,5,22.020001,22.2,0.179999,99.189,0.0,2.64,2.64,0.0,12.718,21.0,8.282,60.562,True,model_interpolation,Linear interpolation from 2035 to 2040,CAND-FCEB78D7C5F4C6,P1,PORT-7DCD4991144C,200,22.649328,10.389668,313.643967,6683.267,21.30845,True,True,,0.0,3.446647212967946e-06,True,True,True,True,,0.0,0.0,0.0,2,2,0.28236113919999994,0.65,0.88
NIPPON_STEEL_JP,Nippon Steel,DISCLOSED_PATH,P1,2039,5,22.020001,23.6,1.579999,93.305,0.0,2.92,2.92,0.0,12.718,23.0,10.282,55.296,True,model_interpolation,Linear interpolation from 2035 to 2040,CAND-FCEB78D7C5F4C6,P1,PORT-7DCD4991144C,200,22.649328,10.389668,313.643967,6683.267,21.30845,True,True,,0.0,3.446647212967946e-06,True,True,True,True,,0.0,0.0,0.0,2,2,0.28236113919999994,0.65,0.88
NIPPON_STEEL_JP,Nippon Steel,DISCLOSED_PATH,P1,2040,5,22.020001,25.0,2.979999,88.08,0.0,3.2,3.2,0.0,12.718,25.0,12.282,50.872,True,model_estimate,Illustrative screening envelope; not an official supply forecast,CAND-FCEB78D7C5F4C6,P1,PORT-7DCD4991144C,200,22.649328,10.389668,313.643967,6683.267,21.30845,True,True,,0.0,3.446647212967946e-06,True,True,True,True,,0.0,0.0,0.0,2,2,0.28236113919999994,0.65,0.88
NIPPON_STEEL_JP,Nippon Steel,ACCELERATED_15C,P1,2026,0,0.0,8.0,8.0,0.0,0.0,0.1,0.1,0.0,0.0,2.0,2.0,0.0,True,model_interpolation,Linear interpolation from 2026 to 2030,CAND-FCEB78D7C5F4C6,P1,PORT-7DCD4991144C,200,8.872988,10.717957,313.643967,2332.517,7.43683,False,False,2035,14.544997934999998,-14.544997934999998,True,True,True,True,,0.0,0.0,0.0,2,2,0.28236113919999994,0.65,0.88
NIPPON_STEEL_JP,Nippon Steel,ACCELERATED_15C,P1,2027,0,0.0,9.75,9.75,0.0,0.0,0.30000000000000004,0.3,0.0,0.0,4.0,4.0,0.0,True,model_interpolation,Linear interpolation from 2026 to 2030,CAND-FCEB78D7C5F4C6,P1,PORT-7DCD4991144C,200,8.872988,10.717957,313.643967,2332.517,7.43683,False,False,2035,14.544997934999998,-14.544997934999998,True,True,True,True,,0.0,0.0,0.0,2,2,0.28236113919999994,0.65,0.88
NIPPON_STEEL_JP,Nippon Steel,ACCELERATED_15C,P1,2028,0,0.0,11.5,11.5,0.0,0.0,0.5,0.5,0.0,0.0,6.0,6.0,0.0,True,model_interpolation,Linear interpolation from 2026 to 2030,CAND-FCEB78D7C5F4C6,P1,PORT-7DCD4991144C,200,8.872988,10.717957,313.643967,2332.517,7.43683,False,False,2035,14.544997934999998,-14.544997934999998,True,True,True,True,,0.0,0.0,0.0,2,2,0.28236113919999994,0.65,0.88
NIPPON_STEEL_JP,Nippon Steel,ACCELERATED_15C,P1,2029,1,8.1,13.25,5.15,61.132,0.0,0.7000000000000001,0.7,0.0,5.04,8.0,2.96,63.0,True,model_interpolation,Linear interpolation from 2026 to 2030,CAND-FCEB78D7C5F4C6,P1,PORT-7DCD4991144C,200,8.872988,10.717957,313.643967,2332.517,7.43683,False,False,2035,14.544997934999998,-14.544997934999998,True,True,True,True,,0.0,0.0,0.0,2,2,0.28236113919999994,0.65,0.88
NIPPON_STEEL_JP,Nippon Steel,ACCELERATED_15C,P1,2030,1,8.1,15.0,6.9,54.0,0.0,0.9,0.9,0.0,5.04,10.0,4.96,50.4,True,model_interpolation,Linear interpolation from 2030 to 2035,CAND-FCEB78D7C5F4C6,P1,PORT-7DCD4991144C,200,8.872988,10.717957,313.643967,2332.517,7.43683,False,False,2035,14.544997934999998,-14.544997934999998,True,True,True,True,,0.0,0.0,0.0,2,2,0.28236113919999994,0.65,0.88
NIPPON_STEEL_JP,Nippon Steel,ACCELERATED_15C,P1,2031,1,8.1,16.6,8.5,48.795,0.0,1.2200000000000002,1.22,0.0,5.04,12.0,6.96,42.0,True,model_interpolation,Linear interpolation from 2030 to 2035,CAND-FCEB78D7C5F4C6,P1,PORT-7DCD4991144C,200,8.872988,10.717957,313.643967,2332.517,7.43683,False,False,2035,14.544997934999998,-14.544997934999998,True,True,True,True,,0.0,0.0,0.0,2,2,0.28236113919999994,0.65,0.88
NIPPON_STEEL_JP,Nippon Steel,ACCELERATED_15C,P1,2032,2,9.03,18.2,9.17,49.615,0.0,1.54,1.54,0.0,5.102,14.0,8.898,36.443,True,model_interpolation,Linear interpolation from 2030 to 2035,CAND-FCEB78D7C5F4C6,P1,PORT-7DCD4991144C,200,8.872988,10.717957,313.643967,2332.517,7.43683,False,False,2035,14.544997934999998,-14.544997934999998,True,True,True,True,,0.0,0.0,0.0,2,2,0.28236113919999994,0.65,0.88
NIPPON_STEEL_JP,Nippon Steel,ACCELERATED_15C,P1,2033,2,9.03,19.8,10.77,45.606,0.0,1.8599999999999999,1.86,0.0,5.102,16.0,10.898,31.887,True,model_interpolation,Linear interpolation from 2030 to 2035,CAND-FCEB78D7C5F4C6,P1,PORT-7DCD4991144C,200,8.872988,10.717957,313.643967,2332.517,7.43683,False,False,2035,14.544997934999998,-14.544997934999998,True,True,True,True,,0.0,0.0,0.0,2,2,0.28236113919999994,0.65,0.88
NIPPON_STEEL_JP,Nippon Steel,ACCELERATED_15C,P1,2034,3,15.510001,21.4,5.889999,72.477,0.0,2.18,2.18,0.0,9.134,18.0,8.866,50.744,True,model_interpolation,Linear interpolation from 2030 to 2035,CAND-FCEB78D7C5F4C6,P1,PORT-7DCD4991144C,200,8.872988,10.717957,313.643967,2332.517,7.43683,False,False,2035,14.544997934999998,-14.544997934999998,True,True,True,True,,0.0,0.0,0.0,2,2,0.28236113919999994,0.65,0.88
NIPPON_STEEL_JP,Nippon Steel,ACCELERATED_15C,P1,2035,3,15.510001,23.0,7.489999,67.435,0.0,2.5,2.5,0.0,9.134,20.0,10.866,45.67,True,model_interpolation,Linear interpolation from 2035 to 2040,CAND-FCEB78D7C5F4C6,P1,PORT-7DCD4991144C,200,8.872988,10.717957,313.643967,2332.517,7.43683,False,False,2035,14.544997934999998,-14.544997934999998,True,True,True,True,,0.0,0.0,0.0,2,2,0.28236113919999994,0.65,0.88
NIPPON_STEEL_JP,Nippon Steel,ACCELERATED_15C,P1,2036,4,16.350001,24.4,8.049999,67.008,0.0,2.9,2.9,0.0,9.19,22.4,13.21,41.027,True,model_interpolation,Linear interpolation from 2035 to 2040,CAND-FCEB78D7C5F4C6,P1,PORT-7DCD4991144C,200,8.872988,10.717957,313.643967,2332.517,7.43683,False,False,2035,14.544997934999998,-14.544997934999998,True,True,True,True,,0.0,0.0,0.0,2,2,0.28236113919999994,0.65,0.88
NIPPON_STEEL_JP,Nippon Steel,ACCELERATED_15C,P1,2037,4,16.350001,25.8,9.449999,63.372,0.0,3.3,3.3,0.0,9.19,24.8,15.61,37.056,True,model_interpolation,Linear interpolation from 2035 to 2040,CAND-FCEB78D7C5F4C6,P1,PORT-7DCD4991144C,200,8.872988,10.717957,313.643967,2332.517,7.43683,False,False,2035,14.544997934999998,-14.544997934999998,True,True,True,True,,0.0,0.0,0.0,2,2,0.28236113919999994,0.65,0.88
NIPPON_STEEL_JP,Nippon Steel,ACCELERATED_15C,P1,2038,5,22.020001,27.2,5.179999,80.956,0.0,3.7,3.7,0.0,12.718,27.2,14.482,46.757,True,model_interpolation,Linear interpolation from 2035 to 2040,CAND-FCEB78D7C5F4C6,P1,PORT-7DCD4991144C,200,8.872988,10.717957,313.643967,2332.517,7.43683,False,False,2035,14.544997934999998,-14.544997934999998,True,True,True,True,,0.0,0.0,0.0,2,2,0.28236113919999994,0.65,0.88
NIPPON_STEEL_JP,Nippon Steel,ACCELERATED_15C,P1,2039,5,22.020001,28.6,6.579999,76.993,0.0,4.1,4.1,0.0,12.718,29.6,16.882,42.966,True,model_interpolation,Linear interpolation from 2035 to 2040,CAND-FCEB78D7C5F4C6,P1,PORT-7DCD4991144C,200,8.872988,10.717957,313.643967,2332.517,7.43683,False,False,2035,14.544997934999998,-14.544997934999998,True,True,True,True,,0.0,0.0,0.0,2,2,0.28236113919999994,0.65,0.88
NIPPON_STEEL_JP,Nippon Steel,ACCELERATED_15C,P1,2040,5,22.020001,30.0,7.979999,73.4,0.0,4.5,4.5,0.0,12.718,32.0,19.282,39.744,True,model_estimate,Illustrative accelerated envelope; not GCAM or an official supply forecast,CAND-FCEB78D7C5F4C6,P1,PORT-7DCD4991144C,200,8.872988,10.717957,313.643967,2332.517,7.43683,False,False,2035,14.544997934999998,-14.544997934999998,True,True,True,True,,0.0,0.0,0.0,2,2,0.28236113919999994,0.65,0.88
