company_id,company_name,candidate_id,template_plan_id,physical_portfolio_id,scenario_id,scenario_feasible,carbon_budget_feasible,physical_constraints_feasible,common_avoided_emissions_mtco2,candidate_path_count,expected_cost_p50_kkrw_per_tco2_mean,expected_cost_p50_kkrw_per_tco2_std,net_economic_cost_p50_kkrw_per_tco2_common_denominator_mean,net_economic_cost_p50_kkrw_per_tco2_common_denominator_std,tcar_kkrw_per_tco2_mean,tcar_kkrw_per_tco2_std,absolute_npv_p50_bn_krw_mean,absolute_npv_p50_bn_krw_std,absolute_npv_p90_bn_krw_mean,absolute_npv_p90_bn_krw_std,aligned_capex_bn_krw_mean,aligned_capex_bn_krw_std,net_cash_cost_after_support_p50_bn_krw_mean,net_cash_cost_after_support_p50_bn_krw_std,avoided_carbon_cost_value_p50_bn_krw_mean,avoided_carbon_cost_value_p50_bn_krw_std,policy_support_value_p50_bn_krw_mean,policy_support_value_p50_bn_krw_std,scenario_regret_p50_kkrw_per_tco2_mean,scenario_regret_p50_kkrw_per_tco2_std,electricity_variance_share_mean,electricity_variance_share_std,hydrogen_variance_share_mean,hydrogen_variance_share_std,capex_variance_share_mean,capex_variance_share_std
POSCO_KR,POSCO,CAND-6339E6B83A8408,P3,PORT-8826D0B469EE,DISCLOSED_PATH,True,True,True,429.154227,100,64.091199,1.262515,64.091199,1.262515,13.437587,2.245198,27505.009,541.813757,33271.806,928.03293,27588.0,0.0,43061.300667,541.81322,15556.292,0.0,3918.696667,12.086339,54.831376,1.796149,0.0,0.0,0.0,0.0,0.0,0.0
POSCO_KR,POSCO,CAND-6339E6B83A8408,P3,PORT-8826D0B469EE,ACCELERATED_15C,True,True,True,429.154227,100,51.28342,1.47736,51.28342,1.47736,14.242383,2.248122,22008.496333,634.015538,28120.676,896.997251,27588.0,0.0,44737.958,634.015008,22729.461,0.0,5470.068667,11.827658,31.345729,0.784301,0.0,0.0,0.0,0.0,0.0,0.0
POSCO_KR,POSCO,CAND-82FF2AA13BA34C,P2,PORT-8826D0B469EE,DISCLOSED_PATH,True,True,True,429.154227,100,66.285789,1.638885,66.285789,1.638885,16.752115,2.818977,28446.826667,703.334491,35636.067333,1153.384384,27588.0,0.0,44003.118,703.334033,15556.292,0.0,3054.602,18.25775,57.025965,2.172567,0.0,0.0,0.0,0.0,0.0,0.0
POSCO_KR,POSCO,CAND-82FF2AA13BA34C,P2,PORT-8826D0B469EE,ACCELERATED_15C,True,True,True,429.154227,100,54.338224,1.905498,54.338224,1.905498,17.976236,2.80571,23319.478333,817.752827,31034.056667,1163.894798,27588.0,0.0,46048.939333,817.752827,22729.461,0.0,4219.588667,24.084464,34.400533,1.212681,0.0,0.0,0.0,0.0,0.0,0.0
POSCO_KR,POSCO,CAND-C9724A8933A429,P1,PORT-8826D0B469EE,DISCLOSED_PATH,True,True,True,429.154227,100,67.824232,1.88301,67.824232,1.88301,19.321004,3.291272,29107.055667,808.101664,37398.746,1339.894061,27588.0,0.0,44663.347333,808.10173,15556.292,0.0,2454.903,51.836444,58.564408,2.416638,0.0,0.0,0.0,0.0,0.0,0.0
POSCO_KR,POSCO,CAND-C9724A8933A429,P1,PORT-8826D0B469EE,ACCELERATED_15C,True,True,True,429.154227,100,56.430426,2.242108,56.430426,2.242108,20.953059,3.330083,24217.355667,962.210265,33209.45,1395.834168,27588.0,0.0,46946.817,962.2102,22729.461,0.0,3328.508,68.779272,36.492735,1.548922,0.0,0.0,0.0,0.0,0.0,0.0
POSCO_KR,POSCO,CAND-921D50D4015721,P3,PORT-96133A6427FE,DISCLOSED_PATH,True,True,True,430.20423,100,68.029299,0.603578,68.029299,0.603578,14.104341,1.08544,29266.492333,259.66206,35334.239333,664.025998,26602.0,0.0,44864.429333,259.66206,15597.937,0.0,3957.769,47.708499,58.769476,0.883576,0.0,0.0,0.0,0.0,0.0,0.0
POSCO_KR,POSCO,CAND-921D50D4015721,P3,PORT-96133A6427FE,ACCELERATED_15C,True,True,True,430.20423,100,55.382515,0.708956,55.382515,0.708956,14.872273,0.855763,23825.792333,304.996006,30223.907,601.856957,26602.0,0.0,46609.253333,304.996006,22783.461,0.0,5534.804,56.717643,35.444824,0.887063,0.0,0.0,0.0,0.0,0.0,0.0
POSCO_KR,POSCO,CAND-4EF614D30D6D91,P2,PORT-96133A6427FE,DISCLOSED_PATH,True,True,True,430.20423,100,70.433802,0.746698,70.433802,0.746698,17.561327,1.385973,30300.919667,321.232521,37855.876667,840.256895,26602.0,0.0,45898.856667,321.232521,15597.937,0.0,3030.161,56.770235,61.173979,1.008223,0.0,0.0,0.0,0.0,0.0,0.0
POSCO_KR,POSCO,CAND-4EF614D30D6D91,P2,PORT-96133A6427FE,ACCELERATED_15C,True,True,True,430.20423,100,58.798712,0.865522,58.798712,0.865522,18.918366,1.039707,25295.454333,372.351502,33434.215333,735.98189,26602.0,0.0,48078.915667,372.350926,22783.461,0.0,4164.424333,78.315208,38.861021,1.00906,0.0,0.0,0.0,0.0,0.0,0.0
POSCO_KR,POSCO,CAND-44C957BBFA61A4,P1,PORT-96133A6427FE,DISCLOSED_PATH,True,True,True,430.20423,100,72.174569,0.870611,72.174569,0.870611,20.156715,1.633915,31049.805333,374.540564,39721.309,977.409424,26602.0,0.0,46647.741333,374.540564,15597.937,0.0,2388.108,54.489286,62.914746,1.136789,0.0,0.0,0.0,0.0,0.0,0.0
POSCO_KR,POSCO,CAND-44C957BBFA61A4,P1,PORT-96133A6427FE,ACCELERATED_15C,True,True,True,430.20423,100,61.153146,1.002337,61.153146,1.002337,22.113624,1.16816,26308.342,431.209334,35821.716333,822.534772,26602.0,0.0,49091.803333,431.209678,22783.461,0.0,3235.339667,72.89991,41.215455,1.095512,0.0,0.0,0.0,0.0,0.0,0.0
POSCO_KR,POSCO,CAND-1205E8D72A4654,P3,PORT-A620DB8F058C,DISCLOSED_PATH,True,True,True,434.951232,100,77.753124,0.375492,77.753124,0.375492,15.957019,2.229704,33818.817,163.320735,40759.342,1021.863366,26602.0,0.0,49591.421333,163.321176,15772.604,0.0,4347.657,34.67846,68.4933,0.780573,0.0,0.0,0.0,0.0,0.0,0.0
POSCO_KR,POSCO,CAND-1205E8D72A4654,P3,PORT-A620DB8F058C,ACCELERATED_15C,True,True,True,434.951232,100,65.514838,0.499896,65.514838,0.499896,17.108135,2.582662,28495.759333,217.43015,35936.964,1022.764168,26602.0,0.0,51535.426667,217.429925,23039.667,0.0,6094.559667,54.958151,45.577147,0.263863,0.0,0.0,0.0,0.0,0.0,0.0
POSCO_KR,POSCO,CAND-0CC63FAC54D3C0,P2,PORT-A620DB8F058C,DISCLOSED_PATH,True,True,True,434.951232,100,80.451623,0.46176,80.451623,0.46176,20.000357,2.846886,34992.532667,200.843213,43691.712333,1290.724441,26602.0,0.0,50765.137,200.843279,15772.604,0.0,3209.738333,58.838493,71.1918,0.866718,0.0,0.0,0.0,0.0,0.0,0.0
POSCO_KR,POSCO,CAND-0CC63FAC54D3C0,P2,PORT-A620DB8F058C,ACCELERATED_15C,True,True,True,434.951232,100,69.415456,0.656644,69.415456,0.656644,21.817808,3.27259,30192.338,285.607896,39682.020667,1279.179964,26602.0,0.0,53232.005667,285.608086,23039.667,0.0,4418.086667,76.374472,49.477765,0.167147,0.0,0.0,0.0,0.0,0.0,0.0
POSCO_KR,POSCO,CAND-F5CF3CBE63EF2D,P1,PORT-A620DB8F058C,DISCLOSED_PATH,True,True,True,434.951232,100,82.325685,0.522972,82.325685,0.522972,23.183393,3.323841,35807.658,227.467476,45891.303667,1501.96639,26602.0,0.0,51580.262333,227.466953,15772.604,0.0,2421.322,65.406609,73.065861,0.926261,0.0,0.0,0.0,0.0,0.0,0.0
POSCO_KR,POSCO,CAND-F5CF3CBE63EF2D,P1,PORT-A620DB8F058C,ACCELERATED_15C,True,True,True,434.951232,100,72.095633,0.793657,72.095633,0.793657,25.525997,3.777505,31358.084,345.202097,42460.648,1467.007507,26602.0,0.0,54397.751667,345.202276,23039.667,0.0,3282.524,89.456947,52.157942,0.193551,0.0,0.0,0.0,0.0,0.0,0.0
POSCO_KR,POSCO,CAND-7D117A922A194C,P5,PORT-66E75B54664A,DISCLOSED_PATH,True,True,True,505.60626,100,91.700034,0.281305,91.700034,0.281305,7.638666,0.731808,46364.111333,142.229753,50226.269,512.096632,30104.0,0.0,64697.801667,142.229227,18333.69,0.0,10305.007667,23.483172,82.440211,0.526615,0.0,0.0,0.0,0.0,0.0,0.0
POSCO_KR,POSCO,CAND-7D117A922A194C,P5,PORT-66E75B54664A,ACCELERATED_15C,True,True,True,505.60626,100,76.637604,0.271669,76.637604,0.271669,7.737269,0.743612,38748.452667,137.357298,42660.464667,513.010753,30104.0,0.0,65440.881,137.357816,26692.429,0.0,14749.75,38.598703,56.699914,0.856756,0.0,0.0,0.0,0.0,0.0,0.0
POSCO_KR,POSCO,CAND-00B5592B22DA24,P4,PORT-66E75B54664A,DISCLOSED_PATH,True,True,True,505.60626,100,96.043861,0.412909,96.043861,0.412909,12.955146,1.495614,48560.377667,208.76905,55110.580333,961.765557,30104.0,0.0,66894.068,208.769515,18333.69,0.0,7893.977333,27.792017,86.784038,0.576088,0.0,0.0,0.0,0.0,0.0,0.0
POSCO_KR,POSCO,CAND-00B5592B22DA24,P4,PORT-66E75B54664A,ACCELERATED_15C,True,True,True,505.60626,100,83.276857,0.387225,83.276857,0.387225,13.562316,1.683413,42105.300333,195.783326,48962.492333,1038.497918,30104.0,0.0,68797.729,195.783476,26692.429,0.0,11248.054,35.1565,63.339167,0.986977,0.0,0.0,0.0,0.0,0.0,0.0
POSCO_KR,POSCO,CAND-DDC1E605504409,P3,PORT-077F7C54FB04,DISCLOSED_PATH,True,True,True,444.454229,100,96.905535,0.910496,96.905535,0.910496,18.945551,2.523082,43070.074667,404.674223,51490.505,1024.660181,30104.0,0.0,59183.770667,404.674223,16113.696,0.0,5464.280667,10.363286,87.645712,1.443709,0.0,0.0,0.0,0.0,0.0,0.0
POSCO_KR,POSCO,CAND-DDC1E605504409,P3,PORT-077F7C54FB04,ACCELERATED_15C,True,True,True,444.454229,100,85.636826,1.090699,85.636826,1.090699,20.008408,2.55979,38061.65,484.765568,46954.471,1004.639988,30104.0,0.0,61606.127,484.765568,23544.477,0.0,7693.109333,62.702715,65.699136,0.401667,0.0,0.0,0.0,0.0,0.0,0.0
POSCO_KR,POSCO,CAND-E3FBD935777392,P2,PORT-077F7C54FB04,DISCLOSED_PATH,True,True,True,444.454229,100,100.362203,1.154661,100.362203,1.154661,23.683772,3.186911,44606.405667,513.194321,55132.758333,1279.775484,30104.0,0.0,60720.101333,513.193785,16113.696,0.0,4006.669,62.80554,91.10238,1.688325,0.0,0.0,0.0,0.0,0.0,0.0
POSCO_KR,POSCO,CAND-E3FBD935777392,P2,PORT-077F7C54FB04,ACCELERATED_15C,True,True,True,444.454229,100,90.651545,1.405636,90.651545,1.405636,25.626739,3.270044,40290.462667,624.741087,51680.375333,1311.662522,30104.0,0.0,63834.939667,624.741087,23544.477,0.0,5533.705,92.517348,70.713854,0.712475,0.0,0.0,0.0,0.0,0.0,0.0
POSCO_KR,POSCO,CAND-A6713428AA1463,P1,PORT-077F7C54FB04,DISCLOSED_PATH,True,True,True,444.454229,100,102.789169,1.314839,102.789169,1.314839,27.217038,3.627912,45685.080667,584.385377,57781.808,1448.181659,30104.0,0.0,61798.776667,584.385377,16113.696,0.0,2994.592667,59.088488,93.529345,1.848505,0.0,0.0,0.0,0.0,0.0,0.0
POSCO_KR,POSCO,CAND-A6713428AA1463,P1,PORT-077F7C54FB04,ACCELERATED_15C,True,True,True,444.454229,100,94.154941,1.614106,94.154941,1.614106,29.92135,3.839265,41847.562,717.396283,55146.232667,1547.069027,30104.0,0.0,65392.039,717.396283,23544.477,0.0,4073.523667,79.415439,74.217251,0.920728,0.0,0.0,0.0,0.0,0.0,0.0
POSCO_KR,POSCO,CAND-2F5D03A613EDBE,P1,PORT-0E469489028A,DISCLOSED_PATH,True,True,True,261.543846,100,9.259823,0.533682,9.259823,0.533682,7.821481,0.697003,2421.85,139.581163,4467.510333,243.994944,15097.0,0.0,11910.017,139.581163,9488.167,0.0,697.331667,16.478309,0.0,0.0,0.0,0.0,0.0,0.0,0.0,0.0
POSCO_KR,POSCO,CAND-2F5D03A613EDBE,P1,PORT-0E469489028A,ACCELERATED_15C,False,False,True,261.543846,100,-5.652314,0.394134,-5.652314,0.394134,8.472262,0.87803,-1478.327667,103.083319,737.54,300.208411,15097.0,0.0,12330.319333,103.083319,13808.647,0.0,930.788,21.904143,-25.590005,1.082519,0.0,0.0,0.0,0.0,0.0,0.0
POSCO_KR,POSCO,CAND-63781C106D5099,P1,PORT-41705C04BF44,DISCLOSED_PATH,True,True,True,234.011233,100,10.776952,0.310645,10.776952,0.310645,7.06618,0.201438,2521.927667,72.694242,4175.493333,118.669306,15097.0,0.0,10997.024333,72.694289,8475.096,0.0,673.951,9.273353,1.517129,0.239105,0.0,0.0,0.0,0.0,0.0,0.0
POSCO_KR,POSCO,CAND-63781C106D5099,P1,PORT-41705C04BF44,ACCELERATED_15C,False,False,True,234.011233,100,-4.112225,0.340619,-4.112225,0.340619,7.831361,0.375781,-962.307,79.709071,870.319333,167.119117,15097.0,0.0,11360.345667,79.70854,12322.652,0.0,899.727667,12.352397,-24.049916,1.028792,0.0,0.0,0.0,0.0,0.0,0.0
POSCO_KR,POSCO,CAND-455C0CE17360E6,P1,PORT-DE64C6FAC717,DISCLOSED_PATH,True,True,True,184.421263,100,12.098239,0.348551,12.098239,0.348551,9.121961,1.591323,2231.172667,64.280379,3913.456333,265.392317,15748.0,0.0,8892.882667,64.280379,6661.71,0.0,638.511333,9.494131,2.838415,0.88124,0.0,0.0,0.0,0.0,0.0,0.0
POSCO_KR,POSCO,CAND-455C0CE17360E6,P1,PORT-DE64C6FAC717,ACCELERATED_15C,False,False,True,184.421263,100,-3.33741,0.644985,-3.33741,0.644985,9.249037,2.26304,-615.489333,118.948767,1090.229667,340.214976,15748.0,0.0,9197.62,118.948848,9813.109,0.0,852.396,12.776142,-23.275101,0.163012,0.0,0.0,0.0,0.0,0.0,0.0
POSCO_KR,POSCO,CAND-9863577C4A48D7,P2,PORT-CEF57596D771,DISCLOSED_PATH,True,True,True,332.254237,100,38.890749,0.608257,38.890749,0.608257,11.562975,1.553138,12921.616333,202.096013,16763.463333,538.80879,20893.0,0.0,24970.747333,202.096013,12049.131,0.0,1745.566,12.716757,29.630926,1.139803,0.0,0.0,0.0,0.0,0.0,0.0
POSCO_KR,POSCO,CAND-9863577C4A48D7,P2,PORT-CEF57596D771,ACCELERATED_15C,False,False,True,332.254237,100,25.748291,0.698247,25.748291,0.698247,12.433045,1.799463,8554.978667,231.995502,12685.910667,592.620286,20893.0,0.0,26109.533333,231.995693,17554.554,0.0,2381.862667,26.609274,5.8106,0.169155,0.0,0.0,0.0,0.0,0.0,0.0
POSCO_KR,POSCO,CAND-D474BBC66D4C3C,P1,PORT-CEF57596D771,DISCLOSED_PATH,True,True,True,332.254237,100,39.778464,0.740421,39.778464,0.740421,13.303059,1.849517,13216.563333,246.008029,17636.561,664.736645,20893.0,0.0,25265.694667,246.007812,12049.131,0.0,1514.96,17.127258,30.518641,1.26415,0.0,0.0,0.0,0.0,0.0,0.0
POSCO_KR,POSCO,CAND-D474BBC66D4C3C,P1,PORT-CEF57596D771,ACCELERATED_15C,False,False,True,332.254237,100,26.91829,0.920147,26.91829,0.920147,14.537118,2.098099,8943.716,305.722814,13773.735,674.314722,20893.0,0.0,26498.270333,305.722604,17554.554,0.0,2046.165667,24.329884,6.9806,0.317615,0.0,0.0,0.0,0.0,0.0,0.0
POSCO_KR,POSCO,CAND-DA7B74C24222D6,P2,PORT-802EEF341C7A,DISCLOSED_PATH,True,True,True,326.164221,100,40.114084,1.16207,40.114084,1.16207,11.590934,2.025443,13083.779,379.025494,16864.327,476.591375,21792.0,0.0,24891.368667,379.026005,11807.59,0.0,1792.846333,5.989708,30.854261,1.690607,0.0,0.0,0.0,0.0,0.0,0.0
POSCO_KR,POSCO,CAND-DA7B74C24222D6,P2,PORT-802EEF341C7A,ACCELERATED_15C,False,False,True,326.164221,100,26.684381,1.229825,26.684381,1.229825,12.966353,2.10108,8703.490667,401.124894,12932.651,456.331449,21792.0,0.0,25944.843667,401.124894,17241.353,0.0,2446.266,4.094998,6.746691,0.538024,0.0,0.0,0.0,0.0,0.0,0.0
POSCO_KR,POSCO,CAND-720A05CD8AE3E2,P1,PORT-802EEF341C7A,DISCLOSED_PATH,True,True,True,326.164221,100,40.944828,1.340472,40.944828,1.340472,13.551319,2.353075,13354.738333,437.214129,17774.693333,546.273278,21792.0,0.0,25162.327667,437.213613,11807.59,0.0,1554.884333,17.410382,31.685005,1.867346,0.0,0.0,0.0,0.0,0.0,0.0
POSCO_KR,POSCO,CAND-720A05CD8AE3E2,P1,PORT-802EEF341C7A,ACCELERATED_15C,False,False,True,326.164221,100,27.837689,1.44954,27.837689,1.44954,15.144727,2.480018,9079.658,472.788152,14019.326,528.297662,21792.0,0.0,26321.011,472.788152,17241.353,0.0,2100.891333,23.126585,7.899998,0.756156,0.0,0.0,0.0,0.0,0.0,0.0
POSCO_KR,POSCO,CAND-0BE357EA5504BE,P2,PORT-4FCB78A64B21,DISCLOSED_PATH,True,True,True,282.664267,100,44.784331,0.304729,44.784331,0.304729,13.44949,2.648228,12658.930333,86.135603,16460.62,733.490287,21544.0,0.0,22894.675,86.136079,10235.745,0.0,1699.587667,23.921893,35.524508,0.838137,0.0,0.0,0.0,0.0,0.0,0.0
POSCO_KR,POSCO,CAND-0BE357EA5504BE,P2,PORT-4FCB78A64B21,ACCELERATED_15C,False,False,True,282.664267,100,31.272572,0.819036,31.272572,0.819036,14.548841,2.395379,8839.638667,231.512252,12952.076,672.099141,21544.0,0.0,23884.65,231.512072,15045.012,0.0,2325.086667,31.437374,11.334881,0.209898,0.0,0.0,0.0,0.0,0.0,0.0
POSCO_KR,POSCO,CAND-F43ACAB6E7F085,P1,PORT-4FCB78A64B21,DISCLOSED_PATH,True,True,True,282.664267,100,45.800189,0.430515,45.800189,0.430515,15.515177,3.071709,12946.076667,121.691348,17331.663,819.656418,21544.0,0.0,23181.821667,121.691348,10235.745,0.0,1473.173333,29.210258,36.540366,0.954351,0.0,0.0,0.0,0.0,0.0,0.0
POSCO_KR,POSCO,CAND-F43ACAB6E7F085,P1,PORT-4FCB78A64B21,ACCELERATED_15C,False,False,True,282.664267,100,32.563606,1.162658,32.563606,1.162658,17.002586,2.678808,9204.568,328.641875,14010.591333,756.423461,21544.0,0.0,24249.579,328.641875,15045.012,0.0,1990.694667,40.879145,12.625915,0.533448,0.0,0.0,0.0,0.0,0.0,0.0
POSCO_KR,POSCO,CAND-B90A406E3BDA97,P2,PORT-D42DEB3BDB60,DISCLOSED_PATH,True,True,True,364.533852,100,48.779246,0.22235,48.779246,0.22235,13.492869,1.396003,17781.686667,81.054144,22700.293667,494.228668,20893.0,0.0,31018.555667,81.054144,13236.869,0.0,1959.369667,53.358837,39.519422,0.741989,0.0,0.0,0.0,0.0,0.0,0.0
POSCO_KR,POSCO,CAND-B90A406E3BDA97,P2,PORT-D42DEB3BDB60,ACCELERATED_15C,False,False,True,364.533852,100,36.11891,0.485256,36.11891,0.485256,14.850688,1.305986,13166.565333,176.892201,18580.144,438.009954,20893.0,0.0,32463.320333,176.892201,19296.755,0.0,2695.761333,72.834613,16.181219,0.320904,0.0,0.0,0.0,0.0,0.0,0.0
POSCO_KR,POSCO,CAND-149176B54DA5B1,P2,PORT-58F96F629E32,DISCLOSED_PATH,True,True,True,243.51423,100,49.746187,0.901274,49.746187,0.901274,13.451201,2.269213,12113.904333,219.472577,15389.463333,426.332394,18599.0,0.0,20930.092333,219.472577,8816.188,0.0,1452.115,14.352975,40.486364,1.408451,0.0,0.0,0.0,0.0,0.0,0.0
POSCO_KR,POSCO,CAND-149176B54DA5B1,P2,PORT-58F96F629E32,ACCELERATED_15C,False,False,True,243.51423,100,37.167924,1.224426,37.167924,1.224426,14.740938,2.135068,9050.918333,298.165408,12640.546667,428.932958,18599.0,0.0,21878.380333,298.165408,12827.462,0.0,1996.775,17.446359,17.230233,0.550125,0.0,0.0,0.0,0.0,0.0,0.0
POSCO_KR,POSCO,CAND-12C017BA38B922,P1,PORT-D42DEB3BDB60,DISCLOSED_PATH,True,True,True,364.533852,100,49.843405,0.298365,49.843405,0.298365,15.62469,1.571119,18169.608667,108.763732,23865.336667,554.104862,20893.0,0.0,31406.477667,108.763732,13236.869,0.0,1585.426,44.022426,40.583581,0.810462,0.0,0.0,0.0,0.0,0.0,0.0
POSCO_KR,POSCO,CAND-12C017BA38B922,P1,PORT-D42DEB3BDB60,ACCELERATED_15C,False,False,True,364.533852,100,37.655674,0.608843,37.655674,0.608843,17.317295,1.592386,13726.768,221.943737,20039.508333,505.435443,20893.0,0.0,33023.523,221.943737,19296.755,0.0,2143.695667,58.951684,17.717984,0.178666,0.0,0.0,0.0,0.0,0.0,0.0
POSCO_KR,POSCO,CAND-92409F72DEE5B3,P1,PORT-58F96F629E32,DISCLOSED_PATH,True,True,True,243.51423,100,50.849245,1.157473,50.849245,1.157473,15.544206,2.639032,12382.514667,281.861318,16167.75,483.781285,18599.0,0.0,21198.702667,281.861318,8816.188,0.0,1226.927,13.054109,41.589421,1.67463,0.0,0.0,0.0,0.0,0.0,0.0
POSCO_KR,POSCO,CAND-92409F72DEE5B3,P1,PORT-58F96F629E32,ACCELERATED_15C,False,False,True,243.51423,100,38.739417,1.481638,38.739417,1.481638,17.238566,2.419033,9433.599333,360.799943,13631.435333,496.512696,18599.0,0.0,22261.061333,360.799943,12827.462,0.0,1662.604333,17.486414,18.801727,0.822078,0.0,0.0,0.0,0.0,0.0,0.0
POSCO_KR,POSCO,CAND-C5C95C9095B035,P2,PORT-0DA980ACBA29,DISCLOSED_PATH,True,True,True,365.583855,100,53.422081,0.704454,53.422081,0.704454,14.933048,1.610717,19530.250333,257.537089,24989.531333,823.383288,19907.0,0.0,32808.764333,257.537089,13278.514,0.0,1917.004667,34.303854,44.162257,0.414709,0.0,0.0,0.0,0.0,0.0,0.0
POSCO_KR,POSCO,CAND-C5C95C9095B035,P2,PORT-0DA980ACBA29,ACCELERATED_15C,False,False,True,365.583855,100,41.214083,0.785699,41.214083,0.785699,16.082879,1.960644,15067.203333,287.238958,20946.844333,960.230223,19907.0,0.0,34417.959,287.239152,19350.756,0.0,2639.301,47.300937,21.276392,1.444306,0.0,0.0,0.0,0.0,0.0,0.0
POSCO_KR,POSCO,CAND-7D54A929A881B5,P2,PORT-34425DFA5633,DISCLOSED_PATH,True,True,True,330.911223,100,54.285091,0.833485,54.285091,0.833485,14.528894,1.543378,17963.545667,275.809812,22771.32,413.890653,21792.0,0.0,29945.802667,275.809812,11982.257,0.0,1977.751333,30.617973,45.025268,1.355135,0.0,0.0,0.0,0.0,0.0,0.0
POSCO_KR,POSCO,CAND-7D54A929A881B5,P2,PORT-34425DFA5633,ACCELERATED_15C,False,False,True,330.911223,100,41.683988,1.211043,41.683988,1.211043,15.836429,1.45932,13793.699333,400.747781,19034.151667,430.224051,21792.0,0.0,31291.258333,400.747781,17497.559,0.0,2715.575333,37.348309,21.746297,0.526628,0.0,0.0,0.0,0.0,0.0,0.0
POSCO_KR,POSCO,CAND-3C2E939294CFA6,P1,PORT-0DA980ACBA29,DISCLOSED_PATH,True,True,True,365.583855,100,54.694696,0.824485,54.694696,0.824485,17.295921,1.889472,19995.497667,301.418554,26318.607333,964.939739,19907.0,0.0,33274.012,301.418261,13278.514,0.0,1490.415667,37.42948,45.434872,0.511786,0.0,0.0,0.0,0.0,0.0,0.0
POSCO_KR,POSCO,CAND-3C2E939294CFA6,P1,PORT-0DA980ACBA29,ACCELERATED_15C,False,False,True,365.583855,100,43.064327,0.923545,43.064327,0.923545,18.695479,2.276853,15743.623333,337.633274,22578.388333,1111.895064,19907.0,0.0,35094.378333,337.633274,19350.756,0.0,2011.845,51.48669,23.126637,1.58724,0.0,0.0,0.0,0.0,0.0,0.0
POSCO_KR,POSCO,CAND-2775122CBD1438,P1,PORT-34425DFA5633,DISCLOSED_PATH,True,True,True,330.911223,100,55.507136,0.992431,55.507136,0.992431,16.797506,1.821771,18367.934333,328.406171,23926.417667,490.361133,21792.0,0.0,30350.191333,328.406171,11982.257,0.0,1607.050333,44.371208,46.247313,1.51175,0.0,0.0,0.0,0.0,0.0,0.0
POSCO_KR,POSCO,CAND-2775122CBD1438,P1,PORT-34425DFA5633,ACCELERATED_15C,False,False,True,330.911223,100,43.372921,1.506238,43.372921,1.506238,18.462842,1.734689,14352.586333,498.430752,20462.148,498.331758,21792.0,0.0,31850.145333,498.430752,17497.559,0.0,2171.984667,58.397464,23.435231,0.816571,0.0,0.0,0.0,0.0,0.0,0.0
POSCO_KR,POSCO,CAND-0F7926E25C7DDC,P2,PORT-B0374F687394,DISCLOSED_PATH,True,True,True,338.051243,100,57.553507,1.061242,57.553507,1.061242,15.61626,1.13665,19456.034333,358.754296,24735.130333,636.314024,19907.0,0.0,31721.478333,358.754296,12265.444,0.0,1889.910667,36.72212,48.293684,0.620199,0.0,0.0,0.0,0.0,0.0,0.0
POSCO_KR,POSCO,CAND-0F7926E25C7DDC,P2,PORT-B0374F687394,ACCELERATED_15C,False,False,True,338.051243,100,45.605411,0.861065,45.605411,0.861065,16.691177,2.097867,15416.965667,291.083781,21059.438667,842.083611,19907.0,0.0,33281.726333,291.084299,17864.761,0.0,2600.190333,61.46648,25.66772,1.554319,0.0,0.0,0.0,0.0,0.0,0.0
POSCO_KR,POSCO,CAND-688976C946D330,P1,PORT-B0374F687394,DISCLOSED_PATH,True,True,True,338.051243,100,58.905241,1.154296,58.905241,1.154296,17.989595,1.439807,19912.989667,390.211512,25994.394667,749.211749,19907.0,0.0,32178.433667,390.211512,12265.444,0.0,1471.978333,26.246047,49.645417,0.684729,0.0,0.0,0.0,0.0,0.0,0.0
POSCO_KR,POSCO,CAND-688976C946D330,P1,PORT-B0374F687394,ACCELERATED_15C,False,False,True,338.051243,100,47.625043,1.026951,47.625043,1.026951,19.338386,2.615523,16099.704667,347.162431,22637.07,1015.203248,19907.0,0.0,33964.465333,347.161976,17864.761,0.0,1988.304,36.31555,27.687352,1.719886,0.0,0.0,0.0,0.0,0.0,0.0
POSCO_KR,POSCO,CAND-E5548226AF9F6B,P2,PORT-39601EAF8865,DISCLOSED_PATH,True,True,True,193.924259,100,61.321533,1.532964,61.321533,1.532964,15.664348,3.168824,11891.733,297.278636,14929.43,571.928706,19250.0,0.0,18894.534667,297.279114,7002.802,0.0,1412.547333,14.284486,52.06171,2.065952,0.0,0.0,0.0,0.0,0.0,0.0
POSCO_KR,POSCO,CAND-E5548226AF9F6B,P2,PORT-39601EAF8865,ACCELERATED_15C,False,False,True,193.924259,100,48.124096,1.877268,48.124096,1.877268,17.11122,3.003804,9332.43,364.047733,12650.710667,529.074698,19250.0,0.0,19650.349,364.047733,10317.919,0.0,1942.515333,15.342022,28.186406,1.186254,0.0,0.0,0.0,0.0,0.0,0.0
POSCO_KR,POSCO,CAND-C8332513BB985B,P2,PORT-CA761749FFB1,DISCLOSED_PATH,True,True,True,287.411269,100,61.192274,1.012026,61.192274,1.012026,16.236665,2.284858,17587.349,290.867447,22253.949667,648.449467,21544.0,0.0,27997.761333,290.867445,10410.412,0.0,1899.487667,24.689262,51.932451,1.54289,0.0,0.0,0.0,0.0,0.0,0.0
POSCO_KR,POSCO,CAND-C8332513BB985B,P2,PORT-CA761749FFB1,ACCELERATED_15C,False,False,True,287.411269,100,48.827575,1.36021,48.827575,1.36021,17.56075,2.245759,14033.595333,390.939955,19080.753,658.0534,21544.0,0.0,29334.812667,390.939469,15301.218,0.0,2615.173333,38.916999,28.889884,0.668361,0.0,0.0,0.0,0.0,0.0,0.0
POSCO_KR,POSCO,CAND-CD94A69F094896,P2,PORT-8378A8ACBA64,DISCLOSED_PATH,True,True,True,275.793845,100,61.662241,0.623055,61.662241,0.623055,16.004325,1.606346,17006.066333,171.835145,21419.960667,325.529844,18599.0,0.0,27009.992333,171.835145,10003.926,0.0,1675.315667,43.912254,52.402417,1.142209,0.0,0.0,0.0,0.0,0.0,0.0
POSCO_KR,POSCO,CAND-CD94A69F094896,P2,PORT-8378A8ACBA64,ACCELERATED_15C,False,False,True,275.793845,100,49.75231,0.934827,49.75231,0.934827,17.744796,2.071759,13721.380667,257.819944,18615.286333,398.631299,18599.0,0.0,28291.043667,257.819944,14569.663,0.0,2306.297,49.517424,29.814619,0.354675,0.0,0.0,0.0,0.0,0.0,0.0
POSCO_KR,POSCO,CAND-2EAFEFF65EF371,P1,PORT-39601EAF8865,DISCLOSED_PATH,True,True,True,193.924259,100,62.639896,1.777982,62.639896,1.777982,18.133788,3.625744,12147.395667,344.793584,15663.977,645.561936,19250.0,0.0,19150.197333,344.794071,7002.802,0.0,1189.675333,14.396922,53.380073,2.310106,0.0,0.0,0.0,0.0,0.0,0.0
POSCO_KR,POSCO,CAND-2EAFEFF65EF371,P1,PORT-39601EAF8865,ACCELERATED_15C,False,False,True,193.924259,100,50.100001,2.231434,50.100001,2.231434,19.694406,3.402739,9715.605667,432.729104,13534.828667,578.93722,19250.0,0.0,20033.524667,432.729104,10317.919,0.0,1613.430667,18.922361,30.16231,1.538736,0.0,0.0,0.0,0.0,0.0,0.0
POSCO_KR,POSCO,CAND-19C362AB4D3239,P1,PORT-CA761749FFB1,DISCLOSED_PATH,True,True,True,287.411269,100,62.628241,1.17887,62.628241,1.17887,18.67095,2.583532,18000.062333,338.820123,23366.303667,734.987821,21544.0,0.0,28410.474333,338.820123,10410.412,0.0,1516.587667,21.476084,53.368417,1.710118,0.0,0.0,0.0,0.0,0.0,0.0
POSCO_KR,POSCO,CAND-19C362AB4D3239,P1,PORT-CA761749FFB1,ACCELERATED_15C,False,False,True,287.411269,100,50.851697,1.600357,50.851697,1.600357,20.469736,2.578597,14615.350667,459.960942,20498.583333,769.519614,21544.0,0.0,29916.568667,459.960942,15301.218,0.0,2051.415333,28.328067,30.914007,0.907753,0.0,0.0,0.0,0.0,0.0,0.0
POSCO_KR,POSCO,CAND-466C04961ED513,P2,PORT-7ED23B40E316,DISCLOSED_PATH,False,True,False,414.904229,100,33.271175,0.575424,33.271175,0.575424,10.539767,1.804981,13804.351333,238.745778,18177.345333,643.493702,24086.0,0.0,28844.884333,238.745778,15040.533,0.0,2077.852667,30.283624,24.011352,1.108182,0.0,0.0,0.0,0.0,0.0,0.0
POSCO_KR,POSCO,CAND-466C04961ED513,P2,PORT-7ED23B40E316,ACCELERATED_15C,True,True,True,414.904229,100,19.937691,0.69339,19.937691,0.69339,11.234372,1.787017,8272.232,287.690578,12933.420333,644.077445,24086.0,0.0,30240.677333,287.690107,21968.445,0.0,2821.653333,39.600369,0.0,0.0,0.0,0.0,0.0,0.0,0.0,0.0
POSCO_KR,POSCO,CAND-7BC738434560A6,P1,PORT-7ED23B40E316,DISCLOSED_PATH,False,True,False,414.904229,100,34.000784,0.616645,34.000784,0.616645,12.154916,1.926525,14107.069,255.848398,19150.195,717.556272,24086.0,0.0,29147.602,255.848398,15040.533,0.0,1840.868,24.409297,24.740961,1.150292,0.0,0.0,0.0,0.0,0.0,0.0
POSCO_KR,POSCO,CAND-7BC738434560A6,P1,PORT-7ED23B40E316,ACCELERATED_15C,True,True,True,414.904229,100,20.841191,0.879198,20.841191,0.879198,13.245833,2.028616,8647.098667,364.78286,14142.850333,757.623676,24086.0,0.0,30615.543667,364.78286,21968.445,0.0,2482.152,32.008158,0.9035,0.208806,0.0,0.0,0.0,0.0,0.0,0.0
POSCO_KR,POSCO,CAND-BEF797E7835E02,P2,PORT-7827D72F6A22,DISCLOSED_PATH,False,True,False,419.651231,100,44.775492,0.345147,44.775492,0.345147,12.681752,1.201949,18790.090333,144.84131,24112.003333,502.991988,24086.0,0.0,34005.290667,144.841079,15215.2,0.0,2263.917667,45.038867,35.515669,0.870525,0.0,0.0,0.0,0.0,0.0,0.0
POSCO_KR,POSCO,CAND-BEF797E7835E02,P2,PORT-7827D72F6A22,ACCELERATED_15C,True,True,True,419.651231,100,31.725003,0.766337,31.725003,0.766337,13.809071,1.593793,13313.436667,321.594286,19108.43,500.238637,24086.0,0.0,35538.088,321.594355,22224.651,0.0,3093.752,59.739577,11.787313,0.171612,0.0,0.0,0.0,0.0,0.0,0.0
POSCO_KR,POSCO,CAND-BBFDE735F87B40,P1,PORT-7827D72F6A22,DISCLOSED_PATH,False,True,False,419.651231,100,45.800037,0.431773,45.800037,0.431773,14.589044,1.453541,19220.042333,181.194182,25342.352333,576.869749,24086.0,0.0,34435.242667,181.194033,15215.2,0.0,1894.334333,51.289026,36.540214,0.963422,0.0,0.0,0.0,0.0,0.0,0.0
POSCO_KR,POSCO,CAND-BBFDE735F87B40,P1,PORT-7827D72F6A22,ACCELERATED_15C,True,True,True,419.651231,100,33.074431,0.926813,33.074431,0.926813,16.116217,1.933745,13879.725667,388.93822,20642.916,587.282858,24086.0,0.0,36104.377,388.937677,22224.651,0.0,2554.925667,67.674436,13.13674,0.317496,0.0,0.0,0.0,0.0,0.0,0.0
POSCO_KR,POSCO,CAND-2FCEDED2C189C1,P4,PORT-08632101CCF5,DISCLOSED_PATH,False,True,False,488.606259,100,64.373527,0.285539,64.373527,0.285539,9.614079,1.076671,31453.307667,139.516041,36150.807333,620.002174,27588.0,0.0,49167.455667,139.516041,17714.147,0.0,5468.149667,20.97322,55.113703,0.704578,0.0,0.0,0.0,0.0,0.0,0.0
POSCO_KR,POSCO,CAND-2FCEDED2C189C1,P4,PORT-08632101CCF5,ACCELERATED_15C,True,True,True,488.606259,100,51.071113,0.281442,51.071113,0.281442,10.112579,1.174298,24953.665333,137.514923,29894.735,622.935154,27588.0,0.0,50743.972333,137.514923,25790.307,0.0,7709.898,28.144324,31.133422,0.536783,0.0,0.0,0.0,0.0,0.0,0.0
POSCO_KR,POSCO,CAND-9DAADB965AABF6,P2,PORT-2038E8D6C481,DISCLOSED_PATH,False,True,False,428.201226,100,70.63091,0.817591,70.63091,0.817591,17.193763,1.852065,30244.242333,350.093117,37606.633,857.551274,23372.0,0.0,45772.095333,350.093117,15527.853,0.0,2647.423333,41.973128,61.371087,0.876559,0.0,0.0,0.0,0.0,0.0,0.0
POSCO_KR,POSCO,CAND-9DAADB965AABF6,P2,PORT-2038E8D6C481,ACCELERATED_15C,True,True,True,428.201226,100,58.213471,0.859368,58.213471,0.859368,18.830397,2.097227,24927.079667,367.982122,32990.279,741.607936,23372.0,0.0,47584.411,367.982568,22657.331,0.0,3655.013667,57.371953,38.27578,0.836373,0.0,0.0,0.0,0.0,0.0,0.0
POSCO_KR,POSCO,CAND-25E596C7BBF514,P1,PORT-2038E8D6C481,DISCLOSED_PATH,False,True,False,428.201226,100,72.347188,0.888822,72.347188,0.888822,19.912569,2.182019,30979.154667,380.594276,39505.741,993.678211,23372.0,0.0,46507.007667,380.594276,15527.853,0.0,1943.512333,44.52021,63.087365,0.980891,0.0,0.0,0.0,0.0,0.0,0.0
POSCO_KR,POSCO,CAND-25E596C7BBF514,P1,PORT-2038E8D6C481,ACCELERATED_15C,True,True,True,428.201226,100,60.63487,1.017436,60.63487,1.017436,22.048422,2.425792,25963.925667,435.667591,35405.087333,799.071545,23372.0,0.0,48621.256667,435.667591,22657.331,0.0,2622.504333,62.317068,40.697179,0.885042,0.0,0.0,0.0,0.0,0.0,0.0
POSCO_KR,POSCO,CAND-13A3A87B46A419,P4,PORT-C9ABA0ED93B4,DISCLOSED_PATH,False,True,False,496.681253,100,85.236674,0.729511,85.236674,0.729511,11.552967,0.979907,42335.458,362.334252,48073.6,566.714778,26874.0,0.0,60339.997667,362.334829,18004.54,0.0,6865.705333,3.198836,75.97685,0.97018,0.0,0.0,0.0,0.0,0.0,0.0
POSCO_KR,POSCO,CAND-13A3A87B46A419,P4,PORT-C9ABA0ED93B4,ACCELERATED_15C,True,True,True,496.681253,100,71.524936,0.675368,71.524936,0.675368,11.749211,0.952409,35525.094667,335.442945,41360.707333,620.312639,26874.0,0.0,61706.239333,335.442681,26181.144,0.0,9757.095667,8.124654,51.587245,0.946286,0.0,0.0,0.0,0.0,0.0,0.0
POSCO_KR,POSCO,CAND-27EB06146B7A52,P3,PORT-13C60822C05B,DISCLOSED_PATH,False,True,False,437.704222,100,87.951639,0.457674,87.951639,0.457674,15.611195,1.814352,38496.803667,200.326045,45329.889667,919.812433,26874.0,0.0,54365.748,200.326445,15868.945,0.0,4796.693333,27.988721,78.691815,0.663541,0.0,0.0,0.0,0.0,0.0,0.0
POSCO_KR,POSCO,CAND-27EB06146B7A52,P3,PORT-13C60822C05B,ACCELERATED_15C,True,True,True,437.704222,100,75.789431,0.486168,75.789431,0.486168,16.532871,2.176919,33173.353667,212.797882,40409.861333,1145.987267,26874.0,0.0,56335.494667,212.797882,23162.141,0.0,6752.766333,40.013038,55.85174,1.048189,0.0,0.0,0.0,0.0,0.0,0.0
POSCO_KR,POSCO,CAND-9F98CFC8518527,P2,PORT-13C60822C05B,DISCLOSED_PATH,False,True,False,437.704222,100,91.192717,0.563377,91.192717,0.563377,19.471492,2.299615,39915.437333,246.592405,48438.191667,1154.332961,26874.0,0.0,55784.382333,246.592405,15868.945,0.0,3458.891667,27.182451,81.932894,0.740875,0.0,0.0,0.0,0.0,0.0,0.0
POSCO_KR,POSCO,CAND-9F98CFC8518527,P2,PORT-13C60822C05B,ACCELERATED_15C,True,True,True,437.704222,100,80.512417,0.57847,80.512417,0.57847,21.13171,2.720294,35240.624667,253.199011,44490.063667,1425.051425,26874.0,0.0,58402.765667,253.199011,23162.141,0.0,4781.291333,52.326068,60.574726,1.128921,0.0,0.0,0.0,0.0,0.0,0.0
POSCO_KR,POSCO,CAND-717F18DFAF78F1,P4,PORT-C68307188813,DISCLOSED_PATH,False,True,False,501.427506,100,93.801628,0.526562,93.801628,0.526562,12.495719,1.29349,47034.717,264.032684,53300.414,909.668968,26874.0,0.0,65214.508333,264.032341,18179.792,0.0,7487.211333,16.939948,84.541805,0.396618,0.0,0.0,0.0,0.0,0.0,0.0
POSCO_KR,POSCO,CAND-717F18DFAF78F1,P4,PORT-C68307188813,ACCELERATED_15C,True,True,True,501.427506,100,80.059346,0.70731,80.059346,0.70731,12.906985,1.114657,40143.958,354.664577,46615.875333,912.035173,26874.0,0.0,66580.564667,354.664994,26436.606,0.0,10679.454,21.671776,60.121655,1.26135,0.0,0.0,0.0,0.0,0.0,0.0
POSCO_KR,POSCO,CAND-78797020DAE1ED,P1,PORT-13C60822C05B,DISCLOSED_PATH,False,True,False,437.704222,100,93.488178,0.632505,93.488178,0.632505,22.413092,2.716559,40920.170333,276.850073,50730.475333,1370.659552,26874.0,0.0,56789.115333,276.850073,15868.945,0.0,2531.216667,51.841636,84.228355,0.751111,0.0,0.0,0.0,0.0,0.0,0.0
POSCO_KR,POSCO,CAND-78797020DAE1ED,P1,PORT-13C60822C05B,ACCELERATED_15C,True,True,True,437.704222,100,83.803238,0.599358,83.803238,0.599358,24.775436,3.196193,36681.031,262.341464,47525.344333,1644.323335,26874.0,0.0,59843.172,262.341464,23162.141,0.0,3433.433667,70.220229,63.865548,1.14348,0.0,0.0,0.0,0.0,0.0,0.0
POSCO_KR,POSCO,CAND-014834EFF571CA,P2,PORT-26982033AA0F,DISCLOSED_PATH,False,False,True,150.693902,100,115.926559,1.059127,115.926559,1.059127,26.415454,3.871299,17469.425667,159.603844,21450.073333,652.728942,14172.0,0.0,22951.750333,159.604375,5482.325,0.0,1218.661667,24.373617,106.666736,0.525488,0.0,0.0,0.0,0.0,0.0,0.0
POSCO_KR,POSCO,CAND-014834EFF571CA,P2,PORT-26982033AA0F,ACCELERATED_15C,False,False,True,150.693902,100,106.732226,1.249926,106.732226,1.249926,27.878033,3.655075,16083.895667,188.356243,20284.945333,617.299636,14172.0,0.0,24097.326333,188.356122,8013.431,0.0,1710.678,36.244352,86.794535,1.940215,0.0,0.0,0.0,0.0,0.0,0.0
POSCO_KR,POSCO,CAND-022C4C9D65C291,P2,PORT-3D4DF75A91D4,DISCLOSED_PATH,True,True,True,247.593892,100,133.588009,0.114972,133.588009,0.114972,28.71369,3.786294,33075.575,28.4661,40184.909333,962.924956,20867.0,0.0,42065.060333,28.466505,8989.485,0.0,2535.392333,53.373077,124.328186,0.532005,0.0,0.0,0.0,0.0,0.0,0.0
POSCO_KR,POSCO,CAND-022C4C9D65C291,P2,PORT-3D4DF75A91D4,ACCELERATED_15C,False,False,True,247.593892,100,124.961131,0.603012,124.961131,0.603012,31.398517,3.662289,30939.612667,149.30248,38713.693667,867.905474,20867.0,0.0,44127.95,149.302246,13188.337,0.0,3539.043333,66.176936,105.02344,0.228022,0.0,0.0,0.0,0.0,0.0,0.0
POSCO_KR,POSCO,CAND-03F5DDC22322D9,P1,PORT-2E4122B1D61A,DISCLOSED_PATH,False,True,False,305.733857,100,149.667411,0.643913,149.667411,0.643913,36.643461,3.783019,45758.394667,196.865912,56961.541667,978.756078,19502.0,0.0,56873.919667,196.865912,11115.524,0.0,1830.911667,56.496292,140.407588,1.106757,0.0,0.0,0.0,0.0,0.0,0.0
POSCO_KR,POSCO,CAND-03F5DDC22322D9,P1,PORT-2E4122B1D61A,ACCELERATED_15C,False,False,True,305.733857,100,143.784737,0.878767,143.784737,0.878767,39.906298,4.084614,43959.862333,268.668841,56160.568667,1003.410673,19502.0,0.0,60090.422333,268.668841,16130.56,0.0,2497.656333,77.057532,123.847047,0.451759,0.0,0.0,0.0,0.0,0.0,0.0
POSCO_KR,POSCO,CAND-0792E2DF105A73,P5,PORT-C07B5FF15869,DISCLOSED_PATH,True,True,True,362.346302,100,124.436291,0.267729,124.436291,0.267729,9.70152,0.901582,45089.029667,97.010609,48604.339333,413.828044,27562.0,0.0,58237.848667,97.010609,13148.819,0.0,9909.115,33.28057,115.176467,0.63179,0.0,0.0,0.0,0.0,0.0,0.0
POSCO_KR,POSCO,CAND-0792E2DF105A73,P5,PORT-C07B5FF15869,ACCELERATED_15C,False,False,True,362.346302,100,108.889003,0.220871,108.889003,0.220871,9.632746,0.987227,39455.527667,80.03134,42945.917333,431.486323,27562.0,0.0,58728.302,80.031668,19272.774,0.0,14222.309667,47.116432,88.951313,0.725077,0.0,0.0,0.0,0.0,0.0,0.0
POSCO_KR,POSCO,CAND-0A4190A420448F,P1,PORT-92AEBEABC7A8,DISCLOSED_PATH,True,True,True,232.293891,100,73.546769,0.499124,73.546769,0.499124,20.652391,2.276008,17084.465333,115.943141,21881.889333,516.935825,18351.0,0.0,25516.546333,115.943141,8432.081,0.0,1219.483333,21.507443,64.286946,1.030562,0.0,0.0,0.0,0.0,0.0,0.0
POSCO_KR,POSCO,CAND-0A4190A420448F,P1,PORT-92AEBEABC7A8,ACCELERATED_15C,False,False,True,232.293891,100,62.58195,0.793396,62.58195,0.793396,22.973274,2.504331,14537.404667,184.300618,19873.955667,559.047373,18351.0,0.0,26910.726,184.301107,12373.321,0.0,1655.522,29.210803,42.64426,0.138898,0.0,0.0,0.0,0.0,0.0,0.0
POSCO_KR,POSCO,CAND-0B0DF7CC24CCF4,P3,PORT-7DC46150E6EE,DISCLOSED_PATH,False,True,False,388.383849,100,113.256264,0.666489,113.256264,0.666489,21.084488,2.751938,43986.903667,258.853733,52175.778667,979.066296,22695.0,0.0,58093.829667,258.853733,14106.926,0.0,4932.021,61.767526,103.996441,0.979235,0.0,0.0,0.0,0.0,0.0,0.0
POSCO_KR,POSCO,CAND-0B0DF7CC24CCF4,P3,PORT-7DC46150E6EE,ACCELERATED_15C,False,False,True,388.383849,100,102.090958,0.87376,102.090958,0.87376,22.114647,3.012629,39650.479,339.354526,48239.450667,1068.867725,22695.0,0.0,60194.93,339.354526,20544.451,0.0,6995.502667,90.476752,82.153267,0.862249,0.0,0.0,0.0,0.0,0.0,0.0
POSCO_KR,POSCO,CAND-0CC93D992FF190,P3,PORT-531039DEA968,DISCLOSED_PATH,True,True,True,297.964268,100,94.07951,0.804391,94.07951,0.804391,18.386409,2.097094,28032.332333,239.679866,33510.825,638.119222,24060.0,0.0,38825.481333,239.679866,10793.149,0.0,3599.277667,26.999365,84.819687,1.31818,0.0,0.0,0.0,0.0,0.0,0.0
POSCO_KR,POSCO,CAND-0CC93D992FF190,P3,PORT-531039DEA968,ACCELERATED_15C,False,False,True,297.964268,100,82.009918,0.546432,82.009918,0.546432,19.675389,2.178953,24436.025,162.817414,30298.588,673.753733,24060.0,0.0,40296.052333,162.817097,15860.027,0.0,5059.271,33.512238,62.072227,0.271449,0.0,0.0,0.0,0.0,0.0,0.0
POSCO_KR,POSCO,CAND-0D9DBFAFAC1A93,P2,PORT-1CB3B12B9B60,DISCLOSED_PATH,False,True,False,453.004224,100,124.489978,1.105488,124.489978,1.105488,25.459851,2.898752,56394.486,500.79066,67927.906,1813.20052,29390.0,0.0,72820.834667,500.790943,16426.349,0.0,4375.315,56.937896,115.230155,0.760907,0.0,0.0,0.0,0.0,0.0,0.0
POSCO_KR,POSCO,CAND-0D9DBFAFAC1A93,P2,PORT-1CB3B12B9B60,ACCELERATED_15C,True,True,True,453.004224,100,115.514297,1.296907,115.514297,1.296907,27.575237,3.108757,52328.464333,587.504261,64820.163667,1918.444265,29390.0,0.0,76305.621333,587.504261,23977.157,0.0,6095.610667,65.375122,95.576607,1.956683,0.0,0.0,0.0,0.0,0.0,0.0
POSCO_KR,POSCO,CAND-11A200804B1E4C,P1,PORT-9341B5E9E1AE,DISCLOSED_PATH,False,False,True,190.511279,100,10.899881,0.351753,10.899881,0.351753,7.722976,1.354383,2076.550333,67.013134,3547.864333,266.346802,14849.0,0.0,8979.802,67.012697,6903.252,0.0,594.901667,16.109612,1.640058,0.183664,0.0,0.0,0.0,0.0,0.0,0.0
POSCO_KR,POSCO,CAND-11A200804B1E4C,P1,PORT-9341B5E9E1AE,ACCELERATED_15C,False,False,True,190.511279,100,-4.288982,0.193167,-4.288982,0.193167,7.99002,1.238119,-817.099667,36.800328,705.089667,259.337726,14849.0,0.0,9309.211333,36.800328,10126.311,0.0,794.265667,21.591591,-24.226673,0.874052,0.0,0.0,0.0,0.0,0.0,0.0
POSCO_KR,POSCO,CAND-1452ABFC21BA3C,P3,PORT-2E4122B1D61A,DISCLOSED_PATH,False,True,False,305.733857,100,140.536213,0.432377,140.536213,0.432377,25.31678,2.590534,42966.678333,132.192338,50706.875,694.26399,19502.0,0.0,54082.203,132.191852,11115.524,0.0,4597.651333,36.24718,131.27639,0.857986,0.0,0.0,0.0,0.0,0.0,0.0
POSCO_KR,POSCO,CAND-1452ABFC21BA3C,P3,PORT-2E4122B1D61A,ACCELERATED_15C,False,False,True,305.733857,100,130.262124,0.561879,130.262124,0.561879,26.663763,2.768276,39825.541333,171.785419,47977.556667,698.72244,19502.0,0.0,55956.101333,171.785419,16130.56,0.0,6541.157333,41.968158,110.324433,0.424169,0.0,0.0,0.0,0.0,0.0,0.0
POSCO_KR,POSCO,CAND-16671384F832DB,P4,PORT-A7B7FDCF1108,DISCLOSED_PATH,False,True,False,414.706243,100,138.458064,0.476663,138.458064,0.476663,16.616342,2.812468,57419.423333,197.675121,64310.324333,1363.904608,28082.0,0.0,72434.164333,197.675121,15014.741,0.0,8898.652,9.011602,129.198241,0.548701,0.0,0.0,0.0,0.0,0.0,0.0
POSCO_KR,POSCO,CAND-16671384F832DB,P4,PORT-A7B7FDCF1108,ACCELERATED_15C,True,True,True,414.706243,100,125.676108,0.540817,125.676108,0.540817,17.053406,2.567878,52118.666333,224.280187,59190.820333,1289.059737,28082.0,0.0,73955.919333,224.280187,21837.252,0.0,12731.120333,39.337273,105.738417,1.0261,0.0,0.0,0.0,0.0,0.0,0.0
POSCO_KR,POSCO,CAND-16DADA55DF87CF,P2,PORT-F7156CC53AF8,DISCLOSED_PATH,False,True,False,353.711217,100,124.820862,1.04929,124.820862,1.04929,26.035221,2.729269,44150.539,371.145271,53359.488333,1330.414816,24580.0,0.0,56961.208,371.145271,12810.669,0.0,3360.201333,53.336748,115.561039,0.835957,0.0,0.0,0.0,0.0,0.0,0.0
POSCO_KR,POSCO,CAND-16DADA55DF87CF,P2,PORT-F7156CC53AF8,ACCELERATED_15C,False,False,True,353.711217,100,115.468694,1.050025,115.468694,1.050025,28.59149,3.145283,40842.572333,371.405833,50955.703333,1466.252116,24580.0,0.0,59533.827,371.405297,18691.255,0.0,4688.086,81.37728,95.531003,1.540518,0.0,0.0,0.0,0.0,0.0,0.0
POSCO_KR,POSCO,CAND-19A0EC6A18A011,P1,PORT-0EE037EBD6C8,DISCLOSED_PATH,False,True,False,387.333846,100,116.278289,1.623647,116.278289,1.623647,28.513465,3.969328,45038.517,628.8932,56082.747,1904.162755,23681.0,0.0,59103.798,628.8932,14065.281,0.0,2263.725,47.479212,107.018466,1.693972,0.0,0.0,0.0,0.0,0.0,0.0
POSCO_KR,POSCO,CAND-19A0EC6A18A011,P1,PORT-0EE037EBD6C8,ACCELERATED_15C,False,False,True,387.333846,100,108.082314,1.499849,108.082314,1.499849,31.291057,3.505569,41863.938,580.942168,53984.024,1735.270958,23681.0,0.0,62354.389,580.942168,20490.451,0.0,3079.021,64.884475,88.144623,1.76514,0.0,0.0,0.0,0.0,0.0,0.0
POSCO_KR,POSCO,CAND-1F4761E26DC6B1,P2,PORT-15CB4F8207C5,DISCLOSED_PATH,True,True,True,312.214267,100,139.422775,2.091365,139.422775,2.091365,31.276106,4.548072,43529.779333,652.954144,53294.625667,1447.212132,27562.0,0.0,54838.687333,652.954144,11308.908,0.0,3621.088333,25.83131,130.162951,2.614772,0.0,0.0,0.0,0.0,0.0,0.0
POSCO_KR,POSCO,CAND-1F4761E26DC6B1,P2,PORT-15CB4F8207C5,ACCELERATED_15C,False,False,True,312.214267,100,131.287896,2.30398,131.287896,2.30398,33.364084,4.010757,40989.954333,719.335648,51406.696667,1339.329454,27562.0,0.0,57610.997667,719.335427,16621.043,0.0,5028.449667,62.573856,111.350205,1.654026,0.0,0.0,0.0,0.0,0.0,0.0
NIPPON_STEEL_JP,Nippon Steel,CAND-7400D0EA735D98,P3,PORT-6742936593A9,DISCLOSED_PATH,True,True,True,454.753949,100,81.950744,0.547997,81.950744,0.547997,16.676988,2.02727,37267.424333,249.204,44851.350667,797.896352,29348.0,0.0,53188.124333,249.204,15920.7,0.0,5759.406,78.543152,59.158111,0.651294,0.0,0.0,0.0,0.0,0.0,0.0
NIPPON_STEEL_JP,Nippon Steel,CAND-7400D0EA735D98,P3,PORT-6742936593A9,ACCELERATED_15C,True,True,True,454.753949,100,70.497463,0.900717,70.497463,0.900717,18.205449,2.330039,32059.0,409.604392,40338.0,807.161587,29348.0,0.0,55551.131,409.604392,23492.132,0.0,7598.091667,55.865079,35.900941,0.791816,0.0,0.0,0.0,0.0,0.0,0.0
NIPPON_STEEL_JP,Nippon Steel,CAND-F6184286A4322F,P2,PORT-6742936593A9,DISCLOSED_PATH,True,True,True,454.753949,100,84.912942,0.762156,84.912942,0.762156,20.977723,2.581604,38614.495667,346.593488,48154.198333,984.277466,29348.0,0.0,54535.195667,346.593488,15920.7,0.0,4429.567333,77.604673,62.120309,0.869267,0.0,0.0,0.0,0.0,0.0,0.0
NIPPON_STEEL_JP,Nippon Steel,CAND-F6184286A4322F,P2,PORT-6742936593A9,ACCELERATED_15C,True,True,True,454.753949,100,74.776479,1.221385,74.776479,1.221385,23.324736,3.057602,34004.899333,555.429706,44611.914667,1060.955982,29348.0,0.0,57497.030667,555.429206,23492.132,0.0,5632.934,107.391481,40.179957,0.963104,0.0,0.0,0.0,0.0,0.0,0.0
NIPPON_STEEL_JP,Nippon Steel,CAND-18F73BD54A9F34,P1,PORT-6742936593A9,DISCLOSED_PATH,True,True,True,454.753949,100,86.971336,0.938995,86.971336,0.938995,24.455635,3.096305,39550.558667,427.011857,50671.855667,1154.178346,29348.0,0.0,55471.258667,427.011857,15920.7,0.0,3534.358,94.843571,64.178704,1.049595,0.0,0.0,0.0,0.0,0.0,0.0
NIPPON_STEEL_JP,Nippon Steel,CAND-18F73BD54A9F34,P1,PORT-6742936593A9,ACCELERATED_15C,True,True,True,454.753949,100,77.801338,1.534145,77.801338,1.534145,27.494276,3.738901,35380.465333,697.65865,47883.596,1308.920369,29348.0,0.0,58872.597,697.658139,23492.132,0.0,4333.737,117.237349,43.204815,1.167061,0.0,0.0,0.0,0.0,0.0,0.0
NIPPON_STEEL_JP,Nippon Steel,CAND-EBD30C485CEFDA,P2,PORT-9E76B3BFF9FF,DISCLOSED_PATH,True,True,True,456.103943,100,91.058069,0.353611,91.058069,0.353611,22.141836,2.944323,41531.944333,161.283406,51630.923,1499.793124,28936.6,0.0,57500.85,161.283317,15968.906,0.0,4527.567667,76.572534,68.265436,0.257567,0.0,0.0,0.0,0.0,0.0,0.0
NIPPON_STEEL_JP,Nippon Steel,CAND-EBD30C485CEFDA,P2,PORT-9E76B3BFF9FF,ACCELERATED_15C,True,True,True,456.103943,100,81.357307,0.283143,81.357307,0.283143,24.202907,3.565937,37107.388333,129.14265,48146.429667,1703.309549,28936.6,0.0,60666.711667,129.143089,23559.323,0.0,5795.767667,100.106272,46.760784,0.619103,0.0,0.0,0.0,0.0,0.0,0.0
NIPPON_STEEL_JP,Nippon Steel,CAND-C1AAA9A0078119,P1,PORT-9E76B3BFF9FF,DISCLOSED_PATH,True,True,True,456.103943,100,93.44573,0.357383,93.44573,0.357383,25.775489,3.560619,42620.966,163.003418,54377.268333,1783.96806,28936.6,0.0,58589.872,163.003418,15968.906,0.0,3526.777333,80.79384,70.653098,0.257788,0.0,0.0,0.0,0.0,0.0,0.0
NIPPON_STEEL_JP,Nippon Steel,CAND-C1AAA9A0078119,P1,PORT-9E76B3BFF9FF,ACCELERATED_15C,True,True,True,456.103943,100,84.746078,0.379666,84.746078,0.379666,28.543116,4.27961,38653.020333,173.166811,51671.648333,2050.397774,28936.6,0.0,62212.343667,173.16726,23559.323,0.0,4320.625333,100.477205,50.149555,0.530086,0.0,0.0,0.0,0.0,0.0,0.0
NIPPON_STEEL_JP,Nippon Steel,CAND-EF9F86F64A1C2A,P3,PORT-00B029BF7478,DISCLOSED_PATH,True,True,True,459.478949,100,95.041325,1.819981,95.041325,1.819981,19.632985,2.60189,43669.488,836.242851,52690.431333,846.612166,32153.0,0.0,59753.876,836.242851,16084.388,0.0,6670.281333,54.552729,72.248692,1.923534,0.0,0.0,0.0,0.0,0.0,0.0
NIPPON_STEEL_JP,Nippon Steel,CAND-EF9F86F64A1C2A,P3,PORT-00B029BF7478,ACCELERATED_15C,True,True,True,459.478949,100,84.276526,1.785862,84.276526,1.785862,20.585411,2.4065,38723.289333,820.56637,48181.852667,847.517531,32153.0,0.0,62460.432333,820.56637,23737.143,0.0,8871.056333,61.220131,49.680003,1.269584,0.0,0.0,0.0,0.0,0.0,0.0
NIPPON_STEEL_JP,Nippon Steel,CAND-BCE0067D428D60,P2,PORT-00B029BF7478,DISCLOSED_PATH,True,True,True,459.478949,100,98.556933,2.275468,98.556933,2.275468,24.626281,3.230447,45284.836,1045.52907,56600.093667,1064.598899,32153.0,0.0,61369.223667,1045.529122,16084.388,0.0,5065.348667,35.233902,75.7643,2.378563,0.0,0.0,0.0,0.0,0.0,0.0
NIPPON_STEEL_JP,Nippon Steel,CAND-BCE0067D428D60,P2,PORT-00B029BF7478,ACCELERATED_15C,True,True,True,459.478949,100,89.438478,2.297499,89.438478,2.297499,26.354008,3.191867,41095.098,1055.652189,53204.21,1112.067655,32153.0,0.0,64832.240333,1055.652726,23737.143,0.0,6526.203667,68.270341,54.841955,1.757667,0.0,0.0,0.0,0.0,0.0,0.0
NIPPON_STEEL_JP,Nippon Steel,CAND-F940A5016FE44E,P1,PORT-00B029BF7478,DISCLOSED_PATH,True,True,True,459.478949,100,101.005497,2.600465,101.005497,2.600465,28.501187,3.632522,46409.899667,1194.858983,59505.594333,1254.471071,32153.0,0.0,62494.287333,1194.859443,16084.388,0.0,3988.928,95.21287,78.212864,2.7006,0.0,0.0,0.0,0.0,0.0,0.0
NIPPON_STEEL_JP,Nippon Steel,CAND-F940A5016FE44E,P1,PORT-00B029BF7478,ACCELERATED_15C,True,True,True,459.478949,100,93.045873,2.685719,93.045873,2.685719,30.866664,3.824684,42752.619667,1234.031173,56935.202333,1341.238742,32153.0,0.0,66489.762667,1234.031173,23737.143,0.0,4923.424,120.041075,58.44935,2.143169,0.0,0.0,0.0,0.0,0.0,0.0
NIPPON_STEEL_JP,Nippon Steel,CAND-1F99EBB5AE8665,P3,PORT-05EE518306D9,DISCLOSED_PATH,True,True,True,460.828943,100,101.201034,0.618443,101.201034,0.618443,19.128985,1.683634,46636.365,284.996727,55451.555333,969.537969,31741.6,0.0,62768.959,284.996727,16132.594,0.0,6847.294667,51.645277,78.408401,0.608774,0.0,0.0,0.0,0.0,0.0,0.0
NIPPON_STEEL_JP,Nippon Steel,CAND-1F99EBB5AE8665,P3,PORT-05EE518306D9,ACCELERATED_15C,True,True,True,460.828943,100,90.447696,0.787267,90.447696,0.787267,19.99223,1.944611,41680.916,362.795407,50893.914333,996.522569,31741.6,0.0,65485.25,362.795407,23804.334,0.0,9137.383667,55.073753,55.851174,0.200864,0.0,0.0,0.0,0.0,0.0,0.0
NIPPON_STEEL_JP,Nippon Steel,CAND-7BA4793B4CD2AC,P2,PORT-05EE518306D9,DISCLOSED_PATH,True,True,True,460.828943,100,105.211607,0.747712,105.211607,0.747712,23.926759,2.170118,48484.553333,344.567578,59510.697,1231.178238,31741.6,0.0,64617.147333,344.567578,16132.594,0.0,5168.901333,97.412368,82.418974,0.739978,0.0,0.0,0.0,0.0,0.0,0.0
NIPPON_STEEL_JP,Nippon Steel,CAND-7BA4793B4CD2AC,P2,PORT-05EE518306D9,ACCELERATED_15C,True,True,True,460.828943,100,96.244462,1.049812,96.244462,1.049812,25.570247,2.814213,44352.233333,483.783892,56135.743333,1347.631409,31741.6,0.0,68156.567667,483.783605,23804.334,0.0,6658.645,109.30152,61.647939,0.39752,0.0,0.0,0.0,0.0,0.0,0.0
NIPPON_STEEL_JP,Nippon Steel,CAND-C51D410B54BFD5,P3,PORT-5DE4D9A04480,DISCLOSED_PATH,True,True,True,461.703943,100,103.694241,0.305308,103.694241,0.305308,21.308775,3.728615,47876.04,140.962249,57714.385667,1822.536763,29609.8,0.0,64042.860333,140.961814,16166.82,0.0,6753.381,85.952892,80.901608,0.191488,0.0,0.0,0.0,0.0,0.0,0.0
NIPPON_STEEL_JP,Nippon Steel,CAND-C51D410B54BFD5,P3,PORT-5DE4D9A04480,ACCELERATED_15C,True,True,True,461.703943,100,93.107067,0.410981,93.107067,0.410981,22.274989,3.791617,42987.900333,189.75199,53272.350667,1786.221492,29609.8,0.0,66840.434667,189.75142,23852.534,0.0,9103.464667,100.392837,58.510545,1.250669,0.0,0.0,0.0,0.0,0.0,0.0
NIPPON_STEEL_JP,Nippon Steel,CAND-CA2E4138D9BC07,P1,PORT-05EE518306D9,DISCLOSED_PATH,True,True,True,460.828943,100,108.106269,0.854534,108.106269,0.854534,27.578256,2.493863,49818.497667,393.794073,62527.356,1435.697687,31741.6,0.0,65951.091667,393.794073,16132.594,0.0,3977.689333,78.990848,85.313636,0.839225,0.0,0.0,0.0,0.0,0.0,0.0
NIPPON_STEEL_JP,Nippon Steel,CAND-CA2E4138D9BC07,P1,PORT-05EE518306D9,ACCELERATED_15C,True,True,True,460.828943,100,100.308587,1.269954,100.308587,1.269954,30.021151,3.58261,46225.1,585.23111,60059.715,1678.079296,31741.6,0.0,70029.434667,585.231419,23804.334,0.0,4901.894,98.075747,65.712064,0.584859,0.0,0.0,0.0,0.0,0.0,0.0
NIPPON_STEEL_JP,Nippon Steel,CAND-33480771F67BD6,P2,PORT-5DE4D9A04480,DISCLOSED_PATH,True,True,True,461.703943,100,107.704028,0.363298,107.704028,0.363298,26.769381,4.675724,49727.374333,167.736196,62086.903667,2261.231255,29609.8,0.0,65894.195333,167.736196,16166.82,0.0,4950.379,108.594619,84.911396,0.258451,0.0,0.0,0.0,0.0,0.0,0.0
NIPPON_STEEL_JP,Nippon Steel,CAND-33480771F67BD6,P2,PORT-5DE4D9A04480,ACCELERATED_15C,True,True,True,461.703943,100,99.104035,0.503941,99.104035,0.503941,28.42341,4.871577,45756.724,232.671411,58879.924,2239.414546,29609.8,0.0,69609.258,232.671411,23852.534,0.0,6407.674333,153.86708,64.507512,1.369312,0.0,0.0,0.0,0.0,0.0,0.0
NIPPON_STEEL_JP,Nippon Steel,CAND-1D35A6D7D808A4,P1,PORT-5DE4D9A04480,DISCLOSED_PATH,True,True,True,461.703943,100,110.553458,0.435265,110.553458,0.435265,30.9865,5.444406,51042.967667,200.963417,65349.557,2599.424891,29609.8,0.0,67209.787667,200.963417,16166.82,0.0,3690.328,95.275403,87.760825,0.348155,0.0,0.0,0.0,0.0,0.0,0.0
NIPPON_STEEL_JP,Nippon Steel,CAND-1D35A6D7D808A4,P1,PORT-5DE4D9A04480,ACCELERATED_15C,True,True,True,461.703943,100,103.273777,0.604257,103.273777,0.604257,33.231947,5.762284,47681.91,278.987809,63025.231,2596.239012,29609.8,0.0,71534.444,278.987809,23852.534,0.0,4538.672333,113.835098,68.677254,1.482177,0.0,0.0,0.0,0.0,0.0,0.0
NIPPON_STEEL_JP,Nippon Steel,CAND-3DE8D6197F9834,P3,PORT-7F141003EFD9,DISCLOSED_PATH,True,True,True,466.428943,100,116.87874,0.46492,116.87874,0.46492,22.337802,3.678109,54515.627333,216.851861,64934.624667,1799.913693,32414.8,0.0,70846.135667,216.851858,16330.508,0.0,7672.407667,79.399248,94.086108,0.363262,0.0,0.0,0.0,0.0,0.0,0.0
NIPPON_STEEL_JP,Nippon Steel,CAND-3DE8D6197F9834,P3,PORT-7F141003EFD9,ACCELERATED_15C,True,True,True,466.428943,100,106.73212,0.427773,106.73212,0.427773,23.484185,4.414549,49782.95,199.5256,60736.653667,1953.566346,32414.8,0.0,73880.495,199.5256,24097.545,0.0,10370.871333,74.527714,72.135597,1.3045,0.0,0.0,0.0,0.0,0.0,0.0
NIPPON_STEEL_JP,Nippon Steel,CAND-C4C9319CE1829D,P2,PORT-7F141003EFD9,DISCLOSED_PATH,True,True,True,466.428943,100,121.521464,0.575543,121.521464,0.575543,28.067574,4.690846,56681.127667,268.450142,69772.657,2274.158679,32414.8,0.0,73011.636667,268.450142,16330.508,0.0,5578.889333,102.230832,98.728832,0.48033,0.0,0.0,0.0,0.0,0.0,0.0
NIPPON_STEEL_JP,Nippon Steel,CAND-C4C9319CE1829D,P2,PORT-7F141003EFD9,ACCELERATED_15C,True,True,True,466.428943,100,113.535742,0.511025,113.535742,0.511025,30.333071,5.786869,52956.356,238.356968,67104.578333,2536.400056,32414.8,0.0,77053.901333,238.356864,24097.545,0.0,7267.695333,128.399615,78.939219,1.372814,0.0,0.0,0.0,0.0,0.0,0.0
NIPPON_STEEL_JP,Nippon Steel,CAND-D862A4AE5F72FA,P3,PORT-93BA44A86FDE,DISCLOSED_PATH,True,True,True,468.703944,100,122.748453,0.191306,122.748453,0.191306,24.36652,3.801355,57532.684333,89.666008,68953.368333,1778.629363,31966.0,0.0,73944.021333,89.666008,16411.337,0.0,7871.309667,75.004848,99.955821,0.26189,0.0,0.0,0.0,0.0,0.0,0.0
NIPPON_STEEL_JP,Nippon Steel,CAND-D862A4AE5F72FA,P3,PORT-93BA44A86FDE,ACCELERATED_15C,True,True,True,468.703944,100,112.739656,0.623196,112.739656,0.623196,25.939316,3.595504,52841.521,292.094518,64999.381,1667.05716,31966.0,0.0,77059.171,292.094518,24217.65,0.0,10703.341667,78.200693,78.143133,0.347527,0.0,0.0,0.0,0.0,0.0,0.0
NIPPON_STEEL_JP,Nippon Steel,CAND-7F68777647A3B1,P1,PORT-7F141003EFD9,DISCLOSED_PATH,True,True,True,466.428943,100,124.805762,0.652369,124.805762,0.652369,32.461729,5.526842,58213.019333,304.283504,73354.109667,2664.927733,32414.8,0.0,74543.528,304.28342,16330.508,0.0,4150.078667,123.191353,102.013129,0.56241,0.0,0.0,0.0,0.0,0.0,0.0
NIPPON_STEEL_JP,Nippon Steel,CAND-7F68777647A3B1,P1,PORT-7F141003EFD9,ACCELERATED_15C,True,True,True,466.428943,100,118.223374,0.54786,118.223374,0.54786,35.810356,6.879616,55142.803333,255.538223,71845.789333,3019.904546,32414.8,0.0,79240.348667,255.537812,24097.545,0.0,5126.665667,154.587094,83.626851,1.39998,0.0,0.0,0.0,0.0,0.0,0.0
NIPPON_STEEL_JP,Nippon Steel,CAND-505DC50EEE65AA,P2,PORT-93BA44A86FDE,DISCLOSED_PATH,True,True,True,468.703944,100,127.698167,0.260007,127.698167,0.260007,30.640702,4.790288,59852.634667,121.86642,74214.052333,2208.717875,31966.0,0.0,76263.971667,121.86642,16411.337,0.0,5630.828667,100.720556,104.905534,0.349778,0.0,0.0,0.0,0.0,0.0,0.0
NIPPON_STEEL_JP,Nippon Steel,CAND-505DC50EEE65AA,P2,PORT-93BA44A86FDE,ACCELERATED_15C,True,True,True,468.703944,100,120.06563,0.872952,120.06563,0.872952,33.279471,4.590662,56275.234333,409.155551,71873.453667,2081.196594,31966.0,0.0,80492.884333,409.155551,24217.65,0.0,7351.848,164.977232,85.469107,0.376645,0.0,0.0,0.0,0.0,0.0,0.0
NIPPON_STEEL_JP,Nippon Steel,CAND-0B64D3C56ED2FD,P1,PORT-93BA44A86FDE,DISCLOSED_PATH,True,True,True,468.703944,100,131.129747,0.326863,131.129747,0.326863,35.52169,5.461235,61461.029333,153.201907,78110.185333,2531.99991,31966.0,0.0,77872.366333,153.201907,16411.337,0.0,4114.449,93.096011,108.337114,0.404905,0.0,0.0,0.0,0.0,0.0,0.0
NIPPON_STEEL_JP,Nippon Steel,CAND-0B64D3C56ED2FD,P1,PORT-93BA44A86FDE,ACCELERATED_15C,True,True,True,468.703944,100,125.174518,1.034223,125.174518,1.034223,38.995356,5.37826,58669.790333,484.744365,76947.067333,2407.25095,31966.0,0.0,82887.440333,484.744365,24217.65,0.0,5082.669333,119.189586,90.577995,0.516466,0.0,0.0,0.0,0.0,0.0,0.0
NIPPON_STEEL_JP,Nippon Steel,CAND-EBFD77804A64A5,P3,PORT-7CA9F3BA0776,DISCLOSED_PATH,True,True,True,473.428944,100,135.550041,1.141539,135.550041,1.141539,25.108155,3.735163,64173.313333,540.437716,76060.239667,1511.837891,34771.0,0.0,80748.337333,540.437716,16575.025,0.0,8777.988,60.355923,112.757408,1.243572,0.0,0.0,0.0,0.0,0.0,0.0
NIPPON_STEEL_JP,Nippon Steel,CAND-EBFD77804A64A5,P3,PORT-7CA9F3BA0776,ACCELERATED_15C,True,True,True,473.428944,100,126.101928,1.471615,126.101928,1.471615,26.747682,4.494062,59700.302667,696.704726,72363.429,1694.534762,34771.0,0.0,84162.963667,696.704726,24462.661,0.0,11989.894333,83.703877,91.505405,1.243088,0.0,0.0,0.0,0.0,0.0,0.0
NIPPON_STEEL_JP,Nippon Steel,CAND-BF06102F6003FE,P2,PORT-7CA9F3BA0776,DISCLOSED_PATH,True,True,True,473.428944,100,141.012409,1.462821,141.012409,1.462821,31.732375,4.734458,66759.356,692.541932,81782.380333,1920.341514,34771.0,0.0,83334.380333,692.541475,16575.025,0.0,6275.157,94.197854,118.219776,1.563114,0.0,0.0,0.0,0.0,0.0,0.0
NIPPON_STEEL_JP,Nippon Steel,CAND-BF06102F6003FE,P2,PORT-7CA9F3BA0776,ACCELERATED_15C,True,True,True,473.428944,100,134.31439,1.840205,134.31439,1.840205,34.54446,5.774552,63588.319667,871.206399,79942.667,2205.895874,34771.0,0.0,88050.980667,871.206399,24462.661,0.0,8238.829333,110.044762,99.717867,1.544502,0.0,0.0,0.0,0.0,0.0,0.0
NIPPON_STEEL_JP,Nippon Steel,CAND-7431CBC596FC03,P1,PORT-7CA9F3BA0776,DISCLOSED_PATH,True,True,True,473.428944,100,144.864197,1.64447,144.864197,1.64447,36.778683,5.618087,68582.903667,778.539611,85994.997,2270.590552,34771.0,0.0,85157.928667,778.539611,16575.025,0.0,4551.551,118.499143,122.071565,1.747855,0.0,0.0,0.0,0.0,0.0,0.0
NIPPON_STEEL_JP,Nippon Steel,CAND-7431CBC596FC03,P1,PORT-7CA9F3BA0776,ACCELERATED_15C,True,True,True,473.428944,100,139.982226,2.07112,139.982226,2.07112,40.621544,6.820079,66271.637333,980.527882,85503.052,2635.40212,34771.0,0.0,90734.298333,980.527882,24462.661,0.0,5646.54,145.45941,105.385703,1.75021,0.0,0.0,0.0,0.0,0.0,0.0
NIPPON_STEEL_JP,Nippon Steel,CAND-FCEB78D7C5F4C6,P1,PORT-7DCD4991144C,DISCLOSED_PATH,True,True,True,313.643967,100,22.79683,0.127037,22.79683,0.127037,10.53752,1.35323,7150.088333,39.844098,10455.117667,461.335476,19427.1,0.0,18119.950667,39.844676,10969.862,0.0,1681.472667,10.954625,0.004198,0.007271,0.0,0.0,0.0,0.0,0.0,0.0
NIPPON_STEEL_JP,Nippon Steel,CAND-FCEB78D7C5F4C6,P1,PORT-7DCD4991144C,ACCELERATED_15C,False,False,True,313.643967,100,9.15991,0.231033,9.15991,0.231033,11.084551,1.827881,2872.950333,72.462303,6349.553,641.223278,19427.1,0.0,19015.963,72.461728,16143.013,0.0,2017.767333,13.145963,-25.436613,0.922153,0.0,0.0,0.0,0.0,0.0,0.0
NIPPON_STEEL_JP,Nippon Steel,CAND-87B9435721978E,P1,PORT-5CFD50239439,DISCLOSED_PATH,True,True,True,321.473932,100,23.062233,0.56017,23.062233,0.56017,10.735266,0.876109,7413.906333,180.079959,10865.014667,279.521437,19052.0,0.0,18663.363,180.080219,11249.456,0.0,1677.436667,26.654578,0.2696,0.429232,0.0,0.0,0.0,0.0,0.0,0.0
NIPPON_STEEL_JP,Nippon Steel,CAND-87B9435721978E,P1,PORT-5CFD50239439,ACCELERATED_15C,False,False,True,321.473932,100,9.366657,0.500243,9.366657,0.500243,11.511306,0.838014,3011.136,160.815511,6711.720667,362.380548,19052.0,0.0,19543.86,160.815511,16532.724,0.0,2012.924333,31.985092,-25.229866,1.130304,0.0,0.0,0.0,0.0,0.0,0.0
NIPPON_STEEL_JP,Nippon Steel,CAND-23459FF23C9DCD,P1,PORT-032FE0BDCFB5,DISCLOSED_PATH,True,True,True,326.198932,100,44.100142,0.162461,44.100142,0.162461,14.038842,1.559543,14385.419,52.994628,18964.874333,504.463356,21857.0,0.0,25798.563333,52.994465,11413.144,0.0,2131.051333,13.004802,21.307509,0.265939,0.0,0.0,0.0,0.0,0.0,0.0
NIPPON_STEEL_JP,Nippon Steel,CAND-23459FF23C9DCD,P1,PORT-032FE0BDCFB5,ACCELERATED_15C,False,False,True,326.198932,100,31.782297,0.273451,31.782297,0.273451,15.210231,1.676402,10367.351333,89.199106,15328.912333,523.92981,21857.0,0.0,27145.086,89.199522,16777.735,0.0,2597.787333,15.975258,-2.814225,0.683564,0.0,0.0,0.0,0.0,0.0,0.0
NIPPON_STEEL_JP,Nippon Steel,CAND-7F997B0F0381A1,P1,PORT-85B082834E97,DISCLOSED_PATH,True,True,True,318.368967,100,44.413507,0.557878,44.413507,0.557878,14.269785,1.709256,14139.882333,177.611383,18682.939,519.336068,22232.1,0.0,25273.432667,177.610943,11133.55,0.0,2153.65,16.561448,21.620874,0.658045,0.0,0.0,0.0,0.0,0.0,0.0
NIPPON_STEEL_JP,Nippon Steel,CAND-7F997B0F0381A1,P1,PORT-85B082834E97,ACCELERATED_15C,False,False,True,318.368967,100,32.126959,0.592024,32.126959,0.592024,15.545487,1.452808,10228.227,188.48174,15177.427333,446.135903,22232.1,0.0,26616.250667,188.481897,16388.024,0.0,2623.989333,18.553227,-2.469563,0.526318,0.0,0.0,0.0,0.0,0.0,0.0
NIPPON_STEEL_JP,Nippon Steel,CAND-9EF16DBB46004F,P1,PORT-833EEC5002A6,DISCLOSED_PATH,True,True,True,369.073938,100,50.652642,0.617154,50.652642,0.617154,16.089917,1.628027,18694.57,227.775382,24632.938667,734.85855,23556.5,0.0,31606.739,227.775382,12912.169,0.0,2467.607,41.539565,27.860009,0.639797,0.0,0.0,0.0,0.0,0.0,0.0
NIPPON_STEEL_JP,Nippon Steel,CAND-9EF16DBB46004F,P1,PORT-833EEC5002A6,ACCELERATED_15C,False,False,True,369.073938,100,38.868006,0.871325,38.868006,0.871325,17.940786,1.921363,14345.168333,321.583537,20966.644667,779.206986,23556.5,0.0,33360.678333,321.583537,19015.51,0.0,2998.724,50.138088,4.271484,0.372837,0.0,0.0,0.0,0.0,0.0,0.0
NIPPON_STEEL_JP,Nippon Steel,CAND-BF076556907246,P1,PORT-10D90F59290D,DISCLOSED_PATH,True,True,True,361.243973,100,51.714439,0.652319,51.714439,0.652319,15.906848,1.604613,18681.529667,235.64615,24427.782333,635.286686,23931.6,0.0,31314.103667,235.64615,12632.575,0.0,2474.304,49.872437,28.921806,0.734602,0.0,0.0,0.0,0.0,0.0,0.0
NIPPON_STEEL_JP,Nippon Steel,CAND-BF076556907246,P1,PORT-10D90F59290D,ACCELERATED_15C,False,False,True,361.243973,100,39.759388,1.045442,39.759388,1.045442,17.734972,1.880221,14362.839333,377.659701,20769.491333,690.808398,23931.6,0.0,32988.638,377.659845,18625.799,0.0,3009.887333,60.611567,5.162865,0.629069,0.0,0.0,0.0,0.0,0.0,0.0
NIPPON_STEEL_JP,Nippon Steel,CAND-E6E6E810AB390A,P1,PORT-20A3A9F442CD,DISCLOSED_PATH,True,True,True,341.668938,100,51.633028,0.66454,51.633028,0.66454,16.773757,1.476655,17641.401667,227.052928,23372.473667,731.497266,20999.0,0.0,29604.181333,227.052757,11962.779,0.0,2072.961667,43.854078,28.840395,0.576339,0.0,0.0,0.0,0.0,0.0,0.0
NIPPON_STEEL_JP,Nippon Steel,CAND-E6E6E810AB390A,P1,PORT-20A3A9F442CD,ACCELERATED_15C,False,False,True,341.668938,100,40.018999,0.55624,40.018999,0.55624,18.611695,1.834468,13673.248667,190.049972,20032.287,766.086278,20999.0,0.0,31267.695333,190.049914,17594.446,0.0,2527.983333,57.315384,5.422476,0.367762,0.0,0.0,0.0,0.0,0.0,0.0
NIPPON_STEEL_JP,Nippon Steel,CAND-D5FFDB7EE708DF,P1,PORT-FFBC6AEA16BA,DISCLOSED_PATH,True,True,True,333.838973,100,52.65728,0.325337,52.65728,0.325337,16.450684,1.721015,17579.052333,108.610211,23070.931667,652.705839,21374.1,0.0,29262.237333,108.610211,11683.185,0.0,2083.322,56.983102,29.864648,0.339687,0.0,0.0,0.0,0.0,0.0,0.0
NIPPON_STEEL_JP,Nippon Steel,CAND-D5FFDB7EE708DF,P1,PORT-FFBC6AEA16BA,ACCELERATED_15C,False,False,True,333.838973,100,41.085854,0.604897,41.085854,0.604897,18.304434,1.863206,13716.059333,201.938456,19826.793,681.551948,21374.1,0.0,30920.794333,201.938456,17204.735,0.0,2541.154667,71.867254,6.489331,0.347465,0.0,0.0,0.0,0.0,0.0,0.0
NIPPON_STEEL_JP,Nippon Steel,CAND-7C97E5CB4322B2,P3,PORT-A38E7AB93504,DISCLOSED_PATH,True,True,True,373.798938,100,65.305758,0.649966,65.305758,0.649966,13.670384,1.24033,24411.223,242.956859,29521.198333,439.580515,26361.5,0.0,37487.079667,242.957068,13075.857,0.0,4174.304667,35.452603,42.513125,0.732703,0.0,0.0,0.0,0.0,0.0,0.0
NIPPON_STEEL_JP,Nippon Steel,CAND-7C97E5CB4322B2,P3,PORT-A38E7AB93504,ACCELERATED_15C,False,False,True,373.798938,100,53.375219,0.685013,53.375219,0.685013,14.820693,1.495576,19951.600333,256.05753,25491.559333,507.312348,26361.5,0.0,39212.121333,256.05753,19260.521,0.0,5397.946667,17.944173,18.778696,0.609045,0.0,0.0,0.0,0.0,0.0,0.0
NIPPON_STEEL_JP,Nippon Steel,CAND-D42C7F372720F7,P3,PORT-92BAA222AC4A,DISCLOSED_PATH,True,True,True,365.968973,100,66.180723,0.92531,66.180723,0.92531,13.801934,1.66695,24220.091,338.63486,29271.171,557.2421,26736.6,0.0,37016.353667,338.634926,12796.263,0.0,4206.085,15.182337,43.38809,1.028451,0.0,0.0,0.0,0.0,0.0,0.0
NIPPON_STEEL_JP,Nippon Steel,CAND-D42C7F372720F7,P3,PORT-92BAA222AC4A,ACCELERATED_15C,False,False,True,365.968973,100,54.185862,0.929953,54.185862,0.929953,15.107482,1.729521,19830.344667,340.333931,25359.214,591.559602,26736.6,0.0,38701.154,340.334477,18870.81,0.0,5425.994333,14.639237,19.58934,0.628124,0.0,0.0,0.0,0.0,0.0,0.0
NIPPON_STEEL_JP,Nippon Steel,CAND-67842A89ECECE4,P2,PORT-A38E7AB93504,DISCLOSED_PATH,True,True,True,373.798938,100,67.502084,0.826225,67.502084,0.826225,17.152625,1.561273,25232.207333,308.842243,31643.840333,544.82146,26361.5,0.0,38308.064,308.841672,13075.857,0.0,3430.544667,59.083051,44.709451,0.906232,0.0,0.0,0.0,0.0,0.0,0.0
NIPPON_STEEL_JP,Nippon Steel,CAND-67842A89ECECE4,P2,PORT-A38E7AB93504,ACCELERATED_15C,False,False,True,373.798938,100,56.481753,0.849917,56.481753,0.849917,18.876555,2.006494,21112.819333,317.698225,28168.855667,679.837014,26361.5,0.0,40373.340333,317.698225,19260.521,0.0,4306.124667,62.456213,21.88523,0.657709,0.0,0.0,0.0,0.0,0.0,0.0
NIPPON_STEEL_JP,Nippon Steel,CAND-59D7A6AFC21669,P2,PORT-9961527CE1F4,DISCLOSED_PATH,True,True,True,407.153943,100,67.583884,0.621288,67.583884,0.621288,17.714268,2.761085,27517.044667,252.960303,34729.479,1297.087076,24843.5,0.0,41775.032333,252.959754,14257.988,0.0,3392.912667,80.490524,44.791251,0.502067,0.0,0.0,0.0,0.0,0.0,0.0
NIPPON_STEEL_JP,Nippon Steel,CAND-59D7A6AFC21669,P2,PORT-9961527CE1F4,ACCELERATED_15C,False,False,True,407.153943,100,56.419245,0.433197,56.419245,0.433197,19.623912,3.09755,22971.318333,176.378045,30961.271,1433.892027,24843.5,0.0,43980.663333,176.378045,21009.345,0.0,4262.771,102.86314,21.822723,0.954137,0.0,0.0,0.0,0.0,0.0,0.0
NIPPON_STEEL_JP,Nippon Steel,CAND-73FBF939F237E6,P2,PORT-92BAA222AC4A,DISCLOSED_PATH,True,True,True,365.968973,100,68.409602,1.147163,68.409602,1.147163,17.353581,2.031747,25035.791667,419.825978,31386.664,701.864632,26736.6,0.0,37832.054333,419.826072,12796.263,0.0,3434.678667,41.209507,45.616969,1.245737,0.0,0.0,0.0,0.0,0.0,0.0
NIPPON_STEEL_JP,Nippon Steel,CAND-73FBF939F237E6,P2,PORT-92BAA222AC4A,ACCELERATED_15C,False,False,True,365.968973,100,57.410481,1.226569,57.410481,1.226569,19.142221,2.265219,21010.455,448.885961,28015.914,767.277426,26736.6,0.0,39881.265,448.885961,18870.81,0.0,4337.042,30.05958,22.813959,0.839642,0.0,0.0,0.0,0.0,0.0,0.0
NIPPON_STEEL_JP,Nippon Steel,CAND-E305EEE782C913,P1,PORT-A38E7AB93504,DISCLOSED_PATH,True,True,True,373.798938,100,69.104582,0.930271,69.104582,0.930271,20.083376,1.88279,25831.219333,347.734058,33338.363667,650.310042,26361.5,0.0,38907.075667,347.733858,13075.857,0.0,2908.553333,23.020793,46.311949,1.012465,0.0,0.0,0.0,0.0,0.0,0.0
NIPPON_STEEL_JP,Nippon Steel,CAND-E305EEE782C913,P1,PORT-A38E7AB93504,ACCELERATED_15C,False,False,True,373.798938,100,58.685914,1.005329,58.685914,1.005329,22.171154,2.285347,21936.732333,375.79075,30224.286,837.974623,26361.5,0.0,41197.253333,375.79075,19260.521,0.0,3566.306,31.655792,24.089391,0.682312,0.0,0.0,0.0,0.0,0.0,0.0
NIPPON_STEEL_JP,Nippon Steel,CAND-B22DEBDE0F4599,P1,PORT-9961527CE1F4,DISCLOSED_PATH,True,True,True,407.153943,100,69.116765,0.678755,69.116765,0.678755,20.79915,3.312345,28141.163333,276.357976,36609.619667,1549.34676,24843.5,0.0,42399.151333,276.357976,14257.988,0.0,2757.281333,68.592686,46.324133,0.556189,0.0,0.0,0.0,0.0,0.0,0.0
NIPPON_STEEL_JP,Nippon Steel,CAND-B22DEBDE0F4599,P1,PORT-9961527CE1F4,ACCELERATED_15C,False,False,True,407.153943,100,58.655971,0.49727,58.655971,0.49727,23.0785,3.62988,23882.01,202.465479,33278.512333,1677.560999,24843.5,0.0,44891.355333,202.465344,21009.345,0.0,3362.835,84.544836,24.059449,0.949141,0.0,0.0,0.0,0.0,0.0,0.0
NIPPON_STEEL_JP,Nippon Steel,CAND-62B732F24FF616,P1,PORT-92BAA222AC4A,DISCLOSED_PATH,True,True,True,365.968973,100,69.998113,1.255007,69.998113,1.255007,20.362053,2.291306,25617.137333,459.293566,33069.017333,781.631222,26736.6,0.0,38413.400333,459.293566,12796.263,0.0,2916.816333,44.119089,47.205481,1.352061,0.0,0.0,0.0,0.0,0.0,0.0
NIPPON_STEEL_JP,Nippon Steel,CAND-62B732F24FF616,P1,PORT-92BAA222AC4A,ACCELERATED_15C,False,False,True,365.968973,100,59.662127,1.461335,59.662127,1.461335,22.626939,2.788249,21834.487333,534.803048,30115.245,875.76436,26736.6,0.0,40705.297,534.803536,18870.81,0.0,3574.464,50.382772,25.065604,1.106319,0.0,0.0,0.0,0.0,0.0,0.0
NIPPON_STEEL_JP,Nippon Steel,CAND-54996F21D43414,P2,PORT-4025A7B6BA3A,DISCLOSED_PATH,True,True,True,379.748943,100,69.704086,0.744517,69.704086,0.744517,18.137933,3.171724,26470.053333,282.729293,33357.914,1316.318284,22286.0,0.0,39778.651333,282.729293,13308.598,0.0,2995.82,82.359139,46.911453,0.659571,0.0,0.0,0.0,0.0,0.0,0.0
NIPPON_STEEL_JP,Nippon Steel,CAND-54996F21D43414,P2,PORT-4025A7B6BA3A,ACCELERATED_15C,False,False,True,379.748943,100,58.667593,0.584149,58.667593,0.584149,19.843993,3.012822,22278.956333,221.829751,29814.692,1275.745631,22286.0,0.0,41867.238333,221.829751,19588.282,0.0,3781.96,99.871003,24.071071,1.324113,0.0,0.0,0.0,0.0,0.0,0.0
NIPPON_STEEL_JP,Nippon Steel,CAND-0CCB31C64DEB2F,P1,PORT-4025A7B6BA3A,DISCLOSED_PATH,True,True,True,379.748943,100,71.41289,0.832257,71.41289,0.832257,21.089773,3.642065,27118.969667,316.048804,35127.788333,1536.004748,22286.0,0.0,40427.567333,316.04834,13308.598,0.0,2415.243,68.587101,48.620257,0.737509,0.0,0.0,0.0,0.0,0.0,0.0
NIPPON_STEEL_JP,Nippon Steel,CAND-0CCB31C64DEB2F,P1,PORT-4025A7B6BA3A,ACCELERATED_15C,False,False,True,379.748943,100,61.003262,0.656554,61.003262,0.656554,23.30133,3.557895,23165.924,249.3255,32014.579333,1495.638672,22286.0,0.0,42754.206,249.3255,19588.282,0.0,2953.609667,80.274468,26.406739,1.387549,0.0,0.0,0.0,0.0,0.0,0.0
NIPPON_STEEL_JP,Nippon Steel,CAND-43ED54F71B5B31,P2,PORT-00A7244DC13E,DISCLOSED_PATH,True,True,True,366.843974,100,73.049665,0.374516,73.049665,0.374516,17.752356,2.154824,26797.829333,137.389098,33310.174333,926.748024,24604.8,0.0,39628.318667,137.389161,12830.489,0.0,3231.094333,63.006485,50.257033,0.273004,0.0,0.0,0.0,0.0,0.0,0.0
NIPPON_STEEL_JP,Nippon Steel,CAND-43ED54F71B5B31,P2,PORT-00A7244DC13E,ACCELERATED_15C,False,False,True,366.843974,100,61.981462,0.655992,61.981462,0.655992,19.875952,2.738963,22737.526,240.646943,30028.899333,1043.021342,24604.8,0.0,41656.535667,240.647362,18919.01,0.0,4093.717,75.669304,27.38494,0.232588,0.0,0.0,0.0,0.0,0.0,0.0
NIPPON_STEEL_JP,Nippon Steel,CAND-450CB289C8C9D2,P1,PORT-00A7244DC13E,DISCLOSED_PATH,True,True,True,366.843974,100,74.834733,0.40211,74.834733,0.40211,20.820563,2.642119,27452.671,147.511546,35090.569,1112.568881,24604.8,0.0,40283.16,147.511546,12830.489,0.0,2624.955667,43.956919,52.042101,0.312754,0.0,0.0,0.0,0.0,0.0,0.0
NIPPON_STEEL_JP,Nippon Steel,CAND-450CB289C8C9D2,P1,PORT-00A7244DC13E,ACCELERATED_15C,False,False,True,366.843974,100,64.463154,0.811128,64.463154,0.811128,23.511457,3.505838,23647.919333,297.557916,32272.955667,1278.253452,24604.8,0.0,42566.929,297.557341,18919.01,0.0,3206.679,54.078052,29.866631,0.253202,0.0,0.0,0.0,0.0,0.0,0.0
NIPPON_STEEL_JP,Nippon Steel,CAND-0E307C2CAB5D7A,P2,PORT-792EEE640306,DISCLOSED_PATH,True,True,True,339.438974,100,75.576958,0.522821,75.576958,0.522821,18.957062,2.924561,25653.765,177.465837,32088.531,1143.498554,22047.3,0.0,37534.864667,177.466033,11881.1,0.0,2852.568333,56.841795,52.784325,0.397119,0.0,0.0,0.0,0.0,0.0,0.0
NIPPON_STEEL_JP,Nippon Steel,CAND-0E307C2CAB5D7A,P2,PORT-792EEE640306,ACCELERATED_15C,False,False,True,339.438974,100,64.91274,0.372499,64.91274,0.372499,20.778351,2.948417,22033.913667,126.440332,29086.896,1120.621112,22047.3,0.0,39531.86,126.440771,17497.946,0.0,3631.465667,72.43119,30.316217,0.752249,0.0,0.0,0.0,0.0,0.0,0.0
NIPPON_STEEL_JP,Nippon Steel,CAND-BB1980A1B6CB5D,P1,PORT-0650AB6C64AE,DISCLOSED_PATH,True,True,True,408.503937,100,76.391519,0.94139,76.391519,0.94139,21.938603,3.21387,31206.236,384.561581,40168.242333,1580.675066,24432.1,0.0,45512.43,384.561581,14306.193,0.0,2750.657,71.983001,53.598887,0.834231,0.0,0.0,0.0,0.0,0.0,0.0
NIPPON_STEEL_JP,Nippon Steel,CAND-BB1980A1B6CB5D,P1,PORT-0650AB6C64AE,ACCELERATED_15C,False,False,True,408.503937,100,66.443641,1.342281,66.443641,1.342281,24.170628,3.674215,27142.489,548.327392,37016.285667,1868.937314,24432.1,0.0,48219.026333,548.326921,21076.537,0.0,3352.615333,89.513615,31.847119,1.968279,0.0,0.0,0.0,0.0,0.0,0.0
NIPPON_STEEL_JP,Nippon Steel,CAND-51563CC4DFE733,P1,PORT-792EEE640306,DISCLOSED_PATH,True,True,True,339.438974,100,77.448664,0.539839,77.448664,0.539839,22.167236,3.57287,26289.095,183.242217,33813.519,1364.331095,22047.3,0.0,38170.194667,183.242394,11881.1,0.0,2255.376,44.949557,54.656032,0.415586,0.0,0.0,0.0,0.0,0.0,0.0
NIPPON_STEEL_JP,Nippon Steel,CAND-51563CC4DFE733,P1,PORT-792EEE640306,ACCELERATED_15C,False,False,True,339.438974,100,67.537727,0.424074,67.537727,0.424074,24.444844,3.494901,22924.936667,143.947489,31222.469667,1307.81938,22047.3,0.0,40422.883,143.946914,17497.946,0.0,2760.098333,58.391678,32.941205,0.639278,0.0,0.0,0.0,0.0,0.0,0.0
NIPPON_STEEL_JP,Nippon Steel,CAND-478F19D65CB3E6,P2,PORT-760BEDA2ECE0,DISCLOSED_PATH,True,True,True,326.243969,100,78.414584,0.448751,78.414584,0.448751,19.202017,2.747395,25582.285333,146.402146,31846.827667,1024.865108,22456.5,0.0,36994.578667,146.402723,11412.293,0.0,2874.430667,52.814688,55.621952,0.318406,0.0,0.0,0.0,0.0,0.0,0.0
NIPPON_STEEL_JP,Nippon Steel,CAND-478F19D65CB3E6,P2,PORT-760BEDA2ECE0,ACCELERATED_15C,False,False,True,326.243969,100,67.8457,0.374757,67.8457,0.374757,21.304202,3.177097,22134.250333,122.262486,29084.617667,1144.662573,22456.5,0.0,38935.589667,122.261914,16801.339,0.0,3656.799667,67.087634,33.249177,0.67769,0.0,0.0,0.0,0.0,0.0,0.0
NIPPON_STEEL_JP,Nippon Steel,CAND-97FAAFFD87E907,P1,PORT-160DD6C4A97F,DISCLOSED_PATH,False,True,False,442.153947,100,46.802908,0.613168,46.802908,0.613168,15.263174,1.294225,20694.091,271.114569,27442.763333,810.545959,26318.6,0.0,36172.36,271.114569,15478.269,0.0,2965.896,63.081152,24.010276,0.579022,0.0,0.0,0.0,0.0,0.0,0.0
NIPPON_STEEL_JP,Nippon Steel,CAND-97FAAFFD87E907,P1,PORT-160DD6C4A97F,ACCELERATED_15C,True,True,True,442.153947,100,34.596523,0.879559,34.596523,0.879559,16.934715,1.363758,15296.989333,388.900071,22784.740333,801.060848,26318.6,0.0,38130.794,388.900157,22833.805,0.0,3598.224667,81.764005,0.0,0.0,0.0,0.0,0.0,0.0,0.0,0.0
NIPPON_STEEL_JP,Nippon Steel,CAND-32B1C4DEC95227,P3,PORT-0ACD636A8AEE,DISCLOSED_PATH,False,True,False,446.878947,100,58.676159,0.736033,58.676159,0.736033,12.766158,1.142515,26221.140667,328.917851,31926.067667,479.489712,29123.6,0.0,41863.097333,328.918095,15641.957,0.0,4705.606333,53.261617,35.883527,0.811553,0.0,0.0,0.0,0.0,0.0,0.0
NIPPON_STEEL_JP,Nippon Steel,CAND-32B1C4DEC95227,P3,PORT-0ACD636A8AEE,ACCELERATED_15C,True,True,True,446.878947,100,46.461101,0.877434,46.461101,0.877434,13.977432,1.244386,20762.488,392.107065,27008.707667,557.129491,29123.6,0.0,43841.304,392.107065,23078.816,0.0,6014.374667,54.944097,11.864579,0.552729,0.0,0.0,0.0,0.0,0.0,0.0
NIPPON_STEEL_JP,Nippon Steel,CAND-2E3E235F5F3F44,P2,PORT-0ACD636A8AEE,DISCLOSED_PATH,False,True,False,446.878947,100,60.534061,0.944893,60.534061,0.944893,16.045566,1.459347,27051.397333,422.252671,34221.823,600.44729,29123.6,0.0,42693.354333,422.252671,15641.957,0.0,3936.677667,64.528808,37.741428,1.022605,0.0,0.0,0.0,0.0,0.0,0.0
NIPPON_STEEL_JP,Nippon Steel,CAND-2E3E235F5F3F44,P2,PORT-0ACD636A8AEE,ACCELERATED_15C,True,True,True,446.878947,100,49.092044,1.121838,49.092044,1.121838,17.627606,1.592789,21938.201,501.326419,29815.606667,719.250707,29123.6,0.0,45017.016667,501.325867,23078.816,0.0,4930.505333,84.903147,14.495521,0.701925,0.0,0.0,0.0,0.0,0.0,0.0
NIPPON_STEEL_JP,Nippon Steel,CAND-8A32EE77ABBE07,P1,PORT-0ACD636A8AEE,DISCLOSED_PATH,False,True,False,446.878947,100,61.8539,1.090414,61.8539,1.090414,18.974325,1.737616,27641.206,487.283114,36120.432,727.785537,29123.6,0.0,43283.162667,487.283312,15641.957,0.0,3401.112333,60.329952,39.061268,1.17222,0.0,0.0,0.0,0.0,0.0,0.0
NIPPON_STEEL_JP,Nippon Steel,CAND-8A32EE77ABBE07,P1,PORT-0ACD636A8AEE,ACCELERATED_15C,True,True,True,446.878947,100,50.969184,1.329793,50.969184,1.329793,20.686246,1.875008,22777.055,594.256467,32021.303,894.500692,29123.6,0.0,45855.870667,594.256593,23078.816,0.0,4163.029333,77.95233,16.372661,0.84659,0.0,0.0,0.0,0.0,0.0,0.0
NIPPON_STEEL_JP,Nippon Steel,CAND-0902F4B4859A1C,P2,PORT-1411E33E415A,DISCLOSED_PATH,False,True,False,447.753948,100,64.096696,0.523056,64.096696,0.523056,16.685308,2.191874,28699.548667,234.200061,36170.461,1193.646747,26991.8,0.0,44375.732,234.200637,15676.183,0.0,3740.439,85.81915,41.304063,0.392107,0.0,0.0,0.0,0.0,0.0,0.0
NIPPON_STEEL_JP,Nippon Steel,CAND-0902F4B4859A1C,P2,PORT-1411E33E415A,ACCELERATED_15C,True,True,True,447.753948,100,52.71736,0.493234,52.71736,0.493234,18.539196,2.537333,23604.406,220.847549,31905.404667,1330.915106,26991.8,0.0,46731.422,220.847549,23127.016,0.0,4678.015667,92.202276,18.120837,0.653401,0.0,0.0,0.0,0.0,0.0,0.0
NIPPON_STEEL_JP,Nippon Steel,CAND-009A19D2863AA5,P1,PORT-1411E33E415A,DISCLOSED_PATH,False,True,False,447.753948,100,65.526624,0.584253,65.526624,0.584253,19.647339,2.650207,29339.804333,261.601544,38136.977667,1436.243129,26991.8,0.0,45015.988333,261.601544,15676.183,0.0,3119.358667,86.658845,42.733991,0.454625,0.0,0.0,0.0,0.0,0.0,0.0
NIPPON_STEEL_JP,Nippon Steel,CAND-009A19D2863AA5,P1,PORT-1411E33E415A,ACCELERATED_15C,True,True,True,447.753948,100,54.768838,0.532473,54.768838,0.532473,21.933938,3.200528,24522.963333,238.416824,34343.971,1623.510228,26991.8,0.0,47649.979333,238.416824,23127.016,0.0,3797.036333,104.78527,20.172315,0.559059,0.0,0.0,0.0,0.0,0.0,0.0
NIPPON_STEEL_JP,Nippon Steel,CAND-BE3632C0C6EBCB,P1,PORT-28AC80454322,DISCLOSED_PATH,False,True,False,449.103942,100,71.968984,1.109358,71.968984,1.109358,21.274203,3.154377,32321.554333,498.217499,41875.883,1735.400986,26580.4,0.0,48045.943667,498.217053,15724.389,0.0,3109.678333,70.281617,49.176351,0.991591,0.0,0.0,0.0,0.0,0.0,0.0
NIPPON_STEEL_JP,Nippon Steel,CAND-BE3632C0C6EBCB,P1,PORT-28AC80454322,ACCELERATED_15C,True,True,True,449.103942,100,61.751837,1.569712,61.751837,1.569712,23.385478,3.745291,27732.993333,704.964026,38235.504,2022.711467,26580.4,0.0,50927.201,704.963528,23194.208,0.0,3784.391667,81.987959,27.155315,2.230304,0.0,0.0,0.0,0.0,0.0,0.0
NIPPON_STEEL_JP,Nippon Steel,CAND-4C03DDE7A8F948,P3,PORT-42FD0857B83C,DISCLOSED_PATH,False,True,False,452.478948,100,75.724867,0.560029,75.724867,0.560029,15.905005,1.722808,34263.908,253.401625,41460.587667,772.297444,29796.8,0.0,50103.779333,253.401275,15839.871,0.0,5534.570333,59.371977,52.932234,0.641596,0.0,0.0,0.0,0.0,0.0,0.0
NIPPON_STEEL_JP,Nippon Steel,CAND-4C03DDE7A8F948,P3,PORT-42FD0857B83C,ACCELERATED_15C,True,True,True,452.478948,100,63.966395,1.069762,63.966395,1.069762,17.077638,1.966295,28943.447,484.045263,36670.718333,650.375164,29796.8,0.0,52315.473667,484.044772,23372.027,0.0,7252.031333,47.909364,29.369872,0.888264,0.0,0.0,0.0,0.0,0.0,0.0
NIPPON_STEEL_JP,Nippon Steel,CAND-91BB5A02A7A61F,P2,PORT-42FD0857B83C,DISCLOSED_PATH,False,True,False,452.478948,100,78.428899,0.723961,78.428899,0.723961,19.919671,2.171216,35487.425667,327.577021,44500.657667,950.170385,29796.8,0.0,51327.297,327.577586,15839.871,0.0,4368.954667,41.427851,55.636266,0.810715,0.0,0.0,0.0,0.0,0.0,0.0
NIPPON_STEEL_JP,Nippon Steel,CAND-91BB5A02A7A61F,P2,PORT-42FD0857B83C,ACCELERATED_15C,True,True,True,452.478948,100,67.642145,1.52558,67.642145,1.52558,21.830447,2.441906,30606.647,690.293209,40484.464333,812.292383,29796.8,0.0,53978.674,690.293209,23372.027,0.0,5553.029667,74.51967,33.045623,1.147378,0.0,0.0,0.0,0.0,0.0,0.0
NIPPON_STEEL_JP,Nippon Steel,CAND-C0EAED81BD41EE,P1,PORT-42FD0857B83C,DISCLOSED_PATH,False,True,False,452.478948,100,80.350308,0.862216,80.350308,0.862216,23.121564,2.557417,36356.823333,390.134637,46818.844,1087.399577,29796.8,0.0,52196.694333,390.134637,15839.871,0.0,3572.727333,74.19641,57.557676,0.957111,0.0,0.0,0.0,0.0,0.0,0.0
NIPPON_STEEL_JP,Nippon Steel,CAND-C0EAED81BD41EE,P1,PORT-42FD0857B83C,ACCELERATED_15C,True,True,True,452.478948,100,70.219701,1.909748,70.219701,1.909748,25.69178,2.834808,31772.936667,864.120884,43397.926,953.984018,29796.8,0.0,55144.963333,864.12037,23372.027,0.0,4379.693333,92.421746,35.623178,1.481971,0.0,0.0,0.0,0.0,0.0,0.0
NIPPON_STEEL_JP,Nippon Steel,CAND-61C6F8AE75933E,P3,PORT-3391EE4132D6,DISCLOSED_PATH,False,True,False,453.828942,100,81.327087,0.623096,81.327087,0.623096,15.768092,1.649089,36908.585667,282.779085,44064.602,972.608555,29385.4,0.0,52796.662667,282.779085,15888.077,0.0,5731.386333,77.614651,58.534454,0.496623,0.0,0.0,0.0,0.0,0.0,0.0
NIPPON_STEEL_JP,Nippon Steel,CAND-61C6F8AE75933E,P3,PORT-3391EE4132D6,ACCELERATED_15C,True,True,True,453.828942,100,69.778655,0.663148,69.778655,0.663148,16.999686,1.500719,31667.573,300.955719,39382.522667,967.64775,29385.4,0.0,55106.792,300.955719,23439.219,0.0,7544.995,83.693635,35.182132,1.142344,0.0,0.0,0.0,0.0,0.0,0.0
NIPPON_STEEL_JP,Nippon Steel,CAND-45605758418B60,P2,PORT-3391EE4132D6,DISCLOSED_PATH,False,True,False,453.828942,100,84.302557,0.759297,84.302557,0.759297,19.755188,2.040628,38258.94,344.590919,47224.416333,1192.016565,29385.4,0.0,54147.017,344.590919,15888.077,0.0,4460.905333,86.322071,61.509924,0.633975,0.0,0.0,0.0,0.0,0.0,0.0
NIPPON_STEEL_JP,Nippon Steel,CAND-45605758418B60,P2,PORT-3391EE4132D6,ACCELERATED_15C,True,True,True,453.828942,100,74.148948,0.789814,74.148948,0.789814,21.641942,2.02797,33650.938667,358.440049,43472.678,1259.565288,29385.4,0.0,57090.157,358.440626,23439.219,0.0,5690.602667,110.647732,39.552425,1.252545,0.0,0.0,0.0,0.0,0.0,0.0
NIPPON_STEEL_JP,Nippon Steel,CAND-185224D49A1B91,P1,PORT-3391EE4132D6,DISCLOSED_PATH,False,True,False,453.828942,100,86.433429,0.867918,86.433429,0.867918,23.03718,2.397566,39225.991333,393.886362,49680.930333,1388.750619,29385.4,0.0,55114.068333,393.886362,15888.077,0.0,3561.838333,72.277045,63.640796,0.744191,0.0,0.0,0.0,0.0,0.0,0.0
NIPPON_STEEL_JP,Nippon Steel,CAND-185224D49A1B91,P1,PORT-3391EE4132D6,ACCELERATED_15C,True,True,True,453.828942,100,77.266431,0.861014,77.266431,0.861014,25.473705,2.549809,35065.742667,390.752822,46626.447,1515.226254,29385.4,0.0,58504.961,390.753398,23439.219,0.0,4369.034667,87.763229,42.669908,1.358796,0.0,0.0,0.0,0.0,0.0,0.0
NIPPON_STEEL_JP,Nippon Steel,CAND-1FF01FDB28F13A,P4,PORT-D74D023C0D05,DISCLOSED_PATH,False,True,False,521.418946,100,95.94557,0.854384,95.94557,0.854384,13.857239,1.786033,50027.838,445.49242,57253.265,756.443542,32153.0,0.0,68258.825333,445.492012,18230.987,0.0,9347.454667,30.207373,73.152937,0.945688,0.0,0.0,0.0,0.0,0.0,0.0
NIPPON_STEEL_JP,Nippon Steel,CAND-1FF01FDB28F13A,P4,PORT-D74D023C0D05,ACCELERATED_15C,True,True,True,521.418946,100,83.778525,0.943194,83.778525,0.943194,14.516822,1.980835,43683.710333,491.798968,51253.056667,792.360352,32153.0,0.0,70492.253333,491.798968,26808.543,0.0,12812.639333,91.817433,49.182002,0.687368,0.0,0.0,0.0,0.0,0.0,0.0
NIPPON_STEEL_JP,Nippon Steel,CAND-CDFE2587E5584F,P4,PORT-34AD95AD1263,DISCLOSED_PATH,False,True,False,522.518939,100,100.550684,0.423133,100.550684,0.423133,13.974273,1.673479,52539.637,221.094775,59841.459333,1093.345067,31741.6,0.0,70809.093667,221.095285,18269.457,0.0,9696.937667,37.802557,77.758052,0.313865,0.0,0.0,0.0,0.0,0.0,0.0
NIPPON_STEEL_JP,Nippon Steel,CAND-CDFE2587E5584F,P4,PORT-34AD95AD1263,ACCELERATED_15C,True,True,True,522.518939,100,87.981463,0.554611,87.981463,0.554611,14.663882,1.79258,45971.980667,289.794412,53634.136,1166.293041,31741.6,0.0,72831.713667,289.794412,26859.733,0.0,13362.325,21.559774,53.38494,0.596199,0.0,0.0,0.0,0.0,0.0,0.0
NIPPON_STEEL_JP,Nippon Steel,CAND-004C84C918F9F0,P2,PORT-7DC6DDA55D96,DISCLOSED_PATH,False,False,True,209.368973,100,99.669773,3.085706,99.669773,3.085706,24.675411,3.810789,20867.758,646.051341,26034.023333,822.90833,23326.6,0.0,28189.648667,646.050794,7321.891,0.0,2570.738,24.222609,76.87714,3.179411,0.0,0.0,0.0,0.0,0.0,0.0
NIPPON_STEEL_JP,Nippon Steel,CAND-004C84C918F9F0,P2,PORT-7DC6DDA55D96,ACCELERATED_15C,False,False,True,209.368973,100,89.676799,3.508213,89.676799,3.508213,26.506668,3.926377,18775.539333,734.511233,24325.213333,909.722415,23326.6,0.0,29663.053667,734.51081,10887.514,0.0,3332.154667,42.623002,55.080276,2.871655,0.0,0.0,0.0,0.0,0.0,0.0
NIPPON_STEEL_JP,Nippon Steel,CAND-005FE12044C08C,P2,PORT-91584DA203D9,DISCLOSED_PATH,False,False,True,223.148943,100,99.848373,0.396201,99.848373,0.396201,25.242988,3.321532,22281.058667,88.411693,27914.005333,822.65168,18876.0,0.0,30115.285333,88.412256,7834.226,0.0,2143.639333,44.062271,77.05574,0.313333,0.0,0.0,0.0,0.0,0.0,0.0
NIPPON_STEEL_JP,Nippon Steel,CAND-005FE12044C08C,P2,PORT-91584DA203D9,ACCELERATED_15C,False,False,True,223.148943,100,90.096944,0.256509,90.096944,0.256509,27.803177,3.641477,20105.037667,57.239315,26309.287,768.892008,18876.0,0.0,31710.024333,57.23989,11604.987,0.0,2786.981333,58.46426,55.500421,0.852627,0.0,0.0,0.0,0.0,0.0,0.0
JFE_STEEL_JP,JFE Steel,CAND-E8FAD9BDD034A5,P3,PORT-51A2628EF9C2,DISCLOSED_PATH,True,True,True,328.220861,100,125.802228,1.088515,125.802228,1.088515,24.97488,4.263643,41290.915667,357.273686,49488.192333,1101.385892,20429.2,0.0,52791.616667,357.273686,11500.701,0.0,5493.204667,41.683654,16.136272,1.370972,0.0,0.0,0.0,0.0,0.0,0.0
JFE_STEEL_JP,JFE Steel,CAND-E8FAD9BDD034A5,P3,PORT-51A2628EF9C2,ACCELERATED_15C,True,True,True,328.220861,100,116.447214,1.350471,116.447214,1.350471,26.390995,4.857584,38220.405,443.252725,46882.48,1213.479778,20429.2,0.0,55180.989,443.252725,16960.584,0.0,7538.392,69.692015,27.936653,1.456895,0.0,0.0,0.0,0.0,0.0,0.0
JFE_STEEL_JP,JFE Steel,CAND-F4B6AD5FB08D71,P2,PORT-51A2628EF9C2,DISCLOSED_PATH,True,True,True,328.220861,100,130.952819,1.446844,130.952819,1.446844,31.423395,5.502711,42981.447333,474.884264,53295.260667,1401.006547,20429.2,0.0,54482.147667,474.8844,11500.701,0.0,3849.996667,41.769448,21.286863,1.728243,0.0,0.0,0.0,0.0,0.0,0.0
JFE_STEEL_JP,JFE Steel,CAND-F4B6AD5FB08D71,P2,PORT-51A2628EF9C2,ACCELERATED_15C,True,True,True,328.220861,100,124.137022,1.714569,124.137022,1.714569,33.988065,6.310715,40744.360333,562.757185,51899.952,1592.409942,20429.2,0.0,57704.944333,562.757185,16960.584,0.0,5076.069667,45.455713,35.626461,1.822522,0.0,0.0,0.0,0.0,0.0,0.0
JFE_STEEL_JP,JFE Steel,CAND-FCDB7C1BD7991A,P1,PORT-51A2628EF9C2,DISCLOSED_PATH,True,True,True,328.220861,100,134.573909,1.660896,134.573909,1.660896,36.40447,6.480665,44169.964333,545.141141,56118.670667,1659.881387,20429.2,0.0,55670.665333,545.141141,11500.701,0.0,2746.804333,67.992833,24.907953,1.941503,0.0,0.0,0.0,0.0,0.0,0.0
JFE_STEEL_JP,JFE Steel,CAND-FCDB7C1BD7991A,P1,PORT-51A2628EF9C2,ACCELERATED_15C,True,True,True,328.220861,100,129.498548,1.972133,129.498548,1.972133,39.899946,7.521743,42504.125,647.294756,55600.12,1918.43235,20429.2,0.0,59464.709,647.294756,16960.584,0.0,3403.519667,85.715713,40.987987,2.079496,0.0,0.0,0.0,0.0,0.0,0.0
JFE_STEEL_JP,JFE Steel,CAND-A735954AF09420,P3,PORT-CCD4397FA6D4,DISCLOSED_PATH,True,True,True,281.895878,100,109.665956,0.284249,109.665956,0.284249,23.180532,4.509454,30914.381,80.128638,37448.877667,1322.91499,16139.2,0.0,40796.907,80.128638,9882.526,0.0,4085.819333,25.834445,0.0,0.0,0.0,0.0,0.0,0.0,0.0,0.0
JFE_STEEL_JP,JFE Steel,CAND-A735954AF09420,P3,PORT-CCD4397FA6D4,ACCELERATED_15C,False,False,True,281.895878,100,99.188744,0.085904,99.188744,0.085904,24.683145,4.993768,27960.898,24.216197,34918.974667,1431.582965,16139.2,0.0,42505.200333,24.216179,14544.302,0.0,5540.896,25.116003,10.678183,0.171682,0.0,0.0,0.0,0.0,0.0,0.0
JFE_STEEL_JP,JFE Steel,CAND-0B566F19FFC9A2,P2,PORT-CCD4397FA6D4,DISCLOSED_PATH,True,True,True,281.895878,100,114.066738,0.353626,114.066738,0.353626,29.135008,5.730444,32154.943333,99.685862,40367.981667,1674.408465,16139.2,0.0,42037.469333,99.685862,9882.526,0.0,2825.606333,46.341159,4.400782,0.073425,0.0,0.0,0.0,0.0,0.0,0.0
JFE_STEEL_JP,JFE Steel,CAND-0B566F19FFC9A2,P2,PORT-CCD4397FA6D4,ACCELERATED_15C,False,False,True,281.895878,100,105.680681,0.071183,105.680681,0.071183,31.656915,6.350605,29790.948333,20.06623,38714.902,1807.834879,16139.2,0.0,44335.250333,20.06623,14544.302,0.0,3724.299,65.804284,17.17012,0.185096,0.0,0.0,0.0,0.0,0.0,0.0
JFE_STEEL_JP,JFE Steel,CAND-321A1FBBC2D640,P1,PORT-CCD4397FA6D4,DISCLOSED_PATH,True,True,True,281.895878,100,117.188254,0.402329,117.188254,0.402329,33.692686,6.918851,33034.886,113.41489,42532.715,1975.44518,16139.2,0.0,42917.412,113.41489,9882.526,0.0,2023.25,55.594373,7.522298,0.203639,0.0,0.0,0.0,0.0,0.0,0.0
JFE_STEEL_JP,JFE Steel,CAND-321A1FBBC2D640,P1,PORT-CCD4397FA6D4,ACCELERATED_15C,False,False,True,281.895878,100,110.16736,0.081185,110.16736,0.081185,37.103824,7.398396,31055.724667,22.885866,41515.139333,2106.162543,16139.2,0.0,45600.027333,22.885475,14544.302,0.0,2500.672,69.786794,21.656799,0.190662,0.0,0.0,0.0,0.0,0.0,0.0
JFE_STEEL_JP,JFE Steel,CAND-FC0AA3F9FE37C6,P3,PORT-E5F3D5116135,DISCLOSED_PATH,False,True,False,321.408363,100,99.422157,0.227119,99.422157,0.227119,21.215543,3.81486,31955.112333,72.997834,38773.965667,1280.236322,18185.2,0.0,43217.846333,72.997834,11262.734,0.0,4429.746,23.498537,-10.243799,0.068071,0.0,0.0,0.0,0.0,0.0,0.0
JFE_STEEL_JP,JFE Steel,CAND-FC0AA3F9FE37C6,P3,PORT-E5F3D5116135,ACCELERATED_15C,True,True,True,321.408363,100,88.510561,0.145996,88.510561,0.145996,22.735135,4.373881,28448.034333,46.923934,35755.297,1411.303798,18185.2,0.0,45053.283,46.92451,16605.249,0.0,5982.908,35.365169,0.0,0.0,0.0,0.0,0.0,0.0,0.0,0.0
JFE_STEEL_JP,JFE Steel,CAND-E72109958C3B57,P2,PORT-E5F3D5116135,DISCLOSED_PATH,False,True,False,321.408363,100,103.268977,0.24399,103.268977,0.24399,26.668227,4.875871,33191.512667,78.420639,41762.904333,1621.307865,18185.2,0.0,44454.246667,78.420639,11262.734,0.0,3169.254333,56.704719,-6.396979,0.043652,0.0,0.0,0.0,0.0,0.0,0.0
JFE_STEEL_JP,JFE Steel,CAND-E72109958C3B57,P2,PORT-E5F3D5116135,ACCELERATED_15C,True,True,True,321.408363,100,94.21036,0.217887,94.21036,0.217887,29.070037,5.805933,30279.997667,70.03092,39623.350667,1845.453088,18185.2,0.0,46885.246,70.030944,16605.249,0.0,4111.938667,69.144548,5.699799,0.103499,0.0,0.0,0.0,0.0,0.0,0.0
JFE_STEEL_JP,JFE Steel,CAND-E280945A557960,P1,PORT-E5F3D5116135,DISCLOSED_PATH,False,True,False,321.408363,100,105.933051,0.235558,105.933051,0.235558,30.948553,5.80031,34047.768333,75.710238,43994.892333,1916.763774,18185.2,0.0,45310.502333,75.710238,11262.734,0.0,2345.894667,63.357351,-3.732905,0.050085,0.0,0.0,0.0,0.0,0.0,0.0
JFE_STEEL_JP,JFE Steel,CAND-E280945A557960,P1,PORT-E5F3D5116135,ACCELERATED_15C,True,True,True,321.408363,100,98.174515,0.302214,98.174515,0.302214,34.122883,6.984199,31554.11,97.13439,42521.49,2202.880124,18185.2,0.0,48159.358667,97.133864,16605.249,0.0,2886.947,81.785367,9.663954,0.194719,0.0,0.0,0.0,0.0,0.0,0.0
JFE_STEEL_JP,JFE Steel,CAND-AE1C3F48385E3F,P5,PORT-2883A9539B06,DISCLOSED_PATH,False,True,False,367.500849,100,118.574471,0.212004,118.574471,0.212004,10.139105,1.571229,43576.218667,77.911899,47302.348333,592.072098,20429.2,0.0,56434.797333,77.911612,12858.579,0.0,10650.286333,55.870977,8.908515,0.162922,0.0,0.0,0.0,0.0,0.0,0.0
JFE_STEEL_JP,JFE Steel,CAND-AE1C3F48385E3F,P5,PORT-2883A9539B06,ACCELERATED_15C,True,True,True,367.500849,100,102.958637,0.198552,102.958637,0.198552,10.08942,1.589875,37837.386333,72.967709,41545.256667,566.243826,20429.2,0.0,56724.884333,72.967709,18887.498,0.0,15216.602333,50.234513,14.448076,0.065984,0.0,0.0,0.0,0.0,0.0,0.0
JFE_STEEL_JP,JFE Steel,CAND-942FF71D4F4188,P4,PORT-2883A9539B06,DISCLOSED_PATH,False,True,False,367.500849,100,125.21507,0.407783,125.21507,0.407783,17.313649,2.661165,46016.644333,149.860715,52379.425,961.56313,20429.2,0.0,58875.223,149.860358,12858.579,0.0,8072.709667,52.832283,15.549114,0.278252,0.0,0.0,0.0,0.0,0.0,0.0
JFE_STEEL_JP,JFE Steel,CAND-942FF71D4F4188,P4,PORT-2883A9539B06,ACCELERATED_15C,True,True,True,367.500849,100,113.061963,0.410606,113.061963,0.410606,17.84461,2.631699,41550.367333,150.898091,48108.276667,921.718721,20429.2,0.0,60437.865667,150.89821,18887.498,0.0,11328.127667,119.027823,24.551402,0.271823,0.0,0.0,0.0,0.0,0.0,0.0
JFE_STEEL_JP,JFE Steel,CAND-F1788FF7DCC7F6,P2,PORT-E3494C854A0D,DISCLOSED_PATH,False,True,False,323.808372,100,122.661518,1.627167,122.661518,1.627167,30.153464,3.4807,39718.826333,526.889851,49482.770333,605.105099,17287.6,0.0,51061.829667,526.890373,11343.003,0.0,3344.026667,28.907558,12.995562,1.78621,0.0,0.0,0.0,0.0,0.0,0.0
JFE_STEEL_JP,JFE Steel,CAND-F1788FF7DCC7F6,P2,PORT-E3494C854A0D,ACCELERATED_15C,True,True,True,323.808372,100,113.848358,1.946369,113.848358,1.946369,32.340082,3.166148,36865.051667,630.250398,47337.041,397.1582,17287.6,0.0,53571.246667,630.250398,16706.195,0.0,4398.393333,35.091208,25.337797,2.08301,0.0,0.0,0.0,0.0,0.0,0.0
JFE_STEEL_JP,JFE Steel,CAND-25BA0666383526,P1,PORT-E3494C854A0D,DISCLOSED_PATH,False,True,False,323.808372,100,125.969083,1.907488,125.969083,1.907488,35.041141,3.925306,40789.843667,617.660572,52136.458667,659.166284,17287.6,0.0,52132.846667,617.660572,11343.003,0.0,2276.576333,49.946916,16.303127,2.070445,0.0,0.0,0.0,0.0,0.0,0.0
JFE_STEEL_JP,JFE Steel,CAND-25BA0666383526,P1,PORT-E3494C854A0D,ACCELERATED_15C,True,True,True,323.808372,100,118.784658,2.290062,118.784658,2.290062,37.915313,3.547626,38463.466333,741.541405,50740.762333,407.501529,17287.6,0.0,55169.661667,741.540927,16706.195,0.0,2793.904333,62.805445,30.274097,2.425833,0.0,0.0,0.0,0.0,0.0,0.0
JFE_STEEL_JP,JFE Steel,CAND-FA1953D51D82F3,P3,PORT-0FD37D80B1EA,DISCLOSED_PATH,False,True,False,330.620869,100,143.894114,1.880934,143.894114,1.880934,26.945378,2.52581,47574.396667,621.875864,56483.101333,491.483551,19531.6,0.0,59155.366667,621.875864,11580.97,0.0,5999.737667,55.256211,34.228158,2.033407,0.0,0.0,0.0,0.0,0.0,0.0
JFE_STEEL_JP,JFE Steel,CAND-FA1953D51D82F3,P3,PORT-0FD37D80B1EA,ACCELERATED_15C,True,True,True,330.620869,100,133.672685,1.533609,133.672685,1.533609,28.630881,2.596783,44194.979333,507.043183,53660.946,789.402466,19531.6,0.0,61256.510333,507.043183,17061.531,0.0,8315.733,101.867448,45.162124,1.675237,0.0,0.0,0.0,0.0,0.0,0.0
JFE_STEEL_JP,JFE Steel,CAND-1D1CB9506368C0,P2,PORT-0FD37D80B1EA,DISCLOSED_PATH,False,True,False,330.620869,100,149.992919,2.367414,149.992919,2.367414,33.930165,3.166636,49590.789333,782.716595,60808.809667,613.428899,19531.6,0.0,61171.759333,782.716595,11580.97,0.0,4021.001333,33.752,40.326963,2.523768,0.0,0.0,0.0,0.0,0.0,0.0
JFE_STEEL_JP,JFE Steel,CAND-1D1CB9506368C0,P2,PORT-0FD37D80B1EA,ACCELERATED_15C,True,True,True,330.620869,100,142.725833,1.976004,142.725833,1.976004,36.932985,3.337135,47188.139333,653.308026,59398.954667,979.858256,19531.6,0.0,64249.67,653.307468,17061.531,0.0,5342.932333,49.275045,54.215272,2.119326,0.0,0.0,0.0,0.0,0.0,0.0
JFE_STEEL_JP,JFE Steel,CAND-D31DAEDCB107AF,P1,PORT-0FD37D80B1EA,DISCLOSED_PATH,False,True,False,330.620869,100,154.238046,2.718884,154.238046,2.718884,39.286259,3.608048,50994.317,898.919783,63983.174,734.194735,19531.6,0.0,62575.286667,898.91925,11580.97,0.0,2676.717667,68.843079,44.57209,2.882239,0.0,0.0,0.0,0.0,0.0,0.0
JFE_STEEL_JP,JFE Steel,CAND-D31DAEDCB107AF,P1,PORT-0FD37D80B1EA,ACCELERATED_15C,True,True,True,330.620869,100,148.957666,2.320213,148.957666,2.320213,43.46758,3.970571,49248.513,767.110634,63619.802,1141.880933,19531.6,0.0,66310.043667,767.111018,17061.531,0.0,3314.631,84.425139,60.447105,2.464843,0.0,0.0,0.0,0.0,0.0,0.0
JFE_STEEL_JP,JFE Steel,CAND-B38C1D7FD5CCAE,P3,PORT-7C1FC602A00B,DISCLOSED_PATH,False,True,False,341.808365,100,187.559654,0.835179,187.559654,0.835179,33.263669,4.002047,64109.458333,285.470883,75479.258667,1378.937031,20952.8,0.0,76085.329333,285.470883,11975.871,0.0,7624.631667,36.470861,77.893698,0.859549,0.0,0.0,0.0,0.0,0.0,0.0
JFE_STEEL_JP,JFE Steel,CAND-B38C1D7FD5CCAE,P3,PORT-7C1FC602A00B,ACCELERATED_15C,True,True,True,341.808365,100,178.74106,0.6885,178.74106,0.6885,35.286521,4.553007,61095.189333,235.335022,73156.417,1636.045534,20952.8,0.0,78740.407667,235.335277,17645.218,0.0,10730.427667,103.264076,90.230499,0.771535,0.0,0.0,0.0,0.0,0.0,0.0
JFE_STEEL_JP,JFE Steel,CAND-3DE74006E308F9,P2,PORT-7C1FC602A00B,DISCLOSED_PATH,False,True,False,341.808365,100,195.886323,1.03076,195.886323,1.03076,41.859082,5.084549,66955.583667,352.322733,81263.368333,1741.516188,20952.8,0.0,78931.454333,352.322463,11975.871,0.0,4890.203667,55.860115,86.220367,1.056505,0.0,0.0,0.0,0.0,0.0,0.0
JFE_STEEL_JP,JFE Steel,CAND-3DE74006E308F9,P2,PORT-7C1FC602A00B,ACCELERATED_15C,True,True,True,341.808365,100,191.123978,0.858201,191.123978,0.858201,45.507619,6.028424,65327.774667,293.340347,80882.659333,2119.385092,20952.8,0.0,82972.992667,293.340347,17645.218,0.0,6604.806667,40.714658,102.613417,0.955587,0.0,0.0,0.0,0.0,0.0,0.0
JFE_STEEL_JP,JFE Steel,CAND-11566829CB83FF,P1,PORT-7C1FC602A00B,DISCLOSED_PATH,False,True,False,341.808365,100,201.660938,1.1538,201.660938,1.1538,48.325593,5.906092,68929.395667,394.378486,85447.487333,2021.72434,20952.8,0.0,80905.266,394.378745,11975.871,0.0,3050.697667,71.066591,91.994982,1.181352,0.0,0.0,0.0,0.0,0.0,0.0
JFE_STEEL_JP,JFE Steel,CAND-11566829CB83FF,P1,PORT-7C1FC602A00B,ACCELERATED_15C,True,True,True,341.808365,100,199.535806,1.048903,199.535806,1.048903,53.394871,7.225189,68203.007333,358.524174,86453.820667,2505.799219,20952.8,0.0,85848.225667,358.523607,17645.218,0.0,3797.140333,88.03787,111.025245,1.156423,0.0,0.0,0.0,0.0,0.0,0.0
JFE_STEEL_JP,JFE Steel,CAND-12D758CC621EDD,P3,PORT-04FFFE8075F6,DISCLOSED_PATH,False,True,False,348.620862,100,210.061817,0.181976,210.061817,0.181976,38.230271,5.10393,73231.931667,63.440458,86559.802,1737.754303,23196.8,0.0,85445.769,63.441034,12213.837,0.0,8703.519667,38.200962,100.395861,0.339163,0.0,0.0,0.0,0.0,0.0,0.0
JFE_STEEL_JP,JFE Steel,CAND-12D758CC621EDD,P3,PORT-04FFFE8075F6,ACCELERATED_15C,True,True,True,348.620862,100,202.073547,0.407795,202.073547,0.407795,40.978489,6.222528,70447.054,142.165724,84733.010667,2029.386807,23196.8,0.0,88447.608,142.165724,18000.554,0.0,12310.975667,57.932287,113.562986,0.480132,0.0,0.0,0.0,0.0,0.0,0.0
JFE_STEEL_JP,JFE Steel,CAND-2384C3F783562D,P2,PORT-04FFFE8075F6,DISCLOSED_PATH,False,True,False,348.620862,100,219.263887,0.267851,219.263887,0.267851,48.280966,6.442399,76439.965,93.378373,93271.717667,2180.604735,23196.8,0.0,88653.803,93.378373,12213.837,0.0,5584.735667,45.51692,109.597931,0.405529,0.0,0.0,0.0,0.0,0.0,0.0
JFE_STEEL_JP,JFE Steel,CAND-2384C3F783562D,P2,PORT-04FFFE8075F6,ACCELERATED_15C,True,True,True,348.620862,100,215.809026,0.568359,215.809026,0.568359,53.164772,7.990103,75235.528667,198.141635,93769.877667,2594.748698,23196.8,0.0,93236.082667,198.141635,18000.554,0.0,7561.961667,100.983803,127.298465,0.648961,0.0,0.0,0.0,0.0,0.0,0.0
JFE_STEEL_JP,JFE Steel,CAND-65F7157232C73A,P1,PORT-04FFFE8075F6,DISCLOSED_PATH,False,True,False,348.620862,100,225.598747,0.34485,225.598747,0.34485,55.826512,7.486599,78648.43,120.221326,98110.716333,2513.597187,23196.8,0.0,90862.267333,120.221896,12213.837,0.0,3436.104,82.842248,115.932791,0.496714,0.0,0.0,0.0,0.0,0.0,0.0
JFE_STEEL_JP,JFE Steel,CAND-65F7157232C73A,P1,PORT-04FFFE8075F6,ACCELERATED_15C,True,True,True,348.620862,100,225.170228,0.727182,225.170228,0.727182,62.472196,9.348723,78499.039333,253.510634,100278.15,3022.403383,23196.8,0.0,96499.593,253.511207,18000.554,0.0,4295.762667,103.544547,136.659667,0.817139,0.0,0.0,0.0,0.0,0.0,0.0
JFE_STEEL_JP,JFE Steel,CAND-0C103CAC9E9685,P1,PORT-48EB0158352D,DISCLOSED_PATH,False,False,True,209.90085,100,195.24822,1.41955,195.24822,1.41955,51.235844,6.398671,40982.767333,297.964671,51737.214333,1087.454858,17905.8,0.0,48347.275667,297.965065,7364.508,0.0,2156.581667,93.145614,85.582264,1.698423,0.0,0.0,0.0,0.0,0.0,0.0
JFE_STEEL_JP,JFE Steel,CAND-0C103CAC9E9685,P1,PORT-48EB0158352D,ACCELERATED_15C,False,False,True,209.90085,100,193.902621,1.370772,193.902621,1.370772,57.243722,7.147103,40700.325,287.726405,52715.830667,1273.904134,17905.8,0.0,51629.085667,287.72628,10928.761,0.0,2696.285667,116.468379,105.39206,1.475956,0.0,0.0,0.0,0.0,0.0,0.0
JFE_STEEL_JP,JFE Steel,CAND-156DBD688B285D,P2,PORT-4FBC33F20EEF,DISCLOSED_PATH,False,False,True,191.900857,100,68.675945,1.40832,68.675945,1.40832,18.96616,2.927053,13178.972667,270.257998,16818.594667,613.524645,14240.6,0.0,19910.613667,270.257998,6731.641,0.0,1680.769667,38.826183,-40.990011,1.649409,0.0,0.0,0.0,0.0,0.0,0.0
JFE_STEEL_JP,JFE Steel,CAND-156DBD688B285D,P2,PORT-4FBC33F20EEF,ACCELERATED_15C,False,False,True,191.900857,100,57.472435,1.697865,57.472435,1.697865,20.534127,2.927064,11029.009667,325.821819,14969.526333,658.177295,14240.6,0.0,21018.747667,325.821819,9989.738,0.0,2134.844,42.452357,-31.038126,1.843812,0.0,0.0,0.0,0.0,0.0,0.0
JFE_STEEL_JP,JFE Steel,CAND-27DEF6B976065D,P3,PORT-408F044D6828,DISCLOSED_PATH,False,True,False,302.295879,100,208.218076,1.048814,208.218076,1.048814,37.236761,4.483198,62943.466333,317.052628,74199.985667,1276.849082,18906.8,0.0,73539.128667,317.052055,10595.663,0.0,7290.168667,63.436441,98.55212,1.097581,0.0,0.0,0.0,0.0,0.0,0.0
JFE_STEEL_JP,JFE Steel,CAND-27DEF6B976065D,P3,PORT-408F044D6828,ACCELERATED_15C,False,False,True,302.295879,100,200.330082,0.842754,200.330082,0.842754,38.657522,5.094255,60558.958667,254.760957,72244.967667,1539.368323,18906.8,0.0,76143.230667,254.760957,15584.272,0.0,10320.993333,110.987674,111.819521,0.944222,0.0,0.0,0.0,0.0,0.0,0.0
JFE_STEEL_JP,JFE Steel,CAND-2AFD85912C485D,P5,PORT-844170813924,DISCLOSED_PATH,False,True,False,381.425854,100,170.419238,0.570405,170.419238,0.570405,14.068767,1.875608,65002.303333,217.566709,70368.495,632.18889,20952.8,0.0,78342.970667,217.567101,13340.667,0.0,15671.981333,64.636531,60.753282,0.671489,0.0,0.0,0.0,0.0,0.0,0.0
JFE_STEEL_JP,JFE Steel,CAND-2AFD85912C485D,P5,PORT-844170813924,ACCELERATED_15C,False,True,False,381.425854,100,151.803565,0.486418,151.803565,0.486418,13.82484,1.793422,57901.804333,185.532151,63174.955667,577.246163,20952.8,0.0,77475.440333,185.532151,19573.636,0.0,22854.709,125.386364,63.293004,0.61476,0.0,0.0,0.0,0.0,0.0,0.0
JFE_STEEL_JP,JFE Steel,CAND-2DF8CF21E8720D,P1,PORT-9D97003767D5,DISCLOSED_PATH,False,True,False,263.895884,100,21.231125,0.820356,21.231125,0.820356,10.740936,0.531047,5602.806333,216.488701,8437.295333,348.019494,12474.0,0.0,14852.465,216.488146,9249.659,0.0,1256.270333,30.808138,-88.434831,0.541536,0.0,0.0,0.0,0.0,0.0,0.0
JFE_STEEL_JP,JFE Steel,CAND-2DF8CF21E8720D,P1,PORT-9D97003767D5,ACCELERATED_15C,False,False,False,263.895884,100,7.623181,0.783822,7.623181,0.783822,11.483622,0.98142,2011.726,206.847521,5042.206667,442.239837,12474.0,0.0,15617.005667,206.847701,13605.28,0.0,1508.480333,36.920706,-80.88738,0.702844,0.0,0.0,0.0,0.0,0.0,0.0
JFE_STEEL_JP,JFE Steel,CAND-3785968E4E1C91,P1,PORT-4FBC33F20EEF,DISCLOSED_PATH,False,False,True,191.900857,100,70.397337,1.669853,70.397337,1.669853,22.177556,3.176969,13509.309,320.446333,17765.201,675.198989,14240.6,0.0,20240.95,320.446333,6731.641,0.0,1386.485333,40.739546,-39.268619,1.907919,0.0,0.0,0.0,0.0,0.0,0.0
JFE_STEEL_JP,JFE Steel,CAND-3785968E4E1C91,P1,PORT-4FBC33F20EEF,ACCELERATED_15C,False,False,True,191.900857,100,59.881424,2.014504,59.881424,2.014504,24.205479,3.1854,11491.297,386.585163,16136.349,732.027366,14240.6,0.0,21481.034333,386.584853,9989.738,0.0,1700.240667,48.596111,-28.629137,2.160472,0.0,0.0,0.0,0.0,0.0,0.0
JFE_STEEL_JP,JFE Steel,CAND-3BDAECB8DA1A89,P4,PORT-29DB1A43C5DD,DISCLOSED_PATH,False,False,True,239.320837,100,177.710166,0.461038,177.710166,0.461038,24.390025,3.107984,42529.745667,110.336304,48366.786667,664.561992,17905.8,0.0,50930.95,110.336091,8401.204,0.0,7327.940667,37.553368,68.04421,0.526337,0.0,0.0,0.0,0.0,0.0,0.0
JFE_STEEL_JP,JFE Steel,CAND-3BDAECB8DA1A89,P4,PORT-29DB1A43C5DD,ACCELERATED_15C,False,False,True,239.320837,100,165.62007,0.40378,165.62007,0.40378,24.798826,2.987686,39636.334,96.632822,45571.209667,630.900907,17905.8,0.0,52066.915,96.632822,12430.581,0.0,10533.583333,91.628973,77.109509,0.357403,0.0,0.0,0.0,0.0,0.0,0.0
JFE_STEEL_JP,JFE Steel,CAND-44218B07FC843F,P2,PORT-48EB0158352D,DISCLOSED_PATH,False,False,True,209.90085,100,189.838903,1.24996,189.838903,1.24996,44.367029,5.608239,39847.347333,262.367728,49160.024,952.442762,17905.8,0.0,47211.855333,262.367728,7364.508,0.0,3224.805667,45.021772,80.172947,1.53014,0.0,0.0,0.0,0.0,0.0,0.0
JFE_STEEL_JP,JFE Steel,CAND-44218B07FC843F,P2,PORT-48EB0158352D,ACCELERATED_15C,False,False,True,209.90085,100,185.759464,1.114538,185.759464,1.114538,48.758823,6.019707,38991.069333,233.942561,49225.588,1071.396849,17905.8,0.0,49919.830333,233.942561,10928.761,0.0,4350.570667,72.255115,97.248903,1.215795,0.0,0.0,0.0,0.0,0.0,0.0
JFE_STEEL_JP,JFE Steel,CAND-4D77DB7422B451,P2,PORT-3776FB32D8CF,DISCLOSED_PATH,False,True,False,284.295886,100,135.443618,1.285465,135.443618,1.285465,33.321294,4.192364,38506.063,365.452432,47979.170333,827.568673,15241.6,0.0,48468.858667,365.452798,9962.795,0.0,2999.379667,10.057086,25.777662,1.502891,0.0,0.0,0.0,0.0,0.0,0.0
JFE_STEEL_JP,JFE Steel,CAND-4D77DB7422B451,P2,PORT-3776FB32D8CF,ACCELERATED_15C,False,False,True,284.295886,100,127.198363,1.708948,127.198363,1.708948,35.759135,4.444572,36161.971333,485.846549,46328.146333,796.062186,15241.6,0.0,50807.220667,485.84712,14645.249,0.0,3988.936667,20.690727,38.687802,1.854358,0.0,0.0,0.0,0.0,0.0,0.0
JFE_STEEL_JP,JFE Steel,CAND-53E6B469D62558,P1,PORT-33091F63E785,DISCLOSED_PATH,False,True,False,303.40837,100,21.953546,0.285873,21.953546,0.285873,10.937395,0.644334,6660.889667,86.736427,9979.387,267.503602,14520.0,0.0,17290.755667,86.736427,10629.866,0.0,1581.91,37.982207,-87.71241,0.037913,0.0,0.0,0.0,0.0,0.0,0.0
JFE_STEEL_JP,JFE Steel,CAND-53E6B469D62558,P1,PORT-33091F63E785,ACCELERATED_15C,False,True,False,303.40837,100,8.116679,0.184548,8.116679,0.184548,11.836214,0.811757,2462.668333,55.993332,6053.875,281.432298,14520.0,0.0,18128.894,55.993308,15666.226,0.0,1899.304333,45.563976,-80.393882,0.096259,0.0,0.0,0.0,0.0,0.0,0.0
JFE_STEEL_JP,JFE Steel,CAND-56A2BE8D3222E8,P5,PORT-29DB1A43C5DD,DISCLOSED_PATH,False,False,True,239.320837,100,167.646727,0.252426,167.646727,0.252426,14.298513,1.799159,40121.355333,60.411173,43543.287667,434.043727,17905.8,0.0,48522.559667,60.410598,8401.204,0.0,9862.219,48.237458,57.980771,0.186351,0.0,0.0,0.0,0.0,0.0,0.0
JFE_STEEL_JP,JFE Steel,CAND-56A2BE8D3222E8,P5,PORT-29DB1A43C5DD,ACCELERATED_15C,False,False,True,239.320837,100,150.027478,0.232326,150.027478,0.232326,13.91237,1.816422,35904.701333,55.600547,39234.221667,400.741005,17905.8,0.0,48335.282333,55.600547,12430.581,0.0,14380.242,37.187609,61.516917,0.155225,0.0,0.0,0.0,0.0,0.0,0.0
JFE_STEEL_JP,JFE Steel,CAND-5B53A6D662B077,P2,PORT-BFE68456F5A9,DISCLOSED_PATH,False,False,True,87.500896,100,121.781609,2.243562,121.781609,2.243562,29.095596,5.261681,10656.0,196.313691,13201.890667,459.100625,10898.8,0.0,13717.009333,196.313219,3061.009,0.0,1017.550667,14.034431,12.115653,2.524053,0.0,0.0,0.0,0.0,0.0,0.0
JFE_STEEL_JP,JFE Steel,CAND-5B53A6D662B077,P2,PORT-BFE68456F5A9,ACCELERATED_15C,False,False,True,87.500896,100,113.58748,2.214964,113.58748,2.214964,31.671278,6.378134,9939.006333,193.810992,12710.271667,568.879403,10898.8,0.0,14482.411333,193.810992,4543.405,0.0,1345.968667,14.310565,25.076919,2.343901,0.0,0.0,0.0,0.0,0.0,0.0
JFE_STEEL_JP,JFE Steel,CAND-6740F2BE1999AB,P2,PORT-6E49C004BA31,DISCLOSED_PATH,False,False,True,163.575867,100,177.656226,0.631279,177.656226,0.631279,44.104613,8.761279,29060.271333,103.262031,36274.721333,1334.504245,13615.8,0.0,34806.605333,103.262031,5746.334,0.0,2208.170667,62.985805,67.99027,0.757633,0.0,0.0,0.0,0.0,0.0,0.0
JFE_STEEL_JP,JFE Steel,CAND-6740F2BE1999AB,P2,PORT-6E49C004BA31,ACCELERATED_15C,False,False,True,163.575867,100,172.373381,0.330246,172.373381,0.330246,47.558982,8.283035,28196.125333,54.020148,35975.627,1310.570325,13615.8,0.0,36708.604333,54.020148,8512.479,0.0,2989.020667,97.952777,83.86282,0.422183,0.0,0.0,0.0,0.0,0.0,0.0
JFE_STEEL_JP,JFE Steel,CAND-68030B11D579DF,P1,PORT-7BA11C62DF95,DISCLOSED_PATH,False,False,False,219.408411,100,173.712263,2.222145,173.712263,2.222145,45.172187,4.816913,38113.931667,487.557264,48025.089667,579.57897,13945.8,0.0,45786.303,487.557023,7672.372,0.0,1644.334,24.42218,64.046307,2.4465,0.0,0.0,0.0,0.0,0.0,0.0
JFE_STEEL_JP,JFE Steel,CAND-68030B11D579DF,P1,PORT-7BA11C62DF95,ACCELERATED_15C,False,False,True,219.408411,100,169.530398,2.213015,169.530398,2.213015,49.391107,4.443414,37196.395333,485.553964,48033.219667,490.949137,13945.8,0.0,48456.258,485.554297,11259.863,0.0,2040.832667,32.546666,81.019837,2.358955,0.0,0.0,0.0,0.0,0.0,0.0
JFE_STEEL_JP,JFE Steel,CAND-74F6415EBB9977,P3,PORT-E123D45B71CC,DISCLOSED_PATH,False,True,False,226.220909,100,198.752323,2.762346,198.752323,2.762346,36.622813,4.596415,44961.931,624.900392,53246.777,415.048416,16189.8,0.0,52872.269667,624.900499,7910.338,0.0,5306.808,26.879992,89.086367,2.938271,0.0,0.0,0.0,0.0,0.0,0.0
JFE_STEEL_JP,JFE Steel,CAND-74F6415EBB9977,P3,PORT-E123D45B71CC,ACCELERATED_15C,False,False,True,226.220909,100,190.082954,2.604609,190.082954,2.604609,38.259858,3.588147,43000.738667,589.217265,51655.918333,342.011603,16189.8,0.0,54615.937,589.216882,11615.198,0.0,7502.937,21.946248,101.572393,2.749246,0.0,0.0,0.0,0.0,0.0,0.0
JFE_STEEL_JP,JFE Steel,CAND-8143AC9B1B780D,P5,PORT-0032610F15CE,DISCLOSED_PATH,False,True,False,334.010871,100,190.838104,0.570289,190.838104,0.570289,15.717593,2.052226,63742.001333,190.482519,68991.848667,580.801056,18906.8,0.0,75421.409667,190.482933,11679.408,0.0,15298.177,66.267949,81.172148,0.684206,0.0,0.0,0.0,0.0,0.0,0.0
JFE_STEEL_JP,JFE Steel,CAND-8143AC9B1B780D,P5,PORT-0032610F15CE,ACCELERATED_15C,False,False,False,334.010871,100,171.530859,0.55431,171.530859,0.55431,15.248092,2.046299,57293.171667,185.145448,62386.200333,572.830999,18906.8,0.0,74389.488667,185.145448,17096.317,0.0,22412.619333,124.134461,83.020298,0.687526,0.0,0.0,0.0,0.0,0.0,0.0
JFE_STEEL_JP,JFE Steel,CAND-81AEAF431DDC0A,P4,PORT-844170813924,DISCLOSED_PATH,False,True,False,381.425854,100,180.693895,0.934736,180.693895,0.934736,23.824532,3.283564,68921.323,356.532259,78008.615667,1039.749823,20952.8,0.0,82261.990667,356.532773,13340.667,0.0,11510.238333,55.550641,71.027939,1.074703,0.0,0.0,0.0,0.0,0.0,0.0
JFE_STEEL_JP,JFE Steel,CAND-81AEAF431DDC0A,P4,PORT-844170813924,ACCELERATED_15C,False,True,False,381.425854,100,167.662624,0.904632,167.662624,0.904632,24.329041,3.2262,63950.859667,345.049505,73230.585,969.153106,20952.8,0.0,83524.495,345.050048,19573.636,0.0,16580.348333,102.431412,79.152063,1.045408,0.0,0.0,0.0,0.0,0.0,0.0
JFE_STEEL_JP,JFE Steel,CAND-82646489D4D4D1,P2,PORT-25A7E18292F6,DISCLOSED_PATH,False,True,False,310.220867,100,52.263974,0.381396,52.263974,0.381396,15.13643,1.355322,16213.375333,118.316981,20909.011667,468.764483,16764.0,0.0,27081.208667,118.316774,10867.833,0.0,2318.447333,48.562961,-57.401982,0.618968,0.0,0.0,0.0,0.0,0.0,0.0
JFE_STEEL_JP,JFE Steel,CAND-82646489D4D4D1,P2,PORT-25A7E18292F6,ACCELERATED_15C,False,True,False,310.220867,100,40.594043,0.576928,40.594043,0.576928,16.378194,1.422829,12593.119,178.975139,17673.977,530.794861,16764.0,0.0,28614.680667,178.974565,16021.561,0.0,2875.771667,54.341813,-47.916518,0.722739,0.0,0.0,0.0,0.0,0.0,0.0
JFE_STEEL_JP,JFE Steel,CAND-8A107782070451,P4,PORT-0032610F15CE,DISCLOSED_PATH,False,True,False,334.010871,100,202.411872,0.968195,202.411872,0.968195,26.493754,3.438625,67607.765333,323.387709,76456.967667,942.193826,18906.8,0.0,79287.173333,323.387709,11679.408,0.0,11158.088667,49.437952,92.745916,1.104106,0.0,0.0,0.0,0.0,0.0,0.0
JFE_STEEL_JP,JFE Steel,CAND-8A107782070451,P4,PORT-0032610F15CE,ACCELERATED_15C,False,False,False,334.010871,100,189.572665,1.066623,189.572665,1.066623,26.973728,3.699536,63319.331,356.263328,72328.849333,963.806863,18906.8,0.0,80415.648,356.263328,17096.317,0.0,16163.323667,115.96835,101.062104,1.208237,0.0,0.0,0.0,0.0,0.0,0.0
JFE_STEEL_JP,JFE Steel,CAND-8A2CE57122B1A0,P1,PORT-1741394F78A8,DISCLOSED_PATH,False,False,False,199.008409,100,20.550159,0.399049,20.550159,0.399049,10.37515,0.855282,4089.654333,79.414169,6154.397,182.628224,11178.2,0.0,11048.889333,79.414169,6959.235,0.0,943.899667,24.484007,-89.115797,0.194263,0.0,0.0,0.0,0.0,0.0,0.0
JFE_STEEL_JP,JFE Steel,CAND-8A2CE57122B1A0,P1,PORT-1741394F78A8,ACCELERATED_15C,False,False,True,199.008409,100,6.588604,0.274327,6.588604,0.274327,11.533435,1.074719,1311.187667,54.593421,3606.438333,215.215869,11178.2,0.0,11531.081,54.593392,10219.893,0.0,1133.536,29.483408,-81.921957,0.312411,0.0,0.0,0.0,0.0,0.0,0.0
JFE_STEEL_JP,JFE Steel,CAND-8DC42B3C7EA2DB,P2,PORT-E123D45B71CC,DISCLOSED_PATH,False,True,False,226.220909,100,207.445338,3.454359,207.445338,3.454359,46.155263,5.646763,46928.473333,781.448313,57369.758667,496.100618,16189.8,0.0,54838.811333,781.448313,7910.338,0.0,3369.294667,36.208392,97.779382,3.634068,0.0,0.0,0.0,0.0,0.0,0.0
JFE_STEEL_JP,JFE Steel,CAND-8DC42B3C7EA2DB,P2,PORT-E123D45B71CC,ACCELERATED_15C,False,False,True,226.220909,100,203.122161,3.408155,203.122161,3.408155,49.524784,4.563645,45950.479667,770.995608,57154.021333,444.908527,16189.8,0.0,57565.678,770.996176,11615.198,0.0,4578.039333,35.963839,114.6116,3.553208,0.0,0.0,0.0,0.0,0.0,0.0
JFE_STEEL_JP,JFE Steel,CAND-8F0E9CFE80824D,P6,PORT-576B945395C2,DISCLOSED_PATH,False,True,False,417.556839,100,183.123498,0.279156,183.123498,0.279156,6.075346,0.625403,76464.469,116.563124,79001.271333,269.555302,23196.8,0.0,91074.635333,116.563384,14610.167,0.0,24892.983333,26.843012,73.457542,0.369935,0.0,0.0,0.0,0.0,0.0,0.0
JFE_STEEL_JP,JFE Steel,CAND-8F0E9CFE80824D,P6,PORT-576B945395C2,ACCELERATED_15C,False,True,False,417.556839,100,157.299781,0.264819,157.299781,0.264819,5.59372,0.662175,65681.599333,110.576839,68017.295333,277.252719,23196.8,0.0,87096.772333,110.576839,21415.173,0.0,36786.117667,64.082537,68.78922,0.369086,0.0,0.0,0.0,0.0,0.0,0.0
JFE_STEEL_JP,JFE Steel,CAND-94E38421D8FAE7,P1,PORT-36B22CA0D026,DISCLOSED_PATH,False,False,True,159.495924,100,18.498708,0.083964,18.498708,0.083964,10.887693,1.151862,2950.468333,13.392032,4687.011333,195.088718,9132.2,0.0,8529.495333,13.392032,5579.027,0.0,604.365,13.361221,-91.167248,0.216448,0.0,0.0,0.0,0.0,0.0,0.0
JFE_STEEL_JP,JFE Steel,CAND-94E38421D8FAE7,P1,PORT-36B22CA0D026,ACCELERATED_15C,False,False,True,159.495924,100,4.841527,0.142324,4.841527,0.142324,11.713365,1.508735,772.204,22.699883,2640.437667,222.728508,9132.2,0.0,8931.151,22.699883,8158.947,0.0,726.199667,16.096262,-83.669034,0.262859,0.0,0.0,0.0,0.0,0.0,0.0
JFE_STEEL_JP,JFE Steel,CAND-953F1AFEF37202,P1,PORT-6E49C004BA31,DISCLOSED_PATH,False,False,True,163.575867,100,182.762654,0.737752,182.762654,0.737752,50.814699,9.970556,29895.56,120.678548,38207.618333,1517.833363,13615.8,0.0,35641.893333,120.678326,5746.334,0.0,1411.692,61.578357,73.096698,0.844056,0.0,0.0,0.0,0.0,0.0,0.0
JFE_STEEL_JP,JFE Steel,CAND-953F1AFEF37202,P1,PORT-6E49C004BA31,ACCELERATED_15C,False,False,True,163.575867,100,179.846579,0.487601,179.846579,0.487601,55.859404,9.844282,29418.560333,79.760052,38555.810667,1536.121037,13615.8,0.0,37931.039,79.759848,8512.479,0.0,1765.2,76.998937,91.336018,0.548812,0.0,0.0,0.0,0.0,0.0,0.0
JFE_STEEL_JP,JFE Steel,CAND-AFB45421E864E1,P3,PORT-48EB0158352D,DISCLOSED_PATH,False,False,True,209.90085,100,182.029022,1.010302,182.029022,1.010302,35.234804,4.519445,38208.046667,212.06311,45603.862,766.622648,17905.8,0.0,45572.554667,212.06311,7364.508,0.0,4820.336667,49.520545,72.363066,1.290471,0.0,0.0,0.0,0.0,0.0,0.0
JFE_STEEL_JP,JFE Steel,CAND-AFB45421E864E1,P3,PORT-48EB0158352D,ACCELERATED_15C,False,False,True,209.90085,100,173.97119,0.884689,173.97119,0.884689,37.571242,4.607202,36516.701,185.696847,44402.936,815.435492,17905.8,0.0,47445.461333,185.697268,10928.761,0.0,6779.505,52.573573,85.460629,0.990525,0.0,0.0,0.0,0.0,0.0,0.0
JFE_STEEL_JP,JFE Steel,CAND-B210B35AD45FF1,P1,PORT-263958B6D89F,DISCLOSED_PATH,False,False,True,80.688399,100,11.41902,0.234685,11.41902,0.234685,7.844535,1.712623,921.382667,18.936731,1554.345667,126.151018,8654.8,0.0,3744.425,18.936159,2823.042,0.0,337.44,2.967739,-98.246936,0.191666,0.0,0.0,0.0,0.0,0.0,0.0
JFE_STEEL_JP,JFE Steel,CAND-B210B35AD45FF1,P1,PORT-263958B6D89F,ACCELERATED_15C,False,False,True,80.688399,100,-3.720722,0.143127,-3.720722,0.143127,8.414972,1.50473,-300.219,11.548692,378.771667,118.018148,8654.8,0.0,3887.850333,11.548808,4188.07,0.0,405.886667,3.74563,-92.231283,0.055094,0.0,0.0,0.0,0.0,0.0,0.0
JFE_STEEL_JP,JFE Steel,CAND-B4CBF9F7B55581,P3,PORT-7F45069F34E3,DISCLOSED_PATH,False,False,True,203.088353,100,142.564171,0.357487,142.564171,0.357487,29.222544,4.86776,28953.122333,72.601538,34887.881,949.701173,15661.8,0.0,36079.664,72.601539,7126.542,0.0,3758.619667,47.89209,32.898215,0.349375,0.0,0.0,0.0,0.0,0.0,0.0
JFE_STEEL_JP,JFE Steel,CAND-B4CBF9F7B55581,P3,PORT-7F45069F34E3,ACCELERATED_15C,False,False,True,203.088353,100,132.720834,0.435288,132.720834,0.435288,30.895285,5.064727,26954.055667,88.402253,33228.528,949.7315,15661.8,0.0,37527.480667,88.402253,10573.425,0.0,5210.075667,69.067316,44.210273,0.379679,0.0,0.0,0.0,0.0,0.0,0.0
JFE_STEEL_JP,JFE Steel,CAND-BC3B7FD8701906,P1,PORT-25A7E18292F6,DISCLOSED_PATH,False,True,False,310.220867,100,53.427711,0.458292,53.427711,0.458292,17.652812,1.494861,16574.391,142.171545,22050.662,568.553921,16764.0,0.0,27442.224333,142.172057,10867.833,0.0,1982.640333,52.955509,-56.238245,0.641827,0.0,0.0,0.0,0.0,0.0,0.0
JFE_STEEL_JP,JFE Steel,CAND-BC3B7FD8701906,P1,PORT-25A7E18292F6,ACCELERATED_15C,False,True,False,310.220867,100,42.173383,0.691515,42.173383,0.691515,19.267823,1.611048,13083.063333,214.522261,19060.344,617.621257,16764.0,0.0,29104.624667,214.522037,16021.561,0.0,2417.043,62.681949,-46.337178,0.837264,0.0,0.0,0.0,0.0,0.0,0.0
JFE_STEEL_JP,JFE Steel,CAND-BD5FC0B8045E4C,P1,PORT-BFE68456F5A9,DISCLOSED_PATH,False,False,True,87.500896,100,125.385469,2.533015,125.385469,2.533015,33.575792,6.176148,10971.340667,221.641192,13909.253,542.632863,10898.8,0.0,14032.350333,221.640665,3061.009,0.0,726.604333,5.188799,15.719513,2.812914,0.0,0.0,0.0,0.0,0.0,0.0
JFE_STEEL_JP,JFE Steel,CAND-BD5FC0B8045E4C,P1,PORT-BFE68456F5A9,ACCELERATED_15C,False,False,True,87.500896,100,118.765338,2.56578,118.765338,2.56578,37.109272,7.421672,10392.073333,224.508385,13639.168,677.129581,10898.8,0.0,14935.479,224.507853,4543.405,0.0,908.840333,6.576032,30.254777,2.697217,0.0,0.0,0.0,0.0,0.0,0.0
JFE_STEEL_JP,JFE Steel,CAND-BD69BDF77D11F9,P2,PORT-1C641A2E58FD,DISCLOSED_PATH,False,False,True,205.820907,100,66.557264,1.076068,66.557264,1.076068,17.20044,2.617431,13698.876333,221.477333,17239.086667,467.303983,13422.2,0.0,20896.078333,221.477333,7197.202,0.0,1660.307333,29.969912,-43.108692,1.349544,0.0,0.0,0.0,0.0,0.0,0.0
JFE_STEEL_JP,JFE Steel,CAND-BD69BDF77D11F9,P2,PORT-1C641A2E58FD,ACCELERATED_15C,False,False,True,205.820907,100,55.911466,1.196134,55.911466,1.196134,18.740831,2.340035,11507.748667,246.189324,15365.003667,488.825515,13422.2,0.0,22082.977333,246.189326,10575.229,0.0,2107.431,36.574656,-32.599095,1.320447,0.0,0.0,0.0,0.0,0.0,0.0
JFE_STEEL_JP,JFE Steel,CAND-C535F3B5D7A55A,P1,PORT-1C641A2E58FD,DISCLOSED_PATH,False,False,True,205.820907,100,68.177816,1.251987,68.177816,1.251987,20.164384,3.076346,14032.42,257.685099,18182.672,552.399244,13422.2,0.0,21229.621667,257.684739,7197.202,0.0,1344.758,33.677079,-41.48814,1.526404,0.0,0.0,0.0,0.0,0.0,0.0
JFE_STEEL_JP,JFE Steel,CAND-C535F3B5D7A55A,P1,PORT-1C641A2E58FD,ACCELERATED_15C,False,False,True,205.820907,100,58.244725,1.441576,58.244725,1.441576,22.063983,2.744228,11987.982333,296.706499,16529.211,571.869713,13422.2,0.0,22563.211333,296.706499,10575.229,0.0,1652.2,41.758047,-30.265836,1.567923,0.0,0.0,0.0,0.0,0.0,0.0
JFE_STEEL_JP,JFE Steel,CAND-C973F96EA1BC5C,P1,PORT-E123D45B71CC,DISCLOSED_PATH,False,True,False,226.220909,100,213.4355,3.944993,213.4355,3.944993,53.286367,6.317381,48283.572667,892.440076,60338.063333,536.875271,16189.8,0.0,56193.911333,892.439522,7910.338,0.0,2048.041,52.426046,103.769544,4.12987,0.0,0.0,0.0,0.0,0.0,0.0
JFE_STEEL_JP,JFE Steel,CAND-C973F96EA1BC5C,P1,PORT-E123D45B71CC,ACCELERATED_15C,False,False,True,226.220909,100,212.015643,4.013734,212.015643,4.013734,58.102284,5.262413,47962.371667,907.990762,61106.323,532.52826,16189.8,0.0,59577.569667,907.990762,11615.198,0.0,2560.586,65.594868,123.505082,4.159011,0.0,0.0,0.0,0.0,0.0,0.0
JFE_STEEL_JP,JFE Steel,CAND-CB30BCF3D9CF92,P1,PORT-D5A2DA370FDA,DISCLOSED_PATH,False,False,False,185.08836,100,18.91555,0.429319,18.91555,0.429319,10.271131,1.443185,3501.048,79.46176,5402.114667,346.470375,11996.6,0.0,9994.722,79.46176,6493.674,0.0,993.896,43.005612,-90.750406,0.414362,0.0,0.0,0.0,0.0,0.0,0.0
JFE_STEEL_JP,JFE Steel,CAND-CB30BCF3D9CF92,P1,PORT-D5A2DA370FDA,ACCELERATED_15C,False,False,True,185.08836,100,4.640356,0.38947,4.640356,0.38947,10.842028,1.387837,858.875667,72.086026,2865.609333,328.701774,11996.6,0.0,10493.278333,72.086595,9634.402,0.0,1193.561333,51.651741,-83.870205,0.468007,0.0,0.0,0.0,0.0,0.0,0.0
JFE_STEEL_JP,JFE Steel,CAND-CBE864A3B5E624,P2,PORT-408F044D6828,DISCLOSED_PATH,False,True,False,302.295879,100,217.546955,1.29979,217.546955,1.29979,46.847899,5.625713,65763.548,392.921305,79925.475,1604.157125,18906.8,0.0,76359.211,392.921305,10595.663,0.0,4547.446,26.663536,107.880999,1.341657,0.0,0.0,0.0,0.0,0.0,0.0
JFE_STEEL_JP,JFE Steel,CAND-CBE864A3B5E624,P2,PORT-408F044D6828,ACCELERATED_15C,False,False,True,302.295879,100,214.278233,1.148353,214.278233,1.148353,49.953634,6.665263,64775.427333,347.142411,79876.204667,2003.883315,18906.8,0.0,80359.699333,347.142411,15584.272,0.0,6207.058667,56.648818,125.767672,1.25191,0.0,0.0,0.0,0.0,0.0,0.0
JFE_STEEL_JP,JFE Steel,CAND-DF57CBE06564A4,P3,PORT-6E49C004BA31,DISCLOSED_PATH,False,False,True,163.575867,100,170.25562,0.504108,170.25562,0.504108,35.057071,7.043174,27849.710667,82.459553,33584.201333,1071.716097,13615.8,0.0,33596.044333,82.45996,5746.334,0.0,3417.768,44.288548,60.589664,0.656672,0.0,0.0,0.0,0.0,0.0,0.0
JFE_STEEL_JP,JFE Steel,CAND-DF57CBE06564A4,P3,PORT-6E49C004BA31,ACCELERATED_15C,False,False,True,163.575867,100,161.406267,0.194239,161.406267,0.194239,36.672348,6.348455,26402.17,31.772972,32400.881333,1015.692013,13615.8,0.0,34914.649,31.772972,8512.479,0.0,4794.738,57.48879,72.895706,0.306578,0.0,0.0,0.0,0.0,0.0,0.0
JFE_STEEL_JP,JFE Steel,CAND-DFCA23D16E81A2,P1,PORT-408F044D6828,DISCLOSED_PATH,False,True,False,302.295879,100,224.006738,1.471917,224.006738,1.471917,53.982717,6.446941,67716.313667,444.954246,84035.067,1841.441418,18906.8,0.0,78311.976667,444.954246,10595.663,0.0,2727.436333,67.528476,114.340782,1.510381,0.0,0.0,0.0,0.0,0.0,0.0
JFE_STEEL_JP,JFE Steel,CAND-DFCA23D16E81A2,P1,PORT-408F044D6828,ACCELERATED_15C,False,False,True,302.295879,100,223.778601,1.389023,223.778601,1.389023,58.568806,7.923594,67647.348667,419.89617,85352.458,2363.43822,18906.8,0.0,83231.620667,419.89617,15584.272,0.0,3409.892333,84.379738,135.26804,1.497076,0.0,0.0,0.0,0.0,0.0,0.0
JFE_STEEL_JP,JFE Steel,CAND-DFD36ABEC37623,P1,PORT-7F45069F34E3,DISCLOSED_PATH,False,False,True,203.088353,100,152.655567,0.565703,152.655567,0.565703,42.523406,6.98236,31002.568,114.887781,39638.576,1340.082096,15661.8,0.0,38129.109,114.887781,7126.542,0.0,1751.250667,65.923338,42.989611,0.565126,0.0,0.0,0.0,0.0,0.0,0.0
JFE_STEEL_JP,JFE Steel,CAND-DFD36ABEC37623,P1,PORT-7F45069F34E3,ACCELERATED_15C,False,False,True,203.088353,100,147.808201,0.968519,147.808201,0.968519,46.864893,8.048618,30018.124,196.694895,39535.838,1444.647181,15661.8,0.0,40591.549,196.694895,10573.425,0.0,2170.036333,82.364714,59.29764,0.934283,0.0,0.0,0.0,0.0,0.0,0.0
JFE_STEEL_JP,JFE Steel,CAND-E142C0366C78ED,P4,PORT-49F18FB13125,DISCLOSED_PATH,False,True,False,369.350858,100,139.649192,1.200564,139.649192,1.200564,19.877877,2.743745,51579.548667,443.429432,58921.459667,722.523304,19531.6,0.0,64494.425667,443.429432,12914.877,0.0,8855.906,8.292991,29.983236,1.324696,0.0,0.0,0.0,0.0,0.0,0.0
JFE_STEEL_JP,JFE Steel,CAND-E142C0366C78ED,P4,PORT-49F18FB13125,ACCELERATED_15C,False,True,False,369.350858,100,126.46185,1.334662,126.46185,1.334662,20.436383,2.533899,46708.792667,492.95842,54256.988333,711.326122,19531.6,0.0,65656.380667,492.95842,18947.588,0.0,12587.356333,58.673952,37.951289,1.450824,0.0,0.0,0.0,0.0,0.0,0.0
JFE_STEEL_JP,JFE Steel,CAND-E1C48D333700EA,P7,PORT-B91429E42CEB,DISCLOSED_PATH,False,True,False,445.512827,100,180.486193,0.120817,180.486193,0.120817,1.880083,0.34844,80408.914333,53.825664,81246.515333,112.097931,23196.8,0.0,95992.579333,53.825664,15583.665,0.0,29957.210667,20.286892,70.820237,0.352696,0.0,0.0,0.0,0.0,0.0,0.0
JFE_STEEL_JP,JFE Steel,CAND-E1C48D333700EA,P7,PORT-B91429E42CEB,ACCELERATED_15C,False,True,False,445.512827,100,150.709005,0.099606,150.709005,0.099606,1.643312,0.290186,67142.795,44.375541,67874.911667,96.283675,23196.8,0.0,89941.066667,44.375522,22798.272,0.0,44454.224333,27.54829,62.198444,0.238429,0.0,0.0,0.0,0.0,0.0,0.0
JFE_STEEL_JP,JFE Steel,CAND-E2E67FC7600525,P2,PORT-7BA11C62DF95,DISCLOSED_PATH,False,False,False,219.408411,100,168.96556,1.901836,168.96556,1.901836,39.049775,4.226778,37072.465,417.278878,45640.314333,518.034134,13945.8,0.0,44744.837,417.278878,7672.372,0.0,2689.698667,34.929706,59.299604,2.12416,0.0,0.0,0.0,0.0,0.0,0.0
JFE_STEEL_JP,JFE Steel,CAND-E2E67FC7600525,P2,PORT-7BA11C62DF95,ACCELERATED_15C,False,False,True,219.408411,100,162.392181,1.905711,162.392181,1.905711,42.147706,3.948831,35630.210667,418.129048,44877.771667,450.402926,13945.8,0.0,46890.073667,418.129048,11259.863,0.0,3614.992,39.132464,73.88162,2.051688,0.0,0.0,0.0,0.0,0.0,0.0
JFE_STEEL_JP,JFE Steel,CAND-E5C3BE482793EF,P4,PORT-4577AB24CD05,DISCLOSED_PATH,False,True,False,389.600851,100,204.78087,0.8733,204.78087,0.8733,26.548715,4.721017,79782.801333,340.238596,90126.202667,1816.707144,23196.8,0.0,93409.892333,340.238596,13627.091,0.0,13262.871,105.956571,95.114914,1.026425,0.0,0.0,0.0,0.0,0.0,0.0
JFE_STEEL_JP,JFE Steel,CAND-E5C3BE482793EF,P4,PORT-4577AB24CD05,ACCELERATED_15C,False,True,False,389.600851,100,192.17519,0.921123,192.17519,0.921123,26.78552,4.389557,74871.617667,358.87033,85307.279,1813.365077,23196.8,0.0,94872.377,358.87074,20000.76,0.0,19192.293333,237.907238,103.664629,1.035329,0.0,0.0,0.0,0.0,0.0,0.0
JFE_STEEL_JP,JFE Steel,CAND-E97F5B55830909,P1,PORT-A7F00CD0D5D9,DISCLOSED_PATH,False,False,True,145.575874,100,16.268073,0.718295,16.268073,0.718295,10.447488,1.648266,2368.238667,104.566288,3889.141333,340.8824,9950.6,0.0,7481.705333,104.566745,5113.466,0.0,652.022667,28.441129,-93.397883,0.566455,0.0,0.0,0.0,0.0,0.0,0.0
JFE_STEEL_JP,JFE Steel,CAND-E97F5B55830909,P1,PORT-A7F00CD0D5D9,ACCELERATED_15C,False,False,True,145.575874,100,1.792637,0.588918,1.792637,0.588918,11.422488,2.113673,260.964667,85.731919,1923.803333,393.305931,9950.6,0.0,7834.420667,85.731919,7573.456,0.0,783.363333,34.170641,-86.717924,0.623979,0.0,0.0,0.0,0.0,0.0,0.0
KOBE_STEEL_JP,Kobe Steel,CAND-4D158AE8BC3521,P3,PORT-1144EBE63B41,DISCLOSED_PATH,True,True,True,102.391093,100,145.683451,1.288062,145.683451,1.288062,28.797977,2.491777,14916.688,131.886292,17865.344,124.326928,5037.34,0.0,18492.446,131.886292,3575.758,0.0,1807.459667,12.061854,92.126832,0.403771,0.0,0.0,0.0,0.0,0.0,0.0
KOBE_STEEL_JP,Kobe Steel,CAND-4D158AE8BC3521,P3,PORT-1144EBE63B41,ACCELERATED_15C,True,True,True,102.391093,100,135.559482,1.186173,135.559482,1.186173,30.220799,2.104605,13880.083667,121.453292,16974.424,95.537943,5037.34,0.0,19124.426667,121.453292,5244.343,0.0,2509.983,5.66195,10.819589,0.980302,0.0,0.0,0.0,0.0,0.0,0.0
KOBE_STEEL_JP,Kobe Steel,CAND-C9EAFC0F482485,P2,PORT-1144EBE63B41,DISCLOSED_PATH,True,True,True,102.391093,100,151.818504,1.632221,151.818504,1.632221,36.252899,3.127902,15544.862333,167.124745,19256.836333,155.622655,5037.34,0.0,19120.620333,167.124745,3575.758,0.0,1161.519333,14.843205,98.261885,0.715785,0.0,0.0,0.0,0.0,0.0,0.0
KOBE_STEEL_JP,Kobe Steel,CAND-C9EAFC0F482485,P2,PORT-1144EBE63B41,ACCELERATED_15C,True,True,True,102.391093,100,144.877404,1.564985,144.877404,1.564985,38.830361,2.680829,14834.156,160.24011,18810.039,115.338635,5037.34,0.0,20078.499,160.24011,5244.343,0.0,1549.825667,7.966683,20.137512,1.355204,0.0,0.0,0.0,0.0,0.0,0.0
KOBE_STEEL_JP,Kobe Steel,CAND-DCD679F188D852,P1,PORT-1144EBE63B41,DISCLOSED_PATH,True,True,True,102.391093,100,156.070758,1.89275,156.070758,1.89275,41.904249,3.551098,15980.255333,193.800521,20270.877333,172.789383,5037.34,0.0,19556.013333,193.800521,3575.758,0.0,720.867333,6.46115,102.514139,0.96151,0.0,0.0,0.0,0.0,0.0,0.0
KOBE_STEEL_JP,Kobe Steel,CAND-DCD679F188D852,P1,PORT-1144EBE63B41,ACCELERATED_15C,True,True,True,102.391093,100,151.241836,1.80789,151.241836,1.80789,45.397409,3.081007,15485.816667,185.111722,20134.107333,130.490401,5037.34,0.0,20730.159667,185.111722,5244.343,0.0,892.313333,6.716294,26.501944,1.598666,0.0,0.0,0.0,0.0,0.0,0.0
KOBE_STEEL_JP,Kobe Steel,CAND-314B41E5534D98,P3,PORT-9862FC05DA24,DISCLOSED_PATH,True,True,True,105.301092,100,179.744947,1.620432,179.744947,1.620432,32.550054,2.282524,18927.339333,170.633196,22354.895667,203.562677,6178.04,0.0,22604.362333,170.633196,3677.023,0.0,2267.36,4.751833,126.188328,0.878382,0.0,0.0,0.0,0.0,0.0,0.0
KOBE_STEEL_JP,Kobe Steel,CAND-314B41E5534D98,P3,PORT-9862FC05DA24,ACCELERATED_15C,True,True,True,105.301092,100,170.913125,1.81308,170.913125,1.81308,34.300981,3.392287,17997.338667,190.919219,21609.269667,318.243569,6178.04,0.0,23393.080333,190.919334,5395.742,0.0,3163.324,6.11579,46.173233,1.49428,0.0,0.0,0.0,0.0,0.0,0.0
KOBE_STEEL_JP,Kobe Steel,CAND-CE22CF7F8F72DA,P2,PORT-9862FC05DA24,DISCLOSED_PATH,True,True,True,105.301092,100,187.568507,2.034904,187.568507,2.034904,40.998834,2.956969,19751.168667,214.277778,24068.390333,263.935146,6178.04,0.0,23428.191667,214.277778,3677.023,0.0,1464.781667,9.76545,134.011888,1.241575,0.0,0.0,0.0,0.0,0.0,0.0
KOBE_STEEL_JP,Kobe Steel,CAND-CE22CF7F8F72DA,P2,PORT-9862FC05DA24,ACCELERATED_15C,True,True,True,105.301092,100,182.471688,2.386402,182.471688,2.386402,44.315989,4.554776,19214.468,251.290695,23880.990333,430.765116,6178.04,0.0,24610.209667,251.291123,5395.742,0.0,1970.106,7.569353,57.731795,2.064016,0.0,0.0,0.0,0.0,0.0,0.0
KOBE_STEEL_JP,Kobe Steel,CAND-B3597FD7767497,P1,PORT-9862FC05DA24,DISCLOSED_PATH,True,True,True,105.301092,100,192.953452,2.375997,192.953452,2.375997,47.311266,3.522738,20318.209333,250.195322,25300.137,314.304021,6178.04,0.0,23995.232333,250.195322,3677.023,0.0,918.496667,7.567574,139.396833,1.561073,0.0,0.0,0.0,0.0,0.0,0.0
KOBE_STEEL_JP,Kobe Steel,CAND-B3597FD7767497,P1,PORT-9862FC05DA24,ACCELERATED_15C,True,True,True,105.301092,100,190.369584,2.837137,190.369584,2.837137,51.935179,5.502072,20046.125333,298.753826,25514.956,519.76251,6178.04,0.0,25441.866667,298.753699,5395.742,0.0,1148.228,9.475518,65.629692,2.514593,0.0,0.0,0.0,0.0,0.0,0.0
KOBE_STEEL_JP,Kobe Steel,CAND-9DD8DD0C56A40D,P3,PORT-8384667F6B8E,DISCLOSED_PATH,True,True,True,96.451092,100,53.556619,0.96204,53.556619,0.96204,12.59209,1.921784,5165.594333,92.789963,6380.115333,175.838417,4999.94,0.0,8533.241667,92.789604,3367.648,0.0,905.021333,4.03534,0.0,0.0,0.0,0.0,0.0,0.0,0.0,0.0
KOBE_STEEL_JP,Kobe Steel,CAND-9DD8DD0C56A40D,P3,PORT-8384667F6B8E,ACCELERATED_15C,False,False,True,96.451092,100,41.508587,1.106067,41.508587,1.106067,13.626602,2.142097,4003.548667,106.681046,5317.849,182.337557,4999.94,0.0,8948.127,106.681606,4944.578,0.0,1177.507333,10.682264,-83.231305,1.047514,0.0,0.0,0.0,0.0,0.0,0.0
KOBE_STEEL_JP,Kobe Steel,CAND-7F0A690E87B72D,P2,PORT-8384667F6B8E,DISCLOSED_PATH,True,True,True,96.451092,100,55.524957,1.202042,55.524957,1.202042,15.750354,2.425114,5355.443,115.938354,6874.581667,221.898799,4999.94,0.0,8723.09,115.938354,3367.648,0.0,734.804667,0.933639,1.968338,0.240251,0.0,0.0,0.0,0.0,0.0,0.0
KOBE_STEEL_JP,Kobe Steel,CAND-7F0A690E87B72D,P2,PORT-8384667F6B8E,ACCELERATED_15C,False,False,True,96.451092,100,44.289138,1.419702,44.289138,1.419702,17.204511,2.710288,4271.735667,136.931644,5931.129667,231.751699,4999.94,0.0,9216.314,136.931493,4944.578,0.0,929.912333,4.164199,-80.450754,1.347479,0.0,0.0,0.0,0.0,0.0,0.0
KOBE_STEEL_JP,Kobe Steel,CAND-D80CE96AA3B5C1,P1,PORT-8384667F6B8E,DISCLOSED_PATH,True,True,True,96.451092,100,56.994798,1.369991,56.994798,1.369991,18.283242,2.905342,5497.210333,132.137117,7260.649,258.921737,4999.94,0.0,8864.858333,132.137117,3367.648,0.0,617.906,1.190513,3.438179,0.409805,0.0,0.0,0.0,0.0,0.0,0.0
KOBE_STEEL_JP,Kobe Steel,CAND-D80CE96AA3B5C1,P1,PORT-8384667F6B8E,ACCELERATED_15C,False,False,True,96.451092,100,46.283131,1.750009,46.283131,1.750009,20.162987,3.180177,4464.058333,168.790094,6408.800667,272.425704,4999.94,0.0,9408.636667,168.790654,4944.578,0.0,759.28,1.454616,-78.456761,1.656417,0.0,0.0,0.0,0.0,0.0,0.0
KOBE_STEEL_JP,Kobe Steel,CAND-B51B2DE2F2D28C,P4,PORT-8A59F01B884D,DISCLOSED_PATH,False,True,False,114.781594,100,139.006399,1.257699,139.006399,1.257699,19.008117,2.434266,15955.376,144.360755,18137.158,139.134945,5037.34,0.0,19951.487333,144.360379,3996.111,0.0,2689.644,6.817633,85.44978,0.469165,0.0,0.0,0.0,0.0,0.0,0.0
KOBE_STEEL_JP,Kobe Steel,CAND-B51B2DE2F2D28C,P4,PORT-8A59F01B884D,ACCELERATED_15C,True,True,True,114.781594,100,125.518572,1.539195,125.518572,1.539195,19.226574,2.51278,14407.221667,176.671409,16614.078333,128.041488,5037.34,0.0,20241.282667,176.671409,5834.061,0.0,3826.879,16.342802,0.778679,1.239459,0.0,0.0,0.0,0.0,0.0,0.0
KOBE_STEEL_JP,Kobe Steel,CAND-0E9003448A63C3,P7,PORT-F194BB679477,DISCLOSED_PATH,False,True,False,131.48782,100,151.061683,0.050172,151.061683,0.050172,1.566667,0.254436,19862.771333,6.597017,20068.769333,28.0935,6178.04,0.0,24450.729333,6.597017,4587.958,0.0,7400.085,2.296892,97.505064,0.914399,0.0,0.0,0.0,0.0,0.0,0.0
KOBE_STEEL_JP,Kobe Steel,CAND-0E9003448A63C3,P7,PORT-F194BB679477,ACCELERATED_15C,True,True,True,131.48782,100,124.974379,0.03972,124.974379,0.03972,1.376306,0.204167,16432.608667,5.222967,16613.576,23.825926,6178.04,0.0,23141.831667,5.222967,6709.223,0.0,10854.580667,4.390416,0.234486,0.406142,0.0,0.0,0.0,0.0,0.0,0.0
KOBE_STEEL_JP,Kobe Steel,CAND-C9A7A01CF97824,P6,PORT-6AF097B8F6F8,DISCLOSED_PATH,False,True,False,124.953456,100,154.988211,0.341351,154.988211,0.341351,5.448699,0.681383,19366.312333,42.652855,20047.146333,54.569138,6178.04,0.0,23721.853333,42.652855,4355.541,0.0,6306.164667,12.110807,101.431592,0.777911,0.0,0.0,0.0,0.0,0.0,0.0
KOBE_STEEL_JP,Kobe Steel,CAND-C9A7A01CF97824,P6,PORT-6AF097B8F6F8,ACCELERATED_15C,True,True,True,124.953456,100,131.802693,0.31349,131.802693,0.31349,4.912591,0.498469,16469.202,39.171575,17083.047333,47.331721,6178.04,0.0,22837.157,39.171575,6367.955,0.0,9216.022667,22.47558,7.0628,0.139725,0.0,0.0,0.0,0.0,0.0,0.0
KOBE_STEEL_JP,Kobe Steel,CAND-DDE822F7D41D2E,P5,PORT-0095E30DB97C,DISCLOSED_PATH,False,True,False,118.419093,100,164.968139,0.97442,164.968139,0.97442,13.373495,0.728403,19535.377,115.38986,21119.054333,73.466766,6178.04,0.0,23658.55,115.38986,4123.173,0.0,4721.822333,20.725444,111.41152,1.164253,0.0,0.0,0.0,0.0,0.0,0.0
KOBE_STEEL_JP,Kobe Steel,CAND-DDE822F7D41D2E,P5,PORT-0095E30DB97C,ACCELERATED_15C,True,True,True,118.419093,100,147.065287,0.909675,147.065287,0.909675,13.118517,0.679619,17415.338,107.722608,18968.820667,91.928664,6178.04,0.0,23439.128333,107.722907,6023.791,0.0,6844.418667,39.127029,22.325395,0.472204,0.0,0.0,0.0,0.0,0.0,0.0
KOBE_STEEL_JP,Kobe Steel,CAND-352C3A40240600,P4,PORT-0095E30DB97C,DISCLOSED_PATH,False,True,False,118.419093,100,174.948214,1.547055,174.948214,1.547055,22.859407,0.947699,20717.209,183.200904,23424.199,132.552794,6178.04,0.0,24840.381,183.200904,4123.173,0.0,3467.095667,6.974608,121.391595,1.472545,0.0,0.0,0.0,0.0,0.0,0.0
KOBE_STEEL_JP,Kobe Steel,CAND-352C3A40240600,P4,PORT-0095E30DB97C,ACCELERATED_15C,True,True,True,118.419093,100,162.253011,1.455608,162.253011,1.455608,23.479475,1.020938,19213.854333,172.372062,21994.272667,179.404282,6178.04,0.0,25237.645,172.371709,6023.791,0.0,4959.611333,34.035681,37.513118,1.019501,0.0,0.0,0.0,0.0,0.0,0.0
KOBE_STEEL_JP,Kobe Steel,CAND-17BC99375C7C5C,P1,PORT-3DA05887C62D,DISCLOSED_PATH,False,True,False,93.541093,100,13.394798,0.120995,13.394798,0.120995,9.3707,1.019455,1252.964,11.318075,2129.509333,84.748956,3859.24,0.0,4519.346667,11.3181,3266.383,0.0,422.454,3.578845,-40.161821,0.848586,0.0,0.0,0.0,0.0,0.0,0.0
KOBE_STEEL_JP,Kobe Steel,CAND-17BC99375C7C5C,P1,PORT-3DA05887C62D,ACCELERATED_15C,False,False,True,93.541093,100,-0.388061,0.173173,-0.388061,0.173173,9.60769,1.080349,-36.299667,16.199237,862.414,84.893354,3859.24,0.0,4756.88,16.198661,4793.18,0.0,507.116667,4.320497,-125.127953,0.359772,0.0,0.0,0.0,0.0,0.0,0.0
KOBE_STEEL_JP,Kobe Steel,CAND-202E0A81514742,P2,PORT-5EAB84C29074,DISCLOSED_PATH,False,False,True,85.5131,100,176.199738,1.197432,176.199738,1.197432,41.984392,4.366537,15067.385667,102.396292,18657.601333,290.636218,3997.29,0.0,18055.807,102.39592,2988.421,0.0,990.829,5.135063,122.643119,0.237558,0.0,0.0,0.0,0.0,0.0,0.0
KOBE_STEEL_JP,Kobe Steel,CAND-202E0A81514742,P2,PORT-5EAB84C29074,ACCELERATED_15C,False,False,True,85.5131,100,170.550927,1.703283,170.550927,1.703283,44.521434,4.045532,14584.338333,145.65267,18391.504333,249.945219,3997.29,0.0,18950.57,145.653115,4366.231,0.0,1343.646,3.652037,45.811035,1.661309,0.0,0.0,0.0,0.0,0.0,0.0
KOBE_STEEL_JP,Kobe Steel,CAND-20911E55FBB215,P3,PORT-661396C334A7,DISCLOSED_PATH,False,False,True,45.121088,100,83.742133,2.482377,83.742133,2.482377,19.666901,1.831704,3778.536333,112.007801,4665.928,130.964826,3925.79,0.0,5351.806333,112.007801,1573.27,0.0,631.939333,10.460246,30.185514,1.520495,0.0,0.0,0.0,0.0,0.0,0.0
KOBE_STEEL_JP,Kobe Steel,CAND-20911E55FBB215,P3,PORT-661396C334A7,ACCELERATED_15C,False,False,True,45.121088,100,72.255034,2.917915,72.255034,2.917915,20.966553,2.150569,3260.225667,131.65937,4206.259333,128.260107,3925.79,0.0,5588.057,131.65921,2327.831,0.0,859.884333,14.518394,-52.484859,2.803557,0.0,0.0,0.0,0.0,0.0,0.0
KOBE_STEEL_JP,Kobe Steel,CAND-344C7E39FA18A3,P1,PORT-661396C334A7,DISCLOSED_PATH,False,False,True,45.121088,100,90.128063,3.719031,90.128063,3.719031,28.505001,2.766518,4066.676,167.806555,5352.852667,187.100012,3925.79,0.0,5639.946,167.806555,1573.27,0.0,356.101,3.939849,36.571444,2.758391,0.0,0.0,0.0,0.0,0.0,0.0
KOBE_STEEL_JP,Kobe Steel,CAND-344C7E39FA18A3,P1,PORT-661396C334A7,ACCELERATED_15C,False,False,True,45.121088,100,81.671491,4.47552,81.671491,4.47552,31.759052,3.302446,3685.106667,201.94007,5118.109667,195.40854,3925.79,0.0,6012.937667,201.94007,2327.831,0.0,445.226667,4.926149,-43.068401,4.359454,0.0,0.0,0.0,0.0,0.0,0.0
KOBE_STEEL_JP,Kobe Steel,CAND-7994EC1E34FADB,P4,PORT-ED997010A5D3,DISCLOSED_PATH,False,False,False,93.684102,100,164.230071,0.883852,164.230071,0.883852,22.037322,2.315425,15385.746667,82.802985,17450.293333,136.700004,3997.29,0.0,18644.903333,82.802469,3259.156,0.0,2518.560667,11.693711,110.673452,0.563427,0.0,0.0,0.0,0.0,0.0,0.0
KOBE_STEEL_JP,Kobe Steel,CAND-7994EC1E34FADB,P4,PORT-ED997010A5D3,ACCELERATED_15C,False,False,True,93.684102,100,150.601495,1.028458,150.601495,1.028458,22.526051,2.601097,14108.965667,96.350372,16219.298333,154.070273,3997.29,0.0,18842.595,96.349992,4733.629,0.0,3626.979333,21.344628,25.861602,0.787471,0.0,0.0,0.0,0.0,0.0,0.0
KOBE_STEEL_JP,Kobe Steel,CAND-88A58A95717947,P1,PORT-5EAB84C29074,DISCLOSED_PATH,False,False,True,85.5131,100,181.276038,1.393755,181.276038,1.393755,48.460798,4.981663,15501.475667,119.184231,19645.509,331.119573,3997.29,0.0,18489.897333,119.184608,2988.421,0.0,554.883333,12.071754,127.719419,0.434109,0.0,0.0,0.0,0.0,0.0,0.0
KOBE_STEEL_JP,Kobe Steel,CAND-88A58A95717947,P1,PORT-5EAB84C29074,ACCELERATED_15C,False,False,True,85.5131,100,178.162333,2.011382,178.162333,2.011382,52.149782,4.709723,15235.213333,171.99914,19694.702667,289.612361,3997.29,0.0,19601.444667,171.999685,4366.231,0.0,693.707333,15.094467,53.422441,1.951877,0.0,0.0,0.0,0.0,0.0,0.0
KOBE_STEEL_JP,Kobe Steel,CAND-8D7AF2E68805C6,P3,PORT-5EAB84C29074,DISCLOSED_PATH,False,False,True,85.5131,100,168.833485,0.946241,168.833485,0.946241,33.306412,3.500163,14437.474667,80.916211,17285.609,232.83671,3997.29,0.0,17425.896,80.916008,2988.421,0.0,1638.992,18.151623,115.276866,0.022537,0.0,0.0,0.0,0.0,0.0,0.0
KOBE_STEEL_JP,Kobe Steel,CAND-8D7AF2E68805C6,P3,PORT-5EAB84C29074,ACCELERATED_15C,False,False,True,85.5131,100,159.427284,1.284625,159.427284,1.284625,34.454254,3.162846,13633.121,109.852465,16579.411333,195.901063,3997.29,0.0,17999.352667,109.851923,4366.231,0.0,2309.867667,9.613957,34.687391,1.25859,0.0,0.0,0.0,0.0,0.0,0.0
KOBE_STEEL_JP,Kobe Steel,CAND-9D068D97FB272C,P2,PORT-661396C334A7,DISCLOSED_PATH,False,False,True,45.121088,100,87.503679,3.17488,87.503679,3.17488,24.738059,2.346623,3948.261333,143.254157,5064.469333,163.587502,3925.79,0.0,5521.531333,143.254157,1573.27,0.0,468.821,6.341955,33.94706,2.213437,0.0,0.0,0.0,0.0,0.0,0.0
KOBE_STEEL_JP,Kobe Steel,CAND-9D068D97FB272C,P2,PORT-661396C334A7,ACCELERATED_15C,False,False,True,45.121088,100,77.808514,3.813308,77.808514,3.813308,27.121758,2.823722,3510.804667,172.060538,4734.568,166.403046,3925.79,0.0,5838.636333,172.060689,2327.831,0.0,614.637333,12.29523,-46.931379,3.699083,0.0,0.0,0.0,0.0,0.0,0.0
KOBE_STEEL_JP,Kobe Steel,CAND-B928C0FFDA3842,P1,PORT-D7B02E3224C4,DISCLOSED_PATH,False,False,True,76.663099,100,9.862589,0.052781,9.862589,0.052781,9.531579,0.944518,756.096667,4.045975,1486.817,75.821735,2819.19,0.0,3435.142333,4.046552,2679.046,0.0,255.459,5.572717,-43.69403,1.014208,0.0,0.0,0.0,0.0,0.0,0.0
KOBE_STEEL_JP,Kobe Steel,CAND-B928C0FFDA3842,P1,PORT-D7B02E3224C4,ACCELERATED_15C,False,False,True,76.663099,100,-4.126953,0.200557,-4.126953,0.200557,10.123034,1.521951,-316.385,15.375594,459.678333,103.486926,2819.19,0.0,3598.683333,15.37523,3915.068,0.0,306.716,6.695247,-128.866846,0.400232,0.0,0.0,0.0,0.0,0.0,0.0
KOBE_STEEL_JP,Kobe Steel,CAND-E9169FB41B03EE,P1,PORT-0CA13428C264,DISCLOSED_PATH,False,False,True,42.211089,100,-2.609721,0.306275,-2.609721,0.306275,6.746504,0.938403,-110.159333,12.928398,174.618,34.157283,2785.09,0.0,1361.845667,12.928398,1472.005,0.0,164.17,1.820456,-56.16634,0.658592,0.0,0.0,0.0,0.0,0.0,0.0
KOBE_STEEL_JP,Kobe Steel,CAND-E9169FB41B03EE,P1,PORT-0CA13428C264,ACCELERATED_15C,False,False,True,42.211089,100,-18.128483,0.402894,-18.128483,0.402894,6.973366,0.90865,-765.223333,17.006563,-470.869333,40.021725,2785.09,0.0,1411.209667,17.006563,2176.433,0.0,197.160333,2.179239,-142.868376,0.424327,0.0,0.0,0.0,0.0,0.0,0.0
KOBE_STEEL_JP,Kobe Steel,CAND-F3EC79559B1773,P1,PORT-B0BA3BE7A418,DISCLOSED_PATH,False,False,True,25.333096,100,-24.150782,0.129421,-24.150782,0.129421,1.953924,0.543449,-611.814,3.278421,-562.315333,11.146723,1745.04,0.0,272.854333,3.278985,884.668,0.0,1.228333,0.053426,-77.707401,1.026359,0.0,0.0,0.0,0.0,0.0,0.0
KOBE_STEEL_JP,Kobe Steel,CAND-F3EC79559B1773,P1,PORT-B0BA3BE7A418,ACCELERATED_15C,False,False,True,25.333096,100,-40.265624,0.117051,-40.265624,0.117051,1.96925,0.553812,-1020.053,2.96527,-970.165667,11.529226,1745.04,0.0,278.268,2.96527,1298.321,0.0,1.638,0.071896,-165.005517,0.371612,0.0,0.0,0.0,0.0,0.0,0.0
